════════════════════════════════════════════════════════════
  LoongForge pi05 Training (DDP)
  GPUs:       8 x 1 node(s)
  Model:      pi05
  Checkpoint: /raid0/fastwam/vla_artifacts/pi05/models/pi05_base
  Data:       /raid0/fastwam/vla_artifacts/pi05/datasets/libero
  Output:     /raid0/fastwam/experiments/pi05_powersgd_plus_ablation_start300_a800_100_1000_v1/attempts/lr_rank2_start300/attempt_1/lr_rank2_start300
════════════════════════════════════════════════════════════
W0823 00:38:26.950000 1253246 torch/distributed/run.py:766] 
W0823 00:38:26.950000 1253246 torch/distributed/run.py:766] *****************************************
W0823 00:38:26.950000 1253246 torch/distributed/run.py:766] Setting OMP_NUM_THREADS environment variable for each process to be 1 in default, to avoid your system being overloaded, please further tune the variable for optimal performance in your application as needed. 
W0823 00:38:26.950000 1253246 torch/distributed/run.py:766] *****************************************
fused_indices_to_multihot has reached end of life. Please migrate to a non-experimental function.
fused_indices_to_multihot has reached end of life. Please migrate to a non-experimental function.
fused_indices_to_multihot has reached end of life. Please migrate to a non-experimental function.
fused_indices_to_multihot has reached end of life. Please migrate to a non-experimental function.
fused_indices_to_multihot has reached end of life. Please migrate to a non-experimental function.
fused_indices_to_multihot has reached end of life. Please migrate to a non-experimental function.
fused_indices_to_multihot has reached end of life. Please migrate to a non-experimental function.
fused_indices_to_multihot has reached end of life. Please migrate to a non-experimental function.
INFO:loongforge.embodied.data.datasets.groot_n1_6.transforms.eagle3_model.processing_eagle3_vl:set VIDEO_TOTAL_PIXELS: 90316800
INFO:loongforge.embodied.data.datasets.groot_n1_6.transforms.eagle3_model.processing_eagle3_vl:set VIDEO_TOTAL_PIXELS: 90316800
INFO:loongforge.embodied.data.datasets.groot_n1_6.transforms.eagle3_model.processing_eagle3_vl:set VIDEO_TOTAL_PIXELS: 90316800
INFO:loongforge.embodied.data.datasets.groot_n1_6.transforms.eagle3_model.processing_eagle3_vl:set VIDEO_TOTAL_PIXELS: 90316800
INFO:loongforge.embodied.data.datasets.groot_n1_6.transforms.eagle3_model.processing_eagle3_vl:set VIDEO_TOTAL_PIXELS: 90316800
INFO:loongforge.embodied.data.datasets.groot_n1_6.transforms.eagle3_model.processing_eagle3_vl:set VIDEO_TOTAL_PIXELS: 90316800
INFO:loongforge.embodied.data.datasets.groot_n1_6.transforms.eagle3_model.processing_eagle3_vl:set VIDEO_TOTAL_PIXELS: 90316800
INFO:loongforge.embodied.data.datasets.groot_n1_6.transforms.eagle3_model.processing_eagle3_vl:set VIDEO_TOTAL_PIXELS: 90316800
[Gloo] Rank 0 is connected to 7 peer ranks. Expected number of connected peer ranks is : 7
[Gloo] Rank [Gloo] Rank [Gloo] Rank [Gloo] Rank [Gloo] Rank [Gloo] Rank [Gloo] Rank 1236475 is connected to  is connected to  is connected to  is connected to  is connected to  is connected to  is connected to 7777777 peer ranks.  peer ranks.  peer ranks.  peer ranks.  peer ranks.  peer ranks.  peer ranks. Expected number of connected peer ranks is : Expected number of connected peer ranks is : Expected number of connected peer ranks is : Expected number of connected peer ranks is : Expected number of connected peer ranks is : Expected number of connected peer ranks is : Expected number of connected peer ranks is : 7777777






bddx-inf-sci-k8s-a800-03849:1253314:1253314 [0] NCCL INFO NCCL_SOCKET_IFNAME set by environment to bond0
bddx-inf-sci-k8s-a800-03849:1253314:1253314 [0] NCCL INFO cudaDriverVersion 12090
bddx-inf-sci-k8s-a800-03849:1253314:1253314 [0] NCCL INFO NCCL version 2.27.3+cuda12.9
bddx-inf-sci-k8s-a800-03849:1253316:1253316 [2] NCCL INFO cudaDriverVersion 12090
bddx-inf-sci-k8s-a800-03849:1253321:1253321 [7] NCCL INFO cudaDriverVersion 12090
bddx-inf-sci-k8s-a800-03849:1253316:1253316 [2] NCCL INFO NCCL_SOCKET_IFNAME set by environment to bond0
bddx-inf-sci-k8s-a800-03849:1253321:1253321 [7] NCCL INFO NCCL_SOCKET_IFNAME set by environment to bond0
bddx-inf-sci-k8s-a800-03849:1253319:1253319 [5] NCCL INFO cudaDriverVersion 12090
bddx-inf-sci-k8s-a800-03849:1253316:1253316 [2] NCCL INFO NCCL version 2.27.3+cuda12.9
bddx-inf-sci-k8s-a800-03849:1253321:1253321 [7] NCCL INFO NCCL version 2.27.3+cuda12.9
bddx-inf-sci-k8s-a800-03849:1253319:1253319 [5] NCCL INFO NCCL_SOCKET_IFNAME set by environment to bond0
bddx-inf-sci-k8s-a800-03849:1253316:1253316 [2] NCCL INFO Comm config Blocking set to 1
bddx-inf-sci-k8s-a800-03849:1253319:1253319 [5] NCCL INFO NCCL version 2.27.3+cuda12.9
bddx-inf-sci-k8s-a800-03849:1253321:1253321 [7] NCCL INFO Comm config Blocking set to 1
bddx-inf-sci-k8s-a800-03849:1253319:1253319 [5] NCCL INFO Comm config Blocking set to 1
bddx-inf-sci-k8s-a800-03849:1253320:1253320 [6] NCCL INFO cudaDriverVersion 12090
bddx-inf-sci-k8s-a800-03849:1253320:1253320 [6] NCCL INFO NCCL_SOCKET_IFNAME set by environment to bond0
bddx-inf-sci-k8s-a800-03849:1253320:1253320 [6] NCCL INFO NCCL version 2.27.3+cuda12.9
bddx-inf-sci-k8s-a800-03849:1253315:1253315 [1] NCCL INFO cudaDriverVersion 12090
bddx-inf-sci-k8s-a800-03849:1253318:1253318 [4] NCCL INFO cudaDriverVersion 12090
bddx-inf-sci-k8s-a800-03849:1253317:1253317 [3] NCCL INFO cudaDriverVersion 12090
bddx-inf-sci-k8s-a800-03849:1253315:1253315 [1] NCCL INFO NCCL_SOCKET_IFNAME set by environment to bond0
bddx-inf-sci-k8s-a800-03849:1253318:1253318 [4] NCCL INFO NCCL_SOCKET_IFNAME set by environment to bond0
bddx-inf-sci-k8s-a800-03849:1253317:1253317 [3] NCCL INFO NCCL_SOCKET_IFNAME set by environment to bond0
bddx-inf-sci-k8s-a800-03849:1253320:1253320 [6] NCCL INFO Comm config Blocking set to 1
bddx-inf-sci-k8s-a800-03849:1253315:1253315 [1] NCCL INFO NCCL version 2.27.3+cuda12.9
bddx-inf-sci-k8s-a800-03849:1253317:1253317 [3] NCCL INFO NCCL version 2.27.3+cuda12.9
bddx-inf-sci-k8s-a800-03849:1253318:1253318 [4] NCCL INFO NCCL version 2.27.3+cuda12.9
bddx-inf-sci-k8s-a800-03849:1253315:1253315 [1] NCCL INFO Comm config Blocking set to 1
bddx-inf-sci-k8s-a800-03849:1253317:1253317 [3] NCCL INFO Comm config Blocking set to 1
bddx-inf-sci-k8s-a800-03849:1253318:1253318 [4] NCCL INFO Comm config Blocking set to 1
bddx-inf-sci-k8s-a800-03849:1253314:1253314 [0] NCCL INFO Comm config Blocking set to 1
bddx-inf-sci-k8s-a800-03849:1253321:1254279 [7] NCCL INFO NET/Plugin: Plugin name set by env to libnccl-net.so
bddx-inf-sci-k8s-a800-03849:1253321:1254279 [7] NCCL INFO NET/Plugin: Loaded net plugin NCCL RDMA Plugin v10 (v10)
bddx-inf-sci-k8s-a800-03849:1253321:1254279 [7] NCCL INFO NET/Plugin: Loaded collnet plugin NCCL RDMA Plugin v10 (v10)
bddx-inf-sci-k8s-a800-03849:1253321:1254279 [7] NCCL INFO Successfully loaded external plugin libnccl-net.so
bddx-inf-sci-k8s-a800-03849:1253321:1254279 [7] NCCL INFO Plugin Path : /opt/hpcx/nccl_rdma_sharp_plugin/lib/libnccl-net.so
bddx-inf-sci-k8s-a800-03849:1253321:1254279 [7] NCCL INFO P2P plugin v10 IBext_v10
bddx-inf-sci-k8s-a800-03849:1253321:1254279 [7] NCCL INFO NCCL_SOCKET_IFNAME set by environment to bond0
bddx-inf-sci-k8s-a800-03849:1253316:1254278 [2] NCCL INFO NET/Plugin: Plugin name set by env to libnccl-net.so
bddx-inf-sci-k8s-a800-03849:1253316:1254278 [2] NCCL INFO NET/Plugin: Loaded net plugin NCCL RDMA Plugin v10 (v10)
bddx-inf-sci-k8s-a800-03849:1253316:1254278 [2] NCCL INFO NET/Plugin: Loaded collnet plugin NCCL RDMA Plugin v10 (v10)
bddx-inf-sci-k8s-a800-03849:1253316:1254278 [2] NCCL INFO Successfully loaded external plugin libnccl-net.so
bddx-inf-sci-k8s-a800-03849:1253316:1254278 [2] NCCL INFO Plugin Path : /opt/hpcx/nccl_rdma_sharp_plugin/lib/libnccl-net.so
bddx-inf-sci-k8s-a800-03849:1253316:1254278 [2] NCCL INFO P2P plugin v10 IBext_v10
bddx-inf-sci-k8s-a800-03849:1253316:1254278 [2] NCCL INFO NCCL_SOCKET_IFNAME set by environment to bond0
bddx-inf-sci-k8s-a800-03849:1253319:1254280 [5] NCCL INFO NET/Plugin: Plugin name set by env to libnccl-net.so
bddx-inf-sci-k8s-a800-03849:1253319:1254280 [5] NCCL INFO NET/Plugin: Loaded net plugin NCCL RDMA Plugin v10 (v10)
bddx-inf-sci-k8s-a800-03849:1253319:1254280 [5] NCCL INFO NET/Plugin: Loaded collnet plugin NCCL RDMA Plugin v10 (v10)
bddx-inf-sci-k8s-a800-03849:1253319:1254280 [5] NCCL INFO Successfully loaded external plugin libnccl-net.so
bddx-inf-sci-k8s-a800-03849:1253319:1254280 [5] NCCL INFO Plugin Path : /opt/hpcx/nccl_rdma_sharp_plugin/lib/libnccl-net.so
bddx-inf-sci-k8s-a800-03849:1253319:1254280 [5] NCCL INFO P2P plugin v10 IBext_v10
bddx-inf-sci-k8s-a800-03849:1253319:1254280 [5] NCCL INFO NCCL_SOCKET_IFNAME set by environment to bond0
bddx-inf-sci-k8s-a800-03849:1253319:1254280 [5] NCCL INFO NCCL_IB_ADAPTIVE_ROUTING set by environment to 0.
bddx-inf-sci-k8s-a800-03849:1253320:1254281 [6] NCCL INFO NET/Plugin: Plugin name set by env to libnccl-net.so
bddx-inf-sci-k8s-a800-03849:1253320:1254281 [6] NCCL INFO NET/Plugin: Loaded net plugin NCCL RDMA Plugin v10 (v10)
bddx-inf-sci-k8s-a800-03849:1253320:1254281 [6] NCCL INFO NET/Plugin: Loaded collnet plugin NCCL RDMA Plugin v10 (v10)
bddx-inf-sci-k8s-a800-03849:1253320:1254281 [6] NCCL INFO Successfully loaded external plugin libnccl-net.so
bddx-inf-sci-k8s-a800-03849:1253320:1254281 [6] NCCL INFO Plugin Path : /opt/hpcx/nccl_rdma_sharp_plugin/lib/libnccl-net.so
bddx-inf-sci-k8s-a800-03849:1253320:1254281 [6] NCCL INFO P2P plugin v10 IBext_v10
bddx-inf-sci-k8s-a800-03849:1253320:1254281 [6] NCCL INFO NCCL_SOCKET_IFNAME set by environment to bond0
bddx-inf-sci-k8s-a800-03849:1253317:1254283 [3] NCCL INFO NET/Plugin: Plugin name set by env to libnccl-net.so
bddx-inf-sci-k8s-a800-03849:1253317:1254283 [3] NCCL INFO NET/Plugin: Loaded net plugin NCCL RDMA Plugin v10 (v10)
bddx-inf-sci-k8s-a800-03849:1253317:1254283 [3] NCCL INFO NET/Plugin: Loaded collnet plugin NCCL RDMA Plugin v10 (v10)
bddx-inf-sci-k8s-a800-03849:1253317:1254283 [3] NCCL INFO Successfully loaded external plugin libnccl-net.so
bddx-inf-sci-k8s-a800-03849:1253317:1254283 [3] NCCL INFO Plugin Path : /opt/hpcx/nccl_rdma_sharp_plugin/lib/libnccl-net.so
bddx-inf-sci-k8s-a800-03849:1253317:1254283 [3] NCCL INFO P2P plugin v10 IBext_v10
bddx-inf-sci-k8s-a800-03849:1253317:1254283 [3] NCCL INFO NCCL_SOCKET_IFNAME set by environment to bond0
bddx-inf-sci-k8s-a800-03849:1253315:1254282 [1] NCCL INFO NET/Plugin: Plugin name set by env to libnccl-net.so
bddx-inf-sci-k8s-a800-03849:1253315:1254282 [1] NCCL INFO NET/Plugin: Loaded net plugin NCCL RDMA Plugin v10 (v10)
bddx-inf-sci-k8s-a800-03849:1253315:1254282 [1] NCCL INFO NET/Plugin: Loaded collnet plugin NCCL RDMA Plugin v10 (v10)
bddx-inf-sci-k8s-a800-03849:1253315:1254282 [1] NCCL INFO Successfully loaded external plugin libnccl-net.so
bddx-inf-sci-k8s-a800-03849:1253315:1254282 [1] NCCL INFO Plugin Path : /opt/hpcx/nccl_rdma_sharp_plugin/lib/libnccl-net.so
bddx-inf-sci-k8s-a800-03849:1253315:1254282 [1] NCCL INFO P2P plugin v10 IBext_v10
bddx-inf-sci-k8s-a800-03849:1253315:1254282 [1] NCCL INFO NCCL_SOCKET_IFNAME set by environment to bond0
bddx-inf-sci-k8s-a800-03849:1253318:1254284 [4] NCCL INFO NET/Plugin: Plugin name set by env to libnccl-net.so
bddx-inf-sci-k8s-a800-03849:1253318:1254284 [4] NCCL INFO NET/Plugin: Loaded net plugin NCCL RDMA Plugin v10 (v10)
bddx-inf-sci-k8s-a800-03849:1253318:1254284 [4] NCCL INFO NET/Plugin: Loaded collnet plugin NCCL RDMA Plugin v10 (v10)
bddx-inf-sci-k8s-a800-03849:1253318:1254284 [4] NCCL INFO Successfully loaded external plugin libnccl-net.so
bddx-inf-sci-k8s-a800-03849:1253318:1254284 [4] NCCL INFO Plugin Path : /opt/hpcx/nccl_rdma_sharp_plugin/lib/libnccl-net.so
bddx-inf-sci-k8s-a800-03849:1253318:1254284 [4] NCCL INFO P2P plugin v10 IBext_v10
bddx-inf-sci-k8s-a800-03849:1253318:1254284 [4] NCCL INFO NCCL_SOCKET_IFNAME set by environment to bond0
bddx-inf-sci-k8s-a800-03849:1253320:1254281 [6] NCCL INFO NCCL_IB_ADAPTIVE_ROUTING set by environment to 0.
bddx-inf-sci-k8s-a800-03849:1253315:1254282 [1] NCCL INFO NCCL_IB_ADAPTIVE_ROUTING set by environment to 0.
bddx-inf-sci-k8s-a800-03849:1253318:1254284 [4] NCCL INFO NCCL_IB_ADAPTIVE_ROUTING set by environment to 0.
bddx-inf-sci-k8s-a800-03849:1253321:1254279 [7] NCCL INFO NCCL_IB_ADAPTIVE_ROUTING set by environment to 0.
bddx-inf-sci-k8s-a800-03849:1253316:1254278 [2] NCCL INFO NCCL_IB_ADAPTIVE_ROUTING set by environment to 0.
bddx-inf-sci-k8s-a800-03849:1253317:1254283 [3] NCCL INFO NCCL_IB_ADAPTIVE_ROUTING set by environment to 0.
bddx-inf-sci-k8s-a800-03849:1253314:1254285 [0] NCCL INFO NET/Plugin: Plugin name set by env to libnccl-net.so
bddx-inf-sci-k8s-a800-03849:1253314:1254285 [0] NCCL INFO NET/Plugin: Loaded net plugin NCCL RDMA Plugin v10 (v10)
bddx-inf-sci-k8s-a800-03849:1253314:1254285 [0] NCCL INFO NET/Plugin: Loaded collnet plugin NCCL RDMA Plugin v10 (v10)
bddx-inf-sci-k8s-a800-03849:1253314:1254285 [0] NCCL INFO Successfully loaded external plugin libnccl-net.so
bddx-inf-sci-k8s-a800-03849:1253314:1254285 [0] NCCL INFO Plugin Path : /opt/hpcx/nccl_rdma_sharp_plugin/lib/libnccl-net.so
bddx-inf-sci-k8s-a800-03849:1253314:1254285 [0] NCCL INFO P2P plugin v10 IBext_v10
bddx-inf-sci-k8s-a800-03849:1253314:1254285 [0] NCCL INFO NCCL_SOCKET_IFNAME set by environment to bond0
bddx-inf-sci-k8s-a800-03849:1253314:1254285 [0] NCCL INFO NCCL_IB_ADAPTIVE_ROUTING set by environment to 0.
bddx-inf-sci-k8s-a800-03849:1253320:1254281 [6] NCCL INFO NET/IB : Using [0]mlx5_2:1/RoCE [1]mlx5_3:1/RoCE [2]mlx5_4:1/RoCE [3]mlx5_5:1/RoCE [4]mlx5_6:1/RoCE [5]mlx5_7:1/RoCE [6]mlx5_8:1/RoCE [7]mlx5_9:1/RoCE [RO]; OOB bond0:10.206.118.11<0>
bddx-inf-sci-k8s-a800-03849:1253320:1254281 [6] NCCL INFO Initialized NET plugin IBext_v10
bddx-inf-sci-k8s-a800-03849:1253320:1254281 [6] NCCL INFO Assigned NET plugin IBext_v10 to comm
bddx-inf-sci-k8s-a800-03849:1253320:1254281 [6] NCCL INFO Using network IBext_v10
bddx-inf-sci-k8s-a800-03849:1253320:1254281 [6] NCCL INFO ncclCommInitRankConfig comm 0x11e29870 rank 6 nranks 8 cudaDev 6 nvmlDev 6 busId c5000 commId 0x3e5666c34e4c6d43 - Init START
bddx-inf-sci-k8s-a800-03849:1253316:1254278 [2] NCCL INFO NET/IB : Using [0]mlx5_2:1/RoCE [1]mlx5_3:1/RoCE [2]mlx5_4:1/RoCE [3]mlx5_5:1/RoCE [4]mlx5_6:1/RoCE [5]mlx5_7:1/RoCE [6]mlx5_8:1/RoCE [7]mlx5_9:1/RoCE [RO]; OOB bond0:10.206.118.11<0>
bddx-inf-sci-k8s-a800-03849:1253316:1254278 [2] NCCL INFO Initialized NET plugin IBext_v10
bddx-inf-sci-k8s-a800-03849:1253319:1254280 [5] NCCL INFO NET/IB : Using [0]mlx5_2:1/RoCE [1]mlx5_3:1/RoCE [2]mlx5_4:1/RoCE [3]mlx5_5:1/RoCE [4]mlx5_6:1/RoCE [5]mlx5_7:1/RoCE [6]mlx5_8:1/RoCE [7]mlx5_9:1/RoCE [RO]; OOB bond0:10.206.118.11<0>
bddx-inf-sci-k8s-a800-03849:1253319:1254280 [5] NCCL INFO Initialized NET plugin IBext_v10
bddx-inf-sci-k8s-a800-03849:1253316:1254278 [2] NCCL INFO Assigned NET plugin IBext_v10 to comm
bddx-inf-sci-k8s-a800-03849:1253316:1254278 [2] NCCL INFO Using network IBext_v10
bddx-inf-sci-k8s-a800-03849:1253319:1254280 [5] NCCL INFO Assigned NET plugin IBext_v10 to comm
bddx-inf-sci-k8s-a800-03849:1253319:1254280 [5] NCCL INFO Using network IBext_v10
bddx-inf-sci-k8s-a800-03849:1253317:1254283 [3] NCCL INFO NET/IB : Using [0]mlx5_2:1/RoCE [1]mlx5_3:1/RoCE [2]mlx5_4:1/RoCE [3]mlx5_5:1/RoCE [4]mlx5_6:1/RoCE [5]mlx5_7:1/RoCE [6]mlx5_8:1/RoCE [7]mlx5_9:1/RoCE [RO]; OOB bond0:10.206.118.11<0>
bddx-inf-sci-k8s-a800-03849:1253317:1254283 [3] NCCL INFO Initialized NET plugin IBext_v10
bddx-inf-sci-k8s-a800-03849:1253317:1254283 [3] NCCL INFO Assigned NET plugin IBext_v10 to comm
bddx-inf-sci-k8s-a800-03849:1253317:1254283 [3] NCCL INFO Using network IBext_v10
bddx-inf-sci-k8s-a800-03849:1253315:1254282 [1] NCCL INFO NET/IB : Using [0]mlx5_2:1/RoCE [1]mlx5_3:1/RoCE [2]mlx5_4:1/RoCE [3]mlx5_5:1/RoCE [4]mlx5_6:1/RoCE [5]mlx5_7:1/RoCE [6]mlx5_8:1/RoCE [7]mlx5_9:1/RoCE [RO]; OOB bond0:10.206.118.11<0>
bddx-inf-sci-k8s-a800-03849:1253315:1254282 [1] NCCL INFO Initialized NET plugin IBext_v10
bddx-inf-sci-k8s-a800-03849:1253315:1254282 [1] NCCL INFO Assigned NET plugin IBext_v10 to comm
bddx-inf-sci-k8s-a800-03849:1253315:1254282 [1] NCCL INFO Using network IBext_v10
bddx-inf-sci-k8s-a800-03849:1253321:1254279 [7] NCCL INFO NET/IB : Using [0]mlx5_2:1/RoCE [1]mlx5_3:1/RoCE [2]mlx5_4:1/RoCE [3]mlx5_5:1/RoCE [4]mlx5_6:1/RoCE [5]mlx5_7:1/RoCE [6]mlx5_8:1/RoCE [7]mlx5_9:1/RoCE [RO]; OOB bond0:10.206.118.11<0>
bddx-inf-sci-k8s-a800-03849:1253321:1254279 [7] NCCL INFO Initialized NET plugin IBext_v10
bddx-inf-sci-k8s-a800-03849:1253321:1254279 [7] NCCL INFO Assigned NET plugin IBext_v10 to comm
bddx-inf-sci-k8s-a800-03849:1253321:1254279 [7] NCCL INFO Using network IBext_v10
bddx-inf-sci-k8s-a800-03849:1253316:1254278 [2] NCCL INFO ncclCommInitRankConfig comm 0x11a07cb0 rank 2 nranks 8 cudaDev 2 nvmlDev 2 busId 49000 commId 0x3e5666c34e4c6d43 - Init START
bddx-inf-sci-k8s-a800-03849:1253314:1254285 [0] NCCL INFO NET/IB : Using [0]mlx5_2:1/RoCE [1]mlx5_3:1/RoCE [2]mlx5_4:1/RoCE [3]mlx5_5:1/RoCE [4]mlx5_6:1/RoCE [5]mlx5_7:1/RoCE [6]mlx5_8:1/RoCE [7]mlx5_9:1/RoCE [RO]; OOB bond0:10.206.118.11<0>
bddx-inf-sci-k8s-a800-03849:1253314:1254285 [0] NCCL INFO Initialized NET plugin IBext_v10
bddx-inf-sci-k8s-a800-03849:1253314:1254285 [0] NCCL INFO Assigned NET plugin IBext_v10 to comm
bddx-inf-sci-k8s-a800-03849:1253314:1254285 [0] NCCL INFO Using network IBext_v10
bddx-inf-sci-k8s-a800-03849:1253319:1254280 [5] NCCL INFO ncclCommInitRankConfig comm 0x12169a60 rank 5 nranks 8 cudaDev 5 nvmlDev 5 busId 8e000 commId 0x3e5666c34e4c6d43 - Init START
bddx-inf-sci-k8s-a800-03849:1253318:1254284 [4] NCCL INFO NET/IB : Using [0]mlx5_2:1/RoCE [1]mlx5_3:1/RoCE [2]mlx5_4:1/RoCE [3]mlx5_5:1/RoCE [4]mlx5_6:1/RoCE [5]mlx5_7:1/RoCE [6]mlx5_8:1/RoCE [7]mlx5_9:1/RoCE [RO]; OOB bond0:10.206.118.11<0>
bddx-inf-sci-k8s-a800-03849:1253318:1254284 [4] NCCL INFO Initialized NET plugin IBext_v10
bddx-inf-sci-k8s-a800-03849:1253318:1254284 [4] NCCL INFO Assigned NET plugin IBext_v10 to comm
bddx-inf-sci-k8s-a800-03849:1253318:1254284 [4] NCCL INFO Using network IBext_v10
bddx-inf-sci-k8s-a800-03849:1253317:1254283 [3] NCCL INFO ncclCommInitRankConfig comm 0x12ff2e30 rank 3 nranks 8 cudaDev 3 nvmlDev 3 busId 4d000 commId 0x3e5666c34e4c6d43 - Init START
bddx-inf-sci-k8s-a800-03849:1253321:1254279 [7] NCCL INFO ncclCommInitRankConfig comm 0x136381a0 rank 7 nranks 8 cudaDev 7 nvmlDev 7 busId c9000 commId 0x3e5666c34e4c6d43 - Init START
bddx-inf-sci-k8s-a800-03849:1253315:1254282 [1] NCCL INFO ncclCommInitRankConfig comm 0x118c57b0 rank 1 nranks 8 cudaDev 1 nvmlDev 1 busId 18000 commId 0x3e5666c34e4c6d43 - Init START
bddx-inf-sci-k8s-a800-03849:1253314:1254285 [0] NCCL INFO ncclCommInitRankConfig comm 0x11f77570 rank 0 nranks 8 cudaDev 0 nvmlDev 0 busId 12000 commId 0x3e5666c34e4c6d43 - Init START
bddx-inf-sci-k8s-a800-03849:1253318:1254284 [4] NCCL INFO ncclCommInitRankConfig comm 0x12394d50 rank 4 nranks 8 cudaDev 4 nvmlDev 4 busId 89000 commId 0x3e5666c34e4c6d43 - Init START
bddx-inf-sci-k8s-a800-03849:1253320:1254281 [6] NCCL INFO RAS client listening socket at 127.0.0.1<28028>
bddx-inf-sci-k8s-a800-03849:1253316:1254278 [2] NCCL INFO RAS client listening socket at 127.0.0.1<28028>
bddx-inf-sci-k8s-a800-03849:1253318:1254284 [4] NCCL INFO RAS client listening socket at 127.0.0.1<28028>
bddx-inf-sci-k8s-a800-03849:1253314:1254285 [0] NCCL INFO RAS client listening socket at 127.0.0.1<28028>
bddx-inf-sci-k8s-a800-03849:1253315:1254282 [1] NCCL INFO RAS client listening socket at 127.0.0.1<28028>
bddx-inf-sci-k8s-a800-03849:1253317:1254283 [3] NCCL INFO RAS client listening socket at 127.0.0.1<28028>
bddx-inf-sci-k8s-a800-03849:1253321:1254279 [7] NCCL INFO RAS client listening socket at 127.0.0.1<28028>
bddx-inf-sci-k8s-a800-03849:1253319:1254280 [5] NCCL INFO RAS client listening socket at 127.0.0.1<28028>
bddx-inf-sci-k8s-a800-03849:1253314:1254285 [0] NCCL INFO TOPO/NET : Importing network plugins to topology
bddx-inf-sci-k8s-a800-03849:1253314:1254285 [0] NCCL INFO Retrieving state for IBext_v10
bddx-inf-sci-k8s-a800-03849:1253314:1254285 [0] NCCL INFO Initialized state 0 for IBext_v10
bddx-inf-sci-k8s-a800-03849:1253314:1254285 [0] NCCL INFO ncclTopoPopulateNics : Filled mlx5_2 in topo with pciPath=/sys/devices/pci0000:0b/0000:0b:02.0/0000:0c:00.0/0000:0d:08.0/0000:1d:00.0/0000:1e:00.0/0000:1f:00.0 keep=1 coll=(null)
bddx-inf-sci-k8s-a800-03849:1253314:1254285 [0] NCCL INFO ncclTopoPopulateNics : Filled mlx5_3 in topo with pciPath=/sys/devices/pci0000:0b/0000:0b:02.0/0000:0c:00.0/0000:0d:08.0/0000:1d:00.0/0000:1e:00.0/0000:1f:00.1 keep=1 coll=(null)
bddx-inf-sci-k8s-a800-03849:1253314:1254285 [0] NCCL INFO ncclTopoPopulateNics : Filled mlx5_4 in topo with pciPath=/sys/devices/pci0000:42/0000:42:02.0/0000:43:00.0/0000:44:08.0/0000:5d:00.0/0000:5e:00.0/0000:5f:00.0 keep=1 coll=(null)
bddx-inf-sci-k8s-a800-03849:1253314:1254285 [0] NCCL INFO ncclTopoPopulateNics : Filled mlx5_5 in topo with pciPath=/sys/devices/pci0000:42/0000:42:02.0/0000:43:00.0/0000:44:08.0/0000:5d:00.0/0000:5e:00.0/0000:5f:00.1 keep=1 coll=(null)
bddx-inf-sci-k8s-a800-03849:1253316:1254278 [2] NCCL INFO TOPO/NET : Importing network plugins to topology
bddx-inf-sci-k8s-a800-03849:1253316:1254278 [2] NCCL INFO Retrieving state for IBext_v10
bddx-inf-sci-k8s-a800-03849:1253316:1254278 [2] NCCL INFO Initialized state 0 for IBext_v10
bddx-inf-sci-k8s-a800-03849:1253314:1254285 [0] NCCL INFO ncclTopoPopulateNics : Filled mlx5_6 in topo with pciPath=/sys/devices/pci0000:82/0000:82:02.0/0000:83:00.0/0000:84:08.0/0000:93:00.0/0000:94:00.0/0000:95:00.0 keep=1 coll=(null)
bddx-inf-sci-k8s-a800-03849:1253316:1254278 [2] NCCL INFO ncclTopoPopulateNics : Filled mlx5_2 in topo with pciPath=/sys/devices/pci0000:0b/0000:0b:02.0/0000:0c:00.0/0000:0d:08.0/0000:1d:00.0/0000:1e:00.0/0000:1f:00.0 keep=1 coll=(null)
bddx-inf-sci-k8s-a800-03849:1253314:1254285 [0] NCCL INFO ncclTopoPopulateNics : Filled mlx5_7 in topo with pciPath=/sys/devices/pci0000:82/0000:82:02.0/0000:83:00.0/0000:84:08.0/0000:93:00.0/0000:94:00.0/0000:95:00.1 keep=1 coll=(null)
bddx-inf-sci-k8s-a800-03849:1253316:1254278 [2] NCCL INFO ncclTopoPopulateNics : Filled mlx5_3 in topo with pciPath=/sys/devices/pci0000:0b/0000:0b:02.0/0000:0c:00.0/0000:0d:08.0/0000:1d:00.0/0000:1e:00.0/0000:1f:00.1 keep=1 coll=(null)
bddx-inf-sci-k8s-a800-03849:1253314:1254285 [0] NCCL INFO ncclTopoPopulateNics : Filled mlx5_8 in topo with pciPath=/sys/devices/pci0000:be/0000:be:02.0/0000:bf:00.0/0000:c0:04.0/0000:ca:00.0/0000:cb:10.0/0000:cc:00.0 keep=1 coll=(null)
bddx-inf-sci-k8s-a800-03849:1253316:1254278 [2] NCCL INFO ncclTopoPopulateNics : Filled mlx5_4 in topo with pciPath=/sys/devices/pci0000:42/0000:42:02.0/0000:43:00.0/0000:44:08.0/0000:5d:00.0/0000:5e:00.0/0000:5f:00.0 keep=1 coll=(null)
bddx-inf-sci-k8s-a800-03849:1253314:1254285 [0] NCCL INFO ncclTopoPopulateNics : Filled mlx5_9 in topo with pciPath=/sys/devices/pci0000:be/0000:be:02.0/0000:bf:00.0/0000:c0:04.0/0000:ca:00.0/0000:cb:10.0/0000:cc:00.1 keep=1 coll=(null)
bddx-inf-sci-k8s-a800-03849:1253314:1254285 [0] NCCL INFO TOPO/NET : Made vNic 8
bddx-inf-sci-k8s-a800-03849:1253314:1254285 [0] NCCL INFO TOPO/NET : Made vNic 9
bddx-inf-sci-k8s-a800-03849:1253314:1254285 [0] NCCL INFO TOPO/NET : Made vNic 10
bddx-inf-sci-k8s-a800-03849:1253314:1254285 [0] NCCL INFO TOPO/NET : Made vNic 11
bddx-inf-sci-k8s-a800-03849:1253314:1254285 [0] NCCL INFO ncclTopoPopulateNics : Filled mlx5_2+mlx5_3 in topo with pciPath=/sys/devices/pci0000:0b/0000:0b:02.0/0000:0c:00.0/0000:0d:08.0/0000:1d:00.0/0000:1e:00.0/0000:1f:00.0 keep=1 coll=(null)
bddx-inf-sci-k8s-a800-03849:1253314:1254285 [0] NCCL INFO ncclTopoPopulateNics : Filled mlx5_4+mlx5_5 in topo with pciPath=/sys/devices/pci0000:42/0000:42:02.0/0000:43:00.0/0000:44:08.0/0000:5d:00.0/0000:5e:00.0/0000:5f:00.0 keep=1 coll=(null)
bddx-inf-sci-k8s-a800-03849:1253314:1254285 [0] NCCL INFO ncclTopoPopulateNics : Filled mlx5_6+mlx5_7 in topo with pciPath=/sys/devices/pci0000:82/0000:82:02.0/0000:83:00.0/0000:84:08.0/0000:93:00.0/0000:94:00.0/0000:95:00.0 keep=1 coll=(null)
bddx-inf-sci-k8s-a800-03849:1253316:1254278 [2] NCCL INFO ncclTopoPopulateNics : Filled mlx5_5 in topo with pciPath=/sys/devices/pci0000:42/0000:42:02.0/0000:43:00.0/0000:44:08.0/0000:5d:00.0/0000:5e:00.0/0000:5f:00.1 keep=1 coll=(null)
bddx-inf-sci-k8s-a800-03849:1253314:1254285 [0] NCCL INFO ncclTopoPopulateNics : Filled mlx5_8+mlx5_9 in topo with pciPath=/sys/devices/pci0000:be/0000:be:02.0/0000:bf:00.0/0000:c0:04.0/0000:ca:00.0/0000:cb:10.0/0000:cc:00.0 keep=1 coll=(null)
bddx-inf-sci-k8s-a800-03849:1253316:1254278 [2] NCCL INFO ncclTopoPopulateNics : Filled mlx5_6 in topo with pciPath=/sys/devices/pci0000:82/0000:82:02.0/0000:83:00.0/0000:84:08.0/0000:93:00.0/0000:94:00.0/0000:95:00.0 keep=1 coll=(null)
bddx-inf-sci-k8s-a800-03849:1253316:1254278 [2] NCCL INFO ncclTopoPopulateNics : Filled mlx5_7 in topo with pciPath=/sys/devices/pci0000:82/0000:82:02.0/0000:83:00.0/0000:84:08.0/0000:93:00.0/0000:94:00.0/0000:95:00.1 keep=1 coll=(null)
bddx-inf-sci-k8s-a800-03849:1253316:1254278 [2] NCCL INFO ncclTopoPopulateNics : Filled mlx5_8 in topo with pciPath=/sys/devices/pci0000:be/0000:be:02.0/0000:bf:00.0/0000:c0:04.0/0000:ca:00.0/0000:cb:10.0/0000:cc:00.0 keep=1 coll=(null)
bddx-inf-sci-k8s-a800-03849:1253316:1254278 [2] NCCL INFO ncclTopoPopulateNics : Filled mlx5_9 in topo with pciPath=/sys/devices/pci0000:be/0000:be:02.0/0000:bf:00.0/0000:c0:04.0/0000:ca:00.0/0000:cb:10.0/0000:cc:00.1 keep=1 coll=(null)
bddx-inf-sci-k8s-a800-03849:1253316:1254278 [2] NCCL INFO TOPO/NET : Made vNic 8
bddx-inf-sci-k8s-a800-03849:1253316:1254278 [2] NCCL INFO TOPO/NET : Made vNic 9
bddx-inf-sci-k8s-a800-03849:1253316:1254278 [2] NCCL INFO TOPO/NET : Made vNic 10
bddx-inf-sci-k8s-a800-03849:1253316:1254278 [2] NCCL INFO TOPO/NET : Made vNic 11
bddx-inf-sci-k8s-a800-03849:1253316:1254278 [2] NCCL INFO ncclTopoPopulateNics : Filled mlx5_2+mlx5_3 in topo with pciPath=/sys/devices/pci0000:0b/0000:0b:02.0/0000:0c:00.0/0000:0d:08.0/0000:1d:00.0/0000:1e:00.0/0000:1f:00.0 keep=1 coll=(null)
bddx-inf-sci-k8s-a800-03849:1253316:1254278 [2] NCCL INFO ncclTopoPopulateNics : Filled mlx5_4+mlx5_5 in topo with pciPath=/sys/devices/pci0000:42/0000:42:02.0/0000:43:00.0/0000:44:08.0/0000:5d:00.0/0000:5e:00.0/0000:5f:00.0 keep=1 coll=(null)
bddx-inf-sci-k8s-a800-03849:1253316:1254278 [2] NCCL INFO ncclTopoPopulateNics : Filled mlx5_6+mlx5_7 in topo with pciPath=/sys/devices/pci0000:82/0000:82:02.0/0000:83:00.0/0000:84:08.0/0000:93:00.0/0000:94:00.0/0000:95:00.0 keep=1 coll=(null)
bddx-inf-sci-k8s-a800-03849:1253316:1254278 [2] NCCL INFO ncclTopoPopulateNics : Filled mlx5_8+mlx5_9 in topo with pciPath=/sys/devices/pci0000:be/0000:be:02.0/0000:bf:00.0/0000:c0:04.0/0000:ca:00.0/0000:cb:10.0/0000:cc:00.0 keep=1 coll=(null)
bddx-inf-sci-k8s-a800-03849:1253320:1254281 [6] NCCL INFO TOPO/NET : Importing network plugins to topology
bddx-inf-sci-k8s-a800-03849:1253320:1254281 [6] NCCL INFO Retrieving state for IBext_v10
bddx-inf-sci-k8s-a800-03849:1253320:1254281 [6] NCCL INFO Initialized state 0 for IBext_v10
bddx-inf-sci-k8s-a800-03849:1253320:1254281 [6] NCCL INFO ncclTopoPopulateNics : Filled mlx5_2 in topo with pciPath=/sys/devices/pci0000:0b/0000:0b:02.0/0000:0c:00.0/0000:0d:08.0/0000:1d:00.0/0000:1e:00.0/0000:1f:00.0 keep=1 coll=(null)
bddx-inf-sci-k8s-a800-03849:1253319:1254280 [5] NCCL INFO TOPO/NET : Importing network plugins to topology
bddx-inf-sci-k8s-a800-03849:1253319:1254280 [5] NCCL INFO Retrieving state for IBext_v10
bddx-inf-sci-k8s-a800-03849:1253319:1254280 [5] NCCL INFO Initialized state 0 for IBext_v10
bddx-inf-sci-k8s-a800-03849:1253320:1254281 [6] NCCL INFO ncclTopoPopulateNics : Filled mlx5_3 in topo with pciPath=/sys/devices/pci0000:0b/0000:0b:02.0/0000:0c:00.0/0000:0d:08.0/0000:1d:00.0/0000:1e:00.0/0000:1f:00.1 keep=1 coll=(null)
bddx-inf-sci-k8s-a800-03849:1253321:1254279 [7] NCCL INFO TOPO/NET : Importing network plugins to topology
bddx-inf-sci-k8s-a800-03849:1253321:1254279 [7] NCCL INFO Retrieving state for IBext_v10
bddx-inf-sci-k8s-a800-03849:1253319:1254280 [5] NCCL INFO ncclTopoPopulateNics : Filled mlx5_2 in topo with pciPath=/sys/devices/pci0000:0b/0000:0b:02.0/0000:0c:00.0/0000:0d:08.0/0000:1d:00.0/0000:1e:00.0/0000:1f:00.0 keep=1 coll=(null)
bddx-inf-sci-k8s-a800-03849:1253321:1254279 [7] NCCL INFO Initialized state 0 for IBext_v10
bddx-inf-sci-k8s-a800-03849:1253321:1254279 [7] NCCL INFO ncclTopoPopulateNics : Filled mlx5_2 in topo with pciPath=/sys/devices/pci0000:0b/0000:0b:02.0/0000:0c:00.0/0000:0d:08.0/0000:1d:00.0/0000:1e:00.0/0000:1f:00.0 keep=1 coll=(null)
bddx-inf-sci-k8s-a800-03849:1253319:1254280 [5] NCCL INFO ncclTopoPopulateNics : Filled mlx5_3 in topo with pciPath=/sys/devices/pci0000:0b/0000:0b:02.0/0000:0c:00.0/0000:0d:08.0/0000:1d:00.0/0000:1e:00.0/0000:1f:00.1 keep=1 coll=(null)
bddx-inf-sci-k8s-a800-03849:1253315:1254282 [1] NCCL INFO TOPO/NET : Importing network plugins to topology
bddx-inf-sci-k8s-a800-03849:1253315:1254282 [1] NCCL INFO Retrieving state for IBext_v10
bddx-inf-sci-k8s-a800-03849:1253315:1254282 [1] NCCL INFO Initialized state 0 for IBext_v10
bddx-inf-sci-k8s-a800-03849:1253320:1254281 [6] NCCL INFO ncclTopoPopulateNics : Filled mlx5_4 in topo with pciPath=/sys/devices/pci0000:42/0000:42:02.0/0000:43:00.0/0000:44:08.0/0000:5d:00.0/0000:5e:00.0/0000:5f:00.0 keep=1 coll=(null)
bddx-inf-sci-k8s-a800-03849:1253321:1254279 [7] NCCL INFO ncclTopoPopulateNics : Filled mlx5_3 in topo with pciPath=/sys/devices/pci0000:0b/0000:0b:02.0/0000:0c:00.0/0000:0d:08.0/0000:1d:00.0/0000:1e:00.0/0000:1f:00.1 keep=1 coll=(null)
bddx-inf-sci-k8s-a800-03849:1253317:1254283 [3] NCCL INFO TOPO/NET : Importing network plugins to topology
bddx-inf-sci-k8s-a800-03849:1253317:1254283 [3] NCCL INFO Retrieving state for IBext_v10
bddx-inf-sci-k8s-a800-03849:1253317:1254283 [3] NCCL INFO Initialized state 0 for IBext_v10
bddx-inf-sci-k8s-a800-03849:1253315:1254282 [1] NCCL INFO ncclTopoPopulateNics : Filled mlx5_2 in topo with pciPath=/sys/devices/pci0000:0b/0000:0b:02.0/0000:0c:00.0/0000:0d:08.0/0000:1d:00.0/0000:1e:00.0/0000:1f:00.0 keep=1 coll=(null)
bddx-inf-sci-k8s-a800-03849:1253320:1254281 [6] NCCL INFO ncclTopoPopulateNics : Filled mlx5_5 in topo with pciPath=/sys/devices/pci0000:42/0000:42:02.0/0000:43:00.0/0000:44:08.0/0000:5d:00.0/0000:5e:00.0/0000:5f:00.1 keep=1 coll=(null)
bddx-inf-sci-k8s-a800-03849:1253319:1254280 [5] NCCL INFO ncclTopoPopulateNics : Filled mlx5_4 in topo with pciPath=/sys/devices/pci0000:42/0000:42:02.0/0000:43:00.0/0000:44:08.0/0000:5d:00.0/0000:5e:00.0/0000:5f:00.0 keep=1 coll=(null)
bddx-inf-sci-k8s-a800-03849:1253318:1254284 [4] NCCL INFO TOPO/NET : Importing network plugins to topology
bddx-inf-sci-k8s-a800-03849:1253318:1254284 [4] NCCL INFO Retrieving state for IBext_v10
bddx-inf-sci-k8s-a800-03849:1253318:1254284 [4] NCCL INFO Initialized state 0 for IBext_v10
bddx-inf-sci-k8s-a800-03849:1253315:1254282 [1] NCCL INFO ncclTopoPopulateNics : Filled mlx5_3 in topo with pciPath=/sys/devices/pci0000:0b/0000:0b:02.0/0000:0c:00.0/0000:0d:08.0/0000:1d:00.0/0000:1e:00.0/0000:1f:00.1 keep=1 coll=(null)
bddx-inf-sci-k8s-a800-03849:1253321:1254279 [7] NCCL INFO ncclTopoPopulateNics : Filled mlx5_4 in topo with pciPath=/sys/devices/pci0000:42/0000:42:02.0/0000:43:00.0/0000:44:08.0/0000:5d:00.0/0000:5e:00.0/0000:5f:00.0 keep=1 coll=(null)
bddx-inf-sci-k8s-a800-03849:1253317:1254283 [3] NCCL INFO ncclTopoPopulateNics : Filled mlx5_2 in topo with pciPath=/sys/devices/pci0000:0b/0000:0b:02.0/0000:0c:00.0/0000:0d:08.0/0000:1d:00.0/0000:1e:00.0/0000:1f:00.0 keep=1 coll=(null)
bddx-inf-sci-k8s-a800-03849:1253319:1254280 [5] NCCL INFO ncclTopoPopulateNics : Filled mlx5_5 in topo with pciPath=/sys/devices/pci0000:42/0000:42:02.0/0000:43:00.0/0000:44:08.0/0000:5d:00.0/0000:5e:00.0/0000:5f:00.1 keep=1 coll=(null)
bddx-inf-sci-k8s-a800-03849:1253320:1254281 [6] NCCL INFO ncclTopoPopulateNics : Filled mlx5_6 in topo with pciPath=/sys/devices/pci0000:82/0000:82:02.0/0000:83:00.0/0000:84:08.0/0000:93:00.0/0000:94:00.0/0000:95:00.0 keep=1 coll=(null)
bddx-inf-sci-k8s-a800-03849:1253318:1254284 [4] NCCL INFO ncclTopoPopulateNics : Filled mlx5_2 in topo with pciPath=/sys/devices/pci0000:0b/0000:0b:02.0/0000:0c:00.0/0000:0d:08.0/0000:1d:00.0/0000:1e:00.0/0000:1f:00.0 keep=1 coll=(null)
bddx-inf-sci-k8s-a800-03849:1253321:1254279 [7] NCCL INFO ncclTopoPopulateNics : Filled mlx5_5 in topo with pciPath=/sys/devices/pci0000:42/0000:42:02.0/0000:43:00.0/0000:44:08.0/0000:5d:00.0/0000:5e:00.0/0000:5f:00.1 keep=1 coll=(null)
bddx-inf-sci-k8s-a800-03849:1253317:1254283 [3] NCCL INFO ncclTopoPopulateNics : Filled mlx5_3 in topo with pciPath=/sys/devices/pci0000:0b/0000:0b:02.0/0000:0c:00.0/0000:0d:08.0/0000:1d:00.0/0000:1e:00.0/0000:1f:00.1 keep=1 coll=(null)
bddx-inf-sci-k8s-a800-03849:1253315:1254282 [1] NCCL INFO ncclTopoPopulateNics : Filled mlx5_4 in topo with pciPath=/sys/devices/pci0000:42/0000:42:02.0/0000:43:00.0/0000:44:08.0/0000:5d:00.0/0000:5e:00.0/0000:5f:00.0 keep=1 coll=(null)
bddx-inf-sci-k8s-a800-03849:1253320:1254281 [6] NCCL INFO ncclTopoPopulateNics : Filled mlx5_7 in topo with pciPath=/sys/devices/pci0000:82/0000:82:02.0/0000:83:00.0/0000:84:08.0/0000:93:00.0/0000:94:00.0/0000:95:00.1 keep=1 coll=(null)
bddx-inf-sci-k8s-a800-03849:1253318:1254284 [4] NCCL INFO ncclTopoPopulateNics : Filled mlx5_3 in topo with pciPath=/sys/devices/pci0000:0b/0000:0b:02.0/0000:0c:00.0/0000:0d:08.0/0000:1d:00.0/0000:1e:00.0/0000:1f:00.1 keep=1 coll=(null)
bddx-inf-sci-k8s-a800-03849:1253319:1254280 [5] NCCL INFO ncclTopoPopulateNics : Filled mlx5_6 in topo with pciPath=/sys/devices/pci0000:82/0000:82:02.0/0000:83:00.0/0000:84:08.0/0000:93:00.0/0000:94:00.0/0000:95:00.0 keep=1 coll=(null)
bddx-inf-sci-k8s-a800-03849:1253317:1254283 [3] NCCL INFO ncclTopoPopulateNics : Filled mlx5_4 in topo with pciPath=/sys/devices/pci0000:42/0000:42:02.0/0000:43:00.0/0000:44:08.0/0000:5d:00.0/0000:5e:00.0/0000:5f:00.0 keep=1 coll=(null)
bddx-inf-sci-k8s-a800-03849:1253321:1254279 [7] NCCL INFO ncclTopoPopulateNics : Filled mlx5_6 in topo with pciPath=/sys/devices/pci0000:82/0000:82:02.0/0000:83:00.0/0000:84:08.0/0000:93:00.0/0000:94:00.0/0000:95:00.0 keep=1 coll=(null)
bddx-inf-sci-k8s-a800-03849:1253315:1254282 [1] NCCL INFO ncclTopoPopulateNics : Filled mlx5_5 in topo with pciPath=/sys/devices/pci0000:42/0000:42:02.0/0000:43:00.0/0000:44:08.0/0000:5d:00.0/0000:5e:00.0/0000:5f:00.1 keep=1 coll=(null)
bddx-inf-sci-k8s-a800-03849:1253319:1254280 [5] NCCL INFO ncclTopoPopulateNics : Filled mlx5_7 in topo with pciPath=/sys/devices/pci0000:82/0000:82:02.0/0000:83:00.0/0000:84:08.0/0000:93:00.0/0000:94:00.0/0000:95:00.1 keep=1 coll=(null)
bddx-inf-sci-k8s-a800-03849:1253320:1254281 [6] NCCL INFO ncclTopoPopulateNics : Filled mlx5_8 in topo with pciPath=/sys/devices/pci0000:be/0000:be:02.0/0000:bf:00.0/0000:c0:04.0/0000:ca:00.0/0000:cb:10.0/0000:cc:00.0 keep=1 coll=(null)
bddx-inf-sci-k8s-a800-03849:1253318:1254284 [4] NCCL INFO ncclTopoPopulateNics : Filled mlx5_4 in topo with pciPath=/sys/devices/pci0000:42/0000:42:02.0/0000:43:00.0/0000:44:08.0/0000:5d:00.0/0000:5e:00.0/0000:5f:00.0 keep=1 coll=(null)
bddx-inf-sci-k8s-a800-03849:1253317:1254283 [3] NCCL INFO ncclTopoPopulateNics : Filled mlx5_5 in topo with pciPath=/sys/devices/pci0000:42/0000:42:02.0/0000:43:00.0/0000:44:08.0/0000:5d:00.0/0000:5e:00.0/0000:5f:00.1 keep=1 coll=(null)
bddx-inf-sci-k8s-a800-03849:1253321:1254279 [7] NCCL INFO ncclTopoPopulateNics : Filled mlx5_7 in topo with pciPath=/sys/devices/pci0000:82/0000:82:02.0/0000:83:00.0/0000:84:08.0/0000:93:00.0/0000:94:00.0/0000:95:00.1 keep=1 coll=(null)
bddx-inf-sci-k8s-a800-03849:1253320:1254281 [6] NCCL INFO ncclTopoPopulateNics : Filled mlx5_9 in topo with pciPath=/sys/devices/pci0000:be/0000:be:02.0/0000:bf:00.0/0000:c0:04.0/0000:ca:00.0/0000:cb:10.0/0000:cc:00.1 keep=1 coll=(null)
bddx-inf-sci-k8s-a800-03849:1253320:1254281 [6] NCCL INFO TOPO/NET : Made vNic 8
bddx-inf-sci-k8s-a800-03849:1253320:1254281 [6] NCCL INFO TOPO/NET : Made vNic 9
bddx-inf-sci-k8s-a800-03849:1253320:1254281 [6] NCCL INFO TOPO/NET : Made vNic 10
bddx-inf-sci-k8s-a800-03849:1253320:1254281 [6] NCCL INFO TOPO/NET : Made vNic 11
bddx-inf-sci-k8s-a800-03849:1253318:1254284 [4] NCCL INFO ncclTopoPopulateNics : Filled mlx5_5 in topo with pciPath=/sys/devices/pci0000:42/0000:42:02.0/0000:43:00.0/0000:44:08.0/0000:5d:00.0/0000:5e:00.0/0000:5f:00.1 keep=1 coll=(null)
bddx-inf-sci-k8s-a800-03849:1253320:1254281 [6] NCCL INFO ncclTopoPopulateNics : Filled mlx5_2+mlx5_3 in topo with pciPath=/sys/devices/pci0000:0b/0000:0b:02.0/0000:0c:00.0/0000:0d:08.0/0000:1d:00.0/0000:1e:00.0/0000:1f:00.0 keep=1 coll=(null)
bddx-inf-sci-k8s-a800-03849:1253320:1254281 [6] NCCL INFO ncclTopoPopulateNics : Filled mlx5_4+mlx5_5 in topo with pciPath=/sys/devices/pci0000:42/0000:42:02.0/0000:43:00.0/0000:44:08.0/0000:5d:00.0/0000:5e:00.0/0000:5f:00.0 keep=1 coll=(null)
bddx-inf-sci-k8s-a800-03849:1253315:1254282 [1] NCCL INFO ncclTopoPopulateNics : Filled mlx5_6 in topo with pciPath=/sys/devices/pci0000:82/0000:82:02.0/0000:83:00.0/0000:84:08.0/0000:93:00.0/0000:94:00.0/0000:95:00.0 keep=1 coll=(null)
bddx-inf-sci-k8s-a800-03849:1253320:1254281 [6] NCCL INFO ncclTopoPopulateNics : Filled mlx5_6+mlx5_7 in topo with pciPath=/sys/devices/pci0000:82/0000:82:02.0/0000:83:00.0/0000:84:08.0/0000:93:00.0/0000:94:00.0/0000:95:00.0 keep=1 coll=(null)
bddx-inf-sci-k8s-a800-03849:1253320:1254281 [6] NCCL INFO ncclTopoPopulateNics : Filled mlx5_8+mlx5_9 in topo with pciPath=/sys/devices/pci0000:be/0000:be:02.0/0000:bf:00.0/0000:c0:04.0/0000:ca:00.0/0000:cb:10.0/0000:cc:00.0 keep=1 coll=(null)
bddx-inf-sci-k8s-a800-03849:1253319:1254280 [5] NCCL INFO ncclTopoPopulateNics : Filled mlx5_8 in topo with pciPath=/sys/devices/pci0000:be/0000:be:02.0/0000:bf:00.0/0000:c0:04.0/0000:ca:00.0/0000:cb:10.0/0000:cc:00.0 keep=1 coll=(null)
bddx-inf-sci-k8s-a800-03849:1253317:1254283 [3] NCCL INFO ncclTopoPopulateNics : Filled mlx5_6 in topo with pciPath=/sys/devices/pci0000:82/0000:82:02.0/0000:83:00.0/0000:84:08.0/0000:93:00.0/0000:94:00.0/0000:95:00.0 keep=1 coll=(null)
bddx-inf-sci-k8s-a800-03849:1253321:1254279 [7] NCCL INFO ncclTopoPopulateNics : Filled mlx5_8 in topo with pciPath=/sys/devices/pci0000:be/0000:be:02.0/0000:bf:00.0/0000:c0:04.0/0000:ca:00.0/0000:cb:10.0/0000:cc:00.0 keep=1 coll=(null)
bddx-inf-sci-k8s-a800-03849:1253315:1254282 [1] NCCL INFO ncclTopoPopulateNics : Filled mlx5_7 in topo with pciPath=/sys/devices/pci0000:82/0000:82:02.0/0000:83:00.0/0000:84:08.0/0000:93:00.0/0000:94:00.0/0000:95:00.1 keep=1 coll=(null)
bddx-inf-sci-k8s-a800-03849:1253318:1254284 [4] NCCL INFO ncclTopoPopulateNics : Filled mlx5_6 in topo with pciPath=/sys/devices/pci0000:82/0000:82:02.0/0000:83:00.0/0000:84:08.0/0000:93:00.0/0000:94:00.0/0000:95:00.0 keep=1 coll=(null)
bddx-inf-sci-k8s-a800-03849:1253319:1254280 [5] NCCL INFO ncclTopoPopulateNics : Filled mlx5_9 in topo with pciPath=/sys/devices/pci0000:be/0000:be:02.0/0000:bf:00.0/0000:c0:04.0/0000:ca:00.0/0000:cb:10.0/0000:cc:00.1 keep=1 coll=(null)
bddx-inf-sci-k8s-a800-03849:1253319:1254280 [5] NCCL INFO TOPO/NET : Made vNic 8
bddx-inf-sci-k8s-a800-03849:1253319:1254280 [5] NCCL INFO TOPO/NET : Made vNic 9
bddx-inf-sci-k8s-a800-03849:1253319:1254280 [5] NCCL INFO TOPO/NET : Made vNic 10
bddx-inf-sci-k8s-a800-03849:1253319:1254280 [5] NCCL INFO TOPO/NET : Made vNic 11
bddx-inf-sci-k8s-a800-03849:1253319:1254280 [5] NCCL INFO ncclTopoPopulateNics : Filled mlx5_2+mlx5_3 in topo with pciPath=/sys/devices/pci0000:0b/0000:0b:02.0/0000:0c:00.0/0000:0d:08.0/0000:1d:00.0/0000:1e:00.0/0000:1f:00.0 keep=1 coll=(null)
bddx-inf-sci-k8s-a800-03849:1253319:1254280 [5] NCCL INFO ncclTopoPopulateNics : Filled mlx5_4+mlx5_5 in topo with pciPath=/sys/devices/pci0000:42/0000:42:02.0/0000:43:00.0/0000:44:08.0/0000:5d:00.0/0000:5e:00.0/0000:5f:00.0 keep=1 coll=(null)
bddx-inf-sci-k8s-a800-03849:1253319:1254280 [5] NCCL INFO ncclTopoPopulateNics : Filled mlx5_6+mlx5_7 in topo with pciPath=/sys/devices/pci0000:82/0000:82:02.0/0000:83:00.0/0000:84:08.0/0000:93:00.0/0000:94:00.0/0000:95:00.0 keep=1 coll=(null)
bddx-inf-sci-k8s-a800-03849:1253319:1254280 [5] NCCL INFO ncclTopoPopulateNics : Filled mlx5_8+mlx5_9 in topo with pciPath=/sys/devices/pci0000:be/0000:be:02.0/0000:bf:00.0/0000:c0:04.0/0000:ca:00.0/0000:cb:10.0/0000:cc:00.0 keep=1 coll=(null)
bddx-inf-sci-k8s-a800-03849:1253317:1254283 [3] NCCL INFO ncclTopoPopulateNics : Filled mlx5_7 in topo with pciPath=/sys/devices/pci0000:82/0000:82:02.0/0000:83:00.0/0000:84:08.0/0000:93:00.0/0000:94:00.0/0000:95:00.1 keep=1 coll=(null)
bddx-inf-sci-k8s-a800-03849:1253321:1254279 [7] NCCL INFO ncclTopoPopulateNics : Filled mlx5_9 in topo with pciPath=/sys/devices/pci0000:be/0000:be:02.0/0000:bf:00.0/0000:c0:04.0/0000:ca:00.0/0000:cb:10.0/0000:cc:00.1 keep=1 coll=(null)
bddx-inf-sci-k8s-a800-03849:1253321:1254279 [7] NCCL INFO TOPO/NET : Made vNic 8
bddx-inf-sci-k8s-a800-03849:1253321:1254279 [7] NCCL INFO TOPO/NET : Made vNic 9
bddx-inf-sci-k8s-a800-03849:1253321:1254279 [7] NCCL INFO TOPO/NET : Made vNic 10
bddx-inf-sci-k8s-a800-03849:1253321:1254279 [7] NCCL INFO TOPO/NET : Made vNic 11
bddx-inf-sci-k8s-a800-03849:1253321:1254279 [7] NCCL INFO ncclTopoPopulateNics : Filled mlx5_2+mlx5_3 in topo with pciPath=/sys/devices/pci0000:0b/0000:0b:02.0/0000:0c:00.0/0000:0d:08.0/0000:1d:00.0/0000:1e:00.0/0000:1f:00.0 keep=1 coll=(null)
bddx-inf-sci-k8s-a800-03849:1253321:1254279 [7] NCCL INFO ncclTopoPopulateNics : Filled mlx5_4+mlx5_5 in topo with pciPath=/sys/devices/pci0000:42/0000:42:02.0/0000:43:00.0/0000:44:08.0/0000:5d:00.0/0000:5e:00.0/0000:5f:00.0 keep=1 coll=(null)
bddx-inf-sci-k8s-a800-03849:1253318:1254284 [4] NCCL INFO ncclTopoPopulateNics : Filled mlx5_7 in topo with pciPath=/sys/devices/pci0000:82/0000:82:02.0/0000:83:00.0/0000:84:08.0/0000:93:00.0/0000:94:00.0/0000:95:00.1 keep=1 coll=(null)
bddx-inf-sci-k8s-a800-03849:1253321:1254279 [7] NCCL INFO ncclTopoPopulateNics : Filled mlx5_6+mlx5_7 in topo with pciPath=/sys/devices/pci0000:82/0000:82:02.0/0000:83:00.0/0000:84:08.0/0000:93:00.0/0000:94:00.0/0000:95:00.0 keep=1 coll=(null)
bddx-inf-sci-k8s-a800-03849:1253321:1254279 [7] NCCL INFO ncclTopoPopulateNics : Filled mlx5_8+mlx5_9 in topo with pciPath=/sys/devices/pci0000:be/0000:be:02.0/0000:bf:00.0/0000:c0:04.0/0000:ca:00.0/0000:cb:10.0/0000:cc:00.0 keep=1 coll=(null)
bddx-inf-sci-k8s-a800-03849:1253315:1254282 [1] NCCL INFO ncclTopoPopulateNics : Filled mlx5_8 in topo with pciPath=/sys/devices/pci0000:be/0000:be:02.0/0000:bf:00.0/0000:c0:04.0/0000:ca:00.0/0000:cb:10.0/0000:cc:00.0 keep=1 coll=(null)
bddx-inf-sci-k8s-a800-03849:1253317:1254283 [3] NCCL INFO ncclTopoPopulateNics : Filled mlx5_8 in topo with pciPath=/sys/devices/pci0000:be/0000:be:02.0/0000:bf:00.0/0000:c0:04.0/0000:ca:00.0/0000:cb:10.0/0000:cc:00.0 keep=1 coll=(null)
bddx-inf-sci-k8s-a800-03849:1253318:1254284 [4] NCCL INFO ncclTopoPopulateNics : Filled mlx5_8 in topo with pciPath=/sys/devices/pci0000:be/0000:be:02.0/0000:bf:00.0/0000:c0:04.0/0000:ca:00.0/0000:cb:10.0/0000:cc:00.0 keep=1 coll=(null)
bddx-inf-sci-k8s-a800-03849:1253315:1254282 [1] NCCL INFO ncclTopoPopulateNics : Filled mlx5_9 in topo with pciPath=/sys/devices/pci0000:be/0000:be:02.0/0000:bf:00.0/0000:c0:04.0/0000:ca:00.0/0000:cb:10.0/0000:cc:00.1 keep=1 coll=(null)
bddx-inf-sci-k8s-a800-03849:1253315:1254282 [1] NCCL INFO TOPO/NET : Made vNic 8
bddx-inf-sci-k8s-a800-03849:1253315:1254282 [1] NCCL INFO TOPO/NET : Made vNic 9
bddx-inf-sci-k8s-a800-03849:1253315:1254282 [1] NCCL INFO TOPO/NET : Made vNic 10
bddx-inf-sci-k8s-a800-03849:1253315:1254282 [1] NCCL INFO TOPO/NET : Made vNic 11
bddx-inf-sci-k8s-a800-03849:1253315:1254282 [1] NCCL INFO ncclTopoPopulateNics : Filled mlx5_2+mlx5_3 in topo with pciPath=/sys/devices/pci0000:0b/0000:0b:02.0/0000:0c:00.0/0000:0d:08.0/0000:1d:00.0/0000:1e:00.0/0000:1f:00.0 keep=1 coll=(null)
bddx-inf-sci-k8s-a800-03849:1253315:1254282 [1] NCCL INFO ncclTopoPopulateNics : Filled mlx5_4+mlx5_5 in topo with pciPath=/sys/devices/pci0000:42/0000:42:02.0/0000:43:00.0/0000:44:08.0/0000:5d:00.0/0000:5e:00.0/0000:5f:00.0 keep=1 coll=(null)
bddx-inf-sci-k8s-a800-03849:1253315:1254282 [1] NCCL INFO ncclTopoPopulateNics : Filled mlx5_6+mlx5_7 in topo with pciPath=/sys/devices/pci0000:82/0000:82:02.0/0000:83:00.0/0000:84:08.0/0000:93:00.0/0000:94:00.0/0000:95:00.0 keep=1 coll=(null)
bddx-inf-sci-k8s-a800-03849:1253315:1254282 [1] NCCL INFO ncclTopoPopulateNics : Filled mlx5_8+mlx5_9 in topo with pciPath=/sys/devices/pci0000:be/0000:be:02.0/0000:bf:00.0/0000:c0:04.0/0000:ca:00.0/0000:cb:10.0/0000:cc:00.0 keep=1 coll=(null)
bddx-inf-sci-k8s-a800-03849:1253317:1254283 [3] NCCL INFO ncclTopoPopulateNics : Filled mlx5_9 in topo with pciPath=/sys/devices/pci0000:be/0000:be:02.0/0000:bf:00.0/0000:c0:04.0/0000:ca:00.0/0000:cb:10.0/0000:cc:00.1 keep=1 coll=(null)
bddx-inf-sci-k8s-a800-03849:1253317:1254283 [3] NCCL INFO TOPO/NET : Made vNic 8
bddx-inf-sci-k8s-a800-03849:1253317:1254283 [3] NCCL INFO TOPO/NET : Made vNic 9
bddx-inf-sci-k8s-a800-03849:1253317:1254283 [3] NCCL INFO TOPO/NET : Made vNic 10
bddx-inf-sci-k8s-a800-03849:1253317:1254283 [3] NCCL INFO TOPO/NET : Made vNic 11
bddx-inf-sci-k8s-a800-03849:1253317:1254283 [3] NCCL INFO ncclTopoPopulateNics : Filled mlx5_2+mlx5_3 in topo with pciPath=/sys/devices/pci0000:0b/0000:0b:02.0/0000:0c:00.0/0000:0d:08.0/0000:1d:00.0/0000:1e:00.0/0000:1f:00.0 keep=1 coll=(null)
bddx-inf-sci-k8s-a800-03849:1253317:1254283 [3] NCCL INFO ncclTopoPopulateNics : Filled mlx5_4+mlx5_5 in topo with pciPath=/sys/devices/pci0000:42/0000:42:02.0/0000:43:00.0/0000:44:08.0/0000:5d:00.0/0000:5e:00.0/0000:5f:00.0 keep=1 coll=(null)
bddx-inf-sci-k8s-a800-03849:1253317:1254283 [3] NCCL INFO ncclTopoPopulateNics : Filled mlx5_6+mlx5_7 in topo with pciPath=/sys/devices/pci0000:82/0000:82:02.0/0000:83:00.0/0000:84:08.0/0000:93:00.0/0000:94:00.0/0000:95:00.0 keep=1 coll=(null)
bddx-inf-sci-k8s-a800-03849:1253317:1254283 [3] NCCL INFO ncclTopoPopulateNics : Filled mlx5_8+mlx5_9 in topo with pciPath=/sys/devices/pci0000:be/0000:be:02.0/0000:bf:00.0/0000:c0:04.0/0000:ca:00.0/0000:cb:10.0/0000:cc:00.0 keep=1 coll=(null)
bddx-inf-sci-k8s-a800-03849:1253318:1254284 [4] NCCL INFO ncclTopoPopulateNics : Filled mlx5_9 in topo with pciPath=/sys/devices/pci0000:be/0000:be:02.0/0000:bf:00.0/0000:c0:04.0/0000:ca:00.0/0000:cb:10.0/0000:cc:00.1 keep=1 coll=(null)
bddx-inf-sci-k8s-a800-03849:1253318:1254284 [4] NCCL INFO TOPO/NET : Made vNic 8
bddx-inf-sci-k8s-a800-03849:1253318:1254284 [4] NCCL INFO TOPO/NET : Made vNic 9
bddx-inf-sci-k8s-a800-03849:1253318:1254284 [4] NCCL INFO TOPO/NET : Made vNic 10
bddx-inf-sci-k8s-a800-03849:1253318:1254284 [4] NCCL INFO TOPO/NET : Made vNic 11
bddx-inf-sci-k8s-a800-03849:1253318:1254284 [4] NCCL INFO ncclTopoPopulateNics : Filled mlx5_2+mlx5_3 in topo with pciPath=/sys/devices/pci0000:0b/0000:0b:02.0/0000:0c:00.0/0000:0d:08.0/0000:1d:00.0/0000:1e:00.0/0000:1f:00.0 keep=1 coll=(null)
bddx-inf-sci-k8s-a800-03849:1253318:1254284 [4] NCCL INFO ncclTopoPopulateNics : Filled mlx5_4+mlx5_5 in topo with pciPath=/sys/devices/pci0000:42/0000:42:02.0/0000:43:00.0/0000:44:08.0/0000:5d:00.0/0000:5e:00.0/0000:5f:00.0 keep=1 coll=(null)
bddx-inf-sci-k8s-a800-03849:1253318:1254284 [4] NCCL INFO ncclTopoPopulateNics : Filled mlx5_6+mlx5_7 in topo with pciPath=/sys/devices/pci0000:82/0000:82:02.0/0000:83:00.0/0000:84:08.0/0000:93:00.0/0000:94:00.0/0000:95:00.0 keep=1 coll=(null)
bddx-inf-sci-k8s-a800-03849:1253318:1254284 [4] NCCL INFO ncclTopoPopulateNics : Filled mlx5_8+mlx5_9 in topo with pciPath=/sys/devices/pci0000:be/0000:be:02.0/0000:bf:00.0/0000:c0:04.0/0000:ca:00.0/0000:cb:10.0/0000:cc:00.0 keep=1 coll=(null)
bddx-inf-sci-k8s-a800-03849:1253315:1254282 [1] NCCL INFO GPU Direct RDMA Enabled for GPU 0 / HCA 8 (distance 5 <= 5), read 0 mode Default
bddx-inf-sci-k8s-a800-03849:1253315:1254282 [1] NCCL INFO GPU Direct RDMA Enabled for GPU 1 / HCA 8 (distance 5 <= 5), read 0 mode Default
bddx-inf-sci-k8s-a800-03849:1253315:1254282 [1] NCCL INFO GPU Direct RDMA Enabled for GPU 2 / HCA 8 (distance 5 <= 5), read 0 mode Default
bddx-inf-sci-k8s-a800-03849:1253315:1254282 [1] NCCL INFO GPU Direct RDMA Enabled for GPU 3 / HCA 8 (distance 5 <= 5), read 0 mode Default
bddx-inf-sci-k8s-a800-03849:1253315:1254282 [1] NCCL INFO GPU Direct RDMA Enabled for GPU 4 / HCA 8 (distance 5 <= 5), read 0 mode Default
bddx-inf-sci-k8s-a800-03849:1253315:1254282 [1] NCCL INFO GPU Direct RDMA Enabled for GPU 5 / HCA 8 (distance 5 <= 5), read 0 mode Default
bddx-inf-sci-k8s-a800-03849:1253315:1254282 [1] NCCL INFO GPU Direct RDMA Enabled for GPU 6 / HCA 8 (distance 5 <= 5), read 0 mode Default
bddx-inf-sci-k8s-a800-03849:1253315:1254282 [1] NCCL INFO GPU Direct RDMA Enabled for GPU 7 / HCA 8 (distance 5 <= 5), read 0 mode Default
bddx-inf-sci-k8s-a800-03849:1253315:1254282 [1] NCCL INFO GPU Direct RDMA Enabled for GPU 0 / HCA 9 (distance 5 <= 5), read 0 mode Default
bddx-inf-sci-k8s-a800-03849:1253315:1254282 [1] NCCL INFO GPU Direct RDMA Enabled for GPU 1 / HCA 9 (distance 5 <= 5), read 0 mode Default
bddx-inf-sci-k8s-a800-03849:1253315:1254282 [1] NCCL INFO GPU Direct RDMA Enabled for GPU 2 / HCA 9 (distance 5 <= 5), read 0 mode Default
bddx-inf-sci-k8s-a800-03849:1253315:1254282 [1] NCCL INFO GPU Direct RDMA Enabled for GPU 3 / HCA 9 (distance 5 <= 5), read 0 mode Default
bddx-inf-sci-k8s-a800-03849:1253315:1254282 [1] NCCL INFO GPU Direct RDMA Enabled for GPU 4 / HCA 9 (distance 5 <= 5), read 0 mode Default
bddx-inf-sci-k8s-a800-03849:1253315:1254282 [1] NCCL INFO GPU Direct RDMA Enabled for GPU 5 / HCA 9 (distance 5 <= 5), read 0 mode Default
bddx-inf-sci-k8s-a800-03849:1253315:1254282 [1] NCCL INFO GPU Direct RDMA Enabled for GPU 6 / HCA 9 (distance 5 <= 5), read 0 mode Default
bddx-inf-sci-k8s-a800-03849:1253315:1254282 [1] NCCL INFO GPU Direct RDMA Enabled for GPU 7 / HCA 9 (distance 5 <= 5), read 0 mode Default
bddx-inf-sci-k8s-a800-03849:1253315:1254282 [1] NCCL INFO GPU Direct RDMA Enabled for GPU 0 / HCA a (distance 5 <= 5), read 0 mode Default
bddx-inf-sci-k8s-a800-03849:1253315:1254282 [1] NCCL INFO GPU Direct RDMA Enabled for GPU 1 / HCA a (distance 5 <= 5), read 0 mode Default
bddx-inf-sci-k8s-a800-03849:1253315:1254282 [1] NCCL INFO GPU Direct RDMA Enabled for GPU 2 / HCA a (distance 5 <= 5), read 0 mode Default
bddx-inf-sci-k8s-a800-03849:1253315:1254282 [1] NCCL INFO GPU Direct RDMA Enabled for GPU 3 / HCA a (distance 5 <= 5), read 0 mode Default
bddx-inf-sci-k8s-a800-03849:1253315:1254282 [1] NCCL INFO GPU Direct RDMA Enabled for GPU 4 / HCA a (distance 5 <= 5), read 0 mode Default
bddx-inf-sci-k8s-a800-03849:1253315:1254282 [1] NCCL INFO GPU Direct RDMA Enabled for GPU 5 / HCA a (distance 5 <= 5), read 0 mode Default
bddx-inf-sci-k8s-a800-03849:1253315:1254282 [1] NCCL INFO GPU Direct RDMA Enabled for GPU 6 / HCA a (distance 5 <= 5), read 0 mode Default
bddx-inf-sci-k8s-a800-03849:1253315:1254282 [1] NCCL INFO GPU Direct RDMA Enabled for GPU 7 / HCA a (distance 5 <= 5), read 0 mode Default
bddx-inf-sci-k8s-a800-03849:1253315:1254282 [1] NCCL INFO GPU Direct RDMA Enabled for GPU 0 / HCA b (distance 5 <= 5), read 0 mode Default
bddx-inf-sci-k8s-a800-03849:1253315:1254282 [1] NCCL INFO GPU Direct RDMA Enabled for GPU 1 / HCA b (distance 5 <= 5), read 0 mode Default
bddx-inf-sci-k8s-a800-03849:1253315:1254282 [1] NCCL INFO GPU Direct RDMA Enabled for GPU 2 / HCA b (distance 5 <= 5), read 0 mode Default
bddx-inf-sci-k8s-a800-03849:1253315:1254282 [1] NCCL INFO GPU Direct RDMA Enabled for GPU 3 / HCA b (distance 5 <= 5), read 0 mode Default
bddx-inf-sci-k8s-a800-03849:1253315:1254282 [1] NCCL INFO GPU Direct RDMA Enabled for GPU 4 / HCA b (distance 5 <= 5), read 0 mode Default
bddx-inf-sci-k8s-a800-03849:1253315:1254282 [1] NCCL INFO GPU Direct RDMA Enabled for GPU 5 / HCA b (distance 5 <= 5), read 0 mode Default
bddx-inf-sci-k8s-a800-03849:1253315:1254282 [1] NCCL INFO GPU Direct RDMA Enabled for GPU 6 / HCA b (distance 5 <= 5), read 0 mode Default
bddx-inf-sci-k8s-a800-03849:1253315:1254282 [1] NCCL INFO GPU Direct RDMA Enabled for GPU 7 / HCA b (distance 5 <= 5), read 0 mode Default
bddx-inf-sci-k8s-a800-03849:1253320:1254281 [6] NCCL INFO GPU Direct RDMA Enabled for GPU 0 / HCA 8 (distance 5 <= 5), read 0 mode Default
bddx-inf-sci-k8s-a800-03849:1253320:1254281 [6] NCCL INFO GPU Direct RDMA Enabled for GPU 1 / HCA 8 (distance 5 <= 5), read 0 mode Default
bddx-inf-sci-k8s-a800-03849:1253320:1254281 [6] NCCL INFO GPU Direct RDMA Enabled for GPU 2 / HCA 8 (distance 5 <= 5), read 0 mode Default
bddx-inf-sci-k8s-a800-03849:1253320:1254281 [6] NCCL INFO GPU Direct RDMA Enabled for GPU 3 / HCA 8 (distance 5 <= 5), read 0 mode Default
bddx-inf-sci-k8s-a800-03849:1253320:1254281 [6] NCCL INFO GPU Direct RDMA Enabled for GPU 4 / HCA 8 (distance 5 <= 5), read 0 mode Default
bddx-inf-sci-k8s-a800-03849:1253320:1254281 [6] NCCL INFO GPU Direct RDMA Enabled for GPU 5 / HCA 8 (distance 5 <= 5), read 0 mode Default
bddx-inf-sci-k8s-a800-03849:1253320:1254281 [6] NCCL INFO GPU Direct RDMA Enabled for GPU 6 / HCA 8 (distance 5 <= 5), read 0 mode Default
bddx-inf-sci-k8s-a800-03849:1253320:1254281 [6] NCCL INFO GPU Direct RDMA Enabled for GPU 7 / HCA 8 (distance 5 <= 5), read 0 mode Default
bddx-inf-sci-k8s-a800-03849:1253320:1254281 [6] NCCL INFO GPU Direct RDMA Enabled for GPU 0 / HCA 9 (distance 5 <= 5), read 0 mode Default
bddx-inf-sci-k8s-a800-03849:1253320:1254281 [6] NCCL INFO GPU Direct RDMA Enabled for GPU 1 / HCA 9 (distance 5 <= 5), read 0 mode Default
bddx-inf-sci-k8s-a800-03849:1253320:1254281 [6] NCCL INFO GPU Direct RDMA Enabled for GPU 2 / HCA 9 (distance 5 <= 5), read 0 mode Default
bddx-inf-sci-k8s-a800-03849:1253320:1254281 [6] NCCL INFO GPU Direct RDMA Enabled for GPU 3 / HCA 9 (distance 5 <= 5), read 0 mode Default
bddx-inf-sci-k8s-a800-03849:1253320:1254281 [6] NCCL INFO GPU Direct RDMA Enabled for GPU 4 / HCA 9 (distance 5 <= 5), read 0 mode Default
bddx-inf-sci-k8s-a800-03849:1253320:1254281 [6] NCCL INFO GPU Direct RDMA Enabled for GPU 5 / HCA 9 (distance 5 <= 5), read 0 mode Default
bddx-inf-sci-k8s-a800-03849:1253320:1254281 [6] NCCL INFO GPU Direct RDMA Enabled for GPU 6 / HCA 9 (distance 5 <= 5), read 0 mode Default
bddx-inf-sci-k8s-a800-03849:1253320:1254281 [6] NCCL INFO GPU Direct RDMA Enabled for GPU 7 / HCA 9 (distance 5 <= 5), read 0 mode Default
bddx-inf-sci-k8s-a800-03849:1253320:1254281 [6] NCCL INFO GPU Direct RDMA Enabled for GPU 0 / HCA a (distance 5 <= 5), read 0 mode Default
bddx-inf-sci-k8s-a800-03849:1253320:1254281 [6] NCCL INFO GPU Direct RDMA Enabled for GPU 1 / HCA a (distance 5 <= 5), read 0 mode Default
bddx-inf-sci-k8s-a800-03849:1253320:1254281 [6] NCCL INFO GPU Direct RDMA Enabled for GPU 2 / HCA a (distance 5 <= 5), read 0 mode Default
bddx-inf-sci-k8s-a800-03849:1253320:1254281 [6] NCCL INFO GPU Direct RDMA Enabled for GPU 3 / HCA a (distance 5 <= 5), read 0 mode Default
bddx-inf-sci-k8s-a800-03849:1253320:1254281 [6] NCCL INFO GPU Direct RDMA Enabled for GPU 4 / HCA a (distance 5 <= 5), read 0 mode Default
bddx-inf-sci-k8s-a800-03849:1253320:1254281 [6] NCCL INFO GPU Direct RDMA Enabled for GPU 5 / HCA a (distance 5 <= 5), read 0 mode Default
bddx-inf-sci-k8s-a800-03849:1253320:1254281 [6] NCCL INFO GPU Direct RDMA Enabled for GPU 6 / HCA a (distance 5 <= 5), read 0 mode Default
bddx-inf-sci-k8s-a800-03849:1253320:1254281 [6] NCCL INFO GPU Direct RDMA Enabled for GPU 7 / HCA a (distance 5 <= 5), read 0 mode Default
bddx-inf-sci-k8s-a800-03849:1253320:1254281 [6] NCCL INFO GPU Direct RDMA Enabled for GPU 0 / HCA b (distance 5 <= 5), read 0 mode Default
bddx-inf-sci-k8s-a800-03849:1253320:1254281 [6] NCCL INFO GPU Direct RDMA Enabled for GPU 1 / HCA b (distance 5 <= 5), read 0 mode Default
bddx-inf-sci-k8s-a800-03849:1253320:1254281 [6] NCCL INFO GPU Direct RDMA Enabled for GPU 2 / HCA b (distance 5 <= 5), read 0 mode Default
bddx-inf-sci-k8s-a800-03849:1253320:1254281 [6] NCCL INFO GPU Direct RDMA Enabled for GPU 3 / HCA b (distance 5 <= 5), read 0 mode Default
bddx-inf-sci-k8s-a800-03849:1253320:1254281 [6] NCCL INFO GPU Direct RDMA Enabled for GPU 4 / HCA b (distance 5 <= 5), read 0 mode Default
bddx-inf-sci-k8s-a800-03849:1253320:1254281 [6] NCCL INFO GPU Direct RDMA Enabled for GPU 5 / HCA b (distance 5 <= 5), read 0 mode Default
bddx-inf-sci-k8s-a800-03849:1253320:1254281 [6] NCCL INFO GPU Direct RDMA Enabled for GPU 6 / HCA b (distance 5 <= 5), read 0 mode Default
bddx-inf-sci-k8s-a800-03849:1253320:1254281 [6] NCCL INFO GPU Direct RDMA Enabled for GPU 7 / HCA b (distance 5 <= 5), read 0 mode Default
bddx-inf-sci-k8s-a800-03849:1253318:1254284 [4] NCCL INFO GPU Direct RDMA Enabled for GPU 0 / HCA 8 (distance 5 <= 5), read 0 mode Default
bddx-inf-sci-k8s-a800-03849:1253318:1254284 [4] NCCL INFO GPU Direct RDMA Enabled for GPU 1 / HCA 8 (distance 5 <= 5), read 0 mode Default
bddx-inf-sci-k8s-a800-03849:1253318:1254284 [4] NCCL INFO GPU Direct RDMA Enabled for GPU 2 / HCA 8 (distance 5 <= 5), read 0 mode Default
bddx-inf-sci-k8s-a800-03849:1253318:1254284 [4] NCCL INFO GPU Direct RDMA Enabled for GPU 3 / HCA 8 (distance 5 <= 5), read 0 mode Default
bddx-inf-sci-k8s-a800-03849:1253318:1254284 [4] NCCL INFO GPU Direct RDMA Enabled for GPU 4 / HCA 8 (distance 5 <= 5), read 0 mode Default
bddx-inf-sci-k8s-a800-03849:1253318:1254284 [4] NCCL INFO GPU Direct RDMA Enabled for GPU 5 / HCA 8 (distance 5 <= 5), read 0 mode Default
bddx-inf-sci-k8s-a800-03849:1253318:1254284 [4] NCCL INFO GPU Direct RDMA Enabled for GPU 6 / HCA 8 (distance 5 <= 5), read 0 mode Default
bddx-inf-sci-k8s-a800-03849:1253318:1254284 [4] NCCL INFO GPU Direct RDMA Enabled for GPU 7 / HCA 8 (distance 5 <= 5), read 0 mode Default
bddx-inf-sci-k8s-a800-03849:1253318:1254284 [4] NCCL INFO GPU Direct RDMA Enabled for GPU 0 / HCA 9 (distance 5 <= 5), read 0 mode Default
bddx-inf-sci-k8s-a800-03849:1253318:1254284 [4] NCCL INFO GPU Direct RDMA Enabled for GPU 1 / HCA 9 (distance 5 <= 5), read 0 mode Default
bddx-inf-sci-k8s-a800-03849:1253318:1254284 [4] NCCL INFO GPU Direct RDMA Enabled for GPU 2 / HCA 9 (distance 5 <= 5), read 0 mode Default
bddx-inf-sci-k8s-a800-03849:1253318:1254284 [4] NCCL INFO GPU Direct RDMA Enabled for GPU 3 / HCA 9 (distance 5 <= 5), read 0 mode Default
bddx-inf-sci-k8s-a800-03849:1253318:1254284 [4] NCCL INFO GPU Direct RDMA Enabled for GPU 4 / HCA 9 (distance 5 <= 5), read 0 mode Default
bddx-inf-sci-k8s-a800-03849:1253318:1254284 [4] NCCL INFO GPU Direct RDMA Enabled for GPU 5 / HCA 9 (distance 5 <= 5), read 0 mode Default
bddx-inf-sci-k8s-a800-03849:1253318:1254284 [4] NCCL INFO GPU Direct RDMA Enabled for GPU 6 / HCA 9 (distance 5 <= 5), read 0 mode Default
bddx-inf-sci-k8s-a800-03849:1253318:1254284 [4] NCCL INFO GPU Direct RDMA Enabled for GPU 7 / HCA 9 (distance 5 <= 5), read 0 mode Default
bddx-inf-sci-k8s-a800-03849:1253318:1254284 [4] NCCL INFO GPU Direct RDMA Enabled for GPU 0 / HCA a (distance 5 <= 5), read 0 mode Default
bddx-inf-sci-k8s-a800-03849:1253318:1254284 [4] NCCL INFO GPU Direct RDMA Enabled for GPU 1 / HCA a (distance 5 <= 5), read 0 mode Default
bddx-inf-sci-k8s-a800-03849:1253318:1254284 [4] NCCL INFO GPU Direct RDMA Enabled for GPU 2 / HCA a (distance 5 <= 5), read 0 mode Default
bddx-inf-sci-k8s-a800-03849:1253318:1254284 [4] NCCL INFO GPU Direct RDMA Enabled for GPU 3 / HCA a (distance 5 <= 5), read 0 mode Default
bddx-inf-sci-k8s-a800-03849:1253318:1254284 [4] NCCL INFO GPU Direct RDMA Enabled for GPU 4 / HCA a (distance 5 <= 5), read 0 mode Default
bddx-inf-sci-k8s-a800-03849:1253318:1254284 [4] NCCL INFO GPU Direct RDMA Enabled for GPU 5 / HCA a (distance 5 <= 5), read 0 mode Default
bddx-inf-sci-k8s-a800-03849:1253318:1254284 [4] NCCL INFO GPU Direct RDMA Enabled for GPU 6 / HCA a (distance 5 <= 5), read 0 mode Default
bddx-inf-sci-k8s-a800-03849:1253318:1254284 [4] NCCL INFO GPU Direct RDMA Enabled for GPU 7 / HCA a (distance 5 <= 5), read 0 mode Default
bddx-inf-sci-k8s-a800-03849:1253318:1254284 [4] NCCL INFO GPU Direct RDMA Enabled for GPU 0 / HCA b (distance 5 <= 5), read 0 mode Default
bddx-inf-sci-k8s-a800-03849:1253318:1254284 [4] NCCL INFO GPU Direct RDMA Enabled for GPU 1 / HCA b (distance 5 <= 5), read 0 mode Default
bddx-inf-sci-k8s-a800-03849:1253318:1254284 [4] NCCL INFO GPU Direct RDMA Enabled for GPU 2 / HCA b (distance 5 <= 5), read 0 mode Default
bddx-inf-sci-k8s-a800-03849:1253318:1254284 [4] NCCL INFO GPU Direct RDMA Enabled for GPU 3 / HCA b (distance 5 <= 5), read 0 mode Default
bddx-inf-sci-k8s-a800-03849:1253318:1254284 [4] NCCL INFO GPU Direct RDMA Enabled for GPU 4 / HCA b (distance 5 <= 5), read 0 mode Default
bddx-inf-sci-k8s-a800-03849:1253318:1254284 [4] NCCL INFO GPU Direct RDMA Enabled for GPU 5 / HCA b (distance 5 <= 5), read 0 mode Default
bddx-inf-sci-k8s-a800-03849:1253318:1254284 [4] NCCL INFO GPU Direct RDMA Enabled for GPU 6 / HCA b (distance 5 <= 5), read 0 mode Default
bddx-inf-sci-k8s-a800-03849:1253318:1254284 [4] NCCL INFO GPU Direct RDMA Enabled for GPU 7 / HCA b (distance 5 <= 5), read 0 mode Default
bddx-inf-sci-k8s-a800-03849:1253321:1254279 [7] NCCL INFO GPU Direct RDMA Enabled for GPU 0 / HCA 8 (distance 5 <= 5), read 0 mode Default
bddx-inf-sci-k8s-a800-03849:1253321:1254279 [7] NCCL INFO GPU Direct RDMA Enabled for GPU 1 / HCA 8 (distance 5 <= 5), read 0 mode Default
bddx-inf-sci-k8s-a800-03849:1253321:1254279 [7] NCCL INFO GPU Direct RDMA Enabled for GPU 2 / HCA 8 (distance 5 <= 5), read 0 mode Default
bddx-inf-sci-k8s-a800-03849:1253321:1254279 [7] NCCL INFO GPU Direct RDMA Enabled for GPU 3 / HCA 8 (distance 5 <= 5), read 0 mode Default
bddx-inf-sci-k8s-a800-03849:1253321:1254279 [7] NCCL INFO GPU Direct RDMA Enabled for GPU 4 / HCA 8 (distance 5 <= 5), read 0 mode Default
bddx-inf-sci-k8s-a800-03849:1253321:1254279 [7] NCCL INFO GPU Direct RDMA Enabled for GPU 5 / HCA 8 (distance 5 <= 5), read 0 mode Default
bddx-inf-sci-k8s-a800-03849:1253321:1254279 [7] NCCL INFO GPU Direct RDMA Enabled for GPU 6 / HCA 8 (distance 5 <= 5), read 0 mode Default
bddx-inf-sci-k8s-a800-03849:1253321:1254279 [7] NCCL INFO GPU Direct RDMA Enabled for GPU 7 / HCA 8 (distance 5 <= 5), read 0 mode Default
bddx-inf-sci-k8s-a800-03849:1253321:1254279 [7] NCCL INFO GPU Direct RDMA Enabled for GPU 0 / HCA 9 (distance 5 <= 5), read 0 mode Default
bddx-inf-sci-k8s-a800-03849:1253321:1254279 [7] NCCL INFO GPU Direct RDMA Enabled for GPU 1 / HCA 9 (distance 5 <= 5), read 0 mode Default
bddx-inf-sci-k8s-a800-03849:1253321:1254279 [7] NCCL INFO GPU Direct RDMA Enabled for GPU 2 / HCA 9 (distance 5 <= 5), read 0 mode Default
bddx-inf-sci-k8s-a800-03849:1253321:1254279 [7] NCCL INFO GPU Direct RDMA Enabled for GPU 3 / HCA 9 (distance 5 <= 5), read 0 mode Default
bddx-inf-sci-k8s-a800-03849:1253321:1254279 [7] NCCL INFO GPU Direct RDMA Enabled for GPU 4 / HCA 9 (distance 5 <= 5), read 0 mode Default
bddx-inf-sci-k8s-a800-03849:1253321:1254279 [7] NCCL INFO GPU Direct RDMA Enabled for GPU 5 / HCA 9 (distance 5 <= 5), read 0 mode Default
bddx-inf-sci-k8s-a800-03849:1253321:1254279 [7] NCCL INFO GPU Direct RDMA Enabled for GPU 6 / HCA 9 (distance 5 <= 5), read 0 mode Default
bddx-inf-sci-k8s-a800-03849:1253321:1254279 [7] NCCL INFO GPU Direct RDMA Enabled for GPU 7 / HCA 9 (distance 5 <= 5), read 0 mode Default
bddx-inf-sci-k8s-a800-03849:1253321:1254279 [7] NCCL INFO GPU Direct RDMA Enabled for GPU 0 / HCA a (distance 5 <= 5), read 0 mode Default
bddx-inf-sci-k8s-a800-03849:1253321:1254279 [7] NCCL INFO GPU Direct RDMA Enabled for GPU 1 / HCA a (distance 5 <= 5), read 0 mode Default
bddx-inf-sci-k8s-a800-03849:1253321:1254279 [7] NCCL INFO GPU Direct RDMA Enabled for GPU 2 / HCA a (distance 5 <= 5), read 0 mode Default
bddx-inf-sci-k8s-a800-03849:1253321:1254279 [7] NCCL INFO GPU Direct RDMA Enabled for GPU 3 / HCA a (distance 5 <= 5), read 0 mode Default
bddx-inf-sci-k8s-a800-03849:1253321:1254279 [7] NCCL INFO GPU Direct RDMA Enabled for GPU 4 / HCA a (distance 5 <= 5), read 0 mode Default
bddx-inf-sci-k8s-a800-03849:1253321:1254279 [7] NCCL INFO GPU Direct RDMA Enabled for GPU 5 / HCA a (distance 5 <= 5), read 0 mode Default
bddx-inf-sci-k8s-a800-03849:1253321:1254279 [7] NCCL INFO GPU Direct RDMA Enabled for GPU 6 / HCA a (distance 5 <= 5), read 0 mode Default
bddx-inf-sci-k8s-a800-03849:1253321:1254279 [7] NCCL INFO GPU Direct RDMA Enabled for GPU 7 / HCA a (distance 5 <= 5), read 0 mode Default
bddx-inf-sci-k8s-a800-03849:1253321:1254279 [7] NCCL INFO GPU Direct RDMA Enabled for GPU 0 / HCA b (distance 5 <= 5), read 0 mode Default
bddx-inf-sci-k8s-a800-03849:1253321:1254279 [7] NCCL INFO GPU Direct RDMA Enabled for GPU 1 / HCA b (distance 5 <= 5), read 0 mode Default
bddx-inf-sci-k8s-a800-03849:1253321:1254279 [7] NCCL INFO GPU Direct RDMA Enabled for GPU 2 / HCA b (distance 5 <= 5), read 0 mode Default
bddx-inf-sci-k8s-a800-03849:1253321:1254279 [7] NCCL INFO GPU Direct RDMA Enabled for GPU 3 / HCA b (distance 5 <= 5), read 0 mode Default
bddx-inf-sci-k8s-a800-03849:1253321:1254279 [7] NCCL INFO GPU Direct RDMA Enabled for GPU 4 / HCA b (distance 5 <= 5), read 0 mode Default
bddx-inf-sci-k8s-a800-03849:1253321:1254279 [7] NCCL INFO GPU Direct RDMA Enabled for GPU 5 / HCA b (distance 5 <= 5), read 0 mode Default
bddx-inf-sci-k8s-a800-03849:1253321:1254279 [7] NCCL INFO GPU Direct RDMA Enabled for GPU 6 / HCA b (distance 5 <= 5), read 0 mode Default
bddx-inf-sci-k8s-a800-03849:1253321:1254279 [7] NCCL INFO GPU Direct RDMA Enabled for GPU 7 / HCA b (distance 5 <= 5), read 0 mode Default
bddx-inf-sci-k8s-a800-03849:1253317:1254283 [3] NCCL INFO GPU Direct RDMA Enabled for GPU 0 / HCA 8 (distance 5 <= 5), read 0 mode Default
bddx-inf-sci-k8s-a800-03849:1253317:1254283 [3] NCCL INFO GPU Direct RDMA Enabled for GPU 1 / HCA 8 (distance 5 <= 5), read 0 mode Default
bddx-inf-sci-k8s-a800-03849:1253317:1254283 [3] NCCL INFO GPU Direct RDMA Enabled for GPU 2 / HCA 8 (distance 5 <= 5), read 0 mode Default
bddx-inf-sci-k8s-a800-03849:1253317:1254283 [3] NCCL INFO GPU Direct RDMA Enabled for GPU 3 / HCA 8 (distance 5 <= 5), read 0 mode Default
bddx-inf-sci-k8s-a800-03849:1253317:1254283 [3] NCCL INFO GPU Direct RDMA Enabled for GPU 4 / HCA 8 (distance 5 <= 5), read 0 mode Default
bddx-inf-sci-k8s-a800-03849:1253317:1254283 [3] NCCL INFO GPU Direct RDMA Enabled for GPU 5 / HCA 8 (distance 5 <= 5), read 0 mode Default
bddx-inf-sci-k8s-a800-03849:1253317:1254283 [3] NCCL INFO GPU Direct RDMA Enabled for GPU 6 / HCA 8 (distance 5 <= 5), read 0 mode Default
bddx-inf-sci-k8s-a800-03849:1253317:1254283 [3] NCCL INFO GPU Direct RDMA Enabled for GPU 7 / HCA 8 (distance 5 <= 5), read 0 mode Default
bddx-inf-sci-k8s-a800-03849:1253317:1254283 [3] NCCL INFO GPU Direct RDMA Enabled for GPU 0 / HCA 9 (distance 5 <= 5), read 0 mode Default
bddx-inf-sci-k8s-a800-03849:1253317:1254283 [3] NCCL INFO GPU Direct RDMA Enabled for GPU 1 / HCA 9 (distance 5 <= 5), read 0 mode Default
bddx-inf-sci-k8s-a800-03849:1253317:1254283 [3] NCCL INFO GPU Direct RDMA Enabled for GPU 2 / HCA 9 (distance 5 <= 5), read 0 mode Default
bddx-inf-sci-k8s-a800-03849:1253317:1254283 [3] NCCL INFO GPU Direct RDMA Enabled for GPU 3 / HCA 9 (distance 5 <= 5), read 0 mode Default
bddx-inf-sci-k8s-a800-03849:1253317:1254283 [3] NCCL INFO GPU Direct RDMA Enabled for GPU 4 / HCA 9 (distance 5 <= 5), read 0 mode Default
bddx-inf-sci-k8s-a800-03849:1253317:1254283 [3] NCCL INFO GPU Direct RDMA Enabled for GPU 5 / HCA 9 (distance 5 <= 5), read 0 mode Default
bddx-inf-sci-k8s-a800-03849:1253317:1254283 [3] NCCL INFO GPU Direct RDMA Enabled for GPU 6 / HCA 9 (distance 5 <= 5), read 0 mode Default
bddx-inf-sci-k8s-a800-03849:1253317:1254283 [3] NCCL INFO GPU Direct RDMA Enabled for GPU 7 / HCA 9 (distance 5 <= 5), read 0 mode Default
bddx-inf-sci-k8s-a800-03849:1253317:1254283 [3] NCCL INFO GPU Direct RDMA Enabled for GPU 0 / HCA a (distance 5 <= 5), read 0 mode Default
bddx-inf-sci-k8s-a800-03849:1253317:1254283 [3] NCCL INFO GPU Direct RDMA Enabled for GPU 1 / HCA a (distance 5 <= 5), read 0 mode Default
bddx-inf-sci-k8s-a800-03849:1253317:1254283 [3] NCCL INFO GPU Direct RDMA Enabled for GPU 2 / HCA a (distance 5 <= 5), read 0 mode Default
bddx-inf-sci-k8s-a800-03849:1253317:1254283 [3] NCCL INFO GPU Direct RDMA Enabled for GPU 3 / HCA a (distance 5 <= 5), read 0 mode Default
bddx-inf-sci-k8s-a800-03849:1253317:1254283 [3] NCCL INFO GPU Direct RDMA Enabled for GPU 4 / HCA a (distance 5 <= 5), read 0 mode Default
bddx-inf-sci-k8s-a800-03849:1253317:1254283 [3] NCCL INFO GPU Direct RDMA Enabled for GPU 5 / HCA a (distance 5 <= 5), read 0 mode Default
bddx-inf-sci-k8s-a800-03849:1253317:1254283 [3] NCCL INFO GPU Direct RDMA Enabled for GPU 6 / HCA a (distance 5 <= 5), read 0 mode Default
bddx-inf-sci-k8s-a800-03849:1253317:1254283 [3] NCCL INFO GPU Direct RDMA Enabled for GPU 7 / HCA a (distance 5 <= 5), read 0 mode Default
bddx-inf-sci-k8s-a800-03849:1253317:1254283 [3] NCCL INFO GPU Direct RDMA Enabled for GPU 0 / HCA b (distance 5 <= 5), read 0 mode Default
bddx-inf-sci-k8s-a800-03849:1253319:1254280 [5] NCCL INFO GPU Direct RDMA Enabled for GPU 0 / HCA 8 (distance 5 <= 5), read 0 mode Default
bddx-inf-sci-k8s-a800-03849:1253317:1254283 [3] NCCL INFO GPU Direct RDMA Enabled for GPU 1 / HCA b (distance 5 <= 5), read 0 mode Default
bddx-inf-sci-k8s-a800-03849:1253319:1254280 [5] NCCL INFO GPU Direct RDMA Enabled for GPU 1 / HCA 8 (distance 5 <= 5), read 0 mode Default
bddx-inf-sci-k8s-a800-03849:1253317:1254283 [3] NCCL INFO GPU Direct RDMA Enabled for GPU 2 / HCA b (distance 5 <= 5), read 0 mode Default
bddx-inf-sci-k8s-a800-03849:1253319:1254280 [5] NCCL INFO GPU Direct RDMA Enabled for GPU 2 / HCA 8 (distance 5 <= 5), read 0 mode Default
bddx-inf-sci-k8s-a800-03849:1253317:1254283 [3] NCCL INFO GPU Direct RDMA Enabled for GPU 3 / HCA b (distance 5 <= 5), read 0 mode Default
bddx-inf-sci-k8s-a800-03849:1253319:1254280 [5] NCCL INFO GPU Direct RDMA Enabled for GPU 3 / HCA 8 (distance 5 <= 5), read 0 mode Default
bddx-inf-sci-k8s-a800-03849:1253317:1254283 [3] NCCL INFO GPU Direct RDMA Enabled for GPU 4 / HCA b (distance 5 <= 5), read 0 mode Default
bddx-inf-sci-k8s-a800-03849:1253319:1254280 [5] NCCL INFO GPU Direct RDMA Enabled for GPU 4 / HCA 8 (distance 5 <= 5), read 0 mode Default
bddx-inf-sci-k8s-a800-03849:1253317:1254283 [3] NCCL INFO GPU Direct RDMA Enabled for GPU 5 / HCA b (distance 5 <= 5), read 0 mode Default
bddx-inf-sci-k8s-a800-03849:1253319:1254280 [5] NCCL INFO GPU Direct RDMA Enabled for GPU 5 / HCA 8 (distance 5 <= 5), read 0 mode Default
bddx-inf-sci-k8s-a800-03849:1253317:1254283 [3] NCCL INFO GPU Direct RDMA Enabled for GPU 6 / HCA b (distance 5 <= 5), read 0 mode Default
bddx-inf-sci-k8s-a800-03849:1253319:1254280 [5] NCCL INFO GPU Direct RDMA Enabled for GPU 6 / HCA 8 (distance 5 <= 5), read 0 mode Default
bddx-inf-sci-k8s-a800-03849:1253317:1254283 [3] NCCL INFO GPU Direct RDMA Enabled for GPU 7 / HCA b (distance 5 <= 5), read 0 mode Default
bddx-inf-sci-k8s-a800-03849:1253319:1254280 [5] NCCL INFO GPU Direct RDMA Enabled for GPU 7 / HCA 8 (distance 5 <= 5), read 0 mode Default
bddx-inf-sci-k8s-a800-03849:1253319:1254280 [5] NCCL INFO GPU Direct RDMA Enabled for GPU 0 / HCA 9 (distance 5 <= 5), read 0 mode Default
bddx-inf-sci-k8s-a800-03849:1253319:1254280 [5] NCCL INFO GPU Direct RDMA Enabled for GPU 1 / HCA 9 (distance 5 <= 5), read 0 mode Default
bddx-inf-sci-k8s-a800-03849:1253319:1254280 [5] NCCL INFO GPU Direct RDMA Enabled for GPU 2 / HCA 9 (distance 5 <= 5), read 0 mode Default
bddx-inf-sci-k8s-a800-03849:1253319:1254280 [5] NCCL INFO GPU Direct RDMA Enabled for GPU 3 / HCA 9 (distance 5 <= 5), read 0 mode Default
bddx-inf-sci-k8s-a800-03849:1253319:1254280 [5] NCCL INFO GPU Direct RDMA Enabled for GPU 4 / HCA 9 (distance 5 <= 5), read 0 mode Default
bddx-inf-sci-k8s-a800-03849:1253319:1254280 [5] NCCL INFO GPU Direct RDMA Enabled for GPU 5 / HCA 9 (distance 5 <= 5), read 0 mode Default
bddx-inf-sci-k8s-a800-03849:1253319:1254280 [5] NCCL INFO GPU Direct RDMA Enabled for GPU 6 / HCA 9 (distance 5 <= 5), read 0 mode Default
bddx-inf-sci-k8s-a800-03849:1253319:1254280 [5] NCCL INFO GPU Direct RDMA Enabled for GPU 7 / HCA 9 (distance 5 <= 5), read 0 mode Default
bddx-inf-sci-k8s-a800-03849:1253319:1254280 [5] NCCL INFO GPU Direct RDMA Enabled for GPU 0 / HCA a (distance 5 <= 5), read 0 mode Default
bddx-inf-sci-k8s-a800-03849:1253319:1254280 [5] NCCL INFO GPU Direct RDMA Enabled for GPU 1 / HCA a (distance 5 <= 5), read 0 mode Default
bddx-inf-sci-k8s-a800-03849:1253319:1254280 [5] NCCL INFO GPU Direct RDMA Enabled for GPU 2 / HCA a (distance 5 <= 5), read 0 mode Default
bddx-inf-sci-k8s-a800-03849:1253319:1254280 [5] NCCL INFO GPU Direct RDMA Enabled for GPU 3 / HCA a (distance 5 <= 5), read 0 mode Default
bddx-inf-sci-k8s-a800-03849:1253319:1254280 [5] NCCL INFO GPU Direct RDMA Enabled for GPU 4 / HCA a (distance 5 <= 5), read 0 mode Default
bddx-inf-sci-k8s-a800-03849:1253319:1254280 [5] NCCL INFO GPU Direct RDMA Enabled for GPU 5 / HCA a (distance 5 <= 5), read 0 mode Default
bddx-inf-sci-k8s-a800-03849:1253319:1254280 [5] NCCL INFO GPU Direct RDMA Enabled for GPU 6 / HCA a (distance 5 <= 5), read 0 mode Default
bddx-inf-sci-k8s-a800-03849:1253319:1254280 [5] NCCL INFO GPU Direct RDMA Enabled for GPU 7 / HCA a (distance 5 <= 5), read 0 mode Default
bddx-inf-sci-k8s-a800-03849:1253319:1254280 [5] NCCL INFO GPU Direct RDMA Enabled for GPU 0 / HCA b (distance 5 <= 5), read 0 mode Default
bddx-inf-sci-k8s-a800-03849:1253319:1254280 [5] NCCL INFO GPU Direct RDMA Enabled for GPU 1 / HCA b (distance 5 <= 5), read 0 mode Default
bddx-inf-sci-k8s-a800-03849:1253319:1254280 [5] NCCL INFO GPU Direct RDMA Enabled for GPU 2 / HCA b (distance 5 <= 5), read 0 mode Default
bddx-inf-sci-k8s-a800-03849:1253319:1254280 [5] NCCL INFO GPU Direct RDMA Enabled for GPU 3 / HCA b (distance 5 <= 5), read 0 mode Default
bddx-inf-sci-k8s-a800-03849:1253319:1254280 [5] NCCL INFO GPU Direct RDMA Enabled for GPU 4 / HCA b (distance 5 <= 5), read 0 mode Default
bddx-inf-sci-k8s-a800-03849:1253319:1254280 [5] NCCL INFO GPU Direct RDMA Enabled for GPU 5 / HCA b (distance 5 <= 5), read 0 mode Default
bddx-inf-sci-k8s-a800-03849:1253319:1254280 [5] NCCL INFO GPU Direct RDMA Enabled for GPU 6 / HCA b (distance 5 <= 5), read 0 mode Default
bddx-inf-sci-k8s-a800-03849:1253319:1254280 [5] NCCL INFO GPU Direct RDMA Enabled for GPU 7 / HCA b (distance 5 <= 5), read 0 mode Default
bddx-inf-sci-k8s-a800-03849:1253315:1254282 [1] NCCL INFO === System : maxBw 160.0 totalBw 160.0 ===
bddx-inf-sci-k8s-a800-03849:1253315:1254282 [1] NCCL INFO CPU/0-0 (1/1/2)
bddx-inf-sci-k8s-a800-03849:1253315:1254282 [1] NCCL INFO + PCI[24.0] - PCI/0-c000 (1000c0101000ffff)
bddx-inf-sci-k8s-a800-03849:1253315:1254282 [1] NCCL INFO               + PCI[24.0] - PCI/0-10000 (1000c01010de13b8)
bddx-inf-sci-k8s-a800-03849:1253315:1254282 [1] NCCL INFO                             + PCI[24.0] - GPU/0-12000 (0)
bddx-inf-sci-k8s-a800-03849:1253315:1254282 [1] NCCL INFO                                           + NVL[160.0] - NVS/0-0
bddx-inf-sci-k8s-a800-03849:1253315:1254282 [1] NCCL INFO               + PCI[24.0] - NIC/0-1f002
bddx-inf-sci-k8s-a800-03849:1253315:1254282 [1] NCCL INFO               + PCI[24.0] - PCI/0-16000 (1000c01010de13b8)
bddx-inf-sci-k8s-a800-03849:1253315:1254282 [1] NCCL INFO                             + PCI[24.0] - GPU/0-18000 (1)
bddx-inf-sci-k8s-a800-03849:1253315:1254282 [1] NCCL INFO                                           + NVL[160.0] - NVS/0-0
bddx-inf-sci-k8s-a800-03849:1253315:1254282 [1] NCCL INFO + PCI[24.0] - PCI/0-43000 (1000c0101000ffff)
bddx-inf-sci-k8s-a800-03849:1253315:1254282 [1] NCCL INFO               + PCI[24.0] - NIC/0-5f002
bddx-inf-sci-k8s-a800-03849:1253315:1254282 [1] NCCL INFO               + PCI[24.0] - PCI/0-47000 (1000c01010de13b8)
bddx-inf-sci-k8s-a800-03849:1253315:1254282 [1] NCCL INFO                             + PCI[24.0] - GPU/0-49000 (2)
bddx-inf-sci-k8s-a800-03849:1253315:1254282 [1] NCCL INFO                                           + NVL[160.0] - NVS/0-0
bddx-inf-sci-k8s-a800-03849:1253315:1254282 [1] NCCL INFO               + PCI[24.0] - PCI/0-4b000 (1000c01010de13b8)
bddx-inf-sci-k8s-a800-03849:1253315:1254282 [1] NCCL INFO                             + PCI[24.0] - GPU/0-4d000 (3)
bddx-inf-sci-k8s-a800-03849:1253315:1254282 [1] NCCL INFO                                           + NVL[160.0] - NVS/0-0
bddx-inf-sci-k8s-a800-03849:1253315:1254282 [1] NCCL INFO + SYS[10.0] - CPU/0-1
bddx-inf-sci-k8s-a800-03849:1253315:1254282 [1] NCCL INFO CPU/0-1 (1/1/2)
bddx-inf-sci-k8s-a800-03849:1253315:1254282 [1] NCCL INFO + PCI[24.0] - PCI/0-83000 (1000c0101000ffff)
bddx-inf-sci-k8s-a800-03849:1253315:1254282 [1] NCCL INFO               + PCI[24.0] - NIC/0-95002
bddx-inf-sci-k8s-a800-03849:1253315:1254282 [1] NCCL INFO               + PCI[24.0] - PCI/0-87000 (1000c01010de13b8)
bddx-inf-sci-k8s-a800-03849:1253315:1254282 [1] NCCL INFO                             + PCI[24.0] - GPU/0-89000 (4)
bddx-inf-sci-k8s-a800-03849:1253315:1254282 [1] NCCL INFO                                           + NVL[160.0] - NVS/0-0
bddx-inf-sci-k8s-a800-03849:1253315:1254282 [1] NCCL INFO               + PCI[24.0] - PCI/0-8c000 (1000c01010de13b8)
bddx-inf-sci-k8s-a800-03849:1253315:1254282 [1] NCCL INFO                             + PCI[24.0] - GPU/0-8e000 (5)
bddx-inf-sci-k8s-a800-03849:1253315:1254282 [1] NCCL INFO                                           + NVL[160.0] - NVS/0-0
bddx-inf-sci-k8s-a800-03849:1253315:1254282 [1] NCCL INFO + PCI[24.0] - PCI/0-bf000 (1000c0101000ffff)
bddx-inf-sci-k8s-a800-03849:1253315:1254282 [1] NCCL INFO               + PCI[24.0] - NIC/0-cc002
bddx-inf-sci-k8s-a800-03849:1253315:1254282 [1] NCCL INFO               + PCI[24.0] - PCI/0-c3000 (1000c01010de13b8)
bddx-inf-sci-k8s-a800-03849:1253315:1254282 [1] NCCL INFO                             + PCI[24.0] - GPU/0-c5000 (6)
bddx-inf-sci-k8s-a800-03849:1253315:1254282 [1] NCCL INFO                                           + NVL[160.0] - NVS/0-0
bddx-inf-sci-k8s-a800-03849:1253315:1254282 [1] NCCL INFO               + PCI[24.0] - PCI/0-c7000 (1000c01010de13b8)
bddx-inf-sci-k8s-a800-03849:1253315:1254282 [1] NCCL INFO                             + PCI[24.0] - GPU/0-c9000 (7)
bddx-inf-sci-k8s-a800-03849:1253315:1254282 [1] NCCL INFO                                           + NVL[160.0] - NVS/0-0
bddx-inf-sci-k8s-a800-03849:1253315:1254282 [1] NCCL INFO + SYS[10.0] - CPU/0-0
bddx-inf-sci-k8s-a800-03849:1253315:1254282 [1] NCCL INFO ==========================================
bddx-inf-sci-k8s-a800-03849:1253315:1254282 [1] NCCL INFO GPU/0-12000 :GPU/0-12000 (0/5000.0/LOC) GPU/0-18000 (2/160.0/NVL) GPU/0-49000 (2/160.0/NVL) GPU/0-4d000 (2/160.0/NVL) GPU/0-89000 (2/160.0/NVL) GPU/0-8e000 (2/160.0/NVL) GPU/0-c5000 (2/160.0/NVL) GPU/0-c9000 (2/160.0/NVL) NVS/0-0 (1/160.0/NVL) CPU/0-0 (3/24.0/PHB) CPU/0-1 (4/10.0/SYS) 
bddx-inf-sci-k8s-a800-03849:1253315:1254282 [1] NCCL INFO GPU/0-18000 :GPU/0-12000 (2/160.0/NVL) GPU/0-18000 (0/5000.0/LOC) GPU/0-49000 (2/160.0/NVL) GPU/0-4d000 (2/160.0/NVL) GPU/0-89000 (2/160.0/NVL) GPU/0-8e000 (2/160.0/NVL) GPU/0-c5000 (2/160.0/NVL) GPU/0-c9000 (2/160.0/NVL) NVS/0-0 (1/160.0/NVL) CPU/0-0 (3/24.0/PHB) CPU/0-1 (4/10.0/SYS) 
bddx-inf-sci-k8s-a800-03849:1253315:1254282 [1] NCCL INFO GPU/0-49000 :GPU/0-12000 (2/160.0/NVL) GPU/0-18000 (2/160.0/NVL) GPU/0-49000 (0/5000.0/LOC) GPU/0-4d000 (2/160.0/NVL) GPU/0-89000 (2/160.0/NVL) GPU/0-8e000 (2/160.0/NVL) GPU/0-c5000 (2/160.0/NVL) GPU/0-c9000 (2/160.0/NVL) NVS/0-0 (1/160.0/NVL) CPU/0-0 (3/24.0/PHB) CPU/0-1 (4/10.0/SYS) 
bddx-inf-sci-k8s-a800-03849:1253315:1254282 [1] NCCL INFO GPU/0-4d000 :GPU/0-12000 (2/160.0/NVL) GPU/0-18000 (2/160.0/NVL) GPU/0-49000 (2/160.0/NVL) GPU/0-4d000 (0/5000.0/LOC) GPU/0-89000 (2/160.0/NVL) GPU/0-8e000 (2/160.0/NVL) GPU/0-c5000 (2/160.0/NVL) GPU/0-c9000 (2/160.0/NVL) NVS/0-0 (1/160.0/NVL) CPU/0-0 (3/24.0/PHB) CPU/0-1 (4/10.0/SYS) 
bddx-inf-sci-k8s-a800-03849:1253315:1254282 [1] NCCL INFO GPU/0-89000 :GPU/0-12000 (2/160.0/NVL) GPU/0-18000 (2/160.0/NVL) GPU/0-49000 (2/160.0/NVL) GPU/0-4d000 (2/160.0/NVL) GPU/0-89000 (0/5000.0/LOC) GPU/0-8e000 (2/160.0/NVL) GPU/0-c5000 (2/160.0/NVL) GPU/0-c9000 (2/160.0/NVL) NVS/0-0 (1/160.0/NVL) CPU/0-0 (4/10.0/SYS) CPU/0-1 (3/24.0/PHB) 
bddx-inf-sci-k8s-a800-03849:1253315:1254282 [1] NCCL INFO GPU/0-8e000 :GPU/0-12000 (2/160.0/NVL) GPU/0-18000 (2/160.0/NVL) GPU/0-49000 (2/160.0/NVL) GPU/0-4d000 (2/160.0/NVL) GPU/0-89000 (2/160.0/NVL) GPU/0-8e000 (0/5000.0/LOC) GPU/0-c5000 (2/160.0/NVL) GPU/0-c9000 (2/160.0/NVL) NVS/0-0 (1/160.0/NVL) CPU/0-0 (4/10.0/SYS) CPU/0-1 (3/24.0/PHB) 
bddx-inf-sci-k8s-a800-03849:1253315:1254282 [1] NCCL INFO GPU/0-c5000 :GPU/0-12000 (2/160.0/NVL) GPU/0-18000 (2/160.0/NVL) GPU/0-49000 (2/160.0/NVL) GPU/0-4d000 (2/160.0/NVL) GPU/0-89000 (2/160.0/NVL) GPU/0-8e000 (2/160.0/NVL) GPU/0-c5000 (0/5000.0/LOC) GPU/0-c9000 (2/160.0/NVL) NVS/0-0 (1/160.0/NVL) CPU/0-0 (4/10.0/SYS) CPU/0-1 (3/24.0/PHB) 
bddx-inf-sci-k8s-a800-03849:1253315:1254282 [1] NCCL INFO GPU/0-c9000 :GPU/0-12000 (2/160.0/NVL) GPU/0-18000 (2/160.0/NVL) GPU/0-49000 (2/160.0/NVL) GPU/0-4d000 (2/160.0/NVL) GPU/0-89000 (2/160.0/NVL) GPU/0-8e000 (2/160.0/NVL) GPU/0-c5000 (2/160.0/NVL) GPU/0-c9000 (0/5000.0/LOC) NVS/0-0 (1/160.0/NVL) CPU/0-0 (4/10.0/SYS) CPU/0-1 (3/24.0/PHB) 
bddx-inf-sci-k8s-a800-03849:1253320:1254281 [6] NCCL INFO === System : maxBw 160.0 totalBw 160.0 ===
bddx-inf-sci-k8s-a800-03849:1253315:1254282 [1] NCCL INFO Setting affinity for GPU 1 to 0-31,64-95
bddx-inf-sci-k8s-a800-03849:1253320:1254281 [6] NCCL INFO CPU/0-0 (1/1/2)
bddx-inf-sci-k8s-a800-03849:1253320:1254281 [6] NCCL INFO + PCI[24.0] - PCI/0-c000 (1000c0101000ffff)
bddx-inf-sci-k8s-a800-03849:1253320:1254281 [6] NCCL INFO               + PCI[24.0] - PCI/0-10000 (1000c01010de13b8)
bddx-inf-sci-k8s-a800-03849:1253320:1254281 [6] NCCL INFO                             + PCI[24.0] - GPU/0-12000 (0)
bddx-inf-sci-k8s-a800-03849:1253320:1254281 [6] NCCL INFO                                           + NVL[160.0] - NVS/0-0
bddx-inf-sci-k8s-a800-03849:1253320:1254281 [6] NCCL INFO               + PCI[24.0] - NIC/0-1f002
bddx-inf-sci-k8s-a800-03849:1253320:1254281 [6] NCCL INFO               + PCI[24.0] - PCI/0-16000 (1000c01010de13b8)
bddx-inf-sci-k8s-a800-03849:1253320:1254281 [6] NCCL INFO                             + PCI[24.0] - GPU/0-18000 (1)
bddx-inf-sci-k8s-a800-03849:1253320:1254281 [6] NCCL INFO                                           + NVL[160.0] - NVS/0-0
bddx-inf-sci-k8s-a800-03849:1253320:1254281 [6] NCCL INFO + PCI[24.0] - PCI/0-43000 (1000c0101000ffff)
bddx-inf-sci-k8s-a800-03849:1253320:1254281 [6] NCCL INFO               + PCI[24.0] - NIC/0-5f002
bddx-inf-sci-k8s-a800-03849:1253320:1254281 [6] NCCL INFO               + PCI[24.0] - PCI/0-47000 (1000c01010de13b8)
bddx-inf-sci-k8s-a800-03849:1253320:1254281 [6] NCCL INFO                             + PCI[24.0] - GPU/0-49000 (2)
bddx-inf-sci-k8s-a800-03849:1253320:1254281 [6] NCCL INFO                                           + NVL[160.0] - NVS/0-0
bddx-inf-sci-k8s-a800-03849:1253320:1254281 [6] NCCL INFO               + PCI[24.0] - PCI/0-4b000 (1000c01010de13b8)
bddx-inf-sci-k8s-a800-03849:1253320:1254281 [6] NCCL INFO                             + PCI[24.0] - GPU/0-4d000 (3)
bddx-inf-sci-k8s-a800-03849:1253320:1254281 [6] NCCL INFO                                           + NVL[160.0] - NVS/0-0
bddx-inf-sci-k8s-a800-03849:1253320:1254281 [6] NCCL INFO + SYS[10.0] - CPU/0-1
bddx-inf-sci-k8s-a800-03849:1253320:1254281 [6] NCCL INFO CPU/0-1 (1/1/2)
bddx-inf-sci-k8s-a800-03849:1253320:1254281 [6] NCCL INFO + PCI[24.0] - PCI/0-83000 (1000c0101000ffff)
bddx-inf-sci-k8s-a800-03849:1253320:1254281 [6] NCCL INFO               + PCI[24.0] - NIC/0-95002
bddx-inf-sci-k8s-a800-03849:1253320:1254281 [6] NCCL INFO               + PCI[24.0] - PCI/0-87000 (1000c01010de13b8)
bddx-inf-sci-k8s-a800-03849:1253320:1254281 [6] NCCL INFO                             + PCI[24.0] - GPU/0-89000 (4)
bddx-inf-sci-k8s-a800-03849:1253320:1254281 [6] NCCL INFO                                           + NVL[160.0] - NVS/0-0
bddx-inf-sci-k8s-a800-03849:1253318:1254284 [4] NCCL INFO === System : maxBw 160.0 totalBw 160.0 ===
bddx-inf-sci-k8s-a800-03849:1253320:1254281 [6] NCCL INFO               + PCI[24.0] - PCI/0-8c000 (1000c01010de13b8)
bddx-inf-sci-k8s-a800-03849:1253315:1254282 [1] NCCL INFO NVLS multicast support is not available on dev 1 (NVLS_NCHANNELS 0)
bddx-inf-sci-k8s-a800-03849:1253318:1254284 [4] NCCL INFO CPU/0-0 (1/1/2)
bddx-inf-sci-k8s-a800-03849:1253320:1254281 [6] NCCL INFO                             + PCI[24.0] - GPU/0-8e000 (5)
bddx-inf-sci-k8s-a800-03849:1253318:1254284 [4] NCCL INFO + PCI[24.0] - PCI/0-c000 (1000c0101000ffff)
bddx-inf-sci-k8s-a800-03849:1253320:1254281 [6] NCCL INFO                                           + NVL[160.0] - NVS/0-0
bddx-inf-sci-k8s-a800-03849:1253318:1254284 [4] NCCL INFO               + PCI[24.0] - PCI/0-10000 (1000c01010de13b8)
bddx-inf-sci-k8s-a800-03849:1253320:1254281 [6] NCCL INFO + PCI[24.0] - PCI/0-bf000 (1000c0101000ffff)
bddx-inf-sci-k8s-a800-03849:1253318:1254284 [4] NCCL INFO                             + PCI[24.0] - GPU/0-12000 (0)
bddx-inf-sci-k8s-a800-03849:1253320:1254281 [6] NCCL INFO               + PCI[24.0] - NIC/0-cc002
bddx-inf-sci-k8s-a800-03849:1253318:1254284 [4] NCCL INFO                                           + NVL[160.0] - NVS/0-0
bddx-inf-sci-k8s-a800-03849:1253320:1254281 [6] NCCL INFO               + PCI[24.0] - PCI/0-c3000 (1000c01010de13b8)
bddx-inf-sci-k8s-a800-03849:1253318:1254284 [4] NCCL INFO               + PCI[24.0] - NIC/0-1f002
bddx-inf-sci-k8s-a800-03849:1253320:1254281 [6] NCCL INFO                             + PCI[24.0] - GPU/0-c5000 (6)
bddx-inf-sci-k8s-a800-03849:1253318:1254284 [4] NCCL INFO               + PCI[24.0] - PCI/0-16000 (1000c01010de13b8)
bddx-inf-sci-k8s-a800-03849:1253320:1254281 [6] NCCL INFO                                           + NVL[160.0] - NVS/0-0
bddx-inf-sci-k8s-a800-03849:1253318:1254284 [4] NCCL INFO                             + PCI[24.0] - GPU/0-18000 (1)
bddx-inf-sci-k8s-a800-03849:1253320:1254281 [6] NCCL INFO               + PCI[24.0] - PCI/0-c7000 (1000c01010de13b8)
bddx-inf-sci-k8s-a800-03849:1253318:1254284 [4] NCCL INFO                                           + NVL[160.0] - NVS/0-0
bddx-inf-sci-k8s-a800-03849:1253320:1254281 [6] NCCL INFO                             + PCI[24.0] - GPU/0-c9000 (7)
bddx-inf-sci-k8s-a800-03849:1253318:1254284 [4] NCCL INFO + PCI[24.0] - PCI/0-43000 (1000c0101000ffff)
bddx-inf-sci-k8s-a800-03849:1253320:1254281 [6] NCCL INFO                                           + NVL[160.0] - NVS/0-0
bddx-inf-sci-k8s-a800-03849:1253318:1254284 [4] NCCL INFO               + PCI[24.0] - NIC/0-5f002
bddx-inf-sci-k8s-a800-03849:1253320:1254281 [6] NCCL INFO + SYS[10.0] - CPU/0-0
bddx-inf-sci-k8s-a800-03849:1253318:1254284 [4] NCCL INFO               + PCI[24.0] - PCI/0-47000 (1000c01010de13b8)
bddx-inf-sci-k8s-a800-03849:1253320:1254281 [6] NCCL INFO ==========================================
bddx-inf-sci-k8s-a800-03849:1253318:1254284 [4] NCCL INFO                             + PCI[24.0] - GPU/0-49000 (2)
bddx-inf-sci-k8s-a800-03849:1253318:1254284 [4] NCCL INFO                                           + NVL[160.0] - NVS/0-0
bddx-inf-sci-k8s-a800-03849:1253318:1254284 [4] NCCL INFO               + PCI[24.0] - PCI/0-4b000 (1000c01010de13b8)
bddx-inf-sci-k8s-a800-03849:1253320:1254281 [6] NCCL INFO GPU/0-12000 :GPU/0-12000 (0/5000.0/LOC) GPU/0-18000 (2/160.0/NVL) GPU/0-49000 (2/160.0/NVL) GPU/0-4d000 (2/160.0/NVL) GPU/0-89000 (2/160.0/NVL) GPU/0-8e000 (2/160.0/NVL) GPU/0-c5000 (2/160.0/NVL) GPU/0-c9000 (2/160.0/NVL) NVS/0-0 (1/160.0/NVL) CPU/0-0 (3/24.0/PHB) CPU/0-1 (4/10.0/SYS) 
bddx-inf-sci-k8s-a800-03849:1253318:1254284 [4] NCCL INFO                             + PCI[24.0] - GPU/0-4d000 (3)
bddx-inf-sci-k8s-a800-03849:1253318:1254284 [4] NCCL INFO                                           + NVL[160.0] - NVS/0-0
bddx-inf-sci-k8s-a800-03849:1253318:1254284 [4] NCCL INFO + SYS[10.0] - CPU/0-1
bddx-inf-sci-k8s-a800-03849:1253320:1254281 [6] NCCL INFO GPU/0-18000 :GPU/0-12000 (2/160.0/NVL) GPU/0-18000 (0/5000.0/LOC) GPU/0-49000 (2/160.0/NVL) GPU/0-4d000 (2/160.0/NVL) GPU/0-89000 (2/160.0/NVL) GPU/0-8e000 (2/160.0/NVL) GPU/0-c5000 (2/160.0/NVL) GPU/0-c9000 (2/160.0/NVL) NVS/0-0 (1/160.0/NVL) CPU/0-0 (3/24.0/PHB) CPU/0-1 (4/10.0/SYS) 
bddx-inf-sci-k8s-a800-03849:1253318:1254284 [4] NCCL INFO CPU/0-1 (1/1/2)
bddx-inf-sci-k8s-a800-03849:1253318:1254284 [4] NCCL INFO + PCI[24.0] - PCI/0-83000 (1000c0101000ffff)
bddx-inf-sci-k8s-a800-03849:1253318:1254284 [4] NCCL INFO               + PCI[24.0] - NIC/0-95002
bddx-inf-sci-k8s-a800-03849:1253320:1254281 [6] NCCL INFO GPU/0-49000 :GPU/0-12000 (2/160.0/NVL) GPU/0-18000 (2/160.0/NVL) GPU/0-49000 (0/5000.0/LOC) GPU/0-4d000 (2/160.0/NVL) GPU/0-89000 (2/160.0/NVL) GPU/0-8e000 (2/160.0/NVL) GPU/0-c5000 (2/160.0/NVL) GPU/0-c9000 (2/160.0/NVL) NVS/0-0 (1/160.0/NVL) CPU/0-0 (3/24.0/PHB) CPU/0-1 (4/10.0/SYS) 
bddx-inf-sci-k8s-a800-03849:1253318:1254284 [4] NCCL INFO               + PCI[24.0] - PCI/0-87000 (1000c01010de13b8)
bddx-inf-sci-k8s-a800-03849:1253318:1254284 [4] NCCL INFO                             + PCI[24.0] - GPU/0-89000 (4)
bddx-inf-sci-k8s-a800-03849:1253318:1254284 [4] NCCL INFO                                           + NVL[160.0] - NVS/0-0
bddx-inf-sci-k8s-a800-03849:1253320:1254281 [6] NCCL INFO GPU/0-4d000 :GPU/0-12000 (2/160.0/NVL) GPU/0-18000 (2/160.0/NVL) GPU/0-49000 (2/160.0/NVL) GPU/0-4d000 (0/5000.0/LOC) GPU/0-89000 (2/160.0/NVL) GPU/0-8e000 (2/160.0/NVL) GPU/0-c5000 (2/160.0/NVL) GPU/0-c9000 (2/160.0/NVL) NVS/0-0 (1/160.0/NVL) CPU/0-0 (3/24.0/PHB) CPU/0-1 (4/10.0/SYS) 
bddx-inf-sci-k8s-a800-03849:1253318:1254284 [4] NCCL INFO               + PCI[24.0] - PCI/0-8c000 (1000c01010de13b8)
bddx-inf-sci-k8s-a800-03849:1253320:1254281 [6] NCCL INFO GPU/0-89000 :GPU/0-12000 (2/160.0/NVL) GPU/0-18000 (2/160.0/NVL) GPU/0-49000 (2/160.0/NVL) GPU/0-4d000 (2/160.0/NVL) GPU/0-89000 (0/5000.0/LOC) GPU/0-8e000 (2/160.0/NVL) GPU/0-c5000 (2/160.0/NVL) GPU/0-c9000 (2/160.0/NVL) NVS/0-0 (1/160.0/NVL) CPU/0-0 (4/10.0/SYS) CPU/0-1 (3/24.0/PHB) 
bddx-inf-sci-k8s-a800-03849:1253318:1254284 [4] NCCL INFO                             + PCI[24.0] - GPU/0-8e000 (5)
bddx-inf-sci-k8s-a800-03849:1253318:1254284 [4] NCCL INFO                                           + NVL[160.0] - NVS/0-0
bddx-inf-sci-k8s-a800-03849:1253318:1254284 [4] NCCL INFO + PCI[24.0] - PCI/0-bf000 (1000c0101000ffff)
bddx-inf-sci-k8s-a800-03849:1253320:1254281 [6] NCCL INFO GPU/0-8e000 :GPU/0-12000 (2/160.0/NVL) GPU/0-18000 (2/160.0/NVL) GPU/0-49000 (2/160.0/NVL) GPU/0-4d000 (2/160.0/NVL) GPU/0-89000 (2/160.0/NVL) GPU/0-8e000 (0/5000.0/LOC) GPU/0-c5000 (2/160.0/NVL) GPU/0-c9000 (2/160.0/NVL) NVS/0-0 (1/160.0/NVL) CPU/0-0 (4/10.0/SYS) CPU/0-1 (3/24.0/PHB) 
bddx-inf-sci-k8s-a800-03849:1253318:1254284 [4] NCCL INFO               + PCI[24.0] - NIC/0-cc002
bddx-inf-sci-k8s-a800-03849:1253318:1254284 [4] NCCL INFO               + PCI[24.0] - PCI/0-c3000 (1000c01010de13b8)
bddx-inf-sci-k8s-a800-03849:1253318:1254284 [4] NCCL INFO                             + PCI[24.0] - GPU/0-c5000 (6)
bddx-inf-sci-k8s-a800-03849:1253320:1254281 [6] NCCL INFO GPU/0-c5000 :GPU/0-12000 (2/160.0/NVL) GPU/0-18000 (2/160.0/NVL) GPU/0-49000 (2/160.0/NVL) GPU/0-4d000 (2/160.0/NVL) GPU/0-89000 (2/160.0/NVL) GPU/0-8e000 (2/160.0/NVL) GPU/0-c5000 (0/5000.0/LOC) GPU/0-c9000 (2/160.0/NVL) NVS/0-0 (1/160.0/NVL) CPU/0-0 (4/10.0/SYS) CPU/0-1 (3/24.0/PHB) 
bddx-inf-sci-k8s-a800-03849:1253318:1254284 [4] NCCL INFO                                           + NVL[160.0] - NVS/0-0
bddx-inf-sci-k8s-a800-03849:1253318:1254284 [4] NCCL INFO               + PCI[24.0] - PCI/0-c7000 (1000c01010de13b8)
bddx-inf-sci-k8s-a800-03849:1253318:1254284 [4] NCCL INFO                             + PCI[24.0] - GPU/0-c9000 (7)
bddx-inf-sci-k8s-a800-03849:1253320:1254281 [6] NCCL INFO GPU/0-c9000 :GPU/0-12000 (2/160.0/NVL) GPU/0-18000 (2/160.0/NVL) GPU/0-49000 (2/160.0/NVL) GPU/0-4d000 (2/160.0/NVL) GPU/0-89000 (2/160.0/NVL) GPU/0-8e000 (2/160.0/NVL) GPU/0-c5000 (2/160.0/NVL) GPU/0-c9000 (0/5000.0/LOC) NVS/0-0 (1/160.0/NVL) CPU/0-0 (4/10.0/SYS) CPU/0-1 (3/24.0/PHB) 
bddx-inf-sci-k8s-a800-03849:1253318:1254284 [4] NCCL INFO                                           + NVL[160.0] - NVS/0-0
bddx-inf-sci-k8s-a800-03849:1253318:1254284 [4] NCCL INFO + SYS[10.0] - CPU/0-0
bddx-inf-sci-k8s-a800-03849:1253318:1254284 [4] NCCL INFO ==========================================
bddx-inf-sci-k8s-a800-03849:1253320:1254281 [6] NCCL INFO Setting affinity for GPU 6 to 32-63,96-127
bddx-inf-sci-k8s-a800-03849:1253318:1254284 [4] NCCL INFO GPU/0-12000 :GPU/0-12000 (0/5000.0/LOC) GPU/0-18000 (2/160.0/NVL) GPU/0-49000 (2/160.0/NVL) GPU/0-4d000 (2/160.0/NVL) GPU/0-89000 (2/160.0/NVL) GPU/0-8e000 (2/160.0/NVL) GPU/0-c5000 (2/160.0/NVL) GPU/0-c9000 (2/160.0/NVL) NVS/0-0 (1/160.0/NVL) CPU/0-0 (3/24.0/PHB) CPU/0-1 (4/10.0/SYS) 
bddx-inf-sci-k8s-a800-03849:1253318:1254284 [4] NCCL INFO GPU/0-18000 :GPU/0-12000 (2/160.0/NVL) GPU/0-18000 (0/5000.0/LOC) GPU/0-49000 (2/160.0/NVL) GPU/0-4d000 (2/160.0/NVL) GPU/0-89000 (2/160.0/NVL) GPU/0-8e000 (2/160.0/NVL) GPU/0-c5000 (2/160.0/NVL) GPU/0-c9000 (2/160.0/NVL) NVS/0-0 (1/160.0/NVL) CPU/0-0 (3/24.0/PHB) CPU/0-1 (4/10.0/SYS) 
bddx-inf-sci-k8s-a800-03849:1253318:1254284 [4] NCCL INFO GPU/0-49000 :GPU/0-12000 (2/160.0/NVL) GPU/0-18000 (2/160.0/NVL) GPU/0-49000 (0/5000.0/LOC) GPU/0-4d000 (2/160.0/NVL) GPU/0-89000 (2/160.0/NVL) GPU/0-8e000 (2/160.0/NVL) GPU/0-c5000 (2/160.0/NVL) GPU/0-c9000 (2/160.0/NVL) NVS/0-0 (1/160.0/NVL) CPU/0-0 (3/24.0/PHB) CPU/0-1 (4/10.0/SYS) 
bddx-inf-sci-k8s-a800-03849:1253318:1254284 [4] NCCL INFO GPU/0-4d000 :GPU/0-12000 (2/160.0/NVL) GPU/0-18000 (2/160.0/NVL) GPU/0-49000 (2/160.0/NVL) GPU/0-4d000 (0/5000.0/LOC) GPU/0-89000 (2/160.0/NVL) GPU/0-8e000 (2/160.0/NVL) GPU/0-c5000 (2/160.0/NVL) GPU/0-c9000 (2/160.0/NVL) NVS/0-0 (1/160.0/NVL) CPU/0-0 (3/24.0/PHB) CPU/0-1 (4/10.0/SYS) 
bddx-inf-sci-k8s-a800-03849:1253318:1254284 [4] NCCL INFO GPU/0-89000 :GPU/0-12000 (2/160.0/NVL) GPU/0-18000 (2/160.0/NVL) GPU/0-49000 (2/160.0/NVL) GPU/0-4d000 (2/160.0/NVL) GPU/0-89000 (0/5000.0/LOC) GPU/0-8e000 (2/160.0/NVL) GPU/0-c5000 (2/160.0/NVL) GPU/0-c9000 (2/160.0/NVL) NVS/0-0 (1/160.0/NVL) CPU/0-0 (4/10.0/SYS) CPU/0-1 (3/24.0/PHB) 
bddx-inf-sci-k8s-a800-03849:1253321:1254279 [7] NCCL INFO === System : maxBw 160.0 totalBw 160.0 ===
bddx-inf-sci-k8s-a800-03849:1253318:1254284 [4] NCCL INFO GPU/0-8e000 :GPU/0-12000 (2/160.0/NVL) GPU/0-18000 (2/160.0/NVL) GPU/0-49000 (2/160.0/NVL) GPU/0-4d000 (2/160.0/NVL) GPU/0-89000 (2/160.0/NVL) GPU/0-8e000 (0/5000.0/LOC) GPU/0-c5000 (2/160.0/NVL) GPU/0-c9000 (2/160.0/NVL) NVS/0-0 (1/160.0/NVL) CPU/0-0 (4/10.0/SYS) CPU/0-1 (3/24.0/PHB) 
bddx-inf-sci-k8s-a800-03849:1253321:1254279 [7] NCCL INFO CPU/0-0 (1/1/2)
bddx-inf-sci-k8s-a800-03849:1253321:1254279 [7] NCCL INFO + PCI[24.0] - PCI/0-c000 (1000c0101000ffff)
bddx-inf-sci-k8s-a800-03849:1253318:1254284 [4] NCCL INFO GPU/0-c5000 :GPU/0-12000 (2/160.0/NVL) GPU/0-18000 (2/160.0/NVL) GPU/0-49000 (2/160.0/NVL) GPU/0-4d000 (2/160.0/NVL) GPU/0-89000 (2/160.0/NVL) GPU/0-8e000 (2/160.0/NVL) GPU/0-c5000 (0/5000.0/LOC) GPU/0-c9000 (2/160.0/NVL) NVS/0-0 (1/160.0/NVL) CPU/0-0 (4/10.0/SYS) CPU/0-1 (3/24.0/PHB) 
bddx-inf-sci-k8s-a800-03849:1253321:1254279 [7] NCCL INFO               + PCI[24.0] - PCI/0-10000 (1000c01010de13b8)
bddx-inf-sci-k8s-a800-03849:1253320:1254281 [6] NCCL INFO NVLS multicast support is not available on dev 6 (NVLS_NCHANNELS 0)
bddx-inf-sci-k8s-a800-03849:1253321:1254279 [7] NCCL INFO                             + PCI[24.0] - GPU/0-12000 (0)
bddx-inf-sci-k8s-a800-03849:1253318:1254284 [4] NCCL INFO GPU/0-c9000 :GPU/0-12000 (2/160.0/NVL) GPU/0-18000 (2/160.0/NVL) GPU/0-49000 (2/160.0/NVL) GPU/0-4d000 (2/160.0/NVL) GPU/0-89000 (2/160.0/NVL) GPU/0-8e000 (2/160.0/NVL) GPU/0-c5000 (2/160.0/NVL) GPU/0-c9000 (0/5000.0/LOC) NVS/0-0 (1/160.0/NVL) CPU/0-0 (4/10.0/SYS) CPU/0-1 (3/24.0/PHB) 
bddx-inf-sci-k8s-a800-03849:1253321:1254279 [7] NCCL INFO                                           + NVL[160.0] - NVS/0-0
bddx-inf-sci-k8s-a800-03849:1253321:1254279 [7] NCCL INFO               + PCI[24.0] - NIC/0-1f002
bddx-inf-sci-k8s-a800-03849:1253321:1254279 [7] NCCL INFO               + PCI[24.0] - PCI/0-16000 (1000c01010de13b8)
bddx-inf-sci-k8s-a800-03849:1253318:1254284 [4] NCCL INFO Setting affinity for GPU 4 to 32-63,96-127
bddx-inf-sci-k8s-a800-03849:1253321:1254279 [7] NCCL INFO                             + PCI[24.0] - GPU/0-18000 (1)
bddx-inf-sci-k8s-a800-03849:1253321:1254279 [7] NCCL INFO                                           + NVL[160.0] - NVS/0-0
bddx-inf-sci-k8s-a800-03849:1253321:1254279 [7] NCCL INFO + PCI[24.0] - PCI/0-43000 (1000c0101000ffff)
bddx-inf-sci-k8s-a800-03849:1253321:1254279 [7] NCCL INFO               + PCI[24.0] - NIC/0-5f002
bddx-inf-sci-k8s-a800-03849:1253321:1254279 [7] NCCL INFO               + PCI[24.0] - PCI/0-47000 (1000c01010de13b8)
bddx-inf-sci-k8s-a800-03849:1253321:1254279 [7] NCCL INFO                             + PCI[24.0] - GPU/0-49000 (2)
bddx-inf-sci-k8s-a800-03849:1253321:1254279 [7] NCCL INFO                                           + NVL[160.0] - NVS/0-0
bddx-inf-sci-k8s-a800-03849:1253321:1254279 [7] NCCL INFO               + PCI[24.0] - PCI/0-4b000 (1000c01010de13b8)
bddx-inf-sci-k8s-a800-03849:1253318:1254284 [4] NCCL INFO NVLS multicast support is not available on dev 4 (NVLS_NCHANNELS 0)
bddx-inf-sci-k8s-a800-03849:1253321:1254279 [7] NCCL INFO                             + PCI[24.0] - GPU/0-4d000 (3)
bddx-inf-sci-k8s-a800-03849:1253315:1254282 [1] NCCL INFO Pattern 4, crossNic 0, nChannels 8, bw 20.000000/20.000000, type NVL/PIX, sameChannels 1
bddx-inf-sci-k8s-a800-03849:1253321:1254279 [7] NCCL INFO                                           + NVL[160.0] - NVS/0-0
bddx-inf-sci-k8s-a800-03849:1253321:1254279 [7] NCCL INFO + SYS[10.0] - CPU/0-1
bddx-inf-sci-k8s-a800-03849:1253315:1254282 [1] NCCL INFO  0 : GPU/0 GPU/1 GPU/2 GPU/3 GPU/4 GPU/5 GPU/6 GPU/7
bddx-inf-sci-k8s-a800-03849:1253321:1254279 [7] NCCL INFO CPU/0-1 (1/1/2)
bddx-inf-sci-k8s-a800-03849:1253315:1254282 [1] NCCL INFO  1 : GPU/0 GPU/1 GPU/2 GPU/3 GPU/4 GPU/5 GPU/6 GPU/7
bddx-inf-sci-k8s-a800-03849:1253321:1254279 [7] NCCL INFO + PCI[24.0] - PCI/0-83000 (1000c0101000ffff)
bddx-inf-sci-k8s-a800-03849:1253315:1254282 [1] NCCL INFO  2 : GPU/0 GPU/1 GPU/2 GPU/3 GPU/4 GPU/5 GPU/6 GPU/7
bddx-inf-sci-k8s-a800-03849:1253321:1254279 [7] NCCL INFO               + PCI[24.0] - NIC/0-95002
bddx-inf-sci-k8s-a800-03849:1253315:1254282 [1] NCCL INFO  3 : GPU/0 GPU/1 GPU/2 GPU/3 GPU/4 GPU/5 GPU/6 GPU/7
bddx-inf-sci-k8s-a800-03849:1253321:1254279 [7] NCCL INFO               + PCI[24.0] - PCI/0-87000 (1000c01010de13b8)
bddx-inf-sci-k8s-a800-03849:1253315:1254282 [1] NCCL INFO  4 : GPU/0 GPU/1 GPU/2 GPU/3 GPU/4 GPU/5 GPU/6 GPU/7
bddx-inf-sci-k8s-a800-03849:1253321:1254279 [7] NCCL INFO                             + PCI[24.0] - GPU/0-89000 (4)
bddx-inf-sci-k8s-a800-03849:1253315:1254282 [1] NCCL INFO  5 : GPU/0 GPU/1 GPU/2 GPU/3 GPU/4 GPU/5 GPU/6 GPU/7
bddx-inf-sci-k8s-a800-03849:1253321:1254279 [7] NCCL INFO                                           + NVL[160.0] - NVS/0-0
bddx-inf-sci-k8s-a800-03849:1253317:1254283 [3] NCCL INFO === System : maxBw 160.0 totalBw 160.0 ===
bddx-inf-sci-k8s-a800-03849:1253315:1254282 [1] NCCL INFO  6 : GPU/0 GPU/1 GPU/2 GPU/3 GPU/4 GPU/5 GPU/6 GPU/7
bddx-inf-sci-k8s-a800-03849:1253317:1254283 [3] NCCL INFO CPU/0-0 (1/1/2)
bddx-inf-sci-k8s-a800-03849:1253321:1254279 [7] NCCL INFO               + PCI[24.0] - PCI/0-8c000 (1000c01010de13b8)
bddx-inf-sci-k8s-a800-03849:1253315:1254282 [1] NCCL INFO  7 : GPU/0 GPU/1 GPU/2 GPU/3 GPU/4 GPU/5 GPU/6 GPU/7
bddx-inf-sci-k8s-a800-03849:1253317:1254283 [3] NCCL INFO + PCI[24.0] - PCI/0-c000 (1000c0101000ffff)
bddx-inf-sci-k8s-a800-03849:1253321:1254279 [7] NCCL INFO                             + PCI[24.0] - GPU/0-8e000 (5)
bddx-inf-sci-k8s-a800-03849:1253317:1254283 [3] NCCL INFO               + PCI[24.0] - PCI/0-10000 (1000c01010de13b8)
bddx-inf-sci-k8s-a800-03849:1253321:1254279 [7] NCCL INFO                                           + NVL[160.0] - NVS/0-0
bddx-inf-sci-k8s-a800-03849:1253317:1254283 [3] NCCL INFO                             + PCI[24.0] - GPU/0-12000 (0)
bddx-inf-sci-k8s-a800-03849:1253321:1254279 [7] NCCL INFO + PCI[24.0] - PCI/0-bf000 (1000c0101000ffff)
bddx-inf-sci-k8s-a800-03849:1253317:1254283 [3] NCCL INFO                                           + NVL[160.0] - NVS/0-0
bddx-inf-sci-k8s-a800-03849:1253321:1254279 [7] NCCL INFO               + PCI[24.0] - NIC/0-cc002
bddx-inf-sci-k8s-a800-03849:1253317:1254283 [3] NCCL INFO               + PCI[24.0] - NIC/0-1f002
bddx-inf-sci-k8s-a800-03849:1253321:1254279 [7] NCCL INFO               + PCI[24.0] - PCI/0-c3000 (1000c01010de13b8)
bddx-inf-sci-k8s-a800-03849:1253317:1254283 [3] NCCL INFO               + PCI[24.0] - PCI/0-16000 (1000c01010de13b8)
bddx-inf-sci-k8s-a800-03849:1253321:1254279 [7] NCCL INFO                             + PCI[24.0] - GPU/0-c5000 (6)
bddx-inf-sci-k8s-a800-03849:1253317:1254283 [3] NCCL INFO                             + PCI[24.0] - GPU/0-18000 (1)
bddx-inf-sci-k8s-a800-03849:1253321:1254279 [7] NCCL INFO                                           + NVL[160.0] - NVS/0-0
bddx-inf-sci-k8s-a800-03849:1253317:1254283 [3] NCCL INFO                                           + NVL[160.0] - NVS/0-0
bddx-inf-sci-k8s-a800-03849:1253321:1254279 [7] NCCL INFO               + PCI[24.0] - PCI/0-c7000 (1000c01010de13b8)
bddx-inf-sci-k8s-a800-03849:1253317:1254283 [3] NCCL INFO + PCI[24.0] - PCI/0-43000 (1000c0101000ffff)
bddx-inf-sci-k8s-a800-03849:1253321:1254279 [7] NCCL INFO                             + PCI[24.0] - GPU/0-c9000 (7)
bddx-inf-sci-k8s-a800-03849:1253317:1254283 [3] NCCL INFO               + PCI[24.0] - NIC/0-5f002
bddx-inf-sci-k8s-a800-03849:1253321:1254279 [7] NCCL INFO                                           + NVL[160.0] - NVS/0-0
bddx-inf-sci-k8s-a800-03849:1253317:1254283 [3] NCCL INFO               + PCI[24.0] - PCI/0-47000 (1000c01010de13b8)
bddx-inf-sci-k8s-a800-03849:1253321:1254279 [7] NCCL INFO + SYS[10.0] - CPU/0-0
bddx-inf-sci-k8s-a800-03849:1253317:1254283 [3] NCCL INFO                             + PCI[24.0] - GPU/0-49000 (2)
bddx-inf-sci-k8s-a800-03849:1253321:1254279 [7] NCCL INFO ==========================================
bddx-inf-sci-k8s-a800-03849:1253317:1254283 [3] NCCL INFO                                           + NVL[160.0] - NVS/0-0
bddx-inf-sci-k8s-a800-03849:1253317:1254283 [3] NCCL INFO               + PCI[24.0] - PCI/0-4b000 (1000c01010de13b8)
bddx-inf-sci-k8s-a800-03849:1253317:1254283 [3] NCCL INFO                             + PCI[24.0] - GPU/0-4d000 (3)
bddx-inf-sci-k8s-a800-03849:1253321:1254279 [7] NCCL INFO GPU/0-12000 :GPU/0-12000 (0/5000.0/LOC) GPU/0-18000 (2/160.0/NVL) GPU/0-49000 (2/160.0/NVL) GPU/0-4d000 (2/160.0/NVL) GPU/0-89000 (2/160.0/NVL) GPU/0-8e000 (2/160.0/NVL) GPU/0-c5000 (2/160.0/NVL) GPU/0-c9000 (2/160.0/NVL) NVS/0-0 (1/160.0/NVL) CPU/0-0 (3/24.0/PHB) CPU/0-1 (4/10.0/SYS) 
bddx-inf-sci-k8s-a800-03849:1253317:1254283 [3] NCCL INFO                                           + NVL[160.0] - NVS/0-0
bddx-inf-sci-k8s-a800-03849:1253317:1254283 [3] NCCL INFO + SYS[10.0] - CPU/0-1
bddx-inf-sci-k8s-a800-03849:1253317:1254283 [3] NCCL INFO CPU/0-1 (1/1/2)
bddx-inf-sci-k8s-a800-03849:1253321:1254279 [7] NCCL INFO GPU/0-18000 :GPU/0-12000 (2/160.0/NVL) GPU/0-18000 (0/5000.0/LOC) GPU/0-49000 (2/160.0/NVL) GPU/0-4d000 (2/160.0/NVL) GPU/0-89000 (2/160.0/NVL) GPU/0-8e000 (2/160.0/NVL) GPU/0-c5000 (2/160.0/NVL) GPU/0-c9000 (2/160.0/NVL) NVS/0-0 (1/160.0/NVL) CPU/0-0 (3/24.0/PHB) CPU/0-1 (4/10.0/SYS) 
bddx-inf-sci-k8s-a800-03849:1253317:1254283 [3] NCCL INFO + PCI[24.0] - PCI/0-83000 (1000c0101000ffff)
bddx-inf-sci-k8s-a800-03849:1253317:1254283 [3] NCCL INFO               + PCI[24.0] - NIC/0-95002
bddx-inf-sci-k8s-a800-03849:1253317:1254283 [3] NCCL INFO               + PCI[24.0] - PCI/0-87000 (1000c01010de13b8)
bddx-inf-sci-k8s-a800-03849:1253321:1254279 [7] NCCL INFO GPU/0-49000 :GPU/0-12000 (2/160.0/NVL) GPU/0-18000 (2/160.0/NVL) GPU/0-49000 (0/5000.0/LOC) GPU/0-4d000 (2/160.0/NVL) GPU/0-89000 (2/160.0/NVL) GPU/0-8e000 (2/160.0/NVL) GPU/0-c5000 (2/160.0/NVL) GPU/0-c9000 (2/160.0/NVL) NVS/0-0 (1/160.0/NVL) CPU/0-0 (3/24.0/PHB) CPU/0-1 (4/10.0/SYS) 
bddx-inf-sci-k8s-a800-03849:1253317:1254283 [3] NCCL INFO                             + PCI[24.0] - GPU/0-89000 (4)
bddx-inf-sci-k8s-a800-03849:1253317:1254283 [3] NCCL INFO                                           + NVL[160.0] - NVS/0-0
bddx-inf-sci-k8s-a800-03849:1253317:1254283 [3] NCCL INFO               + PCI[24.0] - PCI/0-8c000 (1000c01010de13b8)
bddx-inf-sci-k8s-a800-03849:1253321:1254279 [7] NCCL INFO GPU/0-4d000 :GPU/0-12000 (2/160.0/NVL) GPU/0-18000 (2/160.0/NVL) GPU/0-49000 (2/160.0/NVL) GPU/0-4d000 (0/5000.0/LOC) GPU/0-89000 (2/160.0/NVL) GPU/0-8e000 (2/160.0/NVL) GPU/0-c5000 (2/160.0/NVL) GPU/0-c9000 (2/160.0/NVL) NVS/0-0 (1/160.0/NVL) CPU/0-0 (3/24.0/PHB) CPU/0-1 (4/10.0/SYS) 
bddx-inf-sci-k8s-a800-03849:1253317:1254283 [3] NCCL INFO                             + PCI[24.0] - GPU/0-8e000 (5)
bddx-inf-sci-k8s-a800-03849:1253317:1254283 [3] NCCL INFO                                           + NVL[160.0] - NVS/0-0
bddx-inf-sci-k8s-a800-03849:1253317:1254283 [3] NCCL INFO + PCI[24.0] - PCI/0-bf000 (1000c0101000ffff)
bddx-inf-sci-k8s-a800-03849:1253321:1254279 [7] NCCL INFO GPU/0-89000 :GPU/0-12000 (2/160.0/NVL) GPU/0-18000 (2/160.0/NVL) GPU/0-49000 (2/160.0/NVL) GPU/0-4d000 (2/160.0/NVL) GPU/0-89000 (0/5000.0/LOC) GPU/0-8e000 (2/160.0/NVL) GPU/0-c5000 (2/160.0/NVL) GPU/0-c9000 (2/160.0/NVL) NVS/0-0 (1/160.0/NVL) CPU/0-0 (4/10.0/SYS) CPU/0-1 (3/24.0/PHB) 
bddx-inf-sci-k8s-a800-03849:1253317:1254283 [3] NCCL INFO               + PCI[24.0] - NIC/0-cc002
bddx-inf-sci-k8s-a800-03849:1253317:1254283 [3] NCCL INFO               + PCI[24.0] - PCI/0-c3000 (1000c01010de13b8)
bddx-inf-sci-k8s-a800-03849:1253319:1254280 [5] NCCL INFO === System : maxBw 160.0 totalBw 160.0 ===
bddx-inf-sci-k8s-a800-03849:1253317:1254283 [3] NCCL INFO                             + PCI[24.0] - GPU/0-c5000 (6)
bddx-inf-sci-k8s-a800-03849:1253321:1254279 [7] NCCL INFO GPU/0-8e000 :GPU/0-12000 (2/160.0/NVL) GPU/0-18000 (2/160.0/NVL) GPU/0-49000 (2/160.0/NVL) GPU/0-4d000 (2/160.0/NVL) GPU/0-89000 (2/160.0/NVL) GPU/0-8e000 (0/5000.0/LOC) GPU/0-c5000 (2/160.0/NVL) GPU/0-c9000 (2/160.0/NVL) NVS/0-0 (1/160.0/NVL) CPU/0-0 (4/10.0/SYS) CPU/0-1 (3/24.0/PHB) 
bddx-inf-sci-k8s-a800-03849:1253315:1254282 [1] NCCL INFO Pattern 1, crossNic 0, nChannels 8, bw 20.000000/20.000000, type NVL/PIX, sameChannels 1
bddx-inf-sci-k8s-a800-03849:1253319:1254280 [5] NCCL INFO CPU/0-0 (1/1/2)
bddx-inf-sci-k8s-a800-03849:1253317:1254283 [3] NCCL INFO                                           + NVL[160.0] - NVS/0-0
bddx-inf-sci-k8s-a800-03849:1253315:1254282 [1] NCCL INFO  0 : GPU/0 GPU/1 GPU/2 GPU/3 GPU/4 GPU/5 GPU/6 GPU/7
bddx-inf-sci-k8s-a800-03849:1253321:1254279 [7] NCCL INFO GPU/0-c5000 :GPU/0-12000 (2/160.0/NVL) GPU/0-18000 (2/160.0/NVL) GPU/0-49000 (2/160.0/NVL) GPU/0-4d000 (2/160.0/NVL) GPU/0-89000 (2/160.0/NVL) GPU/0-8e000 (2/160.0/NVL) GPU/0-c5000 (0/5000.0/LOC) GPU/0-c9000 (2/160.0/NVL) NVS/0-0 (1/160.0/NVL) CPU/0-0 (4/10.0/SYS) CPU/0-1 (3/24.0/PHB) 
bddx-inf-sci-k8s-a800-03849:1253319:1254280 [5] NCCL INFO + PCI[24.0] - PCI/0-c000 (1000c0101000ffff)
bddx-inf-sci-k8s-a800-03849:1253317:1254283 [3] NCCL INFO               + PCI[24.0] - PCI/0-c7000 (1000c01010de13b8)
bddx-inf-sci-k8s-a800-03849:1253315:1254282 [1] NCCL INFO  1 : GPU/0 GPU/1 GPU/2 GPU/3 GPU/4 GPU/5 GPU/6 GPU/7
bddx-inf-sci-k8s-a800-03849:1253319:1254280 [5] NCCL INFO               + PCI[24.0] - PCI/0-10000 (1000c01010de13b8)
bddx-inf-sci-k8s-a800-03849:1253317:1254283 [3] NCCL INFO                             + PCI[24.0] - GPU/0-c9000 (7)
bddx-inf-sci-k8s-a800-03849:1253321:1254279 [7] NCCL INFO GPU/0-c9000 :GPU/0-12000 (2/160.0/NVL) GPU/0-18000 (2/160.0/NVL) GPU/0-49000 (2/160.0/NVL) GPU/0-4d000 (2/160.0/NVL) GPU/0-89000 (2/160.0/NVL) GPU/0-8e000 (2/160.0/NVL) GPU/0-c5000 (2/160.0/NVL) GPU/0-c9000 (0/5000.0/LOC) NVS/0-0 (1/160.0/NVL) CPU/0-0 (4/10.0/SYS) CPU/0-1 (3/24.0/PHB) 
bddx-inf-sci-k8s-a800-03849:1253320:1254281 [6] NCCL INFO Pattern 4, crossNic 0, nChannels 8, bw 20.000000/20.000000, type NVL/PIX, sameChannels 1
bddx-inf-sci-k8s-a800-03849:1253315:1254282 [1] NCCL INFO  2 : GPU/0 GPU/1 GPU/2 GPU/3 GPU/4 GPU/5 GPU/6 GPU/7
bddx-inf-sci-k8s-a800-03849:1253319:1254280 [5] NCCL INFO                             + PCI[24.0] - GPU/0-12000 (0)
bddx-inf-sci-k8s-a800-03849:1253317:1254283 [3] NCCL INFO                                           + NVL[160.0] - NVS/0-0
bddx-inf-sci-k8s-a800-03849:1253318:1254284 [4] NCCL INFO Pattern 4, crossNic 0, nChannels 8, bw 20.000000/20.000000, type NVL/PIX, sameChannels 1
bddx-inf-sci-k8s-a800-03849:1253320:1254281 [6] NCCL INFO  0 : GPU/0 GPU/1 GPU/2 GPU/3 GPU/4 GPU/5 GPU/6 GPU/7
bddx-inf-sci-k8s-a800-03849:1253321:1254279 [7] NCCL INFO Setting affinity for GPU 7 to 32-63,96-127
bddx-inf-sci-k8s-a800-03849:1253315:1254282 [1] NCCL INFO  3 : GPU/0 GPU/1 GPU/2 GPU/3 GPU/4 GPU/5 GPU/6 GPU/7
bddx-inf-sci-k8s-a800-03849:1253319:1254280 [5] NCCL INFO                                           + NVL[160.0] - NVS/0-0
bddx-inf-sci-k8s-a800-03849:1253317:1254283 [3] NCCL INFO + SYS[10.0] - CPU/0-0
bddx-inf-sci-k8s-a800-03849:1253319:1254280 [5] NCCL INFO               + PCI[24.0] - NIC/0-1f002
bddx-inf-sci-k8s-a800-03849:1253318:1254284 [4] NCCL INFO  0 : GPU/0 GPU/1 GPU/2 GPU/3 GPU/4 GPU/5 GPU/6 GPU/7
bddx-inf-sci-k8s-a800-03849:1253320:1254281 [6] NCCL INFO  1 : GPU/0 GPU/1 GPU/2 GPU/3 GPU/4 GPU/5 GPU/6 GPU/7
bddx-inf-sci-k8s-a800-03849:1253315:1254282 [1] NCCL INFO  4 : GPU/0 GPU/1 GPU/2 GPU/3 GPU/4 GPU/5 GPU/6 GPU/7
bddx-inf-sci-k8s-a800-03849:1253317:1254283 [3] NCCL INFO ==========================================
bddx-inf-sci-k8s-a800-03849:1253319:1254280 [5] NCCL INFO               + PCI[24.0] - PCI/0-16000 (1000c01010de13b8)
bddx-inf-sci-k8s-a800-03849:1253318:1254284 [4] NCCL INFO  1 : GPU/0 GPU/1 GPU/2 GPU/3 GPU/4 GPU/5 GPU/6 GPU/7
bddx-inf-sci-k8s-a800-03849:1253320:1254281 [6] NCCL INFO  2 : GPU/0 GPU/1 GPU/2 GPU/3 GPU/4 GPU/5 GPU/6 GPU/7
bddx-inf-sci-k8s-a800-03849:1253315:1254282 [1] NCCL INFO  5 : GPU/0 GPU/1 GPU/2 GPU/3 GPU/4 GPU/5 GPU/6 GPU/7
bddx-inf-sci-k8s-a800-03849:1253319:1254280 [5] NCCL INFO                             + PCI[24.0] - GPU/0-18000 (1)
bddx-inf-sci-k8s-a800-03849:1253315:1254282 [1] NCCL INFO  6 : GPU/0 GPU/1 GPU/2 GPU/3 GPU/4 GPU/5 GPU/6 GPU/7
bddx-inf-sci-k8s-a800-03849:1253317:1254283 [3] NCCL INFO GPU/0-12000 :GPU/0-12000 (0/5000.0/LOC) GPU/0-18000 (2/160.0/NVL) GPU/0-49000 (2/160.0/NVL) GPU/0-4d000 (2/160.0/NVL) GPU/0-89000 (2/160.0/NVL) GPU/0-8e000 (2/160.0/NVL) GPU/0-c5000 (2/160.0/NVL) GPU/0-c9000 (2/160.0/NVL) NVS/0-0 (1/160.0/NVL) CPU/0-0 (3/24.0/PHB) CPU/0-1 (4/10.0/SYS) 
bddx-inf-sci-k8s-a800-03849:1253318:1254284 [4] NCCL INFO  2 : GPU/0 GPU/1 GPU/2 GPU/3 GPU/4 GPU/5 GPU/6 GPU/7
bddx-inf-sci-k8s-a800-03849:1253320:1254281 [6] NCCL INFO  3 : GPU/0 GPU/1 GPU/2 GPU/3 GPU/4 GPU/5 GPU/6 GPU/7
bddx-inf-sci-k8s-a800-03849:1253318:1254284 [4] NCCL INFO  3 : GPU/0 GPU/1 GPU/2 GPU/3 GPU/4 GPU/5 GPU/6 GPU/7
bddx-inf-sci-k8s-a800-03849:1253319:1254280 [5] NCCL INFO                                           + NVL[160.0] - NVS/0-0
bddx-inf-sci-k8s-a800-03849:1253315:1254282 [1] NCCL INFO  7 : GPU/0 GPU/1 GPU/2 GPU/3 GPU/4 GPU/5 GPU/6 GPU/7
bddx-inf-sci-k8s-a800-03849:1253317:1254283 [3] NCCL INFO GPU/0-18000 :GPU/0-12000 (2/160.0/NVL) GPU/0-18000 (0/5000.0/LOC) GPU/0-49000 (2/160.0/NVL) GPU/0-4d000 (2/160.0/NVL) GPU/0-89000 (2/160.0/NVL) GPU/0-8e000 (2/160.0/NVL) GPU/0-c5000 (2/160.0/NVL) GPU/0-c9000 (2/160.0/NVL) NVS/0-0 (1/160.0/NVL) CPU/0-0 (3/24.0/PHB) CPU/0-1 (4/10.0/SYS) 
bddx-inf-sci-k8s-a800-03849:1253318:1254284 [4] NCCL INFO  4 : GPU/0 GPU/1 GPU/2 GPU/3 GPU/4 GPU/5 GPU/6 GPU/7
bddx-inf-sci-k8s-a800-03849:1253320:1254281 [6] NCCL INFO  4 : GPU/0 GPU/1 GPU/2 GPU/3 GPU/4 GPU/5 GPU/6 GPU/7
bddx-inf-sci-k8s-a800-03849:1253319:1254280 [5] NCCL INFO + PCI[24.0] - PCI/0-43000 (1000c0101000ffff)
bddx-inf-sci-k8s-a800-03849:1253318:1254284 [4] NCCL INFO  5 : GPU/0 GPU/1 GPU/2 GPU/3 GPU/4 GPU/5 GPU/6 GPU/7
bddx-inf-sci-k8s-a800-03849:1253320:1254281 [6] NCCL INFO  5 : GPU/0 GPU/1 GPU/2 GPU/3 GPU/4 GPU/5 GPU/6 GPU/7
bddx-inf-sci-k8s-a800-03849:1253319:1254280 [5] NCCL INFO               + PCI[24.0] - NIC/0-5f002
bddx-inf-sci-k8s-a800-03849:1253317:1254283 [3] NCCL INFO GPU/0-49000 :GPU/0-12000 (2/160.0/NVL) GPU/0-18000 (2/160.0/NVL) GPU/0-49000 (0/5000.0/LOC) GPU/0-4d000 (2/160.0/NVL) GPU/0-89000 (2/160.0/NVL) GPU/0-8e000 (2/160.0/NVL) GPU/0-c5000 (2/160.0/NVL) GPU/0-c9000 (2/160.0/NVL) NVS/0-0 (1/160.0/NVL) CPU/0-0 (3/24.0/PHB) CPU/0-1 (4/10.0/SYS) 
bddx-inf-sci-k8s-a800-03849:1253318:1254284 [4] NCCL INFO  6 : GPU/0 GPU/1 GPU/2 GPU/3 GPU/4 GPU/5 GPU/6 GPU/7
bddx-inf-sci-k8s-a800-03849:1253319:1254280 [5] NCCL INFO               + PCI[24.0] - PCI/0-47000 (1000c01010de13b8)
bddx-inf-sci-k8s-a800-03849:1253320:1254281 [6] NCCL INFO  6 : GPU/0 GPU/1 GPU/2 GPU/3 GPU/4 GPU/5 GPU/6 GPU/7
bddx-inf-sci-k8s-a800-03849:1253318:1254284 [4] NCCL INFO  7 : GPU/0 GPU/1 GPU/2 GPU/3 GPU/4 GPU/5 GPU/6 GPU/7
bddx-inf-sci-k8s-a800-03849:1253319:1254280 [5] NCCL INFO                             + PCI[24.0] - GPU/0-49000 (2)
bddx-inf-sci-k8s-a800-03849:1253321:1254279 [7] NCCL INFO NVLS multicast support is not available on dev 7 (NVLS_NCHANNELS 0)
bddx-inf-sci-k8s-a800-03849:1253317:1254283 [3] NCCL INFO GPU/0-4d000 :GPU/0-12000 (2/160.0/NVL) GPU/0-18000 (2/160.0/NVL) GPU/0-49000 (2/160.0/NVL) GPU/0-4d000 (0/5000.0/LOC) GPU/0-89000 (2/160.0/NVL) GPU/0-8e000 (2/160.0/NVL) GPU/0-c5000 (2/160.0/NVL) GPU/0-c9000 (2/160.0/NVL) NVS/0-0 (1/160.0/NVL) CPU/0-0 (3/24.0/PHB) CPU/0-1 (4/10.0/SYS) 
bddx-inf-sci-k8s-a800-03849:1253320:1254281 [6] NCCL INFO  7 : GPU/0 GPU/1 GPU/2 GPU/3 GPU/4 GPU/5 GPU/6 GPU/7
bddx-inf-sci-k8s-a800-03849:1253319:1254280 [5] NCCL INFO                                           + NVL[160.0] - NVS/0-0
bddx-inf-sci-k8s-a800-03849:1253319:1254280 [5] NCCL INFO               + PCI[24.0] - PCI/0-4b000 (1000c01010de13b8)
bddx-inf-sci-k8s-a800-03849:1253317:1254283 [3] NCCL INFO GPU/0-89000 :GPU/0-12000 (2/160.0/NVL) GPU/0-18000 (2/160.0/NVL) GPU/0-49000 (2/160.0/NVL) GPU/0-4d000 (2/160.0/NVL) GPU/0-89000 (0/5000.0/LOC) GPU/0-8e000 (2/160.0/NVL) GPU/0-c5000 (2/160.0/NVL) GPU/0-c9000 (2/160.0/NVL) NVS/0-0 (1/160.0/NVL) CPU/0-0 (4/10.0/SYS) CPU/0-1 (3/24.0/PHB) 
bddx-inf-sci-k8s-a800-03849:1253319:1254280 [5] NCCL INFO                             + PCI[24.0] - GPU/0-4d000 (3)
bddx-inf-sci-k8s-a800-03849:1253319:1254280 [5] NCCL INFO                                           + NVL[160.0] - NVS/0-0
bddx-inf-sci-k8s-a800-03849:1253319:1254280 [5] NCCL INFO + SYS[10.0] - CPU/0-1
bddx-inf-sci-k8s-a800-03849:1253317:1254283 [3] NCCL INFO GPU/0-8e000 :GPU/0-12000 (2/160.0/NVL) GPU/0-18000 (2/160.0/NVL) GPU/0-49000 (2/160.0/NVL) GPU/0-4d000 (2/160.0/NVL) GPU/0-89000 (2/160.0/NVL) GPU/0-8e000 (0/5000.0/LOC) GPU/0-c5000 (2/160.0/NVL) GPU/0-c9000 (2/160.0/NVL) NVS/0-0 (1/160.0/NVL) CPU/0-0 (4/10.0/SYS) CPU/0-1 (3/24.0/PHB) 
bddx-inf-sci-k8s-a800-03849:1253319:1254280 [5] NCCL INFO CPU/0-1 (1/1/2)
bddx-inf-sci-k8s-a800-03849:1253319:1254280 [5] NCCL INFO + PCI[24.0] - PCI/0-83000 (1000c0101000ffff)
bddx-inf-sci-k8s-a800-03849:1253319:1254280 [5] NCCL INFO               + PCI[24.0] - NIC/0-95002
bddx-inf-sci-k8s-a800-03849:1253317:1254283 [3] NCCL INFO GPU/0-c5000 :GPU/0-12000 (2/160.0/NVL) GPU/0-18000 (2/160.0/NVL) GPU/0-49000 (2/160.0/NVL) GPU/0-4d000 (2/160.0/NVL) GPU/0-89000 (2/160.0/NVL) GPU/0-8e000 (2/160.0/NVL) GPU/0-c5000 (0/5000.0/LOC) GPU/0-c9000 (2/160.0/NVL) NVS/0-0 (1/160.0/NVL) CPU/0-0 (4/10.0/SYS) CPU/0-1 (3/24.0/PHB) 
bddx-inf-sci-k8s-a800-03849:1253319:1254280 [5] NCCL INFO               + PCI[24.0] - PCI/0-87000 (1000c01010de13b8)
bddx-inf-sci-k8s-a800-03849:1253319:1254280 [5] NCCL INFO                             + PCI[24.0] - GPU/0-89000 (4)
bddx-inf-sci-k8s-a800-03849:1253319:1254280 [5] NCCL INFO                                           + NVL[160.0] - NVS/0-0
bddx-inf-sci-k8s-a800-03849:1253317:1254283 [3] NCCL INFO GPU/0-c9000 :GPU/0-12000 (2/160.0/NVL) GPU/0-18000 (2/160.0/NVL) GPU/0-49000 (2/160.0/NVL) GPU/0-4d000 (2/160.0/NVL) GPU/0-89000 (2/160.0/NVL) GPU/0-8e000 (2/160.0/NVL) GPU/0-c5000 (2/160.0/NVL) GPU/0-c9000 (0/5000.0/LOC) NVS/0-0 (1/160.0/NVL) CPU/0-0 (4/10.0/SYS) CPU/0-1 (3/24.0/PHB) 
bddx-inf-sci-k8s-a800-03849:1253319:1254280 [5] NCCL INFO               + PCI[24.0] - PCI/0-8c000 (1000c01010de13b8)
bddx-inf-sci-k8s-a800-03849:1253319:1254280 [5] NCCL INFO                             + PCI[24.0] - GPU/0-8e000 (5)
bddx-inf-sci-k8s-a800-03849:1253319:1254280 [5] NCCL INFO                                           + NVL[160.0] - NVS/0-0
bddx-inf-sci-k8s-a800-03849:1253319:1254280 [5] NCCL INFO + PCI[24.0] - PCI/0-bf000 (1000c0101000ffff)
bddx-inf-sci-k8s-a800-03849:1253317:1254283 [3] NCCL INFO Setting affinity for GPU 3 to 0-31,64-95
bddx-inf-sci-k8s-a800-03849:1253319:1254280 [5] NCCL INFO               + PCI[24.0] - NIC/0-cc002
bddx-inf-sci-k8s-a800-03849:1253319:1254280 [5] NCCL INFO               + PCI[24.0] - PCI/0-c3000 (1000c01010de13b8)
bddx-inf-sci-k8s-a800-03849:1253319:1254280 [5] NCCL INFO                             + PCI[24.0] - GPU/0-c5000 (6)
bddx-inf-sci-k8s-a800-03849:1253319:1254280 [5] NCCL INFO                                           + NVL[160.0] - NVS/0-0
bddx-inf-sci-k8s-a800-03849:1253319:1254280 [5] NCCL INFO               + PCI[24.0] - PCI/0-c7000 (1000c01010de13b8)
bddx-inf-sci-k8s-a800-03849:1253319:1254280 [5] NCCL INFO                             + PCI[24.0] - GPU/0-c9000 (7)
bddx-inf-sci-k8s-a800-03849:1253319:1254280 [5] NCCL INFO                                           + NVL[160.0] - NVS/0-0
bddx-inf-sci-k8s-a800-03849:1253319:1254280 [5] NCCL INFO + SYS[10.0] - CPU/0-0
bddx-inf-sci-k8s-a800-03849:1253319:1254280 [5] NCCL INFO ==========================================
bddx-inf-sci-k8s-a800-03849:1253319:1254280 [5] NCCL INFO GPU/0-12000 :GPU/0-12000 (0/5000.0/LOC) GPU/0-18000 (2/160.0/NVL) GPU/0-49000 (2/160.0/NVL) GPU/0-4d000 (2/160.0/NVL) GPU/0-89000 (2/160.0/NVL) GPU/0-8e000 (2/160.0/NVL) GPU/0-c5000 (2/160.0/NVL) GPU/0-c9000 (2/160.0/NVL) NVS/0-0 (1/160.0/NVL) CPU/0-0 (3/24.0/PHB) CPU/0-1 (4/10.0/SYS) 
bddx-inf-sci-k8s-a800-03849:1253319:1254280 [5] NCCL INFO GPU/0-18000 :GPU/0-12000 (2/160.0/NVL) GPU/0-18000 (0/5000.0/LOC) GPU/0-49000 (2/160.0/NVL) GPU/0-4d000 (2/160.0/NVL) GPU/0-89000 (2/160.0/NVL) GPU/0-8e000 (2/160.0/NVL) GPU/0-c5000 (2/160.0/NVL) GPU/0-c9000 (2/160.0/NVL) NVS/0-0 (1/160.0/NVL) CPU/0-0 (3/24.0/PHB) CPU/0-1 (4/10.0/SYS) 
bddx-inf-sci-k8s-a800-03849:1253319:1254280 [5] NCCL INFO GPU/0-49000 :GPU/0-12000 (2/160.0/NVL) GPU/0-18000 (2/160.0/NVL) GPU/0-49000 (0/5000.0/LOC) GPU/0-4d000 (2/160.0/NVL) GPU/0-89000 (2/160.0/NVL) GPU/0-8e000 (2/160.0/NVL) GPU/0-c5000 (2/160.0/NVL) GPU/0-c9000 (2/160.0/NVL) NVS/0-0 (1/160.0/NVL) CPU/0-0 (3/24.0/PHB) CPU/0-1 (4/10.0/SYS) 
bddx-inf-sci-k8s-a800-03849:1253319:1254280 [5] NCCL INFO GPU/0-4d000 :GPU/0-12000 (2/160.0/NVL) GPU/0-18000 (2/160.0/NVL) GPU/0-49000 (2/160.0/NVL) GPU/0-4d000 (0/5000.0/LOC) GPU/0-89000 (2/160.0/NVL) GPU/0-8e000 (2/160.0/NVL) GPU/0-c5000 (2/160.0/NVL) GPU/0-c9000 (2/160.0/NVL) NVS/0-0 (1/160.0/NVL) CPU/0-0 (3/24.0/PHB) CPU/0-1 (4/10.0/SYS) 
bddx-inf-sci-k8s-a800-03849:1253319:1254280 [5] NCCL INFO GPU/0-89000 :GPU/0-12000 (2/160.0/NVL) GPU/0-18000 (2/160.0/NVL) GPU/0-49000 (2/160.0/NVL) GPU/0-4d000 (2/160.0/NVL) GPU/0-89000 (0/5000.0/LOC) GPU/0-8e000 (2/160.0/NVL) GPU/0-c5000 (2/160.0/NVL) GPU/0-c9000 (2/160.0/NVL) NVS/0-0 (1/160.0/NVL) CPU/0-0 (4/10.0/SYS) CPU/0-1 (3/24.0/PHB) 
bddx-inf-sci-k8s-a800-03849:1253318:1254284 [4] NCCL INFO Pattern 1, crossNic 0, nChannels 8, bw 20.000000/20.000000, type NVL/PIX, sameChannels 1
bddx-inf-sci-k8s-a800-03849:1253318:1254284 [4] NCCL INFO  0 : GPU/0 GPU/1 GPU/2 GPU/3 GPU/4 GPU/5 GPU/6 GPU/7
bddx-inf-sci-k8s-a800-03849:1253318:1254284 [4] NCCL INFO  1 : GPU/0 GPU/1 GPU/2 GPU/3 GPU/4 GPU/5 GPU/6 GPU/7
bddx-inf-sci-k8s-a800-03849:1253319:1254280 [5] NCCL INFO GPU/0-8e000 :GPU/0-12000 (2/160.0/NVL) GPU/0-18000 (2/160.0/NVL) GPU/0-49000 (2/160.0/NVL) GPU/0-4d000 (2/160.0/NVL) GPU/0-89000 (2/160.0/NVL) GPU/0-8e000 (0/5000.0/LOC) GPU/0-c5000 (2/160.0/NVL) GPU/0-c9000 (2/160.0/NVL) NVS/0-0 (1/160.0/NVL) CPU/0-0 (4/10.0/SYS) CPU/0-1 (3/24.0/PHB) 
bddx-inf-sci-k8s-a800-03849:1253318:1254284 [4] NCCL INFO  2 : GPU/0 GPU/1 GPU/2 GPU/3 GPU/4 GPU/5 GPU/6 GPU/7
bddx-inf-sci-k8s-a800-03849:1253318:1254284 [4] NCCL INFO  3 : GPU/0 GPU/1 GPU/2 GPU/3 GPU/4 GPU/5 GPU/6 GPU/7
bddx-inf-sci-k8s-a800-03849:1253318:1254284 [4] NCCL INFO  4 : GPU/0 GPU/1 GPU/2 GPU/3 GPU/4 GPU/5 GPU/6 GPU/7
bddx-inf-sci-k8s-a800-03849:1253319:1254280 [5] NCCL INFO GPU/0-c5000 :GPU/0-12000 (2/160.0/NVL) GPU/0-18000 (2/160.0/NVL) GPU/0-49000 (2/160.0/NVL) GPU/0-4d000 (2/160.0/NVL) GPU/0-89000 (2/160.0/NVL) GPU/0-8e000 (2/160.0/NVL) GPU/0-c5000 (0/5000.0/LOC) GPU/0-c9000 (2/160.0/NVL) NVS/0-0 (1/160.0/NVL) CPU/0-0 (4/10.0/SYS) CPU/0-1 (3/24.0/PHB) 
bddx-inf-sci-k8s-a800-03849:1253318:1254284 [4] NCCL INFO  5 : GPU/0 GPU/1 GPU/2 GPU/3 GPU/4 GPU/5 GPU/6 GPU/7
bddx-inf-sci-k8s-a800-03849:1253318:1254284 [4] NCCL INFO  6 : GPU/0 GPU/1 GPU/2 GPU/3 GPU/4 GPU/5 GPU/6 GPU/7
bddx-inf-sci-k8s-a800-03849:1253318:1254284 [4] NCCL INFO  7 : GPU/0 GPU/1 GPU/2 GPU/3 GPU/4 GPU/5 GPU/6 GPU/7
bddx-inf-sci-k8s-a800-03849:1253319:1254280 [5] NCCL INFO GPU/0-c9000 :GPU/0-12000 (2/160.0/NVL) GPU/0-18000 (2/160.0/NVL) GPU/0-49000 (2/160.0/NVL) GPU/0-4d000 (2/160.0/NVL) GPU/0-89000 (2/160.0/NVL) GPU/0-8e000 (2/160.0/NVL) GPU/0-c5000 (2/160.0/NVL) GPU/0-c9000 (0/5000.0/LOC) NVS/0-0 (1/160.0/NVL) CPU/0-0 (4/10.0/SYS) CPU/0-1 (3/24.0/PHB) 
bddx-inf-sci-k8s-a800-03849:1253319:1254280 [5] NCCL INFO Setting affinity for GPU 5 to 32-63,96-127
bddx-inf-sci-k8s-a800-03849:1253319:1254280 [5] NCCL INFO NVLS multicast support is not available on dev 5 (NVLS_NCHANNELS 0)
bddx-inf-sci-k8s-a800-03849:1253320:1254281 [6] NCCL INFO Pattern 1, crossNic 0, nChannels 8, bw 20.000000/20.000000, type NVL/PIX, sameChannels 1
bddx-inf-sci-k8s-a800-03849:1253320:1254281 [6] NCCL INFO  0 : GPU/0 GPU/1 GPU/2 GPU/3 GPU/4 GPU/5 GPU/6 GPU/7
bddx-inf-sci-k8s-a800-03849:1253320:1254281 [6] NCCL INFO  1 : GPU/0 GPU/1 GPU/2 GPU/3 GPU/4 GPU/5 GPU/6 GPU/7
bddx-inf-sci-k8s-a800-03849:1253320:1254281 [6] NCCL INFO  2 : GPU/0 GPU/1 GPU/2 GPU/3 GPU/4 GPU/5 GPU/6 GPU/7
bddx-inf-sci-k8s-a800-03849:1253320:1254281 [6] NCCL INFO  3 : GPU/0 GPU/1 GPU/2 GPU/3 GPU/4 GPU/5 GPU/6 GPU/7
bddx-inf-sci-k8s-a800-03849:1253320:1254281 [6] NCCL INFO  4 : GPU/0 GPU/1 GPU/2 GPU/3 GPU/4 GPU/5 GPU/6 GPU/7
bddx-inf-sci-k8s-a800-03849:1253320:1254281 [6] NCCL INFO  5 : GPU/0 GPU/1 GPU/2 GPU/3 GPU/4 GPU/5 GPU/6 GPU/7
bddx-inf-sci-k8s-a800-03849:1253320:1254281 [6] NCCL INFO  6 : GPU/0 GPU/1 GPU/2 GPU/3 GPU/4 GPU/5 GPU/6 GPU/7
bddx-inf-sci-k8s-a800-03849:1253320:1254281 [6] NCCL INFO  7 : GPU/0 GPU/1 GPU/2 GPU/3 GPU/4 GPU/5 GPU/6 GPU/7
bddx-inf-sci-k8s-a800-03849:1253317:1254283 [3] NCCL INFO NVLS multicast support is not available on dev 3 (NVLS_NCHANNELS 0)
bddx-inf-sci-k8s-a800-03849:1253321:1254279 [7] NCCL INFO Pattern 4, crossNic 0, nChannels 8, bw 20.000000/20.000000, type NVL/PIX, sameChannels 1
bddx-inf-sci-k8s-a800-03849:1253321:1254279 [7] NCCL INFO  0 : GPU/0 GPU/1 GPU/2 GPU/3 GPU/4 GPU/5 GPU/6 GPU/7
bddx-inf-sci-k8s-a800-03849:1253321:1254279 [7] NCCL INFO  1 : GPU/0 GPU/1 GPU/2 GPU/3 GPU/4 GPU/5 GPU/6 GPU/7
bddx-inf-sci-k8s-a800-03849:1253321:1254279 [7] NCCL INFO  2 : GPU/0 GPU/1 GPU/2 GPU/3 GPU/4 GPU/5 GPU/6 GPU/7
bddx-inf-sci-k8s-a800-03849:1253321:1254279 [7] NCCL INFO  3 : GPU/0 GPU/1 GPU/2 GPU/3 GPU/4 GPU/5 GPU/6 GPU/7
bddx-inf-sci-k8s-a800-03849:1253321:1254279 [7] NCCL INFO  4 : GPU/0 GPU/1 GPU/2 GPU/3 GPU/4 GPU/5 GPU/6 GPU/7
bddx-inf-sci-k8s-a800-03849:1253321:1254279 [7] NCCL INFO  5 : GPU/0 GPU/1 GPU/2 GPU/3 GPU/4 GPU/5 GPU/6 GPU/7
bddx-inf-sci-k8s-a800-03849:1253319:1254280 [5] NCCL INFO Pattern 4, crossNic 0, nChannels 8, bw 20.000000/20.000000, type NVL/PIX, sameChannels 1
bddx-inf-sci-k8s-a800-03849:1253321:1254279 [7] NCCL INFO  6 : GPU/0 GPU/1 GPU/2 GPU/3 GPU/4 GPU/5 GPU/6 GPU/7
bddx-inf-sci-k8s-a800-03849:1253319:1254280 [5] NCCL INFO  0 : GPU/0 GPU/1 GPU/2 GPU/3 GPU/4 GPU/5 GPU/6 GPU/7
bddx-inf-sci-k8s-a800-03849:1253321:1254279 [7] NCCL INFO  7 : GPU/0 GPU/1 GPU/2 GPU/3 GPU/4 GPU/5 GPU/6 GPU/7
bddx-inf-sci-k8s-a800-03849:1253319:1254280 [5] NCCL INFO  1 : GPU/0 GPU/1 GPU/2 GPU/3 GPU/4 GPU/5 GPU/6 GPU/7
bddx-inf-sci-k8s-a800-03849:1253319:1254280 [5] NCCL INFO  2 : GPU/0 GPU/1 GPU/2 GPU/3 GPU/4 GPU/5 GPU/6 GPU/7
bddx-inf-sci-k8s-a800-03849:1253319:1254280 [5] NCCL INFO  3 : GPU/0 GPU/1 GPU/2 GPU/3 GPU/4 GPU/5 GPU/6 GPU/7
bddx-inf-sci-k8s-a800-03849:1253319:1254280 [5] NCCL INFO  4 : GPU/0 GPU/1 GPU/2 GPU/3 GPU/4 GPU/5 GPU/6 GPU/7
bddx-inf-sci-k8s-a800-03849:1253319:1254280 [5] NCCL INFO  5 : GPU/0 GPU/1 GPU/2 GPU/3 GPU/4 GPU/5 GPU/6 GPU/7
bddx-inf-sci-k8s-a800-03849:1253319:1254280 [5] NCCL INFO  6 : GPU/0 GPU/1 GPU/2 GPU/3 GPU/4 GPU/5 GPU/6 GPU/7
bddx-inf-sci-k8s-a800-03849:1253319:1254280 [5] NCCL INFO  7 : GPU/0 GPU/1 GPU/2 GPU/3 GPU/4 GPU/5 GPU/6 GPU/7
bddx-inf-sci-k8s-a800-03849:1253317:1254283 [3] NCCL INFO Pattern 4, crossNic 0, nChannels 8, bw 20.000000/20.000000, type NVL/PIX, sameChannels 1
bddx-inf-sci-k8s-a800-03849:1253319:1254280 [5] NCCL INFO Pattern 1, crossNic 0, nChannels 8, bw 20.000000/20.000000, type NVL/PIX, sameChannels 1
bddx-inf-sci-k8s-a800-03849:1253319:1254280 [5] NCCL INFO  0 : GPU/0 GPU/1 GPU/2 GPU/3 GPU/4 GPU/5 GPU/6 GPU/7
bddx-inf-sci-k8s-a800-03849:1253319:1254280 [5] NCCL INFO  1 : GPU/0 GPU/1 GPU/2 GPU/3 GPU/4 GPU/5 GPU/6 GPU/7
bddx-inf-sci-k8s-a800-03849:1253319:1254280 [5] NCCL INFO  2 : GPU/0 GPU/1 GPU/2 GPU/3 GPU/4 GPU/5 GPU/6 GPU/7
bddx-inf-sci-k8s-a800-03849:1253319:1254280 [5] NCCL INFO  3 : GPU/0 GPU/1 GPU/2 GPU/3 GPU/4 GPU/5 GPU/6 GPU/7
bddx-inf-sci-k8s-a800-03849:1253319:1254280 [5] NCCL INFO  4 : GPU/0 GPU/1 GPU/2 GPU/3 GPU/4 GPU/5 GPU/6 GPU/7
bddx-inf-sci-k8s-a800-03849:1253319:1254280 [5] NCCL INFO  5 : GPU/0 GPU/1 GPU/2 GPU/3 GPU/4 GPU/5 GPU/6 GPU/7
bddx-inf-sci-k8s-a800-03849:1253319:1254280 [5] NCCL INFO  6 : GPU/0 GPU/1 GPU/2 GPU/3 GPU/4 GPU/5 GPU/6 GPU/7
bddx-inf-sci-k8s-a800-03849:1253319:1254280 [5] NCCL INFO  7 : GPU/0 GPU/1 GPU/2 GPU/3 GPU/4 GPU/5 GPU/6 GPU/7
bddx-inf-sci-k8s-a800-03849:1253321:1254279 [7] NCCL INFO Pattern 1, crossNic 0, nChannels 8, bw 20.000000/20.000000, type NVL/PIX, sameChannels 1
bddx-inf-sci-k8s-a800-03849:1253321:1254279 [7] NCCL INFO  0 : GPU/0 GPU/1 GPU/2 GPU/3 GPU/4 GPU/5 GPU/6 GPU/7
bddx-inf-sci-k8s-a800-03849:1253321:1254279 [7] NCCL INFO  1 : GPU/0 GPU/1 GPU/2 GPU/3 GPU/4 GPU/5 GPU/6 GPU/7
bddx-inf-sci-k8s-a800-03849:1253321:1254279 [7] NCCL INFO  2 : GPU/0 GPU/1 GPU/2 GPU/3 GPU/4 GPU/5 GPU/6 GPU/7
bddx-inf-sci-k8s-a800-03849:1253321:1254279 [7] NCCL INFO  3 : GPU/0 GPU/1 GPU/2 GPU/3 GPU/4 GPU/5 GPU/6 GPU/7
bddx-inf-sci-k8s-a800-03849:1253321:1254279 [7] NCCL INFO  4 : GPU/0 GPU/1 GPU/2 GPU/3 GPU/4 GPU/5 GPU/6 GPU/7
bddx-inf-sci-k8s-a800-03849:1253321:1254279 [7] NCCL INFO  5 : GPU/0 GPU/1 GPU/2 GPU/3 GPU/4 GPU/5 GPU/6 GPU/7
bddx-inf-sci-k8s-a800-03849:1253321:1254279 [7] NCCL INFO  6 : GPU/0 GPU/1 GPU/2 GPU/3 GPU/4 GPU/5 GPU/6 GPU/7
bddx-inf-sci-k8s-a800-03849:1253321:1254279 [7] NCCL INFO  7 : GPU/0 GPU/1 GPU/2 GPU/3 GPU/4 GPU/5 GPU/6 GPU/7
bddx-inf-sci-k8s-a800-03849:1253317:1254283 [3] NCCL INFO  0 : GPU/0 GPU/1 GPU/2 GPU/3 GPU/4 GPU/5 GPU/6 GPU/7
bddx-inf-sci-k8s-a800-03849:1253317:1254283 [3] NCCL INFO  1 : GPU/0 GPU/1 GPU/2 GPU/3 GPU/4 GPU/5 GPU/6 GPU/7
bddx-inf-sci-k8s-a800-03849:1253317:1254283 [3] NCCL INFO  2 : GPU/0 GPU/1 GPU/2 GPU/3 GPU/4 GPU/5 GPU/6 GPU/7
bddx-inf-sci-k8s-a800-03849:1253317:1254283 [3] NCCL INFO  3 : GPU/0 GPU/1 GPU/2 GPU/3 GPU/4 GPU/5 GPU/6 GPU/7
bddx-inf-sci-k8s-a800-03849:1253317:1254283 [3] NCCL INFO  4 : GPU/0 GPU/1 GPU/2 GPU/3 GPU/4 GPU/5 GPU/6 GPU/7
bddx-inf-sci-k8s-a800-03849:1253317:1254283 [3] NCCL INFO  5 : GPU/0 GPU/1 GPU/2 GPU/3 GPU/4 GPU/5 GPU/6 GPU/7
bddx-inf-sci-k8s-a800-03849:1253317:1254283 [3] NCCL INFO  6 : GPU/0 GPU/1 GPU/2 GPU/3 GPU/4 GPU/5 GPU/6 GPU/7
bddx-inf-sci-k8s-a800-03849:1253317:1254283 [3] NCCL INFO  7 : GPU/0 GPU/1 GPU/2 GPU/3 GPU/4 GPU/5 GPU/6 GPU/7
bddx-inf-sci-k8s-a800-03849:1253317:1254283 [3] NCCL INFO Pattern 1, crossNic 0, nChannels 8, bw 20.000000/20.000000, type NVL/PIX, sameChannels 1
bddx-inf-sci-k8s-a800-03849:1253317:1254283 [3] NCCL INFO  0 : GPU/0 GPU/1 GPU/2 GPU/3 GPU/4 GPU/5 GPU/6 GPU/7
bddx-inf-sci-k8s-a800-03849:1253317:1254283 [3] NCCL INFO  1 : GPU/0 GPU/1 GPU/2 GPU/3 GPU/4 GPU/5 GPU/6 GPU/7
bddx-inf-sci-k8s-a800-03849:1253317:1254283 [3] NCCL INFO  2 : GPU/0 GPU/1 GPU/2 GPU/3 GPU/4 GPU/5 GPU/6 GPU/7
bddx-inf-sci-k8s-a800-03849:1253317:1254283 [3] NCCL INFO  3 : GPU/0 GPU/1 GPU/2 GPU/3 GPU/4 GPU/5 GPU/6 GPU/7
bddx-inf-sci-k8s-a800-03849:1253317:1254283 [3] NCCL INFO  4 : GPU/0 GPU/1 GPU/2 GPU/3 GPU/4 GPU/5 GPU/6 GPU/7
bddx-inf-sci-k8s-a800-03849:1253317:1254283 [3] NCCL INFO  5 : GPU/0 GPU/1 GPU/2 GPU/3 GPU/4 GPU/5 GPU/6 GPU/7
bddx-inf-sci-k8s-a800-03849:1253317:1254283 [3] NCCL INFO  6 : GPU/0 GPU/1 GPU/2 GPU/3 GPU/4 GPU/5 GPU/6 GPU/7
bddx-inf-sci-k8s-a800-03849:1253317:1254283 [3] NCCL INFO  7 : GPU/0 GPU/1 GPU/2 GPU/3 GPU/4 GPU/5 GPU/6 GPU/7
bddx-inf-sci-k8s-a800-03849:1253314:1254285 [0] NCCL INFO GPU Direct RDMA Enabled for GPU 0 / HCA 8 (distance 5 <= 5), read 0 mode Default
bddx-inf-sci-k8s-a800-03849:1253314:1254285 [0] NCCL INFO GPU Direct RDMA Enabled for GPU 1 / HCA 8 (distance 5 <= 5), read 0 mode Default
bddx-inf-sci-k8s-a800-03849:1253314:1254285 [0] NCCL INFO GPU Direct RDMA Enabled for GPU 2 / HCA 8 (distance 5 <= 5), read 0 mode Default
bddx-inf-sci-k8s-a800-03849:1253314:1254285 [0] NCCL INFO GPU Direct RDMA Enabled for GPU 3 / HCA 8 (distance 5 <= 5), read 0 mode Default
bddx-inf-sci-k8s-a800-03849:1253314:1254285 [0] NCCL INFO GPU Direct RDMA Enabled for GPU 4 / HCA 8 (distance 5 <= 5), read 0 mode Default
bddx-inf-sci-k8s-a800-03849:1253314:1254285 [0] NCCL INFO GPU Direct RDMA Enabled for GPU 5 / HCA 8 (distance 5 <= 5), read 0 mode Default
bddx-inf-sci-k8s-a800-03849:1253314:1254285 [0] NCCL INFO GPU Direct RDMA Enabled for GPU 6 / HCA 8 (distance 5 <= 5), read 0 mode Default
bddx-inf-sci-k8s-a800-03849:1253314:1254285 [0] NCCL INFO GPU Direct RDMA Enabled for GPU 7 / HCA 8 (distance 5 <= 5), read 0 mode Default
bddx-inf-sci-k8s-a800-03849:1253314:1254285 [0] NCCL INFO GPU Direct RDMA Enabled for GPU 0 / HCA 9 (distance 5 <= 5), read 0 mode Default
bddx-inf-sci-k8s-a800-03849:1253314:1254285 [0] NCCL INFO GPU Direct RDMA Enabled for GPU 1 / HCA 9 (distance 5 <= 5), read 0 mode Default
bddx-inf-sci-k8s-a800-03849:1253314:1254285 [0] NCCL INFO GPU Direct RDMA Enabled for GPU 2 / HCA 9 (distance 5 <= 5), read 0 mode Default
bddx-inf-sci-k8s-a800-03849:1253314:1254285 [0] NCCL INFO GPU Direct RDMA Enabled for GPU 3 / HCA 9 (distance 5 <= 5), read 0 mode Default
bddx-inf-sci-k8s-a800-03849:1253314:1254285 [0] NCCL INFO GPU Direct RDMA Enabled for GPU 4 / HCA 9 (distance 5 <= 5), read 0 mode Default
bddx-inf-sci-k8s-a800-03849:1253314:1254285 [0] NCCL INFO GPU Direct RDMA Enabled for GPU 5 / HCA 9 (distance 5 <= 5), read 0 mode Default
bddx-inf-sci-k8s-a800-03849:1253314:1254285 [0] NCCL INFO GPU Direct RDMA Enabled for GPU 6 / HCA 9 (distance 5 <= 5), read 0 mode Default
bddx-inf-sci-k8s-a800-03849:1253314:1254285 [0] NCCL INFO GPU Direct RDMA Enabled for GPU 7 / HCA 9 (distance 5 <= 5), read 0 mode Default
bddx-inf-sci-k8s-a800-03849:1253314:1254285 [0] NCCL INFO GPU Direct RDMA Enabled for GPU 0 / HCA a (distance 5 <= 5), read 0 mode Default
bddx-inf-sci-k8s-a800-03849:1253314:1254285 [0] NCCL INFO GPU Direct RDMA Enabled for GPU 1 / HCA a (distance 5 <= 5), read 0 mode Default
bddx-inf-sci-k8s-a800-03849:1253314:1254285 [0] NCCL INFO GPU Direct RDMA Enabled for GPU 2 / HCA a (distance 5 <= 5), read 0 mode Default
bddx-inf-sci-k8s-a800-03849:1253314:1254285 [0] NCCL INFO GPU Direct RDMA Enabled for GPU 3 / HCA a (distance 5 <= 5), read 0 mode Default
bddx-inf-sci-k8s-a800-03849:1253314:1254285 [0] NCCL INFO GPU Direct RDMA Enabled for GPU 4 / HCA a (distance 5 <= 5), read 0 mode Default
bddx-inf-sci-k8s-a800-03849:1253314:1254285 [0] NCCL INFO GPU Direct RDMA Enabled for GPU 5 / HCA a (distance 5 <= 5), read 0 mode Default
bddx-inf-sci-k8s-a800-03849:1253314:1254285 [0] NCCL INFO GPU Direct RDMA Enabled for GPU 6 / HCA a (distance 5 <= 5), read 0 mode Default
bddx-inf-sci-k8s-a800-03849:1253314:1254285 [0] NCCL INFO GPU Direct RDMA Enabled for GPU 7 / HCA a (distance 5 <= 5), read 0 mode Default
bddx-inf-sci-k8s-a800-03849:1253314:1254285 [0] NCCL INFO GPU Direct RDMA Enabled for GPU 0 / HCA b (distance 5 <= 5), read 0 mode Default
bddx-inf-sci-k8s-a800-03849:1253314:1254285 [0] NCCL INFO GPU Direct RDMA Enabled for GPU 1 / HCA b (distance 5 <= 5), read 0 mode Default
bddx-inf-sci-k8s-a800-03849:1253314:1254285 [0] NCCL INFO GPU Direct RDMA Enabled for GPU 2 / HCA b (distance 5 <= 5), read 0 mode Default
bddx-inf-sci-k8s-a800-03849:1253314:1254285 [0] NCCL INFO GPU Direct RDMA Enabled for GPU 3 / HCA b (distance 5 <= 5), read 0 mode Default
bddx-inf-sci-k8s-a800-03849:1253314:1254285 [0] NCCL INFO GPU Direct RDMA Enabled for GPU 4 / HCA b (distance 5 <= 5), read 0 mode Default
bddx-inf-sci-k8s-a800-03849:1253314:1254285 [0] NCCL INFO GPU Direct RDMA Enabled for GPU 5 / HCA b (distance 5 <= 5), read 0 mode Default
bddx-inf-sci-k8s-a800-03849:1253314:1254285 [0] NCCL INFO GPU Direct RDMA Enabled for GPU 6 / HCA b (distance 5 <= 5), read 0 mode Default
bddx-inf-sci-k8s-a800-03849:1253314:1254285 [0] NCCL INFO GPU Direct RDMA Enabled for GPU 7 / HCA b (distance 5 <= 5), read 0 mode Default
bddx-inf-sci-k8s-a800-03849:1253316:1254278 [2] NCCL INFO GPU Direct RDMA Enabled for GPU 0 / HCA 8 (distance 5 <= 5), read 0 mode Default
bddx-inf-sci-k8s-a800-03849:1253316:1254278 [2] NCCL INFO GPU Direct RDMA Enabled for GPU 1 / HCA 8 (distance 5 <= 5), read 0 mode Default
bddx-inf-sci-k8s-a800-03849:1253316:1254278 [2] NCCL INFO GPU Direct RDMA Enabled for GPU 2 / HCA 8 (distance 5 <= 5), read 0 mode Default
bddx-inf-sci-k8s-a800-03849:1253316:1254278 [2] NCCL INFO GPU Direct RDMA Enabled for GPU 3 / HCA 8 (distance 5 <= 5), read 0 mode Default
bddx-inf-sci-k8s-a800-03849:1253316:1254278 [2] NCCL INFO GPU Direct RDMA Enabled for GPU 4 / HCA 8 (distance 5 <= 5), read 0 mode Default
bddx-inf-sci-k8s-a800-03849:1253316:1254278 [2] NCCL INFO GPU Direct RDMA Enabled for GPU 5 / HCA 8 (distance 5 <= 5), read 0 mode Default
bddx-inf-sci-k8s-a800-03849:1253316:1254278 [2] NCCL INFO GPU Direct RDMA Enabled for GPU 6 / HCA 8 (distance 5 <= 5), read 0 mode Default
bddx-inf-sci-k8s-a800-03849:1253316:1254278 [2] NCCL INFO GPU Direct RDMA Enabled for GPU 7 / HCA 8 (distance 5 <= 5), read 0 mode Default
bddx-inf-sci-k8s-a800-03849:1253316:1254278 [2] NCCL INFO GPU Direct RDMA Enabled for GPU 0 / HCA 9 (distance 5 <= 5), read 0 mode Default
bddx-inf-sci-k8s-a800-03849:1253316:1254278 [2] NCCL INFO GPU Direct RDMA Enabled for GPU 1 / HCA 9 (distance 5 <= 5), read 0 mode Default
bddx-inf-sci-k8s-a800-03849:1253316:1254278 [2] NCCL INFO GPU Direct RDMA Enabled for GPU 2 / HCA 9 (distance 5 <= 5), read 0 mode Default
bddx-inf-sci-k8s-a800-03849:1253316:1254278 [2] NCCL INFO GPU Direct RDMA Enabled for GPU 3 / HCA 9 (distance 5 <= 5), read 0 mode Default
bddx-inf-sci-k8s-a800-03849:1253316:1254278 [2] NCCL INFO GPU Direct RDMA Enabled for GPU 4 / HCA 9 (distance 5 <= 5), read 0 mode Default
bddx-inf-sci-k8s-a800-03849:1253316:1254278 [2] NCCL INFO GPU Direct RDMA Enabled for GPU 5 / HCA 9 (distance 5 <= 5), read 0 mode Default
bddx-inf-sci-k8s-a800-03849:1253316:1254278 [2] NCCL INFO GPU Direct RDMA Enabled for GPU 6 / HCA 9 (distance 5 <= 5), read 0 mode Default
bddx-inf-sci-k8s-a800-03849:1253316:1254278 [2] NCCL INFO GPU Direct RDMA Enabled for GPU 7 / HCA 9 (distance 5 <= 5), read 0 mode Default
bddx-inf-sci-k8s-a800-03849:1253316:1254278 [2] NCCL INFO GPU Direct RDMA Enabled for GPU 0 / HCA a (distance 5 <= 5), read 0 mode Default
bddx-inf-sci-k8s-a800-03849:1253316:1254278 [2] NCCL INFO GPU Direct RDMA Enabled for GPU 1 / HCA a (distance 5 <= 5), read 0 mode Default
bddx-inf-sci-k8s-a800-03849:1253316:1254278 [2] NCCL INFO GPU Direct RDMA Enabled for GPU 2 / HCA a (distance 5 <= 5), read 0 mode Default
bddx-inf-sci-k8s-a800-03849:1253316:1254278 [2] NCCL INFO GPU Direct RDMA Enabled for GPU 3 / HCA a (distance 5 <= 5), read 0 mode Default
bddx-inf-sci-k8s-a800-03849:1253316:1254278 [2] NCCL INFO GPU Direct RDMA Enabled for GPU 4 / HCA a (distance 5 <= 5), read 0 mode Default
bddx-inf-sci-k8s-a800-03849:1253316:1254278 [2] NCCL INFO GPU Direct RDMA Enabled for GPU 5 / HCA a (distance 5 <= 5), read 0 mode Default
bddx-inf-sci-k8s-a800-03849:1253316:1254278 [2] NCCL INFO GPU Direct RDMA Enabled for GPU 6 / HCA a (distance 5 <= 5), read 0 mode Default
bddx-inf-sci-k8s-a800-03849:1253316:1254278 [2] NCCL INFO GPU Direct RDMA Enabled for GPU 7 / HCA a (distance 5 <= 5), read 0 mode Default
bddx-inf-sci-k8s-a800-03849:1253316:1254278 [2] NCCL INFO GPU Direct RDMA Enabled for GPU 0 / HCA b (distance 5 <= 5), read 0 mode Default
bddx-inf-sci-k8s-a800-03849:1253316:1254278 [2] NCCL INFO GPU Direct RDMA Enabled for GPU 1 / HCA b (distance 5 <= 5), read 0 mode Default
bddx-inf-sci-k8s-a800-03849:1253316:1254278 [2] NCCL INFO GPU Direct RDMA Enabled for GPU 2 / HCA b (distance 5 <= 5), read 0 mode Default
bddx-inf-sci-k8s-a800-03849:1253316:1254278 [2] NCCL INFO GPU Direct RDMA Enabled for GPU 3 / HCA b (distance 5 <= 5), read 0 mode Default
bddx-inf-sci-k8s-a800-03849:1253316:1254278 [2] NCCL INFO GPU Direct RDMA Enabled for GPU 4 / HCA b (distance 5 <= 5), read 0 mode Default
bddx-inf-sci-k8s-a800-03849:1253316:1254278 [2] NCCL INFO GPU Direct RDMA Enabled for GPU 5 / HCA b (distance 5 <= 5), read 0 mode Default
bddx-inf-sci-k8s-a800-03849:1253316:1254278 [2] NCCL INFO GPU Direct RDMA Enabled for GPU 6 / HCA b (distance 5 <= 5), read 0 mode Default
bddx-inf-sci-k8s-a800-03849:1253316:1254278 [2] NCCL INFO GPU Direct RDMA Enabled for GPU 7 / HCA b (distance 5 <= 5), read 0 mode Default
bddx-inf-sci-k8s-a800-03849:1253314:1254285 [0] NCCL INFO === System : maxBw 160.0 totalBw 160.0 ===
bddx-inf-sci-k8s-a800-03849:1253314:1254285 [0] NCCL INFO CPU/0-0 (1/1/2)
bddx-inf-sci-k8s-a800-03849:1253314:1254285 [0] NCCL INFO + PCI[24.0] - PCI/0-c000 (1000c0101000ffff)
bddx-inf-sci-k8s-a800-03849:1253314:1254285 [0] NCCL INFO               + PCI[24.0] - PCI/0-10000 (1000c01010de13b8)
bddx-inf-sci-k8s-a800-03849:1253314:1254285 [0] NCCL INFO                             + PCI[24.0] - GPU/0-12000 (0)
bddx-inf-sci-k8s-a800-03849:1253314:1254285 [0] NCCL INFO                                           + NVL[160.0] - NVS/0-0
bddx-inf-sci-k8s-a800-03849:1253314:1254285 [0] NCCL INFO               + PCI[24.0] - NIC/0-1f002
bddx-inf-sci-k8s-a800-03849:1253314:1254285 [0] NCCL INFO               + PCI[24.0] - PCI/0-16000 (1000c01010de13b8)
bddx-inf-sci-k8s-a800-03849:1253314:1254285 [0] NCCL INFO                             + PCI[24.0] - GPU/0-18000 (1)
bddx-inf-sci-k8s-a800-03849:1253314:1254285 [0] NCCL INFO                                           + NVL[160.0] - NVS/0-0
bddx-inf-sci-k8s-a800-03849:1253314:1254285 [0] NCCL INFO + PCI[24.0] - PCI/0-43000 (1000c0101000ffff)
bddx-inf-sci-k8s-a800-03849:1253314:1254285 [0] NCCL INFO               + PCI[24.0] - NIC/0-5f002
bddx-inf-sci-k8s-a800-03849:1253314:1254285 [0] NCCL INFO               + PCI[24.0] - PCI/0-47000 (1000c01010de13b8)
bddx-inf-sci-k8s-a800-03849:1253314:1254285 [0] NCCL INFO                             + PCI[24.0] - GPU/0-49000 (2)
bddx-inf-sci-k8s-a800-03849:1253314:1254285 [0] NCCL INFO                                           + NVL[160.0] - NVS/0-0
bddx-inf-sci-k8s-a800-03849:1253314:1254285 [0] NCCL INFO               + PCI[24.0] - PCI/0-4b000 (1000c01010de13b8)
bddx-inf-sci-k8s-a800-03849:1253314:1254285 [0] NCCL INFO                             + PCI[24.0] - GPU/0-4d000 (3)
bddx-inf-sci-k8s-a800-03849:1253314:1254285 [0] NCCL INFO                                           + NVL[160.0] - NVS/0-0
bddx-inf-sci-k8s-a800-03849:1253314:1254285 [0] NCCL INFO + SYS[10.0] - CPU/0-1
bddx-inf-sci-k8s-a800-03849:1253314:1254285 [0] NCCL INFO CPU/0-1 (1/1/2)
bddx-inf-sci-k8s-a800-03849:1253314:1254285 [0] NCCL INFO + PCI[24.0] - PCI/0-83000 (1000c0101000ffff)
bddx-inf-sci-k8s-a800-03849:1253314:1254285 [0] NCCL INFO               + PCI[24.0] - NIC/0-95002
bddx-inf-sci-k8s-a800-03849:1253314:1254285 [0] NCCL INFO               + PCI[24.0] - PCI/0-87000 (1000c01010de13b8)
bddx-inf-sci-k8s-a800-03849:1253314:1254285 [0] NCCL INFO                             + PCI[24.0] - GPU/0-89000 (4)
bddx-inf-sci-k8s-a800-03849:1253314:1254285 [0] NCCL INFO                                           + NVL[160.0] - NVS/0-0
bddx-inf-sci-k8s-a800-03849:1253314:1254285 [0] NCCL INFO               + PCI[24.0] - PCI/0-8c000 (1000c01010de13b8)
bddx-inf-sci-k8s-a800-03849:1253314:1254285 [0] NCCL INFO                             + PCI[24.0] - GPU/0-8e000 (5)
bddx-inf-sci-k8s-a800-03849:1253314:1254285 [0] NCCL INFO                                           + NVL[160.0] - NVS/0-0
bddx-inf-sci-k8s-a800-03849:1253314:1254285 [0] NCCL INFO + PCI[24.0] - PCI/0-bf000 (1000c0101000ffff)
bddx-inf-sci-k8s-a800-03849:1253314:1254285 [0] NCCL INFO               + PCI[24.0] - NIC/0-cc002
bddx-inf-sci-k8s-a800-03849:1253314:1254285 [0] NCCL INFO               + PCI[24.0] - PCI/0-c3000 (1000c01010de13b8)
bddx-inf-sci-k8s-a800-03849:1253314:1254285 [0] NCCL INFO                             + PCI[24.0] - GPU/0-c5000 (6)
bddx-inf-sci-k8s-a800-03849:1253314:1254285 [0] NCCL INFO                                           + NVL[160.0] - NVS/0-0
bddx-inf-sci-k8s-a800-03849:1253314:1254285 [0] NCCL INFO               + PCI[24.0] - PCI/0-c7000 (1000c01010de13b8)
bddx-inf-sci-k8s-a800-03849:1253314:1254285 [0] NCCL INFO                             + PCI[24.0] - GPU/0-c9000 (7)
bddx-inf-sci-k8s-a800-03849:1253314:1254285 [0] NCCL INFO                                           + NVL[160.0] - NVS/0-0
bddx-inf-sci-k8s-a800-03849:1253314:1254285 [0] NCCL INFO + SYS[10.0] - CPU/0-0
bddx-inf-sci-k8s-a800-03849:1253314:1254285 [0] NCCL INFO ==========================================
bddx-inf-sci-k8s-a800-03849:1253314:1254285 [0] NCCL INFO GPU/0-12000 :GPU/0-12000 (0/5000.0/LOC) GPU/0-18000 (2/160.0/NVL) GPU/0-49000 (2/160.0/NVL) GPU/0-4d000 (2/160.0/NVL) GPU/0-89000 (2/160.0/NVL) GPU/0-8e000 (2/160.0/NVL) GPU/0-c5000 (2/160.0/NVL) GPU/0-c9000 (2/160.0/NVL) NVS/0-0 (1/160.0/NVL) CPU/0-0 (3/24.0/PHB) CPU/0-1 (4/10.0/SYS) 
bddx-inf-sci-k8s-a800-03849:1253314:1254285 [0] NCCL INFO GPU/0-18000 :GPU/0-12000 (2/160.0/NVL) GPU/0-18000 (0/5000.0/LOC) GPU/0-49000 (2/160.0/NVL) GPU/0-4d000 (2/160.0/NVL) GPU/0-89000 (2/160.0/NVL) GPU/0-8e000 (2/160.0/NVL) GPU/0-c5000 (2/160.0/NVL) GPU/0-c9000 (2/160.0/NVL) NVS/0-0 (1/160.0/NVL) CPU/0-0 (3/24.0/PHB) CPU/0-1 (4/10.0/SYS) 
bddx-inf-sci-k8s-a800-03849:1253314:1254285 [0] NCCL INFO GPU/0-49000 :GPU/0-12000 (2/160.0/NVL) GPU/0-18000 (2/160.0/NVL) GPU/0-49000 (0/5000.0/LOC) GPU/0-4d000 (2/160.0/NVL) GPU/0-89000 (2/160.0/NVL) GPU/0-8e000 (2/160.0/NVL) GPU/0-c5000 (2/160.0/NVL) GPU/0-c9000 (2/160.0/NVL) NVS/0-0 (1/160.0/NVL) CPU/0-0 (3/24.0/PHB) CPU/0-1 (4/10.0/SYS) 
bddx-inf-sci-k8s-a800-03849:1253314:1254285 [0] NCCL INFO GPU/0-4d000 :GPU/0-12000 (2/160.0/NVL) GPU/0-18000 (2/160.0/NVL) GPU/0-49000 (2/160.0/NVL) GPU/0-4d000 (0/5000.0/LOC) GPU/0-89000 (2/160.0/NVL) GPU/0-8e000 (2/160.0/NVL) GPU/0-c5000 (2/160.0/NVL) GPU/0-c9000 (2/160.0/NVL) NVS/0-0 (1/160.0/NVL) CPU/0-0 (3/24.0/PHB) CPU/0-1 (4/10.0/SYS) 
bddx-inf-sci-k8s-a800-03849:1253314:1254285 [0] NCCL INFO GPU/0-89000 :GPU/0-12000 (2/160.0/NVL) GPU/0-18000 (2/160.0/NVL) GPU/0-49000 (2/160.0/NVL) GPU/0-4d000 (2/160.0/NVL) GPU/0-89000 (0/5000.0/LOC) GPU/0-8e000 (2/160.0/NVL) GPU/0-c5000 (2/160.0/NVL) GPU/0-c9000 (2/160.0/NVL) NVS/0-0 (1/160.0/NVL) CPU/0-0 (4/10.0/SYS) CPU/0-1 (3/24.0/PHB) 
bddx-inf-sci-k8s-a800-03849:1253314:1254285 [0] NCCL INFO GPU/0-8e000 :GPU/0-12000 (2/160.0/NVL) GPU/0-18000 (2/160.0/NVL) GPU/0-49000 (2/160.0/NVL) GPU/0-4d000 (2/160.0/NVL) GPU/0-89000 (2/160.0/NVL) GPU/0-8e000 (0/5000.0/LOC) GPU/0-c5000 (2/160.0/NVL) GPU/0-c9000 (2/160.0/NVL) NVS/0-0 (1/160.0/NVL) CPU/0-0 (4/10.0/SYS) CPU/0-1 (3/24.0/PHB) 
bddx-inf-sci-k8s-a800-03849:1253314:1254285 [0] NCCL INFO GPU/0-c5000 :GPU/0-12000 (2/160.0/NVL) GPU/0-18000 (2/160.0/NVL) GPU/0-49000 (2/160.0/NVL) GPU/0-4d000 (2/160.0/NVL) GPU/0-89000 (2/160.0/NVL) GPU/0-8e000 (2/160.0/NVL) GPU/0-c5000 (0/5000.0/LOC) GPU/0-c9000 (2/160.0/NVL) NVS/0-0 (1/160.0/NVL) CPU/0-0 (4/10.0/SYS) CPU/0-1 (3/24.0/PHB) 
bddx-inf-sci-k8s-a800-03849:1253314:1254285 [0] NCCL INFO GPU/0-c9000 :GPU/0-12000 (2/160.0/NVL) GPU/0-18000 (2/160.0/NVL) GPU/0-49000 (2/160.0/NVL) GPU/0-4d000 (2/160.0/NVL) GPU/0-89000 (2/160.0/NVL) GPU/0-8e000 (2/160.0/NVL) GPU/0-c5000 (2/160.0/NVL) GPU/0-c9000 (0/5000.0/LOC) NVS/0-0 (1/160.0/NVL) CPU/0-0 (4/10.0/SYS) CPU/0-1 (3/24.0/PHB) 
bddx-inf-sci-k8s-a800-03849:1253314:1254285 [0] NCCL INFO Setting affinity for GPU 0 to 0-31,64-95
bddx-inf-sci-k8s-a800-03849:1253314:1254285 [0] NCCL INFO NVLS multicast support is not available on dev 0 (NVLS_NCHANNELS 0)
bddx-inf-sci-k8s-a800-03849:1253314:1254285 [0] NCCL INFO Pattern 4, crossNic 0, nChannels 8, bw 20.000000/20.000000, type NVL/PIX, sameChannels 1
bddx-inf-sci-k8s-a800-03849:1253314:1254285 [0] NCCL INFO  0 : GPU/0 GPU/1 GPU/2 GPU/3 GPU/4 GPU/5 GPU/6 GPU/7
bddx-inf-sci-k8s-a800-03849:1253314:1254285 [0] NCCL INFO  1 : GPU/0 GPU/1 GPU/2 GPU/3 GPU/4 GPU/5 GPU/6 GPU/7
bddx-inf-sci-k8s-a800-03849:1253314:1254285 [0] NCCL INFO  2 : GPU/0 GPU/1 GPU/2 GPU/3 GPU/4 GPU/5 GPU/6 GPU/7
bddx-inf-sci-k8s-a800-03849:1253314:1254285 [0] NCCL INFO  3 : GPU/0 GPU/1 GPU/2 GPU/3 GPU/4 GPU/5 GPU/6 GPU/7
bddx-inf-sci-k8s-a800-03849:1253314:1254285 [0] NCCL INFO  4 : GPU/0 GPU/1 GPU/2 GPU/3 GPU/4 GPU/5 GPU/6 GPU/7
bddx-inf-sci-k8s-a800-03849:1253314:1254285 [0] NCCL INFO  5 : GPU/0 GPU/1 GPU/2 GPU/3 GPU/4 GPU/5 GPU/6 GPU/7
bddx-inf-sci-k8s-a800-03849:1253314:1254285 [0] NCCL INFO  6 : GPU/0 GPU/1 GPU/2 GPU/3 GPU/4 GPU/5 GPU/6 GPU/7
bddx-inf-sci-k8s-a800-03849:1253314:1254285 [0] NCCL INFO  7 : GPU/0 GPU/1 GPU/2 GPU/3 GPU/4 GPU/5 GPU/6 GPU/7
bddx-inf-sci-k8s-a800-03849:1253314:1254285 [0] NCCL INFO Pattern 1, crossNic 0, nChannels 8, bw 20.000000/20.000000, type NVL/PIX, sameChannels 1
bddx-inf-sci-k8s-a800-03849:1253314:1254285 [0] NCCL INFO  0 : GPU/0 GPU/1 GPU/2 GPU/3 GPU/4 GPU/5 GPU/6 GPU/7
bddx-inf-sci-k8s-a800-03849:1253314:1254285 [0] NCCL INFO  1 : GPU/0 GPU/1 GPU/2 GPU/3 GPU/4 GPU/5 GPU/6 GPU/7
bddx-inf-sci-k8s-a800-03849:1253314:1254285 [0] NCCL INFO  2 : GPU/0 GPU/1 GPU/2 GPU/3 GPU/4 GPU/5 GPU/6 GPU/7
bddx-inf-sci-k8s-a800-03849:1253314:1254285 [0] NCCL INFO  3 : GPU/0 GPU/1 GPU/2 GPU/3 GPU/4 GPU/5 GPU/6 GPU/7
bddx-inf-sci-k8s-a800-03849:1253314:1254285 [0] NCCL INFO  4 : GPU/0 GPU/1 GPU/2 GPU/3 GPU/4 GPU/5 GPU/6 GPU/7
bddx-inf-sci-k8s-a800-03849:1253314:1254285 [0] NCCL INFO  5 : GPU/0 GPU/1 GPU/2 GPU/3 GPU/4 GPU/5 GPU/6 GPU/7
bddx-inf-sci-k8s-a800-03849:1253314:1254285 [0] NCCL INFO  6 : GPU/0 GPU/1 GPU/2 GPU/3 GPU/4 GPU/5 GPU/6 GPU/7
bddx-inf-sci-k8s-a800-03849:1253314:1254285 [0] NCCL INFO  7 : GPU/0 GPU/1 GPU/2 GPU/3 GPU/4 GPU/5 GPU/6 GPU/7
bddx-inf-sci-k8s-a800-03849:1253316:1254278 [2] NCCL INFO === System : maxBw 160.0 totalBw 160.0 ===
bddx-inf-sci-k8s-a800-03849:1253316:1254278 [2] NCCL INFO CPU/0-0 (1/1/2)
bddx-inf-sci-k8s-a800-03849:1253316:1254278 [2] NCCL INFO + PCI[24.0] - PCI/0-c000 (1000c0101000ffff)
bddx-inf-sci-k8s-a800-03849:1253316:1254278 [2] NCCL INFO               + PCI[24.0] - PCI/0-10000 (1000c01010de13b8)
bddx-inf-sci-k8s-a800-03849:1253316:1254278 [2] NCCL INFO                             + PCI[24.0] - GPU/0-12000 (0)
bddx-inf-sci-k8s-a800-03849:1253316:1254278 [2] NCCL INFO                                           + NVL[160.0] - NVS/0-0
bddx-inf-sci-k8s-a800-03849:1253316:1254278 [2] NCCL INFO               + PCI[24.0] - NIC/0-1f002
bddx-inf-sci-k8s-a800-03849:1253316:1254278 [2] NCCL INFO               + PCI[24.0] - PCI/0-16000 (1000c01010de13b8)
bddx-inf-sci-k8s-a800-03849:1253316:1254278 [2] NCCL INFO                             + PCI[24.0] - GPU/0-18000 (1)
bddx-inf-sci-k8s-a800-03849:1253316:1254278 [2] NCCL INFO                                           + NVL[160.0] - NVS/0-0
bddx-inf-sci-k8s-a800-03849:1253316:1254278 [2] NCCL INFO + PCI[24.0] - PCI/0-43000 (1000c0101000ffff)
bddx-inf-sci-k8s-a800-03849:1253316:1254278 [2] NCCL INFO               + PCI[24.0] - NIC/0-5f002
bddx-inf-sci-k8s-a800-03849:1253316:1254278 [2] NCCL INFO               + PCI[24.0] - PCI/0-47000 (1000c01010de13b8)
bddx-inf-sci-k8s-a800-03849:1253316:1254278 [2] NCCL INFO                             + PCI[24.0] - GPU/0-49000 (2)
bddx-inf-sci-k8s-a800-03849:1253316:1254278 [2] NCCL INFO                                           + NVL[160.0] - NVS/0-0
bddx-inf-sci-k8s-a800-03849:1253316:1254278 [2] NCCL INFO               + PCI[24.0] - PCI/0-4b000 (1000c01010de13b8)
bddx-inf-sci-k8s-a800-03849:1253316:1254278 [2] NCCL INFO                             + PCI[24.0] - GPU/0-4d000 (3)
bddx-inf-sci-k8s-a800-03849:1253316:1254278 [2] NCCL INFO                                           + NVL[160.0] - NVS/0-0
bddx-inf-sci-k8s-a800-03849:1253316:1254278 [2] NCCL INFO + SYS[10.0] - CPU/0-1
bddx-inf-sci-k8s-a800-03849:1253316:1254278 [2] NCCL INFO CPU/0-1 (1/1/2)
bddx-inf-sci-k8s-a800-03849:1253316:1254278 [2] NCCL INFO + PCI[24.0] - PCI/0-83000 (1000c0101000ffff)
bddx-inf-sci-k8s-a800-03849:1253316:1254278 [2] NCCL INFO               + PCI[24.0] - NIC/0-95002
bddx-inf-sci-k8s-a800-03849:1253316:1254278 [2] NCCL INFO               + PCI[24.0] - PCI/0-87000 (1000c01010de13b8)
bddx-inf-sci-k8s-a800-03849:1253316:1254278 [2] NCCL INFO                             + PCI[24.0] - GPU/0-89000 (4)
bddx-inf-sci-k8s-a800-03849:1253316:1254278 [2] NCCL INFO                                           + NVL[160.0] - NVS/0-0
bddx-inf-sci-k8s-a800-03849:1253316:1254278 [2] NCCL INFO               + PCI[24.0] - PCI/0-8c000 (1000c01010de13b8)
bddx-inf-sci-k8s-a800-03849:1253316:1254278 [2] NCCL INFO                             + PCI[24.0] - GPU/0-8e000 (5)
bddx-inf-sci-k8s-a800-03849:1253316:1254278 [2] NCCL INFO                                           + NVL[160.0] - NVS/0-0
bddx-inf-sci-k8s-a800-03849:1253316:1254278 [2] NCCL INFO + PCI[24.0] - PCI/0-bf000 (1000c0101000ffff)
bddx-inf-sci-k8s-a800-03849:1253316:1254278 [2] NCCL INFO               + PCI[24.0] - NIC/0-cc002
bddx-inf-sci-k8s-a800-03849:1253316:1254278 [2] NCCL INFO               + PCI[24.0] - PCI/0-c3000 (1000c01010de13b8)
bddx-inf-sci-k8s-a800-03849:1253316:1254278 [2] NCCL INFO                             + PCI[24.0] - GPU/0-c5000 (6)
bddx-inf-sci-k8s-a800-03849:1253316:1254278 [2] NCCL INFO                                           + NVL[160.0] - NVS/0-0
bddx-inf-sci-k8s-a800-03849:1253316:1254278 [2] NCCL INFO               + PCI[24.0] - PCI/0-c7000 (1000c01010de13b8)
bddx-inf-sci-k8s-a800-03849:1253316:1254278 [2] NCCL INFO                             + PCI[24.0] - GPU/0-c9000 (7)
bddx-inf-sci-k8s-a800-03849:1253316:1254278 [2] NCCL INFO                                           + NVL[160.0] - NVS/0-0
bddx-inf-sci-k8s-a800-03849:1253316:1254278 [2] NCCL INFO + SYS[10.0] - CPU/0-0
bddx-inf-sci-k8s-a800-03849:1253316:1254278 [2] NCCL INFO ==========================================
bddx-inf-sci-k8s-a800-03849:1253316:1254278 [2] NCCL INFO GPU/0-12000 :GPU/0-12000 (0/5000.0/LOC) GPU/0-18000 (2/160.0/NVL) GPU/0-49000 (2/160.0/NVL) GPU/0-4d000 (2/160.0/NVL) GPU/0-89000 (2/160.0/NVL) GPU/0-8e000 (2/160.0/NVL) GPU/0-c5000 (2/160.0/NVL) GPU/0-c9000 (2/160.0/NVL) NVS/0-0 (1/160.0/NVL) CPU/0-0 (3/24.0/PHB) CPU/0-1 (4/10.0/SYS) 
bddx-inf-sci-k8s-a800-03849:1253316:1254278 [2] NCCL INFO GPU/0-18000 :GPU/0-12000 (2/160.0/NVL) GPU/0-18000 (0/5000.0/LOC) GPU/0-49000 (2/160.0/NVL) GPU/0-4d000 (2/160.0/NVL) GPU/0-89000 (2/160.0/NVL) GPU/0-8e000 (2/160.0/NVL) GPU/0-c5000 (2/160.0/NVL) GPU/0-c9000 (2/160.0/NVL) NVS/0-0 (1/160.0/NVL) CPU/0-0 (3/24.0/PHB) CPU/0-1 (4/10.0/SYS) 
bddx-inf-sci-k8s-a800-03849:1253316:1254278 [2] NCCL INFO GPU/0-49000 :GPU/0-12000 (2/160.0/NVL) GPU/0-18000 (2/160.0/NVL) GPU/0-49000 (0/5000.0/LOC) GPU/0-4d000 (2/160.0/NVL) GPU/0-89000 (2/160.0/NVL) GPU/0-8e000 (2/160.0/NVL) GPU/0-c5000 (2/160.0/NVL) GPU/0-c9000 (2/160.0/NVL) NVS/0-0 (1/160.0/NVL) CPU/0-0 (3/24.0/PHB) CPU/0-1 (4/10.0/SYS) 
bddx-inf-sci-k8s-a800-03849:1253316:1254278 [2] NCCL INFO GPU/0-4d000 :GPU/0-12000 (2/160.0/NVL) GPU/0-18000 (2/160.0/NVL) GPU/0-49000 (2/160.0/NVL) GPU/0-4d000 (0/5000.0/LOC) GPU/0-89000 (2/160.0/NVL) GPU/0-8e000 (2/160.0/NVL) GPU/0-c5000 (2/160.0/NVL) GPU/0-c9000 (2/160.0/NVL) NVS/0-0 (1/160.0/NVL) CPU/0-0 (3/24.0/PHB) CPU/0-1 (4/10.0/SYS) 
bddx-inf-sci-k8s-a800-03849:1253316:1254278 [2] NCCL INFO GPU/0-89000 :GPU/0-12000 (2/160.0/NVL) GPU/0-18000 (2/160.0/NVL) GPU/0-49000 (2/160.0/NVL) GPU/0-4d000 (2/160.0/NVL) GPU/0-89000 (0/5000.0/LOC) GPU/0-8e000 (2/160.0/NVL) GPU/0-c5000 (2/160.0/NVL) GPU/0-c9000 (2/160.0/NVL) NVS/0-0 (1/160.0/NVL) CPU/0-0 (4/10.0/SYS) CPU/0-1 (3/24.0/PHB) 
bddx-inf-sci-k8s-a800-03849:1253316:1254278 [2] NCCL INFO GPU/0-8e000 :GPU/0-12000 (2/160.0/NVL) GPU/0-18000 (2/160.0/NVL) GPU/0-49000 (2/160.0/NVL) GPU/0-4d000 (2/160.0/NVL) GPU/0-89000 (2/160.0/NVL) GPU/0-8e000 (0/5000.0/LOC) GPU/0-c5000 (2/160.0/NVL) GPU/0-c9000 (2/160.0/NVL) NVS/0-0 (1/160.0/NVL) CPU/0-0 (4/10.0/SYS) CPU/0-1 (3/24.0/PHB) 
bddx-inf-sci-k8s-a800-03849:1253316:1254278 [2] NCCL INFO GPU/0-c5000 :GPU/0-12000 (2/160.0/NVL) GPU/0-18000 (2/160.0/NVL) GPU/0-49000 (2/160.0/NVL) GPU/0-4d000 (2/160.0/NVL) GPU/0-89000 (2/160.0/NVL) GPU/0-8e000 (2/160.0/NVL) GPU/0-c5000 (0/5000.0/LOC) GPU/0-c9000 (2/160.0/NVL) NVS/0-0 (1/160.0/NVL) CPU/0-0 (4/10.0/SYS) CPU/0-1 (3/24.0/PHB) 
bddx-inf-sci-k8s-a800-03849:1253316:1254278 [2] NCCL INFO GPU/0-c9000 :GPU/0-12000 (2/160.0/NVL) GPU/0-18000 (2/160.0/NVL) GPU/0-49000 (2/160.0/NVL) GPU/0-4d000 (2/160.0/NVL) GPU/0-89000 (2/160.0/NVL) GPU/0-8e000 (2/160.0/NVL) GPU/0-c5000 (2/160.0/NVL) GPU/0-c9000 (0/5000.0/LOC) NVS/0-0 (1/160.0/NVL) CPU/0-0 (4/10.0/SYS) CPU/0-1 (3/24.0/PHB) 
bddx-inf-sci-k8s-a800-03849:1253316:1254278 [2] NCCL INFO Setting affinity for GPU 2 to 0-31,64-95
bddx-inf-sci-k8s-a800-03849:1253316:1254278 [2] NCCL INFO NVLS multicast support is not available on dev 2 (NVLS_NCHANNELS 0)
bddx-inf-sci-k8s-a800-03849:1253316:1254278 [2] NCCL INFO Pattern 4, crossNic 0, nChannels 8, bw 20.000000/20.000000, type NVL/PIX, sameChannels 1
bddx-inf-sci-k8s-a800-03849:1253316:1254278 [2] NCCL INFO  0 : GPU/0 GPU/1 GPU/2 GPU/3 GPU/4 GPU/5 GPU/6 GPU/7
bddx-inf-sci-k8s-a800-03849:1253316:1254278 [2] NCCL INFO  1 : GPU/0 GPU/1 GPU/2 GPU/3 GPU/4 GPU/5 GPU/6 GPU/7
bddx-inf-sci-k8s-a800-03849:1253316:1254278 [2] NCCL INFO  2 : GPU/0 GPU/1 GPU/2 GPU/3 GPU/4 GPU/5 GPU/6 GPU/7
bddx-inf-sci-k8s-a800-03849:1253316:1254278 [2] NCCL INFO  3 : GPU/0 GPU/1 GPU/2 GPU/3 GPU/4 GPU/5 GPU/6 GPU/7
bddx-inf-sci-k8s-a800-03849:1253316:1254278 [2] NCCL INFO  4 : GPU/0 GPU/1 GPU/2 GPU/3 GPU/4 GPU/5 GPU/6 GPU/7
bddx-inf-sci-k8s-a800-03849:1253316:1254278 [2] NCCL INFO  5 : GPU/0 GPU/1 GPU/2 GPU/3 GPU/4 GPU/5 GPU/6 GPU/7
bddx-inf-sci-k8s-a800-03849:1253316:1254278 [2] NCCL INFO  6 : GPU/0 GPU/1 GPU/2 GPU/3 GPU/4 GPU/5 GPU/6 GPU/7
bddx-inf-sci-k8s-a800-03849:1253316:1254278 [2] NCCL INFO  7 : GPU/0 GPU/1 GPU/2 GPU/3 GPU/4 GPU/5 GPU/6 GPU/7
bddx-inf-sci-k8s-a800-03849:1253316:1254278 [2] NCCL INFO Pattern 1, crossNic 0, nChannels 8, bw 20.000000/20.000000, type NVL/PIX, sameChannels 1
bddx-inf-sci-k8s-a800-03849:1253316:1254278 [2] NCCL INFO  0 : GPU/0 GPU/1 GPU/2 GPU/3 GPU/4 GPU/5 GPU/6 GPU/7
bddx-inf-sci-k8s-a800-03849:1253316:1254278 [2] NCCL INFO  1 : GPU/0 GPU/1 GPU/2 GPU/3 GPU/4 GPU/5 GPU/6 GPU/7
bddx-inf-sci-k8s-a800-03849:1253316:1254278 [2] NCCL INFO  2 : GPU/0 GPU/1 GPU/2 GPU/3 GPU/4 GPU/5 GPU/6 GPU/7
bddx-inf-sci-k8s-a800-03849:1253316:1254278 [2] NCCL INFO  3 : GPU/0 GPU/1 GPU/2 GPU/3 GPU/4 GPU/5 GPU/6 GPU/7
bddx-inf-sci-k8s-a800-03849:1253316:1254278 [2] NCCL INFO  4 : GPU/0 GPU/1 GPU/2 GPU/3 GPU/4 GPU/5 GPU/6 GPU/7
bddx-inf-sci-k8s-a800-03849:1253316:1254278 [2] NCCL INFO  5 : GPU/0 GPU/1 GPU/2 GPU/3 GPU/4 GPU/5 GPU/6 GPU/7
bddx-inf-sci-k8s-a800-03849:1253316:1254278 [2] NCCL INFO  6 : GPU/0 GPU/1 GPU/2 GPU/3 GPU/4 GPU/5 GPU/6 GPU/7
bddx-inf-sci-k8s-a800-03849:1253316:1254278 [2] NCCL INFO  7 : GPU/0 GPU/1 GPU/2 GPU/3 GPU/4 GPU/5 GPU/6 GPU/7
bddx-inf-sci-k8s-a800-03849:1253319:1254280 [5] NCCL INFO comm 0x12169a60 rank 5 nRanks 8 nNodes 1 localRanks 8 localRank 5 MNNVL 0
bddx-inf-sci-k8s-a800-03849:1253320:1254281 [6] NCCL INFO comm 0x11e29870 rank 6 nRanks 8 nNodes 1 localRanks 8 localRank 6 MNNVL 0
bddx-inf-sci-k8s-a800-03849:1253318:1254284 [4] NCCL INFO comm 0x12394d50 rank 4 nRanks 8 nNodes 1 localRanks 8 localRank 4 MNNVL 0
bddx-inf-sci-k8s-a800-03849:1253317:1254283 [3] NCCL INFO comm 0x12ff2e30 rank 3 nRanks 8 nNodes 1 localRanks 8 localRank 3 MNNVL 0
bddx-inf-sci-k8s-a800-03849:1253316:1254278 [2] NCCL INFO comm 0x11a07cb0 rank 2 nRanks 8 nNodes 1 localRanks 8 localRank 2 MNNVL 0
bddx-inf-sci-k8s-a800-03849:1253319:1254280 [5] NCCL INFO Ring 00 : 4 -> 5 -> 6
bddx-inf-sci-k8s-a800-03849:1253314:1254285 [0] NCCL INFO comm 0x11f77570 rank 0 nRanks 8 nNodes 1 localRanks 8 localRank 0 MNNVL 0
bddx-inf-sci-k8s-a800-03849:1253321:1254279 [7] NCCL INFO comm 0x136381a0 rank 7 nRanks 8 nNodes 1 localRanks 8 localRank 7 MNNVL 0
bddx-inf-sci-k8s-a800-03849:1253319:1254280 [5] NCCL INFO Ring 01 : 4 -> 5 -> 6
bddx-inf-sci-k8s-a800-03849:1253315:1254282 [1] NCCL INFO comm 0x118c57b0 rank 1 nRanks 8 nNodes 1 localRanks 8 localRank 1 MNNVL 0
bddx-inf-sci-k8s-a800-03849:1253318:1254284 [4] NCCL INFO Ring 00 : 3 -> 4 -> 5
bddx-inf-sci-k8s-a800-03849:1253314:1254285 [0] NCCL INFO Tree 0 : -1 -> 0 -> 1/-1/-1
bddx-inf-sci-k8s-a800-03849:1253320:1254281 [6] NCCL INFO Ring 00 : 5 -> 6 -> 7
bddx-inf-sci-k8s-a800-03849:1253319:1254280 [5] NCCL INFO Ring 02 : 4 -> 5 -> 6
bddx-inf-sci-k8s-a800-03849:1253316:1254278 [2] NCCL INFO Ring 00 : 1 -> 2 -> 3
bddx-inf-sci-k8s-a800-03849:1253317:1254283 [3] NCCL INFO Ring 00 : 2 -> 3 -> 4
bddx-inf-sci-k8s-a800-03849:1253316:1254278 [2] NCCL INFO Ring 01 : 1 -> 2 -> 3
bddx-inf-sci-k8s-a800-03849:1253318:1254284 [4] NCCL INFO Ring 01 : 3 -> 4 -> 5
bddx-inf-sci-k8s-a800-03849:1253316:1254278 [2] NCCL INFO Ring 02 : 1 -> 2 -> 3
bddx-inf-sci-k8s-a800-03849:1253314:1254285 [0] NCCL INFO Tree 8 : -1 -> 0 -> 1/-1/-1
bddx-inf-sci-k8s-a800-03849:1253315:1254282 [1] NCCL INFO Tree 0 : 0 -> 1 -> 2/-1/-1
bddx-inf-sci-k8s-a800-03849:1253320:1254281 [6] NCCL INFO Ring 01 : 5 -> 6 -> 7
bddx-inf-sci-k8s-a800-03849:1253319:1254280 [5] NCCL INFO Ring 03 : 4 -> 5 -> 6
bddx-inf-sci-k8s-a800-03849:1253321:1254279 [7] NCCL INFO Ring 00 : 6 -> 7 -> 0
bddx-inf-sci-k8s-a800-03849:1253317:1254283 [3] NCCL INFO Ring 01 : 2 -> 3 -> 4
bddx-inf-sci-k8s-a800-03849:1253318:1254284 [4] NCCL INFO Ring 02 : 3 -> 4 -> 5
bddx-inf-sci-k8s-a800-03849:1253316:1254278 [2] NCCL INFO Ring 03 : 1 -> 2 -> 3
bddx-inf-sci-k8s-a800-03849:1253314:1254285 [0] NCCL INFO Tree 1 : -1 -> 0 -> 1/-1/-1
bddx-inf-sci-k8s-a800-03849:1253315:1254282 [1] NCCL INFO Tree 8 : 0 -> 1 -> 2/-1/-1
bddx-inf-sci-k8s-a800-03849:1253320:1254281 [6] NCCL INFO Ring 02 : 5 -> 6 -> 7
bddx-inf-sci-k8s-a800-03849:1253319:1254280 [5] NCCL INFO Ring 04 : 4 -> 5 -> 6
bddx-inf-sci-k8s-a800-03849:1253321:1254279 [7] NCCL INFO Ring 01 : 6 -> 7 -> 0
bddx-inf-sci-k8s-a800-03849:1253317:1254283 [3] NCCL INFO Ring 02 : 2 -> 3 -> 4
bddx-inf-sci-k8s-a800-03849:1253318:1254284 [4] NCCL INFO Ring 03 : 3 -> 4 -> 5
bddx-inf-sci-k8s-a800-03849:1253316:1254278 [2] NCCL INFO Ring 04 : 1 -> 2 -> 3
bddx-inf-sci-k8s-a800-03849:1253314:1254285 [0] NCCL INFO Tree 9 : -1 -> 0 -> 1/-1/-1
bddx-inf-sci-k8s-a800-03849:1253315:1254282 [1] NCCL INFO Tree 1 : 0 -> 1 -> 2/-1/-1
bddx-inf-sci-k8s-a800-03849:1253320:1254281 [6] NCCL INFO Ring 03 : 5 -> 6 -> 7
bddx-inf-sci-k8s-a800-03849:1253319:1254280 [5] NCCL INFO Ring 05 : 4 -> 5 -> 6
bddx-inf-sci-k8s-a800-03849:1253321:1254279 [7] NCCL INFO Ring 02 : 6 -> 7 -> 0
bddx-inf-sci-k8s-a800-03849:1253317:1254283 [3] NCCL INFO Ring 03 : 2 -> 3 -> 4
bddx-inf-sci-k8s-a800-03849:1253318:1254284 [4] NCCL INFO Ring 04 : 3 -> 4 -> 5
bddx-inf-sci-k8s-a800-03849:1253316:1254278 [2] NCCL INFO Ring 05 : 1 -> 2 -> 3
bddx-inf-sci-k8s-a800-03849:1253314:1254285 [0] NCCL INFO Tree 2 : -1 -> 0 -> 1/-1/-1
bddx-inf-sci-k8s-a800-03849:1253315:1254282 [1] NCCL INFO Tree 9 : 0 -> 1 -> 2/-1/-1
bddx-inf-sci-k8s-a800-03849:1253320:1254281 [6] NCCL INFO Ring 04 : 5 -> 6 -> 7
bddx-inf-sci-k8s-a800-03849:1253319:1254280 [5] NCCL INFO Ring 06 : 4 -> 5 -> 6
bddx-inf-sci-k8s-a800-03849:1253321:1254279 [7] NCCL INFO Ring 03 : 6 -> 7 -> 0
bddx-inf-sci-k8s-a800-03849:1253317:1254283 [3] NCCL INFO Ring 04 : 2 -> 3 -> 4
bddx-inf-sci-k8s-a800-03849:1253318:1254284 [4] NCCL INFO Ring 05 : 3 -> 4 -> 5
bddx-inf-sci-k8s-a800-03849:1253316:1254278 [2] NCCL INFO Ring 06 : 1 -> 2 -> 3
bddx-inf-sci-k8s-a800-03849:1253314:1254285 [0] NCCL INFO Tree 10 : -1 -> 0 -> 1/-1/-1
bddx-inf-sci-k8s-a800-03849:1253315:1254282 [1] NCCL INFO Tree 2 : 0 -> 1 -> 2/-1/-1
bddx-inf-sci-k8s-a800-03849:1253320:1254281 [6] NCCL INFO Ring 05 : 5 -> 6 -> 7
bddx-inf-sci-k8s-a800-03849:1253319:1254280 [5] NCCL INFO Ring 07 : 4 -> 5 -> 6
bddx-inf-sci-k8s-a800-03849:1253321:1254279 [7] NCCL INFO Ring 04 : 6 -> 7 -> 0
bddx-inf-sci-k8s-a800-03849:1253317:1254283 [3] NCCL INFO Ring 05 : 2 -> 3 -> 4
bddx-inf-sci-k8s-a800-03849:1253318:1254284 [4] NCCL INFO Ring 06 : 3 -> 4 -> 5
bddx-inf-sci-k8s-a800-03849:1253316:1254278 [2] NCCL INFO Ring 07 : 1 -> 2 -> 3
bddx-inf-sci-k8s-a800-03849:1253314:1254285 [0] NCCL INFO Tree 3 : -1 -> 0 -> 1/-1/-1
bddx-inf-sci-k8s-a800-03849:1253315:1254282 [1] NCCL INFO Tree 10 : 0 -> 1 -> 2/-1/-1
bddx-inf-sci-k8s-a800-03849:1253320:1254281 [6] NCCL INFO Ring 06 : 5 -> 6 -> 7
bddx-inf-sci-k8s-a800-03849:1253319:1254280 [5] NCCL INFO Ring 08 : 4 -> 5 -> 6
bddx-inf-sci-k8s-a800-03849:1253321:1254279 [7] NCCL INFO Ring 05 : 6 -> 7 -> 0
bddx-inf-sci-k8s-a800-03849:1253317:1254283 [3] NCCL INFO Ring 06 : 2 -> 3 -> 4
bddx-inf-sci-k8s-a800-03849:1253318:1254284 [4] NCCL INFO Ring 07 : 3 -> 4 -> 5
bddx-inf-sci-k8s-a800-03849:1253316:1254278 [2] NCCL INFO Ring 08 : 1 -> 2 -> 3
bddx-inf-sci-k8s-a800-03849:1253314:1254285 [0] NCCL INFO Tree 11 : -1 -> 0 -> 1/-1/-1
bddx-inf-sci-k8s-a800-03849:1253315:1254282 [1] NCCL INFO Tree 3 : 0 -> 1 -> 2/-1/-1
bddx-inf-sci-k8s-a800-03849:1253320:1254281 [6] NCCL INFO Ring 07 : 5 -> 6 -> 7
bddx-inf-sci-k8s-a800-03849:1253319:1254280 [5] NCCL INFO Ring 09 : 4 -> 5 -> 6
bddx-inf-sci-k8s-a800-03849:1253321:1254279 [7] NCCL INFO Ring 06 : 6 -> 7 -> 0
bddx-inf-sci-k8s-a800-03849:1253317:1254283 [3] NCCL INFO Ring 07 : 2 -> 3 -> 4
bddx-inf-sci-k8s-a800-03849:1253318:1254284 [4] NCCL INFO Ring 08 : 3 -> 4 -> 5
bddx-inf-sci-k8s-a800-03849:1253316:1254278 [2] NCCL INFO Ring 09 : 1 -> 2 -> 3
bddx-inf-sci-k8s-a800-03849:1253314:1254285 [0] NCCL INFO Tree 4 : -1 -> 0 -> 1/-1/-1
bddx-inf-sci-k8s-a800-03849:1253315:1254282 [1] NCCL INFO Tree 11 : 0 -> 1 -> 2/-1/-1
bddx-inf-sci-k8s-a800-03849:1253320:1254281 [6] NCCL INFO Ring 08 : 5 -> 6 -> 7
bddx-inf-sci-k8s-a800-03849:1253319:1254280 [5] NCCL INFO Ring 10 : 4 -> 5 -> 6
bddx-inf-sci-k8s-a800-03849:1253320:1254281 [6] NCCL INFO Ring 09 : 5 -> 6 -> 7
bddx-inf-sci-k8s-a800-03849:1253321:1254279 [7] NCCL INFO Ring 07 : 6 -> 7 -> 0
bddx-inf-sci-k8s-a800-03849:1253317:1254283 [3] NCCL INFO Ring 08 : 2 -> 3 -> 4
bddx-inf-sci-k8s-a800-03849:1253318:1254284 [4] NCCL INFO Ring 09 : 3 -> 4 -> 5
bddx-inf-sci-k8s-a800-03849:1253316:1254278 [2] NCCL INFO Ring 10 : 1 -> 2 -> 3
bddx-inf-sci-k8s-a800-03849:1253314:1254285 [0] NCCL INFO Tree 12 : -1 -> 0 -> 1/-1/-1
bddx-inf-sci-k8s-a800-03849:1253315:1254282 [1] NCCL INFO Tree 4 : 0 -> 1 -> 2/-1/-1
bddx-inf-sci-k8s-a800-03849:1253319:1254280 [5] NCCL INFO Ring 11 : 4 -> 5 -> 6
bddx-inf-sci-k8s-a800-03849:1253320:1254281 [6] NCCL INFO Ring 10 : 5 -> 6 -> 7
bddx-inf-sci-k8s-a800-03849:1253321:1254279 [7] NCCL INFO Ring 08 : 6 -> 7 -> 0
bddx-inf-sci-k8s-a800-03849:1253320:1254281 [6] NCCL INFO Ring 11 : 5 -> 6 -> 7
bddx-inf-sci-k8s-a800-03849:1253317:1254283 [3] NCCL INFO Ring 09 : 2 -> 3 -> 4
bddx-inf-sci-k8s-a800-03849:1253318:1254284 [4] NCCL INFO Ring 10 : 3 -> 4 -> 5
bddx-inf-sci-k8s-a800-03849:1253316:1254278 [2] NCCL INFO Ring 11 : 1 -> 2 -> 3
bddx-inf-sci-k8s-a800-03849:1253314:1254285 [0] NCCL INFO Tree 5 : -1 -> 0 -> 1/-1/-1
bddx-inf-sci-k8s-a800-03849:1253315:1254282 [1] NCCL INFO Tree 12 : 0 -> 1 -> 2/-1/-1
bddx-inf-sci-k8s-a800-03849:1253319:1254280 [5] NCCL INFO Ring 12 : 4 -> 5 -> 6
bddx-inf-sci-k8s-a800-03849:1253321:1254279 [7] NCCL INFO Ring 09 : 6 -> 7 -> 0
bddx-inf-sci-k8s-a800-03849:1253320:1254281 [6] NCCL INFO Ring 12 : 5 -> 6 -> 7
bddx-inf-sci-k8s-a800-03849:1253321:1254279 [7] NCCL INFO Ring 10 : 6 -> 7 -> 0
bddx-inf-sci-k8s-a800-03849:1253317:1254283 [3] NCCL INFO Ring 10 : 2 -> 3 -> 4
bddx-inf-sci-k8s-a800-03849:1253318:1254284 [4] NCCL INFO Ring 11 : 3 -> 4 -> 5
bddx-inf-sci-k8s-a800-03849:1253316:1254278 [2] NCCL INFO Ring 12 : 1 -> 2 -> 3
bddx-inf-sci-k8s-a800-03849:1253314:1254285 [0] NCCL INFO Tree 13 : -1 -> 0 -> 1/-1/-1
bddx-inf-sci-k8s-a800-03849:1253315:1254282 [1] NCCL INFO Tree 5 : 0 -> 1 -> 2/-1/-1
bddx-inf-sci-k8s-a800-03849:1253319:1254280 [5] NCCL INFO Ring 13 : 4 -> 5 -> 6
bddx-inf-sci-k8s-a800-03849:1253320:1254281 [6] NCCL INFO Ring 13 : 5 -> 6 -> 7
bddx-inf-sci-k8s-a800-03849:1253321:1254279 [7] NCCL INFO Ring 11 : 6 -> 7 -> 0
bddx-inf-sci-k8s-a800-03849:1253317:1254283 [3] NCCL INFO Ring 11 : 2 -> 3 -> 4
bddx-inf-sci-k8s-a800-03849:1253318:1254284 [4] NCCL INFO Ring 12 : 3 -> 4 -> 5
bddx-inf-sci-k8s-a800-03849:1253316:1254278 [2] NCCL INFO Ring 13 : 1 -> 2 -> 3
bddx-inf-sci-k8s-a800-03849:1253314:1254285 [0] NCCL INFO Tree 6 : -1 -> 0 -> 1/-1/-1
bddx-inf-sci-k8s-a800-03849:1253315:1254282 [1] NCCL INFO Tree 13 : 0 -> 1 -> 2/-1/-1
bddx-inf-sci-k8s-a800-03849:1253319:1254280 [5] NCCL INFO Ring 14 : 4 -> 5 -> 6
bddx-inf-sci-k8s-a800-03849:1253320:1254281 [6] NCCL INFO Ring 14 : 5 -> 6 -> 7
bddx-inf-sci-k8s-a800-03849:1253321:1254279 [7] NCCL INFO Ring 12 : 6 -> 7 -> 0
bddx-inf-sci-k8s-a800-03849:1253320:1254281 [6] NCCL INFO Ring 15 : 5 -> 6 -> 7
bddx-inf-sci-k8s-a800-03849:1253317:1254283 [3] NCCL INFO Ring 12 : 2 -> 3 -> 4
bddx-inf-sci-k8s-a800-03849:1253318:1254284 [4] NCCL INFO Ring 13 : 3 -> 4 -> 5
bddx-inf-sci-k8s-a800-03849:1253316:1254278 [2] NCCL INFO Ring 14 : 1 -> 2 -> 3
bddx-inf-sci-k8s-a800-03849:1253314:1254285 [0] NCCL INFO Tree 14 : -1 -> 0 -> 1/-1/-1
bddx-inf-sci-k8s-a800-03849:1253315:1254282 [1] NCCL INFO Tree 6 : 0 -> 1 -> 2/-1/-1
bddx-inf-sci-k8s-a800-03849:1253319:1254280 [5] NCCL INFO Ring 15 : 4 -> 5 -> 6
bddx-inf-sci-k8s-a800-03849:1253321:1254279 [7] NCCL INFO Ring 13 : 6 -> 7 -> 0
bddx-inf-sci-k8s-a800-03849:1253320:1254281 [6] NCCL INFO Trees [0] 7/-1/-1->6->5 [1] 7/-1/-1->6->5 [2] 7/-1/-1->6->5 [3] 7/-1/-1->6->5 [4] 7/-1/-1->6->5 [5] 7/-1/-1->6->5 [6] 7/-1/-1->6->5 [7] 7/-1/-1->6->5 [8] 7/-1/-1->6->5 [9] 7/-1/-1->6->5 [10] 7/-1/-1->6->5 [11] 7/-1/-1->6->5 [12] 7/-1/-1->6->5 [13] 7/-1/-1->6->5 [14] 7/-1/-1->6->5 [15] 7/-1/-1->6->5
bddx-inf-sci-k8s-a800-03849:1253317:1254283 [3] NCCL INFO Ring 13 : 2 -> 3 -> 4
bddx-inf-sci-k8s-a800-03849:1253320:1254281 [6] NCCL INFO P2P Chunksize set to 524288
bddx-inf-sci-k8s-a800-03849:1253318:1254284 [4] NCCL INFO Ring 14 : 3 -> 4 -> 5
bddx-inf-sci-k8s-a800-03849:1253316:1254278 [2] NCCL INFO Ring 15 : 1 -> 2 -> 3
bddx-inf-sci-k8s-a800-03849:1253314:1254285 [0] NCCL INFO Tree 7 : -1 -> 0 -> 1/-1/-1
bddx-inf-sci-k8s-a800-03849:1253315:1254282 [1] NCCL INFO Tree 14 : 0 -> 1 -> 2/-1/-1
bddx-inf-sci-k8s-a800-03849:1253319:1254280 [5] NCCL INFO Trees [0] 6/-1/-1->5->4 [1] 6/-1/-1->5->4 [2] 6/-1/-1->5->4 [3] 6/-1/-1->5->4 [4] 6/-1/-1->5->4 [5] 6/-1/-1->5->4 [6] 6/-1/-1->5->4 [7] 6/-1/-1->5->4 [8] 6/-1/-1->5->4 [9] 6/-1/-1->5->4 [10] 6/-1/-1->5->4 [11] 6/-1/-1->5->4 [12] 6/-1/-1->5->4 [13] 6/-1/-1->5->4 [14] 6/-1/-1->5->4 [15] 6/-1/-1->5->4
bddx-inf-sci-k8s-a800-03849:1253321:1254279 [7] NCCL INFO Ring 14 : 6 -> 7 -> 0
bddx-inf-sci-k8s-a800-03849:1253317:1254283 [3] NCCL INFO Ring 14 : 2 -> 3 -> 4
bddx-inf-sci-k8s-a800-03849:1253321:1254279 [7] NCCL INFO Ring 15 : 6 -> 7 -> 0
bddx-inf-sci-k8s-a800-03849:1253318:1254284 [4] NCCL INFO Ring 15 : 3 -> 4 -> 5
bddx-inf-sci-k8s-a800-03849:1253316:1254278 [2] NCCL INFO Trees [0] 3/-1/-1->2->1 [1] 3/-1/-1->2->1 [2] 3/-1/-1->2->1 [3] 3/-1/-1->2->1 [4] 3/-1/-1->2->1 [5] 3/-1/-1->2->1 [6] 3/-1/-1->2->1 [7] 3/-1/-1->2->1 [8] 3/-1/-1->2->1 [9] 3/-1/-1->2->1 [10] 3/-1/-1->2->1 [11] 3/-1/-1->2->1 [12] 3/-1/-1->2->1 [13] 3/-1/-1->2->1 [14] 3/-1/-1->2->1 [15] 3/-1/-1->2->1
bddx-inf-sci-k8s-a800-03849:1253314:1254285 [0] NCCL INFO Tree 15 : -1 -> 0 -> 1/-1/-1
bddx-inf-sci-k8s-a800-03849:1253315:1254282 [1] NCCL INFO Tree 7 : 0 -> 1 -> 2/-1/-1
bddx-inf-sci-k8s-a800-03849:1253319:1254280 [5] NCCL INFO P2P Chunksize set to 524288
bddx-inf-sci-k8s-a800-03849:1253317:1254283 [3] NCCL INFO Ring 15 : 2 -> 3 -> 4
bddx-inf-sci-k8s-a800-03849:1253321:1254279 [7] NCCL INFO Trees [0] -1/-1/-1->7->6 [1] -1/-1/-1->7->6 [2] -1/-1/-1->7->6 [3] -1/-1/-1->7->6 [4] -1/-1/-1->7->6 [5] -1/-1/-1->7->6 [6] -1/-1/-1->7->6 [7] -1/-1/-1->7->6 [8] -1/-1/-1->7->6 [9] -1/-1/-1->7->6 [10] -1/-1/-1->7->6 [11] -1/-1/-1->7->6 [12] -1/-1/-1->7->6 [13] -1/-1/-1->7->6 [14] -1/-1/-1->7->6 [15] -1/-1/-1->7->6
bddx-inf-sci-k8s-a800-03849:1253318:1254284 [4] NCCL INFO Trees [0] 5/-1/-1->4->3 [1] 5/-1/-1->4->3 [2] 5/-1/-1->4->3 [3] 5/-1/-1->4->3 [4] 5/-1/-1->4->3 [5] 5/-1/-1->4->3 [6] 5/-1/-1->4->3 [7] 5/-1/-1->4->3 [8] 5/-1/-1->4->3 [9] 5/-1/-1->4->3 [10] 5/-1/-1->4->3 [11] 5/-1/-1->4->3 [12] 5/-1/-1->4->3 [13] 5/-1/-1->4->3 [14] 5/-1/-1->4->3 [15] 5/-1/-1->4->3
bddx-inf-sci-k8s-a800-03849:1253316:1254278 [2] NCCL INFO P2P Chunksize set to 524288
bddx-inf-sci-k8s-a800-03849:1253315:1254282 [1] NCCL INFO Tree 15 : 0 -> 1 -> 2/-1/-1
bddx-inf-sci-k8s-a800-03849:1253314:1254285 [0] NCCL INFO Channel 00/16 : 0 1 2 3 4 5 6 7
bddx-inf-sci-k8s-a800-03849:1253317:1254283 [3] NCCL INFO Trees [0] 4/-1/-1->3->2 [1] 4/-1/-1->3->2 [2] 4/-1/-1->3->2 [3] 4/-1/-1->3->2 [4] 4/-1/-1->3->2 [5] 4/-1/-1->3->2 [6] 4/-1/-1->3->2 [7] 4/-1/-1->3->2 [8] 4/-1/-1->3->2 [9] 4/-1/-1->3->2 [10] 4/-1/-1->3->2 [11] 4/-1/-1->3->2 [12] 4/-1/-1->3->2 [13] 4/-1/-1->3->2 [14] 4/-1/-1->3->2 [15] 4/-1/-1->3->2
bddx-inf-sci-k8s-a800-03849:1253318:1254284 [4] NCCL INFO P2P Chunksize set to 524288
bddx-inf-sci-k8s-a800-03849:1253317:1254283 [3] NCCL INFO P2P Chunksize set to 524288
bddx-inf-sci-k8s-a800-03849:1253321:1254279 [7] NCCL INFO P2P Chunksize set to 524288
bddx-inf-sci-k8s-a800-03849:1253314:1254285 [0] NCCL INFO Channel 01/16 : 0 1 2 3 4 5 6 7
bddx-inf-sci-k8s-a800-03849:1253314:1254285 [0] NCCL INFO Channel 02/16 : 0 1 2 3 4 5 6 7
bddx-inf-sci-k8s-a800-03849:1253315:1254282 [1] NCCL INFO Ring 00 : 0 -> 1 -> 2
bddx-inf-sci-k8s-a800-03849:1253314:1254285 [0] NCCL INFO Channel 03/16 : 0 1 2 3 4 5 6 7
bddx-inf-sci-k8s-a800-03849:1253315:1254282 [1] NCCL INFO Ring 01 : 0 -> 1 -> 2
bddx-inf-sci-k8s-a800-03849:1253314:1254285 [0] NCCL INFO Channel 04/16 : 0 1 2 3 4 5 6 7
bddx-inf-sci-k8s-a800-03849:1253315:1254282 [1] NCCL INFO Ring 02 : 0 -> 1 -> 2
bddx-inf-sci-k8s-a800-03849:1253314:1254285 [0] NCCL INFO Channel 05/16 : 0 1 2 3 4 5 6 7
bddx-inf-sci-k8s-a800-03849:1253315:1254282 [1] NCCL INFO Ring 03 : 0 -> 1 -> 2
bddx-inf-sci-k8s-a800-03849:1253314:1254285 [0] NCCL INFO Channel 06/16 : 0 1 2 3 4 5 6 7
bddx-inf-sci-k8s-a800-03849:1253315:1254282 [1] NCCL INFO Ring 04 : 0 -> 1 -> 2
bddx-inf-sci-k8s-a800-03849:1253314:1254285 [0] NCCL INFO Channel 07/16 : 0 1 2 3 4 5 6 7
bddx-inf-sci-k8s-a800-03849:1253315:1254282 [1] NCCL INFO Ring 05 : 0 -> 1 -> 2
bddx-inf-sci-k8s-a800-03849:1253314:1254285 [0] NCCL INFO Channel 08/16 : 0 1 2 3 4 5 6 7
bddx-inf-sci-k8s-a800-03849:1253315:1254282 [1] NCCL INFO Ring 06 : 0 -> 1 -> 2
bddx-inf-sci-k8s-a800-03849:1253314:1254285 [0] NCCL INFO Channel 09/16 : 0 1 2 3 4 5 6 7
bddx-inf-sci-k8s-a800-03849:1253315:1254282 [1] NCCL INFO Ring 07 : 0 -> 1 -> 2
bddx-inf-sci-k8s-a800-03849:1253314:1254285 [0] NCCL INFO Channel 10/16 : 0 1 2 3 4 5 6 7
bddx-inf-sci-k8s-a800-03849:1253315:1254282 [1] NCCL INFO Ring 08 : 0 -> 1 -> 2
bddx-inf-sci-k8s-a800-03849:1253314:1254285 [0] NCCL INFO Channel 11/16 : 0 1 2 3 4 5 6 7
bddx-inf-sci-k8s-a800-03849:1253315:1254282 [1] NCCL INFO Ring 09 : 0 -> 1 -> 2
bddx-inf-sci-k8s-a800-03849:1253314:1254285 [0] NCCL INFO Channel 12/16 : 0 1 2 3 4 5 6 7
bddx-inf-sci-k8s-a800-03849:1253315:1254282 [1] NCCL INFO Ring 10 : 0 -> 1 -> 2
bddx-inf-sci-k8s-a800-03849:1253314:1254285 [0] NCCL INFO Channel 13/16 : 0 1 2 3 4 5 6 7
bddx-inf-sci-k8s-a800-03849:1253315:1254282 [1] NCCL INFO Ring 11 : 0 -> 1 -> 2
bddx-inf-sci-k8s-a800-03849:1253314:1254285 [0] NCCL INFO Channel 14/16 : 0 1 2 3 4 5 6 7
bddx-inf-sci-k8s-a800-03849:1253315:1254282 [1] NCCL INFO Ring 12 : 0 -> 1 -> 2
bddx-inf-sci-k8s-a800-03849:1253314:1254285 [0] NCCL INFO Channel 15/16 : 0 1 2 3 4 5 6 7
bddx-inf-sci-k8s-a800-03849:1253315:1254282 [1] NCCL INFO Ring 13 : 0 -> 1 -> 2
bddx-inf-sci-k8s-a800-03849:1253315:1254282 [1] NCCL INFO Ring 14 : 0 -> 1 -> 2
bddx-inf-sci-k8s-a800-03849:1253314:1254285 [0] NCCL INFO Ring 00 : 7 -> 0 -> 1
bddx-inf-sci-k8s-a800-03849:1253315:1254282 [1] NCCL INFO Ring 15 : 0 -> 1 -> 2
bddx-inf-sci-k8s-a800-03849:1253314:1254285 [0] NCCL INFO Ring 01 : 7 -> 0 -> 1
bddx-inf-sci-k8s-a800-03849:1253315:1254282 [1] NCCL INFO Trees [0] 2/-1/-1->1->0 [1] 2/-1/-1->1->0 [2] 2/-1/-1->1->0 [3] 2/-1/-1->1->0 [4] 2/-1/-1->1->0 [5] 2/-1/-1->1->0 [6] 2/-1/-1->1->0 [7] 2/-1/-1->1->0 [8] 2/-1/-1->1->0 [9] 2/-1/-1->1->0 [10] 2/-1/-1->1->0 [11] 2/-1/-1->1->0 [12] 2/-1/-1->1->0 [13] 2/-1/-1->1->0 [14] 2/-1/-1->1->0 [15] 2/-1/-1->1->0
bddx-inf-sci-k8s-a800-03849:1253314:1254285 [0] NCCL INFO Ring 02 : 7 -> 0 -> 1
bddx-inf-sci-k8s-a800-03849:1253315:1254282 [1] NCCL INFO P2P Chunksize set to 524288
bddx-inf-sci-k8s-a800-03849:1253314:1254285 [0] NCCL INFO Ring 03 : 7 -> 0 -> 1
bddx-inf-sci-k8s-a800-03849:1253314:1254285 [0] NCCL INFO Ring 04 : 7 -> 0 -> 1
bddx-inf-sci-k8s-a800-03849:1253314:1254285 [0] NCCL INFO Ring 05 : 7 -> 0 -> 1
bddx-inf-sci-k8s-a800-03849:1253314:1254285 [0] NCCL INFO Ring 06 : 7 -> 0 -> 1
bddx-inf-sci-k8s-a800-03849:1253314:1254285 [0] NCCL INFO Ring 07 : 7 -> 0 -> 1
bddx-inf-sci-k8s-a800-03849:1253314:1254285 [0] NCCL INFO Ring 08 : 7 -> 0 -> 1
bddx-inf-sci-k8s-a800-03849:1253314:1254285 [0] NCCL INFO Ring 09 : 7 -> 0 -> 1
bddx-inf-sci-k8s-a800-03849:1253314:1254285 [0] NCCL INFO Ring 10 : 7 -> 0 -> 1
bddx-inf-sci-k8s-a800-03849:1253314:1254285 [0] NCCL INFO Ring 11 : 7 -> 0 -> 1
bddx-inf-sci-k8s-a800-03849:1253314:1254285 [0] NCCL INFO Ring 12 : 7 -> 0 -> 1
bddx-inf-sci-k8s-a800-03849:1253314:1254285 [0] NCCL INFO Ring 13 : 7 -> 0 -> 1
bddx-inf-sci-k8s-a800-03849:1253314:1254285 [0] NCCL INFO Ring 14 : 7 -> 0 -> 1
bddx-inf-sci-k8s-a800-03849:1253314:1254285 [0] NCCL INFO Ring 15 : 7 -> 0 -> 1
bddx-inf-sci-k8s-a800-03849:1253314:1254285 [0] NCCL INFO Trees [0] 1/-1/-1->0->-1 [1] 1/-1/-1->0->-1 [2] 1/-1/-1->0->-1 [3] 1/-1/-1->0->-1 [4] 1/-1/-1->0->-1 [5] 1/-1/-1->0->-1 [6] 1/-1/-1->0->-1 [7] 1/-1/-1->0->-1 [8] 1/-1/-1->0->-1 [9] 1/-1/-1->0->-1 [10] 1/-1/-1->0->-1 [11] 1/-1/-1->0->-1 [12] 1/-1/-1->0->-1 [13] 1/-1/-1->0->-1 [14] 1/-1/-1->0->-1 [15] 1/-1/-1->0->-1
bddx-inf-sci-k8s-a800-03849:1253314:1254285 [0] NCCL INFO P2P Chunksize set to 524288
bddx-inf-sci-k8s-a800-03849:1253316:1254278 [2] NCCL INFO PROFILER/Plugin: Could not find: libnccl-profiler.so. 
bddx-inf-sci-k8s-a800-03849:1253319:1254280 [5] NCCL INFO PROFILER/Plugin: Could not find: libnccl-profiler.so. 
bddx-inf-sci-k8s-a800-03849:1253318:1254284 [4] NCCL INFO PROFILER/Plugin: Could not find: libnccl-profiler.so. 
bddx-inf-sci-k8s-a800-03849:1253317:1254283 [3] NCCL INFO PROFILER/Plugin: Could not find: libnccl-profiler.so. 
bddx-inf-sci-k8s-a800-03849:1253314:1254285 [0] NCCL INFO PROFILER/Plugin: Could not find: libnccl-profiler.so. 
bddx-inf-sci-k8s-a800-03849:1253320:1254281 [6] NCCL INFO PROFILER/Plugin: Could not find: libnccl-profiler.so. 
bddx-inf-sci-k8s-a800-03849:1253314:1254285 [0] NCCL INFO Check P2P Type isAllDirectP2p 1 directMode 0
bddx-inf-sci-k8s-a800-03849:1253321:1254279 [7] NCCL INFO PROFILER/Plugin: Could not find: libnccl-profiler.so. 
bddx-inf-sci-k8s-a800-03849:1253316:1254358 [2] NCCL INFO [Proxy Service] Device 2 CPU core 2
bddx-inf-sci-k8s-a800-03849:1253316:1254362 [2] NCCL INFO [Proxy Service UDS] Device 2 CPU core 8
bddx-inf-sci-k8s-a800-03849:1253314:1254363 [0] NCCL INFO [Proxy Service] Device 0 CPU core 79
bddx-inf-sci-k8s-a800-03849:1253319:1254365 [5] NCCL INFO [Proxy Service UDS] Device 5 CPU core 46
bddx-inf-sci-k8s-a800-03849:1253319:1254359 [5] NCCL INFO [Proxy Service] Device 5 CPU core 45
bddx-inf-sci-k8s-a800-03849:1253314:1254367 [0] NCCL INFO [Proxy Service UDS] Device 0 CPU core 23
bddx-inf-sci-k8s-a800-03849:1253317:1254361 [3] NCCL INFO [Proxy Service] Device 3 CPU core 77
bddx-inf-sci-k8s-a800-03849:1253318:1254360 [4] NCCL INFO [Proxy Service] Device 4 CPU core 109
bddx-inf-sci-k8s-a800-03849:1253320:1254366 [6] NCCL INFO [Proxy Service] Device 6 CPU core 60
bddx-inf-sci-k8s-a800-03849:1253317:1254368 [3] NCCL INFO [Proxy Service UDS] Device 3 CPU core 18
bddx-inf-sci-k8s-a800-03849:1253318:1254364 [4] NCCL INFO [Proxy Service UDS] Device 4 CPU core 123
bddx-inf-sci-k8s-a800-03849:1253320:1254370 [6] NCCL INFO [Proxy Service UDS] Device 6 CPU core 43
bddx-inf-sci-k8s-a800-03849:1253321:1254369 [7] NCCL INFO [Proxy Service] Device 7 CPU core 125
bddx-inf-sci-k8s-a800-03849:1253321:1254371 [7] NCCL INFO [Proxy Service UDS] Device 7 CPU core 49
bddx-inf-sci-k8s-a800-03849:1253315:1254282 [1] NCCL INFO PROFILER/Plugin: Could not find: libnccl-profiler.so. 
bddx-inf-sci-k8s-a800-03849:1253315:1254372 [1] NCCL INFO [Proxy Service] Device 1 CPU core 83
bddx-inf-sci-k8s-a800-03849:1253315:1254373 [1] NCCL INFO [Proxy Service UDS] Device 1 CPU core 22
bddx-inf-sci-k8s-a800-03849:1253316:1254278 [2] NCCL INFO threadThresholds 8/8/64 | 64/8/64 | 512 | 512
bddx-inf-sci-k8s-a800-03849:1253316:1254278 [2] NCCL INFO 16 coll channels, 16 collnet channels, 0 nvls channels, 16 p2p channels, 16 p2p channels per peer
bddx-inf-sci-k8s-a800-03849:1253319:1254280 [5] NCCL INFO threadThresholds 8/8/64 | 64/8/64 | 512 | 512
bddx-inf-sci-k8s-a800-03849:1253319:1254280 [5] NCCL INFO 16 coll channels, 16 collnet channels, 0 nvls channels, 16 p2p channels, 16 p2p channels per peer
bddx-inf-sci-k8s-a800-03849:1253314:1254285 [0] NCCL INFO threadThresholds 8/8/64 | 64/8/64 | 512 | 512
bddx-inf-sci-k8s-a800-03849:1253314:1254285 [0] NCCL INFO 16 coll channels, 16 collnet channels, 0 nvls channels, 16 p2p channels, 16 p2p channels per peer
bddx-inf-sci-k8s-a800-03849:1253320:1254281 [6] NCCL INFO threadThresholds 8/8/64 | 64/8/64 | 512 | 512
bddx-inf-sci-k8s-a800-03849:1253320:1254281 [6] NCCL INFO 16 coll channels, 16 collnet channels, 0 nvls channels, 16 p2p channels, 16 p2p channels per peer
bddx-inf-sci-k8s-a800-03849:1253321:1254279 [7] NCCL INFO threadThresholds 8/8/64 | 64/8/64 | 512 | 512
bddx-inf-sci-k8s-a800-03849:1253321:1254279 [7] NCCL INFO 16 coll channels, 16 collnet channels, 0 nvls channels, 16 p2p channels, 16 p2p channels per peer
bddx-inf-sci-k8s-a800-03849:1253315:1254282 [1] NCCL INFO threadThresholds 8/8/64 | 64/8/64 | 512 | 512
bddx-inf-sci-k8s-a800-03849:1253315:1254282 [1] NCCL INFO 16 coll channels, 16 collnet channels, 0 nvls channels, 16 p2p channels, 16 p2p channels per peer
bddx-inf-sci-k8s-a800-03849:1253314:1254285 [0] NCCL INFO CC Off, workFifoBytes 1048576
bddx-inf-sci-k8s-a800-03849:1253317:1254283 [3] NCCL INFO threadThresholds 8/8/64 | 64/8/64 | 512 | 512
bddx-inf-sci-k8s-a800-03849:1253317:1254283 [3] NCCL INFO 16 coll channels, 16 collnet channels, 0 nvls channels, 16 p2p channels, 16 p2p channels per peer
bddx-inf-sci-k8s-a800-03849:1253318:1254284 [4] NCCL INFO threadThresholds 8/8/64 | 64/8/64 | 512 | 512
bddx-inf-sci-k8s-a800-03849:1253318:1254284 [4] NCCL INFO 16 coll channels, 16 collnet channels, 0 nvls channels, 16 p2p channels, 16 p2p channels per peer
bddx-inf-sci-k8s-a800-03849:1253315:1254282 [1] NCCL INFO TUNER/Plugin: Could not find: libnccl-tuner.so. Using internal tuner plugin.
bddx-inf-sci-k8s-a800-03849:1253319:1254280 [5] NCCL INFO TUNER/Plugin: Could not find: libnccl-tuner.so. Using internal tuner plugin.
bddx-inf-sci-k8s-a800-03849:1253314:1254285 [0] NCCL INFO TUNER/Plugin: Could not find: libnccl-tuner.so. Using internal tuner plugin.
bddx-inf-sci-k8s-a800-03849:1253315:1254282 [1] NCCL INFO TUNER/Plugin: Failed to find ncclTunerPlugin_v4 symbol.
bddx-inf-sci-k8s-a800-03849:1253318:1254284 [4] NCCL INFO TUNER/Plugin: Could not find: libnccl-tuner.so. Using internal tuner plugin.
bddx-inf-sci-k8s-a800-03849:1253319:1254280 [5] NCCL INFO TUNER/Plugin: Failed to find ncclTunerPlugin_v4 symbol.
bddx-inf-sci-k8s-a800-03849:1253316:1254278 [2] NCCL INFO TUNER/Plugin: Could not find: libnccl-tuner.so. Using internal tuner plugin.
bddx-inf-sci-k8s-a800-03849:1253315:1254282 [1] NCCL INFO TUNER/Plugin: Failed to find ncclTunerPlugin_v3 symbol.
bddx-inf-sci-k8s-a800-03849:1253314:1254285 [0] NCCL INFO TUNER/Plugin: Failed to find ncclTunerPlugin_v4 symbol.
bddx-inf-sci-k8s-a800-03849:1253319:1254280 [5] NCCL INFO TUNER/Plugin: Failed to find ncclTunerPlugin_v3 symbol.
bddx-inf-sci-k8s-a800-03849:1253318:1254284 [4] NCCL INFO TUNER/Plugin: Failed to find ncclTunerPlugin_v4 symbol.
bddx-inf-sci-k8s-a800-03849:1253315:1254282 [1] NCCL INFO TUNER/Plugin: Failed to find ncclTunerPlugin_v2 symbol, using internal tuner instead.
bddx-inf-sci-k8s-a800-03849:1253316:1254278 [2] NCCL INFO TUNER/Plugin: Failed to find ncclTunerPlugin_v4 symbol.
bddx-inf-sci-k8s-a800-03849:1253314:1254285 [0] NCCL INFO TUNER/Plugin: Failed to find ncclTunerPlugin_v3 symbol.
bddx-inf-sci-k8s-a800-03849:1253319:1254280 [5] NCCL INFO TUNER/Plugin: Failed to find ncclTunerPlugin_v2 symbol, using internal tuner instead.
bddx-inf-sci-k8s-a800-03849:1253317:1254283 [3] NCCL INFO TUNER/Plugin: Could not find: libnccl-tuner.so. Using internal tuner plugin.
bddx-inf-sci-k8s-a800-03849:1253318:1254284 [4] NCCL INFO TUNER/Plugin: Failed to find ncclTunerPlugin_v3 symbol.
bddx-inf-sci-k8s-a800-03849:1253315:1254282 [1] NCCL INFO ncclCommInitRankConfig comm 0x118c57b0 rank 1 nranks 8 cudaDev 1 nvmlDev 1 busId 18000 commId 0x3e5666c34e4c6d43 - Init COMPLETE
bddx-inf-sci-k8s-a800-03849:1253316:1254278 [2] NCCL INFO TUNER/Plugin: Failed to find ncclTunerPlugin_v3 symbol.
bddx-inf-sci-k8s-a800-03849:1253314:1254285 [0] NCCL INFO TUNER/Plugin: Failed to find ncclTunerPlugin_v2 symbol, using internal tuner instead.
bddx-inf-sci-k8s-a800-03849:1253319:1254280 [5] NCCL INFO ncclCommInitRankConfig comm 0x12169a60 rank 5 nranks 8 cudaDev 5 nvmlDev 5 busId 8e000 commId 0x3e5666c34e4c6d43 - Init COMPLETE
bddx-inf-sci-k8s-a800-03849:1253318:1254284 [4] NCCL INFO TUNER/Plugin: Failed to find ncclTunerPlugin_v2 symbol, using internal tuner instead.
bddx-inf-sci-k8s-a800-03849:1253317:1254283 [3] NCCL INFO TUNER/Plugin: Failed to find ncclTunerPlugin_v4 symbol.
bddx-inf-sci-k8s-a800-03849:1253316:1254278 [2] NCCL INFO TUNER/Plugin: Failed to find ncclTunerPlugin_v2 symbol, using internal tuner instead.
bddx-inf-sci-k8s-a800-03849:1253315:1254282 [1] NCCL INFO Init timings - ncclCommInitRankConfig: rank 1 nranks 8 total 0.43 (kernels 0.12, alloc 0.11, bootstrap 0.03, allgathers 0.01, topo 0.12, graphs 0.00, connections 0.04, rest 0.00)
bddx-inf-sci-k8s-a800-03849:1253314:1254285 [0] NCCL INFO ncclCommInitRankConfig comm 0x11f77570 rank 0 nranks 8 cudaDev 0 nvmlDev 0 busId 12000 commId 0x3e5666c34e4c6d43 - Init COMPLETE
bddx-inf-sci-k8s-a800-03849:1253318:1254284 [4] NCCL INFO ncclCommInitRankConfig comm 0x12394d50 rank 4 nranks 8 cudaDev 4 nvmlDev 4 busId 89000 commId 0x3e5666c34e4c6d43 - Init COMPLETE
bddx-inf-sci-k8s-a800-03849:1253319:1254280 [5] NCCL INFO Init timings - ncclCommInitRankConfig: rank 5 nranks 8 total 0.44 (kernels 0.12, alloc 0.10, bootstrap 0.05, allgathers 0.01, topo 0.12, graphs 0.00, connections 0.04, rest 0.00)
bddx-inf-sci-k8s-a800-03849:1253317:1254283 [3] NCCL INFO TUNER/Plugin: Failed to find ncclTunerPlugin_v3 symbol.
bddx-inf-sci-k8s-a800-03849:1253316:1254278 [2] NCCL INFO ncclCommInitRankConfig comm 0x11a07cb0 rank 2 nranks 8 cudaDev 2 nvmlDev 2 busId 49000 commId 0x3e5666c34e4c6d43 - Init COMPLETE
bddx-inf-sci-k8s-a800-03849:1253314:1254285 [0] NCCL INFO Init timings - ncclCommInitRankConfig: rank 0 nranks 8 total 0.39 (kernels 0.12, alloc 0.07, bootstrap 0.03, allgathers 0.01, topo 0.12, graphs 0.00, connections 0.04, rest 0.00)
bddx-inf-sci-k8s-a800-03849:1253318:1254284 [4] NCCL INFO Init timings - ncclCommInitRankConfig: rank 4 nranks 8 total 0.43 (kernels 0.12, alloc 0.11, bootstrap 0.03, allgathers 0.01, topo 0.12, graphs 0.00, connections 0.04, rest 0.00)
bddx-inf-sci-k8s-a800-03849:1253316:1254278 [2] NCCL INFO Init timings - ncclCommInitRankConfig: rank 2 nranks 8 total 0.44 (kernels 0.12, alloc 0.10, bootstrap 0.05, allgathers 0.00, topo 0.13, graphs 0.00, connections 0.04, rest 0.00)
bddx-inf-sci-k8s-a800-03849:1253317:1254283 [3] NCCL INFO TUNER/Plugin: Failed to find ncclTunerPlugin_v2 symbol, using internal tuner instead.
bddx-inf-sci-k8s-a800-03849:1253317:1254283 [3] NCCL INFO ncclCommInitRankConfig comm 0x12ff2e30 rank 3 nranks 8 cudaDev 3 nvmlDev 3 busId 4d000 commId 0x3e5666c34e4c6d43 - Init COMPLETE
bddx-inf-sci-k8s-a800-03849:1253317:1254283 [3] NCCL INFO Init timings - ncclCommInitRankConfig: rank 3 nranks 8 total 0.43 (kernels 0.12, alloc 0.10, bootstrap 0.04, allgathers 0.01, topo 0.12, graphs 0.00, connections 0.04, rest 0.00)
bddx-inf-sci-k8s-a800-03849:1253321:1254279 [7] NCCL INFO TUNER/Plugin: Could not find: libnccl-tuner.so. Using internal tuner plugin.
bddx-inf-sci-k8s-a800-03849:1253320:1254281 [6] NCCL INFO TUNER/Plugin: Could not find: libnccl-tuner.so. Using internal tuner plugin.
bddx-inf-sci-k8s-a800-03849:1253321:1254279 [7] NCCL INFO TUNER/Plugin: Failed to find ncclTunerPlugin_v4 symbol.
bddx-inf-sci-k8s-a800-03849:1253320:1254281 [6] NCCL INFO TUNER/Plugin: Failed to find ncclTunerPlugin_v4 symbol.
bddx-inf-sci-k8s-a800-03849:1253321:1254279 [7] NCCL INFO TUNER/Plugin: Failed to find ncclTunerPlugin_v3 symbol.
bddx-inf-sci-k8s-a800-03849:1253320:1254281 [6] NCCL INFO TUNER/Plugin: Failed to find ncclTunerPlugin_v3 symbol.
bddx-inf-sci-k8s-a800-03849:1253321:1254279 [7] NCCL INFO TUNER/Plugin: Failed to find ncclTunerPlugin_v2 symbol, using internal tuner instead.
bddx-inf-sci-k8s-a800-03849:1253320:1254281 [6] NCCL INFO TUNER/Plugin: Failed to find ncclTunerPlugin_v2 symbol, using internal tuner instead.
bddx-inf-sci-k8s-a800-03849:1253321:1254279 [7] NCCL INFO ncclCommInitRankConfig comm 0x136381a0 rank 7 nranks 8 cudaDev 7 nvmlDev 7 busId c9000 commId 0x3e5666c34e4c6d43 - Init COMPLETE
bddx-inf-sci-k8s-a800-03849:1253320:1254281 [6] NCCL INFO ncclCommInitRankConfig comm 0x11e29870 rank 6 nranks 8 cudaDev 6 nvmlDev 6 busId c5000 commId 0x3e5666c34e4c6d43 - Init COMPLETE
bddx-inf-sci-k8s-a800-03849:1253321:1254279 [7] NCCL INFO Init timings - ncclCommInitRankConfig: rank 7 nranks 8 total 0.44 (kernels 0.12, alloc 0.11, bootstrap 0.04, allgathers 0.01, topo 0.12, graphs 0.00, connections 0.04, rest 0.00)
bddx-inf-sci-k8s-a800-03849:1253320:1254281 [6] NCCL INFO Init timings - ncclCommInitRankConfig: rank 6 nranks 8 total 0.44 (kernels 0.12, alloc 0.06, bootstrap 0.08, allgathers 0.01, topo 0.12, graphs 0.00, connections 0.04, rest 0.00)
INFO:loongforge.embodied.train.utils.utils:Using random seed 42.
INFO:loongforge.embodied.train.utils.utils:Using random seed 42.
INFO:loongforge.embodied.train.utils.utils:Using random seed 42.
INFO:loongforge.embodied.train.utils.utils:Using random seed 42.
INFO:loongforge.embodied.train.utils.utils:Using random seed 42.
INFO:loongforge.embodied.train.utils.utils:Using random seed 42.
INFO:loongforge.embodied.train.utils.utils:Using random seed 42.
INFO:loongforge.embodied.train.utils.utils:Using random seed 42.
2026-08-23 00:38:39 [INFO] 
------------------------ training training_args ------------------------
  activation_checkpoint_module_patterns ........... None
  activation_checkpoint_skip_modules .............. None
  adam_beta1 ...................................... 0.9
  adam_beta2 ...................................... 0.95
  adam_eps ........................................ 1e-08
  async_save ...................................... False
  batch_drop_last ................................. True
  check_for_nan_in_loss_and_grad .................. True
  clip_grad ....................................... 1.0
  config_file ..................................... None
  cuda_graph_ddp_sync_in_graph .................... False
  cuda_graph_grad_sync_bucket_mb .................. 200.0
  cuda_graph_grad_sync_dtype ...................... fp32
  cuda_graph_grad_sync_impl ....................... coalesced
  cuda_graph_impl ................................. none
  cuda_graph_pad_length ........................... None
  cuda_graph_scope ................................ full_iteration
  cuda_graph_warmup_steps ......................... 3
  cudnn_benchmark ................................. False
  data_root_dir ................................... None
  dataloader_multiprocessing_context .............. None
  dataloader_seed_workers ......................... False
  dataset_format .................................. lerobot_datasets
  dataset_path .................................... /raid0/fastwam/vla_artifacts/pi05/datasets/libero
  dataset_strategy ................................ default
  ddp_batched_grad_copy ........................... False
  ddp_broadcast_buffers ........................... True
  ddp_bucket_cap_mb ............................... None
  ddp_bucket_cap_mb_list .......................... None
  ddp_comm_hook ................................... lr_rank_powersgd_plus_hook
  ddp_comm_hook_logging ........................... False
  ddp_dynamic_powersgd_adapt_interval ............. 5
  ddp_dynamic_powersgd_high_rank .................. 4
  ddp_dynamic_powersgd_low_rank ................... 1
  ddp_dynamic_powersgd_relative_change_threshold .. 0.1
  ddp_find_unused_parameters ...................... True
  ddp_gradient_as_bucket_view ..................... True
  ddp_init_sync ................................... True
  ddp_layerwise_powersgd_candidate_ranks .......... 1,2,4,8,16
  ddp_layerwise_powersgd_log_tensor_stats ......... False
  ddp_layerwise_powersgd_power_iterations ......... 2
  ddp_layerwise_powersgd_refresh_period ........... 50
  ddp_layerwise_powersgd_relative_error ........... 0.1
  ddp_layerwise_powersgd_uncompressed_patterns .... 
  ddp_powersgd_global_step_offset ................. 100
  ddp_powersgd_lr_high_rank ....................... 2
  ddp_powersgd_lr_high_rank_end_step .............. 452
  ddp_powersgd_matrix_approximation_rank .......... 1
  ddp_powersgd_min_compression_rate ............... 4.0
  ddp_powersgd_period_schedule .................... 300-452:25,453-734:50,735-1000:100
  ddp_powersgd_plus_restart_method ................ approximate
  ddp_powersgd_plus_restart_period ................ 50
  ddp_powersgd_scheduled_start_step ............... 300
  ddp_powersgd_start_iter ......................... 2
  ddp_powersgd_window_ranges ...................... 
  ddp_separate_compression_ratio .................. 16.0
  ddp_separate_error_feedback_beta ................ 0.95
  ddp_separate_error_reset_interval ............... 128
  ddp_skip_all_reduce_unused_params ............... False
  ddp_static_graph ................................ True
  detail_log_interval ............................. 20
  deterministic_mode .............................. False
  disable_tf32 .................................... False
  distributed_sampler_mode ........................ cyclic
  distributed_strategy ............................ ddp
  dtype ........................................... bfloat16
  dynamo_optimize_ddp ............................. False
  freeze_modules .................................. 
  fsdp_backward_prefetch_distance ................. 0
  fsdp_cast_forward_inputs ........................ True
  fsdp_forward_prefetch_distance .................. 0
  fsdp_leftover_min_num_params .................... 1000000
  fsdp_min_num_params ............................. 1000000
  fsdp_no_wrap_modules ............................ None
  fsdp_original_param_dtype ....................... None
  fsdp_reduce_dtype ............................... fp32
  fsdp_reshard_default ............................ None
  fsdp_reshard_module_overrides ................... None
  fsdp_reshard_root ............................... False
  fsdp_unsharded_param_dtype ...................... None
  fsdp_wrap_modules ............................... None
  gradient_accumulation_steps ..................... 1
  hsdp_shard_size ................................. None
  init_on_meta .................................... False
  lambda_cycle_length ............................. 10000
  lambda_f_max .................................... 0.4
  lambda_f_min .................................... 0.0
  lambda_f_start .................................. 0.0
  lerobotdataset_version .......................... v3.0
  log_interval .................................... 1
  lora_alpha ...................................... 32
  lora_bias ....................................... none
  lora_dropout .................................... 0.0
  lora_init ....................................... true
  lora_modules_to_save ............................ None
  lora_r .......................................... 16
  lora_target_modules ............................. None
  loss_log_rank ................................... [-1]
  loss_spike_threshold ............................ 100.0
  lr_base ......................................... 2.5e-05
  lr_decay_iters .................................. 1000
  lr_decay_style .................................. cosine_with_min_lr
  lr_end .......................................... 1e-07
  lr_group ........................................ None
  lr_warmup_iters ................................. 10
  manual_gc ....................................... False
  manual_gc_interval .............................. 0
  min_lr .......................................... 1e-06
  model_name ...................................... pi05
  num_cycles ...................................... 1.0
  num_samples ..................................... 100
  num_workers ..................................... 4
  optimizer ....................................... AdamW
  output_dir ...................................... /raid0/fastwam/experiments/pi05_powersgd_plus_ablation_start300_a800_100_1000_v1/attempts/lr_rank2_start300/attempt_1/lr_rank2_start300
  per_device_batch_size ........................... 12
  polynomial_power ................................ 1.0
  pretrained_checkpoint ........................... /raid0/fastwam/vla_artifacts/pi05/models/pi05_base
  profile_output_dir .............................. None
  profile_ranks ................................... [0]
  profile_step_end ................................ 12
  profile_step_start .............................. 10
  resume .......................................... True
  robot_type ...................................... libero_franka
  sampler_shuffle ................................. True
  save_format ..................................... dcp
  save_interval ................................... 0
  save_lr_thresholds .............................. 
  save_steps ...................................... 
  save_training_state ............................. True
  seed ............................................ 42
  set_seed_by_rank ................................ False
  split ........................................... train
  streaming ....................................... False
  task_name ....................................... perform the task
  tensorboard_dir ................................. /raid0/fastwam/experiments/pi05_powersgd_plus_ablation_start300_a800_100_1000_v1/attempts/lr_rank2_start300/attempt_1/lr_rank2_start300/tensorboard
  tensorboard_queue_size .......................... 1000
  timing_log_level ................................ 0
  tokenizer_path .................................. /raid0/fastwam/vla_artifacts/pi05/tokenizers/paligemma-3b-pt-224
  train_iters ..................................... 1000
  trainer_type .................................... FinetuneTrainer
  use_lora ........................................ False
  use_nsys_profiler ............................... False
  use_pytorch_profiler ............................ False
  video_backend ................................... torchcodec
  wandb_mode ...................................... disabled
  wandb_project ................................... loongforge-vla
  weight_decay .................................... 0.01
  weight_decay_grouping ........................... all
  zero_master_param_dtype ......................... none
  zero_optimizer .................................. True
  zero_parameters_as_bucket_view .................. True
-------------------- end of training training_args ---------------------
2026-08-23 00:38:39 [INFO] 
------------------------ model config ------------------------
  action_dim ...................................... 7
  action_horizon .................................. 50
  compile_dynamic ................................. False
  compile_fullgraph ............................... True
  compile_mode .................................... max-autotune
  compile_model ................................... False
  compile_scope ................................... multi_group
  freeze_vision_encoder ........................... False
  gradient_checkpointing .......................... False
  max_action_dim .................................. 32
  max_state_dim ................................... 32
  model_type ...................................... pi05
  state_dim ....................................... 7
  train_expert_only ............................... False
-------------------- end of model config ---------------------
2026-08-23 00:38:39 [INFO] 
------------------------ data config ------------------------
  action_apply_to ................................. ['action']
  action_padding_strategy ......................... zero
  action_transform_horizon ........................ None
  action_transform_max_action_dim ................. None
  action_use_statistics ........................... True
  image_mask ...................................... None
  image_normalize_mode ............................ identity
  image_resize_strategy ........................... resize_with_pad
  image_size ...................................... 224
  max_token_len ................................... 200
  normalization_mode .............................. q99
  num_images ...................................... 2
  observation_delta_indices ....................... None
  use_action_transform ............................ True
  use_image_transform ............................. True
-------------------- end of data config ---------------------
2026-08-23 00:38:39 [INFO] TensorBoard enabled: /raid0/fastwam/experiments/pi05_powersgd_plus_ablation_start300_a800_100_1000_v1/attempts/lr_rank2_start300/attempt_1/lr_rank2_start300/tensorboard
2026-08-23 00:38:39 [INFO] [model] start building model: model_type=pi05, class=Pi05ModelConfig
bddx-inf-sci-k8s-a800-03849:1253321:1254744 [7] NCCL INFO Channel 00/0 : 7[7] -> 0[0] via P2P/CUMEM/read
bddx-inf-sci-k8s-a800-03849:1253321:1254744 [7] NCCL INFO Channel 01/0 : 7[7] -> 0[0] via P2P/CUMEM/read
bddx-inf-sci-k8s-a800-03849:1253321:1254744 [7] NCCL INFO Channel 02/0 : 7[7] -> 0[0] via P2P/CUMEM/read
bddx-inf-sci-k8s-a800-03849:1253321:1254744 [7] NCCL INFO Channel 03/0 : 7[7] -> 0[0] via P2P/CUMEM/read
bddx-inf-sci-k8s-a800-03849:1253321:1254744 [7] NCCL INFO Channel 04/0 : 7[7] -> 0[0] via P2P/CUMEM/read
bddx-inf-sci-k8s-a800-03849:1253321:1254744 [7] NCCL INFO Channel 05/0 : 7[7] -> 0[0] via P2P/CUMEM/read
bddx-inf-sci-k8s-a800-03849:1253321:1254744 [7] NCCL INFO Channel 06/0 : 7[7] -> 0[0] via P2P/CUMEM/read
bddx-inf-sci-k8s-a800-03849:1253321:1254744 [7] NCCL INFO Channel 07/0 : 7[7] -> 0[0] via P2P/CUMEM/read
bddx-inf-sci-k8s-a800-03849:1253321:1254744 [7] NCCL INFO Channel 08/0 : 7[7] -> 0[0] via P2P/CUMEM/read
bddx-inf-sci-k8s-a800-03849:1253321:1254744 [7] NCCL INFO Channel 09/0 : 7[7] -> 0[0] via P2P/CUMEM/read
bddx-inf-sci-k8s-a800-03849:1253321:1254744 [7] NCCL INFO Channel 10/0 : 7[7] -> 0[0] via P2P/CUMEM/read
bddx-inf-sci-k8s-a800-03849:1253321:1254744 [7] NCCL INFO Channel 11/0 : 7[7] -> 0[0] via P2P/CUMEM/read
bddx-inf-sci-k8s-a800-03849:1253321:1254744 [7] NCCL INFO Channel 12/0 : 7[7] -> 0[0] via P2P/CUMEM/read
bddx-inf-sci-k8s-a800-03849:1253321:1254744 [7] NCCL INFO Channel 13/0 : 7[7] -> 0[0] via P2P/CUMEM/read
bddx-inf-sci-k8s-a800-03849:1253321:1254744 [7] NCCL INFO Channel 14/0 : 7[7] -> 0[0] via P2P/CUMEM/read
bddx-inf-sci-k8s-a800-03849:1253321:1254744 [7] NCCL INFO Channel 15/0 : 7[7] -> 0[0] via P2P/CUMEM/read
bddx-inf-sci-k8s-a800-03849:1253320:1254746 [6] NCCL INFO Channel 00/0 : 6[6] -> 7[7] via P2P/CUMEM/read
bddx-inf-sci-k8s-a800-03849:1253320:1254746 [6] NCCL INFO Channel 01/0 : 6[6] -> 7[7] via P2P/CUMEM/read
bddx-inf-sci-k8s-a800-03849:1253320:1254746 [6] NCCL INFO Channel 02/0 : 6[6] -> 7[7] via P2P/CUMEM/read
bddx-inf-sci-k8s-a800-03849:1253320:1254746 [6] NCCL INFO Channel 03/0 : 6[6] -> 7[7] via P2P/CUMEM/read
bddx-inf-sci-k8s-a800-03849:1253320:1254746 [6] NCCL INFO Channel 04/0 : 6[6] -> 7[7] via P2P/CUMEM/read
bddx-inf-sci-k8s-a800-03849:1253320:1254746 [6] NCCL INFO Channel 05/0 : 6[6] -> 7[7] via P2P/CUMEM/read
bddx-inf-sci-k8s-a800-03849:1253320:1254746 [6] NCCL INFO Channel 06/0 : 6[6] -> 7[7] via P2P/CUMEM/read
bddx-inf-sci-k8s-a800-03849:1253320:1254746 [6] NCCL INFO Channel 07/0 : 6[6] -> 7[7] via P2P/CUMEM/read
bddx-inf-sci-k8s-a800-03849:1253320:1254746 [6] NCCL INFO Channel 08/0 : 6[6] -> 7[7] via P2P/CUMEM/read
bddx-inf-sci-k8s-a800-03849:1253320:1254746 [6] NCCL INFO Channel 09/0 : 6[6] -> 7[7] via P2P/CUMEM/read
bddx-inf-sci-k8s-a800-03849:1253320:1254746 [6] NCCL INFO Channel 10/0 : 6[6] -> 7[7] via P2P/CUMEM/read
bddx-inf-sci-k8s-a800-03849:1253320:1254746 [6] NCCL INFO Channel 11/0 : 6[6] -> 7[7] via P2P/CUMEM/read
bddx-inf-sci-k8s-a800-03849:1253320:1254746 [6] NCCL INFO Channel 12/0 : 6[6] -> 7[7] via P2P/CUMEM/read
bddx-inf-sci-k8s-a800-03849:1253320:1254746 [6] NCCL INFO Channel 13/0 : 6[6] -> 7[7] via P2P/CUMEM/read
bddx-inf-sci-k8s-a800-03849:1253320:1254746 [6] NCCL INFO Channel 14/0 : 6[6] -> 7[7] via P2P/CUMEM/read
bddx-inf-sci-k8s-a800-03849:1253320:1254746 [6] NCCL INFO Channel 15/0 : 6[6] -> 7[7] via P2P/CUMEM/read
2026-08-23 00:41:00 [INFO] [model] model built in 140.60s
2026-08-23 00:41:00 [INFO] [ckpt] resume requested: dir==/raid0/fastwam/experiments/pi05_powersgd_plus_ablation_start300_a800_100_1000_v1/attempts/lr_rank2_start300/attempt_1/lr_rank2_start300/checkpoints/steps_100
2026-08-23 00:41:00 [INFO] resume: detected DCP checkpoint at /raid0/fastwam/experiments/pi05_powersgd_plus_ablation_start300_a800_100_1000_v1/attempts/lr_rank2_start300/attempt_1/lr_rank2_start300/checkpoints/steps_100 — deferring weight load until after wrap_model.
2026-08-23 00:41:00 [INFO] Resumed model weights from step 100
2026-08-23 00:41:00 [INFO] [ckpt] resume done in 0.00s
2026-08-23 00:41:00 [INFO] [wrap_model] wrap_model: strategy=ddp, dtype=bfloat16
bddx-inf-sci-k8s-a800-03849:1253316:1254747 [2] NCCL INFO Channel 00/0 : 2[2] -> 3[3] via P2P/CUMEM/read
bddx-inf-sci-k8s-a800-03849:1253316:1254747 [2] NCCL INFO Channel 01/0 : 2[2] -> 3[3] via P2P/CUMEM/read
bddx-inf-sci-k8s-a800-03849:1253316:1254747 [2] NCCL INFO Channel 02/0 : 2[2] -> 3[3] via P2P/CUMEM/read
bddx-inf-sci-k8s-a800-03849:1253316:1254747 [2] NCCL INFO Channel 03/0 : 2[2] -> 3[3] via P2P/CUMEM/read
bddx-inf-sci-k8s-a800-03849:1253316:1254747 [2] NCCL INFO Channel 04/0 : 2[2] -> 3[3] via P2P/CUMEM/read
bddx-inf-sci-k8s-a800-03849:1253316:1254747 [2] NCCL INFO Channel 05/0 : 2[2] -> 3[3] via P2P/CUMEM/read
bddx-inf-sci-k8s-a800-03849:1253316:1254747 [2] NCCL INFO Channel 06/0 : 2[2] -> 3[3] via P2P/CUMEM/read
bddx-inf-sci-k8s-a800-03849:1253316:1254747 [2] NCCL INFO Channel 07/0 : 2[2] -> 3[3] via P2P/CUMEM/read
bddx-inf-sci-k8s-a800-03849:1253316:1254747 [2] NCCL INFO Channel 08/0 : 2[2] -> 3[3] via P2P/CUMEM/read
bddx-inf-sci-k8s-a800-03849:1253316:1254747 [2] NCCL INFO Channel 09/0 : 2[2] -> 3[3] via P2P/CUMEM/read
bddx-inf-sci-k8s-a800-03849:1253316:1254747 [2] NCCL INFO Channel 10/0 : 2[2] -> 3[3] via P2P/CUMEM/read
bddx-inf-sci-k8s-a800-03849:1253316:1254747 [2] NCCL INFO Channel 11/0 : 2[2] -> 3[3] via P2P/CUMEM/read
bddx-inf-sci-k8s-a800-03849:1253316:1254747 [2] NCCL INFO Channel 12/0 : 2[2] -> 3[3] via P2P/CUMEM/read
bddx-inf-sci-k8s-a800-03849:1253316:1254747 [2] NCCL INFO Channel 13/0 : 2[2] -> 3[3] via P2P/CUMEM/read
bddx-inf-sci-k8s-a800-03849:1253316:1254747 [2] NCCL INFO Channel 14/0 : 2[2] -> 3[3] via P2P/CUMEM/read
bddx-inf-sci-k8s-a800-03849:1253316:1254747 [2] NCCL INFO Channel 15/0 : 2[2] -> 3[3] via P2P/CUMEM/read
bddx-inf-sci-k8s-a800-03849:1253319:1254750 [5] NCCL INFO Channel 00/0 : 5[5] -> 6[6] via P2P/CUMEM/read
bddx-inf-sci-k8s-a800-03849:1253319:1254750 [5] NCCL INFO Channel 01/0 : 5[5] -> 6[6] via P2P/CUMEM/read
bddx-inf-sci-k8s-a800-03849:1253319:1254750 [5] NCCL INFO Channel 02/0 : 5[5] -> 6[6] via P2P/CUMEM/read
bddx-inf-sci-k8s-a800-03849:1253319:1254750 [5] NCCL INFO Channel 03/0 : 5[5] -> 6[6] via P2P/CUMEM/read
bddx-inf-sci-k8s-a800-03849:1253319:1254750 [5] NCCL INFO Channel 04/0 : 5[5] -> 6[6] via P2P/CUMEM/read
bddx-inf-sci-k8s-a800-03849:1253319:1254750 [5] NCCL INFO Channel 05/0 : 5[5] -> 6[6] via P2P/CUMEM/read
bddx-inf-sci-k8s-a800-03849:1253319:1254750 [5] NCCL INFO Channel 06/0 : 5[5] -> 6[6] via P2P/CUMEM/read
bddx-inf-sci-k8s-a800-03849:1253319:1254750 [5] NCCL INFO Channel 07/0 : 5[5] -> 6[6] via P2P/CUMEM/read
bddx-inf-sci-k8s-a800-03849:1253319:1254750 [5] NCCL INFO Channel 08/0 : 5[5] -> 6[6] via P2P/CUMEM/read
bddx-inf-sci-k8s-a800-03849:1253319:1254750 [5] NCCL INFO Channel 09/0 : 5[5] -> 6[6] via P2P/CUMEM/read
bddx-inf-sci-k8s-a800-03849:1253319:1254750 [5] NCCL INFO Channel 10/0 : 5[5] -> 6[6] via P2P/CUMEM/read
bddx-inf-sci-k8s-a800-03849:1253319:1254750 [5] NCCL INFO Channel 11/0 : 5[5] -> 6[6] via P2P/CUMEM/read
bddx-inf-sci-k8s-a800-03849:1253319:1254750 [5] NCCL INFO Channel 12/0 : 5[5] -> 6[6] via P2P/CUMEM/read
bddx-inf-sci-k8s-a800-03849:1253319:1254750 [5] NCCL INFO Channel 13/0 : 5[5] -> 6[6] via P2P/CUMEM/read
bddx-inf-sci-k8s-a800-03849:1253319:1254750 [5] NCCL INFO Channel 14/0 : 5[5] -> 6[6] via P2P/CUMEM/read
bddx-inf-sci-k8s-a800-03849:1253319:1254750 [5] NCCL INFO Channel 15/0 : 5[5] -> 6[6] via P2P/CUMEM/read
bddx-inf-sci-k8s-a800-03849:1253314:1254751 [0] NCCL INFO Channel 00/0 : 0[0] -> 1[1] via P2P/CUMEM/read
bddx-inf-sci-k8s-a800-03849:1253314:1254751 [0] NCCL INFO Channel 01/0 : 0[0] -> 1[1] via P2P/CUMEM/read
bddx-inf-sci-k8s-a800-03849:1253314:1254751 [0] NCCL INFO Channel 02/0 : 0[0] -> 1[1] via P2P/CUMEM/read
bddx-inf-sci-k8s-a800-03849:1253314:1254751 [0] NCCL INFO Channel 03/0 : 0[0] -> 1[1] via P2P/CUMEM/read
bddx-inf-sci-k8s-a800-03849:1253314:1254751 [0] NCCL INFO Channel 04/0 : 0[0] -> 1[1] via P2P/CUMEM/read
bddx-inf-sci-k8s-a800-03849:1253314:1254751 [0] NCCL INFO Channel 05/0 : 0[0] -> 1[1] via P2P/CUMEM/read
bddx-inf-sci-k8s-a800-03849:1253314:1254751 [0] NCCL INFO Channel 06/0 : 0[0] -> 1[1] via P2P/CUMEM/read
bddx-inf-sci-k8s-a800-03849:1253314:1254751 [0] NCCL INFO Channel 07/0 : 0[0] -> 1[1] via P2P/CUMEM/read
bddx-inf-sci-k8s-a800-03849:1253314:1254751 [0] NCCL INFO Channel 08/0 : 0[0] -> 1[1] via P2P/CUMEM/read
bddx-inf-sci-k8s-a800-03849:1253314:1254751 [0] NCCL INFO Channel 09/0 : 0[0] -> 1[1] via P2P/CUMEM/read
bddx-inf-sci-k8s-a800-03849:1253314:1254751 [0] NCCL INFO Channel 10/0 : 0[0] -> 1[1] via P2P/CUMEM/read
bddx-inf-sci-k8s-a800-03849:1253314:1254751 [0] NCCL INFO Channel 11/0 : 0[0] -> 1[1] via P2P/CUMEM/read
bddx-inf-sci-k8s-a800-03849:1253314:1254751 [0] NCCL INFO Channel 12/0 : 0[0] -> 1[1] via P2P/CUMEM/read
bddx-inf-sci-k8s-a800-03849:1253314:1254751 [0] NCCL INFO Channel 13/0 : 0[0] -> 1[1] via P2P/CUMEM/read
bddx-inf-sci-k8s-a800-03849:1253314:1254751 [0] NCCL INFO Channel 14/0 : 0[0] -> 1[1] via P2P/CUMEM/read
bddx-inf-sci-k8s-a800-03849:1253314:1254751 [0] NCCL INFO Channel 15/0 : 0[0] -> 1[1] via P2P/CUMEM/read
bddx-inf-sci-k8s-a800-03849:1253317:1254754 [3] NCCL INFO Channel 00/0 : 3[3] -> 4[4] via P2P/CUMEM/read
bddx-inf-sci-k8s-a800-03849:1253317:1254754 [3] NCCL INFO Channel 01/0 : 3[3] -> 4[4] via P2P/CUMEM/read
bddx-inf-sci-k8s-a800-03849:1253317:1254754 [3] NCCL INFO Channel 02/0 : 3[3] -> 4[4] via P2P/CUMEM/read
bddx-inf-sci-k8s-a800-03849:1253317:1254754 [3] NCCL INFO Channel 03/0 : 3[3] -> 4[4] via P2P/CUMEM/read
bddx-inf-sci-k8s-a800-03849:1253317:1254754 [3] NCCL INFO Channel 04/0 : 3[3] -> 4[4] via P2P/CUMEM/read
bddx-inf-sci-k8s-a800-03849:1253317:1254754 [3] NCCL INFO Channel 05/0 : 3[3] -> 4[4] via P2P/CUMEM/read
bddx-inf-sci-k8s-a800-03849:1253317:1254754 [3] NCCL INFO Channel 06/0 : 3[3] -> 4[4] via P2P/CUMEM/read
bddx-inf-sci-k8s-a800-03849:1253317:1254754 [3] NCCL INFO Channel 07/0 : 3[3] -> 4[4] via P2P/CUMEM/read
bddx-inf-sci-k8s-a800-03849:1253317:1254754 [3] NCCL INFO Channel 08/0 : 3[3] -> 4[4] via P2P/CUMEM/read
bddx-inf-sci-k8s-a800-03849:1253317:1254754 [3] NCCL INFO Channel 09/0 : 3[3] -> 4[4] via P2P/CUMEM/read
bddx-inf-sci-k8s-a800-03849:1253317:1254754 [3] NCCL INFO Channel 10/0 : 3[3] -> 4[4] via P2P/CUMEM/read
bddx-inf-sci-k8s-a800-03849:1253317:1254754 [3] NCCL INFO Channel 11/0 : 3[3] -> 4[4] via P2P/CUMEM/read
bddx-inf-sci-k8s-a800-03849:1253317:1254754 [3] NCCL INFO Channel 12/0 : 3[3] -> 4[4] via P2P/CUMEM/read
bddx-inf-sci-k8s-a800-03849:1253317:1254754 [3] NCCL INFO Channel 13/0 : 3[3] -> 4[4] via P2P/CUMEM/read
bddx-inf-sci-k8s-a800-03849:1253317:1254754 [3] NCCL INFO Channel 14/0 : 3[3] -> 4[4] via P2P/CUMEM/read
bddx-inf-sci-k8s-a800-03849:1253317:1254754 [3] NCCL INFO Channel 15/0 : 3[3] -> 4[4] via P2P/CUMEM/read
bddx-inf-sci-k8s-a800-03849:1253315:1254755 [1] NCCL INFO Channel 00/0 : 1[1] -> 2[2] via P2P/CUMEM/read
bddx-inf-sci-k8s-a800-03849:1253315:1254755 [1] NCCL INFO Channel 01/0 : 1[1] -> 2[2] via P2P/CUMEM/read
bddx-inf-sci-k8s-a800-03849:1253315:1254755 [1] NCCL INFO Channel 02/0 : 1[1] -> 2[2] via P2P/CUMEM/read
bddx-inf-sci-k8s-a800-03849:1253315:1254755 [1] NCCL INFO Channel 03/0 : 1[1] -> 2[2] via P2P/CUMEM/read
bddx-inf-sci-k8s-a800-03849:1253315:1254755 [1] NCCL INFO Channel 04/0 : 1[1] -> 2[2] via P2P/CUMEM/read
bddx-inf-sci-k8s-a800-03849:1253315:1254755 [1] NCCL INFO Channel 05/0 : 1[1] -> 2[2] via P2P/CUMEM/read
bddx-inf-sci-k8s-a800-03849:1253315:1254755 [1] NCCL INFO Channel 06/0 : 1[1] -> 2[2] via P2P/CUMEM/read
bddx-inf-sci-k8s-a800-03849:1253315:1254755 [1] NCCL INFO Channel 07/0 : 1[1] -> 2[2] via P2P/CUMEM/read
bddx-inf-sci-k8s-a800-03849:1253315:1254755 [1] NCCL INFO Channel 08/0 : 1[1] -> 2[2] via P2P/CUMEM/read
bddx-inf-sci-k8s-a800-03849:1253315:1254755 [1] NCCL INFO Channel 09/0 : 1[1] -> 2[2] via P2P/CUMEM/read
bddx-inf-sci-k8s-a800-03849:1253315:1254755 [1] NCCL INFO Channel 10/0 : 1[1] -> 2[2] via P2P/CUMEM/read
bddx-inf-sci-k8s-a800-03849:1253315:1254755 [1] NCCL INFO Channel 11/0 : 1[1] -> 2[2] via P2P/CUMEM/read
bddx-inf-sci-k8s-a800-03849:1253315:1254755 [1] NCCL INFO Channel 12/0 : 1[1] -> 2[2] via P2P/CUMEM/read
bddx-inf-sci-k8s-a800-03849:1253315:1254755 [1] NCCL INFO Channel 13/0 : 1[1] -> 2[2] via P2P/CUMEM/read
bddx-inf-sci-k8s-a800-03849:1253315:1254755 [1] NCCL INFO Channel 14/0 : 1[1] -> 2[2] via P2P/CUMEM/read
bddx-inf-sci-k8s-a800-03849:1253315:1254755 [1] NCCL INFO Channel 15/0 : 1[1] -> 2[2] via P2P/CUMEM/read
bddx-inf-sci-k8s-a800-03849:1253318:1254757 [4] NCCL INFO Channel 00/0 : 4[4] -> 5[5] via P2P/CUMEM/read
bddx-inf-sci-k8s-a800-03849:1253318:1254757 [4] NCCL INFO Channel 01/0 : 4[4] -> 5[5] via P2P/CUMEM/read
bddx-inf-sci-k8s-a800-03849:1253318:1254757 [4] NCCL INFO Channel 02/0 : 4[4] -> 5[5] via P2P/CUMEM/read
bddx-inf-sci-k8s-a800-03849:1253318:1254757 [4] NCCL INFO Channel 03/0 : 4[4] -> 5[5] via P2P/CUMEM/read
bddx-inf-sci-k8s-a800-03849:1253318:1254757 [4] NCCL INFO Channel 04/0 : 4[4] -> 5[5] via P2P/CUMEM/read
bddx-inf-sci-k8s-a800-03849:1253318:1254757 [4] NCCL INFO Channel 05/0 : 4[4] -> 5[5] via P2P/CUMEM/read
bddx-inf-sci-k8s-a800-03849:1253318:1254757 [4] NCCL INFO Channel 06/0 : 4[4] -> 5[5] via P2P/CUMEM/read
bddx-inf-sci-k8s-a800-03849:1253318:1254757 [4] NCCL INFO Channel 07/0 : 4[4] -> 5[5] via P2P/CUMEM/read
bddx-inf-sci-k8s-a800-03849:1253318:1254757 [4] NCCL INFO Channel 08/0 : 4[4] -> 5[5] via P2P/CUMEM/read
bddx-inf-sci-k8s-a800-03849:1253318:1254757 [4] NCCL INFO Channel 09/0 : 4[4] -> 5[5] via P2P/CUMEM/read
bddx-inf-sci-k8s-a800-03849:1253318:1254757 [4] NCCL INFO Channel 10/0 : 4[4] -> 5[5] via P2P/CUMEM/read
bddx-inf-sci-k8s-a800-03849:1253318:1254757 [4] NCCL INFO Channel 11/0 : 4[4] -> 5[5] via P2P/CUMEM/read
bddx-inf-sci-k8s-a800-03849:1253318:1254757 [4] NCCL INFO Channel 12/0 : 4[4] -> 5[5] via P2P/CUMEM/read
bddx-inf-sci-k8s-a800-03849:1253318:1254757 [4] NCCL INFO Channel 13/0 : 4[4] -> 5[5] via P2P/CUMEM/read
bddx-inf-sci-k8s-a800-03849:1253318:1254757 [4] NCCL INFO Channel 14/0 : 4[4] -> 5[5] via P2P/CUMEM/read
bddx-inf-sci-k8s-a800-03849:1253318:1254757 [4] NCCL INFO Channel 15/0 : 4[4] -> 5[5] via P2P/CUMEM/read
bddx-inf-sci-k8s-a800-03849:1253319:1254750 [5] NCCL INFO Connected all rings, use ring PXN 0 GDR 1
bddx-inf-sci-k8s-a800-03849:1253318:1254757 [4] NCCL INFO Connected all rings, use ring PXN 0 GDR 1
bddx-inf-sci-k8s-a800-03849:1253317:1254754 [3] NCCL INFO Connected all rings, use ring PXN 0 GDR 1
bddx-inf-sci-k8s-a800-03849:1253316:1254747 [2] NCCL INFO Connected all rings, use ring PXN 0 GDR 1
bddx-inf-sci-k8s-a800-03849:1253315:1254755 [1] NCCL INFO Connected all rings, use ring PXN 0 GDR 1
bddx-inf-sci-k8s-a800-03849:1253314:1254751 [0] NCCL INFO Connected all rings, use ring PXN 0 GDR 1
bddx-inf-sci-k8s-a800-03849:1253320:1254746 [6] NCCL INFO Connected all rings, use ring PXN 0 GDR 1
bddx-inf-sci-k8s-a800-03849:1253321:1254744 [7] NCCL INFO Connected all rings, use ring PXN 0 GDR 1
/usr/local/lib/python3.12/dist-packages/torch/nn/parallel/distributed.py:2348: UserWarning: You passed find_unused_parameters=true to DistributedDataParallel, `_set_static_graph` will detect unused parameters automatically, so you do not need to set find_unused_parameters=true, just be sure these unused parameters will not change during training loop while calling `_set_static_graph`.
  warnings.warn(
/usr/local/lib/python3.12/dist-packages/torch/nn/parallel/distributed.py:2348: UserWarning: You passed find_unused_parameters=true to DistributedDataParallel, `_set_static_graph` will detect unused parameters automatically, so you do not need to set find_unused_parameters=true, just be sure these unused parameters will not change during training loop while calling `_set_static_graph`.
  warnings.warn(
/usr/local/lib/python3.12/dist-packages/torch/nn/parallel/distributed.py:2348: UserWarning: You passed find_unused_parameters=true to DistributedDataParallel, `_set_static_graph` will detect unused parameters automatically, so you do not need to set find_unused_parameters=true, just be sure these unused parameters will not change during training loop while calling `_set_static_graph`.
  warnings.warn(
/usr/local/lib/python3.12/dist-packages/torch/nn/parallel/distributed.py:2348: UserWarning: You passed find_unused_parameters=true to DistributedDataParallel, `_set_static_graph` will detect unused parameters automatically, so you do not need to set find_unused_parameters=true, just be sure these unused parameters will not change during training loop while calling `_set_static_graph`.
  warnings.warn(
/usr/local/lib/python3.12/dist-packages/torch/nn/parallel/distributed.py:2348: UserWarning: You passed find_unused_parameters=true to DistributedDataParallel, `_set_static_graph` will detect unused parameters automatically, so you do not need to set find_unused_parameters=true, just be sure these unused parameters will not change during training loop while calling `_set_static_graph`.
  warnings.warn(
/usr/local/lib/python3.12/dist-packages/torch/nn/parallel/distributed.py:2348: UserWarning: You passed find_unused_parameters=true to DistributedDataParallel, `_set_static_graph` will detect unused parameters automatically, so you do not need to set find_unused_parameters=true, just be sure these unused parameters will not change during training loop while calling `_set_static_graph`.
  warnings.warn(
2026-08-23 00:41:05 [INFO] [wrap_model] done in 5.23s
2026-08-23 00:41:05 [INFO] [optimizer] building optimizer
2026-08-23 00:41:05 [INFO] [LR Groups] Model modules (use paths below with --lr-group to set per-module LR):
  model                                                         (4143.4M trainable params)
    model.paligemma_with_expert                                   (4141.2M trainable params)
      model.paligemma_with_expert.paligemma                         (3450.0M trainable params)
      model.paligemma_with_expert.gemma_expert                      (691.3M trainable params)
    model.action_in_proj                                          (33.8K trainable params)
    model.action_out_proj                                         (32.8K trainable params)
    model.time_mlp_in                                             (1.0M trainable params)
    model.time_mlp_out                                            (1.0M trainable params)
/usr/local/lib/python3.12/dist-packages/torch/nn/parallel/distributed.py:2348: UserWarning: You passed find_unused_parameters=true to DistributedDataParallel, `_set_static_graph` will detect unused parameters automatically, so you do not need to set find_unused_parameters=true, just be sure these unused parameters will not change during training loop while calling `_set_static_graph`.
  warnings.warn(
2026-08-23 00:41:05 [INFO] [LR Groups] Model modules with LR assignment:
  model                                                         (4143.4M trainable params)  lr=2.50e-05
    model.paligemma_with_expert                                   (4141.2M trainable params)  lr=2.50e-05
      model.paligemma_with_expert.paligemma                         (3450.0M trainable params)  lr=2.50e-05
      model.paligemma_with_expert.gemma_expert                      (691.3M trainable params)  lr=2.50e-05
    model.action_in_proj                                          (33.8K trainable params)  lr=2.50e-05
    model.action_out_proj                                         (32.8K trainable params)  lr=2.50e-05
    model.time_mlp_in                                             (1.0M trainable params)  lr=2.50e-05
    model.time_mlp_out                                            (1.0M trainable params)  lr=2.50e-05
2026-08-23 00:41:05 [INFO] Optimizer trainable parameter dtypes: torch.bfloat16: 255 tensors/3609853952 elems, torch.float32: 558 tensors/533550864 elems
2026-08-23 00:41:05 [INFO] Mixed dtype params {torch.bfloat16, torch.float32}: using per-dtype ZeroRedundancyOptimizer
/usr/local/lib/python3.12/dist-packages/torch/nn/parallel/distributed.py:2348: UserWarning: You passed find_unused_parameters=true to DistributedDataParallel, `_set_static_graph` will detect unused parameters automatically, so you do not need to set find_unused_parameters=true, just be sure these unused parameters will not change during training loop while calling `_set_static_graph`.
  warnings.warn(
2026-08-23 00:41:05 [INFO] [optimizer] optimizer built in 0.16s
2026-08-23 00:41:05 [INFO] [ckpt] restoring optimizer/scheduler/RNG state from /raid0/fastwam/experiments/pi05_powersgd_plus_ablation_start300_a800_100_1000_v1/attempts/lr_rank2_start300/attempt_1/lr_rank2_start300/checkpoints/steps_100
2026-08-23 00:41:15 [INFO] model resumed via DCP (strict)
2026-08-23 00:41:17 [INFO] optimizer resumed from rank-local ZeRO state
2026-08-23 00:41:17 [INFO] scheduler resumed successfully
2026-08-23 00:41:17 [INFO] [ckpt] optimizer/scheduler/RNG state restored in 11.50s
2026-08-23 00:41:17 [INFO] [data] building dataloaders
2026-08-23 00:41:17 [INFO] Using video codec: libsvtav1
2026-08-23 00:41:17 [INFO] LeRobotV3Dataset: repo_id=libero, len=273465, action_horizon=50, fps=10.0, video_backend=torchcodec
2026-08-23 00:41:17 [INFO] Using preprocessor: pi05
2026-08-23 00:41:17 [INFO] Restored dataloader state: vla
2026-08-23 00:41:17 [INFO] [data] done in 0.40s
2026-08-23 00:41:17 [INFO] Parameters: 4143.4M total, 4143.4M trainable (100.0%)
2026-08-23 00:41:17 [INFO] Model: PI05Policy
/usr/local/lib/python3.12/dist-packages/torch/utils/cpp_extension.py:2407: UserWarning: TORCH_CUDA_ARCH_LIST is not set, all archs for visible cards are included for compilation. 
If this is not desired, please set os.environ['TORCH_CUDA_ARCH_LIST'].
  warnings.warn(
fused_indices_to_multihot has reached end of life. Please migrate to a non-experimental function.
/usr/local/lib/python3.12/dist-packages/torch/utils/cpp_extension.py:2407: UserWarning: TORCH_CUDA_ARCH_LIST is not set, all archs for visible cards are included for compilation. 
If this is not desired, please set os.environ['TORCH_CUDA_ARCH_LIST'].
  warnings.warn(
fused_indices_to_multihot has reached end of life. Please migrate to a non-experimental function.
/usr/local/lib/python3.12/dist-packages/torch/utils/cpp_extension.py:2407: UserWarning: TORCH_CUDA_ARCH_LIST is not set, all archs for visible cards are included for compilation. 
If this is not desired, please set os.environ['TORCH_CUDA_ARCH_LIST'].
  warnings.warn(
fused_indices_to_multihot has reached end of life. Please migrate to a non-experimental function.
fused_indices_to_multihot has reached end of life. Please migrate to a non-experimental function.
/usr/local/lib/python3.12/dist-packages/torch/utils/cpp_extension.py:2407: UserWarning: TORCH_CUDA_ARCH_LIST is not set, all archs for visible cards are included for compilation. 
If this is not desired, please set os.environ['TORCH_CUDA_ARCH_LIST'].
  warnings.warn(
fused_indices_to_multihot has reached end of life. Please migrate to a non-experimental function.
/usr/local/lib/python3.12/dist-packages/torch/utils/cpp_extension.py:2407: UserWarning: TORCH_CUDA_ARCH_LIST is not set, all archs for visible cards are included for compilation. 
If this is not desired, please set os.environ['TORCH_CUDA_ARCH_LIST'].
  warnings.warn(
fused_indices_to_multihot has reached end of life. Please migrate to a non-experimental function.
/usr/local/lib/python3.12/dist-packages/torch/utils/cpp_extension.py:2407: UserWarning: TORCH_CUDA_ARCH_LIST is not set, all archs for visible cards are included for compilation. 
If this is not desired, please set os.environ['TORCH_CUDA_ARCH_LIST'].
  warnings.warn(
fused_indices_to_multihot has reached end of life. Please migrate to a non-experimental function.
/usr/local/lib/python3.12/dist-packages/torch/utils/cpp_extension.py:2407: UserWarning: TORCH_CUDA_ARCH_LIST is not set, all archs for visible cards are included for compilation. 
If this is not desired, please set os.environ['TORCH_CUDA_ARCH_LIST'].
  warnings.warn(
fused_indices_to_multihot has reached end of life. Please migrate to a non-experimental function.
/usr/local/lib/python3.12/dist-packages/torch/utils/cpp_extension.py:2407: UserWarning: TORCH_CUDA_ARCH_LIST is not set, all archs for visible cards are included for compilation. 
If this is not desired, please set os.environ['TORCH_CUDA_ARCH_LIST'].
  warnings.warn(
fused_indices_to_multihot has reached end of life. Please migrate to a non-experimental function.
/usr/local/lib/python3.12/dist-packages/torch/utils/cpp_extension.py:2407: UserWarning: TORCH_CUDA_ARCH_LIST is not set, all archs for visible cards are included for compilation. 
If this is not desired, please set os.environ['TORCH_CUDA_ARCH_LIST'].
  warnings.warn(
fused_indices_to_multihot has reached end of life. Please migrate to a non-experimental function.
/usr/local/lib/python3.12/dist-packages/torch/utils/cpp_extension.py:2407: UserWarning: TORCH_CUDA_ARCH_LIST is not set, all archs for visible cards are included for compilation. 
If this is not desired, please set os.environ['TORCH_CUDA_ARCH_LIST'].
  warnings.warn(
fused_indices_to_multihot has reached end of life. Please migrate to a non-experimental function.
/usr/local/lib/python3.12/dist-packages/torch/utils/cpp_extension.py:2407: UserWarning: TORCH_CUDA_ARCH_LIST is not set, all archs for visible cards are included for compilation. 
If this is not desired, please set os.environ['TORCH_CUDA_ARCH_LIST'].
  warnings.warn(
fused_indices_to_multihot has reached end of life. Please migrate to a non-experimental function.
/usr/local/lib/python3.12/dist-packages/torch/utils/cpp_extension.py:2407: UserWarning: TORCH_CUDA_ARCH_LIST is not set, all archs for visible cards are included for compilation. 
If this is not desired, please set os.environ['TORCH_CUDA_ARCH_LIST'].
  warnings.warn(
fused_indices_to_multihot has reached end of life. Please migrate to a non-experimental function.
/usr/local/lib/python3.12/dist-packages/torch/utils/cpp_extension.py:2407: UserWarning: TORCH_CUDA_ARCH_LIST is not set, all archs for visible cards are included for compilation. 
If this is not desired, please set os.environ['TORCH_CUDA_ARCH_LIST'].
  warnings.warn(
fused_indices_to_multihot has reached end of life. Please migrate to a non-experimental function.
/usr/local/lib/python3.12/dist-packages/torch/utils/cpp_extension.py:2407: UserWarning: TORCH_CUDA_ARCH_LIST is not set, all archs for visible cards are included for compilation. 
If this is not desired, please set os.environ['TORCH_CUDA_ARCH_LIST'].
  warnings.warn(
fused_indices_to_multihot has reached end of life. Please migrate to a non-experimental function.
/usr/local/lib/python3.12/dist-packages/torch/utils/cpp_extension.py:2407: UserWarning: TORCH_CUDA_ARCH_LIST is not set, all archs for visible cards are included for compilation. 
If this is not desired, please set os.environ['TORCH_CUDA_ARCH_LIST'].
  warnings.warn(
fused_indices_to_multihot has reached end of life. Please migrate to a non-experimental function.
/usr/local/lib/python3.12/dist-packages/torch/utils/cpp_extension.py:2407: UserWarning: TORCH_CUDA_ARCH_LIST is not set, all archs for visible cards are included for compilation. 
If this is not desired, please set os.environ['TORCH_CUDA_ARCH_LIST'].
  warnings.warn(
fused_indices_to_multihot has reached end of life. Please migrate to a non-experimental function.
/usr/local/lib/python3.12/dist-packages/torch/utils/cpp_extension.py:2407: UserWarning: TORCH_CUDA_ARCH_LIST is not set, all archs for visible cards are included for compilation. 
If this is not desired, please set os.environ['TORCH_CUDA_ARCH_LIST'].
  warnings.warn(
/usr/local/lib/python3.12/dist-packages/torch/utils/cpp_extension.py:2407: UserWarning: TORCH_CUDA_ARCH_LIST is not set, all archs for visible cards are included for compilation. 
If this is not desired, please set os.environ['TORCH_CUDA_ARCH_LIST'].
  warnings.warn(
fused_indices_to_multihot has reached end of life. Please migrate to a non-experimental function.
/usr/local/lib/python3.12/dist-packages/torch/utils/cpp_extension.py:2407: UserWarning: TORCH_CUDA_ARCH_LIST is not set, all archs for visible cards are included for compilation. 
If this is not desired, please set os.environ['TORCH_CUDA_ARCH_LIST'].
  warnings.warn(
fused_indices_to_multihot has reached end of life. Please migrate to a non-experimental function.
fused_indices_to_multihot has reached end of life. Please migrate to a non-experimental function.
fused_indices_to_multihot has reached end of life. Please migrate to a non-experimental function.
fused_indices_to_multihot has reached end of life. Please migrate to a non-experimental function.
/usr/local/lib/python3.12/dist-packages/torch/utils/cpp_extension.py:2407: UserWarning: TORCH_CUDA_ARCH_LIST is not set, all archs for visible cards are included for compilation. 
If this is not desired, please set os.environ['TORCH_CUDA_ARCH_LIST'].
  warnings.warn(
/usr/local/lib/python3.12/dist-packages/torch/utils/cpp_extension.py:2407: UserWarning: TORCH_CUDA_ARCH_LIST is not set, all archs for visible cards are included for compilation. 
If this is not desired, please set os.environ['TORCH_CUDA_ARCH_LIST'].
  warnings.warn(
fused_indices_to_multihot has reached end of life. Please migrate to a non-experimental function.
fused_indices_to_multihot has reached end of life. Please migrate to a non-experimental function.
/usr/local/lib/python3.12/dist-packages/torch/utils/cpp_extension.py:2407: UserWarning: TORCH_CUDA_ARCH_LIST is not set, all archs for visible cards are included for compilation. 
If this is not desired, please set os.environ['TORCH_CUDA_ARCH_LIST'].
  warnings.warn(
fused_indices_to_multihot has reached end of life. Please migrate to a non-experimental function.
fused_indices_to_multihot has reached end of life. Please migrate to a non-experimental function.
/usr/local/lib/python3.12/dist-packages/torch/utils/cpp_extension.py:2407: UserWarning: TORCH_CUDA_ARCH_LIST is not set, all archs for visible cards are included for compilation. 
If this is not desired, please set os.environ['TORCH_CUDA_ARCH_LIST'].
  warnings.warn(
fused_indices_to_multihot has reached end of life. Please migrate to a non-experimental function.
/usr/local/lib/python3.12/dist-packages/torch/utils/cpp_extension.py:2407: UserWarning: TORCH_CUDA_ARCH_LIST is not set, all archs for visible cards are included for compilation. 
If this is not desired, please set os.environ['TORCH_CUDA_ARCH_LIST'].
  warnings.warn(
fused_indices_to_multihot has reached end of life. Please migrate to a non-experimental function.
/usr/local/lib/python3.12/dist-packages/torch/utils/cpp_extension.py:2407: UserWarning: TORCH_CUDA_ARCH_LIST is not set, all archs for visible cards are included for compilation. 
If this is not desired, please set os.environ['TORCH_CUDA_ARCH_LIST'].
  warnings.warn(
fused_indices_to_multihot has reached end of life. Please migrate to a non-experimental function.
fused_indices_to_multihot has reached end of life. Please migrate to a non-experimental function.
/usr/local/lib/python3.12/dist-packages/torch/utils/cpp_extension.py:2407: UserWarning: TORCH_CUDA_ARCH_LIST is not set, all archs for visible cards are included for compilation. 
If this is not desired, please set os.environ['TORCH_CUDA_ARCH_LIST'].
  warnings.warn(
fused_indices_to_multihot has reached end of life. Please migrate to a non-experimental function.
/usr/local/lib/python3.12/dist-packages/torch/utils/cpp_extension.py:2407: UserWarning: TORCH_CUDA_ARCH_LIST is not set, all archs for visible cards are included for compilation. 
If this is not desired, please set os.environ['TORCH_CUDA_ARCH_LIST'].
  warnings.warn(
fused_indices_to_multihot has reached end of life. Please migrate to a non-experimental function.
INFO:loongforge.embodied.data.datasets.groot_n1_6.transforms.eagle3_model.processing_eagle3_vl:set VIDEO_TOTAL_PIXELS: 90316800
INFO:loongforge.embodied.data.datasets.groot_n1_6.transforms.eagle3_model.processing_eagle3_vl:set VIDEO_TOTAL_PIXELS: 90316800
INFO:loongforge.embodied.data.datasets.groot_n1_6.transforms.eagle3_model.processing_eagle3_vl:set VIDEO_TOTAL_PIXELS: 90316800
INFO:loongforge.embodied.data.datasets.groot_n1_6.transforms.eagle3_model.processing_eagle3_vl:set VIDEO_TOTAL_PIXELS: 90316800
INFO:loongforge.embodied.data.datasets.groot_n1_6.transforms.eagle3_model.processing_eagle3_vl:set VIDEO_TOTAL_PIXELS: 90316800
INFO:loongforge.embodied.data.datasets.groot_n1_6.transforms.eagle3_model.processing_eagle3_vl:set VIDEO_TOTAL_PIXELS: 90316800
INFO:loongforge.embodied.data.datasets.groot_n1_6.transforms.eagle3_model.processing_eagle3_vl:set VIDEO_TOTAL_PIXELS: 90316800
INFO:loongforge.embodied.data.datasets.groot_n1_6.transforms.eagle3_model.processing_eagle3_vl:set VIDEO_TOTAL_PIXELS: 90316800
INFO:loongforge.embodied.data.datasets.groot_n1_6.transforms.eagle3_model.processing_eagle3_vl:set VIDEO_TOTAL_PIXELS: 90316800
INFO:loongforge.embodied.data.datasets.groot_n1_6.transforms.eagle3_model.processing_eagle3_vl:set VIDEO_TOTAL_PIXELS: 90316800
INFO:loongforge.embodied.data.datasets.groot_n1_6.transforms.eagle3_model.processing_eagle3_vl:set VIDEO_TOTAL_PIXELS: 90316800
INFO:loongforge.embodied.data.datasets.groot_n1_6.transforms.eagle3_model.processing_eagle3_vl:set VIDEO_TOTAL_PIXELS: 90316800
INFO:loongforge.embodied.data.datasets.groot_n1_6.transforms.eagle3_model.processing_eagle3_vl:set VIDEO_TOTAL_PIXELS: 90316800
INFO:loongforge.embodied.data.datasets.groot_n1_6.transforms.eagle3_model.processing_eagle3_vl:set VIDEO_TOTAL_PIXELS: 90316800
INFO:loongforge.embodied.data.datasets.groot_n1_6.transforms.eagle3_model.processing_eagle3_vl:set VIDEO_TOTAL_PIXELS: 90316800
INFO:loongforge.embodied.data.datasets.groot_n1_6.transforms.eagle3_model.processing_eagle3_vl:set VIDEO_TOTAL_PIXELS: 90316800
INFO:loongforge.embodied.data.datasets.groot_n1_6.transforms.eagle3_model.processing_eagle3_vl:set VIDEO_TOTAL_PIXELS: 90316800
INFO:loongforge.embodied.data.datasets.groot_n1_6.transforms.eagle3_model.processing_eagle3_vl:set VIDEO_TOTAL_PIXELS: 90316800
INFO:loongforge.embodied.data.datasets.groot_n1_6.transforms.eagle3_model.processing_eagle3_vl:set VIDEO_TOTAL_PIXELS: 90316800
INFO:loongforge.embodied.data.datasets.groot_n1_6.transforms.eagle3_model.processing_eagle3_vl:set VIDEO_TOTAL_PIXELS: 90316800
INFO:loongforge.embodied.data.datasets.groot_n1_6.transforms.eagle3_model.processing_eagle3_vl:set VIDEO_TOTAL_PIXELS: 90316800
INFO:loongforge.embodied.data.datasets.groot_n1_6.transforms.eagle3_model.processing_eagle3_vl:set VIDEO_TOTAL_PIXELS: 90316800
INFO:loongforge.embodied.data.datasets.groot_n1_6.transforms.eagle3_model.processing_eagle3_vl:set VIDEO_TOTAL_PIXELS: 90316800
INFO:loongforge.embodied.data.datasets.groot_n1_6.transforms.eagle3_model.processing_eagle3_vl:set VIDEO_TOTAL_PIXELS: 90316800
INFO:loongforge.embodied.data.datasets.groot_n1_6.transforms.eagle3_model.processing_eagle3_vl:set VIDEO_TOTAL_PIXELS: 90316800
INFO:loongforge.embodied.data.datasets.groot_n1_6.transforms.eagle3_model.processing_eagle3_vl:set VIDEO_TOTAL_PIXELS: 90316800
INFO:loongforge.embodied.data.datasets.groot_n1_6.transforms.eagle3_model.processing_eagle3_vl:set VIDEO_TOTAL_PIXELS: 90316800
INFO:loongforge.embodied.data.datasets.groot_n1_6.transforms.eagle3_model.processing_eagle3_vl:set VIDEO_TOTAL_PIXELS: 90316800
INFO:loongforge.embodied.data.datasets.groot_n1_6.transforms.eagle3_model.processing_eagle3_vl:set VIDEO_TOTAL_PIXELS: 90316800
INFO:loongforge.embodied.data.datasets.groot_n1_6.transforms.eagle3_model.processing_eagle3_vl:set VIDEO_TOTAL_PIXELS: 90316800
INFO:loongforge.embodied.data.datasets.groot_n1_6.transforms.eagle3_model.processing_eagle3_vl:set VIDEO_TOTAL_PIXELS: 90316800
INFO:loongforge.embodied.data.datasets.groot_n1_6.transforms.eagle3_model.processing_eagle3_vl:set VIDEO_TOTAL_PIXELS: 90316800
2026-08-23 00:41:30 [INFO] RNG state resumed successfully after dataloader iterator init
2026-08-23 00:41:30 [INFO] Dataloader 'vla' positioned at epoch=0
2026-08-23 00:41:38 [INFO] iteration      101/    1000 | consumed samples:         9696 | elapsed time per iteration (ms): 8551.3 | throughput (samples/sec/per_device): 1.403 | learning rate: 2.450313E-05 | global batch size:    96 | action loss: 1.913847E-01 | loss scale: 1.0 | grad norm: 0.448261 | number of skipped iterations:   0 | number of nan iterations:   0 |
2026-08-23 00:41:39 [INFO] iteration      102/    1000 | consumed samples:         9792 | elapsed time per iteration (ms): 978.6 | throughput (samples/sec/per_device): 12.262 | learning rate: 2.449223E-05 | global batch size:    96 | action loss: 1.999459E-01 | loss scale: 1.0 | grad norm: 0.455408 | number of skipped iterations:   0 | number of nan iterations:   0 |
2026-08-23 00:41:40 [INFO] iteration      103/    1000 | consumed samples:         9888 | elapsed time per iteration (ms): 995.6 | throughput (samples/sec/per_device): 12.053 | learning rate: 2.448121E-05 | global batch size:    96 | action loss: 1.988113E-01 | loss scale: 1.0 | grad norm: 0.481722 | number of skipped iterations:   0 | number of nan iterations:   0 |
2026-08-23 00:41:41 [INFO] iteration      104/    1000 | consumed samples:         9984 | elapsed time per iteration (ms): 1000.1 | throughput (samples/sec/per_device): 11.999 | learning rate: 2.447008E-05 | global batch size:    96 | action loss: 1.837718E-01 | loss scale: 1.0 | grad norm: 0.593508 | number of skipped iterations:   0 | number of nan iterations:   0 |
2026-08-23 00:41:42 [INFO] iteration      105/    1000 | consumed samples:        10080 | elapsed time per iteration (ms): 995.4 | throughput (samples/sec/per_device): 12.056 | learning rate: 2.445883E-05 | global batch size:    96 | action loss: 1.946732E-01 | loss scale: 1.0 | grad norm: 0.773145 | number of skipped iterations:   0 | number of nan iterations:   0 |
2026-08-23 00:41:43 [INFO] iteration      106/    1000 | consumed samples:        10176 | elapsed time per iteration (ms): 998.9 | throughput (samples/sec/per_device): 12.013 | learning rate: 2.444746E-05 | global batch size:    96 | action loss: 2.031545E-01 | loss scale: 1.0 | grad norm: 0.487095 | number of skipped iterations:   0 | number of nan iterations:   0 |
2026-08-23 00:41:44 [INFO] iteration      107/    1000 | consumed samples:        10272 | elapsed time per iteration (ms): 995.3 | throughput (samples/sec/per_device): 12.057 | learning rate: 2.443598E-05 | global batch size:    96 | action loss: 1.982350E-01 | loss scale: 1.0 | grad norm: 0.589103 | number of skipped iterations:   0 | number of nan iterations:   0 |
2026-08-23 00:41:45 [INFO] iteration      108/    1000 | consumed samples:        10368 | elapsed time per iteration (ms): 994.3 | throughput (samples/sec/per_device): 12.069 | learning rate: 2.442439E-05 | global batch size:    96 | action loss: 1.872422E-01 | loss scale: 1.0 | grad norm: 0.466138 | number of skipped iterations:   0 | number of nan iterations:   0 |
2026-08-23 00:41:46 [INFO] iteration      109/    1000 | consumed samples:        10464 | elapsed time per iteration (ms): 995.3 | throughput (samples/sec/per_device): 12.057 | learning rate: 2.441268E-05 | global batch size:    96 | action loss: 1.976818E-01 | loss scale: 1.0 | grad norm: 0.604724 | number of skipped iterations:   0 | number of nan iterations:   0 |
2026-08-23 00:41:47 [INFO] iteration      110/    1000 | consumed samples:        10560 | elapsed time per iteration (ms): 998.7 | throughput (samples/sec/per_device): 12.015 | learning rate: 2.440085E-05 | global batch size:    96 | action loss: 2.159864E-01 | loss scale: 1.0 | grad norm: 0.723146 | number of skipped iterations:   0 | number of nan iterations:   0 |
2026-08-23 00:41:48 [INFO] iteration      111/    1000 | consumed samples:        10656 | elapsed time per iteration (ms): 997.7 | throughput (samples/sec/per_device): 12.028 | learning rate: 2.438891E-05 | global batch size:    96 | action loss: 1.714398E-01 | loss scale: 1.0 | grad norm: 0.619195 | number of skipped iterations:   0 | number of nan iterations:   0 |
2026-08-23 00:41:49 [INFO] iteration      112/    1000 | consumed samples:        10752 | elapsed time per iteration (ms): 995.4 | throughput (samples/sec/per_device): 12.055 | learning rate: 2.437686E-05 | global batch size:    96 | action loss: 1.822729E-01 | loss scale: 1.0 | grad norm: 1.058286 | number of skipped iterations:   0 | number of nan iterations:   0 |
2026-08-23 00:41:50 [INFO] iteration      113/    1000 | consumed samples:        10848 | elapsed time per iteration (ms): 995.6 | throughput (samples/sec/per_device): 12.054 | learning rate: 2.436469E-05 | global batch size:    96 | action loss: 1.742899E-01 | loss scale: 1.0 | grad norm: 0.605742 | number of skipped iterations:   0 | number of nan iterations:   0 |
2026-08-23 00:41:51 [INFO] iteration      114/    1000 | consumed samples:        10944 | elapsed time per iteration (ms): 996.0 | throughput (samples/sec/per_device): 12.048 | learning rate: 2.435241E-05 | global batch size:    96 | action loss: 2.191105E-01 | loss scale: 1.0 | grad norm: 0.571233 | number of skipped iterations:   0 | number of nan iterations:   0 |
2026-08-23 00:41:52 [INFO] iteration      115/    1000 | consumed samples:        11040 | elapsed time per iteration (ms): 1000.9 | throughput (samples/sec/per_device): 11.989 | learning rate: 2.434001E-05 | global batch size:    96 | action loss: 1.866189E-01 | loss scale: 1.0 | grad norm: 0.621457 | number of skipped iterations:   0 | number of nan iterations:   0 |
2026-08-23 00:41:53 [INFO] iteration      116/    1000 | consumed samples:        11136 | elapsed time per iteration (ms): 996.7 | throughput (samples/sec/per_device): 12.039 | learning rate: 2.432750E-05 | global batch size:    96 | action loss: 1.857434E-01 | loss scale: 1.0 | grad norm: 0.379926 | number of skipped iterations:   0 | number of nan iterations:   0 |
2026-08-23 00:41:54 [INFO] iteration      117/    1000 | consumed samples:        11232 | elapsed time per iteration (ms): 999.1 | throughput (samples/sec/per_device): 12.011 | learning rate: 2.431487E-05 | global batch size:    96 | action loss: 1.991757E-01 | loss scale: 1.0 | grad norm: 0.560236 | number of skipped iterations:   0 | number of nan iterations:   0 |
2026-08-23 00:41:55 [INFO] iteration      118/    1000 | consumed samples:        11328 | elapsed time per iteration (ms): 996.1 | throughput (samples/sec/per_device): 12.048 | learning rate: 2.430213E-05 | global batch size:    96 | action loss: 1.906870E-01 | loss scale: 1.0 | grad norm: 0.440675 | number of skipped iterations:   0 | number of nan iterations:   0 |
2026-08-23 00:41:56 [INFO] iteration      119/    1000 | consumed samples:        11424 | elapsed time per iteration (ms): 997.7 | throughput (samples/sec/per_device): 12.028 | learning rate: 2.428928E-05 | global batch size:    96 | action loss: 2.261505E-01 | loss scale: 1.0 | grad norm: 0.767452 | number of skipped iterations:   0 | number of nan iterations:   0 |
2026-08-23 00:41:57 [INFO] iteration      120/    1000 | consumed samples:        11520 | elapsed time per iteration (ms): 1006.3 | throughput (samples/sec/per_device): 11.925 | learning rate: 2.427631E-05 | global batch size:    96 | action loss: 2.424984E-01 | loss scale: 1.0 | grad norm: 0.588707 | number of skipped iterations:   0 | number of nan iterations:   0 |
2026-08-23 00:41:57 [INFO] max time across ranks (ms):
    forward-backward................................: 874.19
    forward-compute.................................: 275.42
    backward-compute................................: 596.93
    batch-generator.................................: 1.43
    nan-grad-cleanup................................: 13.91
    grad-clip.......................................: 32.89
    optimizer.......................................: 83.40
    optimizer-inner-step............................: 83.30
    optimizer-scheduler-step........................: 0.09
    optimizer-zero-grad.............................: 0.79
2026-08-23 00:41:58 [INFO] iteration      121/    1000 | consumed samples:        11616 | elapsed time per iteration (ms): 1013.8 | throughput (samples/sec/per_device): 11.837 | learning rate: 2.426323E-05 | global batch size:    96 | action loss: 2.052913E-01 | loss scale: 1.0 | grad norm: 0.577552 | number of skipped iterations:   0 | number of nan iterations:   0 |
2026-08-23 00:41:59 [INFO] iteration      122/    1000 | consumed samples:        11712 | elapsed time per iteration (ms): 999.7 | throughput (samples/sec/per_device): 12.004 | learning rate: 2.425004E-05 | global batch size:    96 | action loss: 1.849661E-01 | loss scale: 1.0 | grad norm: 0.536687 | number of skipped iterations:   0 | number of nan iterations:   0 |
2026-08-23 00:42:00 [INFO] iteration      123/    1000 | consumed samples:        11808 | elapsed time per iteration (ms): 998.4 | throughput (samples/sec/per_device): 12.019 | learning rate: 2.423673E-05 | global batch size:    96 | action loss: 1.913534E-01 | loss scale: 1.0 | grad norm: 0.542187 | number of skipped iterations:   0 | number of nan iterations:   0 |
2026-08-23 00:42:01 [INFO] iteration      124/    1000 | consumed samples:        11904 | elapsed time per iteration (ms): 995.8 | throughput (samples/sec/per_device): 12.050 | learning rate: 2.422331E-05 | global batch size:    96 | action loss: 1.853779E-01 | loss scale: 1.0 | grad norm: 0.687968 | number of skipped iterations:   0 | number of nan iterations:   0 |
2026-08-23 00:42:02 [INFO] iteration      125/    1000 | consumed samples:        12000 | elapsed time per iteration (ms): 997.7 | throughput (samples/sec/per_device): 12.027 | learning rate: 2.420977E-05 | global batch size:    96 | action loss: 2.062825E-01 | loss scale: 1.0 | grad norm: 0.556177 | number of skipped iterations:   0 | number of nan iterations:   0 |
2026-08-23 00:42:03 [INFO] iteration      126/    1000 | consumed samples:        12096 | elapsed time per iteration (ms): 1002.5 | throughput (samples/sec/per_device): 11.970 | learning rate: 2.419613E-05 | global batch size:    96 | action loss: 1.984771E-01 | loss scale: 1.0 | grad norm: 0.580847 | number of skipped iterations:   0 | number of nan iterations:   0 |
2026-08-23 00:42:04 [INFO] iteration      127/    1000 | consumed samples:        12192 | elapsed time per iteration (ms): 999.8 | throughput (samples/sec/per_device): 12.003 | learning rate: 2.418237E-05 | global batch size:    96 | action loss: 1.892873E-01 | loss scale: 1.0 | grad norm: 0.460374 | number of skipped iterations:   0 | number of nan iterations:   0 |
2026-08-23 00:42:05 [INFO] iteration      128/    1000 | consumed samples:        12288 | elapsed time per iteration (ms): 998.4 | throughput (samples/sec/per_device): 12.019 | learning rate: 2.416850E-05 | global batch size:    96 | action loss: 2.155083E-01 | loss scale: 1.0 | grad norm: 0.831289 | number of skipped iterations:   0 | number of nan iterations:   0 |
2026-08-23 00:42:06 [INFO] iteration      129/    1000 | consumed samples:        12384 | elapsed time per iteration (ms): 998.8 | throughput (samples/sec/per_device): 12.015 | learning rate: 2.415451E-05 | global batch size:    96 | action loss: 1.872911E-01 | loss scale: 1.0 | grad norm: 0.514309 | number of skipped iterations:   0 | number of nan iterations:   0 |
2026-08-23 00:42:07 [INFO] iteration      130/    1000 | consumed samples:        12480 | elapsed time per iteration (ms): 998.6 | throughput (samples/sec/per_device): 12.017 | learning rate: 2.414042E-05 | global batch size:    96 | action loss: 2.369627E-01 | loss scale: 1.0 | grad norm: 0.659850 | number of skipped iterations:   0 | number of nan iterations:   0 |
2026-08-23 00:42:08 [INFO] iteration      131/    1000 | consumed samples:        12576 | elapsed time per iteration (ms): 998.9 | throughput (samples/sec/per_device): 12.013 | learning rate: 2.412621E-05 | global batch size:    96 | action loss: 1.966260E-01 | loss scale: 1.0 | grad norm: 0.567177 | number of skipped iterations:   0 | number of nan iterations:   0 |
2026-08-23 00:42:09 [INFO] iteration      132/    1000 | consumed samples:        12672 | elapsed time per iteration (ms): 998.7 | throughput (samples/sec/per_device): 12.016 | learning rate: 2.411189E-05 | global batch size:    96 | action loss: 1.764869E-01 | loss scale: 1.0 | grad norm: 0.465661 | number of skipped iterations:   0 | number of nan iterations:   0 |
2026-08-23 00:42:10 [INFO] iteration      133/    1000 | consumed samples:        12768 | elapsed time per iteration (ms): 997.6 | throughput (samples/sec/per_device): 12.029 | learning rate: 2.409745E-05 | global batch size:    96 | action loss: 2.023460E-01 | loss scale: 1.0 | grad norm: 0.562707 | number of skipped iterations:   0 | number of nan iterations:   0 |
2026-08-23 00:42:11 [INFO] iteration      134/    1000 | consumed samples:        12864 | elapsed time per iteration (ms): 1000.4 | throughput (samples/sec/per_device): 11.995 | learning rate: 2.408291E-05 | global batch size:    96 | action loss: 1.993882E-01 | loss scale: 1.0 | grad norm: 0.676125 | number of skipped iterations:   0 | number of nan iterations:   0 |
2026-08-23 00:42:12 [INFO] iteration      135/    1000 | consumed samples:        12960 | elapsed time per iteration (ms): 999.9 | throughput (samples/sec/per_device): 12.001 | learning rate: 2.406825E-05 | global batch size:    96 | action loss: 2.095360E-01 | loss scale: 1.0 | grad norm: 0.769817 | number of skipped iterations:   0 | number of nan iterations:   0 |
2026-08-23 00:42:13 [INFO] iteration      136/    1000 | consumed samples:        13056 | elapsed time per iteration (ms): 998.7 | throughput (samples/sec/per_device): 12.015 | learning rate: 2.405348E-05 | global batch size:    96 | action loss: 2.094529E-01 | loss scale: 1.0 | grad norm: 0.614826 | number of skipped iterations:   0 | number of nan iterations:   0 |
2026-08-23 00:42:14 [INFO] iteration      137/    1000 | consumed samples:        13152 | elapsed time per iteration (ms): 1002.9 | throughput (samples/sec/per_device): 11.966 | learning rate: 2.403860E-05 | global batch size:    96 | action loss: 1.797796E-01 | loss scale: 1.0 | grad norm: 0.557733 | number of skipped iterations:   0 | number of nan iterations:   0 |
2026-08-23 00:42:15 [INFO] iteration      138/    1000 | consumed samples:        13248 | elapsed time per iteration (ms): 998.9 | throughput (samples/sec/per_device): 12.013 | learning rate: 2.402361E-05 | global batch size:    96 | action loss: 1.842895E-01 | loss scale: 1.0 | grad norm: 0.724238 | number of skipped iterations:   0 | number of nan iterations:   0 |
2026-08-23 00:42:16 [INFO] iteration      139/    1000 | consumed samples:        13344 | elapsed time per iteration (ms): 1000.4 | throughput (samples/sec/per_device): 11.995 | learning rate: 2.400851E-05 | global batch size:    96 | action loss: 2.019935E-01 | loss scale: 1.0 | grad norm: 0.788883 | number of skipped iterations:   0 | number of nan iterations:   0 |
2026-08-23 00:42:17 [INFO] iteration      140/    1000 | consumed samples:        13440 | elapsed time per iteration (ms): 1013.0 | throughput (samples/sec/per_device): 11.846 | learning rate: 2.399330E-05 | global batch size:    96 | action loss: 1.827026E-01 | loss scale: 1.0 | grad norm: 0.533223 | number of skipped iterations:   0 | number of nan iterations:   0 |
2026-08-23 00:42:17 [INFO] max time across ranks (ms):
    forward-backward................................: 879.70
    forward-compute.................................: 276.75
    backward-compute................................: 600.94
    batch-generator.................................: 1.49
    nan-grad-cleanup................................: 14.23
    grad-clip.......................................: 32.50
    optimizer.......................................: 85.71
    optimizer-inner-step............................: 85.60
    optimizer-scheduler-step........................: 0.05
    optimizer-zero-grad.............................: 0.80
2026-08-23 00:42:18 [INFO] iteration      141/    1000 | consumed samples:        13536 | elapsed time per iteration (ms): 998.8 | throughput (samples/sec/per_device): 12.014 | learning rate: 2.397798E-05 | global batch size:    96 | action loss: 2.013841E-01 | loss scale: 1.0 | grad norm: 0.627927 | number of skipped iterations:   0 | number of nan iterations:   0 |
2026-08-23 00:42:19 [INFO] iteration      142/    1000 | consumed samples:        13632 | elapsed time per iteration (ms): 998.6 | throughput (samples/sec/per_device): 12.016 | learning rate: 2.396255E-05 | global batch size:    96 | action loss: 1.855176E-01 | loss scale: 1.0 | grad norm: 0.565274 | number of skipped iterations:   0 | number of nan iterations:   0 |
2026-08-23 00:42:20 [INFO] iteration      143/    1000 | consumed samples:        13728 | elapsed time per iteration (ms): 1000.2 | throughput (samples/sec/per_device): 11.998 | learning rate: 2.394700E-05 | global batch size:    96 | action loss: 1.828114E-01 | loss scale: 1.0 | grad norm: 0.454912 | number of skipped iterations:   0 | number of nan iterations:   0 |
2026-08-23 00:42:21 [INFO] iteration      144/    1000 | consumed samples:        13824 | elapsed time per iteration (ms): 1002.3 | throughput (samples/sec/per_device): 11.972 | learning rate: 2.393135E-05 | global batch size:    96 | action loss: 1.958038E-01 | loss scale: 1.0 | grad norm: 0.585918 | number of skipped iterations:   0 | number of nan iterations:   0 |
2026-08-23 00:42:22 [INFO] iteration      145/    1000 | consumed samples:        13920 | elapsed time per iteration (ms): 1001.3 | throughput (samples/sec/per_device): 11.985 | learning rate: 2.391558E-05 | global batch size:    96 | action loss: 1.919981E-01 | loss scale: 1.0 | grad norm: 0.537890 | number of skipped iterations:   0 | number of nan iterations:   0 |
2026-08-23 00:42:23 [INFO] iteration      146/    1000 | consumed samples:        14016 | elapsed time per iteration (ms): 999.6 | throughput (samples/sec/per_device): 12.005 | learning rate: 2.389971E-05 | global batch size:    96 | action loss: 1.887368E-01 | loss scale: 1.0 | grad norm: 0.547779 | number of skipped iterations:   0 | number of nan iterations:   0 |
2026-08-23 00:42:24 [INFO] iteration      147/    1000 | consumed samples:        14112 | elapsed time per iteration (ms): 1007.4 | throughput (samples/sec/per_device): 11.912 | learning rate: 2.388373E-05 | global batch size:    96 | action loss: 2.017538E-01 | loss scale: 1.0 | grad norm: 0.619768 | number of skipped iterations:   0 | number of nan iterations:   0 |
2026-08-23 00:42:25 [INFO] iteration      148/    1000 | consumed samples:        14208 | elapsed time per iteration (ms): 1002.3 | throughput (samples/sec/per_device): 11.972 | learning rate: 2.386763E-05 | global batch size:    96 | action loss: 1.833536E-01 | loss scale: 1.0 | grad norm: 0.534836 | number of skipped iterations:   0 | number of nan iterations:   0 |
2026-08-23 00:42:26 [INFO] iteration      149/    1000 | consumed samples:        14304 | elapsed time per iteration (ms): 1000.3 | throughput (samples/sec/per_device): 11.996 | learning rate: 2.385143E-05 | global batch size:    96 | action loss: 1.949075E-01 | loss scale: 1.0 | grad norm: 0.622720 | number of skipped iterations:   0 | number of nan iterations:   0 |
2026-08-23 00:42:27 [INFO] iteration      150/    1000 | consumed samples:        14400 | elapsed time per iteration (ms): 999.2 | throughput (samples/sec/per_device): 12.009 | learning rate: 2.383512E-05 | global batch size:    96 | action loss: 1.915504E-01 | loss scale: 1.0 | grad norm: 0.584079 | number of skipped iterations:   0 | number of nan iterations:   0 |
2026-08-23 00:42:29 [INFO] iteration      151/    1000 | consumed samples:        14496 | elapsed time per iteration (ms): 1001.3 | throughput (samples/sec/per_device): 11.984 | learning rate: 2.381870E-05 | global batch size:    96 | action loss: 1.829176E-01 | loss scale: 1.0 | grad norm: 0.825065 | number of skipped iterations:   0 | number of nan iterations:   0 |
2026-08-23 00:42:30 [INFO] iteration      152/    1000 | consumed samples:        14592 | elapsed time per iteration (ms): 1000.6 | throughput (samples/sec/per_device): 11.993 | learning rate: 2.380217E-05 | global batch size:    96 | action loss: 1.741336E-01 | loss scale: 1.0 | grad norm: 0.748379 | number of skipped iterations:   0 | number of nan iterations:   0 |
2026-08-23 00:42:31 [INFO] iteration      153/    1000 | consumed samples:        14688 | elapsed time per iteration (ms): 998.8 | throughput (samples/sec/per_device): 12.014 | learning rate: 2.378553E-05 | global batch size:    96 | action loss: 2.015028E-01 | loss scale: 1.0 | grad norm: 0.567083 | number of skipped iterations:   0 | number of nan iterations:   0 |
2026-08-23 00:42:32 [INFO] iteration      154/    1000 | consumed samples:        14784 | elapsed time per iteration (ms): 1001.9 | throughput (samples/sec/per_device): 11.977 | learning rate: 2.376878E-05 | global batch size:    96 | action loss: 1.881886E-01 | loss scale: 1.0 | grad norm: 0.634841 | number of skipped iterations:   0 | number of nan iterations:   0 |
2026-08-23 00:42:33 [INFO] iteration      155/    1000 | consumed samples:        14880 | elapsed time per iteration (ms): 1000.0 | throughput (samples/sec/per_device): 12.000 | learning rate: 2.375193E-05 | global batch size:    96 | action loss: 2.015443E-01 | loss scale: 1.0 | grad norm: 0.751697 | number of skipped iterations:   0 | number of nan iterations:   0 |
2026-08-23 00:42:34 [INFO] iteration      156/    1000 | consumed samples:        14976 | elapsed time per iteration (ms): 1004.4 | throughput (samples/sec/per_device): 11.947 | learning rate: 2.373496E-05 | global batch size:    96 | action loss: 2.089597E-01 | loss scale: 1.0 | grad norm: 0.694318 | number of skipped iterations:   0 | number of nan iterations:   0 |
2026-08-23 00:42:35 [INFO] iteration      157/    1000 | consumed samples:        15072 | elapsed time per iteration (ms): 1002.2 | throughput (samples/sec/per_device): 11.974 | learning rate: 2.371789E-05 | global batch size:    96 | action loss: 1.642102E-01 | loss scale: 1.0 | grad norm: 0.481585 | number of skipped iterations:   0 | number of nan iterations:   0 |
2026-08-23 00:42:36 [INFO] iteration      158/    1000 | consumed samples:        15168 | elapsed time per iteration (ms): 1001.3 | throughput (samples/sec/per_device): 11.985 | learning rate: 2.370071E-05 | global batch size:    96 | action loss: 2.083988E-01 | loss scale: 1.0 | grad norm: 0.611174 | number of skipped iterations:   0 | number of nan iterations:   0 |
2026-08-23 00:42:37 [INFO] iteration      159/    1000 | consumed samples:        15264 | elapsed time per iteration (ms): 1003.3 | throughput (samples/sec/per_device): 11.960 | learning rate: 2.368342E-05 | global batch size:    96 | action loss: 1.923640E-01 | loss scale: 1.0 | grad norm: 0.449616 | number of skipped iterations:   0 | number of nan iterations:   0 |
2026-08-23 00:42:38 [INFO] iteration      160/    1000 | consumed samples:        15360 | elapsed time per iteration (ms): 1010.5 | throughput (samples/sec/per_device): 11.875 | learning rate: 2.366603E-05 | global batch size:    96 | action loss: 1.728485E-01 | loss scale: 1.0 | grad norm: 0.605314 | number of skipped iterations:   0 | number of nan iterations:   0 |
2026-08-23 00:42:38 [INFO] max time across ranks (ms):
    forward-backward................................: 880.98
    forward-compute.................................: 279.65
    backward-compute................................: 602.96
    batch-generator.................................: 1.45
    nan-grad-cleanup................................: 12.74
    grad-clip.......................................: 32.31
    optimizer.......................................: 82.29
    optimizer-inner-step............................: 82.19
    optimizer-scheduler-step........................: 0.04
    optimizer-zero-grad.............................: 0.77
2026-08-23 00:42:39 [INFO] iteration      161/    1000 | consumed samples:        15456 | elapsed time per iteration (ms): 999.9 | throughput (samples/sec/per_device): 12.001 | learning rate: 2.364852E-05 | global batch size:    96 | action loss: 1.923805E-01 | loss scale: 1.0 | grad norm: 0.548587 | number of skipped iterations:   0 | number of nan iterations:   0 |
2026-08-23 00:42:40 [INFO] iteration      162/    1000 | consumed samples:        15552 | elapsed time per iteration (ms): 1002.0 | throughput (samples/sec/per_device): 11.976 | learning rate: 2.363091E-05 | global batch size:    96 | action loss: 1.904441E-01 | loss scale: 1.0 | grad norm: 0.557741 | number of skipped iterations:   0 | number of nan iterations:   0 |
2026-08-23 00:42:41 [INFO] iteration      163/    1000 | consumed samples:        15648 | elapsed time per iteration (ms): 1002.5 | throughput (samples/sec/per_device): 11.971 | learning rate: 2.361320E-05 | global batch size:    96 | action loss: 1.804006E-01 | loss scale: 1.0 | grad norm: 0.543225 | number of skipped iterations:   0 | number of nan iterations:   0 |
2026-08-23 00:42:42 [INFO] iteration      164/    1000 | consumed samples:        15744 | elapsed time per iteration (ms): 1002.0 | throughput (samples/sec/per_device): 11.976 | learning rate: 2.359537E-05 | global batch size:    96 | action loss: 1.926090E-01 | loss scale: 1.0 | grad norm: 0.566306 | number of skipped iterations:   0 | number of nan iterations:   0 |
2026-08-23 00:42:43 [INFO] iteration      165/    1000 | consumed samples:        15840 | elapsed time per iteration (ms): 1048.4 | throughput (samples/sec/per_device): 11.446 | learning rate: 2.357744E-05 | global batch size:    96 | action loss: 1.827656E-01 | loss scale: 1.0 | grad norm: 0.493567 | number of skipped iterations:   0 | number of nan iterations:   0 |
2026-08-23 00:42:44 [INFO] iteration      166/    1000 | consumed samples:        15936 | elapsed time per iteration (ms): 1003.5 | throughput (samples/sec/per_device): 11.958 | learning rate: 2.355940E-05 | global batch size:    96 | action loss: 1.710070E-01 | loss scale: 1.0 | grad norm: 0.471550 | number of skipped iterations:   0 | number of nan iterations:   0 |
2026-08-23 00:42:45 [INFO] iteration      167/    1000 | consumed samples:        16032 | elapsed time per iteration (ms): 1001.6 | throughput (samples/sec/per_device): 11.981 | learning rate: 2.354126E-05 | global batch size:    96 | action loss: 1.911213E-01 | loss scale: 1.0 | grad norm: 0.586293 | number of skipped iterations:   0 | number of nan iterations:   0 |
2026-08-23 00:42:46 [INFO] iteration      168/    1000 | consumed samples:        16128 | elapsed time per iteration (ms): 1001.7 | throughput (samples/sec/per_device): 11.980 | learning rate: 2.352301E-05 | global batch size:    96 | action loss: 2.098030E-01 | loss scale: 1.0 | grad norm: 0.527392 | number of skipped iterations:   0 | number of nan iterations:   0 |
2026-08-23 00:42:47 [INFO] iteration      169/    1000 | consumed samples:        16224 | elapsed time per iteration (ms): 1002.9 | throughput (samples/sec/per_device): 11.966 | learning rate: 2.350465E-05 | global batch size:    96 | action loss: 2.127124E-01 | loss scale: 1.0 | grad norm: 0.569924 | number of skipped iterations:   0 | number of nan iterations:   0 |
2026-08-23 00:42:48 [INFO] iteration      170/    1000 | consumed samples:        16320 | elapsed time per iteration (ms): 1004.0 | throughput (samples/sec/per_device): 11.952 | learning rate: 2.348619E-05 | global batch size:    96 | action loss: 1.699188E-01 | loss scale: 1.0 | grad norm: 0.456204 | number of skipped iterations:   0 | number of nan iterations:   0 |
2026-08-23 00:42:49 [INFO] iteration      171/    1000 | consumed samples:        16416 | elapsed time per iteration (ms): 1004.0 | throughput (samples/sec/per_device): 11.952 | learning rate: 2.346763E-05 | global batch size:    96 | action loss: 1.991327E-01 | loss scale: 1.0 | grad norm: 0.588204 | number of skipped iterations:   0 | number of nan iterations:   0 |
2026-08-23 00:42:50 [INFO] iteration      172/    1000 | consumed samples:        16512 | elapsed time per iteration (ms): 1002.9 | throughput (samples/sec/per_device): 11.966 | learning rate: 2.344895E-05 | global batch size:    96 | action loss: 1.745051E-01 | loss scale: 1.0 | grad norm: 0.526561 | number of skipped iterations:   0 | number of nan iterations:   0 |
2026-08-23 00:42:51 [INFO] iteration      173/    1000 | consumed samples:        16608 | elapsed time per iteration (ms): 1001.7 | throughput (samples/sec/per_device): 11.979 | learning rate: 2.343018E-05 | global batch size:    96 | action loss: 1.840671E-01 | loss scale: 1.0 | grad norm: 0.404455 | number of skipped iterations:   0 | number of nan iterations:   0 |
2026-08-23 00:42:52 [INFO] iteration      174/    1000 | consumed samples:        16704 | elapsed time per iteration (ms): 1003.5 | throughput (samples/sec/per_device): 11.958 | learning rate: 2.341129E-05 | global batch size:    96 | action loss: 1.812109E-01 | loss scale: 1.0 | grad norm: 0.461823 | number of skipped iterations:   0 | number of nan iterations:   0 |
2026-08-23 00:42:53 [INFO] iteration      175/    1000 | consumed samples:        16800 | elapsed time per iteration (ms): 1002.4 | throughput (samples/sec/per_device): 11.971 | learning rate: 2.339230E-05 | global batch size:    96 | action loss: 2.126988E-01 | loss scale: 1.0 | grad norm: 0.510639 | number of skipped iterations:   0 | number of nan iterations:   0 |
2026-08-23 00:42:54 [INFO] iteration      176/    1000 | consumed samples:        16896 | elapsed time per iteration (ms): 1002.4 | throughput (samples/sec/per_device): 11.971 | learning rate: 2.337321E-05 | global batch size:    96 | action loss: 1.811635E-01 | loss scale: 1.0 | grad norm: 0.481506 | number of skipped iterations:   0 | number of nan iterations:   0 |
2026-08-23 00:42:55 [INFO] iteration      177/    1000 | consumed samples:        16992 | elapsed time per iteration (ms): 1002.1 | throughput (samples/sec/per_device): 11.974 | learning rate: 2.335402E-05 | global batch size:    96 | action loss: 1.982855E-01 | loss scale: 1.0 | grad norm: 0.562821 | number of skipped iterations:   0 | number of nan iterations:   0 |
2026-08-23 00:42:56 [INFO] iteration      178/    1000 | consumed samples:        17088 | elapsed time per iteration (ms): 1004.1 | throughput (samples/sec/per_device): 11.951 | learning rate: 2.333471E-05 | global batch size:    96 | action loss: 1.618256E-01 | loss scale: 1.0 | grad norm: 0.505971 | number of skipped iterations:   0 | number of nan iterations:   0 |
2026-08-23 00:42:57 [INFO] iteration      179/    1000 | consumed samples:        17184 | elapsed time per iteration (ms): 1002.2 | throughput (samples/sec/per_device): 11.974 | learning rate: 2.331531E-05 | global batch size:    96 | action loss: 1.918230E-01 | loss scale: 1.0 | grad norm: 0.495314 | number of skipped iterations:   0 | number of nan iterations:   0 |
2026-08-23 00:42:58 [INFO] iteration      180/    1000 | consumed samples:        17280 | elapsed time per iteration (ms): 1012.4 | throughput (samples/sec/per_device): 11.853 | learning rate: 2.329580E-05 | global batch size:    96 | action loss: 1.856642E-01 | loss scale: 1.0 | grad norm: 0.507808 | number of skipped iterations:   0 | number of nan iterations:   0 |
2026-08-23 00:42:58 [INFO] max time across ranks (ms):
    forward-backward................................: 880.65
    forward-compute.................................: 277.95
    backward-compute................................: 601.61
    batch-generator.................................: 1.55
    nan-grad-cleanup................................: 12.84
    grad-clip.......................................: 33.06
    optimizer.......................................: 83.61
    optimizer-inner-step............................: 83.51
    optimizer-scheduler-step........................: 0.06
    optimizer-zero-grad.............................: 0.79
2026-08-23 00:42:59 [INFO] iteration      181/    1000 | consumed samples:        17376 | elapsed time per iteration (ms): 1003.2 | throughput (samples/sec/per_device): 11.962 | learning rate: 2.327619E-05 | global batch size:    96 | action loss: 1.734107E-01 | loss scale: 1.0 | grad norm: 0.542762 | number of skipped iterations:   0 | number of nan iterations:   0 |
2026-08-23 00:43:00 [INFO] iteration      182/    1000 | consumed samples:        17472 | elapsed time per iteration (ms): 1004.0 | throughput (samples/sec/per_device): 11.952 | learning rate: 2.325647E-05 | global batch size:    96 | action loss: 1.753467E-01 | loss scale: 1.0 | grad norm: 0.502704 | number of skipped iterations:   0 | number of nan iterations:   0 |
2026-08-23 00:43:01 [INFO] iteration      183/    1000 | consumed samples:        17568 | elapsed time per iteration (ms): 1002.5 | throughput (samples/sec/per_device): 11.971 | learning rate: 2.323665E-05 | global batch size:    96 | action loss: 1.914295E-01 | loss scale: 1.0 | grad norm: 0.541703 | number of skipped iterations:   0 | number of nan iterations:   0 |
2026-08-23 00:43:02 [INFO] iteration      184/    1000 | consumed samples:        17664 | elapsed time per iteration (ms): 1003.2 | throughput (samples/sec/per_device): 11.962 | learning rate: 2.321673E-05 | global batch size:    96 | action loss: 1.895078E-01 | loss scale: 1.0 | grad norm: 0.497956 | number of skipped iterations:   0 | number of nan iterations:   0 |
2026-08-23 00:43:03 [INFO] iteration      185/    1000 | consumed samples:        17760 | elapsed time per iteration (ms): 1007.9 | throughput (samples/sec/per_device): 11.906 | learning rate: 2.319671E-05 | global batch size:    96 | action loss: 1.801039E-01 | loss scale: 1.0 | grad norm: 0.557191 | number of skipped iterations:   0 | number of nan iterations:   0 |
2026-08-23 00:43:04 [INFO] iteration      186/    1000 | consumed samples:        17856 | elapsed time per iteration (ms): 1007.5 | throughput (samples/sec/per_device): 11.911 | learning rate: 2.317658E-05 | global batch size:    96 | action loss: 1.757911E-01 | loss scale: 1.0 | grad norm: 0.610227 | number of skipped iterations:   0 | number of nan iterations:   0 |
2026-08-23 00:43:05 [INFO] iteration      187/    1000 | consumed samples:        17952 | elapsed time per iteration (ms): 1003.5 | throughput (samples/sec/per_device): 11.958 | learning rate: 2.315635E-05 | global batch size:    96 | action loss: 1.758185E-01 | loss scale: 1.0 | grad norm: 0.439724 | number of skipped iterations:   0 | number of nan iterations:   0 |
2026-08-23 00:43:06 [INFO] iteration      188/    1000 | consumed samples:        18048 | elapsed time per iteration (ms): 1001.6 | throughput (samples/sec/per_device): 11.981 | learning rate: 2.313601E-05 | global batch size:    96 | action loss: 1.755304E-01 | loss scale: 1.0 | grad norm: 0.538397 | number of skipped iterations:   0 | number of nan iterations:   0 |
2026-08-23 00:43:07 [INFO] iteration      189/    1000 | consumed samples:        18144 | elapsed time per iteration (ms): 1002.4 | throughput (samples/sec/per_device): 11.971 | learning rate: 2.311558E-05 | global batch size:    96 | action loss: 1.808146E-01 | loss scale: 1.0 | grad norm: 0.454291 | number of skipped iterations:   0 | number of nan iterations:   0 |
2026-08-23 00:43:08 [INFO] iteration      190/    1000 | consumed samples:        18240 | elapsed time per iteration (ms): 1002.7 | throughput (samples/sec/per_device): 11.968 | learning rate: 2.309504E-05 | global batch size:    96 | action loss: 1.796039E-01 | loss scale: 1.0 | grad norm: 0.624964 | number of skipped iterations:   0 | number of nan iterations:   0 |
2026-08-23 00:43:09 [INFO] iteration      191/    1000 | consumed samples:        18336 | elapsed time per iteration (ms): 1003.8 | throughput (samples/sec/per_device): 11.955 | learning rate: 2.307440E-05 | global batch size:    96 | action loss: 2.130183E-01 | loss scale: 1.0 | grad norm: 0.590608 | number of skipped iterations:   0 | number of nan iterations:   0 |
2026-08-23 00:43:10 [INFO] iteration      192/    1000 | consumed samples:        18432 | elapsed time per iteration (ms): 1004.5 | throughput (samples/sec/per_device): 11.946 | learning rate: 2.305366E-05 | global batch size:    96 | action loss: 1.695078E-01 | loss scale: 1.0 | grad norm: 0.570426 | number of skipped iterations:   0 | number of nan iterations:   0 |
2026-08-23 00:43:11 [INFO] iteration      193/    1000 | consumed samples:        18528 | elapsed time per iteration (ms): 1003.8 | throughput (samples/sec/per_device): 11.954 | learning rate: 2.303282E-05 | global batch size:    96 | action loss: 1.845423E-01 | loss scale: 1.0 | grad norm: 0.977593 | number of skipped iterations:   0 | number of nan iterations:   0 |
2026-08-23 00:43:12 [INFO] iteration      194/    1000 | consumed samples:        18624 | elapsed time per iteration (ms): 1003.9 | throughput (samples/sec/per_device): 11.953 | learning rate: 2.301188E-05 | global batch size:    96 | action loss: 1.932098E-01 | loss scale: 1.0 | grad norm: 0.702551 | number of skipped iterations:   0 | number of nan iterations:   0 |
2026-08-23 00:43:13 [INFO] iteration      195/    1000 | consumed samples:        18720 | elapsed time per iteration (ms): 1003.1 | throughput (samples/sec/per_device): 11.963 | learning rate: 2.299084E-05 | global batch size:    96 | action loss: 1.745954E-01 | loss scale: 1.0 | grad norm: 0.589778 | number of skipped iterations:   0 | number of nan iterations:   0 |
2026-08-23 00:43:14 [INFO] iteration      196/    1000 | consumed samples:        18816 | elapsed time per iteration (ms): 1002.2 | throughput (samples/sec/per_device): 11.974 | learning rate: 2.296969E-05 | global batch size:    96 | action loss: 1.753037E-01 | loss scale: 1.0 | grad norm: 0.462254 | number of skipped iterations:   0 | number of nan iterations:   0 |
2026-08-23 00:43:15 [INFO] iteration      197/    1000 | consumed samples:        18912 | elapsed time per iteration (ms): 1002.9 | throughput (samples/sec/per_device): 11.965 | learning rate: 2.294845E-05 | global batch size:    96 | action loss: 1.790584E-01 | loss scale: 1.0 | grad norm: 0.457690 | number of skipped iterations:   0 | number of nan iterations:   0 |
2026-08-23 00:43:16 [INFO] iteration      198/    1000 | consumed samples:        19008 | elapsed time per iteration (ms): 1005.1 | throughput (samples/sec/per_device): 11.940 | learning rate: 2.292711E-05 | global batch size:    96 | action loss: 1.645354E-01 | loss scale: 1.0 | grad norm: 0.537005 | number of skipped iterations:   0 | number of nan iterations:   0 |
2026-08-23 00:43:17 [INFO] iteration      199/    1000 | consumed samples:        19104 | elapsed time per iteration (ms): 1002.7 | throughput (samples/sec/per_device): 11.968 | learning rate: 2.290566E-05 | global batch size:    96 | action loss: 1.964748E-01 | loss scale: 1.0 | grad norm: 0.576297 | number of skipped iterations:   0 | number of nan iterations:   0 |
2026-08-23 00:43:18 [INFO] iteration      200/    1000 | consumed samples:        19200 | elapsed time per iteration (ms): 1012.8 | throughput (samples/sec/per_device): 11.848 | learning rate: 2.288412E-05 | global batch size:    96 | action loss: 2.042562E-01 | loss scale: 1.0 | grad norm: 0.551906 | number of skipped iterations:   0 | number of nan iterations:   0 |
2026-08-23 00:43:18 [INFO] max time across ranks (ms):
    forward-backward................................: 881.61
    forward-compute.................................: 278.56
    backward-compute................................: 603.32
    batch-generator.................................: 1.41
    nan-grad-cleanup................................: 13.19
    grad-clip.......................................: 32.61
    optimizer.......................................: 83.30
    optimizer-inner-step............................: 83.20
    optimizer-scheduler-step........................: 0.04
    optimizer-zero-grad.............................: 0.80
2026-08-23 00:43:19 [INFO] iteration      201/    1000 | consumed samples:        19296 | elapsed time per iteration (ms): 1002.1 | throughput (samples/sec/per_device): 11.975 | learning rate: 2.286248E-05 | global batch size:    96 | action loss: 2.071772E-01 | loss scale: 1.0 | grad norm: 0.463302 | number of skipped iterations:   0 | number of nan iterations:   0 |
2026-08-23 00:43:20 [INFO] iteration      202/    1000 | consumed samples:        19392 | elapsed time per iteration (ms): 1003.1 | throughput (samples/sec/per_device): 11.962 | learning rate: 2.284073E-05 | global batch size:    96 | action loss: 1.984689E-01 | loss scale: 1.0 | grad norm: 0.527835 | number of skipped iterations:   0 | number of nan iterations:   0 |
2026-08-23 00:43:21 [INFO] iteration      203/    1000 | consumed samples:        19488 | elapsed time per iteration (ms): 1004.8 | throughput (samples/sec/per_device): 11.943 | learning rate: 2.281889E-05 | global batch size:    96 | action loss: 1.720492E-01 | loss scale: 1.0 | grad norm: 0.455581 | number of skipped iterations:   0 | number of nan iterations:   0 |
2026-08-23 00:43:22 [INFO] iteration      204/    1000 | consumed samples:        19584 | elapsed time per iteration (ms): 1003.9 | throughput (samples/sec/per_device): 11.954 | learning rate: 2.279695E-05 | global batch size:    96 | action loss: 1.678973E-01 | loss scale: 1.0 | grad norm: 0.784221 | number of skipped iterations:   0 | number of nan iterations:   0 |
2026-08-23 00:43:23 [INFO] iteration      205/    1000 | consumed samples:        19680 | elapsed time per iteration (ms): 1003.6 | throughput (samples/sec/per_device): 11.957 | learning rate: 2.277491E-05 | global batch size:    96 | action loss: 1.932277E-01 | loss scale: 1.0 | grad norm: 0.489526 | number of skipped iterations:   0 | number of nan iterations:   0 |
2026-08-23 00:43:24 [INFO] iteration      206/    1000 | consumed samples:        19776 | elapsed time per iteration (ms): 1006.7 | throughput (samples/sec/per_device): 11.920 | learning rate: 2.275277E-05 | global batch size:    96 | action loss: 1.824894E-01 | loss scale: 1.0 | grad norm: 0.514600 | number of skipped iterations:   0 | number of nan iterations:   0 |
2026-08-23 00:43:25 [INFO] iteration      207/    1000 | consumed samples:        19872 | elapsed time per iteration (ms): 1003.0 | throughput (samples/sec/per_device): 11.964 | learning rate: 2.273054E-05 | global batch size:    96 | action loss: 1.782400E-01 | loss scale: 1.0 | grad norm: 0.521960 | number of skipped iterations:   0 | number of nan iterations:   0 |
2026-08-23 00:43:26 [INFO] iteration      208/    1000 | consumed samples:        19968 | elapsed time per iteration (ms): 1002.6 | throughput (samples/sec/per_device): 11.969 | learning rate: 2.270820E-05 | global batch size:    96 | action loss: 1.895487E-01 | loss scale: 1.0 | grad norm: 0.509150 | number of skipped iterations:   0 | number of nan iterations:   0 |
2026-08-23 00:43:27 [INFO] iteration      209/    1000 | consumed samples:        20064 | elapsed time per iteration (ms): 1006.0 | throughput (samples/sec/per_device): 11.929 | learning rate: 2.268577E-05 | global batch size:    96 | action loss: 1.764060E-01 | loss scale: 1.0 | grad norm: 0.553408 | number of skipped iterations:   0 | number of nan iterations:   0 |
2026-08-23 00:43:28 [INFO] iteration      210/    1000 | consumed samples:        20160 | elapsed time per iteration (ms): 1005.6 | throughput (samples/sec/per_device): 11.933 | learning rate: 2.266324E-05 | global batch size:    96 | action loss: 1.527700E-01 | loss scale: 1.0 | grad norm: 0.486684 | number of skipped iterations:   0 | number of nan iterations:   0 |
2026-08-23 00:43:29 [INFO] iteration      211/    1000 | consumed samples:        20256 | elapsed time per iteration (ms): 1003.7 | throughput (samples/sec/per_device): 11.955 | learning rate: 2.264062E-05 | global batch size:    96 | action loss: 1.624090E-01 | loss scale: 1.0 | grad norm: 0.559143 | number of skipped iterations:   0 | number of nan iterations:   0 |
2026-08-23 00:43:30 [INFO] iteration      212/    1000 | consumed samples:        20352 | elapsed time per iteration (ms): 1003.1 | throughput (samples/sec/per_device): 11.963 | learning rate: 2.261789E-05 | global batch size:    96 | action loss: 1.930975E-01 | loss scale: 1.0 | grad norm: 0.686230 | number of skipped iterations:   0 | number of nan iterations:   0 |
2026-08-23 00:43:31 [INFO] iteration      213/    1000 | consumed samples:        20448 | elapsed time per iteration (ms): 1004.4 | throughput (samples/sec/per_device): 11.948 | learning rate: 2.259507E-05 | global batch size:    96 | action loss: 1.846798E-01 | loss scale: 1.0 | grad norm: 0.738176 | number of skipped iterations:   0 | number of nan iterations:   0 |
2026-08-23 00:43:32 [INFO] iteration      214/    1000 | consumed samples:        20544 | elapsed time per iteration (ms): 1003.8 | throughput (samples/sec/per_device): 11.955 | learning rate: 2.257216E-05 | global batch size:    96 | action loss: 1.924879E-01 | loss scale: 1.0 | grad norm: 0.735958 | number of skipped iterations:   0 | number of nan iterations:   0 |
2026-08-23 00:43:33 [INFO] iteration      215/    1000 | consumed samples:        20640 | elapsed time per iteration (ms): 1003.7 | throughput (samples/sec/per_device): 11.956 | learning rate: 2.254914E-05 | global batch size:    96 | action loss: 1.757800E-01 | loss scale: 1.0 | grad norm: 0.635408 | number of skipped iterations:   0 | number of nan iterations:   0 |
2026-08-23 00:43:34 [INFO] iteration      216/    1000 | consumed samples:        20736 | elapsed time per iteration (ms): 1005.9 | throughput (samples/sec/per_device): 11.929 | learning rate: 2.252603E-05 | global batch size:    96 | action loss: 1.826281E-01 | loss scale: 1.0 | grad norm: 0.812915 | number of skipped iterations:   0 | number of nan iterations:   0 |
2026-08-23 00:43:35 [INFO] iteration      217/    1000 | consumed samples:        20832 | elapsed time per iteration (ms): 1004.8 | throughput (samples/sec/per_device): 11.943 | learning rate: 2.250283E-05 | global batch size:    96 | action loss: 1.954174E-01 | loss scale: 1.0 | grad norm: 0.575592 | number of skipped iterations:   0 | number of nan iterations:   0 |
2026-08-23 00:43:36 [INFO] iteration      218/    1000 | consumed samples:        20928 | elapsed time per iteration (ms): 1004.2 | throughput (samples/sec/per_device): 11.949 | learning rate: 2.247953E-05 | global batch size:    96 | action loss: 1.995177E-01 | loss scale: 1.0 | grad norm: 0.678026 | number of skipped iterations:   0 | number of nan iterations:   0 |
2026-08-23 00:43:37 [INFO] iteration      219/    1000 | consumed samples:        21024 | elapsed time per iteration (ms): 1003.8 | throughput (samples/sec/per_device): 11.955 | learning rate: 2.245613E-05 | global batch size:    96 | action loss: 2.012360E-01 | loss scale: 1.0 | grad norm: 0.570784 | number of skipped iterations:   0 | number of nan iterations:   0 |
2026-08-23 00:43:38 [INFO] iteration      220/    1000 | consumed samples:        21120 | elapsed time per iteration (ms): 1015.0 | throughput (samples/sec/per_device): 11.823 | learning rate: 2.243264E-05 | global batch size:    96 | action loss: 1.961040E-01 | loss scale: 1.0 | grad norm: 0.532786 | number of skipped iterations:   0 | number of nan iterations:   0 |
2026-08-23 00:43:38 [INFO] max time across ranks (ms):
    forward-backward................................: 883.39
    forward-compute.................................: 278.55
    backward-compute................................: 604.49
    batch-generator.................................: 1.45
    nan-grad-cleanup................................: 12.84
    grad-clip.......................................: 32.92
    optimizer.......................................: 84.37
    optimizer-inner-step............................: 84.27
    optimizer-scheduler-step........................: 0.04
    optimizer-zero-grad.............................: 0.74
2026-08-23 00:43:39 [INFO] iteration      221/    1000 | consumed samples:        21216 | elapsed time per iteration (ms): 1005.0 | throughput (samples/sec/per_device): 11.940 | learning rate: 2.240905E-05 | global batch size:    96 | action loss: 1.880167E-01 | loss scale: 1.0 | grad norm: 0.598713 | number of skipped iterations:   0 | number of nan iterations:   0 |
2026-08-23 00:43:40 [INFO] iteration      222/    1000 | consumed samples:        21312 | elapsed time per iteration (ms): 1005.6 | throughput (samples/sec/per_device): 11.934 | learning rate: 2.238537E-05 | global batch size:    96 | action loss: 1.798606E-01 | loss scale: 1.0 | grad norm: 0.561673 | number of skipped iterations:   0 | number of nan iterations:   0 |
2026-08-23 00:43:41 [INFO] iteration      223/    1000 | consumed samples:        21408 | elapsed time per iteration (ms): 1003.8 | throughput (samples/sec/per_device): 11.954 | learning rate: 2.236159E-05 | global batch size:    96 | action loss: 1.882470E-01 | loss scale: 1.0 | grad norm: 0.556247 | number of skipped iterations:   0 | number of nan iterations:   0 |
2026-08-23 00:43:42 [INFO] iteration      224/    1000 | consumed samples:        21504 | elapsed time per iteration (ms): 1004.1 | throughput (samples/sec/per_device): 11.950 | learning rate: 2.233772E-05 | global batch size:    96 | action loss: 2.043068E-01 | loss scale: 1.0 | grad norm: 0.639419 | number of skipped iterations:   0 | number of nan iterations:   0 |
2026-08-23 00:43:43 [INFO] iteration      225/    1000 | consumed samples:        21600 | elapsed time per iteration (ms): 1004.4 | throughput (samples/sec/per_device): 11.947 | learning rate: 2.231376E-05 | global batch size:    96 | action loss: 1.868006E-01 | loss scale: 1.0 | grad norm: 0.626446 | number of skipped iterations:   0 | number of nan iterations:   0 |
2026-08-23 00:43:44 [INFO] iteration      226/    1000 | consumed samples:        21696 | elapsed time per iteration (ms): 1005.4 | throughput (samples/sec/per_device): 11.935 | learning rate: 2.228970E-05 | global batch size:    96 | action loss: 1.746224E-01 | loss scale: 1.0 | grad norm: 0.482605 | number of skipped iterations:   0 | number of nan iterations:   0 |
2026-08-23 00:43:45 [INFO] iteration      227/    1000 | consumed samples:        21792 | elapsed time per iteration (ms): 1005.2 | throughput (samples/sec/per_device): 11.938 | learning rate: 2.226555E-05 | global batch size:    96 | action loss: 1.636376E-01 | loss scale: 1.0 | grad norm: 0.536537 | number of skipped iterations:   0 | number of nan iterations:   0 |
2026-08-23 00:43:46 [INFO] iteration      228/    1000 | consumed samples:        21888 | elapsed time per iteration (ms): 1006.0 | throughput (samples/sec/per_device): 11.928 | learning rate: 2.224130E-05 | global batch size:    96 | action loss: 1.812221E-01 | loss scale: 1.0 | grad norm: 0.528400 | number of skipped iterations:   0 | number of nan iterations:   0 |
2026-08-23 00:43:47 [INFO] iteration      229/    1000 | consumed samples:        21984 | elapsed time per iteration (ms): 1004.4 | throughput (samples/sec/per_device): 11.948 | learning rate: 2.221696E-05 | global batch size:    96 | action loss: 1.874696E-01 | loss scale: 1.0 | grad norm: 0.696625 | number of skipped iterations:   0 | number of nan iterations:   0 |
2026-08-23 00:43:48 [INFO] iteration      230/    1000 | consumed samples:        22080 | elapsed time per iteration (ms): 1005.4 | throughput (samples/sec/per_device): 11.936 | learning rate: 2.219253E-05 | global batch size:    96 | action loss: 1.825110E-01 | loss scale: 1.0 | grad norm: 0.560027 | number of skipped iterations:   0 | number of nan iterations:   0 |
2026-08-23 00:43:49 [INFO] iteration      231/    1000 | consumed samples:        22176 | elapsed time per iteration (ms): 1007.3 | throughput (samples/sec/per_device): 11.913 | learning rate: 2.216801E-05 | global batch size:    96 | action loss: 1.525956E-01 | loss scale: 1.0 | grad norm: 0.455810 | number of skipped iterations:   0 | number of nan iterations:   0 |
2026-08-23 00:43:50 [INFO] iteration      232/    1000 | consumed samples:        22272 | elapsed time per iteration (ms): 1005.7 | throughput (samples/sec/per_device): 11.932 | learning rate: 2.214339E-05 | global batch size:    96 | action loss: 1.687996E-01 | loss scale: 1.0 | grad norm: 0.552469 | number of skipped iterations:   0 | number of nan iterations:   0 |
2026-08-23 00:43:51 [INFO] iteration      233/    1000 | consumed samples:        22368 | elapsed time per iteration (ms): 1005.5 | throughput (samples/sec/per_device): 11.935 | learning rate: 2.211869E-05 | global batch size:    96 | action loss: 1.704499E-01 | loss scale: 1.0 | grad norm: 0.557496 | number of skipped iterations:   0 | number of nan iterations:   0 |
2026-08-23 00:43:52 [INFO] iteration      234/    1000 | consumed samples:        22464 | elapsed time per iteration (ms): 1005.5 | throughput (samples/sec/per_device): 11.935 | learning rate: 2.209389E-05 | global batch size:    96 | action loss: 1.733248E-01 | loss scale: 1.0 | grad norm: 0.510457 | number of skipped iterations:   0 | number of nan iterations:   0 |
2026-08-23 00:43:53 [INFO] iteration      235/    1000 | consumed samples:        22560 | elapsed time per iteration (ms): 1005.5 | throughput (samples/sec/per_device): 11.934 | learning rate: 2.206899E-05 | global batch size:    96 | action loss: 1.662935E-01 | loss scale: 1.0 | grad norm: 0.541837 | number of skipped iterations:   0 | number of nan iterations:   0 |
2026-08-23 00:43:54 [INFO] iteration      236/    1000 | consumed samples:        22656 | elapsed time per iteration (ms): 1006.4 | throughput (samples/sec/per_device): 11.923 | learning rate: 2.204401E-05 | global batch size:    96 | action loss: 1.773735E-01 | loss scale: 1.0 | grad norm: 0.521473 | number of skipped iterations:   0 | number of nan iterations:   0 |
2026-08-23 00:43:55 [INFO] iteration      237/    1000 | consumed samples:        22752 | elapsed time per iteration (ms): 1006.7 | throughput (samples/sec/per_device): 11.920 | learning rate: 2.201894E-05 | global batch size:    96 | action loss: 1.801527E-01 | loss scale: 1.0 | grad norm: 0.614820 | number of skipped iterations:   0 | number of nan iterations:   0 |
2026-08-23 00:43:56 [INFO] iteration      238/    1000 | consumed samples:        22848 | elapsed time per iteration (ms): 1005.3 | throughput (samples/sec/per_device): 11.936 | learning rate: 2.199377E-05 | global batch size:    96 | action loss: 1.767164E-01 | loss scale: 1.0 | grad norm: 0.472047 | number of skipped iterations:   0 | number of nan iterations:   0 |
2026-08-23 00:43:57 [INFO] iteration      239/    1000 | consumed samples:        22944 | elapsed time per iteration (ms): 1007.7 | throughput (samples/sec/per_device): 11.908 | learning rate: 2.196852E-05 | global batch size:    96 | action loss: 1.863907E-01 | loss scale: 1.0 | grad norm: 0.695049 | number of skipped iterations:   0 | number of nan iterations:   0 |
2026-08-23 00:43:58 [INFO] iteration      240/    1000 | consumed samples:        23040 | elapsed time per iteration (ms): 1019.7 | throughput (samples/sec/per_device): 11.768 | learning rate: 2.194317E-05 | global batch size:    96 | action loss: 1.678170E-01 | loss scale: 1.0 | grad norm: 0.578778 | number of skipped iterations:   0 | number of nan iterations:   0 |
2026-08-23 00:43:58 [INFO] max time across ranks (ms):
    forward-backward................................: 888.24
    forward-compute.................................: 282.10
    backward-compute................................: 605.49
    batch-generator.................................: 1.51
    nan-grad-cleanup................................: 12.76
    grad-clip.......................................: 32.94
    optimizer.......................................: 83.45
    optimizer-inner-step............................: 83.32
    optimizer-scheduler-step........................: 0.05
    optimizer-zero-grad.............................: 1.17
2026-08-23 00:43:59 [INFO] iteration      241/    1000 | consumed samples:        23136 | elapsed time per iteration (ms): 1007.3 | throughput (samples/sec/per_device): 11.913 | learning rate: 2.191774E-05 | global batch size:    96 | action loss: 1.644960E-01 | loss scale: 1.0 | grad norm: 0.544431 | number of skipped iterations:   0 | number of nan iterations:   0 |
2026-08-23 00:44:00 [INFO] iteration      242/    1000 | consumed samples:        23232 | elapsed time per iteration (ms): 1007.0 | throughput (samples/sec/per_device): 11.916 | learning rate: 2.189221E-05 | global batch size:    96 | action loss: 1.622211E-01 | loss scale: 1.0 | grad norm: 0.445257 | number of skipped iterations:   0 | number of nan iterations:   0 |
2026-08-23 00:44:01 [INFO] iteration      243/    1000 | consumed samples:        23328 | elapsed time per iteration (ms): 1006.8 | throughput (samples/sec/per_device): 11.919 | learning rate: 2.186660E-05 | global batch size:    96 | action loss: 1.790757E-01 | loss scale: 1.0 | grad norm: 0.581161 | number of skipped iterations:   0 | number of nan iterations:   0 |
2026-08-23 00:44:02 [INFO] iteration      244/    1000 | consumed samples:        23424 | elapsed time per iteration (ms): 1004.7 | throughput (samples/sec/per_device): 11.944 | learning rate: 2.184089E-05 | global batch size:    96 | action loss: 1.710041E-01 | loss scale: 1.0 | grad norm: 0.517496 | number of skipped iterations:   0 | number of nan iterations:   0 |
2026-08-23 00:44:03 [INFO] iteration      245/    1000 | consumed samples:        23520 | elapsed time per iteration (ms): 1005.9 | throughput (samples/sec/per_device): 11.929 | learning rate: 2.181510E-05 | global batch size:    96 | action loss: 1.742106E-01 | loss scale: 1.0 | grad norm: 0.480987 | number of skipped iterations:   0 | number of nan iterations:   0 |
2026-08-23 00:44:04 [INFO] iteration      246/    1000 | consumed samples:        23616 | elapsed time per iteration (ms): 1006.3 | throughput (samples/sec/per_device): 11.925 | learning rate: 2.178922E-05 | global batch size:    96 | action loss: 1.689039E-01 | loss scale: 1.0 | grad norm: 0.430143 | number of skipped iterations:   0 | number of nan iterations:   0 |
2026-08-23 00:44:05 [INFO] iteration      247/    1000 | consumed samples:        23712 | elapsed time per iteration (ms): 1006.2 | throughput (samples/sec/per_device): 11.926 | learning rate: 2.176325E-05 | global batch size:    96 | action loss: 1.661747E-01 | loss scale: 1.0 | grad norm: 0.459146 | number of skipped iterations:   0 | number of nan iterations:   0 |
2026-08-23 00:44:06 [INFO] iteration      248/    1000 | consumed samples:        23808 | elapsed time per iteration (ms): 1009.5 | throughput (samples/sec/per_device): 11.887 | learning rate: 2.173719E-05 | global batch size:    96 | action loss: 1.857082E-01 | loss scale: 1.0 | grad norm: 0.518975 | number of skipped iterations:   0 | number of nan iterations:   0 |
2026-08-23 00:44:07 [INFO] iteration      249/    1000 | consumed samples:        23904 | elapsed time per iteration (ms): 1005.7 | throughput (samples/sec/per_device): 11.932 | learning rate: 2.171104E-05 | global batch size:    96 | action loss: 1.728291E-01 | loss scale: 1.0 | grad norm: 0.550551 | number of skipped iterations:   0 | number of nan iterations:   0 |
2026-08-23 00:44:08 [INFO] iteration      250/    1000 | consumed samples:        24000 | elapsed time per iteration (ms): 1007.0 | throughput (samples/sec/per_device): 11.917 | learning rate: 2.168481E-05 | global batch size:    96 | action loss: 1.866259E-01 | loss scale: 1.0 | grad norm: 0.682512 | number of skipped iterations:   0 | number of nan iterations:   0 |
2026-08-23 00:44:09 [INFO] iteration      251/    1000 | consumed samples:        24096 | elapsed time per iteration (ms): 1005.4 | throughput (samples/sec/per_device): 11.936 | learning rate: 2.165849E-05 | global batch size:    96 | action loss: 1.785024E-01 | loss scale: 1.0 | grad norm: 0.586642 | number of skipped iterations:   0 | number of nan iterations:   0 |
2026-08-23 00:44:10 [INFO] iteration      252/    1000 | consumed samples:        24192 | elapsed time per iteration (ms): 1006.9 | throughput (samples/sec/per_device): 11.917 | learning rate: 2.163208E-05 | global batch size:    96 | action loss: 1.740843E-01 | loss scale: 1.0 | grad norm: 0.528586 | number of skipped iterations:   0 | number of nan iterations:   0 |
2026-08-23 00:44:11 [INFO] iteration      253/    1000 | consumed samples:        24288 | elapsed time per iteration (ms): 1013.6 | throughput (samples/sec/per_device): 11.839 | learning rate: 2.160558E-05 | global batch size:    96 | action loss: 1.447341E-01 | loss scale: 1.0 | grad norm: 0.527872 | number of skipped iterations:   0 | number of nan iterations:   0 |
2026-08-23 00:44:12 [INFO] iteration      254/    1000 | consumed samples:        24384 | elapsed time per iteration (ms): 1007.2 | throughput (samples/sec/per_device): 11.914 | learning rate: 2.157900E-05 | global batch size:    96 | action loss: 2.107315E-01 | loss scale: 1.0 | grad norm: 0.609790 | number of skipped iterations:   0 | number of nan iterations:   0 |
2026-08-23 00:44:13 [INFO] iteration      255/    1000 | consumed samples:        24480 | elapsed time per iteration (ms): 1008.1 | throughput (samples/sec/per_device): 11.904 | learning rate: 2.155233E-05 | global batch size:    96 | action loss: 1.666008E-01 | loss scale: 1.0 | grad norm: 0.522333 | number of skipped iterations:   0 | number of nan iterations:   0 |
2026-08-23 00:44:14 [INFO] iteration      256/    1000 | consumed samples:        24576 | elapsed time per iteration (ms): 1009.7 | throughput (samples/sec/per_device): 11.884 | learning rate: 2.152557E-05 | global batch size:    96 | action loss: 1.615724E-01 | loss scale: 1.0 | grad norm: 0.421727 | number of skipped iterations:   0 | number of nan iterations:   0 |
2026-08-23 00:44:15 [INFO] iteration      257/    1000 | consumed samples:        24672 | elapsed time per iteration (ms): 1005.5 | throughput (samples/sec/per_device): 11.934 | learning rate: 2.149873E-05 | global batch size:    96 | action loss: 1.592436E-01 | loss scale: 1.0 | grad norm: 0.636500 | number of skipped iterations:   0 | number of nan iterations:   0 |
2026-08-23 00:44:16 [INFO] iteration      258/    1000 | consumed samples:        24768 | elapsed time per iteration (ms): 1008.5 | throughput (samples/sec/per_device): 11.898 | learning rate: 2.147181E-05 | global batch size:    96 | action loss: 1.505403E-01 | loss scale: 1.0 | grad norm: 0.409224 | number of skipped iterations:   0 | number of nan iterations:   0 |
2026-08-23 00:44:17 [INFO] iteration      259/    1000 | consumed samples:        24864 | elapsed time per iteration (ms): 1007.6 | throughput (samples/sec/per_device): 11.910 | learning rate: 2.144480E-05 | global batch size:    96 | action loss: 1.577570E-01 | loss scale: 1.0 | grad norm: 0.574646 | number of skipped iterations:   0 | number of nan iterations:   0 |
2026-08-23 00:44:18 [INFO] iteration      260/    1000 | consumed samples:        24960 | elapsed time per iteration (ms): 1015.6 | throughput (samples/sec/per_device): 11.815 | learning rate: 2.141770E-05 | global batch size:    96 | action loss: 1.881113E-01 | loss scale: 1.0 | grad norm: 0.493226 | number of skipped iterations:   0 | number of nan iterations:   0 |
2026-08-23 00:44:18 [INFO] max time across ranks (ms):
    forward-backward................................: 884.40
    forward-compute.................................: 279.19
    backward-compute................................: 605.31
    batch-generator.................................: 1.49
    nan-grad-cleanup................................: 12.90
    grad-clip.......................................: 32.68
    optimizer.......................................: 83.43
    optimizer-inner-step............................: 83.32
    optimizer-scheduler-step........................: 0.05
    optimizer-zero-grad.............................: 0.80
2026-08-23 00:44:19 [INFO] iteration      261/    1000 | consumed samples:        25056 | elapsed time per iteration (ms): 1005.4 | throughput (samples/sec/per_device): 11.935 | learning rate: 2.139052E-05 | global batch size:    96 | action loss: 1.592984E-01 | loss scale: 1.0 | grad norm: 0.562705 | number of skipped iterations:   0 | number of nan iterations:   0 |
2026-08-23 00:44:20 [INFO] iteration      262/    1000 | consumed samples:        25152 | elapsed time per iteration (ms): 1006.3 | throughput (samples/sec/per_device): 11.925 | learning rate: 2.136325E-05 | global batch size:    96 | action loss: 1.796204E-01 | loss scale: 1.0 | grad norm: 0.572374 | number of skipped iterations:   0 | number of nan iterations:   0 |
2026-08-23 00:44:21 [INFO] iteration      263/    1000 | consumed samples:        25248 | elapsed time per iteration (ms): 1005.8 | throughput (samples/sec/per_device): 11.931 | learning rate: 2.133590E-05 | global batch size:    96 | action loss: 1.740620E-01 | loss scale: 1.0 | grad norm: 0.561921 | number of skipped iterations:   0 | number of nan iterations:   0 |
2026-08-23 00:44:22 [INFO] iteration      264/    1000 | consumed samples:        25344 | elapsed time per iteration (ms): 1007.3 | throughput (samples/sec/per_device): 11.913 | learning rate: 2.130847E-05 | global batch size:    96 | action loss: 1.618471E-01 | loss scale: 1.0 | grad norm: 0.619914 | number of skipped iterations:   0 | number of nan iterations:   0 |
2026-08-23 00:44:23 [INFO] iteration      265/    1000 | consumed samples:        25440 | elapsed time per iteration (ms): 1007.0 | throughput (samples/sec/per_device): 11.916 | learning rate: 2.128095E-05 | global batch size:    96 | action loss: 1.776141E-01 | loss scale: 1.0 | grad norm: 0.654957 | number of skipped iterations:   0 | number of nan iterations:   0 |
2026-08-23 00:44:24 [INFO] iteration      266/    1000 | consumed samples:        25536 | elapsed time per iteration (ms): 1006.5 | throughput (samples/sec/per_device): 11.922 | learning rate: 2.125335E-05 | global batch size:    96 | action loss: 2.085453E-01 | loss scale: 1.0 | grad norm: 0.702260 | number of skipped iterations:   0 | number of nan iterations:   0 |
2026-08-23 00:44:25 [INFO] iteration      267/    1000 | consumed samples:        25632 | elapsed time per iteration (ms): 1009.6 | throughput (samples/sec/per_device): 11.886 | learning rate: 2.122566E-05 | global batch size:    96 | action loss: 1.768283E-01 | loss scale: 1.0 | grad norm: 0.396560 | number of skipped iterations:   0 | number of nan iterations:   0 |
2026-08-23 00:44:26 [INFO] iteration      268/    1000 | consumed samples:        25728 | elapsed time per iteration (ms): 1005.1 | throughput (samples/sec/per_device): 11.940 | learning rate: 2.119789E-05 | global batch size:    96 | action loss: 1.688594E-01 | loss scale: 1.0 | grad norm: 0.478297 | number of skipped iterations:   0 | number of nan iterations:   0 |
2026-08-23 00:44:27 [INFO] iteration      269/    1000 | consumed samples:        25824 | elapsed time per iteration (ms): 1006.4 | throughput (samples/sec/per_device): 11.924 | learning rate: 2.117005E-05 | global batch size:    96 | action loss: 1.539825E-01 | loss scale: 1.0 | grad norm: 0.444906 | number of skipped iterations:   0 | number of nan iterations:   0 |
2026-08-23 00:44:28 [INFO] iteration      270/    1000 | consumed samples:        25920 | elapsed time per iteration (ms): 1006.3 | throughput (samples/sec/per_device): 11.925 | learning rate: 2.114211E-05 | global batch size:    96 | action loss: 1.654563E-01 | loss scale: 1.0 | grad norm: 0.530563 | number of skipped iterations:   0 | number of nan iterations:   0 |
2026-08-23 00:44:29 [INFO] iteration      271/    1000 | consumed samples:        26016 | elapsed time per iteration (ms): 1006.2 | throughput (samples/sec/per_device): 11.926 | learning rate: 2.111410E-05 | global batch size:    96 | action loss: 1.835847E-01 | loss scale: 1.0 | grad norm: 0.510619 | number of skipped iterations:   0 | number of nan iterations:   0 |
2026-08-23 00:44:30 [INFO] iteration      272/    1000 | consumed samples:        26112 | elapsed time per iteration (ms): 1005.7 | throughput (samples/sec/per_device): 11.932 | learning rate: 2.108600E-05 | global batch size:    96 | action loss: 1.633058E-01 | loss scale: 1.0 | grad norm: 0.530403 | number of skipped iterations:   0 | number of nan iterations:   0 |
2026-08-23 00:44:31 [INFO] iteration      273/    1000 | consumed samples:        26208 | elapsed time per iteration (ms): 1007.2 | throughput (samples/sec/per_device): 11.914 | learning rate: 2.105783E-05 | global batch size:    96 | action loss: 2.174243E-01 | loss scale: 1.0 | grad norm: 0.864500 | number of skipped iterations:   0 | number of nan iterations:   0 |
2026-08-23 00:44:32 [INFO] iteration      274/    1000 | consumed samples:        26304 | elapsed time per iteration (ms): 1008.3 | throughput (samples/sec/per_device): 11.902 | learning rate: 2.102957E-05 | global batch size:    96 | action loss: 2.064493E-01 | loss scale: 1.0 | grad norm: 0.458472 | number of skipped iterations:   0 | number of nan iterations:   0 |
2026-08-23 00:44:33 [INFO] iteration      275/    1000 | consumed samples:        26400 | elapsed time per iteration (ms): 1006.3 | throughput (samples/sec/per_device): 11.925 | learning rate: 2.100123E-05 | global batch size:    96 | action loss: 2.028670E-01 | loss scale: 1.0 | grad norm: 0.448044 | number of skipped iterations:   0 | number of nan iterations:   0 |
2026-08-23 00:44:34 [INFO] iteration      276/    1000 | consumed samples:        26496 | elapsed time per iteration (ms): 1005.5 | throughput (samples/sec/per_device): 11.934 | learning rate: 2.097281E-05 | global batch size:    96 | action loss: 1.915177E-01 | loss scale: 1.0 | grad norm: 0.706902 | number of skipped iterations:   0 | number of nan iterations:   0 |
2026-08-23 00:44:35 [INFO] iteration      277/    1000 | consumed samples:        26592 | elapsed time per iteration (ms): 1005.2 | throughput (samples/sec/per_device): 11.938 | learning rate: 2.094431E-05 | global batch size:    96 | action loss: 2.074988E-01 | loss scale: 1.0 | grad norm: 0.467972 | number of skipped iterations:   0 | number of nan iterations:   0 |
2026-08-23 00:44:36 [INFO] iteration      278/    1000 | consumed samples:        26688 | elapsed time per iteration (ms): 1005.2 | throughput (samples/sec/per_device): 11.938 | learning rate: 2.091573E-05 | global batch size:    96 | action loss: 1.733480E-01 | loss scale: 1.0 | grad norm: 0.574931 | number of skipped iterations:   0 | number of nan iterations:   0 |
2026-08-23 00:44:37 [INFO] iteration      279/    1000 | consumed samples:        26784 | elapsed time per iteration (ms): 1007.1 | throughput (samples/sec/per_device): 11.915 | learning rate: 2.088707E-05 | global batch size:    96 | action loss: 1.704585E-01 | loss scale: 1.0 | grad norm: 0.680366 | number of skipped iterations:   0 | number of nan iterations:   0 |
2026-08-23 00:44:38 [INFO] iteration      280/    1000 | consumed samples:        26880 | elapsed time per iteration (ms): 1014.6 | throughput (samples/sec/per_device): 11.828 | learning rate: 2.085833E-05 | global batch size:    96 | action loss: 1.481789E-01 | loss scale: 1.0 | grad norm: 0.691379 | number of skipped iterations:   0 | number of nan iterations:   0 |
2026-08-23 00:44:38 [INFO] max time across ranks (ms):
    forward-backward................................: 882.99
    forward-compute.................................: 278.55
    backward-compute................................: 603.85
    batch-generator.................................: 1.49
    nan-grad-cleanup................................: 13.01
    grad-clip.......................................: 32.84
    optimizer.......................................: 83.74
    optimizer-inner-step............................: 83.62
    optimizer-scheduler-step........................: 0.05
    optimizer-zero-grad.............................: 0.76
2026-08-23 00:44:39 [INFO] iteration      281/    1000 | consumed samples:        26976 | elapsed time per iteration (ms): 1005.2 | throughput (samples/sec/per_device): 11.938 | learning rate: 2.082951E-05 | global batch size:    96 | action loss: 1.423414E-01 | loss scale: 1.0 | grad norm: 0.522718 | number of skipped iterations:   0 | number of nan iterations:   0 |
2026-08-23 00:44:40 [INFO] iteration      282/    1000 | consumed samples:        27072 | elapsed time per iteration (ms): 1005.2 | throughput (samples/sec/per_device): 11.938 | learning rate: 2.080061E-05 | global batch size:    96 | action loss: 1.595936E-01 | loss scale: 1.0 | grad norm: 0.356152 | number of skipped iterations:   0 | number of nan iterations:   0 |
2026-08-23 00:44:41 [INFO] iteration      283/    1000 | consumed samples:        27168 | elapsed time per iteration (ms): 1005.3 | throughput (samples/sec/per_device): 11.937 | learning rate: 2.077164E-05 | global batch size:    96 | action loss: 1.835758E-01 | loss scale: 1.0 | grad norm: 0.521090 | number of skipped iterations:   0 | number of nan iterations:   0 |
2026-08-23 00:44:42 [INFO] iteration      284/    1000 | consumed samples:        27264 | elapsed time per iteration (ms): 1005.5 | throughput (samples/sec/per_device): 11.935 | learning rate: 2.074258E-05 | global batch size:    96 | action loss: 1.854417E-01 | loss scale: 1.0 | grad norm: 0.455694 | number of skipped iterations:   0 | number of nan iterations:   0 |
2026-08-23 00:44:44 [INFO] iteration      285/    1000 | consumed samples:        27360 | elapsed time per iteration (ms): 1148.3 | throughput (samples/sec/per_device): 10.450 | learning rate: 2.071345E-05 | global batch size:    96 | action loss: 1.765307E-01 | loss scale: 1.0 | grad norm: 0.457448 | number of skipped iterations:   0 | number of nan iterations:   0 |
2026-08-23 00:44:45 [INFO] iteration      286/    1000 | consumed samples:        27456 | elapsed time per iteration (ms): 1003.5 | throughput (samples/sec/per_device): 11.958 | learning rate: 2.068424E-05 | global batch size:    96 | action loss: 1.607336E-01 | loss scale: 1.0 | grad norm: 0.398295 | number of skipped iterations:   0 | number of nan iterations:   0 |
2026-08-23 00:44:46 [INFO] iteration      287/    1000 | consumed samples:        27552 | elapsed time per iteration (ms): 1003.6 | throughput (samples/sec/per_device): 11.957 | learning rate: 2.065495E-05 | global batch size:    96 | action loss: 1.470597E-01 | loss scale: 1.0 | grad norm: 0.447751 | number of skipped iterations:   0 | number of nan iterations:   0 |
2026-08-23 00:44:47 [INFO] iteration      288/    1000 | consumed samples:        27648 | elapsed time per iteration (ms): 1003.9 | throughput (samples/sec/per_device): 11.954 | learning rate: 2.062559E-05 | global batch size:    96 | action loss: 1.802445E-01 | loss scale: 1.0 | grad norm: 0.579980 | number of skipped iterations:   0 | number of nan iterations:   0 |
2026-08-23 00:44:48 [INFO] iteration      289/    1000 | consumed samples:        27744 | elapsed time per iteration (ms): 1006.1 | throughput (samples/sec/per_device): 11.928 | learning rate: 2.059615E-05 | global batch size:    96 | action loss: 1.841243E-01 | loss scale: 1.0 | grad norm: 0.711051 | number of skipped iterations:   0 | number of nan iterations:   0 |
2026-08-23 00:44:49 [INFO] iteration      290/    1000 | consumed samples:        27840 | elapsed time per iteration (ms): 1006.0 | throughput (samples/sec/per_device): 11.929 | learning rate: 2.056663E-05 | global batch size:    96 | action loss: 1.861334E-01 | loss scale: 1.0 | grad norm: 0.469648 | number of skipped iterations:   0 | number of nan iterations:   0 |
2026-08-23 00:44:50 [INFO] iteration      291/    1000 | consumed samples:        27936 | elapsed time per iteration (ms): 1004.4 | throughput (samples/sec/per_device): 11.948 | learning rate: 2.053704E-05 | global batch size:    96 | action loss: 1.654168E-01 | loss scale: 1.0 | grad norm: 0.435077 | number of skipped iterations:   0 | number of nan iterations:   0 |
2026-08-23 00:44:51 [INFO] iteration      292/    1000 | consumed samples:        28032 | elapsed time per iteration (ms): 1009.8 | throughput (samples/sec/per_device): 11.883 | learning rate: 2.050737E-05 | global batch size:    96 | action loss: 1.550305E-01 | loss scale: 1.0 | grad norm: 0.442191 | number of skipped iterations:   0 | number of nan iterations:   0 |
2026-08-23 00:44:52 [INFO] iteration      293/    1000 | consumed samples:        28128 | elapsed time per iteration (ms): 1005.0 | throughput (samples/sec/per_device): 11.941 | learning rate: 2.047762E-05 | global batch size:    96 | action loss: 1.478239E-01 | loss scale: 1.0 | grad norm: 0.463304 | number of skipped iterations:   0 | number of nan iterations:   0 |
2026-08-23 00:44:53 [INFO] iteration      294/    1000 | consumed samples:        28224 | elapsed time per iteration (ms): 1005.9 | throughput (samples/sec/per_device): 11.930 | learning rate: 2.044780E-05 | global batch size:    96 | action loss: 1.828656E-01 | loss scale: 1.0 | grad norm: 0.477724 | number of skipped iterations:   0 | number of nan iterations:   0 |
2026-08-23 00:44:54 [INFO] iteration      295/    1000 | consumed samples:        28320 | elapsed time per iteration (ms): 1004.0 | throughput (samples/sec/per_device): 11.952 | learning rate: 2.041791E-05 | global batch size:    96 | action loss: 1.712170E-01 | loss scale: 1.0 | grad norm: 0.438236 | number of skipped iterations:   0 | number of nan iterations:   0 |
2026-08-23 00:44:55 [INFO] iteration      296/    1000 | consumed samples:        28416 | elapsed time per iteration (ms): 1005.8 | throughput (samples/sec/per_device): 11.931 | learning rate: 2.038794E-05 | global batch size:    96 | action loss: 1.603473E-01 | loss scale: 1.0 | grad norm: 0.595423 | number of skipped iterations:   0 | number of nan iterations:   0 |
2026-08-23 00:44:56 [INFO] iteration      297/    1000 | consumed samples:        28512 | elapsed time per iteration (ms): 1004.8 | throughput (samples/sec/per_device): 11.942 | learning rate: 2.035789E-05 | global batch size:    96 | action loss: 1.813232E-01 | loss scale: 1.0 | grad norm: 0.454115 | number of skipped iterations:   0 | number of nan iterations:   0 |
2026-08-23 00:44:57 [INFO] iteration      298/    1000 | consumed samples:        28608 | elapsed time per iteration (ms): 1010.4 | throughput (samples/sec/per_device): 11.877 | learning rate: 2.032777E-05 | global batch size:    96 | action loss: 1.690910E-01 | loss scale: 1.0 | grad norm: 0.489609 | number of skipped iterations:   0 | number of nan iterations:   0 |
2026-08-23 00:44:58 [INFO] iteration      299/    1000 | consumed samples:        28704 | elapsed time per iteration (ms): 1005.9 | throughput (samples/sec/per_device): 11.930 | learning rate: 2.029758E-05 | global batch size:    96 | action loss: 1.566204E-01 | loss scale: 1.0 | grad norm: 0.433611 | number of skipped iterations:   0 | number of nan iterations:   0 |
2026-08-23 00:44:59 [INFO] iteration      300/    1000 | consumed samples:        28800 | elapsed time per iteration (ms): 1020.1 | throughput (samples/sec/per_device): 11.763 | learning rate: 2.026732E-05 | global batch size:    96 | action loss: 1.583398E-01 | loss scale: 1.0 | grad norm: 0.398253 | number of skipped iterations:   0 | number of nan iterations:   0 |
2026-08-23 00:44:59 [INFO] max time across ranks (ms):
    forward-backward................................: 887.60
    forward-compute.................................: 281.05
    backward-compute................................: 605.32
    batch-generator.................................: 1.48
    nan-grad-cleanup................................: 14.45
    grad-clip.......................................: 33.23
    optimizer.......................................: 84.47
    optimizer-inner-step............................: 84.37
    optimizer-scheduler-step........................: 0.05
    optimizer-zero-grad.............................: 1.16
2026-08-23 00:44:59 [INFO] Windowed PowerSGD+ transition global_step=300 active=True window_index=0
2026-08-23 00:44:59 [INFO] Scheduled PowerSGD+ rank transition global_step=300 rank=2
2026-08-23 00:44:59 [INFO] ScheduledPowerSGDPlusState restart: iter=199 compressed_iter=197 method=approximate rank=2 apply_exact=False
2026-08-23 00:45:05 [INFO] iteration      301/    1000 | consumed samples:        28896 | elapsed time per iteration (ms): 6819.2 | throughput (samples/sec/per_device): 1.760 | learning rate: 2.023698E-05 | global batch size:    96 | action loss: 1.531705E-01 | loss scale: 1.0 | grad norm: 0.303074 | number of skipped iterations:   0 | number of nan iterations:   0 |
2026-08-23 00:45:09 [INFO] iteration      302/    1000 | consumed samples:        28992 | elapsed time per iteration (ms): 3683.0 | throughput (samples/sec/per_device): 3.258 | learning rate: 2.020657E-05 | global batch size:    96 | action loss: 1.630208E-01 | loss scale: 1.0 | grad norm: 0.485474 | number of skipped iterations:   0 | number of nan iterations:   0 |
2026-08-23 00:45:13 [INFO] iteration      303/    1000 | consumed samples:        29088 | elapsed time per iteration (ms): 3764.1 | throughput (samples/sec/per_device): 3.188 | learning rate: 2.017608E-05 | global batch size:    96 | action loss: 1.864273E-01 | loss scale: 1.0 | grad norm: 0.395119 | number of skipped iterations:   0 | number of nan iterations:   0 |
2026-08-23 00:45:16 [INFO] iteration      304/    1000 | consumed samples:        29184 | elapsed time per iteration (ms): 2737.2 | throughput (samples/sec/per_device): 4.384 | learning rate: 2.014552E-05 | global batch size:    96 | action loss: 1.757449E-01 | loss scale: 1.0 | grad norm: 0.450499 | number of skipped iterations:   0 | number of nan iterations:   0 |
2026-08-23 00:45:19 [INFO] iteration      305/    1000 | consumed samples:        29280 | elapsed time per iteration (ms): 3812.6 | throughput (samples/sec/per_device): 3.147 | learning rate: 2.011490E-05 | global batch size:    96 | action loss: 1.734926E-01 | loss scale: 1.0 | grad norm: 0.488608 | number of skipped iterations:   0 | number of nan iterations:   0 |
2026-08-23 00:45:22 [INFO] iteration      306/    1000 | consumed samples:        29376 | elapsed time per iteration (ms): 2340.7 | throughput (samples/sec/per_device): 5.127 | learning rate: 2.008419E-05 | global batch size:    96 | action loss: 1.676516E-01 | loss scale: 1.0 | grad norm: 0.472989 | number of skipped iterations:   0 | number of nan iterations:   0 |
2026-08-23 00:45:26 [INFO] iteration      307/    1000 | consumed samples:        29472 | elapsed time per iteration (ms): 4155.9 | throughput (samples/sec/per_device): 2.887 | learning rate: 2.005342E-05 | global batch size:    96 | action loss: 1.775181E-01 | loss scale: 1.0 | grad norm: 0.395384 | number of skipped iterations:   0 | number of nan iterations:   0 |
2026-08-23 00:45:29 [INFO] iteration      308/    1000 | consumed samples:        29568 | elapsed time per iteration (ms): 2996.7 | throughput (samples/sec/per_device): 4.004 | learning rate: 2.002258E-05 | global batch size:    96 | action loss: 1.707169E-01 | loss scale: 1.0 | grad norm: 0.493349 | number of skipped iterations:   0 | number of nan iterations:   0 |
2026-08-23 00:45:31 [INFO] iteration      309/    1000 | consumed samples:        29664 | elapsed time per iteration (ms): 2151.2 | throughput (samples/sec/per_device): 5.578 | learning rate: 1.999167E-05 | global batch size:    96 | action loss: 1.873263E-01 | loss scale: 1.0 | grad norm: 0.462439 | number of skipped iterations:   0 | number of nan iterations:   0 |
2026-08-23 00:45:33 [INFO] iteration      310/    1000 | consumed samples:        29760 | elapsed time per iteration (ms): 2299.9 | throughput (samples/sec/per_device): 5.218 | learning rate: 1.996068E-05 | global batch size:    96 | action loss: 1.501259E-01 | loss scale: 1.0 | grad norm: 0.483690 | number of skipped iterations:   0 | number of nan iterations:   0 |
2026-08-23 00:45:37 [INFO] iteration      311/    1000 | consumed samples:        29856 | elapsed time per iteration (ms): 3950.0 | throughput (samples/sec/per_device): 3.038 | learning rate: 1.992963E-05 | global batch size:    96 | action loss: 1.673957E-01 | loss scale: 1.0 | grad norm: 0.490374 | number of skipped iterations:   0 | number of nan iterations:   0 |
2026-08-23 00:45:40 [INFO] iteration      312/    1000 | consumed samples:        29952 | elapsed time per iteration (ms): 2250.6 | throughput (samples/sec/per_device): 5.332 | learning rate: 1.989851E-05 | global batch size:    96 | action loss: 1.603918E-01 | loss scale: 1.0 | grad norm: 0.402351 | number of skipped iterations:   0 | number of nan iterations:   0 |
2026-08-23 00:45:42 [INFO] iteration      313/    1000 | consumed samples:        30048 | elapsed time per iteration (ms): 2727.5 | throughput (samples/sec/per_device): 4.400 | learning rate: 1.986731E-05 | global batch size:    96 | action loss: 1.787462E-01 | loss scale: 1.0 | grad norm: 0.517737 | number of skipped iterations:   0 | number of nan iterations:   0 |
2026-08-23 00:45:46 [INFO] iteration      314/    1000 | consumed samples:        30144 | elapsed time per iteration (ms): 4047.2 | throughput (samples/sec/per_device): 2.965 | learning rate: 1.983605E-05 | global batch size:    96 | action loss: 1.570726E-01 | loss scale: 1.0 | grad norm: 0.441356 | number of skipped iterations:   0 | number of nan iterations:   0 |
2026-08-23 00:45:49 [INFO] iteration      315/    1000 | consumed samples:        30240 | elapsed time per iteration (ms): 2538.6 | throughput (samples/sec/per_device): 4.727 | learning rate: 1.980472E-05 | global batch size:    96 | action loss: 1.484566E-01 | loss scale: 1.0 | grad norm: 0.446571 | number of skipped iterations:   0 | number of nan iterations:   0 |
2026-08-23 00:45:52 [INFO] iteration      316/    1000 | consumed samples:        30336 | elapsed time per iteration (ms): 3165.1 | throughput (samples/sec/per_device): 3.791 | learning rate: 1.977332E-05 | global batch size:    96 | action loss: 1.707323E-01 | loss scale: 1.0 | grad norm: 0.443934 | number of skipped iterations:   0 | number of nan iterations:   0 |
2026-08-23 00:45:55 [INFO] iteration      317/    1000 | consumed samples:        30432 | elapsed time per iteration (ms): 2381.1 | throughput (samples/sec/per_device): 5.040 | learning rate: 1.974185E-05 | global batch size:    96 | action loss: 1.333732E-01 | loss scale: 1.0 | grad norm: 0.438589 | number of skipped iterations:   0 | number of nan iterations:   0 |
2026-08-23 00:45:58 [INFO] iteration      318/    1000 | consumed samples:        30528 | elapsed time per iteration (ms): 3396.7 | throughput (samples/sec/per_device): 3.533 | learning rate: 1.971031E-05 | global batch size:    96 | action loss: 1.675194E-01 | loss scale: 1.0 | grad norm: 0.481516 | number of skipped iterations:   0 | number of nan iterations:   0 |
2026-08-23 00:46:00 [INFO] iteration      319/    1000 | consumed samples:        30624 | elapsed time per iteration (ms): 2279.1 | throughput (samples/sec/per_device): 5.265 | learning rate: 1.967871E-05 | global batch size:    96 | action loss: 1.674962E-01 | loss scale: 1.0 | grad norm: 0.442055 | number of skipped iterations:   0 | number of nan iterations:   0 |
2026-08-23 00:46:03 [INFO] iteration      320/    1000 | consumed samples:        30720 | elapsed time per iteration (ms): 2734.5 | throughput (samples/sec/per_device): 4.388 | learning rate: 1.964704E-05 | global batch size:    96 | action loss: 2.271879E-01 | loss scale: 1.0 | grad norm: 0.513623 | number of skipped iterations:   0 | number of nan iterations:   0 |
2026-08-23 00:46:03 [INFO] max time across ranks (ms):
    forward-backward................................: 2603.90
    forward-compute.................................: 763.74
    backward-compute................................: 2327.08
    batch-generator.................................: 1.80
    nan-grad-cleanup................................: 13.23
    grad-clip.......................................: 32.54
    optimizer.......................................: 84.46
    optimizer-inner-step............................: 84.34
    optimizer-scheduler-step........................: 0.08
    optimizer-zero-grad.............................: 0.80
2026-08-23 00:46:06 [INFO] iteration      321/    1000 | consumed samples:        30816 | elapsed time per iteration (ms): 3370.3 | throughput (samples/sec/per_device): 3.560 | learning rate: 1.961530E-05 | global batch size:    96 | action loss: 1.622363E-01 | loss scale: 1.0 | grad norm: 0.430099 | number of skipped iterations:   0 | number of nan iterations:   0 |
2026-08-23 00:46:10 [INFO] iteration      322/    1000 | consumed samples:        30912 | elapsed time per iteration (ms): 3783.0 | throughput (samples/sec/per_device): 3.172 | learning rate: 1.958350E-05 | global batch size:    96 | action loss: 1.576211E-01 | loss scale: 1.0 | grad norm: 0.447049 | number of skipped iterations:   0 | number of nan iterations:   0 |
2026-08-23 00:46:13 [INFO] iteration      323/    1000 | consumed samples:        31008 | elapsed time per iteration (ms): 2743.1 | throughput (samples/sec/per_device): 4.375 | learning rate: 1.955163E-05 | global batch size:    96 | action loss: 1.831874E-01 | loss scale: 1.0 | grad norm: 0.468323 | number of skipped iterations:   0 | number of nan iterations:   0 |
2026-08-23 00:46:15 [INFO] iteration      324/    1000 | consumed samples:        31104 | elapsed time per iteration (ms): 2610.5 | throughput (samples/sec/per_device): 4.597 | learning rate: 1.951969E-05 | global batch size:    96 | action loss: 1.689479E-01 | loss scale: 1.0 | grad norm: 0.580411 | number of skipped iterations:   0 | number of nan iterations:   0 |
2026-08-23 00:46:18 [INFO] iteration      325/    1000 | consumed samples:        31200 | elapsed time per iteration (ms): 2892.2 | throughput (samples/sec/per_device): 4.149 | learning rate: 1.948769E-05 | global batch size:    96 | action loss: 1.709166E-01 | loss scale: 1.0 | grad norm: 0.482599 | number of skipped iterations:   0 | number of nan iterations:   0 |
2026-08-23 00:46:24 [INFO] iteration      326/    1000 | consumed samples:        31296 | elapsed time per iteration (ms): 5972.4 | throughput (samples/sec/per_device): 2.009 | learning rate: 1.945562E-05 | global batch size:    96 | action loss: 1.745562E-01 | loss scale: 1.0 | grad norm: 0.497652 | number of skipped iterations:   0 | number of nan iterations:   0 |
2026-08-23 00:46:27 [INFO] iteration      327/    1000 | consumed samples:        31392 | elapsed time per iteration (ms): 2480.0 | throughput (samples/sec/per_device): 4.839 | learning rate: 1.942349E-05 | global batch size:    96 | action loss: 1.742015E-01 | loss scale: 1.0 | grad norm: 0.478166 | number of skipped iterations:   0 | number of nan iterations:   0 |
2026-08-23 00:46:30 [INFO] iteration      328/    1000 | consumed samples:        31488 | elapsed time per iteration (ms): 3201.8 | throughput (samples/sec/per_device): 3.748 | learning rate: 1.939129E-05 | global batch size:    96 | action loss: 2.165561E-01 | loss scale: 1.0 | grad norm: 0.554033 | number of skipped iterations:   0 | number of nan iterations:   0 |
2026-08-23 00:46:33 [INFO] iteration      329/    1000 | consumed samples:        31584 | elapsed time per iteration (ms): 3427.0 | throughput (samples/sec/per_device): 3.502 | learning rate: 1.935903E-05 | global batch size:    96 | action loss: 1.619689E-01 | loss scale: 1.0 | grad norm: 0.482869 | number of skipped iterations:   0 | number of nan iterations:   0 |
2026-08-23 00:46:36 [INFO] iteration      330/    1000 | consumed samples:        31680 | elapsed time per iteration (ms): 2536.4 | throughput (samples/sec/per_device): 4.731 | learning rate: 1.932671E-05 | global batch size:    96 | action loss: 1.719979E-01 | loss scale: 1.0 | grad norm: 0.453570 | number of skipped iterations:   0 | number of nan iterations:   0 |
2026-08-23 00:46:39 [INFO] iteration      331/    1000 | consumed samples:        31776 | elapsed time per iteration (ms): 3121.3 | throughput (samples/sec/per_device): 3.845 | learning rate: 1.929432E-05 | global batch size:    96 | action loss: 1.502126E-01 | loss scale: 1.0 | grad norm: 0.532189 | number of skipped iterations:   0 | number of nan iterations:   0 |
2026-08-23 00:46:43 [INFO] iteration      332/    1000 | consumed samples:        31872 | elapsed time per iteration (ms): 4340.2 | throughput (samples/sec/per_device): 2.765 | learning rate: 1.926186E-05 | global batch size:    96 | action loss: 1.752481E-01 | loss scale: 1.0 | grad norm: 0.538375 | number of skipped iterations:   0 | number of nan iterations:   0 |
2026-08-23 00:46:46 [INFO] iteration      333/    1000 | consumed samples:        31968 | elapsed time per iteration (ms): 2635.8 | throughput (samples/sec/per_device): 4.553 | learning rate: 1.922935E-05 | global batch size:    96 | action loss: 2.032262E-01 | loss scale: 1.0 | grad norm: 0.528925 | number of skipped iterations:   0 | number of nan iterations:   0 |
2026-08-23 00:46:49 [INFO] iteration      334/    1000 | consumed samples:        32064 | elapsed time per iteration (ms): 2623.5 | throughput (samples/sec/per_device): 4.574 | learning rate: 1.919677E-05 | global batch size:    96 | action loss: 1.982397E-01 | loss scale: 1.0 | grad norm: 0.501220 | number of skipped iterations:   0 | number of nan iterations:   0 |
2026-08-23 00:46:51 [INFO] iteration      335/    1000 | consumed samples:        32160 | elapsed time per iteration (ms): 2135.1 | throughput (samples/sec/per_device): 5.620 | learning rate: 1.916413E-05 | global batch size:    96 | action loss: 1.559416E-01 | loss scale: 1.0 | grad norm: 0.551227 | number of skipped iterations:   0 | number of nan iterations:   0 |
2026-08-23 00:46:54 [INFO] iteration      336/    1000 | consumed samples:        32256 | elapsed time per iteration (ms): 3582.9 | throughput (samples/sec/per_device): 3.349 | learning rate: 1.913143E-05 | global batch size:    96 | action loss: 1.942553E-01 | loss scale: 1.0 | grad norm: 0.497249 | number of skipped iterations:   0 | number of nan iterations:   0 |
2026-08-23 00:46:57 [INFO] iteration      337/    1000 | consumed samples:        32352 | elapsed time per iteration (ms): 2823.1 | throughput (samples/sec/per_device): 4.251 | learning rate: 1.909866E-05 | global batch size:    96 | action loss: 1.698527E-01 | loss scale: 1.0 | grad norm: 0.611101 | number of skipped iterations:   0 | number of nan iterations:   0 |
2026-08-23 00:47:00 [INFO] iteration      338/    1000 | consumed samples:        32448 | elapsed time per iteration (ms): 2486.5 | throughput (samples/sec/per_device): 4.826 | learning rate: 1.906584E-05 | global batch size:    96 | action loss: 1.746421E-01 | loss scale: 1.0 | grad norm: 0.636426 | number of skipped iterations:   0 | number of nan iterations:   0 |
2026-08-23 00:47:03 [INFO] iteration      339/    1000 | consumed samples:        32544 | elapsed time per iteration (ms): 3060.4 | throughput (samples/sec/per_device): 3.921 | learning rate: 1.903295E-05 | global batch size:    96 | action loss: 1.722658E-01 | loss scale: 1.0 | grad norm: 0.513460 | number of skipped iterations:   0 | number of nan iterations:   0 |
2026-08-23 00:47:06 [INFO] iteration      340/    1000 | consumed samples:        32640 | elapsed time per iteration (ms): 3700.8 | throughput (samples/sec/per_device): 3.243 | learning rate: 1.900000E-05 | global batch size:    96 | action loss: 1.790654E-01 | loss scale: 1.0 | grad norm: 0.498222 | number of skipped iterations:   0 | number of nan iterations:   0 |
2026-08-23 00:47:06 [INFO] max time across ranks (ms):
    forward-backward................................: 3570.90
    forward-compute.................................: 2366.84
    backward-compute................................: 3292.98
    batch-generator.................................: 1.46
    nan-grad-cleanup................................: 13.12
    grad-clip.......................................: 32.35
    optimizer.......................................: 83.76
    optimizer-inner-step............................: 83.66
    optimizer-scheduler-step........................: 0.09
    optimizer-zero-grad.............................: 0.51
2026-08-23 00:47:09 [INFO] iteration      341/    1000 | consumed samples:        32736 | elapsed time per iteration (ms): 2103.7 | throughput (samples/sec/per_device): 5.704 | learning rate: 1.896699E-05 | global batch size:    96 | action loss: 1.943552E-01 | loss scale: 1.0 | grad norm: 0.572286 | number of skipped iterations:   0 | number of nan iterations:   0 |
2026-08-23 00:47:11 [INFO] iteration      342/    1000 | consumed samples:        32832 | elapsed time per iteration (ms): 2704.6 | throughput (samples/sec/per_device): 4.437 | learning rate: 1.893392E-05 | global batch size:    96 | action loss: 2.053600E-01 | loss scale: 1.0 | grad norm: 0.531885 | number of skipped iterations:   0 | number of nan iterations:   0 |
2026-08-23 00:47:14 [INFO] iteration      343/    1000 | consumed samples:        32928 | elapsed time per iteration (ms): 2372.4 | throughput (samples/sec/per_device): 5.058 | learning rate: 1.890080E-05 | global batch size:    96 | action loss: 1.764665E-01 | loss scale: 1.0 | grad norm: 0.506750 | number of skipped iterations:   0 | number of nan iterations:   0 |
2026-08-23 00:47:17 [INFO] iteration      344/    1000 | consumed samples:        33024 | elapsed time per iteration (ms): 3405.7 | throughput (samples/sec/per_device): 3.524 | learning rate: 1.886761E-05 | global batch size:    96 | action loss: 1.514568E-01 | loss scale: 1.0 | grad norm: 0.481028 | number of skipped iterations:   0 | number of nan iterations:   0 |
2026-08-23 00:47:20 [INFO] iteration      345/    1000 | consumed samples:        33120 | elapsed time per iteration (ms): 3127.7 | throughput (samples/sec/per_device): 3.837 | learning rate: 1.883436E-05 | global batch size:    96 | action loss: 1.866304E-01 | loss scale: 1.0 | grad norm: 0.563161 | number of skipped iterations:   0 | number of nan iterations:   0 |
2026-08-23 00:47:23 [INFO] iteration      346/    1000 | consumed samples:        33216 | elapsed time per iteration (ms): 2813.7 | throughput (samples/sec/per_device): 4.265 | learning rate: 1.880106E-05 | global batch size:    96 | action loss: 1.692342E-01 | loss scale: 1.0 | grad norm: 0.593340 | number of skipped iterations:   0 | number of nan iterations:   0 |
2026-08-23 00:47:29 [INFO] iteration      347/    1000 | consumed samples:        33312 | elapsed time per iteration (ms): 6202.7 | throughput (samples/sec/per_device): 1.935 | learning rate: 1.876769E-05 | global batch size:    96 | action loss: 1.826486E-01 | loss scale: 1.0 | grad norm: 0.488435 | number of skipped iterations:   0 | number of nan iterations:   0 |
2026-08-23 00:47:32 [INFO] iteration      348/    1000 | consumed samples:        33408 | elapsed time per iteration (ms): 2469.9 | throughput (samples/sec/per_device): 4.858 | learning rate: 1.873427E-05 | global batch size:    96 | action loss: 1.597322E-01 | loss scale: 1.0 | grad norm: 0.504203 | number of skipped iterations:   0 | number of nan iterations:   0 |
2026-08-23 00:47:35 [INFO] iteration      349/    1000 | consumed samples:        33504 | elapsed time per iteration (ms): 2849.1 | throughput (samples/sec/per_device): 4.212 | learning rate: 1.870079E-05 | global batch size:    96 | action loss: 1.859001E-01 | loss scale: 1.0 | grad norm: 0.555836 | number of skipped iterations:   0 | number of nan iterations:   0 |
2026-08-23 00:47:37 [INFO] iteration      350/    1000 | consumed samples:        33600 | elapsed time per iteration (ms): 2924.2 | throughput (samples/sec/per_device): 4.104 | learning rate: 1.866725E-05 | global batch size:    96 | action loss: 1.614970E-01 | loss scale: 1.0 | grad norm: 0.571792 | number of skipped iterations:   0 | number of nan iterations:   0 |
2026-08-23 00:47:39 [INFO] ScheduledPowerSGDPlusState restart: iter=249 compressed_iter=247 method=approximate rank=2 apply_exact=False
2026-08-23 00:47:45 [INFO] iteration      351/    1000 | consumed samples:        33696 | elapsed time per iteration (ms): 7468.6 | throughput (samples/sec/per_device): 1.607 | learning rate: 1.863366E-05 | global batch size:    96 | action loss: 1.659478E-01 | loss scale: 1.0 | grad norm: 0.638964 | number of skipped iterations:   0 | number of nan iterations:   0 |
2026-08-23 00:47:49 [INFO] iteration      352/    1000 | consumed samples:        33792 | elapsed time per iteration (ms): 3641.6 | throughput (samples/sec/per_device): 3.295 | learning rate: 1.860001E-05 | global batch size:    96 | action loss: 1.556723E-01 | loss scale: 1.0 | grad norm: 0.491807 | number of skipped iterations:   0 | number of nan iterations:   0 |
2026-08-23 00:47:53 [INFO] iteration      353/    1000 | consumed samples:        33888 | elapsed time per iteration (ms): 4504.3 | throughput (samples/sec/per_device): 2.664 | learning rate: 1.856630E-05 | global batch size:    96 | action loss: 1.651992E-01 | loss scale: 1.0 | grad norm: 0.594810 | number of skipped iterations:   0 | number of nan iterations:   0 |
2026-08-23 00:47:55 [INFO] iteration      354/    1000 | consumed samples:        33984 | elapsed time per iteration (ms): 2132.6 | throughput (samples/sec/per_device): 5.627 | learning rate: 1.853254E-05 | global batch size:    96 | action loss: 1.871026E-01 | loss scale: 1.0 | grad norm: 0.624292 | number of skipped iterations:   0 | number of nan iterations:   0 |
2026-08-23 00:47:58 [INFO] iteration      355/    1000 | consumed samples:        34080 | elapsed time per iteration (ms): 2358.7 | throughput (samples/sec/per_device): 5.088 | learning rate: 1.849872E-05 | global batch size:    96 | action loss: 1.450750E-01 | loss scale: 1.0 | grad norm: 0.564090 | number of skipped iterations:   0 | number of nan iterations:   0 |
2026-08-23 00:47:59 [INFO] iteration      356/    1000 | consumed samples:        34176 | elapsed time per iteration (ms): 1911.5 | throughput (samples/sec/per_device): 6.278 | learning rate: 1.846484E-05 | global batch size:    96 | action loss: 1.811515E-01 | loss scale: 1.0 | grad norm: 0.476744 | number of skipped iterations:   0 | number of nan iterations:   0 |
2026-08-23 00:48:03 [INFO] iteration      357/    1000 | consumed samples:        34272 | elapsed time per iteration (ms): 3654.7 | throughput (samples/sec/per_device): 3.283 | learning rate: 1.843091E-05 | global batch size:    96 | action loss: 1.667886E-01 | loss scale: 1.0 | grad norm: 0.492929 | number of skipped iterations:   0 | number of nan iterations:   0 |
2026-08-23 00:48:06 [INFO] iteration      358/    1000 | consumed samples:        34368 | elapsed time per iteration (ms): 2718.2 | throughput (samples/sec/per_device): 4.415 | learning rate: 1.839693E-05 | global batch size:    96 | action loss: 1.702537E-01 | loss scale: 1.0 | grad norm: 0.617333 | number of skipped iterations:   0 | number of nan iterations:   0 |
2026-08-23 00:48:08 [INFO] iteration      359/    1000 | consumed samples:        34464 | elapsed time per iteration (ms): 2349.3 | throughput (samples/sec/per_device): 5.108 | learning rate: 1.836289E-05 | global batch size:    96 | action loss: 1.862946E-01 | loss scale: 1.0 | grad norm: 0.657554 | number of skipped iterations:   0 | number of nan iterations:   0 |
2026-08-23 00:48:11 [INFO] iteration      360/    1000 | consumed samples:        34560 | elapsed time per iteration (ms): 2394.3 | throughput (samples/sec/per_device): 5.012 | learning rate: 1.832880E-05 | global batch size:    96 | action loss: 1.638587E-01 | loss scale: 1.0 | grad norm: 0.534272 | number of skipped iterations:   0 | number of nan iterations:   0 |
2026-08-23 00:48:11 [INFO] max time across ranks (ms):
    forward-backward................................: 2264.34
    forward-compute.................................: 275.57
    backward-compute................................: 1985.25
    batch-generator.................................: 1.53
    nan-grad-cleanup................................: 12.99
    grad-clip.......................................: 32.58
    optimizer.......................................: 85.31
    optimizer-inner-step............................: 85.21
    optimizer-scheduler-step........................: 0.05
    optimizer-zero-grad.............................: 0.76
2026-08-23 00:48:14 [INFO] iteration      361/    1000 | consumed samples:        34656 | elapsed time per iteration (ms): 3694.3 | throughput (samples/sec/per_device): 3.248 | learning rate: 1.829465E-05 | global batch size:    96 | action loss: 1.748740E-01 | loss scale: 1.0 | grad norm: 0.602681 | number of skipped iterations:   0 | number of nan iterations:   0 |
2026-08-23 00:48:17 [INFO] iteration      362/    1000 | consumed samples:        34752 | elapsed time per iteration (ms): 2830.6 | throughput (samples/sec/per_device): 4.239 | learning rate: 1.826045E-05 | global batch size:    96 | action loss: 1.615904E-01 | loss scale: 1.0 | grad norm: 0.516491 | number of skipped iterations:   0 | number of nan iterations:   0 |
2026-08-23 00:48:20 [INFO] iteration      363/    1000 | consumed samples:        34848 | elapsed time per iteration (ms): 2596.5 | throughput (samples/sec/per_device): 4.622 | learning rate: 1.822620E-05 | global batch size:    96 | action loss: 1.733513E-01 | loss scale: 1.0 | grad norm: 0.568426 | number of skipped iterations:   0 | number of nan iterations:   0 |
2026-08-23 00:48:23 [INFO] iteration      364/    1000 | consumed samples:        34944 | elapsed time per iteration (ms): 3161.4 | throughput (samples/sec/per_device): 3.796 | learning rate: 1.819190E-05 | global batch size:    96 | action loss: 2.000942E-01 | loss scale: 1.0 | grad norm: 0.543201 | number of skipped iterations:   0 | number of nan iterations:   0 |
2026-08-23 00:48:26 [INFO] iteration      365/    1000 | consumed samples:        35040 | elapsed time per iteration (ms): 3570.1 | throughput (samples/sec/per_device): 3.361 | learning rate: 1.815754E-05 | global batch size:    96 | action loss: 1.523004E-01 | loss scale: 1.0 | grad norm: 0.506539 | number of skipped iterations:   0 | number of nan iterations:   0 |
2026-08-23 00:48:31 [INFO] iteration      366/    1000 | consumed samples:        35136 | elapsed time per iteration (ms): 4698.2 | throughput (samples/sec/per_device): 2.554 | learning rate: 1.812313E-05 | global batch size:    96 | action loss: 1.780327E-01 | loss scale: 1.0 | grad norm: 0.553815 | number of skipped iterations:   0 | number of nan iterations:   0 |
2026-08-23 00:48:34 [INFO] iteration      367/    1000 | consumed samples:        35232 | elapsed time per iteration (ms): 2881.8 | throughput (samples/sec/per_device): 4.164 | learning rate: 1.808867E-05 | global batch size:    96 | action loss: 1.537523E-01 | loss scale: 1.0 | grad norm: 0.541746 | number of skipped iterations:   0 | number of nan iterations:   0 |
2026-08-23 00:48:38 [INFO] iteration      368/    1000 | consumed samples:        35328 | elapsed time per iteration (ms): 3847.3 | throughput (samples/sec/per_device): 3.119 | learning rate: 1.805416E-05 | global batch size:    96 | action loss: 1.622404E-01 | loss scale: 1.0 | grad norm: 0.494807 | number of skipped iterations:   0 | number of nan iterations:   0 |
2026-08-23 00:48:40 [INFO] iteration      369/    1000 | consumed samples:        35424 | elapsed time per iteration (ms): 2493.2 | throughput (samples/sec/per_device): 4.813 | learning rate: 1.801959E-05 | global batch size:    96 | action loss: 1.843038E-01 | loss scale: 1.0 | grad norm: 0.544631 | number of skipped iterations:   0 | number of nan iterations:   0 |
2026-08-23 00:48:44 [INFO] iteration      370/    1000 | consumed samples:        35520 | elapsed time per iteration (ms): 3590.5 | throughput (samples/sec/per_device): 3.342 | learning rate: 1.798498E-05 | global batch size:    96 | action loss: 1.709268E-01 | loss scale: 1.0 | grad norm: 0.491868 | number of skipped iterations:   0 | number of nan iterations:   0 |
2026-08-23 00:48:48 [INFO] iteration      371/    1000 | consumed samples:        35616 | elapsed time per iteration (ms): 3827.5 | throughput (samples/sec/per_device): 3.135 | learning rate: 1.795032E-05 | global batch size:    96 | action loss: 1.632277E-01 | loss scale: 1.0 | grad norm: 0.567204 | number of skipped iterations:   0 | number of nan iterations:   0 |
2026-08-23 00:48:50 [INFO] iteration      372/    1000 | consumed samples:        35712 | elapsed time per iteration (ms): 2548.2 | throughput (samples/sec/per_device): 4.709 | learning rate: 1.791560E-05 | global batch size:    96 | action loss: 1.600469E-01 | loss scale: 1.0 | grad norm: 0.478792 | number of skipped iterations:   0 | number of nan iterations:   0 |
2026-08-23 00:48:53 [INFO] iteration      373/    1000 | consumed samples:        35808 | elapsed time per iteration (ms): 2741.8 | throughput (samples/sec/per_device): 4.377 | learning rate: 1.788084E-05 | global batch size:    96 | action loss: 1.613371E-01 | loss scale: 1.0 | grad norm: 0.474992 | number of skipped iterations:   0 | number of nan iterations:   0 |
2026-08-23 00:48:56 [INFO] iteration      374/    1000 | consumed samples:        35904 | elapsed time per iteration (ms): 2870.4 | throughput (samples/sec/per_device): 4.181 | learning rate: 1.784603E-05 | global batch size:    96 | action loss: 1.819035E-01 | loss scale: 1.0 | grad norm: 0.508379 | number of skipped iterations:   0 | number of nan iterations:   0 |
2026-08-23 00:49:00 [INFO] iteration      375/    1000 | consumed samples:        36000 | elapsed time per iteration (ms): 4148.0 | throughput (samples/sec/per_device): 2.893 | learning rate: 1.781117E-05 | global batch size:    96 | action loss: 1.468162E-01 | loss scale: 1.0 | grad norm: 0.489876 | number of skipped iterations:   0 | number of nan iterations:   0 |
2026-08-23 00:49:03 [INFO] iteration      376/    1000 | consumed samples:        36096 | elapsed time per iteration (ms): 3352.5 | throughput (samples/sec/per_device): 3.579 | learning rate: 1.777626E-05 | global batch size:    96 | action loss: 1.700049E-01 | loss scale: 1.0 | grad norm: 0.565876 | number of skipped iterations:   0 | number of nan iterations:   0 |
2026-08-23 00:49:06 [INFO] iteration      377/    1000 | consumed samples:        36192 | elapsed time per iteration (ms): 2967.1 | throughput (samples/sec/per_device): 4.044 | learning rate: 1.774130E-05 | global batch size:    96 | action loss: 1.758448E-01 | loss scale: 1.0 | grad norm: 0.566061 | number of skipped iterations:   0 | number of nan iterations:   0 |
2026-08-23 00:49:10 [INFO] iteration      378/    1000 | consumed samples:        36288 | elapsed time per iteration (ms): 4019.5 | throughput (samples/sec/per_device): 2.985 | learning rate: 1.770629E-05 | global batch size:    96 | action loss: 1.604797E-01 | loss scale: 1.0 | grad norm: 0.553281 | number of skipped iterations:   0 | number of nan iterations:   0 |
2026-08-23 00:49:13 [INFO] iteration      379/    1000 | consumed samples:        36384 | elapsed time per iteration (ms): 2684.4 | throughput (samples/sec/per_device): 4.470 | learning rate: 1.767124E-05 | global batch size:    96 | action loss: 1.535376E-01 | loss scale: 1.0 | grad norm: 0.489320 | number of skipped iterations:   0 | number of nan iterations:   0 |
2026-08-23 00:49:16 [INFO] iteration      380/    1000 | consumed samples:        36480 | elapsed time per iteration (ms): 2832.4 | throughput (samples/sec/per_device): 4.237 | learning rate: 1.763614E-05 | global batch size:    96 | action loss: 1.889102E-01 | loss scale: 1.0 | grad norm: 0.521045 | number of skipped iterations:   0 | number of nan iterations:   0 |
2026-08-23 00:49:16 [INFO] max time across ranks (ms):
    forward-backward................................: 2674.66
    forward-compute.................................: 656.95
    backward-compute................................: 2397.77
    batch-generator.................................: 1.55
    nan-grad-cleanup................................: 13.12
    grad-clip.......................................: 32.29
    optimizer.......................................: 111.41
    optimizer-inner-step............................: 111.13
    optimizer-scheduler-step........................: 0.10
    optimizer-zero-grad.............................: 0.74
2026-08-23 00:49:18 [INFO] iteration      381/    1000 | consumed samples:        36576 | elapsed time per iteration (ms): 2283.7 | throughput (samples/sec/per_device): 5.255 | learning rate: 1.760100E-05 | global batch size:    96 | action loss: 1.630751E-01 | loss scale: 1.0 | grad norm: 0.528859 | number of skipped iterations:   0 | number of nan iterations:   0 |
2026-08-23 00:49:21 [INFO] iteration      382/    1000 | consumed samples:        36672 | elapsed time per iteration (ms): 3133.5 | throughput (samples/sec/per_device): 3.830 | learning rate: 1.756580E-05 | global batch size:    96 | action loss: 1.785087E-01 | loss scale: 1.0 | grad norm: 0.534197 | number of skipped iterations:   0 | number of nan iterations:   0 |
2026-08-23 00:49:24 [INFO] iteration      383/    1000 | consumed samples:        36768 | elapsed time per iteration (ms): 2595.8 | throughput (samples/sec/per_device): 4.623 | learning rate: 1.753056E-05 | global batch size:    96 | action loss: 1.506022E-01 | loss scale: 1.0 | grad norm: 0.492402 | number of skipped iterations:   0 | number of nan iterations:   0 |
2026-08-23 00:49:27 [INFO] iteration      384/    1000 | consumed samples:        36864 | elapsed time per iteration (ms): 2835.8 | throughput (samples/sec/per_device): 4.232 | learning rate: 1.749528E-05 | global batch size:    96 | action loss: 1.624157E-01 | loss scale: 1.0 | grad norm: 0.500157 | number of skipped iterations:   0 | number of nan iterations:   0 |
2026-08-23 00:49:31 [INFO] iteration      385/    1000 | consumed samples:        36960 | elapsed time per iteration (ms): 3795.2 | throughput (samples/sec/per_device): 3.162 | learning rate: 1.745995E-05 | global batch size:    96 | action loss: 1.814830E-01 | loss scale: 1.0 | grad norm: 0.552755 | number of skipped iterations:   0 | number of nan iterations:   0 |
2026-08-23 00:49:36 [INFO] iteration      386/    1000 | consumed samples:        37056 | elapsed time per iteration (ms): 4908.8 | throughput (samples/sec/per_device): 2.445 | learning rate: 1.742457E-05 | global batch size:    96 | action loss: 1.702462E-01 | loss scale: 1.0 | grad norm: 0.540101 | number of skipped iterations:   0 | number of nan iterations:   0 |
2026-08-23 00:49:38 [INFO] iteration      387/    1000 | consumed samples:        37152 | elapsed time per iteration (ms): 2619.5 | throughput (samples/sec/per_device): 4.581 | learning rate: 1.738916E-05 | global batch size:    96 | action loss: 1.564271E-01 | loss scale: 1.0 | grad norm: 0.576664 | number of skipped iterations:   0 | number of nan iterations:   0 |
2026-08-23 00:49:41 [INFO] iteration      388/    1000 | consumed samples:        37248 | elapsed time per iteration (ms): 3004.8 | throughput (samples/sec/per_device): 3.994 | learning rate: 1.735369E-05 | global batch size:    96 | action loss: 1.585399E-01 | loss scale: 1.0 | grad norm: 0.598780 | number of skipped iterations:   0 | number of nan iterations:   0 |
2026-08-23 00:49:46 [INFO] iteration      389/    1000 | consumed samples:        37344 | elapsed time per iteration (ms): 4472.4 | throughput (samples/sec/per_device): 2.683 | learning rate: 1.731819E-05 | global batch size:    96 | action loss: 2.017920E-01 | loss scale: 1.0 | grad norm: 0.626683 | number of skipped iterations:   0 | number of nan iterations:   0 |
2026-08-23 00:49:48 [INFO] iteration      390/    1000 | consumed samples:        37440 | elapsed time per iteration (ms): 2630.1 | throughput (samples/sec/per_device): 4.562 | learning rate: 1.728263E-05 | global batch size:    96 | action loss: 1.598621E-01 | loss scale: 1.0 | grad norm: 0.521325 | number of skipped iterations:   0 | number of nan iterations:   0 |
2026-08-23 00:49:51 [INFO] iteration      391/    1000 | consumed samples:        37536 | elapsed time per iteration (ms): 2548.3 | throughput (samples/sec/per_device): 4.709 | learning rate: 1.724704E-05 | global batch size:    96 | action loss: 1.614895E-01 | loss scale: 1.0 | grad norm: 0.516113 | number of skipped iterations:   0 | number of nan iterations:   0 |
2026-08-23 00:49:53 [INFO] iteration      392/    1000 | consumed samples:        37632 | elapsed time per iteration (ms): 2441.5 | throughput (samples/sec/per_device): 4.915 | learning rate: 1.721140E-05 | global batch size:    96 | action loss: 1.585373E-01 | loss scale: 1.0 | grad norm: 0.549546 | number of skipped iterations:   0 | number of nan iterations:   0 |
2026-08-23 00:49:57 [INFO] iteration      393/    1000 | consumed samples:        37728 | elapsed time per iteration (ms): 3980.9 | throughput (samples/sec/per_device): 3.014 | learning rate: 1.717573E-05 | global batch size:    96 | action loss: 1.714388E-01 | loss scale: 1.0 | grad norm: 0.502124 | number of skipped iterations:   0 | number of nan iterations:   0 |
2026-08-23 00:50:00 [INFO] iteration      394/    1000 | consumed samples:        37824 | elapsed time per iteration (ms): 2592.7 | throughput (samples/sec/per_device): 4.628 | learning rate: 1.714000E-05 | global batch size:    96 | action loss: 1.698350E-01 | loss scale: 1.0 | grad norm: 0.576104 | number of skipped iterations:   0 | number of nan iterations:   0 |
2026-08-23 00:50:03 [INFO] iteration      395/    1000 | consumed samples:        37920 | elapsed time per iteration (ms): 2832.0 | throughput (samples/sec/per_device): 4.237 | learning rate: 1.710424E-05 | global batch size:    96 | action loss: 1.472999E-01 | loss scale: 1.0 | grad norm: 0.536840 | number of skipped iterations:   0 | number of nan iterations:   0 |
2026-08-23 00:50:07 [INFO] iteration      396/    1000 | consumed samples:        38016 | elapsed time per iteration (ms): 3930.6 | throughput (samples/sec/per_device): 3.053 | learning rate: 1.706844E-05 | global batch size:    96 | action loss: 1.632501E-01 | loss scale: 1.0 | grad norm: 0.541932 | number of skipped iterations:   0 | number of nan iterations:   0 |
2026-08-23 00:50:09 [INFO] iteration      397/    1000 | consumed samples:        38112 | elapsed time per iteration (ms): 2708.2 | throughput (samples/sec/per_device): 4.431 | learning rate: 1.703259E-05 | global batch size:    96 | action loss: 1.709098E-01 | loss scale: 1.0 | grad norm: 0.566271 | number of skipped iterations:   0 | number of nan iterations:   0 |
2026-08-23 00:50:12 [INFO] iteration      398/    1000 | consumed samples:        38208 | elapsed time per iteration (ms): 2450.3 | throughput (samples/sec/per_device): 4.897 | learning rate: 1.699671E-05 | global batch size:    96 | action loss: 1.864835E-01 | loss scale: 1.0 | grad norm: 0.565144 | number of skipped iterations:   0 | number of nan iterations:   0 |
2026-08-23 00:50:14 [INFO] iteration      399/    1000 | consumed samples:        38304 | elapsed time per iteration (ms): 2627.0 | throughput (samples/sec/per_device): 4.568 | learning rate: 1.696078E-05 | global batch size:    96 | action loss: 1.824331E-01 | loss scale: 1.0 | grad norm: 0.582536 | number of skipped iterations:   0 | number of nan iterations:   0 |
2026-08-23 00:50:18 [INFO] iteration      400/    1000 | consumed samples:        38400 | elapsed time per iteration (ms): 3471.8 | throughput (samples/sec/per_device): 3.456 | learning rate: 1.692482E-05 | global batch size:    96 | action loss: 1.807815E-01 | loss scale: 1.0 | grad norm: 0.517372 | number of skipped iterations:   0 | number of nan iterations:   0 |
2026-08-23 00:50:18 [INFO] max time across ranks (ms):
    forward-backward................................: 3342.74
    forward-compute.................................: 387.64
    backward-compute................................: 3063.54
    batch-generator.................................: 1.56
    nan-grad-cleanup................................: 12.90
    grad-clip.......................................: 31.93
    optimizer.......................................: 84.49
    optimizer-inner-step............................: 84.40
    optimizer-scheduler-step........................: 0.07
    optimizer-zero-grad.............................: 0.98
2026-08-23 00:50:19 [INFO] ScheduledPowerSGDPlusState restart: iter=299 compressed_iter=297 method=approximate rank=2 apply_exact=False
2026-08-23 00:50:24 [INFO] iteration      401/    1000 | consumed samples:        38496 | elapsed time per iteration (ms): 6535.7 | throughput (samples/sec/per_device): 1.836 | learning rate: 1.688881E-05 | global batch size:    96 | action loss: 1.573154E-01 | loss scale: 1.0 | grad norm: 0.569023 | number of skipped iterations:   0 | number of nan iterations:   0 |
2026-08-23 00:50:29 [INFO] iteration      402/    1000 | consumed samples:        38592 | elapsed time per iteration (ms): 4525.2 | throughput (samples/sec/per_device): 2.652 | learning rate: 1.685277E-05 | global batch size:    96 | action loss: 1.699414E-01 | loss scale: 1.0 | grad norm: 0.519971 | number of skipped iterations:   0 | number of nan iterations:   0 |
2026-08-23 00:50:32 [INFO] iteration      403/    1000 | consumed samples:        38688 | elapsed time per iteration (ms): 3542.4 | throughput (samples/sec/per_device): 3.388 | learning rate: 1.681668E-05 | global batch size:    96 | action loss: 1.590915E-01 | loss scale: 1.0 | grad norm: 0.705237 | number of skipped iterations:   0 | number of nan iterations:   0 |
2026-08-23 00:50:37 [INFO] iteration      404/    1000 | consumed samples:        38784 | elapsed time per iteration (ms): 4155.3 | throughput (samples/sec/per_device): 2.888 | learning rate: 1.678056E-05 | global batch size:    96 | action loss: 1.621013E-01 | loss scale: 1.0 | grad norm: 0.586507 | number of skipped iterations:   0 | number of nan iterations:   0 |
2026-08-23 00:50:40 [INFO] iteration      405/    1000 | consumed samples:        38880 | elapsed time per iteration (ms): 3520.3 | throughput (samples/sec/per_device): 3.409 | learning rate: 1.674440E-05 | global batch size:    96 | action loss: 1.550546E-01 | loss scale: 1.0 | grad norm: 0.506154 | number of skipped iterations:   0 | number of nan iterations:   0 |
2026-08-23 00:50:42 [INFO] iteration      406/    1000 | consumed samples:        38976 | elapsed time per iteration (ms): 2053.7 | throughput (samples/sec/per_device): 5.843 | learning rate: 1.670820E-05 | global batch size:    96 | action loss: 1.511956E-01 | loss scale: 1.0 | grad norm: 0.554767 | number of skipped iterations:   0 | number of nan iterations:   0 |
2026-08-23 00:50:45 [INFO] iteration      407/    1000 | consumed samples:        39072 | elapsed time per iteration (ms): 3006.7 | throughput (samples/sec/per_device): 3.991 | learning rate: 1.667197E-05 | global batch size:    96 | action loss: 1.763249E-01 | loss scale: 1.0 | grad norm: 0.562857 | number of skipped iterations:   0 | number of nan iterations:   0 |
2026-08-23 00:50:48 [INFO] iteration      408/    1000 | consumed samples:        39168 | elapsed time per iteration (ms): 2458.2 | throughput (samples/sec/per_device): 4.882 | learning rate: 1.663570E-05 | global batch size:    96 | action loss: 1.615568E-01 | loss scale: 1.0 | grad norm: 0.543258 | number of skipped iterations:   0 | number of nan iterations:   0 |
2026-08-23 00:50:51 [INFO] iteration      409/    1000 | consumed samples:        39264 | elapsed time per iteration (ms): 3646.5 | throughput (samples/sec/per_device): 3.291 | learning rate: 1.659939E-05 | global batch size:    96 | action loss: 1.583660E-01 | loss scale: 1.0 | grad norm: 0.543070 | number of skipped iterations:   0 | number of nan iterations:   0 |
2026-08-23 00:50:54 [INFO] iteration      410/    1000 | consumed samples:        39360 | elapsed time per iteration (ms): 2434.3 | throughput (samples/sec/per_device): 4.930 | learning rate: 1.656304E-05 | global batch size:    96 | action loss: 1.656749E-01 | loss scale: 1.0 | grad norm: 0.543941 | number of skipped iterations:   0 | number of nan iterations:   0 |
2026-08-23 00:50:57 [INFO] iteration      411/    1000 | consumed samples:        39456 | elapsed time per iteration (ms): 2927.0 | throughput (samples/sec/per_device): 4.100 | learning rate: 1.652666E-05 | global batch size:    96 | action loss: 1.569563E-01 | loss scale: 1.0 | grad norm: 0.534228 | number of skipped iterations:   0 | number of nan iterations:   0 |
2026-08-23 00:50:59 [INFO] iteration      412/    1000 | consumed samples:        39552 | elapsed time per iteration (ms): 2670.6 | throughput (samples/sec/per_device): 4.493 | learning rate: 1.649025E-05 | global batch size:    96 | action loss: 1.574962E-01 | loss scale: 1.0 | grad norm: 0.516128 | number of skipped iterations:   0 | number of nan iterations:   0 |
2026-08-23 00:51:04 [INFO] iteration      413/    1000 | consumed samples:        39648 | elapsed time per iteration (ms): 4297.1 | throughput (samples/sec/per_device): 2.793 | learning rate: 1.645380E-05 | global batch size:    96 | action loss: 1.587580E-01 | loss scale: 1.0 | grad norm: 0.512746 | number of skipped iterations:   0 | number of nan iterations:   0 |
2026-08-23 00:51:06 [INFO] iteration      414/    1000 | consumed samples:        39744 | elapsed time per iteration (ms): 2284.5 | throughput (samples/sec/per_device): 5.253 | learning rate: 1.641731E-05 | global batch size:    96 | action loss: 1.689945E-01 | loss scale: 1.0 | grad norm: 0.534133 | number of skipped iterations:   0 | number of nan iterations:   0 |
2026-08-23 00:51:08 [INFO] iteration      415/    1000 | consumed samples:        39840 | elapsed time per iteration (ms): 2249.4 | throughput (samples/sec/per_device): 5.335 | learning rate: 1.638079E-05 | global batch size:    96 | action loss: 1.412382E-01 | loss scale: 1.0 | grad norm: 0.506670 | number of skipped iterations:   0 | number of nan iterations:   0 |
2026-08-23 00:51:11 [INFO] iteration      416/    1000 | consumed samples:        39936 | elapsed time per iteration (ms): 3026.0 | throughput (samples/sec/per_device): 3.966 | learning rate: 1.634424E-05 | global batch size:    96 | action loss: 1.429117E-01 | loss scale: 1.0 | grad norm: 0.492114 | number of skipped iterations:   0 | number of nan iterations:   0 |
2026-08-23 00:51:14 [INFO] iteration      417/    1000 | consumed samples:        40032 | elapsed time per iteration (ms): 3086.2 | throughput (samples/sec/per_device): 3.888 | learning rate: 1.630765E-05 | global batch size:    96 | action loss: 1.736883E-01 | loss scale: 1.0 | grad norm: 0.482301 | number of skipped iterations:   0 | number of nan iterations:   0 |
2026-08-23 00:51:17 [INFO] iteration      418/    1000 | consumed samples:        40128 | elapsed time per iteration (ms): 2275.0 | throughput (samples/sec/per_device): 5.275 | learning rate: 1.627103E-05 | global batch size:    96 | action loss: 1.592485E-01 | loss scale: 1.0 | grad norm: 0.526259 | number of skipped iterations:   0 | number of nan iterations:   0 |
2026-08-23 00:51:19 [INFO] iteration      419/    1000 | consumed samples:        40224 | elapsed time per iteration (ms): 2871.8 | throughput (samples/sec/per_device): 4.179 | learning rate: 1.623437E-05 | global batch size:    96 | action loss: 1.557826E-01 | loss scale: 1.0 | grad norm: 0.557383 | number of skipped iterations:   0 | number of nan iterations:   0 |
2026-08-23 00:51:22 [INFO] iteration      420/    1000 | consumed samples:        40320 | elapsed time per iteration (ms): 2634.0 | throughput (samples/sec/per_device): 4.556 | learning rate: 1.619769E-05 | global batch size:    96 | action loss: 1.642288E-01 | loss scale: 1.0 | grad norm: 0.513039 | number of skipped iterations:   0 | number of nan iterations:   0 |
2026-08-23 00:51:22 [INFO] max time across ranks (ms):
    forward-backward................................: 2501.52
    forward-compute.................................: 1106.46
    backward-compute................................: 2224.09
    batch-generator.................................: 2.53
    nan-grad-cleanup................................: 12.98
    grad-clip.......................................: 33.31
    optimizer.......................................: 85.78
    optimizer-inner-step............................: 85.65
    optimizer-scheduler-step........................: 0.08
    optimizer-zero-grad.............................: 0.77
2026-08-23 00:51:27 [INFO] iteration      421/    1000 | consumed samples:        40416 | elapsed time per iteration (ms): 4741.1 | throughput (samples/sec/per_device): 2.531 | learning rate: 1.616097E-05 | global batch size:    96 | action loss: 1.591788E-01 | loss scale: 1.0 | grad norm: 0.558810 | number of skipped iterations:   0 | number of nan iterations:   0 |
2026-08-23 00:51:29 [INFO] iteration      422/    1000 | consumed samples:        40512 | elapsed time per iteration (ms): 2590.6 | throughput (samples/sec/per_device): 4.632 | learning rate: 1.612422E-05 | global batch size:    96 | action loss: 1.590250E-01 | loss scale: 1.0 | grad norm: 0.498908 | number of skipped iterations:   0 | number of nan iterations:   0 |
2026-08-23 00:51:32 [INFO] iteration      423/    1000 | consumed samples:        40608 | elapsed time per iteration (ms): 2732.5 | throughput (samples/sec/per_device): 4.392 | learning rate: 1.608743E-05 | global batch size:    96 | action loss: 1.578287E-01 | loss scale: 1.0 | grad norm: 0.503248 | number of skipped iterations:   0 | number of nan iterations:   0 |
2026-08-23 00:51:35 [INFO] iteration      424/    1000 | consumed samples:        40704 | elapsed time per iteration (ms): 2892.5 | throughput (samples/sec/per_device): 4.149 | learning rate: 1.605062E-05 | global batch size:    96 | action loss: 1.659753E-01 | loss scale: 1.0 | grad norm: 0.572921 | number of skipped iterations:   0 | number of nan iterations:   0 |
2026-08-23 00:51:40 [INFO] iteration      425/    1000 | consumed samples:        40800 | elapsed time per iteration (ms): 5405.9 | throughput (samples/sec/per_device): 2.220 | learning rate: 1.601378E-05 | global batch size:    96 | action loss: 1.863759E-01 | loss scale: 1.0 | grad norm: 0.551804 | number of skipped iterations:   0 | number of nan iterations:   0 |
2026-08-23 00:51:44 [INFO] iteration      426/    1000 | consumed samples:        40896 | elapsed time per iteration (ms): 3172.4 | throughput (samples/sec/per_device): 3.783 | learning rate: 1.597690E-05 | global batch size:    96 | action loss: 1.693234E-01 | loss scale: 1.0 | grad norm: 0.527106 | number of skipped iterations:   0 | number of nan iterations:   0 |
2026-08-23 00:51:46 [INFO] iteration      427/    1000 | consumed samples:        40992 | elapsed time per iteration (ms): 2364.4 | throughput (samples/sec/per_device): 5.075 | learning rate: 1.594000E-05 | global batch size:    96 | action loss: 1.597470E-01 | loss scale: 1.0 | grad norm: 0.493083 | number of skipped iterations:   0 | number of nan iterations:   0 |
2026-08-23 00:51:50 [INFO] iteration      428/    1000 | consumed samples:        41088 | elapsed time per iteration (ms): 3531.1 | throughput (samples/sec/per_device): 3.398 | learning rate: 1.590306E-05 | global batch size:    96 | action loss: 1.816057E-01 | loss scale: 1.0 | grad norm: 0.523006 | number of skipped iterations:   0 | number of nan iterations:   0 |
2026-08-23 00:51:52 [INFO] iteration      429/    1000 | consumed samples:        41184 | elapsed time per iteration (ms): 2444.8 | throughput (samples/sec/per_device): 4.908 | learning rate: 1.586610E-05 | global batch size:    96 | action loss: 1.809920E-01 | loss scale: 1.0 | grad norm: 0.487525 | number of skipped iterations:   0 | number of nan iterations:   0 |
2026-08-23 00:51:55 [INFO] iteration      430/    1000 | consumed samples:        41280 | elapsed time per iteration (ms): 2719.1 | throughput (samples/sec/per_device): 4.413 | learning rate: 1.582911E-05 | global batch size:    96 | action loss: 1.796977E-01 | loss scale: 1.0 | grad norm: 0.520584 | number of skipped iterations:   0 | number of nan iterations:   0 |
2026-08-23 00:51:57 [INFO] iteration      431/    1000 | consumed samples:        41376 | elapsed time per iteration (ms): 2401.9 | throughput (samples/sec/per_device): 4.996 | learning rate: 1.579209E-05 | global batch size:    96 | action loss: 1.604988E-01 | loss scale: 1.0 | grad norm: 0.575187 | number of skipped iterations:   0 | number of nan iterations:   0 |
2026-08-23 00:52:01 [INFO] iteration      432/    1000 | consumed samples:        41472 | elapsed time per iteration (ms): 3453.0 | throughput (samples/sec/per_device): 3.475 | learning rate: 1.575504E-05 | global batch size:    96 | action loss: 1.706889E-01 | loss scale: 1.0 | grad norm: 0.541695 | number of skipped iterations:   0 | number of nan iterations:   0 |
2026-08-23 00:52:03 [INFO] iteration      433/    1000 | consumed samples:        41568 | elapsed time per iteration (ms): 2440.1 | throughput (samples/sec/per_device): 4.918 | learning rate: 1.571796E-05 | global batch size:    96 | action loss: 1.660444E-01 | loss scale: 1.0 | grad norm: 0.490376 | number of skipped iterations:   0 | number of nan iterations:   0 |
2026-08-23 00:52:06 [INFO] iteration      434/    1000 | consumed samples:        41664 | elapsed time per iteration (ms): 2545.4 | throughput (samples/sec/per_device): 4.714 | learning rate: 1.568086E-05 | global batch size:    96 | action loss: 1.622738E-01 | loss scale: 1.0 | grad norm: 0.497142 | number of skipped iterations:   0 | number of nan iterations:   0 |
2026-08-23 00:52:08 [INFO] iteration      435/    1000 | consumed samples:        41760 | elapsed time per iteration (ms): 2519.9 | throughput (samples/sec/per_device): 4.762 | learning rate: 1.564373E-05 | global batch size:    96 | action loss: 1.679802E-01 | loss scale: 1.0 | grad norm: 0.479936 | number of skipped iterations:   0 | number of nan iterations:   0 |
2026-08-23 00:52:11 [INFO] iteration      436/    1000 | consumed samples:        41856 | elapsed time per iteration (ms): 2921.8 | throughput (samples/sec/per_device): 4.107 | learning rate: 1.560657E-05 | global batch size:    96 | action loss: 1.630291E-01 | loss scale: 1.0 | grad norm: 0.469253 | number of skipped iterations:   0 | number of nan iterations:   0 |
2026-08-23 00:52:14 [INFO] iteration      437/    1000 | consumed samples:        41952 | elapsed time per iteration (ms): 2545.1 | throughput (samples/sec/per_device): 4.715 | learning rate: 1.556939E-05 | global batch size:    96 | action loss: 1.620323E-01 | loss scale: 1.0 | grad norm: 0.512762 | number of skipped iterations:   0 | number of nan iterations:   0 |
2026-08-23 00:52:16 [INFO] iteration      438/    1000 | consumed samples:        42048 | elapsed time per iteration (ms): 2932.0 | throughput (samples/sec/per_device): 4.093 | learning rate: 1.553218E-05 | global batch size:    96 | action loss: 1.685106E-01 | loss scale: 1.0 | grad norm: 0.510738 | number of skipped iterations:   0 | number of nan iterations:   0 |
2026-08-23 00:52:19 [INFO] iteration      439/    1000 | consumed samples:        42144 | elapsed time per iteration (ms): 2834.9 | throughput (samples/sec/per_device): 4.233 | learning rate: 1.549494E-05 | global batch size:    96 | action loss: 1.555277E-01 | loss scale: 1.0 | grad norm: 0.515916 | number of skipped iterations:   0 | number of nan iterations:   0 |
2026-08-23 00:52:23 [INFO] iteration      440/    1000 | consumed samples:        42240 | elapsed time per iteration (ms): 3891.9 | throughput (samples/sec/per_device): 3.083 | learning rate: 1.545768E-05 | global batch size:    96 | action loss: 1.728794E-01 | loss scale: 1.0 | grad norm: 0.498861 | number of skipped iterations:   0 | number of nan iterations:   0 |
2026-08-23 00:52:23 [INFO] max time across ranks (ms):
    forward-backward................................: 3760.98
    forward-compute.................................: 998.18
    backward-compute................................: 3482.81
    batch-generator.................................: 1.54
    nan-grad-cleanup................................: 13.13
    grad-clip.......................................: 32.32
    optimizer.......................................: 84.83
    optimizer-inner-step............................: 84.72
    optimizer-scheduler-step........................: 0.08
    optimizer-zero-grad.............................: 0.82
2026-08-23 00:52:26 [INFO] iteration      441/    1000 | consumed samples:        42336 | elapsed time per iteration (ms): 2944.0 | throughput (samples/sec/per_device): 4.076 | learning rate: 1.542039E-05 | global batch size:    96 | action loss: 1.722301E-01 | loss scale: 1.0 | grad norm: 0.483053 | number of skipped iterations:   0 | number of nan iterations:   0 |
2026-08-23 00:52:29 [INFO] iteration      442/    1000 | consumed samples:        42432 | elapsed time per iteration (ms): 2382.6 | throughput (samples/sec/per_device): 5.037 | learning rate: 1.538309E-05 | global batch size:    96 | action loss: 1.555021E-01 | loss scale: 1.0 | grad norm: 0.524391 | number of skipped iterations:   0 | number of nan iterations:   0 |
2026-08-23 00:52:31 [INFO] iteration      443/    1000 | consumed samples:        42528 | elapsed time per iteration (ms): 2249.8 | throughput (samples/sec/per_device): 5.334 | learning rate: 1.534575E-05 | global batch size:    96 | action loss: 1.433047E-01 | loss scale: 1.0 | grad norm: 0.475654 | number of skipped iterations:   0 | number of nan iterations:   0 |
2026-08-23 00:52:34 [INFO] iteration      444/    1000 | consumed samples:        42624 | elapsed time per iteration (ms): 3511.5 | throughput (samples/sec/per_device): 3.417 | learning rate: 1.530840E-05 | global batch size:    96 | action loss: 1.775700E-01 | loss scale: 1.0 | grad norm: 0.478434 | number of skipped iterations:   0 | number of nan iterations:   0 |
2026-08-23 00:52:37 [INFO] iteration      445/    1000 | consumed samples:        42720 | elapsed time per iteration (ms): 2708.0 | throughput (samples/sec/per_device): 4.431 | learning rate: 1.527101E-05 | global batch size:    96 | action loss: 1.400497E-01 | loss scale: 1.0 | grad norm: 0.516586 | number of skipped iterations:   0 | number of nan iterations:   0 |
2026-08-23 00:52:41 [INFO] iteration      446/    1000 | consumed samples:        42816 | elapsed time per iteration (ms): 3790.9 | throughput (samples/sec/per_device): 3.165 | learning rate: 1.523361E-05 | global batch size:    96 | action loss: 1.624965E-01 | loss scale: 1.0 | grad norm: 0.548115 | number of skipped iterations:   0 | number of nan iterations:   0 |
2026-08-23 00:52:45 [INFO] iteration      447/    1000 | consumed samples:        42912 | elapsed time per iteration (ms): 3897.9 | throughput (samples/sec/per_device): 3.079 | learning rate: 1.519619E-05 | global batch size:    96 | action loss: 1.554692E-01 | loss scale: 1.0 | grad norm: 0.548722 | number of skipped iterations:   0 | number of nan iterations:   0 |
2026-08-23 00:52:47 [INFO] iteration      448/    1000 | consumed samples:        43008 | elapsed time per iteration (ms): 2177.8 | throughput (samples/sec/per_device): 5.510 | learning rate: 1.515874E-05 | global batch size:    96 | action loss: 1.818961E-01 | loss scale: 1.0 | grad norm: 0.512197 | number of skipped iterations:   0 | number of nan iterations:   0 |
2026-08-23 00:52:50 [INFO] iteration      449/    1000 | consumed samples:        43104 | elapsed time per iteration (ms): 2785.0 | throughput (samples/sec/per_device): 4.309 | learning rate: 1.512127E-05 | global batch size:    96 | action loss: 1.581010E-01 | loss scale: 1.0 | grad norm: 0.493576 | number of skipped iterations:   0 | number of nan iterations:   0 |
2026-08-23 00:52:52 [INFO] iteration      450/    1000 | consumed samples:        43200 | elapsed time per iteration (ms): 2839.1 | throughput (samples/sec/per_device): 4.227 | learning rate: 1.508378E-05 | global batch size:    96 | action loss: 1.539696E-01 | loss scale: 1.0 | grad norm: 0.473148 | number of skipped iterations:   0 | number of nan iterations:   0 |
2026-08-23 00:52:53 [INFO] ScheduledPowerSGDPlusState restart: iter=349 compressed_iter=347 method=approximate rank=2 apply_exact=False
2026-08-23 00:53:00 [INFO] iteration      451/    1000 | consumed samples:        43296 | elapsed time per iteration (ms): 7299.8 | throughput (samples/sec/per_device): 1.644 | learning rate: 1.504627E-05 | global batch size:    96 | action loss: 1.415763E-01 | loss scale: 1.0 | grad norm: 0.536416 | number of skipped iterations:   0 | number of nan iterations:   0 |
2026-08-23 00:53:04 [INFO] iteration      452/    1000 | consumed samples:        43392 | elapsed time per iteration (ms): 3884.4 | throughput (samples/sec/per_device): 3.089 | learning rate: 1.500873E-05 | global batch size:    96 | action loss: 1.814376E-01 | loss scale: 1.0 | grad norm: 0.459908 | number of skipped iterations:   0 | number of nan iterations:   0 |
2026-08-23 00:53:08 [INFO] iteration      453/    1000 | consumed samples:        43488 | elapsed time per iteration (ms): 4653.7 | throughput (samples/sec/per_device): 2.579 | learning rate: 1.497118E-05 | global batch size:    96 | action loss: 1.781310E-01 | loss scale: 1.0 | grad norm: 0.521882 | number of skipped iterations:   0 | number of nan iterations:   0 |
2026-08-23 00:53:09 [INFO] Scheduled PowerSGD+ rank transition global_step=453 rank=1
2026-08-23 00:53:11 [INFO] iteration      454/    1000 | consumed samples:        43584 | elapsed time per iteration (ms): 2191.5 | throughput (samples/sec/per_device): 5.476 | learning rate: 1.493361E-05 | global batch size:    96 | action loss: 1.459559E-01 | loss scale: 1.0 | grad norm: 0.255509 | number of skipped iterations:   0 | number of nan iterations:   0 |
2026-08-23 00:53:13 [INFO] iteration      455/    1000 | consumed samples:        43680 | elapsed time per iteration (ms): 2476.3 | throughput (samples/sec/per_device): 4.846 | learning rate: 1.489602E-05 | global batch size:    96 | action loss: 1.554109E-01 | loss scale: 1.0 | grad norm: 0.462426 | number of skipped iterations:   0 | number of nan iterations:   0 |
2026-08-23 00:53:15 [INFO] iteration      456/    1000 | consumed samples:        43776 | elapsed time per iteration (ms): 2134.5 | throughput (samples/sec/per_device): 5.622 | learning rate: 1.485841E-05 | global batch size:    96 | action loss: 1.878365E-01 | loss scale: 1.0 | grad norm: 0.496659 | number of skipped iterations:   0 | number of nan iterations:   0 |
2026-08-23 00:53:18 [INFO] iteration      457/    1000 | consumed samples:        43872 | elapsed time per iteration (ms): 2532.1 | throughput (samples/sec/per_device): 4.739 | learning rate: 1.482078E-05 | global batch size:    96 | action loss: 1.688011E-01 | loss scale: 1.0 | grad norm: 0.477136 | number of skipped iterations:   0 | number of nan iterations:   0 |
2026-08-23 00:53:21 [INFO] iteration      458/    1000 | consumed samples:        43968 | elapsed time per iteration (ms): 3809.2 | throughput (samples/sec/per_device): 3.150 | learning rate: 1.478313E-05 | global batch size:    96 | action loss: 1.384404E-01 | loss scale: 1.0 | grad norm: 0.435452 | number of skipped iterations:   0 | number of nan iterations:   0 |
2026-08-23 00:53:24 [INFO] iteration      459/    1000 | consumed samples:        44064 | elapsed time per iteration (ms): 2944.4 | throughput (samples/sec/per_device): 4.076 | learning rate: 1.474546E-05 | global batch size:    96 | action loss: 1.832851E-01 | loss scale: 1.0 | grad norm: 0.430272 | number of skipped iterations:   0 | number of nan iterations:   0 |
2026-08-23 00:53:27 [INFO] iteration      460/    1000 | consumed samples:        44160 | elapsed time per iteration (ms): 2412.1 | throughput (samples/sec/per_device): 4.975 | learning rate: 1.470778E-05 | global batch size:    96 | action loss: 1.692922E-01 | loss scale: 1.0 | grad norm: 0.410859 | number of skipped iterations:   0 | number of nan iterations:   0 |
2026-08-23 00:53:27 [INFO] max time across ranks (ms):
    forward-backward................................: 2280.31
    forward-compute.................................: 460.10
    backward-compute................................: 2002.49
    batch-generator.................................: 1.64
    nan-grad-cleanup................................: 12.99
    grad-clip.......................................: 33.39
    optimizer.......................................: 85.20
    optimizer-inner-step............................: 85.01
    optimizer-scheduler-step........................: 0.06
    optimizer-zero-grad.............................: 0.76
2026-08-23 00:53:30 [INFO] iteration      461/    1000 | consumed samples:        44256 | elapsed time per iteration (ms): 3580.0 | throughput (samples/sec/per_device): 3.352 | learning rate: 1.467008E-05 | global batch size:    96 | action loss: 1.403991E-01 | loss scale: 1.0 | grad norm: 0.482877 | number of skipped iterations:   0 | number of nan iterations:   0 |
2026-08-23 00:53:33 [INFO] iteration      462/    1000 | consumed samples:        44352 | elapsed time per iteration (ms): 2433.8 | throughput (samples/sec/per_device): 4.931 | learning rate: 1.463236E-05 | global batch size:    96 | action loss: 1.633967E-01 | loss scale: 1.0 | grad norm: 0.527952 | number of skipped iterations:   0 | number of nan iterations:   0 |
2026-08-23 00:53:36 [INFO] iteration      463/    1000 | consumed samples:        44448 | elapsed time per iteration (ms): 3066.7 | throughput (samples/sec/per_device): 3.913 | learning rate: 1.459463E-05 | global batch size:    96 | action loss: 1.777649E-01 | loss scale: 1.0 | grad norm: 0.488965 | number of skipped iterations:   0 | number of nan iterations:   0 |
2026-08-23 00:53:39 [INFO] iteration      464/    1000 | consumed samples:        44544 | elapsed time per iteration (ms): 2588.7 | throughput (samples/sec/per_device): 4.636 | learning rate: 1.455688E-05 | global batch size:    96 | action loss: 1.454815E-01 | loss scale: 1.0 | grad norm: 0.465365 | number of skipped iterations:   0 | number of nan iterations:   0 |
2026-08-23 00:53:42 [INFO] iteration      465/    1000 | consumed samples:        44640 | elapsed time per iteration (ms): 3547.0 | throughput (samples/sec/per_device): 3.383 | learning rate: 1.451911E-05 | global batch size:    96 | action loss: 1.688802E-01 | loss scale: 1.0 | grad norm: 0.440815 | number of skipped iterations:   0 | number of nan iterations:   0 |
2026-08-23 00:53:47 [INFO] iteration      466/    1000 | consumed samples:        44736 | elapsed time per iteration (ms): 4912.3 | throughput (samples/sec/per_device): 2.443 | learning rate: 1.448133E-05 | global batch size:    96 | action loss: 1.626476E-01 | loss scale: 1.0 | grad norm: 0.543609 | number of skipped iterations:   0 | number of nan iterations:   0 |
2026-08-23 00:53:50 [INFO] iteration      467/    1000 | consumed samples:        44832 | elapsed time per iteration (ms): 2932.4 | throughput (samples/sec/per_device): 4.092 | learning rate: 1.444353E-05 | global batch size:    96 | action loss: 2.070400E-01 | loss scale: 1.0 | grad norm: 0.519830 | number of skipped iterations:   0 | number of nan iterations:   0 |
2026-08-23 00:53:53 [INFO] iteration      468/    1000 | consumed samples:        44928 | elapsed time per iteration (ms): 3529.5 | throughput (samples/sec/per_device): 3.400 | learning rate: 1.440572E-05 | global batch size:    96 | action loss: 1.628465E-01 | loss scale: 1.0 | grad norm: 0.471856 | number of skipped iterations:   0 | number of nan iterations:   0 |
2026-08-23 00:53:56 [INFO] iteration      469/    1000 | consumed samples:        45024 | elapsed time per iteration (ms): 2977.6 | throughput (samples/sec/per_device): 4.030 | learning rate: 1.436790E-05 | global batch size:    96 | action loss: 1.809719E-01 | loss scale: 1.0 | grad norm: 0.480386 | number of skipped iterations:   0 | number of nan iterations:   0 |
2026-08-23 00:53:59 [INFO] iteration      470/    1000 | consumed samples:        45120 | elapsed time per iteration (ms): 2670.9 | throughput (samples/sec/per_device): 4.493 | learning rate: 1.433006E-05 | global batch size:    96 | action loss: 1.485677E-01 | loss scale: 1.0 | grad norm: 0.534953 | number of skipped iterations:   0 | number of nan iterations:   0 |
2026-08-23 00:54:02 [INFO] iteration      471/    1000 | consumed samples:        45216 | elapsed time per iteration (ms): 3078.9 | throughput (samples/sec/per_device): 3.898 | learning rate: 1.429221E-05 | global batch size:    96 | action loss: 1.635474E-01 | loss scale: 1.0 | grad norm: 0.489513 | number of skipped iterations:   0 | number of nan iterations:   0 |
2026-08-23 00:54:06 [INFO] iteration      472/    1000 | consumed samples:        45312 | elapsed time per iteration (ms): 3941.3 | throughput (samples/sec/per_device): 3.045 | learning rate: 1.425434E-05 | global batch size:    96 | action loss: 1.778381E-01 | loss scale: 1.0 | grad norm: 0.511537 | number of skipped iterations:   0 | number of nan iterations:   0 |
2026-08-23 00:54:09 [INFO] iteration      473/    1000 | consumed samples:        45408 | elapsed time per iteration (ms): 2963.0 | throughput (samples/sec/per_device): 4.050 | learning rate: 1.421646E-05 | global batch size:    96 | action loss: 1.509859E-01 | loss scale: 1.0 | grad norm: 0.499628 | number of skipped iterations:   0 | number of nan iterations:   0 |
2026-08-23 00:54:12 [INFO] iteration      474/    1000 | consumed samples:        45504 | elapsed time per iteration (ms): 3073.6 | throughput (samples/sec/per_device): 3.904 | learning rate: 1.417857E-05 | global batch size:    96 | action loss: 1.446219E-01 | loss scale: 1.0 | grad norm: 0.516417 | number of skipped iterations:   0 | number of nan iterations:   0 |
2026-08-23 00:54:16 [INFO] iteration      475/    1000 | consumed samples:        45600 | elapsed time per iteration (ms): 3547.0 | throughput (samples/sec/per_device): 3.383 | learning rate: 1.414067E-05 | global batch size:    96 | action loss: 1.792556E-01 | loss scale: 1.0 | grad norm: 0.513960 | number of skipped iterations:   0 | number of nan iterations:   0 |
2026-08-23 00:54:19 [INFO] iteration      476/    1000 | consumed samples:        45696 | elapsed time per iteration (ms): 2934.3 | throughput (samples/sec/per_device): 4.090 | learning rate: 1.410276E-05 | global batch size:    96 | action loss: 1.674637E-01 | loss scale: 1.0 | grad norm: 0.538373 | number of skipped iterations:   0 | number of nan iterations:   0 |
2026-08-23 00:54:21 [INFO] iteration      477/    1000 | consumed samples:        45792 | elapsed time per iteration (ms): 2277.0 | throughput (samples/sec/per_device): 5.270 | learning rate: 1.406484E-05 | global batch size:    96 | action loss: 1.614657E-01 | loss scale: 1.0 | grad norm: 0.529060 | number of skipped iterations:   0 | number of nan iterations:   0 |
2026-08-23 00:54:23 [INFO] iteration      478/    1000 | consumed samples:        45888 | elapsed time per iteration (ms): 2280.1 | throughput (samples/sec/per_device): 5.263 | learning rate: 1.402690E-05 | global batch size:    96 | action loss: 1.707329E-01 | loss scale: 1.0 | grad norm: 0.515556 | number of skipped iterations:   0 | number of nan iterations:   0 |
2026-08-23 00:54:27 [INFO] iteration      479/    1000 | consumed samples:        45984 | elapsed time per iteration (ms): 3869.6 | throughput (samples/sec/per_device): 3.101 | learning rate: 1.398895E-05 | global batch size:    96 | action loss: 1.480457E-01 | loss scale: 1.0 | grad norm: 0.491990 | number of skipped iterations:   0 | number of nan iterations:   0 |
2026-08-23 00:54:30 [INFO] iteration      480/    1000 | consumed samples:        46080 | elapsed time per iteration (ms): 2443.7 | throughput (samples/sec/per_device): 4.911 | learning rate: 1.395100E-05 | global batch size:    96 | action loss: 1.545625E-01 | loss scale: 1.0 | grad norm: 0.505749 | number of skipped iterations:   0 | number of nan iterations:   0 |
2026-08-23 00:54:30 [INFO] max time across ranks (ms):
    forward-backward................................: 2313.21
    forward-compute.................................: 567.24
    backward-compute................................: 2036.45
    batch-generator.................................: 1.95
    nan-grad-cleanup................................: 13.00
    grad-clip.......................................: 32.46
    optimizer.......................................: 84.47
    optimizer-inner-step............................: 84.37
    optimizer-scheduler-step........................: 0.06
    optimizer-zero-grad.............................: 0.44
2026-08-23 00:54:32 [INFO] iteration      481/    1000 | consumed samples:        46176 | elapsed time per iteration (ms): 2655.1 | throughput (samples/sec/per_device): 4.520 | learning rate: 1.391303E-05 | global batch size:    96 | action loss: 1.679446E-01 | loss scale: 1.0 | grad norm: 0.469978 | number of skipped iterations:   0 | number of nan iterations:   0 |
2026-08-23 00:54:35 [INFO] iteration      482/    1000 | consumed samples:        46272 | elapsed time per iteration (ms): 3037.3 | throughput (samples/sec/per_device): 3.951 | learning rate: 1.387506E-05 | global batch size:    96 | action loss: 1.415890E-01 | loss scale: 1.0 | grad norm: 0.479963 | number of skipped iterations:   0 | number of nan iterations:   0 |
2026-08-23 00:54:39 [INFO] iteration      483/    1000 | consumed samples:        46368 | elapsed time per iteration (ms): 3587.0 | throughput (samples/sec/per_device): 3.345 | learning rate: 1.383708E-05 | global batch size:    96 | action loss: 1.636728E-01 | loss scale: 1.0 | grad norm: 0.500646 | number of skipped iterations:   0 | number of nan iterations:   0 |
2026-08-23 00:54:41 [INFO] iteration      484/    1000 | consumed samples:        46464 | elapsed time per iteration (ms): 2654.4 | throughput (samples/sec/per_device): 4.521 | learning rate: 1.379909E-05 | global batch size:    96 | action loss: 1.701166E-01 | loss scale: 1.0 | grad norm: 0.532290 | number of skipped iterations:   0 | number of nan iterations:   0 |
2026-08-23 00:54:44 [INFO] iteration      485/    1000 | consumed samples:        46560 | elapsed time per iteration (ms): 2595.0 | throughput (samples/sec/per_device): 4.624 | learning rate: 1.376109E-05 | global batch size:    96 | action loss: 1.818454E-01 | loss scale: 1.0 | grad norm: 0.493318 | number of skipped iterations:   0 | number of nan iterations:   0 |
2026-08-23 00:54:50 [INFO] iteration      486/    1000 | consumed samples:        46656 | elapsed time per iteration (ms): 6390.1 | throughput (samples/sec/per_device): 1.878 | learning rate: 1.372308E-05 | global batch size:    96 | action loss: 1.768798E-01 | loss scale: 1.0 | grad norm: 0.587751 | number of skipped iterations:   0 | number of nan iterations:   0 |
2026-08-23 00:54:53 [INFO] iteration      487/    1000 | consumed samples:        46752 | elapsed time per iteration (ms): 3011.6 | throughput (samples/sec/per_device): 3.985 | learning rate: 1.368507E-05 | global batch size:    96 | action loss: 1.703522E-01 | loss scale: 1.0 | grad norm: 0.514027 | number of skipped iterations:   0 | number of nan iterations:   0 |
2026-08-23 00:54:56 [INFO] iteration      488/    1000 | consumed samples:        46848 | elapsed time per iteration (ms): 2651.3 | throughput (samples/sec/per_device): 4.526 | learning rate: 1.364704E-05 | global batch size:    96 | action loss: 1.505564E-01 | loss scale: 1.0 | grad norm: 0.538196 | number of skipped iterations:   0 | number of nan iterations:   0 |
2026-08-23 00:54:59 [INFO] iteration      489/    1000 | consumed samples:        46944 | elapsed time per iteration (ms): 2833.4 | throughput (samples/sec/per_device): 4.235 | learning rate: 1.360902E-05 | global batch size:    96 | action loss: 1.416821E-01 | loss scale: 1.0 | grad norm: 0.520097 | number of skipped iterations:   0 | number of nan iterations:   0 |
2026-08-23 00:55:02 [INFO] iteration      490/    1000 | consumed samples:        47040 | elapsed time per iteration (ms): 3243.0 | throughput (samples/sec/per_device): 3.700 | learning rate: 1.357098E-05 | global batch size:    96 | action loss: 1.434677E-01 | loss scale: 1.0 | grad norm: 0.517742 | number of skipped iterations:   0 | number of nan iterations:   0 |
2026-08-23 00:55:05 [INFO] iteration      491/    1000 | consumed samples:        47136 | elapsed time per iteration (ms): 3266.8 | throughput (samples/sec/per_device): 3.673 | learning rate: 1.353294E-05 | global batch size:    96 | action loss: 1.410380E-01 | loss scale: 1.0 | grad norm: 0.497396 | number of skipped iterations:   0 | number of nan iterations:   0 |
2026-08-23 00:55:08 [INFO] iteration      492/    1000 | consumed samples:        47232 | elapsed time per iteration (ms): 2702.0 | throughput (samples/sec/per_device): 4.441 | learning rate: 1.349490E-05 | global batch size:    96 | action loss: 1.604027E-01 | loss scale: 1.0 | grad norm: 0.570858 | number of skipped iterations:   0 | number of nan iterations:   0 |
2026-08-23 00:55:11 [INFO] iteration      493/    1000 | consumed samples:        47328 | elapsed time per iteration (ms): 2658.2 | throughput (samples/sec/per_device): 4.514 | learning rate: 1.345685E-05 | global batch size:    96 | action loss: 1.651883E-01 | loss scale: 1.0 | grad norm: 0.516603 | number of skipped iterations:   0 | number of nan iterations:   0 |
2026-08-23 00:55:15 [INFO] iteration      494/    1000 | consumed samples:        47424 | elapsed time per iteration (ms): 3694.6 | throughput (samples/sec/per_device): 3.248 | learning rate: 1.341879E-05 | global batch size:    96 | action loss: 1.492261E-01 | loss scale: 1.0 | grad norm: 0.438056 | number of skipped iterations:   0 | number of nan iterations:   0 |
2026-08-23 00:55:17 [INFO] iteration      495/    1000 | consumed samples:        47520 | elapsed time per iteration (ms): 2659.8 | throughput (samples/sec/per_device): 4.512 | learning rate: 1.338074E-05 | global batch size:    96 | action loss: 1.668047E-01 | loss scale: 1.0 | grad norm: 0.466609 | number of skipped iterations:   0 | number of nan iterations:   0 |
2026-08-23 00:55:20 [INFO] iteration      496/    1000 | consumed samples:        47616 | elapsed time per iteration (ms): 3035.2 | throughput (samples/sec/per_device): 3.954 | learning rate: 1.334267E-05 | global batch size:    96 | action loss: 1.799507E-01 | loss scale: 1.0 | grad norm: 0.513904 | number of skipped iterations:   0 | number of nan iterations:   0 |
2026-08-23 00:55:24 [INFO] iteration      497/    1000 | consumed samples:        47712 | elapsed time per iteration (ms): 4164.4 | throughput (samples/sec/per_device): 2.882 | learning rate: 1.330461E-05 | global batch size:    96 | action loss: 1.691697E-01 | loss scale: 1.0 | grad norm: 0.490852 | number of skipped iterations:   0 | number of nan iterations:   0 |
2026-08-23 00:55:27 [INFO] iteration      498/    1000 | consumed samples:        47808 | elapsed time per iteration (ms): 2792.6 | throughput (samples/sec/per_device): 4.297 | learning rate: 1.326654E-05 | global batch size:    96 | action loss: 2.017953E-01 | loss scale: 1.0 | grad norm: 0.529528 | number of skipped iterations:   0 | number of nan iterations:   0 |
2026-08-23 00:55:30 [INFO] iteration      499/    1000 | consumed samples:        47904 | elapsed time per iteration (ms): 2888.5 | throughput (samples/sec/per_device): 4.154 | learning rate: 1.322847E-05 | global batch size:    96 | action loss: 1.488619E-01 | loss scale: 1.0 | grad norm: 0.548139 | number of skipped iterations:   0 | number of nan iterations:   0 |
2026-08-23 00:55:32 [INFO] iteration      500/    1000 | consumed samples:        48000 | elapsed time per iteration (ms): 2430.4 | throughput (samples/sec/per_device): 4.937 | learning rate: 1.319039E-05 | global batch size:    96 | action loss: 1.581808E-01 | loss scale: 1.0 | grad norm: 0.494347 | number of skipped iterations:   0 | number of nan iterations:   0 |
2026-08-23 00:55:32 [INFO] max time across ranks (ms):
    forward-backward................................: 2275.34
    forward-compute.................................: 573.14
    backward-compute................................: 1997.49
    batch-generator.................................: 1.73
    nan-grad-cleanup................................: 12.86
    grad-clip.......................................: 32.12
    optimizer.......................................: 108.52
    optimizer-inner-step............................: 108.42
    optimizer-scheduler-step........................: 0.05
    optimizer-zero-grad.............................: 0.78
2026-08-23 00:55:34 [INFO] ScheduledPowerSGDPlusState restart: iter=399 compressed_iter=397 method=approximate rank=1 apply_exact=False
2026-08-23 00:55:40 [INFO] iteration      501/    1000 | consumed samples:        48096 | elapsed time per iteration (ms): 7276.2 | throughput (samples/sec/per_device): 1.649 | learning rate: 1.315232E-05 | global batch size:    96 | action loss: 1.626220E-01 | loss scale: 1.0 | grad norm: 0.626933 | number of skipped iterations:   0 | number of nan iterations:   0 |
2026-08-23 00:55:43 [INFO] iteration      502/    1000 | consumed samples:        48192 | elapsed time per iteration (ms): 3680.5 | throughput (samples/sec/per_device): 3.260 | learning rate: 1.311424E-05 | global batch size:    96 | action loss: 1.463976E-01 | loss scale: 1.0 | grad norm: 0.600008 | number of skipped iterations:   0 | number of nan iterations:   0 |
2026-08-23 00:55:48 [INFO] iteration      503/    1000 | consumed samples:        48288 | elapsed time per iteration (ms): 4437.4 | throughput (samples/sec/per_device): 2.704 | learning rate: 1.307616E-05 | global batch size:    96 | action loss: 1.753064E-01 | loss scale: 1.0 | grad norm: 0.625461 | number of skipped iterations:   0 | number of nan iterations:   0 |
2026-08-23 00:55:52 [INFO] iteration      504/    1000 | consumed samples:        48384 | elapsed time per iteration (ms): 4142.1 | throughput (samples/sec/per_device): 2.897 | learning rate: 1.303808E-05 | global batch size:    96 | action loss: 1.489777E-01 | loss scale: 1.0 | grad norm: 0.595336 | number of skipped iterations:   0 | number of nan iterations:   0 |
2026-08-23 00:55:54 [INFO] iteration      505/    1000 | consumed samples:        48480 | elapsed time per iteration (ms): 2403.2 | throughput (samples/sec/per_device): 4.993 | learning rate: 1.300000E-05 | global batch size:    96 | action loss: 1.707058E-01 | loss scale: 1.0 | grad norm: 0.552807 | number of skipped iterations:   0 | number of nan iterations:   0 |
2026-08-23 00:55:58 [INFO] iteration      506/    1000 | consumed samples:        48576 | elapsed time per iteration (ms): 3164.5 | throughput (samples/sec/per_device): 3.792 | learning rate: 1.296192E-05 | global batch size:    96 | action loss: 1.504084E-01 | loss scale: 1.0 | grad norm: 0.537332 | number of skipped iterations:   0 | number of nan iterations:   0 |
2026-08-23 00:56:00 [INFO] iteration      507/    1000 | consumed samples:        48672 | elapsed time per iteration (ms): 2254.0 | throughput (samples/sec/per_device): 5.324 | learning rate: 1.292384E-05 | global batch size:    96 | action loss: 1.597228E-01 | loss scale: 1.0 | grad norm: 0.571909 | number of skipped iterations:   0 | number of nan iterations:   0 |
2026-08-23 00:56:03 [INFO] iteration      508/    1000 | consumed samples:        48768 | elapsed time per iteration (ms): 2921.6 | throughput (samples/sec/per_device): 4.107 | learning rate: 1.288576E-05 | global batch size:    96 | action loss: 1.685569E-01 | loss scale: 1.0 | grad norm: 0.524050 | number of skipped iterations:   0 | number of nan iterations:   0 |
2026-08-23 00:56:05 [INFO] iteration      509/    1000 | consumed samples:        48864 | elapsed time per iteration (ms): 2619.9 | throughput (samples/sec/per_device): 4.580 | learning rate: 1.284768E-05 | global batch size:    96 | action loss: 1.674826E-01 | loss scale: 1.0 | grad norm: 0.508205 | number of skipped iterations:   0 | number of nan iterations:   0 |
2026-08-23 00:56:09 [INFO] iteration      510/    1000 | consumed samples:        48960 | elapsed time per iteration (ms): 4012.6 | throughput (samples/sec/per_device): 2.991 | learning rate: 1.280961E-05 | global batch size:    96 | action loss: 1.426732E-01 | loss scale: 1.0 | grad norm: 0.490930 | number of skipped iterations:   0 | number of nan iterations:   0 |
2026-08-23 00:56:12 [INFO] iteration      511/    1000 | consumed samples:        49056 | elapsed time per iteration (ms): 2355.8 | throughput (samples/sec/per_device): 5.094 | learning rate: 1.277153E-05 | global batch size:    96 | action loss: 1.452246E-01 | loss scale: 1.0 | grad norm: 0.519975 | number of skipped iterations:   0 | number of nan iterations:   0 |
2026-08-23 00:56:15 [INFO] iteration      512/    1000 | consumed samples:        49152 | elapsed time per iteration (ms): 2933.6 | throughput (samples/sec/per_device): 4.091 | learning rate: 1.273346E-05 | global batch size:    96 | action loss: 1.701579E-01 | loss scale: 1.0 | grad norm: 0.488534 | number of skipped iterations:   0 | number of nan iterations:   0 |
2026-08-23 00:56:17 [INFO] iteration      513/    1000 | consumed samples:        49248 | elapsed time per iteration (ms): 2628.6 | throughput (samples/sec/per_device): 4.565 | learning rate: 1.269539E-05 | global batch size:    96 | action loss: 1.513811E-01 | loss scale: 1.0 | grad norm: 0.497160 | number of skipped iterations:   0 | number of nan iterations:   0 |
2026-08-23 00:56:21 [INFO] iteration      514/    1000 | consumed samples:        49344 | elapsed time per iteration (ms): 3769.7 | throughput (samples/sec/per_device): 3.183 | learning rate: 1.265733E-05 | global batch size:    96 | action loss: 1.534352E-01 | loss scale: 1.0 | grad norm: 0.556253 | number of skipped iterations:   0 | number of nan iterations:   0 |
2026-08-23 00:56:24 [INFO] iteration      515/    1000 | consumed samples:        49440 | elapsed time per iteration (ms): 2994.0 | throughput (samples/sec/per_device): 4.008 | learning rate: 1.261926E-05 | global batch size:    96 | action loss: 1.583257E-01 | loss scale: 1.0 | grad norm: 0.565747 | number of skipped iterations:   0 | number of nan iterations:   0 |
2026-08-23 00:56:26 [INFO] iteration      516/    1000 | consumed samples:        49536 | elapsed time per iteration (ms): 2349.3 | throughput (samples/sec/per_device): 5.108 | learning rate: 1.258121E-05 | global batch size:    96 | action loss: 1.984329E-01 | loss scale: 1.0 | grad norm: 0.656514 | number of skipped iterations:   0 | number of nan iterations:   0 |
2026-08-23 00:56:29 [INFO] iteration      517/    1000 | consumed samples:        49632 | elapsed time per iteration (ms): 2904.2 | throughput (samples/sec/per_device): 4.132 | learning rate: 1.254315E-05 | global batch size:    96 | action loss: 1.824455E-01 | loss scale: 1.0 | grad norm: 0.629136 | number of skipped iterations:   0 | number of nan iterations:   0 |
2026-08-23 00:56:33 [INFO] iteration      518/    1000 | consumed samples:        49728 | elapsed time per iteration (ms): 3278.4 | throughput (samples/sec/per_device): 3.660 | learning rate: 1.250510E-05 | global batch size:    96 | action loss: 1.619623E-01 | loss scale: 1.0 | grad norm: 0.594684 | number of skipped iterations:   0 | number of nan iterations:   0 |
2026-08-23 00:56:35 [INFO] iteration      519/    1000 | consumed samples:        49824 | elapsed time per iteration (ms): 2123.6 | throughput (samples/sec/per_device): 5.651 | learning rate: 1.246706E-05 | global batch size:    96 | action loss: 1.496237E-01 | loss scale: 1.0 | grad norm: 0.568748 | number of skipped iterations:   0 | number of nan iterations:   0 |
2026-08-23 00:56:37 [INFO] iteration      520/    1000 | consumed samples:        49920 | elapsed time per iteration (ms): 2561.2 | throughput (samples/sec/per_device): 4.685 | learning rate: 1.242902E-05 | global batch size:    96 | action loss: 1.591134E-01 | loss scale: 1.0 | grad norm: 0.533772 | number of skipped iterations:   0 | number of nan iterations:   0 |
2026-08-23 00:56:37 [INFO] max time across ranks (ms):
    forward-backward................................: 2430.34
    forward-compute.................................: 576.97
    backward-compute................................: 2151.41
    batch-generator.................................: 1.84
    nan-grad-cleanup................................: 13.10
    grad-clip.......................................: 32.72
    optimizer.......................................: 85.16
    optimizer-inner-step............................: 85.06
    optimizer-scheduler-step........................: 0.07
    optimizer-zero-grad.............................: 0.72
2026-08-23 00:56:41 [INFO] iteration      521/    1000 | consumed samples:        50016 | elapsed time per iteration (ms): 3312.5 | throughput (samples/sec/per_device): 3.623 | learning rate: 1.239098E-05 | global batch size:    96 | action loss: 1.495281E-01 | loss scale: 1.0 | grad norm: 0.513872 | number of skipped iterations:   0 | number of nan iterations:   0 |
2026-08-23 00:56:45 [INFO] iteration      522/    1000 | consumed samples:        50112 | elapsed time per iteration (ms): 3894.3 | throughput (samples/sec/per_device): 3.081 | learning rate: 1.235296E-05 | global batch size:    96 | action loss: 1.301108E-01 | loss scale: 1.0 | grad norm: 0.507531 | number of skipped iterations:   0 | number of nan iterations:   0 |
2026-08-23 00:56:47 [INFO] iteration      523/    1000 | consumed samples:        50208 | elapsed time per iteration (ms): 2757.7 | throughput (samples/sec/per_device): 4.351 | learning rate: 1.231493E-05 | global batch size:    96 | action loss: 1.589639E-01 | loss scale: 1.0 | grad norm: 0.519830 | number of skipped iterations:   0 | number of nan iterations:   0 |
2026-08-23 00:56:50 [INFO] iteration      524/    1000 | consumed samples:        50304 | elapsed time per iteration (ms): 2893.4 | throughput (samples/sec/per_device): 4.147 | learning rate: 1.227692E-05 | global batch size:    96 | action loss: 1.570774E-01 | loss scale: 1.0 | grad norm: 0.532060 | number of skipped iterations:   0 | number of nan iterations:   0 |
2026-08-23 00:56:56 [INFO] iteration      525/    1000 | consumed samples:        50400 | elapsed time per iteration (ms): 5951.3 | throughput (samples/sec/per_device): 2.016 | learning rate: 1.223891E-05 | global batch size:    96 | action loss: 1.568059E-01 | loss scale: 1.0 | grad norm: 0.557688 | number of skipped iterations:   0 | number of nan iterations:   0 |
2026-08-23 00:56:59 [INFO] iteration      526/    1000 | consumed samples:        50496 | elapsed time per iteration (ms): 2632.8 | throughput (samples/sec/per_device): 4.558 | learning rate: 1.220091E-05 | global batch size:    96 | action loss: 1.444111E-01 | loss scale: 1.0 | grad norm: 0.573795 | number of skipped iterations:   0 | number of nan iterations:   0 |
2026-08-23 00:57:01 [INFO] iteration      527/    1000 | consumed samples:        50592 | elapsed time per iteration (ms): 2676.1 | throughput (samples/sec/per_device): 4.484 | learning rate: 1.216292E-05 | global batch size:    96 | action loss: 1.703925E-01 | loss scale: 1.0 | grad norm: 0.578448 | number of skipped iterations:   0 | number of nan iterations:   0 |
2026-08-23 00:57:04 [INFO] iteration      528/    1000 | consumed samples:        50688 | elapsed time per iteration (ms): 2699.0 | throughput (samples/sec/per_device): 4.446 | learning rate: 1.212494E-05 | global batch size:    96 | action loss: 1.733975E-01 | loss scale: 1.0 | grad norm: 0.526637 | number of skipped iterations:   0 | number of nan iterations:   0 |
2026-08-23 00:57:07 [INFO] iteration      529/    1000 | consumed samples:        50784 | elapsed time per iteration (ms): 3203.3 | throughput (samples/sec/per_device): 3.746 | learning rate: 1.208697E-05 | global batch size:    96 | action loss: 1.812451E-01 | loss scale: 1.0 | grad norm: 0.547166 | number of skipped iterations:   0 | number of nan iterations:   0 |
2026-08-23 00:57:10 [INFO] iteration      530/    1000 | consumed samples:        50880 | elapsed time per iteration (ms): 2461.9 | throughput (samples/sec/per_device): 4.874 | learning rate: 1.204900E-05 | global batch size:    96 | action loss: 2.047085E-01 | loss scale: 1.0 | grad norm: 0.666739 | number of skipped iterations:   0 | number of nan iterations:   0 |
2026-08-23 00:57:13 [INFO] iteration      531/    1000 | consumed samples:        50976 | elapsed time per iteration (ms): 2743.2 | throughput (samples/sec/per_device): 4.374 | learning rate: 1.201105E-05 | global batch size:    96 | action loss: 1.573449E-01 | loss scale: 1.0 | grad norm: 0.688708 | number of skipped iterations:   0 | number of nan iterations:   0 |
2026-08-23 00:57:15 [INFO] iteration      532/    1000 | consumed samples:        51072 | elapsed time per iteration (ms): 2861.9 | throughput (samples/sec/per_device): 4.193 | learning rate: 1.197310E-05 | global batch size:    96 | action loss: 1.806580E-01 | loss scale: 1.0 | grad norm: 0.667558 | number of skipped iterations:   0 | number of nan iterations:   0 |
2026-08-23 00:57:19 [INFO] iteration      533/    1000 | consumed samples:        51168 | elapsed time per iteration (ms): 3482.8 | throughput (samples/sec/per_device): 3.445 | learning rate: 1.193516E-05 | global batch size:    96 | action loss: 1.619269E-01 | loss scale: 1.0 | grad norm: 0.525018 | number of skipped iterations:   0 | number of nan iterations:   0 |
2026-08-23 00:57:21 [INFO] iteration      534/    1000 | consumed samples:        51264 | elapsed time per iteration (ms): 2307.8 | throughput (samples/sec/per_device): 5.200 | learning rate: 1.189724E-05 | global batch size:    96 | action loss: 1.613653E-01 | loss scale: 1.0 | grad norm: 0.498235 | number of skipped iterations:   0 | number of nan iterations:   0 |
2026-08-23 00:57:24 [INFO] iteration      535/    1000 | consumed samples:        51360 | elapsed time per iteration (ms): 2892.8 | throughput (samples/sec/per_device): 4.148 | learning rate: 1.185933E-05 | global batch size:    96 | action loss: 1.644571E-01 | loss scale: 1.0 | grad norm: 0.497028 | number of skipped iterations:   0 | number of nan iterations:   0 |
2026-08-23 00:57:27 [INFO] iteration      536/    1000 | consumed samples:        51456 | elapsed time per iteration (ms): 2618.6 | throughput (samples/sec/per_device): 4.583 | learning rate: 1.182143E-05 | global batch size:    96 | action loss: 1.521026E-01 | loss scale: 1.0 | grad norm: 0.510954 | number of skipped iterations:   0 | number of nan iterations:   0 |
2026-08-23 00:57:31 [INFO] iteration      537/    1000 | consumed samples:        51552 | elapsed time per iteration (ms): 3787.1 | throughput (samples/sec/per_device): 3.169 | learning rate: 1.178354E-05 | global batch size:    96 | action loss: 1.791995E-01 | loss scale: 1.0 | grad norm: 0.526486 | number of skipped iterations:   0 | number of nan iterations:   0 |
2026-08-23 00:57:34 [INFO] iteration      538/    1000 | consumed samples:        51648 | elapsed time per iteration (ms): 3081.5 | throughput (samples/sec/per_device): 3.894 | learning rate: 1.174566E-05 | global batch size:    96 | action loss: 1.533303E-01 | loss scale: 1.0 | grad norm: 0.519726 | number of skipped iterations:   0 | number of nan iterations:   0 |
2026-08-23 00:57:37 [INFO] iteration      539/    1000 | consumed samples:        51744 | elapsed time per iteration (ms): 2952.6 | throughput (samples/sec/per_device): 4.064 | learning rate: 1.170779E-05 | global batch size:    96 | action loss: 1.650828E-01 | loss scale: 1.0 | grad norm: 0.535555 | number of skipped iterations:   0 | number of nan iterations:   0 |
2026-08-23 00:57:40 [INFO] iteration      540/    1000 | consumed samples:        51840 | elapsed time per iteration (ms): 3396.2 | throughput (samples/sec/per_device): 3.533 | learning rate: 1.166994E-05 | global batch size:    96 | action loss: 1.434050E-01 | loss scale: 1.0 | grad norm: 0.538483 | number of skipped iterations:   0 | number of nan iterations:   0 |
2026-08-23 00:57:40 [INFO] max time across ranks (ms):
    forward-backward................................: 3266.79
    forward-compute.................................: 619.20
    backward-compute................................: 2989.57
    batch-generator.................................: 1.68
    nan-grad-cleanup................................: 12.99
    grad-clip.......................................: 32.09
    optimizer.......................................: 83.65
    optimizer-inner-step............................: 83.56
    optimizer-scheduler-step........................: 0.07
    optimizer-zero-grad.............................: 0.81
2026-08-23 00:57:43 [INFO] iteration      541/    1000 | consumed samples:        51936 | elapsed time per iteration (ms): 2820.7 | throughput (samples/sec/per_device): 4.254 | learning rate: 1.163210E-05 | global batch size:    96 | action loss: 1.568352E-01 | loss scale: 1.0 | grad norm: 0.512748 | number of skipped iterations:   0 | number of nan iterations:   0 |
2026-08-23 00:57:45 [INFO] iteration      542/    1000 | consumed samples:        52032 | elapsed time per iteration (ms): 2479.7 | throughput (samples/sec/per_device): 4.839 | learning rate: 1.159428E-05 | global batch size:    96 | action loss: 1.680463E-01 | loss scale: 1.0 | grad norm: 0.527229 | number of skipped iterations:   0 | number of nan iterations:   0 |
2026-08-23 00:57:48 [INFO] iteration      543/    1000 | consumed samples:        52128 | elapsed time per iteration (ms): 3047.1 | throughput (samples/sec/per_device): 3.938 | learning rate: 1.155647E-05 | global batch size:    96 | action loss: 1.398184E-01 | loss scale: 1.0 | grad norm: 0.538384 | number of skipped iterations:   0 | number of nan iterations:   0 |
2026-08-23 00:57:52 [INFO] iteration      544/    1000 | consumed samples:        52224 | elapsed time per iteration (ms): 3625.6 | throughput (samples/sec/per_device): 3.310 | learning rate: 1.151867E-05 | global batch size:    96 | action loss: 1.627066E-01 | loss scale: 1.0 | grad norm: 0.544000 | number of skipped iterations:   0 | number of nan iterations:   0 |
2026-08-23 00:57:55 [INFO] iteration      545/    1000 | consumed samples:        52320 | elapsed time per iteration (ms): 2787.4 | throughput (samples/sec/per_device): 4.305 | learning rate: 1.148089E-05 | global batch size:    96 | action loss: 1.533127E-01 | loss scale: 1.0 | grad norm: 0.559948 | number of skipped iterations:   0 | number of nan iterations:   0 |
2026-08-23 00:57:59 [INFO] iteration      546/    1000 | consumed samples:        52416 | elapsed time per iteration (ms): 4574.2 | throughput (samples/sec/per_device): 2.623 | learning rate: 1.144312E-05 | global batch size:    96 | action loss: 1.478991E-01 | loss scale: 1.0 | grad norm: 0.531255 | number of skipped iterations:   0 | number of nan iterations:   0 |
2026-08-23 00:58:04 [INFO] iteration      547/    1000 | consumed samples:        52512 | elapsed time per iteration (ms): 4221.5 | throughput (samples/sec/per_device): 2.843 | learning rate: 1.140537E-05 | global batch size:    96 | action loss: 1.758603E-01 | loss scale: 1.0 | grad norm: 0.532398 | number of skipped iterations:   0 | number of nan iterations:   0 |
2026-08-23 00:58:06 [INFO] iteration      548/    1000 | consumed samples:        52608 | elapsed time per iteration (ms): 2835.0 | throughput (samples/sec/per_device): 4.233 | learning rate: 1.136764E-05 | global batch size:    96 | action loss: 1.432712E-01 | loss scale: 1.0 | grad norm: 0.574338 | number of skipped iterations:   0 | number of nan iterations:   0 |
2026-08-23 00:58:09 [INFO] iteration      549/    1000 | consumed samples:        52704 | elapsed time per iteration (ms): 3011.4 | throughput (samples/sec/per_device): 3.985 | learning rate: 1.132992E-05 | global batch size:    96 | action loss: 1.718873E-01 | loss scale: 1.0 | grad norm: 0.613073 | number of skipped iterations:   0 | number of nan iterations:   0 |
2026-08-23 00:58:12 [INFO] iteration      550/    1000 | consumed samples:        52800 | elapsed time per iteration (ms): 2604.2 | throughput (samples/sec/per_device): 4.608 | learning rate: 1.129222E-05 | global batch size:    96 | action loss: 1.693465E-01 | loss scale: 1.0 | grad norm: 0.631152 | number of skipped iterations:   0 | number of nan iterations:   0 |
2026-08-23 00:58:12 [INFO] ScheduledPowerSGDPlusState restart: iter=449 compressed_iter=447 method=approximate rank=1 apply_exact=False
2026-08-23 00:58:19 [INFO] iteration      551/    1000 | consumed samples:        52896 | elapsed time per iteration (ms): 7025.4 | throughput (samples/sec/per_device): 1.708 | learning rate: 1.125454E-05 | global batch size:    96 | action loss: 1.669221E-01 | loss scale: 1.0 | grad norm: 0.676746 | number of skipped iterations:   0 | number of nan iterations:   0 |
2026-08-23 00:58:23 [INFO] iteration      552/    1000 | consumed samples:        52992 | elapsed time per iteration (ms): 3594.9 | throughput (samples/sec/per_device): 3.338 | learning rate: 1.121687E-05 | global batch size:    96 | action loss: 1.431534E-01 | loss scale: 1.0 | grad norm: 0.553913 | number of skipped iterations:   0 | number of nan iterations:   0 |
2026-08-23 00:58:28 [INFO] iteration      553/    1000 | consumed samples:        53088 | elapsed time per iteration (ms): 5100.2 | throughput (samples/sec/per_device): 2.353 | learning rate: 1.117922E-05 | global batch size:    96 | action loss: 1.466669E-01 | loss scale: 1.0 | grad norm: 0.508364 | number of skipped iterations:   0 | number of nan iterations:   0 |
2026-08-23 00:58:30 [INFO] iteration      554/    1000 | consumed samples:        53184 | elapsed time per iteration (ms): 2072.2 | throughput (samples/sec/per_device): 5.791 | learning rate: 1.114159E-05 | global batch size:    96 | action loss: 1.560884E-01 | loss scale: 1.0 | grad norm: 0.547820 | number of skipped iterations:   0 | number of nan iterations:   0 |
2026-08-23 00:58:32 [INFO] iteration      555/    1000 | consumed samples:        53280 | elapsed time per iteration (ms): 2463.1 | throughput (samples/sec/per_device): 4.872 | learning rate: 1.110398E-05 | global batch size:    96 | action loss: 1.506206E-01 | loss scale: 1.0 | grad norm: 0.504086 | number of skipped iterations:   0 | number of nan iterations:   0 |
2026-08-23 00:58:34 [INFO] iteration      556/    1000 | consumed samples:        53376 | elapsed time per iteration (ms): 2015.2 | throughput (samples/sec/per_device): 5.955 | learning rate: 1.106639E-05 | global batch size:    96 | action loss: 1.423291E-01 | loss scale: 1.0 | grad norm: 0.483292 | number of skipped iterations:   0 | number of nan iterations:   0 |
2026-08-23 00:58:38 [INFO] iteration      557/    1000 | consumed samples:        53472 | elapsed time per iteration (ms): 3579.2 | throughput (samples/sec/per_device): 3.353 | learning rate: 1.102882E-05 | global batch size:    96 | action loss: 1.586802E-01 | loss scale: 1.0 | grad norm: 0.519247 | number of skipped iterations:   0 | number of nan iterations:   0 |
2026-08-23 00:58:41 [INFO] iteration      558/    1000 | consumed samples:        53568 | elapsed time per iteration (ms): 2956.0 | throughput (samples/sec/per_device): 4.059 | learning rate: 1.099127E-05 | global batch size:    96 | action loss: 1.462611E-01 | loss scale: 1.0 | grad norm: 0.508516 | number of skipped iterations:   0 | number of nan iterations:   0 |
2026-08-23 00:58:43 [INFO] iteration      559/    1000 | consumed samples:        53664 | elapsed time per iteration (ms): 2172.6 | throughput (samples/sec/per_device): 5.523 | learning rate: 1.095373E-05 | global batch size:    96 | action loss: 1.670390E-01 | loss scale: 1.0 | grad norm: 0.617268 | number of skipped iterations:   0 | number of nan iterations:   0 |
2026-08-23 00:58:45 [INFO] iteration      560/    1000 | consumed samples:        53760 | elapsed time per iteration (ms): 2257.6 | throughput (samples/sec/per_device): 5.315 | learning rate: 1.091622E-05 | global batch size:    96 | action loss: 1.818083E-01 | loss scale: 1.0 | grad norm: 0.591333 | number of skipped iterations:   0 | number of nan iterations:   0 |
2026-08-23 00:58:45 [INFO] max time across ranks (ms):
    forward-backward................................: 2126.60
    forward-compute.................................: 276.50
    backward-compute................................: 1848.67
    batch-generator.................................: 1.53
    nan-grad-cleanup................................: 13.08
    grad-clip.......................................: 32.66
    optimizer.......................................: 86.42
    optimizer-inner-step............................: 86.32
    optimizer-scheduler-step........................: 0.04
    optimizer-zero-grad.............................: 0.75
2026-08-23 00:58:49 [INFO] iteration      561/    1000 | consumed samples:        53856 | elapsed time per iteration (ms): 3467.3 | throughput (samples/sec/per_device): 3.461 | learning rate: 1.087873E-05 | global batch size:    96 | action loss: 1.505087E-01 | loss scale: 1.0 | grad norm: 0.589365 | number of skipped iterations:   0 | number of nan iterations:   0 |
2026-08-23 00:58:51 [INFO] iteration      562/    1000 | consumed samples:        53952 | elapsed time per iteration (ms): 2790.6 | throughput (samples/sec/per_device): 4.300 | learning rate: 1.084126E-05 | global batch size:    96 | action loss: 1.532521E-01 | loss scale: 1.0 | grad norm: 0.570720 | number of skipped iterations:   0 | number of nan iterations:   0 |
2026-08-23 00:58:54 [INFO] iteration      563/    1000 | consumed samples:        54048 | elapsed time per iteration (ms): 2608.3 | throughput (samples/sec/per_device): 4.601 | learning rate: 1.080381E-05 | global batch size:    96 | action loss: 1.519507E-01 | loss scale: 1.0 | grad norm: 0.555163 | number of skipped iterations:   0 | number of nan iterations:   0 |
2026-08-23 00:58:57 [INFO] iteration      564/    1000 | consumed samples:        54144 | elapsed time per iteration (ms): 2487.5 | throughput (samples/sec/per_device): 4.824 | learning rate: 1.076639E-05 | global batch size:    96 | action loss: 1.678367E-01 | loss scale: 1.0 | grad norm: 0.599580 | number of skipped iterations:   0 | number of nan iterations:   0 |
2026-08-23 00:59:02 [INFO] iteration      565/    1000 | consumed samples:        54240 | elapsed time per iteration (ms): 5293.7 | throughput (samples/sec/per_device): 2.267 | learning rate: 1.072899E-05 | global batch size:    96 | action loss: 1.678542E-01 | loss scale: 1.0 | grad norm: 0.579681 | number of skipped iterations:   0 | number of nan iterations:   0 |
2026-08-23 00:59:05 [INFO] iteration      566/    1000 | consumed samples:        54336 | elapsed time per iteration (ms): 2788.8 | throughput (samples/sec/per_device): 4.303 | learning rate: 1.069160E-05 | global batch size:    96 | action loss: 1.593650E-01 | loss scale: 1.0 | grad norm: 0.595619 | number of skipped iterations:   0 | number of nan iterations:   0 |
2026-08-23 00:59:07 [INFO] iteration      567/    1000 | consumed samples:        54432 | elapsed time per iteration (ms): 2781.2 | throughput (samples/sec/per_device): 4.315 | learning rate: 1.065425E-05 | global batch size:    96 | action loss: 1.569037E-01 | loss scale: 1.0 | grad norm: 0.597226 | number of skipped iterations:   0 | number of nan iterations:   0 |
2026-08-23 00:59:11 [INFO] iteration      568/    1000 | consumed samples:        54528 | elapsed time per iteration (ms): 3547.2 | throughput (samples/sec/per_device): 3.383 | learning rate: 1.061691E-05 | global batch size:    96 | action loss: 1.547262E-01 | loss scale: 1.0 | grad norm: 0.552481 | number of skipped iterations:   0 | number of nan iterations:   0 |
2026-08-23 00:59:13 [INFO] iteration      569/    1000 | consumed samples:        54624 | elapsed time per iteration (ms): 2198.0 | throughput (samples/sec/per_device): 5.460 | learning rate: 1.057961E-05 | global batch size:    96 | action loss: 1.405169E-01 | loss scale: 1.0 | grad norm: 0.599164 | number of skipped iterations:   0 | number of nan iterations:   0 |
2026-08-23 00:59:16 [INFO] iteration      570/    1000 | consumed samples:        54720 | elapsed time per iteration (ms): 2306.1 | throughput (samples/sec/per_device): 5.204 | learning rate: 1.054232E-05 | global batch size:    96 | action loss: 1.423824E-01 | loss scale: 1.0 | grad norm: 0.588241 | number of skipped iterations:   0 | number of nan iterations:   0 |
2026-08-23 00:59:18 [INFO] iteration      571/    1000 | consumed samples:        54816 | elapsed time per iteration (ms): 2492.9 | throughput (samples/sec/per_device): 4.814 | learning rate: 1.050506E-05 | global batch size:    96 | action loss: 1.517039E-01 | loss scale: 1.0 | grad norm: 0.639569 | number of skipped iterations:   0 | number of nan iterations:   0 |
2026-08-23 00:59:20 [INFO] iteration      572/    1000 | consumed samples:        54912 | elapsed time per iteration (ms): 2461.1 | throughput (samples/sec/per_device): 4.876 | learning rate: 1.046782E-05 | global batch size:    96 | action loss: 1.619384E-01 | loss scale: 1.0 | grad norm: 0.646407 | number of skipped iterations:   0 | number of nan iterations:   0 |
2026-08-23 00:59:25 [INFO] iteration      573/    1000 | consumed samples:        55008 | elapsed time per iteration (ms): 4085.2 | throughput (samples/sec/per_device): 2.937 | learning rate: 1.043061E-05 | global batch size:    96 | action loss: 1.674120E-01 | loss scale: 1.0 | grad norm: 0.559388 | number of skipped iterations:   0 | number of nan iterations:   0 |
2026-08-23 00:59:27 [INFO] iteration      574/    1000 | consumed samples:        55104 | elapsed time per iteration (ms): 2548.0 | throughput (samples/sec/per_device): 4.710 | learning rate: 1.039343E-05 | global batch size:    96 | action loss: 1.795663E-01 | loss scale: 1.0 | grad norm: 0.562130 | number of skipped iterations:   0 | number of nan iterations:   0 |
2026-08-23 00:59:30 [INFO] iteration      575/    1000 | consumed samples:        55200 | elapsed time per iteration (ms): 2843.4 | throughput (samples/sec/per_device): 4.220 | learning rate: 1.035627E-05 | global batch size:    96 | action loss: 1.661042E-01 | loss scale: 1.0 | grad norm: 0.569458 | number of skipped iterations:   0 | number of nan iterations:   0 |
2026-08-23 00:59:34 [INFO] iteration      576/    1000 | consumed samples:        55296 | elapsed time per iteration (ms): 3596.1 | throughput (samples/sec/per_device): 3.337 | learning rate: 1.031914E-05 | global batch size:    96 | action loss: 1.579475E-01 | loss scale: 1.0 | grad norm: 0.522137 | number of skipped iterations:   0 | number of nan iterations:   0 |
2026-08-23 00:59:36 [INFO] iteration      577/    1000 | consumed samples:        55392 | elapsed time per iteration (ms): 2317.9 | throughput (samples/sec/per_device): 5.177 | learning rate: 1.028204E-05 | global batch size:    96 | action loss: 1.537278E-01 | loss scale: 1.0 | grad norm: 0.557120 | number of skipped iterations:   0 | number of nan iterations:   0 |
2026-08-23 00:59:38 [INFO] iteration      578/    1000 | consumed samples:        55488 | elapsed time per iteration (ms): 2448.3 | throughput (samples/sec/per_device): 4.901 | learning rate: 1.024496E-05 | global batch size:    96 | action loss: 1.606104E-01 | loss scale: 1.0 | grad norm: 0.634269 | number of skipped iterations:   0 | number of nan iterations:   0 |
2026-08-23 00:59:41 [INFO] iteration      579/    1000 | consumed samples:        55584 | elapsed time per iteration (ms): 2594.2 | throughput (samples/sec/per_device): 4.626 | learning rate: 1.020791E-05 | global batch size:    96 | action loss: 1.588194E-01 | loss scale: 1.0 | grad norm: 0.603335 | number of skipped iterations:   0 | number of nan iterations:   0 |
2026-08-23 00:59:45 [INFO] iteration      580/    1000 | consumed samples:        55680 | elapsed time per iteration (ms): 3823.3 | throughput (samples/sec/per_device): 3.139 | learning rate: 1.017089E-05 | global batch size:    96 | action loss: 1.542394E-01 | loss scale: 1.0 | grad norm: 0.570768 | number of skipped iterations:   0 | number of nan iterations:   0 |
2026-08-23 00:59:45 [INFO] max time across ranks (ms):
    forward-backward................................: 3692.16
    forward-compute.................................: 1088.44
    backward-compute................................: 3411.50
    batch-generator.................................: 2.45
    nan-grad-cleanup................................: 13.14
    grad-clip.......................................: 34.87
    optimizer.......................................: 85.30
    optimizer-inner-step............................: 85.20
    optimizer-scheduler-step........................: 0.07
    optimizer-zero-grad.............................: 1.03
2026-08-23 00:59:47 [INFO] iteration      581/    1000 | consumed samples:        55776 | elapsed time per iteration (ms): 2163.8 | throughput (samples/sec/per_device): 5.546 | learning rate: 1.013390E-05 | global batch size:    96 | action loss: 1.676807E-01 | loss scale: 1.0 | grad norm: 0.534505 | number of skipped iterations:   0 | number of nan iterations:   0 |
2026-08-23 00:59:50 [INFO] iteration      582/    1000 | consumed samples:        55872 | elapsed time per iteration (ms): 3041.6 | throughput (samples/sec/per_device): 3.945 | learning rate: 1.009694E-05 | global batch size:    96 | action loss: 2.071883E-01 | loss scale: 1.0 | grad norm: 0.503419 | number of skipped iterations:   0 | number of nan iterations:   0 |
2026-08-23 00:59:52 [INFO] iteration      583/    1000 | consumed samples:        55968 | elapsed time per iteration (ms): 2355.6 | throughput (samples/sec/per_device): 5.094 | learning rate: 1.006000E-05 | global batch size:    96 | action loss: 1.522029E-01 | loss scale: 1.0 | grad norm: 0.512072 | number of skipped iterations:   0 | number of nan iterations:   0 |
2026-08-23 00:59:55 [INFO] iteration      584/    1000 | consumed samples:        56064 | elapsed time per iteration (ms): 2220.1 | throughput (samples/sec/per_device): 5.405 | learning rate: 1.002310E-05 | global batch size:    96 | action loss: 1.620988E-01 | loss scale: 1.0 | grad norm: 0.579965 | number of skipped iterations:   0 | number of nan iterations:   0 |
2026-08-23 00:59:58 [INFO] iteration      585/    1000 | consumed samples:        56160 | elapsed time per iteration (ms): 3849.8 | throughput (samples/sec/per_device): 3.117 | learning rate: 9.986224E-06 | global batch size:    96 | action loss: 1.617289E-01 | loss scale: 1.0 | grad norm: 0.667604 | number of skipped iterations:   0 | number of nan iterations:   0 |
2026-08-23 01:00:01 [INFO] iteration      586/    1000 | consumed samples:        56256 | elapsed time per iteration (ms): 2694.9 | throughput (samples/sec/per_device): 4.453 | learning rate: 9.949380E-06 | global batch size:    96 | action loss: 1.439801E-01 | loss scale: 1.0 | grad norm: 0.685736 | number of skipped iterations:   0 | number of nan iterations:   0 |
2026-08-23 01:00:05 [INFO] iteration      587/    1000 | consumed samples:        56352 | elapsed time per iteration (ms): 4429.4 | throughput (samples/sec/per_device): 2.709 | learning rate: 9.912567E-06 | global batch size:    96 | action loss: 1.839200E-01 | loss scale: 1.0 | grad norm: 0.671848 | number of skipped iterations:   0 | number of nan iterations:   0 |
2026-08-23 01:00:09 [INFO] iteration      588/    1000 | consumed samples:        56448 | elapsed time per iteration (ms): 3779.7 | throughput (samples/sec/per_device): 3.175 | learning rate: 9.875784E-06 | global batch size:    96 | action loss: 1.962145E-01 | loss scale: 1.0 | grad norm: 0.670210 | number of skipped iterations:   0 | number of nan iterations:   0 |
2026-08-23 01:00:12 [INFO] iteration      589/    1000 | consumed samples:        56544 | elapsed time per iteration (ms): 2414.2 | throughput (samples/sec/per_device): 4.971 | learning rate: 9.839033E-06 | global batch size:    96 | action loss: 1.438479E-01 | loss scale: 1.0 | grad norm: 0.661733 | number of skipped iterations:   0 | number of nan iterations:   0 |
2026-08-23 01:00:14 [INFO] iteration      590/    1000 | consumed samples:        56640 | elapsed time per iteration (ms): 2427.5 | throughput (samples/sec/per_device): 4.943 | learning rate: 9.802314E-06 | global batch size:    96 | action loss: 1.440912E-01 | loss scale: 1.0 | grad norm: 0.645505 | number of skipped iterations:   0 | number of nan iterations:   0 |
2026-08-23 01:00:17 [INFO] iteration      591/    1000 | consumed samples:        56736 | elapsed time per iteration (ms): 2559.9 | throughput (samples/sec/per_device): 4.688 | learning rate: 9.765627E-06 | global batch size:    96 | action loss: 1.670077E-01 | loss scale: 1.0 | grad norm: 0.647149 | number of skipped iterations:   0 | number of nan iterations:   0 |
2026-08-23 01:00:21 [INFO] iteration      592/    1000 | consumed samples:        56832 | elapsed time per iteration (ms): 3874.9 | throughput (samples/sec/per_device): 3.097 | learning rate: 9.728973E-06 | global batch size:    96 | action loss: 1.510932E-01 | loss scale: 1.0 | grad norm: 0.599261 | number of skipped iterations:   0 | number of nan iterations:   0 |
2026-08-23 01:00:24 [INFO] iteration      593/    1000 | consumed samples:        56928 | elapsed time per iteration (ms): 3247.5 | throughput (samples/sec/per_device): 3.695 | learning rate: 9.692352E-06 | global batch size:    96 | action loss: 1.591572E-01 | loss scale: 1.0 | grad norm: 0.569952 | number of skipped iterations:   0 | number of nan iterations:   0 |
2026-08-23 01:00:27 [INFO] iteration      594/    1000 | consumed samples:        57024 | elapsed time per iteration (ms): 2967.9 | throughput (samples/sec/per_device): 4.043 | learning rate: 9.655764E-06 | global batch size:    96 | action loss: 1.375299E-01 | loss scale: 1.0 | grad norm: 0.546474 | number of skipped iterations:   0 | number of nan iterations:   0 |
2026-08-23 01:00:30 [INFO] iteration      595/    1000 | consumed samples:        57120 | elapsed time per iteration (ms): 3601.3 | throughput (samples/sec/per_device): 3.332 | learning rate: 9.619209E-06 | global batch size:    96 | action loss: 1.681564E-01 | loss scale: 1.0 | grad norm: 0.581951 | number of skipped iterations:   0 | number of nan iterations:   0 |
2026-08-23 01:00:34 [INFO] iteration      596/    1000 | consumed samples:        57216 | elapsed time per iteration (ms): 3190.2 | throughput (samples/sec/per_device): 3.761 | learning rate: 9.582689E-06 | global batch size:    96 | action loss: 1.611175E-01 | loss scale: 1.0 | grad norm: 0.580439 | number of skipped iterations:   0 | number of nan iterations:   0 |
2026-08-23 01:00:37 [INFO] iteration      597/    1000 | consumed samples:        57312 | elapsed time per iteration (ms): 3154.4 | throughput (samples/sec/per_device): 3.804 | learning rate: 9.546203E-06 | global batch size:    96 | action loss: 1.622051E-01 | loss scale: 1.0 | grad norm: 0.538676 | number of skipped iterations:   0 | number of nan iterations:   0 |
2026-08-23 01:00:40 [INFO] iteration      598/    1000 | consumed samples:        57408 | elapsed time per iteration (ms): 3045.2 | throughput (samples/sec/per_device): 3.941 | learning rate: 9.509752E-06 | global batch size:    96 | action loss: 1.717974E-01 | loss scale: 1.0 | grad norm: 0.525433 | number of skipped iterations:   0 | number of nan iterations:   0 |
2026-08-23 01:00:44 [INFO] iteration      599/    1000 | consumed samples:        57504 | elapsed time per iteration (ms): 3848.2 | throughput (samples/sec/per_device): 3.118 | learning rate: 9.473336E-06 | global batch size:    96 | action loss: 1.682421E-01 | loss scale: 1.0 | grad norm: 0.607565 | number of skipped iterations:   0 | number of nan iterations:   0 |
2026-08-23 01:00:46 [INFO] iteration      600/    1000 | consumed samples:        57600 | elapsed time per iteration (ms): 2527.1 | throughput (samples/sec/per_device): 4.749 | learning rate: 9.436955E-06 | global batch size:    96 | action loss: 1.677415E-01 | loss scale: 1.0 | grad norm: 0.594934 | number of skipped iterations:   0 | number of nan iterations:   0 |
2026-08-23 01:00:46 [INFO] max time across ranks (ms):
    forward-backward................................: 2395.90
    forward-compute.................................: 608.42
    backward-compute................................: 2117.84
    batch-generator.................................: 1.49
    nan-grad-cleanup................................: 13.05
    grad-clip.......................................: 32.65
    optimizer.......................................: 85.24
    optimizer-inner-step............................: 85.07
    optimizer-scheduler-step........................: 0.06
    optimizer-zero-grad.............................: 0.53
2026-08-23 01:00:46 [INFO] ScheduledPowerSGDPlusState restart: iter=499 compressed_iter=497 method=approximate rank=1 apply_exact=False
2026-08-23 01:00:53 [INFO] iteration      601/    1000 | consumed samples:        57696 | elapsed time per iteration (ms): 6806.9 | throughput (samples/sec/per_device): 1.763 | learning rate: 9.400611E-06 | global batch size:    96 | action loss: 1.696845E-01 | loss scale: 1.0 | grad norm: 0.820376 | number of skipped iterations:   0 | number of nan iterations:   0 |
2026-08-23 01:00:57 [INFO] iteration      602/    1000 | consumed samples:        57792 | elapsed time per iteration (ms): 3626.6 | throughput (samples/sec/per_device): 3.309 | learning rate: 9.364303E-06 | global batch size:    96 | action loss: 1.921140E-01 | loss scale: 1.0 | grad norm: 0.585558 | number of skipped iterations:   0 | number of nan iterations:   0 |
2026-08-23 01:01:00 [INFO] iteration      603/    1000 | consumed samples:        57888 | elapsed time per iteration (ms): 3494.8 | throughput (samples/sec/per_device): 3.434 | learning rate: 9.328031E-06 | global batch size:    96 | action loss: 1.726110E-01 | loss scale: 1.0 | grad norm: 0.719712 | number of skipped iterations:   0 | number of nan iterations:   0 |
2026-08-23 01:01:02 [INFO] iteration      604/    1000 | consumed samples:        57984 | elapsed time per iteration (ms): 2074.5 | throughput (samples/sec/per_device): 5.785 | learning rate: 9.291796E-06 | global batch size:    96 | action loss: 1.745952E-01 | loss scale: 1.0 | grad norm: 0.723734 | number of skipped iterations:   0 | number of nan iterations:   0 |
2026-08-23 01:01:07 [INFO] iteration      605/    1000 | consumed samples:        58080 | elapsed time per iteration (ms): 4834.5 | throughput (samples/sec/per_device): 2.482 | learning rate: 9.255599E-06 | global batch size:    96 | action loss: 1.425606E-01 | loss scale: 1.0 | grad norm: 0.752738 | number of skipped iterations:   0 | number of nan iterations:   0 |
2026-08-23 01:01:10 [INFO] iteration      606/    1000 | consumed samples:        58176 | elapsed time per iteration (ms): 2871.2 | throughput (samples/sec/per_device): 4.179 | learning rate: 9.219439E-06 | global batch size:    96 | action loss: 1.583886E-01 | loss scale: 1.0 | grad norm: 0.699723 | number of skipped iterations:   0 | number of nan iterations:   0 |
2026-08-23 01:01:13 [INFO] iteration      607/    1000 | consumed samples:        58272 | elapsed time per iteration (ms): 2703.0 | throughput (samples/sec/per_device): 4.439 | learning rate: 9.183317E-06 | global batch size:    96 | action loss: 1.551659E-01 | loss scale: 1.0 | grad norm: 0.618607 | number of skipped iterations:   0 | number of nan iterations:   0 |
2026-08-23 01:01:16 [INFO] iteration      608/    1000 | consumed samples:        58368 | elapsed time per iteration (ms): 3659.6 | throughput (samples/sec/per_device): 3.279 | learning rate: 9.147234E-06 | global batch size:    96 | action loss: 1.969436E-01 | loss scale: 1.0 | grad norm: 0.666375 | number of skipped iterations:   0 | number of nan iterations:   0 |
2026-08-23 01:01:19 [INFO] iteration      609/    1000 | consumed samples:        58464 | elapsed time per iteration (ms): 2451.8 | throughput (samples/sec/per_device): 4.894 | learning rate: 9.111190E-06 | global batch size:    96 | action loss: 1.379531E-01 | loss scale: 1.0 | grad norm: 0.627141 | number of skipped iterations:   0 | number of nan iterations:   0 |
2026-08-23 01:01:21 [INFO] iteration      610/    1000 | consumed samples:        58560 | elapsed time per iteration (ms): 2674.0 | throughput (samples/sec/per_device): 4.488 | learning rate: 9.075184E-06 | global batch size:    96 | action loss: 1.832818E-01 | loss scale: 1.0 | grad norm: 0.611243 | number of skipped iterations:   0 | number of nan iterations:   0 |
2026-08-23 01:01:25 [INFO] iteration      611/    1000 | consumed samples:        58656 | elapsed time per iteration (ms): 3186.2 | throughput (samples/sec/per_device): 3.766 | learning rate: 9.039219E-06 | global batch size:    96 | action loss: 1.740047E-01 | loss scale: 1.0 | grad norm: 0.622158 | number of skipped iterations:   0 | number of nan iterations:   0 |
2026-08-23 01:01:28 [INFO] iteration      612/    1000 | consumed samples:        58752 | elapsed time per iteration (ms): 3716.4 | throughput (samples/sec/per_device): 3.229 | learning rate: 9.003293E-06 | global batch size:    96 | action loss: 1.598142E-01 | loss scale: 1.0 | grad norm: 0.579242 | number of skipped iterations:   0 | number of nan iterations:   0 |
2026-08-23 01:01:31 [INFO] iteration      613/    1000 | consumed samples:        58848 | elapsed time per iteration (ms): 3074.5 | throughput (samples/sec/per_device): 3.903 | learning rate: 8.967407E-06 | global batch size:    96 | action loss: 1.684440E-01 | loss scale: 1.0 | grad norm: 0.590970 | number of skipped iterations:   0 | number of nan iterations:   0 |
2026-08-23 01:01:34 [INFO] iteration      614/    1000 | consumed samples:        58944 | elapsed time per iteration (ms): 2864.1 | throughput (samples/sec/per_device): 4.190 | learning rate: 8.931562E-06 | global batch size:    96 | action loss: 1.672771E-01 | loss scale: 1.0 | grad norm: 0.556914 | number of skipped iterations:   0 | number of nan iterations:   0 |
2026-08-23 01:01:37 [INFO] iteration      615/    1000 | consumed samples:        59040 | elapsed time per iteration (ms): 2705.7 | throughput (samples/sec/per_device): 4.435 | learning rate: 8.895758E-06 | global batch size:    96 | action loss: 1.349144E-01 | loss scale: 1.0 | grad norm: 0.603078 | number of skipped iterations:   0 | number of nan iterations:   0 |
2026-08-23 01:01:41 [INFO] iteration      616/    1000 | consumed samples:        59136 | elapsed time per iteration (ms): 3940.1 | throughput (samples/sec/per_device): 3.046 | learning rate: 8.859996E-06 | global batch size:    96 | action loss: 1.691751E-01 | loss scale: 1.0 | grad norm: 0.612018 | number of skipped iterations:   0 | number of nan iterations:   0 |
2026-08-23 01:01:44 [INFO] iteration      617/    1000 | consumed samples:        59232 | elapsed time per iteration (ms): 2790.6 | throughput (samples/sec/per_device): 4.300 | learning rate: 8.824275E-06 | global batch size:    96 | action loss: 1.591629E-01 | loss scale: 1.0 | grad norm: 0.512950 | number of skipped iterations:   0 | number of nan iterations:   0 |
2026-08-23 01:01:46 [INFO] iteration      618/    1000 | consumed samples:        59328 | elapsed time per iteration (ms): 2571.5 | throughput (samples/sec/per_device): 4.667 | learning rate: 8.788596E-06 | global batch size:    96 | action loss: 1.700619E-01 | loss scale: 1.0 | grad norm: 0.506284 | number of skipped iterations:   0 | number of nan iterations:   0 |
2026-08-23 01:01:50 [INFO] iteration      619/    1000 | consumed samples:        59424 | elapsed time per iteration (ms): 4146.5 | throughput (samples/sec/per_device): 2.894 | learning rate: 8.752959E-06 | global batch size:    96 | action loss: 1.317282E-01 | loss scale: 1.0 | grad norm: 0.507407 | number of skipped iterations:   0 | number of nan iterations:   0 |
2026-08-23 01:01:53 [INFO] iteration      620/    1000 | consumed samples:        59520 | elapsed time per iteration (ms): 2686.9 | throughput (samples/sec/per_device): 4.466 | learning rate: 8.717365E-06 | global batch size:    96 | action loss: 1.644373E-01 | loss scale: 1.0 | grad norm: 0.550221 | number of skipped iterations:   0 | number of nan iterations:   0 |
2026-08-23 01:01:53 [INFO] max time across ranks (ms):
    forward-backward................................: 2557.78
    forward-compute.................................: 694.48
    backward-compute................................: 2281.15
    batch-generator.................................: 2.43
    nan-grad-cleanup................................: 13.07
    grad-clip.......................................: 32.35
    optimizer.......................................: 84.32
    optimizer-inner-step............................: 84.19
    optimizer-scheduler-step........................: 0.07
    optimizer-zero-grad.............................: 0.45
2026-08-23 01:01:56 [INFO] iteration      621/    1000 | consumed samples:        59616 | elapsed time per iteration (ms): 2483.6 | throughput (samples/sec/per_device): 4.832 | learning rate: 8.681815E-06 | global batch size:    96 | action loss: 1.511664E-01 | loss scale: 1.0 | grad norm: 0.575711 | number of skipped iterations:   0 | number of nan iterations:   0 |
2026-08-23 01:01:58 [INFO] iteration      622/    1000 | consumed samples:        59712 | elapsed time per iteration (ms): 2333.3 | throughput (samples/sec/per_device): 5.143 | learning rate: 8.646308E-06 | global batch size:    96 | action loss: 1.426171E-01 | loss scale: 1.0 | grad norm: 0.594660 | number of skipped iterations:   0 | number of nan iterations:   0 |
2026-08-23 01:02:02 [INFO] iteration      623/    1000 | consumed samples:        59808 | elapsed time per iteration (ms): 3813.2 | throughput (samples/sec/per_device): 3.147 | learning rate: 8.610844E-06 | global batch size:    96 | action loss: 1.441473E-01 | loss scale: 1.0 | grad norm: 0.603346 | number of skipped iterations:   0 | number of nan iterations:   0 |
2026-08-23 01:02:05 [INFO] iteration      624/    1000 | consumed samples:        59904 | elapsed time per iteration (ms): 2975.7 | throughput (samples/sec/per_device): 4.033 | learning rate: 8.575425E-06 | global batch size:    96 | action loss: 1.400918E-01 | loss scale: 1.0 | grad norm: 0.572437 | number of skipped iterations:   0 | number of nan iterations:   0 |
2026-08-23 01:02:08 [INFO] iteration      625/    1000 | consumed samples:        60000 | elapsed time per iteration (ms): 3088.9 | throughput (samples/sec/per_device): 3.885 | learning rate: 8.540051E-06 | global batch size:    96 | action loss: 1.645821E-01 | loss scale: 1.0 | grad norm: 0.659424 | number of skipped iterations:   0 | number of nan iterations:   0 |
2026-08-23 01:02:14 [INFO] iteration      626/    1000 | consumed samples:        60096 | elapsed time per iteration (ms): 5822.9 | throughput (samples/sec/per_device): 2.061 | learning rate: 8.504721E-06 | global batch size:    96 | action loss: 1.836470E-01 | loss scale: 1.0 | grad norm: 0.633820 | number of skipped iterations:   0 | number of nan iterations:   0 |
2026-08-23 01:02:16 [INFO] iteration      627/    1000 | consumed samples:        60192 | elapsed time per iteration (ms): 2863.4 | throughput (samples/sec/per_device): 4.191 | learning rate: 8.469436E-06 | global batch size:    96 | action loss: 1.497938E-01 | loss scale: 1.0 | grad norm: 0.592860 | number of skipped iterations:   0 | number of nan iterations:   0 |
2026-08-23 01:02:19 [INFO] iteration      628/    1000 | consumed samples:        60288 | elapsed time per iteration (ms): 2393.7 | throughput (samples/sec/per_device): 5.013 | learning rate: 8.434198E-06 | global batch size:    96 | action loss: 1.719145E-01 | loss scale: 1.0 | grad norm: 0.655977 | number of skipped iterations:   0 | number of nan iterations:   0 |
2026-08-23 01:02:22 [INFO] iteration      629/    1000 | consumed samples:        60384 | elapsed time per iteration (ms): 2864.1 | throughput (samples/sec/per_device): 4.190 | learning rate: 8.399005E-06 | global batch size:    96 | action loss: 1.547751E-01 | loss scale: 1.0 | grad norm: 0.681939 | number of skipped iterations:   0 | number of nan iterations:   0 |
2026-08-23 01:02:25 [INFO] iteration      630/    1000 | consumed samples:        60480 | elapsed time per iteration (ms): 3737.0 | throughput (samples/sec/per_device): 3.211 | learning rate: 8.363858E-06 | global batch size:    96 | action loss: 1.688203E-01 | loss scale: 1.0 | grad norm: 0.670447 | number of skipped iterations:   0 | number of nan iterations:   0 |
2026-08-23 01:02:28 [INFO] iteration      631/    1000 | consumed samples:        60576 | elapsed time per iteration (ms): 2776.8 | throughput (samples/sec/per_device): 4.322 | learning rate: 8.328759E-06 | global batch size:    96 | action loss: 1.487085E-01 | loss scale: 1.0 | grad norm: 0.618280 | number of skipped iterations:   0 | number of nan iterations:   0 |
2026-08-23 01:02:31 [INFO] iteration      632/    1000 | consumed samples:        60672 | elapsed time per iteration (ms): 2525.8 | throughput (samples/sec/per_device): 4.751 | learning rate: 8.293706E-06 | global batch size:    96 | action loss: 1.720414E-01 | loss scale: 1.0 | grad norm: 0.593057 | number of skipped iterations:   0 | number of nan iterations:   0 |
2026-08-23 01:02:33 [INFO] iteration      633/    1000 | consumed samples:        60768 | elapsed time per iteration (ms): 2713.9 | throughput (samples/sec/per_device): 4.422 | learning rate: 8.258701E-06 | global batch size:    96 | action loss: 1.397147E-01 | loss scale: 1.0 | grad norm: 0.610910 | number of skipped iterations:   0 | number of nan iterations:   0 |
2026-08-23 01:02:37 [INFO] iteration      634/    1000 | consumed samples:        60864 | elapsed time per iteration (ms): 3824.6 | throughput (samples/sec/per_device): 3.138 | learning rate: 8.223743E-06 | global batch size:    96 | action loss: 1.613768E-01 | loss scale: 1.0 | grad norm: 0.630567 | number of skipped iterations:   0 | number of nan iterations:   0 |
2026-08-23 01:02:40 [INFO] iteration      635/    1000 | consumed samples:        60960 | elapsed time per iteration (ms): 2944.5 | throughput (samples/sec/per_device): 4.075 | learning rate: 8.188834E-06 | global batch size:    96 | action loss: 1.675162E-01 | loss scale: 1.0 | grad norm: 0.574642 | number of skipped iterations:   0 | number of nan iterations:   0 |
2026-08-23 01:02:43 [INFO] iteration      636/    1000 | consumed samples:        61056 | elapsed time per iteration (ms): 2753.8 | throughput (samples/sec/per_device): 4.358 | learning rate: 8.153973E-06 | global batch size:    96 | action loss: 1.629944E-01 | loss scale: 1.0 | grad norm: 0.546259 | number of skipped iterations:   0 | number of nan iterations:   0 |
2026-08-23 01:02:47 [INFO] iteration      637/    1000 | consumed samples:        61152 | elapsed time per iteration (ms): 3786.9 | throughput (samples/sec/per_device): 3.169 | learning rate: 8.119160E-06 | global batch size:    96 | action loss: 1.427579E-01 | loss scale: 1.0 | grad norm: 0.563769 | number of skipped iterations:   0 | number of nan iterations:   0 |
2026-08-23 01:02:50 [INFO] iteration      638/    1000 | consumed samples:        61248 | elapsed time per iteration (ms): 3048.1 | throughput (samples/sec/per_device): 3.937 | learning rate: 8.084397E-06 | global batch size:    96 | action loss: 1.817879E-01 | loss scale: 1.0 | grad norm: 0.629342 | number of skipped iterations:   0 | number of nan iterations:   0 |
2026-08-23 01:02:53 [INFO] iteration      639/    1000 | consumed samples:        61344 | elapsed time per iteration (ms): 3033.1 | throughput (samples/sec/per_device): 3.956 | learning rate: 8.049684E-06 | global batch size:    96 | action loss: 1.648884E-01 | loss scale: 1.0 | grad norm: 0.645387 | number of skipped iterations:   0 | number of nan iterations:   0 |
2026-08-23 01:02:56 [INFO] iteration      640/    1000 | consumed samples:        61440 | elapsed time per iteration (ms): 2745.3 | throughput (samples/sec/per_device): 4.371 | learning rate: 8.015020E-06 | global batch size:    96 | action loss: 1.299515E-01 | loss scale: 1.0 | grad norm: 0.588546 | number of skipped iterations:   0 | number of nan iterations:   0 |
2026-08-23 01:02:56 [INFO] max time across ranks (ms):
    forward-backward................................: 2613.12
    forward-compute.................................: 1012.71
    backward-compute................................: 2336.08
    batch-generator.................................: 1.87
    nan-grad-cleanup................................: 13.29
    grad-clip.......................................: 32.79
    optimizer.......................................: 86.42
    optimizer-inner-step............................: 86.22
    optimizer-scheduler-step........................: 0.08
    optimizer-zero-grad.............................: 0.64
2026-08-23 01:02:59 [INFO] iteration      641/    1000 | consumed samples:        61536 | elapsed time per iteration (ms): 3610.7 | throughput (samples/sec/per_device): 3.323 | learning rate: 7.980406E-06 | global batch size:    96 | action loss: 1.478485E-01 | loss scale: 1.0 | grad norm: 0.568738 | number of skipped iterations:   0 | number of nan iterations:   0 |
2026-08-23 01:03:02 [INFO] iteration      642/    1000 | consumed samples:        61632 | elapsed time per iteration (ms): 2929.2 | throughput (samples/sec/per_device): 4.097 | learning rate: 7.945843E-06 | global batch size:    96 | action loss: 1.681814E-01 | loss scale: 1.0 | grad norm: 0.564626 | number of skipped iterations:   0 | number of nan iterations:   0 |
2026-08-23 01:03:05 [INFO] iteration      643/    1000 | consumed samples:        61728 | elapsed time per iteration (ms): 2745.8 | throughput (samples/sec/per_device): 4.370 | learning rate: 7.911331E-06 | global batch size:    96 | action loss: 1.640448E-01 | loss scale: 1.0 | grad norm: 0.571324 | number of skipped iterations:   0 | number of nan iterations:   0 |
2026-08-23 01:03:07 [INFO] iteration      644/    1000 | consumed samples:        61824 | elapsed time per iteration (ms): 2570.0 | throughput (samples/sec/per_device): 4.669 | learning rate: 7.876870E-06 | global batch size:    96 | action loss: 1.556149E-01 | loss scale: 1.0 | grad norm: 0.571567 | number of skipped iterations:   0 | number of nan iterations:   0 |
2026-08-23 01:03:11 [INFO] iteration      645/    1000 | consumed samples:        61920 | elapsed time per iteration (ms): 3744.6 | throughput (samples/sec/per_device): 3.205 | learning rate: 7.842461E-06 | global batch size:    96 | action loss: 1.721522E-01 | loss scale: 1.0 | grad norm: 0.619568 | number of skipped iterations:   0 | number of nan iterations:   0 |
2026-08-23 01:03:16 [INFO] iteration      646/    1000 | consumed samples:        62016 | elapsed time per iteration (ms): 4929.6 | throughput (samples/sec/per_device): 2.434 | learning rate: 7.808104E-06 | global batch size:    96 | action loss: 1.854049E-01 | loss scale: 1.0 | grad norm: 0.553759 | number of skipped iterations:   0 | number of nan iterations:   0 |
2026-08-23 01:03:19 [INFO] iteration      647/    1000 | consumed samples:        62112 | elapsed time per iteration (ms): 3282.3 | throughput (samples/sec/per_device): 3.656 | learning rate: 7.773799E-06 | global batch size:    96 | action loss: 1.668745E-01 | loss scale: 1.0 | grad norm: 0.569921 | number of skipped iterations:   0 | number of nan iterations:   0 |
2026-08-23 01:03:23 [INFO] iteration      648/    1000 | consumed samples:        62208 | elapsed time per iteration (ms): 3468.0 | throughput (samples/sec/per_device): 3.460 | learning rate: 7.739546E-06 | global batch size:    96 | action loss: 1.351310E-01 | loss scale: 1.0 | grad norm: 0.522596 | number of skipped iterations:   0 | number of nan iterations:   0 |
2026-08-23 01:03:26 [INFO] iteration      649/    1000 | consumed samples:        62304 | elapsed time per iteration (ms): 2731.7 | throughput (samples/sec/per_device): 4.393 | learning rate: 7.705347E-06 | global batch size:    96 | action loss: 1.634701E-01 | loss scale: 1.0 | grad norm: 0.706533 | number of skipped iterations:   0 | number of nan iterations:   0 |
2026-08-23 01:03:28 [INFO] iteration      650/    1000 | consumed samples:        62400 | elapsed time per iteration (ms): 2820.6 | throughput (samples/sec/per_device): 4.254 | learning rate: 7.671201E-06 | global batch size:    96 | action loss: 1.641374E-01 | loss scale: 1.0 | grad norm: 0.668793 | number of skipped iterations:   0 | number of nan iterations:   0 |
2026-08-23 01:03:29 [INFO] ScheduledPowerSGDPlusState restart: iter=549 compressed_iter=547 method=approximate rank=1 apply_exact=False
2026-08-23 01:03:36 [INFO] iteration      651/    1000 | consumed samples:        62496 | elapsed time per iteration (ms): 7118.1 | throughput (samples/sec/per_device): 1.686 | learning rate: 7.637108E-06 | global batch size:    96 | action loss: 1.493352E-01 | loss scale: 1.0 | grad norm: 0.729101 | number of skipped iterations:   0 | number of nan iterations:   0 |
2026-08-23 01:03:39 [INFO] iteration      652/    1000 | consumed samples:        62592 | elapsed time per iteration (ms): 3617.6 | throughput (samples/sec/per_device): 3.317 | learning rate: 7.603070E-06 | global batch size:    96 | action loss: 1.689209E-01 | loss scale: 1.0 | grad norm: 0.573914 | number of skipped iterations:   0 | number of nan iterations:   0 |
2026-08-23 01:03:44 [INFO] iteration      653/    1000 | consumed samples:        62688 | elapsed time per iteration (ms): 4820.8 | throughput (samples/sec/per_device): 2.489 | learning rate: 7.569086E-06 | global batch size:    96 | action loss: 1.509436E-01 | loss scale: 1.0 | grad norm: 0.593933 | number of skipped iterations:   0 | number of nan iterations:   0 |
2026-08-23 01:03:46 [INFO] iteration      654/    1000 | consumed samples:        62784 | elapsed time per iteration (ms): 2049.5 | throughput (samples/sec/per_device): 5.855 | learning rate: 7.535156E-06 | global batch size:    96 | action loss: 1.796784E-01 | loss scale: 1.0 | grad norm: 0.604334 | number of skipped iterations:   0 | number of nan iterations:   0 |
2026-08-23 01:03:48 [INFO] iteration      655/    1000 | consumed samples:        62880 | elapsed time per iteration (ms): 2379.4 | throughput (samples/sec/per_device): 5.043 | learning rate: 7.501282E-06 | global batch size:    96 | action loss: 1.490478E-01 | loss scale: 1.0 | grad norm: 0.563970 | number of skipped iterations:   0 | number of nan iterations:   0 |
2026-08-23 01:03:50 [INFO] iteration      656/    1000 | consumed samples:        62976 | elapsed time per iteration (ms): 1952.9 | throughput (samples/sec/per_device): 6.145 | learning rate: 7.467463E-06 | global batch size:    96 | action loss: 1.961513E-01 | loss scale: 1.0 | grad norm: 0.525178 | number of skipped iterations:   0 | number of nan iterations:   0 |
2026-08-23 01:03:53 [INFO] iteration      657/    1000 | consumed samples:        63072 | elapsed time per iteration (ms): 2663.1 | throughput (samples/sec/per_device): 4.506 | learning rate: 7.433699E-06 | global batch size:    96 | action loss: 1.689866E-01 | loss scale: 1.0 | grad norm: 0.531726 | number of skipped iterations:   0 | number of nan iterations:   0 |
2026-08-23 01:03:57 [INFO] iteration      658/    1000 | consumed samples:        63168 | elapsed time per iteration (ms): 3471.0 | throughput (samples/sec/per_device): 3.457 | learning rate: 7.399992E-06 | global batch size:    96 | action loss: 1.451436E-01 | loss scale: 1.0 | grad norm: 0.503456 | number of skipped iterations:   0 | number of nan iterations:   0 |
2026-08-23 01:03:59 [INFO] iteration      659/    1000 | consumed samples:        63264 | elapsed time per iteration (ms): 2348.1 | throughput (samples/sec/per_device): 5.111 | learning rate: 7.366341E-06 | global batch size:    96 | action loss: 1.830440E-01 | loss scale: 1.0 | grad norm: 0.527170 | number of skipped iterations:   0 | number of nan iterations:   0 |
2026-08-23 01:04:01 [INFO] iteration      660/    1000 | consumed samples:        63360 | elapsed time per iteration (ms): 2425.1 | throughput (samples/sec/per_device): 4.948 | learning rate: 7.332747E-06 | global batch size:    96 | action loss: 1.589461E-01 | loss scale: 1.0 | grad norm: 0.554118 | number of skipped iterations:   0 | number of nan iterations:   0 |
2026-08-23 01:04:01 [INFO] max time across ranks (ms):
    forward-backward................................: 2294.36
    forward-compute.................................: 276.33
    backward-compute................................: 2015.70
    batch-generator.................................: 1.60
    nan-grad-cleanup................................: 13.35
    grad-clip.......................................: 32.79
    optimizer.......................................: 84.86
    optimizer-inner-step............................: 84.72
    optimizer-scheduler-step........................: 0.09
    optimizer-zero-grad.............................: 0.77
2026-08-23 01:04:04 [INFO] iteration      661/    1000 | consumed samples:        63456 | elapsed time per iteration (ms): 2764.4 | throughput (samples/sec/per_device): 4.341 | learning rate: 7.299210E-06 | global batch size:    96 | action loss: 1.546153E-01 | loss scale: 1.0 | grad norm: 0.511345 | number of skipped iterations:   0 | number of nan iterations:   0 |
2026-08-23 01:04:07 [INFO] iteration      662/    1000 | consumed samples:        63552 | elapsed time per iteration (ms): 3349.1 | throughput (samples/sec/per_device): 3.583 | learning rate: 7.265730E-06 | global batch size:    96 | action loss: 1.521714E-01 | loss scale: 1.0 | grad norm: 0.537004 | number of skipped iterations:   0 | number of nan iterations:   0 |
2026-08-23 01:04:10 [INFO] iteration      663/    1000 | consumed samples:        63648 | elapsed time per iteration (ms): 2756.9 | throughput (samples/sec/per_device): 4.353 | learning rate: 7.232308E-06 | global batch size:    96 | action loss: 1.403234E-01 | loss scale: 1.0 | grad norm: 0.535258 | number of skipped iterations:   0 | number of nan iterations:   0 |
2026-08-23 01:04:13 [INFO] iteration      664/    1000 | consumed samples:        63744 | elapsed time per iteration (ms): 2866.9 | throughput (samples/sec/per_device): 4.186 | learning rate: 7.198945E-06 | global batch size:    96 | action loss: 1.547997E-01 | loss scale: 1.0 | grad norm: 0.560818 | number of skipped iterations:   0 | number of nan iterations:   0 |
2026-08-23 01:04:19 [INFO] iteration      665/    1000 | consumed samples:        63840 | elapsed time per iteration (ms): 5551.6 | throughput (samples/sec/per_device): 2.162 | learning rate: 7.165639E-06 | global batch size:    96 | action loss: 1.749249E-01 | loss scale: 1.0 | grad norm: 0.564265 | number of skipped iterations:   0 | number of nan iterations:   0 |
2026-08-23 01:04:21 [INFO] iteration      666/    1000 | consumed samples:        63936 | elapsed time per iteration (ms): 2202.5 | throughput (samples/sec/per_device): 5.448 | learning rate: 7.132392E-06 | global batch size:    96 | action loss: 1.765592E-01 | loss scale: 1.0 | grad norm: 0.539850 | number of skipped iterations:   0 | number of nan iterations:   0 |
2026-08-23 01:04:23 [INFO] iteration      667/    1000 | consumed samples:        64032 | elapsed time per iteration (ms): 2502.6 | throughput (samples/sec/per_device): 4.795 | learning rate: 7.099205E-06 | global batch size:    96 | action loss: 1.875402E-01 | loss scale: 1.0 | grad norm: 0.565424 | number of skipped iterations:   0 | number of nan iterations:   0 |
2026-08-23 01:04:26 [INFO] iteration      668/    1000 | consumed samples:        64128 | elapsed time per iteration (ms): 2394.2 | throughput (samples/sec/per_device): 5.012 | learning rate: 7.066077E-06 | global batch size:    96 | action loss: 1.520456E-01 | loss scale: 1.0 | grad norm: 0.552239 | number of skipped iterations:   0 | number of nan iterations:   0 |
2026-08-23 01:04:29 [INFO] iteration      669/    1000 | consumed samples:        64224 | elapsed time per iteration (ms): 3142.8 | throughput (samples/sec/per_device): 3.818 | learning rate: 7.033008E-06 | global batch size:    96 | action loss: 1.742612E-01 | loss scale: 1.0 | grad norm: 0.577712 | number of skipped iterations:   0 | number of nan iterations:   0 |
2026-08-23 01:04:31 [INFO] iteration      670/    1000 | consumed samples:        64320 | elapsed time per iteration (ms): 2611.0 | throughput (samples/sec/per_device): 4.596 | learning rate: 7.000000E-06 | global batch size:    96 | action loss: 1.304109E-01 | loss scale: 1.0 | grad norm: 0.621044 | number of skipped iterations:   0 | number of nan iterations:   0 |
2026-08-23 01:04:34 [INFO] iteration      671/    1000 | consumed samples:        64416 | elapsed time per iteration (ms): 2386.2 | throughput (samples/sec/per_device): 5.029 | learning rate: 6.967052E-06 | global batch size:    96 | action loss: 1.582265E-01 | loss scale: 1.0 | grad norm: 0.616706 | number of skipped iterations:   0 | number of nan iterations:   0 |
2026-08-23 01:04:36 [INFO] iteration      672/    1000 | consumed samples:        64512 | elapsed time per iteration (ms): 2568.0 | throughput (samples/sec/per_device): 4.673 | learning rate: 6.934165E-06 | global batch size:    96 | action loss: 1.517213E-01 | loss scale: 1.0 | grad norm: 0.539291 | number of skipped iterations:   0 | number of nan iterations:   0 |
2026-08-23 01:04:40 [INFO] iteration      673/    1000 | consumed samples:        64608 | elapsed time per iteration (ms): 3665.6 | throughput (samples/sec/per_device): 3.274 | learning rate: 6.901339E-06 | global batch size:    96 | action loss: 1.528652E-01 | loss scale: 1.0 | grad norm: 0.522578 | number of skipped iterations:   0 | number of nan iterations:   0 |
2026-08-23 01:04:43 [INFO] iteration      674/    1000 | consumed samples:        64704 | elapsed time per iteration (ms): 2779.5 | throughput (samples/sec/per_device): 4.317 | learning rate: 6.868574E-06 | global batch size:    96 | action loss: 1.455243E-01 | loss scale: 1.0 | grad norm: 0.565399 | number of skipped iterations:   0 | number of nan iterations:   0 |
2026-08-23 01:04:46 [INFO] iteration      675/    1000 | consumed samples:        64800 | elapsed time per iteration (ms): 3345.1 | throughput (samples/sec/per_device): 3.587 | learning rate: 6.835871E-06 | global batch size:    96 | action loss: 1.736498E-01 | loss scale: 1.0 | grad norm: 0.574686 | number of skipped iterations:   0 | number of nan iterations:   0 |
2026-08-23 01:04:48 [INFO] iteration      676/    1000 | consumed samples:        64896 | elapsed time per iteration (ms): 2241.1 | throughput (samples/sec/per_device): 5.355 | learning rate: 6.803230E-06 | global batch size:    96 | action loss: 1.754579E-01 | loss scale: 1.0 | grad norm: 0.588863 | number of skipped iterations:   0 | number of nan iterations:   0 |
2026-08-23 01:04:52 [INFO] iteration      677/    1000 | consumed samples:        64992 | elapsed time per iteration (ms): 3347.2 | throughput (samples/sec/per_device): 3.585 | learning rate: 6.770652E-06 | global batch size:    96 | action loss: 1.729533E-01 | loss scale: 1.0 | grad norm: 0.554734 | number of skipped iterations:   0 | number of nan iterations:   0 |
2026-08-23 01:04:54 [INFO] iteration      678/    1000 | consumed samples:        65088 | elapsed time per iteration (ms): 2425.3 | throughput (samples/sec/per_device): 4.948 | learning rate: 6.738136E-06 | global batch size:    96 | action loss: 1.477209E-01 | loss scale: 1.0 | grad norm: 0.569987 | number of skipped iterations:   0 | number of nan iterations:   0 |
2026-08-23 01:04:57 [INFO] iteration      679/    1000 | consumed samples:        65184 | elapsed time per iteration (ms): 2557.9 | throughput (samples/sec/per_device): 4.691 | learning rate: 6.705684E-06 | global batch size:    96 | action loss: 1.737028E-01 | loss scale: 1.0 | grad norm: 0.557504 | number of skipped iterations:   0 | number of nan iterations:   0 |
2026-08-23 01:04:59 [INFO] iteration      680/    1000 | consumed samples:        65280 | elapsed time per iteration (ms): 2675.2 | throughput (samples/sec/per_device): 4.486 | learning rate: 6.673294E-06 | global batch size:    96 | action loss: 1.706295E-01 | loss scale: 1.0 | grad norm: 0.539161 | number of skipped iterations:   0 | number of nan iterations:   0 |
2026-08-23 01:04:59 [INFO] max time across ranks (ms):
    forward-backward................................: 2544.59
    forward-compute.................................: 741.40
    backward-compute................................: 2265.16
    batch-generator.................................: 1.78
    nan-grad-cleanup................................: 13.27
    grad-clip.......................................: 33.00
    optimizer.......................................: 83.75
    optimizer-inner-step............................: 83.65
    optimizer-scheduler-step........................: 0.07
    optimizer-zero-grad.............................: 0.79
2026-08-23 01:05:03 [INFO] iteration      681/    1000 | consumed samples:        65376 | elapsed time per iteration (ms): 3319.9 | throughput (samples/sec/per_device): 3.615 | learning rate: 6.640969E-06 | global batch size:    96 | action loss: 1.413388E-01 | loss scale: 1.0 | grad norm: 0.500815 | number of skipped iterations:   0 | number of nan iterations:   0 |
2026-08-23 01:05:06 [INFO] iteration      682/    1000 | consumed samples:        65472 | elapsed time per iteration (ms): 2866.1 | throughput (samples/sec/per_device): 4.187 | learning rate: 6.608707E-06 | global batch size:    96 | action loss: 1.497960E-01 | loss scale: 1.0 | grad norm: 0.521304 | number of skipped iterations:   0 | number of nan iterations:   0 |
2026-08-23 01:05:09 [INFO] iteration      683/    1000 | consumed samples:        65568 | elapsed time per iteration (ms): 2880.2 | throughput (samples/sec/per_device): 4.166 | learning rate: 6.576510E-06 | global batch size:    96 | action loss: 1.483668E-01 | loss scale: 1.0 | grad norm: 0.515850 | number of skipped iterations:   0 | number of nan iterations:   0 |
2026-08-23 01:05:11 [INFO] iteration      684/    1000 | consumed samples:        65664 | elapsed time per iteration (ms): 2612.7 | throughput (samples/sec/per_device): 4.593 | learning rate: 6.544378E-06 | global batch size:    96 | action loss: 1.921344E-01 | loss scale: 1.0 | grad norm: 0.514363 | number of skipped iterations:   0 | number of nan iterations:   0 |
2026-08-23 01:05:15 [INFO] iteration      685/    1000 | consumed samples:        65760 | elapsed time per iteration (ms): 3846.8 | throughput (samples/sec/per_device): 3.119 | learning rate: 6.512310E-06 | global batch size:    96 | action loss: 1.676613E-01 | loss scale: 1.0 | grad norm: 0.530231 | number of skipped iterations:   0 | number of nan iterations:   0 |
2026-08-23 01:05:18 [INFO] iteration      686/    1000 | consumed samples:        65856 | elapsed time per iteration (ms): 2628.2 | throughput (samples/sec/per_device): 4.566 | learning rate: 6.480308E-06 | global batch size:    96 | action loss: 1.418707E-01 | loss scale: 1.0 | grad norm: 0.534238 | number of skipped iterations:   0 | number of nan iterations:   0 |
2026-08-23 01:05:22 [INFO] iteration      687/    1000 | consumed samples:        65952 | elapsed time per iteration (ms): 4552.8 | throughput (samples/sec/per_device): 2.636 | learning rate: 6.448372E-06 | global batch size:    96 | action loss: 1.642484E-01 | loss scale: 1.0 | grad norm: 0.514029 | number of skipped iterations:   0 | number of nan iterations:   0 |
2026-08-23 01:05:26 [INFO] iteration      688/    1000 | consumed samples:        66048 | elapsed time per iteration (ms): 3558.0 | throughput (samples/sec/per_device): 3.373 | learning rate: 6.416501E-06 | global batch size:    96 | action loss: 1.548992E-01 | loss scale: 1.0 | grad norm: 0.530952 | number of skipped iterations:   0 | number of nan iterations:   0 |
2026-08-23 01:05:29 [INFO] iteration      689/    1000 | consumed samples:        66144 | elapsed time per iteration (ms): 2800.8 | throughput (samples/sec/per_device): 4.284 | learning rate: 6.384697E-06 | global batch size:    96 | action loss: 1.564494E-01 | loss scale: 1.0 | grad norm: 0.520596 | number of skipped iterations:   0 | number of nan iterations:   0 |
2026-08-23 01:05:31 [INFO] iteration      690/    1000 | consumed samples:        66240 | elapsed time per iteration (ms): 2347.6 | throughput (samples/sec/per_device): 5.112 | learning rate: 6.352959E-06 | global batch size:    96 | action loss: 1.554639E-01 | loss scale: 1.0 | grad norm: 0.495900 | number of skipped iterations:   0 | number of nan iterations:   0 |
2026-08-23 01:05:34 [INFO] iteration      691/    1000 | consumed samples:        66336 | elapsed time per iteration (ms): 3259.5 | throughput (samples/sec/per_device): 3.682 | learning rate: 6.321289E-06 | global batch size:    96 | action loss: 1.402140E-01 | loss scale: 1.0 | grad norm: 0.520028 | number of skipped iterations:   0 | number of nan iterations:   0 |
2026-08-23 01:05:38 [INFO] iteration      692/    1000 | consumed samples:        66432 | elapsed time per iteration (ms): 3758.7 | throughput (samples/sec/per_device): 3.193 | learning rate: 6.289685E-06 | global batch size:    96 | action loss: 1.575473E-01 | loss scale: 1.0 | grad norm: 0.509447 | number of skipped iterations:   0 | number of nan iterations:   0 |
2026-08-23 01:05:41 [INFO] iteration      693/    1000 | consumed samples:        66528 | elapsed time per iteration (ms): 2736.9 | throughput (samples/sec/per_device): 4.384 | learning rate: 6.258149E-06 | global batch size:    96 | action loss: 1.449195E-01 | loss scale: 1.0 | grad norm: 0.521248 | number of skipped iterations:   0 | number of nan iterations:   0 |
2026-08-23 01:05:44 [INFO] iteration      694/    1000 | consumed samples:        66624 | elapsed time per iteration (ms): 3481.4 | throughput (samples/sec/per_device): 3.447 | learning rate: 6.226681E-06 | global batch size:    96 | action loss: 1.571113E-01 | loss scale: 1.0 | grad norm: 0.485416 | number of skipped iterations:   0 | number of nan iterations:   0 |
2026-08-23 01:05:48 [INFO] iteration      695/    1000 | consumed samples:        66720 | elapsed time per iteration (ms): 3543.3 | throughput (samples/sec/per_device): 3.387 | learning rate: 6.195282E-06 | global batch size:    96 | action loss: 1.726672E-01 | loss scale: 1.0 | grad norm: 0.519013 | number of skipped iterations:   0 | number of nan iterations:   0 |
2026-08-23 01:05:50 [INFO] iteration      696/    1000 | consumed samples:        66816 | elapsed time per iteration (ms): 2262.4 | throughput (samples/sec/per_device): 5.304 | learning rate: 6.163950E-06 | global batch size:    96 | action loss: 1.461767E-01 | loss scale: 1.0 | grad norm: 0.514048 | number of skipped iterations:   0 | number of nan iterations:   0 |
2026-08-23 01:05:53 [INFO] iteration      697/    1000 | consumed samples:        66912 | elapsed time per iteration (ms): 2824.9 | throughput (samples/sec/per_device): 4.248 | learning rate: 6.132688E-06 | global batch size:    96 | action loss: 1.485096E-01 | loss scale: 1.0 | grad norm: 0.604676 | number of skipped iterations:   0 | number of nan iterations:   0 |
2026-08-23 01:05:55 [INFO] iteration      698/    1000 | consumed samples:        67008 | elapsed time per iteration (ms): 2724.6 | throughput (samples/sec/per_device): 4.404 | learning rate: 6.101495E-06 | global batch size:    96 | action loss: 1.448015E-01 | loss scale: 1.0 | grad norm: 0.587599 | number of skipped iterations:   0 | number of nan iterations:   0 |
2026-08-23 01:05:59 [INFO] iteration      699/    1000 | consumed samples:        67104 | elapsed time per iteration (ms): 3910.0 | throughput (samples/sec/per_device): 3.069 | learning rate: 6.070371E-06 | global batch size:    96 | action loss: 1.619914E-01 | loss scale: 1.0 | grad norm: 0.521158 | number of skipped iterations:   0 | number of nan iterations:   0 |
2026-08-23 01:06:02 [INFO] iteration      700/    1000 | consumed samples:        67200 | elapsed time per iteration (ms): 2862.1 | throughput (samples/sec/per_device): 4.193 | learning rate: 6.039317E-06 | global batch size:    96 | action loss: 1.635315E-01 | loss scale: 1.0 | grad norm: 0.525900 | number of skipped iterations:   0 | number of nan iterations:   0 |
2026-08-23 01:06:02 [INFO] max time across ranks (ms):
    forward-backward................................: 2698.90
    forward-compute.................................: 1119.68
    backward-compute................................: 2420.26
    batch-generator.................................: 1.54
    nan-grad-cleanup................................: 13.10
    grad-clip.......................................: 32.74
    optimizer.......................................: 116.37
    optimizer-inner-step............................: 116.24
    optimizer-scheduler-step........................: 0.05
    optimizer-zero-grad.............................: 0.57
2026-08-23 01:06:03 [INFO] ScheduledPowerSGDPlusState restart: iter=599 compressed_iter=597 method=approximate rank=1 apply_exact=False
2026-08-23 01:06:09 [INFO] iteration      701/    1000 | consumed samples:        67296 | elapsed time per iteration (ms): 6472.9 | throughput (samples/sec/per_device): 1.854 | learning rate: 6.008333E-06 | global batch size:    96 | action loss: 1.707643E-01 | loss scale: 1.0 | grad norm: 0.647480 | number of skipped iterations:   0 | number of nan iterations:   0 |
2026-08-23 01:06:13 [INFO] iteration      702/    1000 | consumed samples:        67392 | elapsed time per iteration (ms): 4705.8 | throughput (samples/sec/per_device): 2.550 | learning rate: 5.977420E-06 | global batch size:    96 | action loss: 1.802123E-01 | loss scale: 1.0 | grad norm: 0.522861 | number of skipped iterations:   0 | number of nan iterations:   0 |
2026-08-23 01:06:17 [INFO] iteration      703/    1000 | consumed samples:        67488 | elapsed time per iteration (ms): 3518.2 | throughput (samples/sec/per_device): 3.411 | learning rate: 5.946577E-06 | global batch size:    96 | action loss: 1.415929E-01 | loss scale: 1.0 | grad norm: 0.539156 | number of skipped iterations:   0 | number of nan iterations:   0 |
2026-08-23 01:06:19 [INFO] iteration      704/    1000 | consumed samples:        67584 | elapsed time per iteration (ms): 2042.9 | throughput (samples/sec/per_device): 5.874 | learning rate: 5.915805E-06 | global batch size:    96 | action loss: 1.406302E-01 | loss scale: 1.0 | grad norm: 0.560624 | number of skipped iterations:   0 | number of nan iterations:   0 |
2026-08-23 01:06:25 [INFO] iteration      705/    1000 | consumed samples:        67680 | elapsed time per iteration (ms): 5747.4 | throughput (samples/sec/per_device): 2.088 | learning rate: 5.885105E-06 | global batch size:    96 | action loss: 1.665369E-01 | loss scale: 1.0 | grad norm: 0.530896 | number of skipped iterations:   0 | number of nan iterations:   0 |
2026-08-23 01:06:27 [INFO] iteration      706/    1000 | consumed samples:        67776 | elapsed time per iteration (ms): 2176.9 | throughput (samples/sec/per_device): 5.512 | learning rate: 5.854476E-06 | global batch size:    96 | action loss: 1.698521E-01 | loss scale: 1.0 | grad norm: 0.493004 | number of skipped iterations:   0 | number of nan iterations:   0 |
2026-08-23 01:06:29 [INFO] iteration      707/    1000 | consumed samples:        67872 | elapsed time per iteration (ms): 2453.1 | throughput (samples/sec/per_device): 4.892 | learning rate: 5.823919E-06 | global batch size:    96 | action loss: 1.656345E-01 | loss scale: 1.0 | grad norm: 0.517368 | number of skipped iterations:   0 | number of nan iterations:   0 |
2026-08-23 01:06:33 [INFO] iteration      708/    1000 | consumed samples:        67968 | elapsed time per iteration (ms): 3841.6 | throughput (samples/sec/per_device): 3.124 | learning rate: 5.793435E-06 | global batch size:    96 | action loss: 1.506591E-01 | loss scale: 1.0 | grad norm: 0.506578 | number of skipped iterations:   0 | number of nan iterations:   0 |
2026-08-23 01:06:36 [INFO] iteration      709/    1000 | consumed samples:        68064 | elapsed time per iteration (ms): 2536.3 | throughput (samples/sec/per_device): 4.731 | learning rate: 5.763023E-06 | global batch size:    96 | action loss: 1.587137E-01 | loss scale: 1.0 | grad norm: 0.498768 | number of skipped iterations:   0 | number of nan iterations:   0 |
2026-08-23 01:06:38 [INFO] iteration      710/    1000 | consumed samples:        68160 | elapsed time per iteration (ms): 2212.7 | throughput (samples/sec/per_device): 5.423 | learning rate: 5.732684E-06 | global batch size:    96 | action loss: 1.495458E-01 | loss scale: 1.0 | grad norm: 0.535179 | number of skipped iterations:   0 | number of nan iterations:   0 |
2026-08-23 01:06:40 [INFO] iteration      711/    1000 | consumed samples:        68256 | elapsed time per iteration (ms): 2440.5 | throughput (samples/sec/per_device): 4.917 | learning rate: 5.702418E-06 | global batch size:    96 | action loss: 1.508379E-01 | loss scale: 1.0 | grad norm: 0.543020 | number of skipped iterations:   0 | number of nan iterations:   0 |
2026-08-23 01:06:45 [INFO] iteration      712/    1000 | consumed samples:        68352 | elapsed time per iteration (ms): 4337.0 | throughput (samples/sec/per_device): 2.767 | learning rate: 5.672225E-06 | global batch size:    96 | action loss: 1.456349E-01 | loss scale: 1.0 | grad norm: 0.523471 | number of skipped iterations:   0 | number of nan iterations:   0 |
2026-08-23 01:06:48 [INFO] iteration      713/    1000 | consumed samples:        68448 | elapsed time per iteration (ms): 3006.9 | throughput (samples/sec/per_device): 3.991 | learning rate: 5.642107E-06 | global batch size:    96 | action loss: 1.603280E-01 | loss scale: 1.0 | grad norm: 0.487095 | number of skipped iterations:   0 | number of nan iterations:   0 |
2026-08-23 01:06:50 [INFO] iteration      714/    1000 | consumed samples:        68544 | elapsed time per iteration (ms): 2663.2 | throughput (samples/sec/per_device): 4.506 | learning rate: 5.612062E-06 | global batch size:    96 | action loss: 1.444069E-01 | loss scale: 1.0 | grad norm: 0.512530 | number of skipped iterations:   0 | number of nan iterations:   0 |
2026-08-23 01:06:53 [INFO] iteration      715/    1000 | consumed samples:        68640 | elapsed time per iteration (ms): 2726.1 | throughput (samples/sec/per_device): 4.402 | learning rate: 5.582092E-06 | global batch size:    96 | action loss: 1.396792E-01 | loss scale: 1.0 | grad norm: 0.510408 | number of skipped iterations:   0 | number of nan iterations:   0 |
2026-08-23 01:06:57 [INFO] iteration      716/    1000 | consumed samples:        68736 | elapsed time per iteration (ms): 3674.6 | throughput (samples/sec/per_device): 3.266 | learning rate: 5.552197E-06 | global batch size:    96 | action loss: 1.653903E-01 | loss scale: 1.0 | grad norm: 0.502473 | number of skipped iterations:   0 | number of nan iterations:   0 |
2026-08-23 01:07:00 [INFO] iteration      717/    1000 | consumed samples:        68832 | elapsed time per iteration (ms): 2789.6 | throughput (samples/sec/per_device): 4.302 | learning rate: 5.522376E-06 | global batch size:    96 | action loss: 1.580035E-01 | loss scale: 1.0 | grad norm: 0.476092 | number of skipped iterations:   0 | number of nan iterations:   0 |
2026-08-23 01:07:02 [INFO] iteration      718/    1000 | consumed samples:        68928 | elapsed time per iteration (ms): 2838.9 | throughput (samples/sec/per_device): 4.227 | learning rate: 5.492631E-06 | global batch size:    96 | action loss: 1.636996E-01 | loss scale: 1.0 | grad norm: 0.491525 | number of skipped iterations:   0 | number of nan iterations:   0 |
2026-08-23 01:07:05 [INFO] iteration      719/    1000 | consumed samples:        69024 | elapsed time per iteration (ms): 2385.2 | throughput (samples/sec/per_device): 5.031 | learning rate: 5.462962E-06 | global batch size:    96 | action loss: 1.558559E-01 | loss scale: 1.0 | grad norm: 0.480105 | number of skipped iterations:   0 | number of nan iterations:   0 |
2026-08-23 01:07:08 [INFO] iteration      720/    1000 | consumed samples:        69120 | elapsed time per iteration (ms): 3568.4 | throughput (samples/sec/per_device): 3.363 | learning rate: 5.433368E-06 | global batch size:    96 | action loss: 1.683237E-01 | loss scale: 1.0 | grad norm: 0.492861 | number of skipped iterations:   0 | number of nan iterations:   0 |
2026-08-23 01:07:08 [INFO] max time across ranks (ms):
    forward-backward................................: 3437.14
    forward-compute.................................: 495.31
    backward-compute................................: 3160.97
    batch-generator.................................: 2.48
    nan-grad-cleanup................................: 13.38
    grad-clip.......................................: 31.95
    optimizer.......................................: 85.07
    optimizer-inner-step............................: 84.97
    optimizer-scheduler-step........................: 0.08
    optimizer-zero-grad.............................: 0.73
2026-08-23 01:07:12 [INFO] iteration      721/    1000 | consumed samples:        69216 | elapsed time per iteration (ms): 3350.3 | throughput (samples/sec/per_device): 3.582 | learning rate: 5.403851E-06 | global batch size:    96 | action loss: 1.373912E-01 | loss scale: 1.0 | grad norm: 0.507336 | number of skipped iterations:   0 | number of nan iterations:   0 |
2026-08-23 01:07:14 [INFO] iteration      722/    1000 | consumed samples:        69312 | elapsed time per iteration (ms): 2626.1 | throughput (samples/sec/per_device): 4.570 | learning rate: 5.374410E-06 | global batch size:    96 | action loss: 1.534922E-01 | loss scale: 1.0 | grad norm: 0.522105 | number of skipped iterations:   0 | number of nan iterations:   0 |
2026-08-23 01:07:17 [INFO] iteration      723/    1000 | consumed samples:        69408 | elapsed time per iteration (ms): 2495.0 | throughput (samples/sec/per_device): 4.810 | learning rate: 5.345045E-06 | global batch size:    96 | action loss: 1.684701E-01 | loss scale: 1.0 | grad norm: 0.485463 | number of skipped iterations:   0 | number of nan iterations:   0 |
2026-08-23 01:07:20 [INFO] iteration      724/    1000 | consumed samples:        69504 | elapsed time per iteration (ms): 3203.1 | throughput (samples/sec/per_device): 3.746 | learning rate: 5.315758E-06 | global batch size:    96 | action loss: 1.503453E-01 | loss scale: 1.0 | grad norm: 0.492490 | number of skipped iterations:   0 | number of nan iterations:   0 |
2026-08-23 01:07:23 [INFO] iteration      725/    1000 | consumed samples:        69600 | elapsed time per iteration (ms): 2808.8 | throughput (samples/sec/per_device): 4.272 | learning rate: 5.286549E-06 | global batch size:    96 | action loss: 1.441750E-01 | loss scale: 1.0 | grad norm: 0.481486 | number of skipped iterations:   0 | number of nan iterations:   0 |
2026-08-23 01:07:28 [INFO] iteration      726/    1000 | consumed samples:        69696 | elapsed time per iteration (ms): 5011.5 | throughput (samples/sec/per_device): 2.394 | learning rate: 5.257417E-06 | global batch size:    96 | action loss: 1.479598E-01 | loss scale: 1.0 | grad norm: 0.544845 | number of skipped iterations:   0 | number of nan iterations:   0 |
2026-08-23 01:07:32 [INFO] iteration      727/    1000 | consumed samples:        69792 | elapsed time per iteration (ms): 3778.6 | throughput (samples/sec/per_device): 3.176 | learning rate: 5.228363E-06 | global batch size:    96 | action loss: 1.602958E-01 | loss scale: 1.0 | grad norm: 0.541775 | number of skipped iterations:   0 | number of nan iterations:   0 |
2026-08-23 01:07:35 [INFO] iteration      728/    1000 | consumed samples:        69888 | elapsed time per iteration (ms): 3221.4 | throughput (samples/sec/per_device): 3.725 | learning rate: 5.199387E-06 | global batch size:    96 | action loss: 1.397583E-01 | loss scale: 1.0 | grad norm: 0.530574 | number of skipped iterations:   0 | number of nan iterations:   0 |
2026-08-23 01:07:38 [INFO] iteration      729/    1000 | consumed samples:        69984 | elapsed time per iteration (ms): 2866.9 | throughput (samples/sec/per_device): 4.186 | learning rate: 5.170490E-06 | global batch size:    96 | action loss: 1.565646E-01 | loss scale: 1.0 | grad norm: 0.552150 | number of skipped iterations:   0 | number of nan iterations:   0 |
2026-08-23 01:07:41 [INFO] iteration      730/    1000 | consumed samples:        70080 | elapsed time per iteration (ms): 3617.5 | throughput (samples/sec/per_device): 3.317 | learning rate: 5.141671E-06 | global batch size:    96 | action loss: 1.629280E-01 | loss scale: 1.0 | grad norm: 0.540242 | number of skipped iterations:   0 | number of nan iterations:   0 |
2026-08-23 01:07:45 [INFO] iteration      731/    1000 | consumed samples:        70176 | elapsed time per iteration (ms): 3429.9 | throughput (samples/sec/per_device): 3.499 | learning rate: 5.112932E-06 | global batch size:    96 | action loss: 1.567879E-01 | loss scale: 1.0 | grad norm: 0.528486 | number of skipped iterations:   0 | number of nan iterations:   0 |
2026-08-23 01:07:47 [INFO] iteration      732/    1000 | consumed samples:        70272 | elapsed time per iteration (ms): 2341.4 | throughput (samples/sec/per_device): 5.125 | learning rate: 5.084272E-06 | global batch size:    96 | action loss: 1.724341E-01 | loss scale: 1.0 | grad norm: 0.560221 | number of skipped iterations:   0 | number of nan iterations:   0 |
2026-08-23 01:07:50 [INFO] iteration      733/    1000 | consumed samples:        70368 | elapsed time per iteration (ms): 2359.5 | throughput (samples/sec/per_device): 5.086 | learning rate: 5.055692E-06 | global batch size:    96 | action loss: 1.434264E-01 | loss scale: 1.0 | grad norm: 0.533001 | number of skipped iterations:   0 | number of nan iterations:   0 |
2026-08-23 01:07:53 [INFO] iteration      734/    1000 | consumed samples:        70464 | elapsed time per iteration (ms): 3777.3 | throughput (samples/sec/per_device): 3.177 | learning rate: 5.027192E-06 | global batch size:    96 | action loss: 1.428853E-01 | loss scale: 1.0 | grad norm: 0.493949 | number of skipped iterations:   0 | number of nan iterations:   0 |
2026-08-23 01:07:56 [INFO] iteration      735/    1000 | consumed samples:        70560 | elapsed time per iteration (ms): 3011.5 | throughput (samples/sec/per_device): 3.985 | learning rate: 4.998772E-06 | global batch size:    96 | action loss: 1.688486E-01 | loss scale: 1.0 | grad norm: 0.581044 | number of skipped iterations:   0 | number of nan iterations:   0 |
2026-08-23 01:07:59 [INFO] iteration      736/    1000 | consumed samples:        70656 | elapsed time per iteration (ms): 3008.5 | throughput (samples/sec/per_device): 3.989 | learning rate: 4.970433E-06 | global batch size:    96 | action loss: 1.451961E-01 | loss scale: 1.0 | grad norm: 0.538482 | number of skipped iterations:   0 | number of nan iterations:   0 |
2026-08-23 01:08:02 [INFO] iteration      737/    1000 | consumed samples:        70752 | elapsed time per iteration (ms): 2725.4 | throughput (samples/sec/per_device): 4.403 | learning rate: 4.942174E-06 | global batch size:    96 | action loss: 1.704223E-01 | loss scale: 1.0 | grad norm: 0.548817 | number of skipped iterations:   0 | number of nan iterations:   0 |
2026-08-23 01:08:06 [INFO] iteration      738/    1000 | consumed samples:        70848 | elapsed time per iteration (ms): 3995.4 | throughput (samples/sec/per_device): 3.003 | learning rate: 4.913997E-06 | global batch size:    96 | action loss: 1.611870E-01 | loss scale: 1.0 | grad norm: 0.539402 | number of skipped iterations:   0 | number of nan iterations:   0 |
2026-08-23 01:08:09 [INFO] iteration      739/    1000 | consumed samples:        70944 | elapsed time per iteration (ms): 2702.2 | throughput (samples/sec/per_device): 4.441 | learning rate: 4.885901E-06 | global batch size:    96 | action loss: 1.647861E-01 | loss scale: 1.0 | grad norm: 0.516624 | number of skipped iterations:   0 | number of nan iterations:   0 |
2026-08-23 01:08:11 [INFO] iteration      740/    1000 | consumed samples:        71040 | elapsed time per iteration (ms): 2620.9 | throughput (samples/sec/per_device): 4.579 | learning rate: 4.857887E-06 | global batch size:    96 | action loss: 1.659979E-01 | loss scale: 1.0 | grad norm: 0.526653 | number of skipped iterations:   0 | number of nan iterations:   0 |
2026-08-23 01:08:11 [INFO] max time across ranks (ms):
    forward-backward................................: 2483.77
    forward-compute.................................: 1012.70
    backward-compute................................: 2205.04
    batch-generator.................................: 2.69
    nan-grad-cleanup................................: 14.46
    grad-clip.......................................: 38.18
    optimizer.......................................: 91.35
    optimizer-inner-step............................: 91.20
    optimizer-scheduler-step........................: 0.09
    optimizer-zero-grad.............................: 1.01
2026-08-23 01:08:14 [INFO] iteration      741/    1000 | consumed samples:        71136 | elapsed time per iteration (ms): 2281.9 | throughput (samples/sec/per_device): 5.259 | learning rate: 4.829955E-06 | global batch size:    96 | action loss: 1.687796E-01 | loss scale: 1.0 | grad norm: 0.535491 | number of skipped iterations:   0 | number of nan iterations:   0 |
2026-08-23 01:08:17 [INFO] iteration      742/    1000 | consumed samples:        71232 | elapsed time per iteration (ms): 3714.7 | throughput (samples/sec/per_device): 3.230 | learning rate: 4.802105E-06 | global batch size:    96 | action loss: 1.674557E-01 | loss scale: 1.0 | grad norm: 0.542819 | number of skipped iterations:   0 | number of nan iterations:   0 |
2026-08-23 01:08:20 [INFO] iteration      743/    1000 | consumed samples:        71328 | elapsed time per iteration (ms): 2663.1 | throughput (samples/sec/per_device): 4.506 | learning rate: 4.774338E-06 | global batch size:    96 | action loss: 1.538690E-01 | loss scale: 1.0 | grad norm: 0.532996 | number of skipped iterations:   0 | number of nan iterations:   0 |
2026-08-23 01:08:23 [INFO] iteration      744/    1000 | consumed samples:        71424 | elapsed time per iteration (ms): 2815.6 | throughput (samples/sec/per_device): 4.262 | learning rate: 4.746653E-06 | global batch size:    96 | action loss: 1.661739E-01 | loss scale: 1.0 | grad norm: 0.523821 | number of skipped iterations:   0 | number of nan iterations:   0 |
2026-08-23 01:08:26 [INFO] iteration      745/    1000 | consumed samples:        71520 | elapsed time per iteration (ms): 3586.5 | throughput (samples/sec/per_device): 3.346 | learning rate: 4.719052E-06 | global batch size:    96 | action loss: 1.613564E-01 | loss scale: 1.0 | grad norm: 0.539239 | number of skipped iterations:   0 | number of nan iterations:   0 |
2026-08-23 01:08:31 [INFO] iteration      746/    1000 | consumed samples:        71616 | elapsed time per iteration (ms): 4812.0 | throughput (samples/sec/per_device): 2.494 | learning rate: 4.691534E-06 | global batch size:    96 | action loss: 1.774689E-01 | loss scale: 1.0 | grad norm: 0.516244 | number of skipped iterations:   0 | number of nan iterations:   0 |
2026-08-23 01:08:34 [INFO] iteration      747/    1000 | consumed samples:        71712 | elapsed time per iteration (ms): 2720.7 | throughput (samples/sec/per_device): 4.411 | learning rate: 4.664100E-06 | global batch size:    96 | action loss: 1.490654E-01 | loss scale: 1.0 | grad norm: 0.561536 | number of skipped iterations:   0 | number of nan iterations:   0 |
2026-08-23 01:08:38 [INFO] iteration      748/    1000 | consumed samples:        71808 | elapsed time per iteration (ms): 3569.6 | throughput (samples/sec/per_device): 3.362 | learning rate: 4.636749E-06 | global batch size:    96 | action loss: 1.614450E-01 | loss scale: 1.0 | grad norm: 0.547902 | number of skipped iterations:   0 | number of nan iterations:   0 |
2026-08-23 01:08:40 [INFO] iteration      749/    1000 | consumed samples:        71904 | elapsed time per iteration (ms): 2668.1 | throughput (samples/sec/per_device): 4.498 | learning rate: 4.609483E-06 | global batch size:    96 | action loss: 1.428341E-01 | loss scale: 1.0 | grad norm: 0.518390 | number of skipped iterations:   0 | number of nan iterations:   0 |
2026-08-23 01:08:43 [INFO] iteration      750/    1000 | consumed samples:        72000 | elapsed time per iteration (ms): 2951.7 | throughput (samples/sec/per_device): 4.065 | learning rate: 4.582301E-06 | global batch size:    96 | action loss: 1.615468E-01 | loss scale: 1.0 | grad norm: 0.537931 | number of skipped iterations:   0 | number of nan iterations:   0 |
2026-08-23 01:08:44 [INFO] ScheduledPowerSGDPlusState restart: iter=649 compressed_iter=647 method=approximate rank=1 apply_exact=False
2026-08-23 01:08:50 [INFO] iteration      751/    1000 | consumed samples:        72096 | elapsed time per iteration (ms): 7305.1 | throughput (samples/sec/per_device): 1.643 | learning rate: 4.555204E-06 | global batch size:    96 | action loss: 1.573794E-01 | loss scale: 1.0 | grad norm: 0.621641 | number of skipped iterations:   0 | number of nan iterations:   0 |
2026-08-23 01:08:54 [INFO] iteration      752/    1000 | consumed samples:        72192 | elapsed time per iteration (ms): 3595.1 | throughput (samples/sec/per_device): 3.338 | learning rate: 4.528193E-06 | global batch size:    96 | action loss: 1.524889E-01 | loss scale: 1.0 | grad norm: 0.513321 | number of skipped iterations:   0 | number of nan iterations:   0 |
2026-08-23 01:08:58 [INFO] iteration      753/    1000 | consumed samples:        72288 | elapsed time per iteration (ms): 3646.3 | throughput (samples/sec/per_device): 3.291 | learning rate: 4.501266E-06 | global batch size:    96 | action loss: 1.844397E-01 | loss scale: 1.0 | grad norm: 0.509025 | number of skipped iterations:   0 | number of nan iterations:   0 |
2026-08-23 01:09:01 [INFO] iteration      754/    1000 | consumed samples:        72384 | elapsed time per iteration (ms): 3083.0 | throughput (samples/sec/per_device): 3.892 | learning rate: 4.474425E-06 | global batch size:    96 | action loss: 1.474527E-01 | loss scale: 1.0 | grad norm: 0.526174 | number of skipped iterations:   0 | number of nan iterations:   0 |
2026-08-23 01:09:03 [INFO] iteration      755/    1000 | consumed samples:        72480 | elapsed time per iteration (ms): 2523.2 | throughput (samples/sec/per_device): 4.756 | learning rate: 4.447670E-06 | global batch size:    96 | action loss: 1.639972E-01 | loss scale: 1.0 | grad norm: 0.517825 | number of skipped iterations:   0 | number of nan iterations:   0 |
2026-08-23 01:09:05 [INFO] iteration      756/    1000 | consumed samples:        72576 | elapsed time per iteration (ms): 2010.6 | throughput (samples/sec/per_device): 5.968 | learning rate: 4.421001E-06 | global batch size:    96 | action loss: 1.712706E-01 | loss scale: 1.0 | grad norm: 0.509662 | number of skipped iterations:   0 | number of nan iterations:   0 |
2026-08-23 01:09:08 [INFO] iteration      757/    1000 | consumed samples:        72672 | elapsed time per iteration (ms): 2472.7 | throughput (samples/sec/per_device): 4.853 | learning rate: 4.394418E-06 | global batch size:    96 | action loss: 1.441299E-01 | loss scale: 1.0 | grad norm: 0.514278 | number of skipped iterations:   0 | number of nan iterations:   0 |
2026-08-23 01:09:12 [INFO] iteration      758/    1000 | consumed samples:        72768 | elapsed time per iteration (ms): 3840.1 | throughput (samples/sec/per_device): 3.125 | learning rate: 4.367922E-06 | global batch size:    96 | action loss: 1.604383E-01 | loss scale: 1.0 | grad norm: 0.504298 | number of skipped iterations:   0 | number of nan iterations:   0 |
2026-08-23 01:09:14 [INFO] iteration      759/    1000 | consumed samples:        72864 | elapsed time per iteration (ms): 2637.2 | throughput (samples/sec/per_device): 4.550 | learning rate: 4.341513E-06 | global batch size:    96 | action loss: 1.541854E-01 | loss scale: 1.0 | grad norm: 0.533749 | number of skipped iterations:   0 | number of nan iterations:   0 |
2026-08-23 01:09:17 [INFO] iteration      760/    1000 | consumed samples:        72960 | elapsed time per iteration (ms): 3083.8 | throughput (samples/sec/per_device): 3.891 | learning rate: 4.315192E-06 | global batch size:    96 | action loss: 1.371437E-01 | loss scale: 1.0 | grad norm: 0.519974 | number of skipped iterations:   0 | number of nan iterations:   0 |
2026-08-23 01:09:17 [INFO] max time across ranks (ms):
    forward-backward................................: 2952.02
    forward-compute.................................: 997.26
    backward-compute................................: 2674.41
    batch-generator.................................: 1.50
    nan-grad-cleanup................................: 13.54
    grad-clip.......................................: 33.23
    optimizer.......................................: 85.15
    optimizer-inner-step............................: 85.06
    optimizer-scheduler-step........................: 0.09
    optimizer-zero-grad.............................: 0.79
2026-08-23 01:09:20 [INFO] iteration      761/    1000 | consumed samples:        73056 | elapsed time per iteration (ms): 2319.0 | throughput (samples/sec/per_device): 5.175 | learning rate: 4.288957E-06 | global batch size:    96 | action loss: 1.486181E-01 | loss scale: 1.0 | grad norm: 0.497837 | number of skipped iterations:   0 | number of nan iterations:   0 |
2026-08-23 01:09:24 [INFO] iteration      762/    1000 | consumed samples:        73152 | elapsed time per iteration (ms): 3797.4 | throughput (samples/sec/per_device): 3.160 | learning rate: 4.262811E-06 | global batch size:    96 | action loss: 1.821635E-01 | loss scale: 1.0 | grad norm: 0.509034 | number of skipped iterations:   0 | number of nan iterations:   0 |
2026-08-23 01:09:26 [INFO] iteration      763/    1000 | consumed samples:        73248 | elapsed time per iteration (ms): 2322.5 | throughput (samples/sec/per_device): 5.167 | learning rate: 4.236752E-06 | global batch size:    96 | action loss: 1.503879E-01 | loss scale: 1.0 | grad norm: 0.506724 | number of skipped iterations:   0 | number of nan iterations:   0 |
2026-08-23 01:09:28 [INFO] iteration      764/    1000 | consumed samples:        73344 | elapsed time per iteration (ms): 2337.1 | throughput (samples/sec/per_device): 5.135 | learning rate: 4.210781E-06 | global batch size:    96 | action loss: 1.664290E-01 | loss scale: 1.0 | grad norm: 0.498573 | number of skipped iterations:   0 | number of nan iterations:   0 |
2026-08-23 01:09:31 [INFO] iteration      765/    1000 | consumed samples:        73440 | elapsed time per iteration (ms): 2593.5 | throughput (samples/sec/per_device): 4.627 | learning rate: 4.184899E-06 | global batch size:    96 | action loss: 1.646127E-01 | loss scale: 1.0 | grad norm: 0.542400 | number of skipped iterations:   0 | number of nan iterations:   0 |
2026-08-23 01:09:36 [INFO] iteration      766/    1000 | consumed samples:        73536 | elapsed time per iteration (ms): 5575.7 | throughput (samples/sec/per_device): 2.152 | learning rate: 4.159106E-06 | global batch size:    96 | action loss: 1.542982E-01 | loss scale: 1.0 | grad norm: 0.519990 | number of skipped iterations:   0 | number of nan iterations:   0 |
2026-08-23 01:09:39 [INFO] iteration      767/    1000 | consumed samples:        73632 | elapsed time per iteration (ms): 2754.4 | throughput (samples/sec/per_device): 4.357 | learning rate: 4.133402E-06 | global batch size:    96 | action loss: 1.574482E-01 | loss scale: 1.0 | grad norm: 0.518176 | number of skipped iterations:   0 | number of nan iterations:   0 |
2026-08-23 01:09:41 [INFO] iteration      768/    1000 | consumed samples:        73728 | elapsed time per iteration (ms): 2193.5 | throughput (samples/sec/per_device): 5.471 | learning rate: 4.107787E-06 | global batch size:    96 | action loss: 1.553227E-01 | loss scale: 1.0 | grad norm: 0.530402 | number of skipped iterations:   0 | number of nan iterations:   0 |
2026-08-23 01:09:45 [INFO] iteration      769/    1000 | consumed samples:        73824 | elapsed time per iteration (ms): 3448.5 | throughput (samples/sec/per_device): 3.480 | learning rate: 4.082262E-06 | global batch size:    96 | action loss: 1.620990E-01 | loss scale: 1.0 | grad norm: 0.527249 | number of skipped iterations:   0 | number of nan iterations:   0 |
2026-08-23 01:09:49 [INFO] iteration      770/    1000 | consumed samples:        73920 | elapsed time per iteration (ms): 3829.8 | throughput (samples/sec/per_device): 3.133 | learning rate: 4.056827E-06 | global batch size:    96 | action loss: 1.282655E-01 | loss scale: 1.0 | grad norm: 0.523196 | number of skipped iterations:   0 | number of nan iterations:   0 |
2026-08-23 01:09:51 [INFO] iteration      771/    1000 | consumed samples:        74016 | elapsed time per iteration (ms): 2846.1 | throughput (samples/sec/per_device): 4.216 | learning rate: 4.031481E-06 | global batch size:    96 | action loss: 1.457992E-01 | loss scale: 1.0 | grad norm: 0.514360 | number of skipped iterations:   0 | number of nan iterations:   0 |
2026-08-23 01:09:54 [INFO] iteration      772/    1000 | consumed samples:        74112 | elapsed time per iteration (ms): 2997.3 | throughput (samples/sec/per_device): 4.004 | learning rate: 4.006226E-06 | global batch size:    96 | action loss: 1.661084E-01 | loss scale: 1.0 | grad norm: 0.498215 | number of skipped iterations:   0 | number of nan iterations:   0 |
2026-08-23 01:09:58 [INFO] iteration      773/    1000 | consumed samples:        74208 | elapsed time per iteration (ms): 3389.7 | throughput (samples/sec/per_device): 3.540 | learning rate: 3.981061E-06 | global batch size:    96 | action loss: 1.470345E-01 | loss scale: 1.0 | grad norm: 0.486104 | number of skipped iterations:   0 | number of nan iterations:   0 |
2026-08-23 01:10:00 [INFO] iteration      774/    1000 | consumed samples:        74304 | elapsed time per iteration (ms): 2497.1 | throughput (samples/sec/per_device): 4.806 | learning rate: 3.955988E-06 | global batch size:    96 | action loss: 1.454185E-01 | loss scale: 1.0 | grad norm: 0.476440 | number of skipped iterations:   0 | number of nan iterations:   0 |
2026-08-23 01:10:04 [INFO] iteration      775/    1000 | consumed samples:        74400 | elapsed time per iteration (ms): 3793.1 | throughput (samples/sec/per_device): 3.164 | learning rate: 3.931005E-06 | global batch size:    96 | action loss: 1.821351E-01 | loss scale: 1.0 | grad norm: 0.487834 | number of skipped iterations:   0 | number of nan iterations:   0 |
2026-08-23 01:10:07 [INFO] iteration      776/    1000 | consumed samples:        74496 | elapsed time per iteration (ms): 2898.0 | throughput (samples/sec/per_device): 4.141 | learning rate: 3.906114E-06 | global batch size:    96 | action loss: 1.428763E-01 | loss scale: 1.0 | grad norm: 0.490401 | number of skipped iterations:   0 | number of nan iterations:   0 |
2026-08-23 01:10:11 [INFO] iteration      777/    1000 | consumed samples:        74592 | elapsed time per iteration (ms): 3579.6 | throughput (samples/sec/per_device): 3.352 | learning rate: 3.881314E-06 | global batch size:    96 | action loss: 1.585541E-01 | loss scale: 1.0 | grad norm: 0.519722 | number of skipped iterations:   0 | number of nan iterations:   0 |
2026-08-23 01:10:13 [INFO] iteration      778/    1000 | consumed samples:        74688 | elapsed time per iteration (ms): 2639.5 | throughput (samples/sec/per_device): 4.546 | learning rate: 3.856606E-06 | global batch size:    96 | action loss: 1.452132E-01 | loss scale: 1.0 | grad norm: 0.500685 | number of skipped iterations:   0 | number of nan iterations:   0 |
2026-08-23 01:10:16 [INFO] iteration      779/    1000 | consumed samples:        74784 | elapsed time per iteration (ms): 3156.5 | throughput (samples/sec/per_device): 3.802 | learning rate: 3.831990E-06 | global batch size:    96 | action loss: 1.421885E-01 | loss scale: 1.0 | grad norm: 0.509679 | number of skipped iterations:   0 | number of nan iterations:   0 |
2026-08-23 01:10:20 [INFO] iteration      780/    1000 | consumed samples:        74880 | elapsed time per iteration (ms): 3632.4 | throughput (samples/sec/per_device): 3.304 | learning rate: 3.807467E-06 | global batch size:    96 | action loss: 1.515663E-01 | loss scale: 1.0 | grad norm: 0.504562 | number of skipped iterations:   0 | number of nan iterations:   0 |
2026-08-23 01:10:20 [INFO] max time across ranks (ms):
    forward-backward................................: 3503.03
    forward-compute.................................: 995.18
    backward-compute................................: 3224.54
    batch-generator.................................: 1.93
    nan-grad-cleanup................................: 12.84
    grad-clip.......................................: 32.01
    optimizer.......................................: 83.46
    optimizer-inner-step............................: 83.36
    optimizer-scheduler-step........................: 0.06
    optimizer-zero-grad.............................: 0.41
2026-08-23 01:10:23 [INFO] iteration      781/    1000 | consumed samples:        74976 | elapsed time per iteration (ms): 2506.3 | throughput (samples/sec/per_device): 4.788 | learning rate: 3.783036E-06 | global batch size:    96 | action loss: 1.429937E-01 | loss scale: 1.0 | grad norm: 0.505762 | number of skipped iterations:   0 | number of nan iterations:   0 |
2026-08-23 01:10:25 [INFO] iteration      782/    1000 | consumed samples:        75072 | elapsed time per iteration (ms): 2828.5 | throughput (samples/sec/per_device): 4.243 | learning rate: 3.758698E-06 | global batch size:    96 | action loss: 1.467131E-01 | loss scale: 1.0 | grad norm: 0.493860 | number of skipped iterations:   0 | number of nan iterations:   0 |
2026-08-23 01:10:28 [INFO] iteration      783/    1000 | consumed samples:        75168 | elapsed time per iteration (ms): 2982.0 | throughput (samples/sec/per_device): 4.024 | learning rate: 3.734452E-06 | global batch size:    96 | action loss: 1.497033E-01 | loss scale: 1.0 | grad norm: 0.528982 | number of skipped iterations:   0 | number of nan iterations:   0 |
2026-08-23 01:10:32 [INFO] iteration      784/    1000 | consumed samples:        75264 | elapsed time per iteration (ms): 3924.3 | throughput (samples/sec/per_device): 3.058 | learning rate: 3.710301E-06 | global batch size:    96 | action loss: 1.754772E-01 | loss scale: 1.0 | grad norm: 0.543542 | number of skipped iterations:   0 | number of nan iterations:   0 |
2026-08-23 01:10:36 [INFO] iteration      785/    1000 | consumed samples:        75360 | elapsed time per iteration (ms): 3382.1 | throughput (samples/sec/per_device): 3.548 | learning rate: 3.686242E-06 | global batch size:    96 | action loss: 1.691672E-01 | loss scale: 1.0 | grad norm: 0.520151 | number of skipped iterations:   0 | number of nan iterations:   0 |
2026-08-23 01:10:40 [INFO] iteration      786/    1000 | consumed samples:        75456 | elapsed time per iteration (ms): 3877.3 | throughput (samples/sec/per_device): 3.095 | learning rate: 3.662278E-06 | global batch size:    96 | action loss: 1.342041E-01 | loss scale: 1.0 | grad norm: 0.487182 | number of skipped iterations:   0 | number of nan iterations:   0 |
2026-08-23 01:10:43 [INFO] iteration      787/    1000 | consumed samples:        75552 | elapsed time per iteration (ms): 3926.0 | throughput (samples/sec/per_device): 3.057 | learning rate: 3.638408E-06 | global batch size:    96 | action loss: 1.581523E-01 | loss scale: 1.0 | grad norm: 0.528351 | number of skipped iterations:   0 | number of nan iterations:   0 |
2026-08-23 01:10:46 [INFO] iteration      788/    1000 | consumed samples:        75648 | elapsed time per iteration (ms): 2323.6 | throughput (samples/sec/per_device): 5.164 | learning rate: 3.614631E-06 | global batch size:    96 | action loss: 1.451320E-01 | loss scale: 1.0 | grad norm: 0.517861 | number of skipped iterations:   0 | number of nan iterations:   0 |
2026-08-23 01:10:48 [INFO] iteration      789/    1000 | consumed samples:        75744 | elapsed time per iteration (ms): 2701.5 | throughput (samples/sec/per_device): 4.442 | learning rate: 3.590950E-06 | global batch size:    96 | action loss: 1.667028E-01 | loss scale: 1.0 | grad norm: 0.526591 | number of skipped iterations:   0 | number of nan iterations:   0 |
2026-08-23 01:10:51 [INFO] iteration      790/    1000 | consumed samples:        75840 | elapsed time per iteration (ms): 2878.8 | throughput (samples/sec/per_device): 4.168 | learning rate: 3.567363E-06 | global batch size:    96 | action loss: 1.512792E-01 | loss scale: 1.0 | grad norm: 0.544650 | number of skipped iterations:   0 | number of nan iterations:   0 |
2026-08-23 01:10:55 [INFO] iteration      791/    1000 | consumed samples:        75936 | elapsed time per iteration (ms): 3549.0 | throughput (samples/sec/per_device): 3.381 | learning rate: 3.543871E-06 | global batch size:    96 | action loss: 1.532547E-01 | loss scale: 1.0 | grad norm: 0.563453 | number of skipped iterations:   0 | number of nan iterations:   0 |
2026-08-23 01:10:58 [INFO] iteration      792/    1000 | consumed samples:        76032 | elapsed time per iteration (ms): 2693.0 | throughput (samples/sec/per_device): 4.456 | learning rate: 3.520474E-06 | global batch size:    96 | action loss: 1.516406E-01 | loss scale: 1.0 | grad norm: 0.553230 | number of skipped iterations:   0 | number of nan iterations:   0 |
2026-08-23 01:11:00 [INFO] iteration      793/    1000 | consumed samples:        76128 | elapsed time per iteration (ms): 2440.0 | throughput (samples/sec/per_device): 4.918 | learning rate: 3.497173E-06 | global batch size:    96 | action loss: 1.680732E-01 | loss scale: 1.0 | grad norm: 0.543616 | number of skipped iterations:   0 | number of nan iterations:   0 |
2026-08-23 01:11:03 [INFO] iteration      794/    1000 | consumed samples:        76224 | elapsed time per iteration (ms): 2832.6 | throughput (samples/sec/per_device): 4.236 | learning rate: 3.473968E-06 | global batch size:    96 | action loss: 1.462627E-01 | loss scale: 1.0 | grad norm: 0.537423 | number of skipped iterations:   0 | number of nan iterations:   0 |
2026-08-23 01:11:07 [INFO] iteration      795/    1000 | consumed samples:        76320 | elapsed time per iteration (ms): 4375.4 | throughput (samples/sec/per_device): 2.743 | learning rate: 3.450858E-06 | global batch size:    96 | action loss: 1.712390E-01 | loss scale: 1.0 | grad norm: 0.520791 | number of skipped iterations:   0 | number of nan iterations:   0 |
2026-08-23 01:11:10 [INFO] iteration      796/    1000 | consumed samples:        76416 | elapsed time per iteration (ms): 2741.0 | throughput (samples/sec/per_device): 4.378 | learning rate: 3.427844E-06 | global batch size:    96 | action loss: 1.597085E-01 | loss scale: 1.0 | grad norm: 0.502255 | number of skipped iterations:   0 | number of nan iterations:   0 |
2026-08-23 01:11:13 [INFO] iteration      797/    1000 | consumed samples:        76512 | elapsed time per iteration (ms): 2976.2 | throughput (samples/sec/per_device): 4.032 | learning rate: 3.404927E-06 | global batch size:    96 | action loss: 1.614040E-01 | loss scale: 1.0 | grad norm: 0.557829 | number of skipped iterations:   0 | number of nan iterations:   0 |
2026-08-23 01:11:15 [INFO] iteration      798/    1000 | consumed samples:        76608 | elapsed time per iteration (ms): 2273.6 | throughput (samples/sec/per_device): 5.278 | learning rate: 3.382107E-06 | global batch size:    96 | action loss: 1.548602E-01 | loss scale: 1.0 | grad norm: 0.537582 | number of skipped iterations:   0 | number of nan iterations:   0 |
2026-08-23 01:11:19 [INFO] iteration      799/    1000 | consumed samples:        76704 | elapsed time per iteration (ms): 4058.6 | throughput (samples/sec/per_device): 2.957 | learning rate: 3.359383E-06 | global batch size:    96 | action loss: 1.472515E-01 | loss scale: 1.0 | grad norm: 0.565784 | number of skipped iterations:   0 | number of nan iterations:   0 |
2026-08-23 01:11:22 [INFO] iteration      800/    1000 | consumed samples:        76800 | elapsed time per iteration (ms): 3069.5 | throughput (samples/sec/per_device): 3.909 | learning rate: 3.336757E-06 | global batch size:    96 | action loss: 1.527948E-01 | loss scale: 1.0 | grad norm: 0.566722 | number of skipped iterations:   0 | number of nan iterations:   0 |
2026-08-23 01:11:22 [INFO] max time across ranks (ms):
    forward-backward................................: 2938.30
    forward-compute.................................: 1120.90
    backward-compute................................: 2659.93
    batch-generator.................................: 1.59
    nan-grad-cleanup................................: 13.26
    grad-clip.......................................: 32.52
    optimizer.......................................: 85.43
    optimizer-inner-step............................: 85.32
    optimizer-scheduler-step........................: 0.07
    optimizer-zero-grad.............................: 0.68
2026-08-23 01:11:23 [INFO] ScheduledPowerSGDPlusState restart: iter=699 compressed_iter=697 method=approximate rank=1 apply_exact=False
2026-08-23 01:11:30 [INFO] iteration      801/    1000 | consumed samples:        76896 | elapsed time per iteration (ms): 7417.4 | throughput (samples/sec/per_device): 1.618 | learning rate: 3.314228E-06 | global batch size:    96 | action loss: 1.444053E-01 | loss scale: 1.0 | grad norm: 0.636446 | number of skipped iterations:   0 | number of nan iterations:   0 |
2026-08-23 01:11:33 [INFO] iteration      802/    1000 | consumed samples:        76992 | elapsed time per iteration (ms): 3589.2 | throughput (samples/sec/per_device): 3.343 | learning rate: 3.291796E-06 | global batch size:    96 | action loss: 1.541177E-01 | loss scale: 1.0 | grad norm: 0.519741 | number of skipped iterations:   0 | number of nan iterations:   0 |
2026-08-23 01:11:37 [INFO] iteration      803/    1000 | consumed samples:        77088 | elapsed time per iteration (ms): 3550.2 | throughput (samples/sec/per_device): 3.380 | learning rate: 3.269462E-06 | global batch size:    96 | action loss: 1.592527E-01 | loss scale: 1.0 | grad norm: 0.564621 | number of skipped iterations:   0 | number of nan iterations:   0 |
2026-08-23 01:11:42 [INFO] iteration      804/    1000 | consumed samples:        77184 | elapsed time per iteration (ms): 5080.5 | throughput (samples/sec/per_device): 2.362 | learning rate: 3.247226E-06 | global batch size:    96 | action loss: 1.419963E-01 | loss scale: 1.0 | grad norm: 0.568162 | number of skipped iterations:   0 | number of nan iterations:   0 |
2026-08-23 01:11:45 [INFO] iteration      805/    1000 | consumed samples:        77280 | elapsed time per iteration (ms): 2678.0 | throughput (samples/sec/per_device): 4.481 | learning rate: 3.225089E-06 | global batch size:    96 | action loss: 1.399274E-01 | loss scale: 1.0 | grad norm: 0.550013 | number of skipped iterations:   0 | number of nan iterations:   0 |
2026-08-23 01:11:47 [INFO] iteration      806/    1000 | consumed samples:        77376 | elapsed time per iteration (ms): 1979.5 | throughput (samples/sec/per_device): 6.062 | learning rate: 3.203049E-06 | global batch size:    96 | action loss: 1.829225E-01 | loss scale: 1.0 | grad norm: 0.549649 | number of skipped iterations:   0 | number of nan iterations:   0 |
2026-08-23 01:11:49 [INFO] iteration      807/    1000 | consumed samples:        77472 | elapsed time per iteration (ms): 2375.8 | throughput (samples/sec/per_device): 5.051 | learning rate: 3.181109E-06 | global batch size:    96 | action loss: 1.730242E-01 | loss scale: 1.0 | grad norm: 0.537779 | number of skipped iterations:   0 | number of nan iterations:   0 |
2026-08-23 01:11:53 [INFO] iteration      808/    1000 | consumed samples:        77568 | elapsed time per iteration (ms): 3839.2 | throughput (samples/sec/per_device): 3.126 | learning rate: 3.159267E-06 | global batch size:    96 | action loss: 1.456773E-01 | loss scale: 1.0 | grad norm: 0.509216 | number of skipped iterations:   0 | number of nan iterations:   0 |
2026-08-23 01:11:55 [INFO] iteration      809/    1000 | consumed samples:        77664 | elapsed time per iteration (ms): 2203.7 | throughput (samples/sec/per_device): 5.445 | learning rate: 3.137524E-06 | global batch size:    96 | action loss: 1.796471E-01 | loss scale: 1.0 | grad norm: 0.536912 | number of skipped iterations:   0 | number of nan iterations:   0 |
2026-08-23 01:11:58 [INFO] iteration      810/    1000 | consumed samples:        77760 | elapsed time per iteration (ms): 2475.6 | throughput (samples/sec/per_device): 4.847 | learning rate: 3.115881E-06 | global batch size:    96 | action loss: 1.669812E-01 | loss scale: 1.0 | grad norm: 0.559522 | number of skipped iterations:   0 | number of nan iterations:   0 |
2026-08-23 01:12:00 [INFO] iteration      811/    1000 | consumed samples:        77856 | elapsed time per iteration (ms): 2401.7 | throughput (samples/sec/per_device): 4.997 | learning rate: 3.094337E-06 | global batch size:    96 | action loss: 1.608278E-01 | loss scale: 1.0 | grad norm: 0.543525 | number of skipped iterations:   0 | number of nan iterations:   0 |
2026-08-23 01:12:04 [INFO] iteration      812/    1000 | consumed samples:        77952 | elapsed time per iteration (ms): 4267.2 | throughput (samples/sec/per_device): 2.812 | learning rate: 3.072893E-06 | global batch size:    96 | action loss: 1.832301E-01 | loss scale: 1.0 | grad norm: 0.564834 | number of skipped iterations:   0 | number of nan iterations:   0 |
2026-08-23 01:12:07 [INFO] iteration      813/    1000 | consumed samples:        78048 | elapsed time per iteration (ms): 2933.9 | throughput (samples/sec/per_device): 4.090 | learning rate: 3.051549E-06 | global batch size:    96 | action loss: 1.358272E-01 | loss scale: 1.0 | grad norm: 0.526726 | number of skipped iterations:   0 | number of nan iterations:   0 |
2026-08-23 01:12:10 [INFO] iteration      814/    1000 | consumed samples:        78144 | elapsed time per iteration (ms): 2679.7 | throughput (samples/sec/per_device): 4.478 | learning rate: 3.030305E-06 | global batch size:    96 | action loss: 1.400902E-01 | loss scale: 1.0 | grad norm: 0.517629 | number of skipped iterations:   0 | number of nan iterations:   0 |
2026-08-23 01:12:12 [INFO] iteration      815/    1000 | consumed samples:        78240 | elapsed time per iteration (ms): 2571.0 | throughput (samples/sec/per_device): 4.667 | learning rate: 3.009162E-06 | global batch size:    96 | action loss: 1.359503E-01 | loss scale: 1.0 | grad norm: 0.507627 | number of skipped iterations:   0 | number of nan iterations:   0 |
2026-08-23 01:12:16 [INFO] iteration      816/    1000 | consumed samples:        78336 | elapsed time per iteration (ms): 3556.1 | throughput (samples/sec/per_device): 3.374 | learning rate: 2.988119E-06 | global batch size:    96 | action loss: 1.490122E-01 | loss scale: 1.0 | grad norm: 0.501277 | number of skipped iterations:   0 | number of nan iterations:   0 |
2026-08-23 01:12:19 [INFO] iteration      817/    1000 | consumed samples:        78432 | elapsed time per iteration (ms): 3003.0 | throughput (samples/sec/per_device): 3.996 | learning rate: 2.967177E-06 | global batch size:    96 | action loss: 1.434864E-01 | loss scale: 1.0 | grad norm: 0.490611 | number of skipped iterations:   0 | number of nan iterations:   0 |
2026-08-23 01:12:22 [INFO] iteration      818/    1000 | consumed samples:        78528 | elapsed time per iteration (ms): 2855.4 | throughput (samples/sec/per_device): 4.203 | learning rate: 2.946336E-06 | global batch size:    96 | action loss: 1.785085E-01 | loss scale: 1.0 | grad norm: 0.590474 | number of skipped iterations:   0 | number of nan iterations:   0 |
2026-08-23 01:12:26 [INFO] iteration      819/    1000 | consumed samples:        78624 | elapsed time per iteration (ms): 4006.6 | throughput (samples/sec/per_device): 2.995 | learning rate: 2.925596E-06 | global batch size:    96 | action loss: 1.822361E-01 | loss scale: 1.0 | grad norm: 0.563682 | number of skipped iterations:   0 | number of nan iterations:   0 |
2026-08-23 01:12:29 [INFO] iteration      820/    1000 | consumed samples:        78720 | elapsed time per iteration (ms): 2856.4 | throughput (samples/sec/per_device): 4.201 | learning rate: 2.904958E-06 | global batch size:    96 | action loss: 1.625655E-01 | loss scale: 1.0 | grad norm: 0.535601 | number of skipped iterations:   0 | number of nan iterations:   0 |
2026-08-23 01:12:29 [INFO] max time across ranks (ms):
    forward-backward................................: 2725.81
    forward-compute.................................: 1012.78
    backward-compute................................: 2445.54
    batch-generator.................................: 1.54
    nan-grad-cleanup................................: 13.15
    grad-clip.......................................: 32.77
    optimizer.......................................: 84.54
    optimizer-inner-step............................: 84.41
    optimizer-scheduler-step........................: 0.07
    optimizer-zero-grad.............................: 0.93
2026-08-23 01:12:31 [INFO] iteration      821/    1000 | consumed samples:        78816 | elapsed time per iteration (ms): 2467.1 | throughput (samples/sec/per_device): 4.864 | learning rate: 2.884421E-06 | global batch size:    96 | action loss: 1.614185E-01 | loss scale: 1.0 | grad norm: 0.507740 | number of skipped iterations:   0 | number of nan iterations:   0 |
2026-08-23 01:12:34 [INFO] iteration      822/    1000 | consumed samples:        78912 | elapsed time per iteration (ms): 3169.7 | throughput (samples/sec/per_device): 3.786 | learning rate: 2.863986E-06 | global batch size:    96 | action loss: 1.748515E-01 | loss scale: 1.0 | grad norm: 0.500696 | number of skipped iterations:   0 | number of nan iterations:   0 |
2026-08-23 01:12:38 [INFO] iteration      823/    1000 | consumed samples:        79008 | elapsed time per iteration (ms): 4112.4 | throughput (samples/sec/per_device): 2.918 | learning rate: 2.843653E-06 | global batch size:    96 | action loss: 1.558251E-01 | loss scale: 1.0 | grad norm: 0.529228 | number of skipped iterations:   0 | number of nan iterations:   0 |
2026-08-23 01:12:42 [INFO] iteration      824/    1000 | consumed samples:        79104 | elapsed time per iteration (ms): 3579.2 | throughput (samples/sec/per_device): 3.353 | learning rate: 2.823423E-06 | global batch size:    96 | action loss: 1.511001E-01 | loss scale: 1.0 | grad norm: 0.518511 | number of skipped iterations:   0 | number of nan iterations:   0 |
2026-08-23 01:12:46 [INFO] iteration      825/    1000 | consumed samples:        79200 | elapsed time per iteration (ms): 3624.0 | throughput (samples/sec/per_device): 3.311 | learning rate: 2.803295E-06 | global batch size:    96 | action loss: 1.630702E-01 | loss scale: 1.0 | grad norm: 0.506156 | number of skipped iterations:   0 | number of nan iterations:   0 |
2026-08-23 01:12:49 [INFO] iteration      826/    1000 | consumed samples:        79296 | elapsed time per iteration (ms): 3676.8 | throughput (samples/sec/per_device): 3.264 | learning rate: 2.783270E-06 | global batch size:    96 | action loss: 1.629023E-01 | loss scale: 1.0 | grad norm: 0.511588 | number of skipped iterations:   0 | number of nan iterations:   0 |
2026-08-23 01:12:52 [INFO] iteration      827/    1000 | consumed samples:        79392 | elapsed time per iteration (ms): 2388.6 | throughput (samples/sec/per_device): 5.024 | learning rate: 2.763347E-06 | global batch size:    96 | action loss: 1.616108E-01 | loss scale: 1.0 | grad norm: 0.538311 | number of skipped iterations:   0 | number of nan iterations:   0 |
2026-08-23 01:12:54 [INFO] iteration      828/    1000 | consumed samples:        79488 | elapsed time per iteration (ms): 2595.0 | throughput (samples/sec/per_device): 4.624 | learning rate: 2.743528E-06 | global batch size:    96 | action loss: 1.446100E-01 | loss scale: 1.0 | grad norm: 0.519657 | number of skipped iterations:   0 | number of nan iterations:   0 |
2026-08-23 01:12:57 [INFO] iteration      829/    1000 | consumed samples:        79584 | elapsed time per iteration (ms): 2644.4 | throughput (samples/sec/per_device): 4.538 | learning rate: 2.723812E-06 | global batch size:    96 | action loss: 1.588097E-01 | loss scale: 1.0 | grad norm: 0.512103 | number of skipped iterations:   0 | number of nan iterations:   0 |
2026-08-23 01:13:01 [INFO] iteration      830/    1000 | consumed samples:        79680 | elapsed time per iteration (ms): 3703.5 | throughput (samples/sec/per_device): 3.240 | learning rate: 2.704199E-06 | global batch size:    96 | action loss: 1.831616E-01 | loss scale: 1.0 | grad norm: 0.531830 | number of skipped iterations:   0 | number of nan iterations:   0 |
2026-08-23 01:13:03 [INFO] iteration      831/    1000 | consumed samples:        79776 | elapsed time per iteration (ms): 2411.4 | throughput (samples/sec/per_device): 4.976 | learning rate: 2.684690E-06 | global batch size:    96 | action loss: 1.574519E-01 | loss scale: 1.0 | grad norm: 0.540713 | number of skipped iterations:   0 | number of nan iterations:   0 |
2026-08-23 01:13:06 [INFO] iteration      832/    1000 | consumed samples:        79872 | elapsed time per iteration (ms): 2690.4 | throughput (samples/sec/per_device): 4.460 | learning rate: 2.665285E-06 | global batch size:    96 | action loss: 1.507079E-01 | loss scale: 1.0 | grad norm: 0.584881 | number of skipped iterations:   0 | number of nan iterations:   0 |
2026-08-23 01:13:08 [INFO] iteration      833/    1000 | consumed samples:        79968 | elapsed time per iteration (ms): 2662.1 | throughput (samples/sec/per_device): 4.508 | learning rate: 2.645984E-06 | global batch size:    96 | action loss: 1.697363E-01 | loss scale: 1.0 | grad norm: 0.577982 | number of skipped iterations:   0 | number of nan iterations:   0 |
2026-08-23 01:13:12 [INFO] iteration      834/    1000 | consumed samples:        80064 | elapsed time per iteration (ms): 3459.3 | throughput (samples/sec/per_device): 3.469 | learning rate: 2.626787E-06 | global batch size:    96 | action loss: 1.550046E-01 | loss scale: 1.0 | grad norm: 0.554637 | number of skipped iterations:   0 | number of nan iterations:   0 |
2026-08-23 01:13:15 [INFO] iteration      835/    1000 | consumed samples:        80160 | elapsed time per iteration (ms): 2737.0 | throughput (samples/sec/per_device): 4.384 | learning rate: 2.607695E-06 | global batch size:    96 | action loss: 1.389495E-01 | loss scale: 1.0 | grad norm: 0.531551 | number of skipped iterations:   0 | number of nan iterations:   0 |
2026-08-23 01:13:18 [INFO] iteration      836/    1000 | consumed samples:        80256 | elapsed time per iteration (ms): 2836.0 | throughput (samples/sec/per_device): 4.231 | learning rate: 2.588708E-06 | global batch size:    96 | action loss: 1.600657E-01 | loss scale: 1.0 | grad norm: 0.541305 | number of skipped iterations:   0 | number of nan iterations:   0 |
2026-08-23 01:13:22 [INFO] iteration      837/    1000 | consumed samples:        80352 | elapsed time per iteration (ms): 4094.7 | throughput (samples/sec/per_device): 2.931 | learning rate: 2.569825E-06 | global batch size:    96 | action loss: 1.673481E-01 | loss scale: 1.0 | grad norm: 0.510380 | number of skipped iterations:   0 | number of nan iterations:   0 |
2026-08-23 01:13:25 [INFO] iteration      838/    1000 | consumed samples:        80448 | elapsed time per iteration (ms): 2980.1 | throughput (samples/sec/per_device): 4.027 | learning rate: 2.551047E-06 | global batch size:    96 | action loss: 1.801991E-01 | loss scale: 1.0 | grad norm: 0.566230 | number of skipped iterations:   0 | number of nan iterations:   0 |
2026-08-23 01:13:28 [INFO] iteration      839/    1000 | consumed samples:        80544 | elapsed time per iteration (ms): 2949.1 | throughput (samples/sec/per_device): 4.069 | learning rate: 2.532375E-06 | global batch size:    96 | action loss: 1.602765E-01 | loss scale: 1.0 | grad norm: 0.552531 | number of skipped iterations:   0 | number of nan iterations:   0 |
2026-08-23 01:13:31 [INFO] iteration      840/    1000 | consumed samples:        80640 | elapsed time per iteration (ms): 3286.5 | throughput (samples/sec/per_device): 3.651 | learning rate: 2.513807E-06 | global batch size:    96 | action loss: 1.543564E-01 | loss scale: 1.0 | grad norm: 0.565418 | number of skipped iterations:   0 | number of nan iterations:   0 |
2026-08-23 01:13:31 [INFO] max time across ranks (ms):
    forward-backward................................: 3157.99
    forward-compute.................................: 1126.35
    backward-compute................................: 2873.09
    batch-generator.................................: 1.99
    nan-grad-cleanup................................: 13.04
    grad-clip.......................................: 31.88
    optimizer.......................................: 84.44
    optimizer-inner-step............................: 84.34
    optimizer-scheduler-step........................: 0.04
    optimizer-zero-grad.............................: 1.11
2026-08-23 01:13:34 [INFO] iteration      841/    1000 | consumed samples:        80736 | elapsed time per iteration (ms): 3659.4 | throughput (samples/sec/per_device): 3.279 | learning rate: 2.495346E-06 | global batch size:    96 | action loss: 1.618391E-01 | loss scale: 1.0 | grad norm: 0.567185 | number of skipped iterations:   0 | number of nan iterations:   0 |
2026-08-23 01:13:38 [INFO] iteration      842/    1000 | consumed samples:        80832 | elapsed time per iteration (ms): 3154.8 | throughput (samples/sec/per_device): 3.804 | learning rate: 2.476990E-06 | global batch size:    96 | action loss: 1.619030E-01 | loss scale: 1.0 | grad norm: 0.537346 | number of skipped iterations:   0 | number of nan iterations:   0 |
2026-08-23 01:13:40 [INFO] iteration      843/    1000 | consumed samples:        80928 | elapsed time per iteration (ms): 2700.3 | throughput (samples/sec/per_device): 4.444 | learning rate: 2.458741E-06 | global batch size:    96 | action loss: 1.520784E-01 | loss scale: 1.0 | grad norm: 0.521839 | number of skipped iterations:   0 | number of nan iterations:   0 |
2026-08-23 01:13:45 [INFO] iteration      844/    1000 | consumed samples:        81024 | elapsed time per iteration (ms): 4784.1 | throughput (samples/sec/per_device): 2.508 | learning rate: 2.440597E-06 | global batch size:    96 | action loss: 1.776255E-01 | loss scale: 1.0 | grad norm: 0.542838 | number of skipped iterations:   0 | number of nan iterations:   0 |
2026-08-23 01:13:49 [INFO] iteration      845/    1000 | consumed samples:        81120 | elapsed time per iteration (ms): 3917.9 | throughput (samples/sec/per_device): 3.063 | learning rate: 2.422560E-06 | global batch size:    96 | action loss: 1.393987E-01 | loss scale: 1.0 | grad norm: 0.557639 | number of skipped iterations:   0 | number of nan iterations:   0 |
2026-08-23 01:13:52 [INFO] iteration      846/    1000 | consumed samples:        81216 | elapsed time per iteration (ms): 2793.0 | throughput (samples/sec/per_device): 4.296 | learning rate: 2.404629E-06 | global batch size:    96 | action loss: 1.627969E-01 | loss scale: 1.0 | grad norm: 0.546727 | number of skipped iterations:   0 | number of nan iterations:   0 |
2026-08-23 01:13:54 [INFO] iteration      847/    1000 | consumed samples:        81312 | elapsed time per iteration (ms): 2279.0 | throughput (samples/sec/per_device): 5.265 | learning rate: 2.386805E-06 | global batch size:    96 | action loss: 1.467365E-01 | loss scale: 1.0 | grad norm: 0.569348 | number of skipped iterations:   0 | number of nan iterations:   0 |
2026-08-23 01:13:57 [INFO] iteration      848/    1000 | consumed samples:        81408 | elapsed time per iteration (ms): 3262.5 | throughput (samples/sec/per_device): 3.678 | learning rate: 2.369088E-06 | global batch size:    96 | action loss: 1.393130E-01 | loss scale: 1.0 | grad norm: 0.533707 | number of skipped iterations:   0 | number of nan iterations:   0 |
2026-08-23 01:14:00 [INFO] iteration      849/    1000 | consumed samples:        81504 | elapsed time per iteration (ms): 2367.8 | throughput (samples/sec/per_device): 5.068 | learning rate: 2.351478E-06 | global batch size:    96 | action loss: 1.483909E-01 | loss scale: 1.0 | grad norm: 0.506585 | number of skipped iterations:   0 | number of nan iterations:   0 |
2026-08-23 01:14:02 [INFO] iteration      850/    1000 | consumed samples:        81600 | elapsed time per iteration (ms): 2649.0 | throughput (samples/sec/per_device): 4.530 | learning rate: 2.333975E-06 | global batch size:    96 | action loss: 1.690112E-01 | loss scale: 1.0 | grad norm: 0.518934 | number of skipped iterations:   0 | number of nan iterations:   0 |
2026-08-23 01:14:03 [INFO] ScheduledPowerSGDPlusState restart: iter=749 compressed_iter=747 method=approximate rank=1 apply_exact=False
2026-08-23 01:14:10 [INFO] iteration      851/    1000 | consumed samples:        81696 | elapsed time per iteration (ms): 7578.6 | throughput (samples/sec/per_device): 1.583 | learning rate: 2.316579E-06 | global batch size:    96 | action loss: 1.595825E-01 | loss scale: 1.0 | grad norm: 0.592257 | number of skipped iterations:   0 | number of nan iterations:   0 |
2026-08-23 01:14:14 [INFO] iteration      852/    1000 | consumed samples:        81792 | elapsed time per iteration (ms): 3563.5 | throughput (samples/sec/per_device): 3.367 | learning rate: 2.299291E-06 | global batch size:    96 | action loss: 1.531847E-01 | loss scale: 1.0 | grad norm: 0.515920 | number of skipped iterations:   0 | number of nan iterations:   0 |
2026-08-23 01:14:17 [INFO] iteration      853/    1000 | consumed samples:        81888 | elapsed time per iteration (ms): 3497.5 | throughput (samples/sec/per_device): 3.431 | learning rate: 2.282111E-06 | global batch size:    96 | action loss: 1.638300E-01 | loss scale: 1.0 | grad norm: 0.519296 | number of skipped iterations:   0 | number of nan iterations:   0 |
2026-08-23 01:14:20 [INFO] iteration      854/    1000 | consumed samples:        81984 | elapsed time per iteration (ms): 3053.1 | throughput (samples/sec/per_device): 3.930 | learning rate: 2.265039E-06 | global batch size:    96 | action loss: 1.662222E-01 | loss scale: 1.0 | grad norm: 0.586851 | number of skipped iterations:   0 | number of nan iterations:   0 |
2026-08-23 01:14:22 [INFO] iteration      855/    1000 | consumed samples:        82080 | elapsed time per iteration (ms): 2314.4 | throughput (samples/sec/per_device): 5.185 | learning rate: 2.248075E-06 | global batch size:    96 | action loss: 1.648080E-01 | loss scale: 1.0 | grad norm: 0.591864 | number of skipped iterations:   0 | number of nan iterations:   0 |
2026-08-23 01:14:25 [INFO] iteration      856/    1000 | consumed samples:        82176 | elapsed time per iteration (ms): 2288.1 | throughput (samples/sec/per_device): 5.244 | learning rate: 2.231219E-06 | global batch size:    96 | action loss: 1.834304E-01 | loss scale: 1.0 | grad norm: 0.549972 | number of skipped iterations:   0 | number of nan iterations:   0 |
2026-08-23 01:14:28 [INFO] iteration      857/    1000 | consumed samples:        82272 | elapsed time per iteration (ms): 3171.3 | throughput (samples/sec/per_device): 3.784 | learning rate: 2.214471E-06 | global batch size:    96 | action loss: 1.331700E-01 | loss scale: 1.0 | grad norm: 0.525794 | number of skipped iterations:   0 | number of nan iterations:   0 |
2026-08-23 01:14:31 [INFO] iteration      858/    1000 | consumed samples:        82368 | elapsed time per iteration (ms): 3419.5 | throughput (samples/sec/per_device): 3.509 | learning rate: 2.197833E-06 | global batch size:    96 | action loss: 1.461960E-01 | loss scale: 1.0 | grad norm: 0.499632 | number of skipped iterations:   0 | number of nan iterations:   0 |
2026-08-23 01:14:34 [INFO] iteration      859/    1000 | consumed samples:        82464 | elapsed time per iteration (ms): 2262.4 | throughput (samples/sec/per_device): 5.304 | learning rate: 2.181303E-06 | global batch size:    96 | action loss: 1.585715E-01 | loss scale: 1.0 | grad norm: 0.498797 | number of skipped iterations:   0 | number of nan iterations:   0 |
2026-08-23 01:14:36 [INFO] iteration      860/    1000 | consumed samples:        82560 | elapsed time per iteration (ms): 2505.7 | throughput (samples/sec/per_device): 4.789 | learning rate: 2.164882E-06 | global batch size:    96 | action loss: 1.479918E-01 | loss scale: 1.0 | grad norm: 0.514804 | number of skipped iterations:   0 | number of nan iterations:   0 |
2026-08-23 01:14:36 [INFO] max time across ranks (ms):
    forward-backward................................: 2365.39
    forward-compute.................................: 277.24
    backward-compute................................: 2088.03
    batch-generator.................................: 1.41
    nan-grad-cleanup................................: 14.73
    grad-clip.......................................: 39.16
    optimizer.......................................: 93.32
    optimizer-inner-step............................: 93.23
    optimizer-scheduler-step........................: 0.05
    optimizer-zero-grad.............................: 0.98
2026-08-23 01:14:39 [INFO] iteration      861/    1000 | consumed samples:        82656 | elapsed time per iteration (ms): 3045.6 | throughput (samples/sec/per_device): 3.940 | learning rate: 2.148570E-06 | global batch size:    96 | action loss: 1.321887E-01 | loss scale: 1.0 | grad norm: 0.545390 | number of skipped iterations:   0 | number of nan iterations:   0 |
2026-08-23 01:14:42 [INFO] iteration      862/    1000 | consumed samples:        82752 | elapsed time per iteration (ms): 3299.1 | throughput (samples/sec/per_device): 3.637 | learning rate: 2.132367E-06 | global batch size:    96 | action loss: 1.368702E-01 | loss scale: 1.0 | grad norm: 0.529786 | number of skipped iterations:   0 | number of nan iterations:   0 |
2026-08-23 01:14:45 [INFO] iteration      863/    1000 | consumed samples:        82848 | elapsed time per iteration (ms): 2818.5 | throughput (samples/sec/per_device): 4.258 | learning rate: 2.116274E-06 | global batch size:    96 | action loss: 1.671341E-01 | loss scale: 1.0 | grad norm: 0.538025 | number of skipped iterations:   0 | number of nan iterations:   0 |
2026-08-23 01:14:49 [INFO] iteration      864/    1000 | consumed samples:        82944 | elapsed time per iteration (ms): 3422.6 | throughput (samples/sec/per_device): 3.506 | learning rate: 2.100290E-06 | global batch size:    96 | action loss: 1.463380E-01 | loss scale: 1.0 | grad norm: 0.510986 | number of skipped iterations:   0 | number of nan iterations:   0 |
2026-08-23 01:14:53 [INFO] iteration      865/    1000 | consumed samples:        83040 | elapsed time per iteration (ms): 3945.6 | throughput (samples/sec/per_device): 3.041 | learning rate: 2.084416E-06 | global batch size:    96 | action loss: 1.576262E-01 | loss scale: 1.0 | grad norm: 0.525808 | number of skipped iterations:   0 | number of nan iterations:   0 |
2026-08-23 01:14:55 [INFO] iteration      866/    1000 | consumed samples:        83136 | elapsed time per iteration (ms): 2606.5 | throughput (samples/sec/per_device): 4.604 | learning rate: 2.068652E-06 | global batch size:    96 | action loss: 1.467479E-01 | loss scale: 1.0 | grad norm: 0.504701 | number of skipped iterations:   0 | number of nan iterations:   0 |
2026-08-23 01:14:58 [INFO] iteration      867/    1000 | consumed samples:        83232 | elapsed time per iteration (ms): 2862.1 | throughput (samples/sec/per_device): 4.193 | learning rate: 2.052998E-06 | global batch size:    96 | action loss: 1.535082E-01 | loss scale: 1.0 | grad norm: 0.520599 | number of skipped iterations:   0 | number of nan iterations:   0 |
2026-08-23 01:15:01 [INFO] iteration      868/    1000 | consumed samples:        83328 | elapsed time per iteration (ms): 3218.7 | throughput (samples/sec/per_device): 3.728 | learning rate: 2.037455E-06 | global batch size:    96 | action loss: 1.473944E-01 | loss scale: 1.0 | grad norm: 0.537187 | number of skipped iterations:   0 | number of nan iterations:   0 |
2026-08-23 01:15:05 [INFO] iteration      869/    1000 | consumed samples:        83424 | elapsed time per iteration (ms): 3981.1 | throughput (samples/sec/per_device): 3.014 | learning rate: 2.022021E-06 | global batch size:    96 | action loss: 1.608326E-01 | loss scale: 1.0 | grad norm: 0.534425 | number of skipped iterations:   0 | number of nan iterations:   0 |
2026-08-23 01:15:08 [INFO] iteration      870/    1000 | consumed samples:        83520 | elapsed time per iteration (ms): 2957.6 | throughput (samples/sec/per_device): 4.057 | learning rate: 2.006699E-06 | global batch size:    96 | action loss: 1.614447E-01 | loss scale: 1.0 | grad norm: 0.555504 | number of skipped iterations:   0 | number of nan iterations:   0 |
2026-08-23 01:15:11 [INFO] iteration      871/    1000 | consumed samples:        83616 | elapsed time per iteration (ms): 2865.7 | throughput (samples/sec/per_device): 4.187 | learning rate: 1.991486E-06 | global batch size:    96 | action loss: 1.357177E-01 | loss scale: 1.0 | grad norm: 0.528204 | number of skipped iterations:   0 | number of nan iterations:   0 |
2026-08-23 01:15:15 [INFO] iteration      872/    1000 | consumed samples:        83712 | elapsed time per iteration (ms): 3953.2 | throughput (samples/sec/per_device): 3.036 | learning rate: 1.976385E-06 | global batch size:    96 | action loss: 1.429701E-01 | loss scale: 1.0 | grad norm: 0.513559 | number of skipped iterations:   0 | number of nan iterations:   0 |
2026-08-23 01:15:18 [INFO] iteration      873/    1000 | consumed samples:        83808 | elapsed time per iteration (ms): 2997.8 | throughput (samples/sec/per_device): 4.003 | learning rate: 1.961395E-06 | global batch size:    96 | action loss: 1.605489E-01 | loss scale: 1.0 | grad norm: 0.523939 | number of skipped iterations:   0 | number of nan iterations:   0 |
2026-08-23 01:15:20 [INFO] iteration      874/    1000 | consumed samples:        83904 | elapsed time per iteration (ms): 2391.6 | throughput (samples/sec/per_device): 5.018 | learning rate: 1.946516E-06 | global batch size:    96 | action loss: 1.514878E-01 | loss scale: 1.0 | grad norm: 0.535565 | number of skipped iterations:   0 | number of nan iterations:   0 |
2026-08-23 01:15:24 [INFO] iteration      875/    1000 | consumed samples:        84000 | elapsed time per iteration (ms): 3375.3 | throughput (samples/sec/per_device): 3.555 | learning rate: 1.931748E-06 | global batch size:    96 | action loss: 1.414120E-01 | loss scale: 1.0 | grad norm: 0.504537 | number of skipped iterations:   0 | number of nan iterations:   0 |
2026-08-23 01:15:27 [INFO] iteration      876/    1000 | consumed samples:        84096 | elapsed time per iteration (ms): 3645.9 | throughput (samples/sec/per_device): 3.291 | learning rate: 1.917092E-06 | global batch size:    96 | action loss: 1.553188E-01 | loss scale: 1.0 | grad norm: 0.508987 | number of skipped iterations:   0 | number of nan iterations:   0 |
2026-08-23 01:15:30 [INFO] iteration      877/    1000 | consumed samples:        84192 | elapsed time per iteration (ms): 2463.3 | throughput (samples/sec/per_device): 4.872 | learning rate: 1.902548E-06 | global batch size:    96 | action loss: 1.342385E-01 | loss scale: 1.0 | grad norm: 0.500087 | number of skipped iterations:   0 | number of nan iterations:   0 |
2026-08-23 01:15:33 [INFO] iteration      878/    1000 | consumed samples:        84288 | elapsed time per iteration (ms): 2923.6 | throughput (samples/sec/per_device): 4.104 | learning rate: 1.888115E-06 | global batch size:    96 | action loss: 1.564145E-01 | loss scale: 1.0 | grad norm: 0.519536 | number of skipped iterations:   0 | number of nan iterations:   0 |
2026-08-23 01:15:36 [INFO] iteration      879/    1000 | consumed samples:        84384 | elapsed time per iteration (ms): 2863.0 | throughput (samples/sec/per_device): 4.191 | learning rate: 1.873794E-06 | global batch size:    96 | action loss: 1.510936E-01 | loss scale: 1.0 | grad norm: 0.511722 | number of skipped iterations:   0 | number of nan iterations:   0 |
2026-08-23 01:15:39 [INFO] iteration      880/    1000 | consumed samples:        84480 | elapsed time per iteration (ms): 3667.9 | throughput (samples/sec/per_device): 3.272 | learning rate: 1.859585E-06 | global batch size:    96 | action loss: 1.483569E-01 | loss scale: 1.0 | grad norm: 0.513612 | number of skipped iterations:   0 | number of nan iterations:   0 |
2026-08-23 01:15:39 [INFO] max time across ranks (ms):
    forward-backward................................: 3538.50
    forward-compute.................................: 1722.86
    backward-compute................................: 3257.59
    batch-generator.................................: 1.43
    nan-grad-cleanup................................: 13.05
    grad-clip.......................................: 32.16
    optimizer.......................................: 85.14
    optimizer-inner-step............................: 85.05
    optimizer-scheduler-step........................: 0.06
    optimizer-zero-grad.............................: 0.66
2026-08-23 01:15:42 [INFO] iteration      881/    1000 | consumed samples:        84576 | elapsed time per iteration (ms): 2943.6 | throughput (samples/sec/per_device): 4.077 | learning rate: 1.845488E-06 | global batch size:    96 | action loss: 1.582790E-01 | loss scale: 1.0 | grad norm: 0.524049 | number of skipped iterations:   0 | number of nan iterations:   0 |
2026-08-23 01:15:46 [INFO] iteration      882/    1000 | consumed samples:        84672 | elapsed time per iteration (ms): 3220.4 | throughput (samples/sec/per_device): 3.726 | learning rate: 1.831504E-06 | global batch size:    96 | action loss: 1.553036E-01 | loss scale: 1.0 | grad norm: 0.517602 | number of skipped iterations:   0 | number of nan iterations:   0 |
2026-08-23 01:15:50 [INFO] iteration      883/    1000 | consumed samples:        84768 | elapsed time per iteration (ms): 4129.7 | throughput (samples/sec/per_device): 2.906 | learning rate: 1.817632E-06 | global batch size:    96 | action loss: 1.476556E-01 | loss scale: 1.0 | grad norm: 0.496592 | number of skipped iterations:   0 | number of nan iterations:   0 |
2026-08-23 01:15:54 [INFO] iteration      884/    1000 | consumed samples:        84864 | elapsed time per iteration (ms): 4699.0 | throughput (samples/sec/per_device): 2.554 | learning rate: 1.803872E-06 | global batch size:    96 | action loss: 1.263234E-01 | loss scale: 1.0 | grad norm: 0.496559 | number of skipped iterations:   0 | number of nan iterations:   0 |
2026-08-23 01:15:57 [INFO] iteration      885/    1000 | consumed samples:        84960 | elapsed time per iteration (ms): 3028.4 | throughput (samples/sec/per_device): 3.962 | learning rate: 1.790226E-06 | global batch size:    96 | action loss: 1.514907E-01 | loss scale: 1.0 | grad norm: 0.485706 | number of skipped iterations:   0 | number of nan iterations:   0 |
2026-08-23 01:16:01 [INFO] iteration      886/    1000 | consumed samples:        85056 | elapsed time per iteration (ms): 3610.2 | throughput (samples/sec/per_device): 3.324 | learning rate: 1.776692E-06 | global batch size:    96 | action loss: 1.959398E-01 | loss scale: 1.0 | grad norm: 0.526038 | number of skipped iterations:   0 | number of nan iterations:   0 |
2026-08-23 01:16:04 [INFO] iteration      887/    1000 | consumed samples:        85152 | elapsed time per iteration (ms): 3122.6 | throughput (samples/sec/per_device): 3.843 | learning rate: 1.763271E-06 | global batch size:    96 | action loss: 1.746600E-01 | loss scale: 1.0 | grad norm: 0.516588 | number of skipped iterations:   0 | number of nan iterations:   0 |
2026-08-23 01:16:07 [INFO] iteration      888/    1000 | consumed samples:        85248 | elapsed time per iteration (ms): 2864.3 | throughput (samples/sec/per_device): 4.189 | learning rate: 1.749964E-06 | global batch size:    96 | action loss: 1.661651E-01 | loss scale: 1.0 | grad norm: 0.508658 | number of skipped iterations:   0 | number of nan iterations:   0 |
2026-08-23 01:16:10 [INFO] iteration      889/    1000 | consumed samples:        85344 | elapsed time per iteration (ms): 2591.7 | throughput (samples/sec/per_device): 4.630 | learning rate: 1.736769E-06 | global batch size:    96 | action loss: 1.432947E-01 | loss scale: 1.0 | grad norm: 0.504016 | number of skipped iterations:   0 | number of nan iterations:   0 |
2026-08-23 01:16:13 [INFO] iteration      890/    1000 | consumed samples:        85440 | elapsed time per iteration (ms): 3803.8 | throughput (samples/sec/per_device): 3.155 | learning rate: 1.723689E-06 | global batch size:    96 | action loss: 1.435086E-01 | loss scale: 1.0 | grad norm: 0.509928 | number of skipped iterations:   0 | number of nan iterations:   0 |
2026-08-23 01:16:16 [INFO] iteration      891/    1000 | consumed samples:        85536 | elapsed time per iteration (ms): 2853.5 | throughput (samples/sec/per_device): 4.205 | learning rate: 1.710721E-06 | global batch size:    96 | action loss: 1.477091E-01 | loss scale: 1.0 | grad norm: 0.501502 | number of skipped iterations:   0 | number of nan iterations:   0 |
2026-08-23 01:16:19 [INFO] iteration      892/    1000 | consumed samples:        85632 | elapsed time per iteration (ms): 2591.4 | throughput (samples/sec/per_device): 4.631 | learning rate: 1.697868E-06 | global batch size:    96 | action loss: 1.677998E-01 | loss scale: 1.0 | grad norm: 0.494709 | number of skipped iterations:   0 | number of nan iterations:   0 |
2026-08-23 01:16:22 [INFO] iteration      893/    1000 | consumed samples:        85728 | elapsed time per iteration (ms): 2688.6 | throughput (samples/sec/per_device): 4.463 | learning rate: 1.685128E-06 | global batch size:    96 | action loss: 1.610560E-01 | loss scale: 1.0 | grad norm: 0.565814 | number of skipped iterations:   0 | number of nan iterations:   0 |
2026-08-23 01:16:26 [INFO] iteration      894/    1000 | consumed samples:        85824 | elapsed time per iteration (ms): 4008.0 | throughput (samples/sec/per_device): 2.994 | learning rate: 1.672502E-06 | global batch size:    96 | action loss: 1.385278E-01 | loss scale: 1.0 | grad norm: 0.560655 | number of skipped iterations:   0 | number of nan iterations:   0 |
2026-08-23 01:16:28 [INFO] iteration      895/    1000 | consumed samples:        85920 | elapsed time per iteration (ms): 2809.2 | throughput (samples/sec/per_device): 4.272 | learning rate: 1.659990E-06 | global batch size:    96 | action loss: 1.459792E-01 | loss scale: 1.0 | grad norm: 0.569372 | number of skipped iterations:   0 | number of nan iterations:   0 |
2026-08-23 01:16:31 [INFO] iteration      896/    1000 | consumed samples:        86016 | elapsed time per iteration (ms): 2304.8 | throughput (samples/sec/per_device): 5.206 | learning rate: 1.647593E-06 | global batch size:    96 | action loss: 1.567613E-01 | loss scale: 1.0 | grad norm: 0.531582 | number of skipped iterations:   0 | number of nan iterations:   0 |
2026-08-23 01:16:35 [INFO] iteration      897/    1000 | consumed samples:        86112 | elapsed time per iteration (ms): 4272.1 | throughput (samples/sec/per_device): 2.809 | learning rate: 1.635309E-06 | global batch size:    96 | action loss: 1.669570E-01 | loss scale: 1.0 | grad norm: 0.519806 | number of skipped iterations:   0 | number of nan iterations:   0 |
2026-08-23 01:16:38 [INFO] iteration      898/    1000 | consumed samples:        86208 | elapsed time per iteration (ms): 2957.6 | throughput (samples/sec/per_device): 4.057 | learning rate: 1.623140E-06 | global batch size:    96 | action loss: 1.447106E-01 | loss scale: 1.0 | grad norm: 0.480334 | number of skipped iterations:   0 | number of nan iterations:   0 |
2026-08-23 01:16:41 [INFO] iteration      899/    1000 | consumed samples:        86304 | elapsed time per iteration (ms): 3040.2 | throughput (samples/sec/per_device): 3.947 | learning rate: 1.611086E-06 | global batch size:    96 | action loss: 1.411370E-01 | loss scale: 1.0 | grad norm: 0.495190 | number of skipped iterations:   0 | number of nan iterations:   0 |
2026-08-23 01:16:44 [INFO] iteration      900/    1000 | consumed samples:        86400 | elapsed time per iteration (ms): 3004.7 | throughput (samples/sec/per_device): 3.994 | learning rate: 1.599147E-06 | global batch size:    96 | action loss: 1.462488E-01 | loss scale: 1.0 | grad norm: 0.537614 | number of skipped iterations:   0 | number of nan iterations:   0 |
2026-08-23 01:16:44 [INFO] max time across ranks (ms):
    forward-backward................................: 2873.49
    forward-compute.................................: 640.44
    backward-compute................................: 2596.30
    batch-generator.................................: 2.59
    nan-grad-cleanup................................: 13.27
    grad-clip.......................................: 32.62
    optimizer.......................................: 84.78
    optimizer-inner-step............................: 84.66
    optimizer-scheduler-step........................: 0.06
    optimizer-zero-grad.............................: 0.77
2026-08-23 01:16:45 [INFO] ScheduledPowerSGDPlusState restart: iter=799 compressed_iter=797 method=approximate rank=1 apply_exact=False
2026-08-23 01:16:51 [INFO] iteration      901/    1000 | consumed samples:        86496 | elapsed time per iteration (ms): 6900.5 | throughput (samples/sec/per_device): 1.739 | learning rate: 1.587322E-06 | global batch size:    96 | action loss: 1.470697E-01 | loss scale: 1.0 | grad norm: 0.626221 | number of skipped iterations:   0 | number of nan iterations:   0 |
2026-08-23 01:16:56 [INFO] iteration      902/    1000 | consumed samples:        86592 | elapsed time per iteration (ms): 5395.9 | throughput (samples/sec/per_device): 2.224 | learning rate: 1.575612E-06 | global batch size:    96 | action loss: 1.620115E-01 | loss scale: 1.0 | grad norm: 0.543972 | number of skipped iterations:   0 | number of nan iterations:   0 |
2026-08-23 01:17:01 [INFO] iteration      903/    1000 | consumed samples:        86688 | elapsed time per iteration (ms): 4520.9 | throughput (samples/sec/per_device): 2.654 | learning rate: 1.564017E-06 | global batch size:    96 | action loss: 1.356258E-01 | loss scale: 1.0 | grad norm: 0.533296 | number of skipped iterations:   0 | number of nan iterations:   0 |
2026-08-23 01:17:03 [INFO] iteration      904/    1000 | consumed samples:        86784 | elapsed time per iteration (ms): 2058.7 | throughput (samples/sec/per_device): 5.829 | learning rate: 1.552537E-06 | global batch size:    96 | action loss: 1.780988E-01 | loss scale: 1.0 | grad norm: 0.527585 | number of skipped iterations:   0 | number of nan iterations:   0 |
2026-08-23 01:17:05 [INFO] iteration      905/    1000 | consumed samples:        86880 | elapsed time per iteration (ms): 2446.4 | throughput (samples/sec/per_device): 4.905 | learning rate: 1.541173E-06 | global batch size:    96 | action loss: 1.480466E-01 | loss scale: 1.0 | grad norm: 0.538526 | number of skipped iterations:   0 | number of nan iterations:   0 |
2026-08-23 01:17:08 [INFO] iteration      906/    1000 | consumed samples:        86976 | elapsed time per iteration (ms): 2289.4 | throughput (samples/sec/per_device): 5.242 | learning rate: 1.529924E-06 | global batch size:    96 | action loss: 1.586595E-01 | loss scale: 1.0 | grad norm: 0.531433 | number of skipped iterations:   0 | number of nan iterations:   0 |
2026-08-23 01:17:11 [INFO] iteration      907/    1000 | consumed samples:        87072 | elapsed time per iteration (ms): 3458.4 | throughput (samples/sec/per_device): 3.470 | learning rate: 1.518791E-06 | global batch size:    96 | action loss: 1.465976E-01 | loss scale: 1.0 | grad norm: 0.510510 | number of skipped iterations:   0 | number of nan iterations:   0 |
2026-08-23 01:17:14 [INFO] iteration      908/    1000 | consumed samples:        87168 | elapsed time per iteration (ms): 3138.2 | throughput (samples/sec/per_device): 3.824 | learning rate: 1.507773E-06 | global batch size:    96 | action loss: 1.544752E-01 | loss scale: 1.0 | grad norm: 0.510929 | number of skipped iterations:   0 | number of nan iterations:   0 |
2026-08-23 01:17:17 [INFO] iteration      909/    1000 | consumed samples:        87264 | elapsed time per iteration (ms): 2611.1 | throughput (samples/sec/per_device): 4.596 | learning rate: 1.496871E-06 | global batch size:    96 | action loss: 1.627239E-01 | loss scale: 1.0 | grad norm: 0.526963 | number of skipped iterations:   0 | number of nan iterations:   0 |
2026-08-23 01:17:20 [INFO] iteration      910/    1000 | consumed samples:        87360 | elapsed time per iteration (ms): 3504.9 | throughput (samples/sec/per_device): 3.424 | learning rate: 1.486084E-06 | global batch size:    96 | action loss: 1.621142E-01 | loss scale: 1.0 | grad norm: 0.533147 | number of skipped iterations:   0 | number of nan iterations:   0 |
2026-08-23 01:17:23 [INFO] iteration      911/    1000 | consumed samples:        87456 | elapsed time per iteration (ms): 2471.7 | throughput (samples/sec/per_device): 4.855 | learning rate: 1.475414E-06 | global batch size:    96 | action loss: 1.553023E-01 | loss scale: 1.0 | grad norm: 0.505684 | number of skipped iterations:   0 | number of nan iterations:   0 |
2026-08-23 01:17:26 [INFO] iteration      912/    1000 | consumed samples:        87552 | elapsed time per iteration (ms): 3020.6 | throughput (samples/sec/per_device): 3.973 | learning rate: 1.464860E-06 | global batch size:    96 | action loss: 2.157496E-01 | loss scale: 1.0 | grad norm: 0.525716 | number of skipped iterations:   0 | number of nan iterations:   0 |
2026-08-23 01:17:29 [INFO] iteration      913/    1000 | consumed samples:        87648 | elapsed time per iteration (ms): 2845.4 | throughput (samples/sec/per_device): 4.217 | learning rate: 1.454421E-06 | global batch size:    96 | action loss: 1.606885E-01 | loss scale: 1.0 | grad norm: 0.531688 | number of skipped iterations:   0 | number of nan iterations:   0 |
2026-08-23 01:17:32 [INFO] iteration      914/    1000 | consumed samples:        87744 | elapsed time per iteration (ms): 3503.8 | throughput (samples/sec/per_device): 3.425 | learning rate: 1.444100E-06 | global batch size:    96 | action loss: 1.319574E-01 | loss scale: 1.0 | grad norm: 0.503038 | number of skipped iterations:   0 | number of nan iterations:   0 |
2026-08-23 01:17:35 [INFO] iteration      915/    1000 | consumed samples:        87840 | elapsed time per iteration (ms): 2978.5 | throughput (samples/sec/per_device): 4.029 | learning rate: 1.433894E-06 | global batch size:    96 | action loss: 1.579325E-01 | loss scale: 1.0 | grad norm: 0.504159 | number of skipped iterations:   0 | number of nan iterations:   0 |
2026-08-23 01:17:38 [INFO] iteration      916/    1000 | consumed samples:        87936 | elapsed time per iteration (ms): 2546.1 | throughput (samples/sec/per_device): 4.713 | learning rate: 1.423805E-06 | global batch size:    96 | action loss: 1.694947E-01 | loss scale: 1.0 | grad norm: 0.486094 | number of skipped iterations:   0 | number of nan iterations:   0 |
2026-08-23 01:17:40 [INFO] iteration      917/    1000 | consumed samples:        88032 | elapsed time per iteration (ms): 2815.0 | throughput (samples/sec/per_device): 4.263 | learning rate: 1.413833E-06 | global batch size:    96 | action loss: 1.558000E-01 | loss scale: 1.0 | grad norm: 0.494276 | number of skipped iterations:   0 | number of nan iterations:   0 |
2026-08-23 01:17:45 [INFO] iteration      918/    1000 | consumed samples:        88128 | elapsed time per iteration (ms): 4278.3 | throughput (samples/sec/per_device): 2.805 | learning rate: 1.403977E-06 | global batch size:    96 | action loss: 1.754167E-01 | loss scale: 1.0 | grad norm: 0.519561 | number of skipped iterations:   0 | number of nan iterations:   0 |
2026-08-23 01:17:47 [INFO] iteration      919/    1000 | consumed samples:        88224 | elapsed time per iteration (ms): 2285.2 | throughput (samples/sec/per_device): 5.251 | learning rate: 1.394238E-06 | global batch size:    96 | action loss: 1.502894E-01 | loss scale: 1.0 | grad norm: 0.509690 | number of skipped iterations:   0 | number of nan iterations:   0 |
2026-08-23 01:17:50 [INFO] iteration      920/    1000 | consumed samples:        88320 | elapsed time per iteration (ms): 2651.9 | throughput (samples/sec/per_device): 4.525 | learning rate: 1.384616E-06 | global batch size:    96 | action loss: 1.410318E-01 | loss scale: 1.0 | grad norm: 0.501580 | number of skipped iterations:   0 | number of nan iterations:   0 |
2026-08-23 01:17:50 [INFO] max time across ranks (ms):
    forward-backward................................: 2520.81
    forward-compute.................................: 515.07
    backward-compute................................: 2242.79
    batch-generator.................................: 1.75
    nan-grad-cleanup................................: 13.10
    grad-clip.......................................: 32.86
    optimizer.......................................: 86.35
    optimizer-inner-step............................: 86.24
    optimizer-scheduler-step........................: 0.08
    optimizer-zero-grad.............................: 0.72
2026-08-23 01:17:53 [INFO] iteration      921/    1000 | consumed samples:        88416 | elapsed time per iteration (ms): 2992.6 | throughput (samples/sec/per_device): 4.010 | learning rate: 1.375110E-06 | global batch size:    96 | action loss: 1.475169E-01 | loss scale: 1.0 | grad norm: 0.508206 | number of skipped iterations:   0 | number of nan iterations:   0 |
2026-08-23 01:17:56 [INFO] iteration      922/    1000 | consumed samples:        88512 | elapsed time per iteration (ms): 3792.3 | throughput (samples/sec/per_device): 3.164 | learning rate: 1.365722E-06 | global batch size:    96 | action loss: 1.625625E-01 | loss scale: 1.0 | grad norm: 0.515931 | number of skipped iterations:   0 | number of nan iterations:   0 |
2026-08-23 01:18:01 [INFO] iteration      923/    1000 | consumed samples:        88608 | elapsed time per iteration (ms): 4368.4 | throughput (samples/sec/per_device): 2.747 | learning rate: 1.356451E-06 | global batch size:    96 | action loss: 1.946947E-01 | loss scale: 1.0 | grad norm: 0.548620 | number of skipped iterations:   0 | number of nan iterations:   0 |
2026-08-23 01:18:04 [INFO] iteration      924/    1000 | consumed samples:        88704 | elapsed time per iteration (ms): 2883.6 | throughput (samples/sec/per_device): 4.161 | learning rate: 1.347298E-06 | global batch size:    96 | action loss: 1.423529E-01 | loss scale: 1.0 | grad norm: 0.511829 | number of skipped iterations:   0 | number of nan iterations:   0 |
2026-08-23 01:18:07 [INFO] iteration      925/    1000 | consumed samples:        88800 | elapsed time per iteration (ms): 3529.2 | throughput (samples/sec/per_device): 3.400 | learning rate: 1.338261E-06 | global batch size:    96 | action loss: 1.415277E-01 | loss scale: 1.0 | grad norm: 0.539734 | number of skipped iterations:   0 | number of nan iterations:   0 |
2026-08-23 01:18:10 [INFO] iteration      926/    1000 | consumed samples:        88896 | elapsed time per iteration (ms): 2999.9 | throughput (samples/sec/per_device): 4.000 | learning rate: 1.329342E-06 | global batch size:    96 | action loss: 1.333800E-01 | loss scale: 1.0 | grad norm: 0.506085 | number of skipped iterations:   0 | number of nan iterations:   0 |
2026-08-23 01:18:13 [INFO] iteration      927/    1000 | consumed samples:        88992 | elapsed time per iteration (ms): 2849.1 | throughput (samples/sec/per_device): 4.212 | learning rate: 1.320541E-06 | global batch size:    96 | action loss: 1.550927E-01 | loss scale: 1.0 | grad norm: 0.534383 | number of skipped iterations:   0 | number of nan iterations:   0 |
2026-08-23 01:18:16 [INFO] iteration      928/    1000 | consumed samples:        89088 | elapsed time per iteration (ms): 2946.3 | throughput (samples/sec/per_device): 4.073 | learning rate: 1.311857E-06 | global batch size:    96 | action loss: 1.487826E-01 | loss scale: 1.0 | grad norm: 0.512483 | number of skipped iterations:   0 | number of nan iterations:   0 |
2026-08-23 01:18:19 [INFO] iteration      929/    1000 | consumed samples:        89184 | elapsed time per iteration (ms): 2869.7 | throughput (samples/sec/per_device): 4.182 | learning rate: 1.303291E-06 | global batch size:    96 | action loss: 1.745233E-01 | loss scale: 1.0 | grad norm: 0.514757 | number of skipped iterations:   0 | number of nan iterations:   0 |
2026-08-23 01:18:22 [INFO] iteration      930/    1000 | consumed samples:        89280 | elapsed time per iteration (ms): 2698.4 | throughput (samples/sec/per_device): 4.447 | learning rate: 1.294843E-06 | global batch size:    96 | action loss: 1.569265E-01 | loss scale: 1.0 | grad norm: 0.501338 | number of skipped iterations:   0 | number of nan iterations:   0 |
2026-08-23 01:18:25 [INFO] iteration      931/    1000 | consumed samples:        89376 | elapsed time per iteration (ms): 2941.6 | throughput (samples/sec/per_device): 4.079 | learning rate: 1.286512E-06 | global batch size:    96 | action loss: 1.558944E-01 | loss scale: 1.0 | grad norm: 0.484974 | number of skipped iterations:   0 | number of nan iterations:   0 |
2026-08-23 01:18:28 [INFO] iteration      932/    1000 | consumed samples:        89472 | elapsed time per iteration (ms): 3884.7 | throughput (samples/sec/per_device): 3.089 | learning rate: 1.278300E-06 | global batch size:    96 | action loss: 1.277397E-01 | loss scale: 1.0 | grad norm: 0.493968 | number of skipped iterations:   0 | number of nan iterations:   0 |
2026-08-23 01:18:32 [INFO] iteration      933/    1000 | consumed samples:        89568 | elapsed time per iteration (ms): 3064.6 | throughput (samples/sec/per_device): 3.916 | learning rate: 1.270205E-06 | global batch size:    96 | action loss: 1.427718E-01 | loss scale: 1.0 | grad norm: 0.524130 | number of skipped iterations:   0 | number of nan iterations:   0 |
2026-08-23 01:18:35 [INFO] iteration      934/    1000 | consumed samples:        89664 | elapsed time per iteration (ms): 3049.0 | throughput (samples/sec/per_device): 3.936 | learning rate: 1.262229E-06 | global batch size:    96 | action loss: 1.425641E-01 | loss scale: 1.0 | grad norm: 0.599223 | number of skipped iterations:   0 | number of nan iterations:   0 |
2026-08-23 01:18:38 [INFO] iteration      935/    1000 | consumed samples:        89760 | elapsed time per iteration (ms): 2931.7 | throughput (samples/sec/per_device): 4.093 | learning rate: 1.254371E-06 | global batch size:    96 | action loss: 1.561796E-01 | loss scale: 1.0 | grad norm: 0.572704 | number of skipped iterations:   0 | number of nan iterations:   0 |
2026-08-23 01:18:41 [INFO] iteration      936/    1000 | consumed samples:        89856 | elapsed time per iteration (ms): 3838.8 | throughput (samples/sec/per_device): 3.126 | learning rate: 1.246631E-06 | global batch size:    96 | action loss: 1.557154E-01 | loss scale: 1.0 | grad norm: 0.556597 | number of skipped iterations:   0 | number of nan iterations:   0 |
2026-08-23 01:18:45 [INFO] iteration      937/    1000 | consumed samples:        89952 | elapsed time per iteration (ms): 3481.3 | throughput (samples/sec/per_device): 3.447 | learning rate: 1.239009E-06 | global batch size:    96 | action loss: 2.273388E-01 | loss scale: 1.0 | grad norm: 0.523434 | number of skipped iterations:   0 | number of nan iterations:   0 |
2026-08-23 01:18:48 [INFO] iteration      938/    1000 | consumed samples:        90048 | elapsed time per iteration (ms): 2847.5 | throughput (samples/sec/per_device): 4.214 | learning rate: 1.231506E-06 | global batch size:    96 | action loss: 1.646389E-01 | loss scale: 1.0 | grad norm: 0.545723 | number of skipped iterations:   0 | number of nan iterations:   0 |
2026-08-23 01:18:51 [INFO] iteration      939/    1000 | consumed samples:        90144 | elapsed time per iteration (ms): 3722.4 | throughput (samples/sec/per_device): 3.224 | learning rate: 1.224122E-06 | global batch size:    96 | action loss: 1.636304E-01 | loss scale: 1.0 | grad norm: 0.510735 | number of skipped iterations:   0 | number of nan iterations:   0 |
2026-08-23 01:18:54 [INFO] iteration      940/    1000 | consumed samples:        90240 | elapsed time per iteration (ms): 2524.0 | throughput (samples/sec/per_device): 4.754 | learning rate: 1.216856E-06 | global batch size:    96 | action loss: 1.603255E-01 | loss scale: 1.0 | grad norm: 0.506102 | number of skipped iterations:   0 | number of nan iterations:   0 |
2026-08-23 01:18:54 [INFO] max time across ranks (ms):
    forward-backward................................: 2392.95
    forward-compute.................................: 1044.26
    backward-compute................................: 2114.75
    batch-generator.................................: 1.48
    nan-grad-cleanup................................: 13.32
    grad-clip.......................................: 32.88
    optimizer.......................................: 85.37
    optimizer-inner-step............................: 85.28
    optimizer-scheduler-step........................: 0.09
    optimizer-zero-grad.............................: 0.41
2026-08-23 01:18:57 [INFO] iteration      941/    1000 | consumed samples:        90336 | elapsed time per iteration (ms): 3262.9 | throughput (samples/sec/per_device): 3.678 | learning rate: 1.209708E-06 | global batch size:    96 | action loss: 1.403403E-01 | loss scale: 1.0 | grad norm: 0.553194 | number of skipped iterations:   0 | number of nan iterations:   0 |
2026-08-23 01:19:04 [INFO] iteration      942/    1000 | consumed samples:        90432 | elapsed time per iteration (ms): 6301.2 | throughput (samples/sec/per_device): 1.904 | learning rate: 1.202680E-06 | global batch size:    96 | action loss: 2.189578E-01 | loss scale: 1.0 | grad norm: 0.554589 | number of skipped iterations:   0 | number of nan iterations:   0 |
2026-08-23 01:19:06 [INFO] iteration      943/    1000 | consumed samples:        90528 | elapsed time per iteration (ms): 2625.7 | throughput (samples/sec/per_device): 4.570 | learning rate: 1.195770E-06 | global batch size:    96 | action loss: 1.658247E-01 | loss scale: 1.0 | grad norm: 0.550365 | number of skipped iterations:   0 | number of nan iterations:   0 |
2026-08-23 01:19:08 [INFO] iteration      944/    1000 | consumed samples:        90624 | elapsed time per iteration (ms): 2250.5 | throughput (samples/sec/per_device): 5.332 | learning rate: 1.188979E-06 | global batch size:    96 | action loss: 1.393686E-01 | loss scale: 1.0 | grad norm: 0.530020 | number of skipped iterations:   0 | number of nan iterations:   0 |
2026-08-23 01:19:10 [INFO] iteration      945/    1000 | consumed samples:        90720 | elapsed time per iteration (ms): 1722.9 | throughput (samples/sec/per_device): 6.965 | learning rate: 1.182307E-06 | global batch size:    96 | action loss: 1.500715E-01 | loss scale: 1.0 | grad norm: 0.540043 | number of skipped iterations:   0 | number of nan iterations:   0 |
2026-08-23 01:19:14 [INFO] iteration      946/    1000 | consumed samples:        90816 | elapsed time per iteration (ms): 3510.5 | throughput (samples/sec/per_device): 3.418 | learning rate: 1.175754E-06 | global batch size:    96 | action loss: 1.650192E-01 | loss scale: 1.0 | grad norm: 0.549235 | number of skipped iterations:   0 | number of nan iterations:   0 |
2026-08-23 01:19:16 [INFO] iteration      947/    1000 | consumed samples:        90912 | elapsed time per iteration (ms): 2485.9 | throughput (samples/sec/per_device): 4.827 | learning rate: 1.169320E-06 | global batch size:    96 | action loss: 1.462609E-01 | loss scale: 1.0 | grad norm: 0.523456 | number of skipped iterations:   0 | number of nan iterations:   0 |
2026-08-23 01:19:19 [INFO] iteration      948/    1000 | consumed samples:        91008 | elapsed time per iteration (ms): 2736.7 | throughput (samples/sec/per_device): 4.385 | learning rate: 1.163005E-06 | global batch size:    96 | action loss: 1.468291E-01 | loss scale: 1.0 | grad norm: 0.504578 | number of skipped iterations:   0 | number of nan iterations:   0 |
2026-08-23 01:19:22 [INFO] iteration      949/    1000 | consumed samples:        91104 | elapsed time per iteration (ms): 3028.2 | throughput (samples/sec/per_device): 3.963 | learning rate: 1.156810E-06 | global batch size:    96 | action loss: 1.531477E-01 | loss scale: 1.0 | grad norm: 0.497987 | number of skipped iterations:   0 | number of nan iterations:   0 |
2026-08-23 01:19:26 [INFO] iteration      950/    1000 | consumed samples:        91200 | elapsed time per iteration (ms): 4061.7 | throughput (samples/sec/per_device): 2.954 | learning rate: 1.150733E-06 | global batch size:    96 | action loss: 1.511310E-01 | loss scale: 1.0 | grad norm: 0.600460 | number of skipped iterations:   0 | number of nan iterations:   0 |
2026-08-23 01:19:26 [INFO] ScheduledPowerSGDPlusState restart: iter=849 compressed_iter=847 method=approximate rank=1 apply_exact=False
2026-08-23 01:19:32 [INFO] iteration      951/    1000 | consumed samples:        91296 | elapsed time per iteration (ms): 5804.4 | throughput (samples/sec/per_device): 2.067 | learning rate: 1.144776E-06 | global batch size:    96 | action loss: 1.576221E-01 | loss scale: 1.0 | grad norm: 0.654169 | number of skipped iterations:   0 | number of nan iterations:   0 |
2026-08-23 01:19:36 [INFO] iteration      952/    1000 | consumed samples:        91392 | elapsed time per iteration (ms): 4557.2 | throughput (samples/sec/per_device): 2.633 | learning rate: 1.138939E-06 | global batch size:    96 | action loss: 1.541535E-01 | loss scale: 1.0 | grad norm: 0.542773 | number of skipped iterations:   0 | number of nan iterations:   0 |
2026-08-23 01:19:40 [INFO] iteration      953/    1000 | consumed samples:        91488 | elapsed time per iteration (ms): 3573.8 | throughput (samples/sec/per_device): 3.358 | learning rate: 1.133221E-06 | global batch size:    96 | action loss: 1.509136E-01 | loss scale: 1.0 | grad norm: 0.552991 | number of skipped iterations:   0 | number of nan iterations:   0 |
2026-08-23 01:19:42 [INFO] iteration      954/    1000 | consumed samples:        91584 | elapsed time per iteration (ms): 2080.7 | throughput (samples/sec/per_device): 5.767 | learning rate: 1.127622E-06 | global batch size:    96 | action loss: 1.551851E-01 | loss scale: 1.0 | grad norm: 0.535445 | number of skipped iterations:   0 | number of nan iterations:   0 |
2026-08-23 01:19:45 [INFO] iteration      955/    1000 | consumed samples:        91680 | elapsed time per iteration (ms): 2749.2 | throughput (samples/sec/per_device): 4.365 | learning rate: 1.122143E-06 | global batch size:    96 | action loss: 1.585791E-01 | loss scale: 1.0 | grad norm: 0.566265 | number of skipped iterations:   0 | number of nan iterations:   0 |
2026-08-23 01:19:48 [INFO] iteration      956/    1000 | consumed samples:        91776 | elapsed time per iteration (ms): 2864.7 | throughput (samples/sec/per_device): 4.189 | learning rate: 1.116783E-06 | global batch size:    96 | action loss: 1.457611E-01 | loss scale: 1.0 | grad norm: 0.505750 | number of skipped iterations:   0 | number of nan iterations:   0 |
2026-08-23 01:19:50 [INFO] iteration      957/    1000 | consumed samples:        91872 | elapsed time per iteration (ms): 2375.0 | throughput (samples/sec/per_device): 5.053 | learning rate: 1.111543E-06 | global batch size:    96 | action loss: 1.601415E-01 | loss scale: 1.0 | grad norm: 0.517384 | number of skipped iterations:   0 | number of nan iterations:   0 |
2026-08-23 01:19:52 [INFO] iteration      958/    1000 | consumed samples:        91968 | elapsed time per iteration (ms): 1861.5 | throughput (samples/sec/per_device): 6.446 | learning rate: 1.106423E-06 | global batch size:    96 | action loss: 1.604446E-01 | loss scale: 1.0 | grad norm: 0.548316 | number of skipped iterations:   0 | number of nan iterations:   0 |
2026-08-23 01:19:54 [INFO] iteration      959/    1000 | consumed samples:        92064 | elapsed time per iteration (ms): 2345.7 | throughput (samples/sec/per_device): 5.116 | learning rate: 1.101423E-06 | global batch size:    96 | action loss: 1.622161E-01 | loss scale: 1.0 | grad norm: 0.526219 | number of skipped iterations:   0 | number of nan iterations:   0 |
2026-08-23 01:19:57 [INFO] iteration      960/    1000 | consumed samples:        92160 | elapsed time per iteration (ms): 3134.3 | throughput (samples/sec/per_device): 3.829 | learning rate: 1.096542E-06 | global batch size:    96 | action loss: 1.618366E-01 | loss scale: 1.0 | grad norm: 0.504657 | number of skipped iterations:   0 | number of nan iterations:   0 |
2026-08-23 01:19:57 [INFO] max time across ranks (ms):
    forward-backward................................: 3003.84
    forward-compute.................................: 1035.52
    backward-compute................................: 2724.91
    batch-generator.................................: 1.49
    nan-grad-cleanup................................: 13.37
    grad-clip.......................................: 32.73
    optimizer.......................................: 84.11
    optimizer-inner-step............................: 84.02
    optimizer-scheduler-step........................: 0.07
    optimizer-zero-grad.............................: 0.76
2026-08-23 01:20:01 [INFO] iteration      961/    1000 | consumed samples:        92256 | elapsed time per iteration (ms): 3605.1 | throughput (samples/sec/per_device): 3.329 | learning rate: 1.091782E-06 | global batch size:    96 | action loss: 1.398946E-01 | loss scale: 1.0 | grad norm: 0.502663 | number of skipped iterations:   0 | number of nan iterations:   0 |
2026-08-23 01:20:06 [INFO] iteration      962/    1000 | consumed samples:        92352 | elapsed time per iteration (ms): 4969.1 | throughput (samples/sec/per_device): 2.415 | learning rate: 1.087141E-06 | global batch size:    96 | action loss: 1.609967E-01 | loss scale: 1.0 | grad norm: 0.497265 | number of skipped iterations:   0 | number of nan iterations:   0 |
2026-08-23 01:20:10 [INFO] iteration      963/    1000 | consumed samples:        92448 | elapsed time per iteration (ms): 4019.6 | throughput (samples/sec/per_device): 2.985 | learning rate: 1.082620E-06 | global batch size:    96 | action loss: 1.354002E-01 | loss scale: 1.0 | grad norm: 0.507864 | number of skipped iterations:   0 | number of nan iterations:   0 |
2026-08-23 01:20:13 [INFO] iteration      964/    1000 | consumed samples:        92544 | elapsed time per iteration (ms): 2732.8 | throughput (samples/sec/per_device): 4.391 | learning rate: 1.078219E-06 | global batch size:    96 | action loss: 1.431050E-01 | loss scale: 1.0 | grad norm: 0.491558 | number of skipped iterations:   0 | number of nan iterations:   0 |
2026-08-23 01:20:15 [INFO] iteration      965/    1000 | consumed samples:        92640 | elapsed time per iteration (ms): 2444.3 | throughput (samples/sec/per_device): 4.909 | learning rate: 1.073938E-06 | global batch size:    96 | action loss: 1.606145E-01 | loss scale: 1.0 | grad norm: 0.549627 | number of skipped iterations:   0 | number of nan iterations:   0 |
2026-08-23 01:20:17 [INFO] iteration      966/    1000 | consumed samples:        92736 | elapsed time per iteration (ms): 2392.0 | throughput (samples/sec/per_device): 5.017 | learning rate: 1.069778E-06 | global batch size:    96 | action loss: 1.509192E-01 | loss scale: 1.0 | grad norm: 0.538875 | number of skipped iterations:   0 | number of nan iterations:   0 |
2026-08-23 01:20:21 [INFO] iteration      967/    1000 | consumed samples:        92832 | elapsed time per iteration (ms): 3950.7 | throughput (samples/sec/per_device): 3.037 | learning rate: 1.065737E-06 | global batch size:    96 | action loss: 1.764172E-01 | loss scale: 1.0 | grad norm: 0.519890 | number of skipped iterations:   0 | number of nan iterations:   0 |
2026-08-23 01:20:25 [INFO] iteration      968/    1000 | consumed samples:        92928 | elapsed time per iteration (ms): 3144.8 | throughput (samples/sec/per_device): 3.816 | learning rate: 1.061817E-06 | global batch size:    96 | action loss: 1.452654E-01 | loss scale: 1.0 | grad norm: 0.550934 | number of skipped iterations:   0 | number of nan iterations:   0 |
2026-08-23 01:20:28 [INFO] iteration      969/    1000 | consumed samples:        93024 | elapsed time per iteration (ms): 3129.8 | throughput (samples/sec/per_device): 3.834 | learning rate: 1.058017E-06 | global batch size:    96 | action loss: 1.808443E-01 | loss scale: 1.0 | grad norm: 0.553126 | number of skipped iterations:   0 | number of nan iterations:   0 |
2026-08-23 01:20:31 [INFO] iteration      970/    1000 | consumed samples:        93120 | elapsed time per iteration (ms): 3007.0 | throughput (samples/sec/per_device): 3.991 | learning rate: 1.054337E-06 | global batch size:    96 | action loss: 1.587852E-01 | loss scale: 1.0 | grad norm: 0.520039 | number of skipped iterations:   0 | number of nan iterations:   0 |
2026-08-23 01:20:34 [INFO] iteration      971/    1000 | consumed samples:        93216 | elapsed time per iteration (ms): 3337.3 | throughput (samples/sec/per_device): 3.596 | learning rate: 1.050777E-06 | global batch size:    96 | action loss: 1.611568E-01 | loss scale: 1.0 | grad norm: 0.515930 | number of skipped iterations:   0 | number of nan iterations:   0 |
2026-08-23 01:20:37 [INFO] iteration      972/    1000 | consumed samples:        93312 | elapsed time per iteration (ms): 2953.8 | throughput (samples/sec/per_device): 4.063 | learning rate: 1.047338E-06 | global batch size:    96 | action loss: 1.594403E-01 | loss scale: 1.0 | grad norm: 0.535465 | number of skipped iterations:   0 | number of nan iterations:   0 |
2026-08-23 01:20:39 [INFO] iteration      973/    1000 | consumed samples:        93408 | elapsed time per iteration (ms): 2156.8 | throughput (samples/sec/per_device): 5.564 | learning rate: 1.044019E-06 | global batch size:    96 | action loss: 1.601383E-01 | loss scale: 1.0 | grad norm: 0.587675 | number of skipped iterations:   0 | number of nan iterations:   0 |
2026-08-23 01:20:42 [INFO] iteration      974/    1000 | consumed samples:        93504 | elapsed time per iteration (ms): 2581.8 | throughput (samples/sec/per_device): 4.648 | learning rate: 1.040821E-06 | global batch size:    96 | action loss: 1.421809E-01 | loss scale: 1.0 | grad norm: 0.600945 | number of skipped iterations:   0 | number of nan iterations:   0 |
2026-08-23 01:20:45 [INFO] iteration      975/    1000 | consumed samples:        93600 | elapsed time per iteration (ms): 3713.7 | throughput (samples/sec/per_device): 3.231 | learning rate: 1.037743E-06 | global batch size:    96 | action loss: 1.559258E-01 | loss scale: 1.0 | grad norm: 0.631609 | number of skipped iterations:   0 | number of nan iterations:   0 |
2026-08-23 01:20:48 [INFO] iteration      976/    1000 | consumed samples:        93696 | elapsed time per iteration (ms): 2512.9 | throughput (samples/sec/per_device): 4.775 | learning rate: 1.034785E-06 | global batch size:    96 | action loss: 1.524271E-01 | loss scale: 1.0 | grad norm: 0.584734 | number of skipped iterations:   0 | number of nan iterations:   0 |
2026-08-23 01:20:51 [INFO] iteration      977/    1000 | consumed samples:        93792 | elapsed time per iteration (ms): 3180.5 | throughput (samples/sec/per_device): 3.773 | learning rate: 1.031948E-06 | global batch size:    96 | action loss: 1.546998E-01 | loss scale: 1.0 | grad norm: 0.535957 | number of skipped iterations:   0 | number of nan iterations:   0 |
2026-08-23 01:20:55 [INFO] iteration      978/    1000 | consumed samples:        93888 | elapsed time per iteration (ms): 3781.8 | throughput (samples/sec/per_device): 3.173 | learning rate: 1.029231E-06 | global batch size:    96 | action loss: 1.374373E-01 | loss scale: 1.0 | grad norm: 0.512917 | number of skipped iterations:   0 | number of nan iterations:   0 |
2026-08-23 01:20:57 [INFO] iteration      979/    1000 | consumed samples:        93984 | elapsed time per iteration (ms): 2442.0 | throughput (samples/sec/per_device): 4.914 | learning rate: 1.026635E-06 | global batch size:    96 | action loss: 1.614636E-01 | loss scale: 1.0 | grad norm: 0.509833 | number of skipped iterations:   0 | number of nan iterations:   0 |
2026-08-23 01:21:00 [INFO] iteration      980/    1000 | consumed samples:        94080 | elapsed time per iteration (ms): 2803.0 | throughput (samples/sec/per_device): 4.281 | learning rate: 1.024160E-06 | global batch size:    96 | action loss: 1.463348E-01 | loss scale: 1.0 | grad norm: 0.524387 | number of skipped iterations:   0 | number of nan iterations:   0 |
2026-08-23 01:21:00 [INFO] max time across ranks (ms):
    forward-backward................................: 2671.63
    forward-compute.................................: 1061.10
    backward-compute................................: 2393.78
    batch-generator.................................: 1.67
    nan-grad-cleanup................................: 13.29
    grad-clip.......................................: 32.69
    optimizer.......................................: 84.93
    optimizer-inner-step............................: 84.81
    optimizer-scheduler-step........................: 0.06
    optimizer-zero-grad.............................: 0.68
2026-08-23 01:21:03 [INFO] iteration      981/    1000 | consumed samples:        94176 | elapsed time per iteration (ms): 2663.4 | throughput (samples/sec/per_device): 4.505 | learning rate: 1.021805E-06 | global batch size:    96 | action loss: 1.496176E-01 | loss scale: 1.0 | grad norm: 0.545955 | number of skipped iterations:   0 | number of nan iterations:   0 |
2026-08-23 01:21:07 [INFO] iteration      982/    1000 | consumed samples:        94272 | elapsed time per iteration (ms): 4626.0 | throughput (samples/sec/per_device): 2.594 | learning rate: 1.019571E-06 | global batch size:    96 | action loss: 1.539010E-01 | loss scale: 1.0 | grad norm: 0.545785 | number of skipped iterations:   0 | number of nan iterations:   0 |
2026-08-23 01:21:11 [INFO] iteration      983/    1000 | consumed samples:        94368 | elapsed time per iteration (ms): 3453.5 | throughput (samples/sec/per_device): 3.475 | learning rate: 1.017457E-06 | global batch size:    96 | action loss: 1.641712E-01 | loss scale: 1.0 | grad norm: 0.566659 | number of skipped iterations:   0 | number of nan iterations:   0 |
2026-08-23 01:21:13 [INFO] iteration      984/    1000 | consumed samples:        94464 | elapsed time per iteration (ms): 2429.7 | throughput (samples/sec/per_device): 4.939 | learning rate: 1.015464E-06 | global batch size:    96 | action loss: 1.545713E-01 | loss scale: 1.0 | grad norm: 0.570022 | number of skipped iterations:   0 | number of nan iterations:   0 |
2026-08-23 01:21:16 [INFO] iteration      985/    1000 | consumed samples:        94560 | elapsed time per iteration (ms): 2830.7 | throughput (samples/sec/per_device): 4.239 | learning rate: 1.013592E-06 | global batch size:    96 | action loss: 1.488040E-01 | loss scale: 1.0 | grad norm: 0.541702 | number of skipped iterations:   0 | number of nan iterations:   0 |
2026-08-23 01:21:20 [INFO] iteration      986/    1000 | consumed samples:        94656 | elapsed time per iteration (ms): 3638.4 | throughput (samples/sec/per_device): 3.298 | learning rate: 1.011840E-06 | global batch size:    96 | action loss: 1.421023E-01 | loss scale: 1.0 | grad norm: 0.504795 | number of skipped iterations:   0 | number of nan iterations:   0 |
2026-08-23 01:21:22 [INFO] iteration      987/    1000 | consumed samples:        94752 | elapsed time per iteration (ms): 2598.5 | throughput (samples/sec/per_device): 4.618 | learning rate: 1.010210E-06 | global batch size:    96 | action loss: 1.632622E-01 | loss scale: 1.0 | grad norm: 0.530102 | number of skipped iterations:   0 | number of nan iterations:   0 |
2026-08-23 01:21:25 [INFO] iteration      988/    1000 | consumed samples:        94848 | elapsed time per iteration (ms): 2898.7 | throughput (samples/sec/per_device): 4.140 | learning rate: 1.008699E-06 | global batch size:    96 | action loss: 1.677273E-01 | loss scale: 1.0 | grad norm: 0.503949 | number of skipped iterations:   0 | number of nan iterations:   0 |
2026-08-23 01:21:29 [INFO] iteration      989/    1000 | consumed samples:        94944 | elapsed time per iteration (ms): 3870.8 | throughput (samples/sec/per_device): 3.100 | learning rate: 1.007310E-06 | global batch size:    96 | action loss: 1.383406E-01 | loss scale: 1.0 | grad norm: 0.532640 | number of skipped iterations:   0 | number of nan iterations:   0 |
2026-08-23 01:21:32 [INFO] iteration      990/    1000 | consumed samples:        95040 | elapsed time per iteration (ms): 2704.7 | throughput (samples/sec/per_device): 4.437 | learning rate: 1.006041E-06 | global batch size:    96 | action loss: 1.388109E-01 | loss scale: 1.0 | grad norm: 0.528207 | number of skipped iterations:   0 | number of nan iterations:   0 |
2026-08-23 01:21:35 [INFO] iteration      991/    1000 | consumed samples:        95136 | elapsed time per iteration (ms): 3211.1 | throughput (samples/sec/per_device): 3.737 | learning rate: 1.004894E-06 | global batch size:    96 | action loss: 1.398593E-01 | loss scale: 1.0 | grad norm: 0.540581 | number of skipped iterations:   0 | number of nan iterations:   0 |
2026-08-23 01:21:38 [INFO] iteration      992/    1000 | consumed samples:        95232 | elapsed time per iteration (ms): 2920.8 | throughput (samples/sec/per_device): 4.108 | learning rate: 1.003867E-06 | global batch size:    96 | action loss: 1.536940E-01 | loss scale: 1.0 | grad norm: 0.556272 | number of skipped iterations:   0 | number of nan iterations:   0 |
2026-08-23 01:21:42 [INFO] iteration      993/    1000 | consumed samples:        95328 | elapsed time per iteration (ms): 3997.4 | throughput (samples/sec/per_device): 3.002 | learning rate: 1.002960E-06 | global batch size:    96 | action loss: 1.473051E-01 | loss scale: 1.0 | grad norm: 0.552687 | number of skipped iterations:   0 | number of nan iterations:   0 |
2026-08-23 01:21:44 [INFO] iteration      994/    1000 | consumed samples:        95424 | elapsed time per iteration (ms): 2018.7 | throughput (samples/sec/per_device): 5.944 | learning rate: 1.002175E-06 | global batch size:    96 | action loss: 1.553004E-01 | loss scale: 1.0 | grad norm: 0.545052 | number of skipped iterations:   0 | number of nan iterations:   0 |
2026-08-23 01:21:46 [INFO] iteration      995/    1000 | consumed samples:        95520 | elapsed time per iteration (ms): 2389.9 | throughput (samples/sec/per_device): 5.021 | learning rate: 1.001510E-06 | global batch size:    96 | action loss: 1.623976E-01 | loss scale: 1.0 | grad norm: 0.513164 | number of skipped iterations:   0 | number of nan iterations:   0 |
2026-08-23 01:21:49 [INFO] iteration      996/    1000 | consumed samples:        95616 | elapsed time per iteration (ms): 2845.8 | throughput (samples/sec/per_device): 4.217 | learning rate: 1.000967E-06 | global batch size:    96 | action loss: 1.435149E-01 | loss scale: 1.0 | grad norm: 0.513473 | number of skipped iterations:   0 | number of nan iterations:   0 |
2026-08-23 01:21:53 [INFO] iteration      997/    1000 | consumed samples:        95712 | elapsed time per iteration (ms): 3967.1 | throughput (samples/sec/per_device): 3.025 | learning rate: 1.000544E-06 | global batch size:    96 | action loss: 1.471364E-01 | loss scale: 1.0 | grad norm: 0.542898 | number of skipped iterations:   0 | number of nan iterations:   0 |
2026-08-23 01:21:57 [INFO] iteration      998/    1000 | consumed samples:        95808 | elapsed time per iteration (ms): 3240.2 | throughput (samples/sec/per_device): 3.703 | learning rate: 1.000242E-06 | global batch size:    96 | action loss: 1.590481E-01 | loss scale: 1.0 | grad norm: 0.557294 | number of skipped iterations:   0 | number of nan iterations:   0 |
2026-08-23 01:21:59 [INFO] iteration      999/    1000 | consumed samples:        95904 | elapsed time per iteration (ms): 2817.2 | throughput (samples/sec/per_device): 4.260 | learning rate: 1.000060E-06 | global batch size:    96 | action loss: 1.614894E-01 | loss scale: 1.0 | grad norm: 0.556867 | number of skipped iterations:   0 | number of nan iterations:   0 |
2026-08-23 01:22:04 [INFO] iteration     1000/    1000 | consumed samples:        96000 | elapsed time per iteration (ms): 4438.2 | throughput (samples/sec/per_device): 2.704 | learning rate: 1.000000E-06 | global batch size:    96 | action loss: 1.550891E-01 | loss scale: 1.0 | grad norm: 0.547178 | number of skipped iterations:   0 | number of nan iterations:   0 |
2026-08-23 01:22:04 [INFO] max time across ranks (ms):
    forward-backward................................: 4307.48
    forward-compute.................................: 1145.88
    backward-compute................................: 4029.03
    batch-generator.................................: 2.62
    nan-grad-cleanup................................: 13.35
    grad-clip.......................................: 32.41
    optimizer.......................................: 85.54
    optimizer-inner-step............................: 85.44
    optimizer-scheduler-step........................: 0.08
    optimizer-zero-grad.............................: 0.74
bddx-inf-sci-k8s-a800-03849:1253321:1253321 [7] NCCL INFO comm 0x136381a0 rank 7 nranks 8 cudaDev 7 busId c9000 - Destroy COMPLETE
bddx-inf-sci-k8s-a800-03849:1253316:1253316 [2] NCCL INFO comm 0x11a07cb0 rank 2 nranks 8 cudaDev 2 busId 49000 - Destroy COMPLETE
bddx-inf-sci-k8s-a800-03849:1253317:1253317 [3] NCCL INFO comm 0x12ff2e30 rank 3 nranks 8 cudaDev 3 busId 4d000 - Destroy COMPLETE
bddx-inf-sci-k8s-a800-03849:1253318:1253318 [4] NCCL INFO comm 0x12394d50 rank 4 nranks 8 cudaDev 4 busId 89000 - Destroy COMPLETE
bddx-inf-sci-k8s-a800-03849:1253319:1253319 [5] NCCL INFO comm 0x12169a60 rank 5 nranks 8 cudaDev 5 busId 8e000 - Destroy COMPLETE
bddx-inf-sci-k8s-a800-03849:1253320:1253320 [6] NCCL INFO comm 0x11e29870 rank 6 nranks 8 cudaDev 6 busId c5000 - Destroy COMPLETE
bddx-inf-sci-k8s-a800-03849:1253314:1253314 [0] NCCL INFO comm 0x11f77570 rank 0 nranks 8 cudaDev 0 busId 12000 - Destroy COMPLETE
bddx-inf-sci-k8s-a800-03849:1253315:1253315 [1] NCCL INFO comm 0x118c57b0 rank 1 nranks 8 cudaDev 1 busId 18000 - Destroy COMPLETE
