[2026-08-21 16:03:18][INFO] 
------------------------ training training_args ------------------------
  activation_checkpoint_module_patterns ........... None
  activation_checkpoint_skip_modules .............. None
  adam_beta1 ...................................... 0.9
  adam_beta2 ...................................... 0.95
  adam_eps ........................................ 1e-08
  async_save ...................................... False
  batch_drop_last ................................. True
  check_for_nan_in_loss_and_grad .................. True
  clip_grad ....................................... 1.0
  config_file ..................................... None
  cuda_graph_ddp_sync_in_graph .................... False
  cuda_graph_grad_sync_bucket_mb .................. 200.0
  cuda_graph_grad_sync_dtype ...................... fp32
  cuda_graph_grad_sync_impl ....................... coalesced
  cuda_graph_impl ................................. none
  cuda_graph_pad_length ........................... None
  cuda_graph_scope ................................ full_iteration
  cuda_graph_warmup_steps ......................... 3
  cudnn_benchmark ................................. False
  data_root_dir ................................... None
  dataloader_multiprocessing_context .............. None
  dataloader_seed_workers ......................... False
  dataset_format .................................. lerobot_datasets
  dataset_path .................................... /raid0/fastwam/vla_artifacts/pi05/datasets/libero
  dataset_strategy ................................ default
  ddp_batched_grad_copy ........................... False
  ddp_broadcast_buffers ........................... True
  ddp_bucket_cap_mb ............................... None
  ddp_bucket_cap_mb_list .......................... None
  ddp_comm_hook ................................... powersgd_plus_hook
  ddp_comm_hook_logging ........................... False
  ddp_dynamic_powersgd_adapt_interval ............. 5
  ddp_dynamic_powersgd_high_rank .................. 4
  ddp_dynamic_powersgd_low_rank ................... 1
  ddp_dynamic_powersgd_relative_change_threshold .. 0.1
  ddp_find_unused_parameters ...................... True
  ddp_gradient_as_bucket_view ..................... True
  ddp_init_sync ................................... True
  ddp_layerwise_powersgd_candidate_ranks .......... 1,2,4,8,16
  ddp_layerwise_powersgd_log_tensor_stats ......... False
  ddp_layerwise_powersgd_power_iterations ......... 2
  ddp_layerwise_powersgd_refresh_period ........... 50
  ddp_layerwise_powersgd_relative_error ........... 0.1
  ddp_layerwise_powersgd_uncompressed_patterns .... 
  ddp_powersgd_matrix_approximation_rank .......... 1
  ddp_powersgd_min_compression_rate ............... 4.0
  ddp_powersgd_plus_restart_method ................ approximate
  ddp_powersgd_plus_restart_period ................ 50
  ddp_powersgd_start_iter ......................... 20
  ddp_separate_compression_ratio .................. 16.0
  ddp_separate_error_feedback_beta ................ 0.95
  ddp_separate_error_reset_interval ............... 128
  ddp_skip_all_reduce_unused_params ............... False
  ddp_static_graph ................................ True
  detail_log_interval ............................. 20
  deterministic_mode .............................. False
  disable_tf32 .................................... False
  distributed_sampler_mode ........................ cyclic
  distributed_strategy ............................ ddp
  dtype ........................................... bfloat16
  dynamo_optimize_ddp ............................. False
  freeze_modules .................................. 
  fsdp_backward_prefetch_distance ................. 0
  fsdp_cast_forward_inputs ........................ True
  fsdp_forward_prefetch_distance .................. 0
  fsdp_leftover_min_num_params .................... 1000000
  fsdp_min_num_params ............................. 1000000
  fsdp_no_wrap_modules ............................ None
  fsdp_original_param_dtype ....................... None
  fsdp_reduce_dtype ............................... fp32
  fsdp_reshard_default ............................ None
  fsdp_reshard_module_overrides ................... None
  fsdp_reshard_root ............................... False
  fsdp_unsharded_param_dtype ...................... None
  fsdp_wrap_modules ............................... None
  gradient_accumulation_steps ..................... 1
  hsdp_shard_size ................................. None
  init_on_meta .................................... False
  lambda_cycle_length ............................. 10000
  lambda_f_max .................................... 0.4
  lambda_f_min .................................... 0.0
  lambda_f_start .................................. 0.0
  lerobotdataset_version .......................... v3.0
  log_interval .................................... 1
  lora_alpha ...................................... 32
  lora_bias ....................................... none
  lora_dropout .................................... 0.0
  lora_init ....................................... true
  lora_modules_to_save ............................ None
  lora_r .......................................... 16
  lora_target_modules ............................. None
  loss_log_rank ................................... [-1]
  loss_spike_threshold ............................ 100.0
  lr_base ......................................... 2.5e-05
  lr_decay_iters .................................. 1000
  lr_decay_style .................................. cosine_with_min_lr
  lr_end .......................................... 1e-07
  lr_group ........................................ None
  lr_warmup_iters ................................. 10
  manual_gc ....................................... False
  manual_gc_interval .............................. 0
  min_lr .......................................... 1e-06
  model_name ...................................... pi05
  num_cycles ...................................... 1.0
  num_samples ..................................... 100
  num_workers ..................................... 4
  optimizer ....................................... AdamW
  output_dir ...................................... /raid0/fastwam/experiments/pi05_powersgd_plus_acp_resume_a800_100_1000_v2/attempts/powersgd_plus/attempt_1/powersgd_plus
  per_device_batch_size ........................... 12
  polynomial_power ................................ 1.0
  pretrained_checkpoint ........................... /raid0/fastwam/vla_artifacts/pi05/models/pi05_base
  profile_output_dir .............................. None
  profile_ranks ................................... [0]
  profile_step_end ................................ 12
  profile_step_start .............................. 10
  resume .......................................... True
  robot_type ...................................... libero_franka
  sampler_shuffle ................................. True
  save_format ..................................... dcp
  save_interval ................................... 0
  save_training_state ............................. True
  seed ............................................ 42
  set_seed_by_rank ................................ False
  split ........................................... train
  streaming ....................................... False
  task_name ....................................... perform the task
  tensorboard_dir ................................. /raid0/fastwam/experiments/pi05_powersgd_plus_acp_resume_a800_100_1000_v2/attempts/powersgd_plus/attempt_1/powersgd_plus/tensorboard
  tensorboard_queue_size .......................... 1000
  timing_log_level ................................ 0
  tokenizer_path .................................. /raid0/fastwam/vla_artifacts/pi05/tokenizers/paligemma-3b-pt-224
  train_iters ..................................... 1000
  trainer_type .................................... FinetuneTrainer
  use_lora ........................................ False
  use_nsys_profiler ............................... False
  use_pytorch_profiler ............................ False
  video_backend ................................... torchcodec
  wandb_mode ...................................... disabled
  wandb_project ................................... loongforge-vla
  weight_decay .................................... 0.01
  weight_decay_grouping ........................... all
  zero_master_param_dtype ......................... none
  zero_optimizer .................................. True
  zero_parameters_as_bucket_view .................. True
-------------------- end of training training_args ---------------------
[2026-08-21 16:03:18][INFO] 
------------------------ model config ------------------------
  action_dim ...................................... 7
  action_horizon .................................. 50
  compile_dynamic ................................. False
  compile_fullgraph ............................... True
  compile_mode .................................... max-autotune
  compile_model ................................... False
  compile_scope ................................... multi_group
  freeze_vision_encoder ........................... False
  gradient_checkpointing .......................... False
  max_action_dim .................................. 32
  max_state_dim ................................... 32
  model_type ...................................... pi05
  state_dim ....................................... 7
  train_expert_only ............................... False
-------------------- end of model config ---------------------
[2026-08-21 16:03:18][INFO] 
------------------------ data config ------------------------
  action_apply_to ................................. ['action']
  action_padding_strategy ......................... zero
  action_transform_horizon ........................ None
  action_transform_max_action_dim ................. None
  action_use_statistics ........................... True
  image_mask ...................................... None
  image_normalize_mode ............................ identity
  image_resize_strategy ........................... resize_with_pad
  image_size ...................................... 224
  max_token_len ................................... 200
  normalization_mode .............................. q99
  num_images ...................................... 2
  observation_delta_indices ....................... None
  use_action_transform ............................ True
  use_image_transform ............................. True
-------------------- end of data config ---------------------
[2026-08-21 16:03:18][INFO] TensorBoard enabled: /raid0/fastwam/experiments/pi05_powersgd_plus_acp_resume_a800_100_1000_v2/attempts/powersgd_plus/attempt_1/powersgd_plus/tensorboard
[2026-08-21 16:03:18][INFO] [model] start building model: model_type=pi05, class=Pi05ModelConfig
[2026-08-21 16:05:39][INFO] [model] model built in 141.10s
[2026-08-21 16:05:39][INFO] [ckpt] resume requested: dir==/raid0/fastwam/experiments/pi05_powersgd_plus_acp_resume_a800_100_1000_v2/attempts/powersgd_plus/attempt_1/powersgd_plus/checkpoints/steps_100
[2026-08-21 16:05:39][INFO] resume: detected DCP checkpoint at /raid0/fastwam/experiments/pi05_powersgd_plus_acp_resume_a800_100_1000_v2/attempts/powersgd_plus/attempt_1/powersgd_plus/checkpoints/steps_100 — deferring weight load until after wrap_model.
[2026-08-21 16:05:39][INFO] Resumed model weights from step 100
[2026-08-21 16:05:39][INFO] [ckpt] resume done in 0.00s
[2026-08-21 16:05:39][INFO] [wrap_model] wrap_model: strategy=ddp, dtype=bfloat16
[2026-08-21 16:05:46][INFO] [wrap_model] done in 7.30s
[2026-08-21 16:05:46][INFO] [optimizer] building optimizer
[2026-08-21 16:05:46][INFO] [LR Groups] Model modules (use paths below with --lr-group to set per-module LR):
  model                                                         (4143.4M trainable params)
    model.paligemma_with_expert                                   (4141.2M trainable params)
      model.paligemma_with_expert.paligemma                         (3450.0M trainable params)
      model.paligemma_with_expert.gemma_expert                      (691.3M trainable params)
    model.action_in_proj                                          (33.8K trainable params)
    model.action_out_proj                                         (32.8K trainable params)
    model.time_mlp_in                                             (1.0M trainable params)
    model.time_mlp_out                                            (1.0M trainable params)
[2026-08-21 16:05:46][INFO] [LR Groups] Model modules with LR assignment:
  model                                                         (4143.4M trainable params)  lr=2.50e-05
    model.paligemma_with_expert                                   (4141.2M trainable params)  lr=2.50e-05
      model.paligemma_with_expert.paligemma                         (3450.0M trainable params)  lr=2.50e-05
      model.paligemma_with_expert.gemma_expert                      (691.3M trainable params)  lr=2.50e-05
    model.action_in_proj                                          (33.8K trainable params)  lr=2.50e-05
    model.action_out_proj                                         (32.8K trainable params)  lr=2.50e-05
    model.time_mlp_in                                             (1.0M trainable params)  lr=2.50e-05
    model.time_mlp_out                                            (1.0M trainable params)  lr=2.50e-05
[2026-08-21 16:05:46][INFO] Optimizer trainable parameter dtypes: torch.bfloat16: 255 tensors/3609853952 elems, torch.float32: 558 tensors/533550864 elems
[2026-08-21 16:05:46][INFO] Mixed dtype params {torch.float32, torch.bfloat16}: using per-dtype ZeroRedundancyOptimizer
[2026-08-21 16:05:46][INFO] [optimizer] optimizer built in 0.19s
[2026-08-21 16:05:46][INFO] [ckpt] restoring optimizer/scheduler/RNG state from /raid0/fastwam/experiments/pi05_powersgd_plus_acp_resume_a800_100_1000_v2/attempts/powersgd_plus/attempt_1/powersgd_plus/checkpoints/steps_100
[2026-08-21 16:05:58][INFO] model resumed via DCP (strict)
[2026-08-21 16:06:00][INFO] optimizer resumed from rank-local ZeRO state
[2026-08-21 16:06:00][INFO] scheduler resumed successfully
[2026-08-21 16:06:00][INFO] [ckpt] optimizer/scheduler/RNG state restored in 13.22s
[2026-08-21 16:06:00][INFO] [data] building dataloaders
[2026-08-21 16:06:00][INFO] Using video codec: libsvtav1
[2026-08-21 16:06:00][INFO] LeRobotV3Dataset: repo_id=libero, len=273465, action_horizon=50, fps=10.0, video_backend=torchcodec
[2026-08-21 16:06:00][INFO] Using preprocessor: pi05
[2026-08-21 16:06:00][INFO] Restored dataloader state: vla
[2026-08-21 16:06:00][INFO] [data] done in 0.39s
[2026-08-21 16:06:00][INFO] Parameters: 4143.4M total, 4143.4M trainable (100.0%)
[2026-08-21 16:06:00][INFO] Model: PI05Policy
[2026-08-21 16:06:16][INFO] RNG state resumed successfully after dataloader iterator init
[2026-08-21 16:06:16][INFO] Dataloader 'vla' positioned at epoch=0
[2026-08-21 16:06:24][INFO] iteration      101/    1000 | consumed samples:         9696 | elapsed time per iteration (ms): 7788.5 | throughput (samples/sec/per_device): 1.541 | learning rate: 2.450313E-05 | global batch size:    96 | action loss: 1.913847E-01 | loss scale: 1.0 | grad norm: 0.448261 | number of skipped iterations:   0 | number of nan iterations:   0 |
[2026-08-21 16:06:25][INFO] iteration      102/    1000 | consumed samples:         9792 | elapsed time per iteration (ms): 976.7 | throughput (samples/sec/per_device): 12.286 | learning rate: 2.449223E-05 | global batch size:    96 | action loss: 1.999459E-01 | loss scale: 1.0 | grad norm: 0.455408 | number of skipped iterations:   0 | number of nan iterations:   0 |
[2026-08-21 16:06:26][INFO] iteration      103/    1000 | consumed samples:         9888 | elapsed time per iteration (ms): 981.0 | throughput (samples/sec/per_device): 12.232 | learning rate: 2.448121E-05 | global batch size:    96 | action loss: 1.988113E-01 | loss scale: 1.0 | grad norm: 0.481722 | number of skipped iterations:   0 | number of nan iterations:   0 |
[2026-08-21 16:06:27][INFO] iteration      104/    1000 | consumed samples:         9984 | elapsed time per iteration (ms): 984.2 | throughput (samples/sec/per_device): 12.193 | learning rate: 2.447008E-05 | global batch size:    96 | action loss: 1.837718E-01 | loss scale: 1.0 | grad norm: 0.593508 | number of skipped iterations:   0 | number of nan iterations:   0 |
[2026-08-21 16:06:28][INFO] iteration      105/    1000 | consumed samples:        10080 | elapsed time per iteration (ms): 979.8 | throughput (samples/sec/per_device): 12.247 | learning rate: 2.445883E-05 | global batch size:    96 | action loss: 1.946732E-01 | loss scale: 1.0 | grad norm: 0.773145 | number of skipped iterations:   0 | number of nan iterations:   0 |
[2026-08-21 16:06:29][INFO] iteration      106/    1000 | consumed samples:        10176 | elapsed time per iteration (ms): 983.8 | throughput (samples/sec/per_device): 12.198 | learning rate: 2.444746E-05 | global batch size:    96 | action loss: 2.031545E-01 | loss scale: 1.0 | grad norm: 0.487095 | number of skipped iterations:   0 | number of nan iterations:   0 |
[2026-08-21 16:06:30][INFO] iteration      107/    1000 | consumed samples:        10272 | elapsed time per iteration (ms): 979.7 | throughput (samples/sec/per_device): 12.249 | learning rate: 2.443598E-05 | global batch size:    96 | action loss: 1.982350E-01 | loss scale: 1.0 | grad norm: 0.589103 | number of skipped iterations:   0 | number of nan iterations:   0 |
[2026-08-21 16:06:31][INFO] iteration      108/    1000 | consumed samples:        10368 | elapsed time per iteration (ms): 979.1 | throughput (samples/sec/per_device): 12.256 | learning rate: 2.442439E-05 | global batch size:    96 | action loss: 1.872422E-01 | loss scale: 1.0 | grad norm: 0.466138 | number of skipped iterations:   0 | number of nan iterations:   0 |
[2026-08-21 16:06:32][INFO] iteration      109/    1000 | consumed samples:        10464 | elapsed time per iteration (ms): 979.3 | throughput (samples/sec/per_device): 12.254 | learning rate: 2.441268E-05 | global batch size:    96 | action loss: 1.976818E-01 | loss scale: 1.0 | grad norm: 0.604724 | number of skipped iterations:   0 | number of nan iterations:   0 |
[2026-08-21 16:06:33][INFO] iteration      110/    1000 | consumed samples:        10560 | elapsed time per iteration (ms): 979.6 | throughput (samples/sec/per_device): 12.250 | learning rate: 2.440085E-05 | global batch size:    96 | action loss: 2.159864E-01 | loss scale: 1.0 | grad norm: 0.723146 | number of skipped iterations:   0 | number of nan iterations:   0 |
[2026-08-21 16:06:34][INFO] iteration      111/    1000 | consumed samples:        10656 | elapsed time per iteration (ms): 980.5 | throughput (samples/sec/per_device): 12.239 | learning rate: 2.438891E-05 | global batch size:    96 | action loss: 1.714398E-01 | loss scale: 1.0 | grad norm: 0.619195 | number of skipped iterations:   0 | number of nan iterations:   0 |
[2026-08-21 16:06:35][INFO] iteration      112/    1000 | consumed samples:        10752 | elapsed time per iteration (ms): 980.8 | throughput (samples/sec/per_device): 12.235 | learning rate: 2.437686E-05 | global batch size:    96 | action loss: 1.822729E-01 | loss scale: 1.0 | grad norm: 1.058286 | number of skipped iterations:   0 | number of nan iterations:   0 |
[2026-08-21 16:06:36][INFO] iteration      113/    1000 | consumed samples:        10848 | elapsed time per iteration (ms): 978.7 | throughput (samples/sec/per_device): 12.261 | learning rate: 2.436469E-05 | global batch size:    96 | action loss: 1.742899E-01 | loss scale: 1.0 | grad norm: 0.605742 | number of skipped iterations:   0 | number of nan iterations:   0 |
[2026-08-21 16:06:37][INFO] iteration      114/    1000 | consumed samples:        10944 | elapsed time per iteration (ms): 981.7 | throughput (samples/sec/per_device): 12.224 | learning rate: 2.435241E-05 | global batch size:    96 | action loss: 2.191105E-01 | loss scale: 1.0 | grad norm: 0.571233 | number of skipped iterations:   0 | number of nan iterations:   0 |
[2026-08-21 16:06:38][INFO] iteration      115/    1000 | consumed samples:        11040 | elapsed time per iteration (ms): 980.7 | throughput (samples/sec/per_device): 12.236 | learning rate: 2.434001E-05 | global batch size:    96 | action loss: 1.866189E-01 | loss scale: 1.0 | grad norm: 0.621457 | number of skipped iterations:   0 | number of nan iterations:   0 |
[2026-08-21 16:06:39][INFO] iteration      116/    1000 | consumed samples:        11136 | elapsed time per iteration (ms): 982.2 | throughput (samples/sec/per_device): 12.218 | learning rate: 2.432750E-05 | global batch size:    96 | action loss: 1.857434E-01 | loss scale: 1.0 | grad norm: 0.379926 | number of skipped iterations:   0 | number of nan iterations:   0 |
[2026-08-21 16:06:40][INFO] iteration      117/    1000 | consumed samples:        11232 | elapsed time per iteration (ms): 982.0 | throughput (samples/sec/per_device): 12.220 | learning rate: 2.431487E-05 | global batch size:    96 | action loss: 1.991757E-01 | loss scale: 1.0 | grad norm: 0.560236 | number of skipped iterations:   0 | number of nan iterations:   0 |
[2026-08-21 16:06:41][INFO] iteration      118/    1000 | consumed samples:        11328 | elapsed time per iteration (ms): 983.6 | throughput (samples/sec/per_device): 12.200 | learning rate: 2.430213E-05 | global batch size:    96 | action loss: 1.906870E-01 | loss scale: 1.0 | grad norm: 0.440675 | number of skipped iterations:   0 | number of nan iterations:   0 |
[2026-08-21 16:06:42][INFO] iteration      119/    1000 | consumed samples:        11424 | elapsed time per iteration (ms): 982.8 | throughput (samples/sec/per_device): 12.211 | learning rate: 2.428928E-05 | global batch size:    96 | action loss: 2.261505E-01 | loss scale: 1.0 | grad norm: 0.767452 | number of skipped iterations:   0 | number of nan iterations:   0 |
[2026-08-21 16:06:43][INFO] iteration      120/    1000 | consumed samples:        11520 | elapsed time per iteration (ms): 998.2 | throughput (samples/sec/per_device): 12.022 | learning rate: 2.427631E-05 | global batch size:    96 | action loss: 2.424984E-01 | loss scale: 1.0 | grad norm: 0.588707 | number of skipped iterations:   0 | number of nan iterations:   0 |
[2026-08-21 16:06:43][INFO] max time across ranks (ms):
    forward-backward................................: 863.42
    forward-compute.................................: 277.54
    backward-compute................................: 584.87
    batch-generator.................................: 1.69
    nan-grad-cleanup................................: 13.84
    grad-clip.......................................: 33.97
    optimizer.......................................: 85.34
    optimizer-inner-step............................: 85.24
    optimizer-scheduler-step........................: 0.13
    optimizer-zero-grad.............................: 1.25
[2026-08-21 16:06:44][INFO] iteration      121/    1000 | consumed samples:        11616 | elapsed time per iteration (ms): 990.4 | throughput (samples/sec/per_device): 12.116 | learning rate: 2.426323E-05 | global batch size:    96 | action loss: 2.052913E-01 | loss scale: 1.0 | grad norm: 0.577552 | number of skipped iterations:   0 | number of nan iterations:   0 |
[2026-08-21 16:06:44][INFO] PowerSGDPlusState restart: iter=20 compressed_iter=0 method=approximate rank=1
[2026-08-21 16:06:53][INFO] iteration      122/    1000 | consumed samples:        11712 | elapsed time per iteration (ms): 9185.9 | throughput (samples/sec/per_device): 1.306 | learning rate: 2.425004E-05 | global batch size:    96 | action loss: 1.849661E-01 | loss scale: 1.0 | grad norm: 0.355538 | number of skipped iterations:   0 | number of nan iterations:   0 |
[2026-08-21 16:06:56][INFO] iteration      123/    1000 | consumed samples:        11808 | elapsed time per iteration (ms): 3532.8 | throughput (samples/sec/per_device): 3.397 | learning rate: 2.423673E-05 | global batch size:    96 | action loss: 1.916265E-01 | loss scale: 1.0 | grad norm: 0.370098 | number of skipped iterations:   0 | number of nan iterations:   0 |
[2026-08-21 16:06:59][INFO] iteration      124/    1000 | consumed samples:        11904 | elapsed time per iteration (ms): 2793.3 | throughput (samples/sec/per_device): 4.296 | learning rate: 2.422331E-05 | global batch size:    96 | action loss: 1.856568E-01 | loss scale: 1.0 | grad norm: 0.515009 | number of skipped iterations:   0 | number of nan iterations:   0 |
[2026-08-21 16:07:03][INFO] iteration      125/    1000 | consumed samples:        12000 | elapsed time per iteration (ms): 3581.9 | throughput (samples/sec/per_device): 3.350 | learning rate: 2.420977E-05 | global batch size:    96 | action loss: 2.062089E-01 | loss scale: 1.0 | grad norm: 0.455827 | number of skipped iterations:   0 | number of nan iterations:   0 |
[2026-08-21 16:07:06][INFO] iteration      126/    1000 | consumed samples:        12096 | elapsed time per iteration (ms): 2851.8 | throughput (samples/sec/per_device): 4.208 | learning rate: 2.419613E-05 | global batch size:    96 | action loss: 2.010773E-01 | loss scale: 1.0 | grad norm: 0.490655 | number of skipped iterations:   0 | number of nan iterations:   0 |
[2026-08-21 16:07:08][INFO] iteration      127/    1000 | consumed samples:        12192 | elapsed time per iteration (ms): 2291.4 | throughput (samples/sec/per_device): 5.237 | learning rate: 2.418237E-05 | global batch size:    96 | action loss: 1.905031E-01 | loss scale: 1.0 | grad norm: 0.458931 | number of skipped iterations:   0 | number of nan iterations:   0 |
[2026-08-21 16:07:11][INFO] iteration      128/    1000 | consumed samples:        12288 | elapsed time per iteration (ms): 2898.2 | throughput (samples/sec/per_device): 4.141 | learning rate: 2.416850E-05 | global batch size:    96 | action loss: 2.197386E-01 | loss scale: 1.0 | grad norm: 0.601311 | number of skipped iterations:   0 | number of nan iterations:   0 |
[2026-08-21 16:07:16][INFO] iteration      129/    1000 | consumed samples:        12384 | elapsed time per iteration (ms): 4684.0 | throughput (samples/sec/per_device): 2.562 | learning rate: 2.415451E-05 | global batch size:    96 | action loss: 1.877816E-01 | loss scale: 1.0 | grad norm: 0.459855 | number of skipped iterations:   0 | number of nan iterations:   0 |
[2026-08-21 16:07:17][INFO] iteration      130/    1000 | consumed samples:        12480 | elapsed time per iteration (ms): 1768.9 | throughput (samples/sec/per_device): 6.784 | learning rate: 2.414042E-05 | global batch size:    96 | action loss: 2.431082E-01 | loss scale: 1.0 | grad norm: 0.894130 | number of skipped iterations:   0 | number of nan iterations:   0 |
[2026-08-21 16:07:19][INFO] iteration      131/    1000 | consumed samples:        12576 | elapsed time per iteration (ms): 2077.6 | throughput (samples/sec/per_device): 5.776 | learning rate: 2.412621E-05 | global batch size:    96 | action loss: 2.020626E-01 | loss scale: 1.0 | grad norm: 0.629744 | number of skipped iterations:   0 | number of nan iterations:   0 |
[2026-08-21 16:07:22][INFO] iteration      132/    1000 | consumed samples:        12672 | elapsed time per iteration (ms): 2170.3 | throughput (samples/sec/per_device): 5.529 | learning rate: 2.411189E-05 | global batch size:    96 | action loss: 1.821133E-01 | loss scale: 1.0 | grad norm: 0.565014 | number of skipped iterations:   0 | number of nan iterations:   0 |
[2026-08-21 16:07:27][INFO] iteration      133/    1000 | consumed samples:        12768 | elapsed time per iteration (ms): 5165.1 | throughput (samples/sec/per_device): 2.323 | learning rate: 2.409745E-05 | global batch size:    96 | action loss: 2.061160E-01 | loss scale: 1.0 | grad norm: 0.595232 | number of skipped iterations:   0 | number of nan iterations:   0 |
[2026-08-21 16:07:29][INFO] iteration      134/    1000 | consumed samples:        12864 | elapsed time per iteration (ms): 2608.3 | throughput (samples/sec/per_device): 4.601 | learning rate: 2.408291E-05 | global batch size:    96 | action loss: 1.924205E-01 | loss scale: 1.0 | grad norm: 0.607395 | number of skipped iterations:   0 | number of nan iterations:   0 |
[2026-08-21 16:07:32][INFO] iteration      135/    1000 | consumed samples:        12960 | elapsed time per iteration (ms): 2635.5 | throughput (samples/sec/per_device): 4.553 | learning rate: 2.406825E-05 | global batch size:    96 | action loss: 2.108177E-01 | loss scale: 1.0 | grad norm: 0.624898 | number of skipped iterations:   0 | number of nan iterations:   0 |
[2026-08-21 16:07:36][INFO] iteration      136/    1000 | consumed samples:        13056 | elapsed time per iteration (ms): 3995.8 | throughput (samples/sec/per_device): 3.003 | learning rate: 2.405348E-05 | global batch size:    96 | action loss: 2.152634E-01 | loss scale: 1.0 | grad norm: 0.714535 | number of skipped iterations:   0 | number of nan iterations:   0 |
[2026-08-21 16:07:40][INFO] iteration      137/    1000 | consumed samples:        13152 | elapsed time per iteration (ms): 3560.5 | throughput (samples/sec/per_device): 3.370 | learning rate: 2.403860E-05 | global batch size:    96 | action loss: 1.899435E-01 | loss scale: 1.0 | grad norm: 0.644123 | number of skipped iterations:   0 | number of nan iterations:   0 |
[2026-08-21 16:07:43][INFO] iteration      138/    1000 | consumed samples:        13248 | elapsed time per iteration (ms): 3144.9 | throughput (samples/sec/per_device): 3.816 | learning rate: 2.402361E-05 | global batch size:    96 | action loss: 1.905264E-01 | loss scale: 1.0 | grad norm: 0.648444 | number of skipped iterations:   0 | number of nan iterations:   0 |
[2026-08-21 16:07:46][INFO] iteration      139/    1000 | consumed samples:        13344 | elapsed time per iteration (ms): 3735.8 | throughput (samples/sec/per_device): 3.212 | learning rate: 2.400851E-05 | global batch size:    96 | action loss: 2.085600E-01 | loss scale: 1.0 | grad norm: 0.651411 | number of skipped iterations:   0 | number of nan iterations:   0 |
[2026-08-21 16:07:50][INFO] iteration      140/    1000 | consumed samples:        13440 | elapsed time per iteration (ms): 3780.8 | throughput (samples/sec/per_device): 3.174 | learning rate: 2.399330E-05 | global batch size:    96 | action loss: 1.879341E-01 | loss scale: 1.0 | grad norm: 0.695096 | number of skipped iterations:   0 | number of nan iterations:   0 |
[2026-08-21 16:07:50][INFO] max time across ranks (ms):
    forward-backward................................: 3648.35
    forward-compute.................................: 1138.50
    backward-compute................................: 3372.06
    batch-generator.................................: 1.61
    nan-grad-cleanup................................: 13.16
    grad-clip.......................................: 32.95
    optimizer.......................................: 86.07
    optimizer-inner-step............................: 85.96
    optimizer-scheduler-step........................: 0.11
    optimizer-zero-grad.............................: 0.79
[2026-08-21 16:07:55][INFO] iteration      141/    1000 | consumed samples:        13536 | elapsed time per iteration (ms): 5039.7 | throughput (samples/sec/per_device): 2.381 | learning rate: 2.397798E-05 | global batch size:    96 | action loss: 2.108647E-01 | loss scale: 1.0 | grad norm: 0.716111 | number of skipped iterations:   0 | number of nan iterations:   0 |
[2026-08-21 16:08:00][INFO] iteration      142/    1000 | consumed samples:        13632 | elapsed time per iteration (ms): 5038.6 | throughput (samples/sec/per_device): 2.382 | learning rate: 2.396255E-05 | global batch size:    96 | action loss: 1.887145E-01 | loss scale: 1.0 | grad norm: 0.598553 | number of skipped iterations:   0 | number of nan iterations:   0 |
[2026-08-21 16:08:03][INFO] iteration      143/    1000 | consumed samples:        13728 | elapsed time per iteration (ms): 2511.4 | throughput (samples/sec/per_device): 4.778 | learning rate: 2.394700E-05 | global batch size:    96 | action loss: 1.853014E-01 | loss scale: 1.0 | grad norm: 0.548346 | number of skipped iterations:   0 | number of nan iterations:   0 |
[2026-08-21 16:08:05][INFO] iteration      144/    1000 | consumed samples:        13824 | elapsed time per iteration (ms): 2583.3 | throughput (samples/sec/per_device): 4.645 | learning rate: 2.393135E-05 | global batch size:    96 | action loss: 2.046602E-01 | loss scale: 1.0 | grad norm: 0.551075 | number of skipped iterations:   0 | number of nan iterations:   0 |
[2026-08-21 16:08:09][INFO] iteration      145/    1000 | consumed samples:        13920 | elapsed time per iteration (ms): 3673.8 | throughput (samples/sec/per_device): 3.266 | learning rate: 2.391558E-05 | global batch size:    96 | action loss: 1.917848E-01 | loss scale: 1.0 | grad norm: 0.546156 | number of skipped iterations:   0 | number of nan iterations:   0 |
[2026-08-21 16:08:13][INFO] iteration      146/    1000 | consumed samples:        14016 | elapsed time per iteration (ms): 3695.9 | throughput (samples/sec/per_device): 3.247 | learning rate: 2.389971E-05 | global batch size:    96 | action loss: 1.902087E-01 | loss scale: 1.0 | grad norm: 0.578738 | number of skipped iterations:   0 | number of nan iterations:   0 |
[2026-08-21 16:08:15][INFO] iteration      147/    1000 | consumed samples:        14112 | elapsed time per iteration (ms): 2417.3 | throughput (samples/sec/per_device): 4.964 | learning rate: 2.388373E-05 | global batch size:    96 | action loss: 2.045958E-01 | loss scale: 1.0 | grad norm: 0.539229 | number of skipped iterations:   0 | number of nan iterations:   0 |
[2026-08-21 16:08:17][INFO] iteration      148/    1000 | consumed samples:        14208 | elapsed time per iteration (ms): 2207.0 | throughput (samples/sec/per_device): 5.437 | learning rate: 2.386763E-05 | global batch size:    96 | action loss: 1.912185E-01 | loss scale: 1.0 | grad norm: 0.568880 | number of skipped iterations:   0 | number of nan iterations:   0 |
[2026-08-21 16:08:21][INFO] iteration      149/    1000 | consumed samples:        14304 | elapsed time per iteration (ms): 3861.7 | throughput (samples/sec/per_device): 3.107 | learning rate: 2.385143E-05 | global batch size:    96 | action loss: 2.097691E-01 | loss scale: 1.0 | grad norm: 0.657899 | number of skipped iterations:   0 | number of nan iterations:   0 |
[2026-08-21 16:08:25][INFO] iteration      150/    1000 | consumed samples:        14400 | elapsed time per iteration (ms): 3828.3 | throughput (samples/sec/per_device): 3.135 | learning rate: 2.383512E-05 | global batch size:    96 | action loss: 2.059966E-01 | loss scale: 1.0 | grad norm: 0.743215 | number of skipped iterations:   0 | number of nan iterations:   0 |
[2026-08-21 16:08:28][INFO] iteration      151/    1000 | consumed samples:        14496 | elapsed time per iteration (ms): 3073.4 | throughput (samples/sec/per_device): 3.904 | learning rate: 2.381870E-05 | global batch size:    96 | action loss: 1.845374E-01 | loss scale: 1.0 | grad norm: 0.752705 | number of skipped iterations:   0 | number of nan iterations:   0 |
[2026-08-21 16:08:32][INFO] iteration      152/    1000 | consumed samples:        14592 | elapsed time per iteration (ms): 3363.7 | throughput (samples/sec/per_device): 3.568 | learning rate: 2.380217E-05 | global batch size:    96 | action loss: 1.752035E-01 | loss scale: 1.0 | grad norm: 0.613547 | number of skipped iterations:   0 | number of nan iterations:   0 |
[2026-08-21 16:08:35][INFO] iteration      153/    1000 | consumed samples:        14688 | elapsed time per iteration (ms): 3160.2 | throughput (samples/sec/per_device): 3.797 | learning rate: 2.378553E-05 | global batch size:    96 | action loss: 2.110860E-01 | loss scale: 1.0 | grad norm: 0.690114 | number of skipped iterations:   0 | number of nan iterations:   0 |
[2026-08-21 16:08:37][INFO] iteration      154/    1000 | consumed samples:        14784 | elapsed time per iteration (ms): 2306.7 | throughput (samples/sec/per_device): 5.202 | learning rate: 2.376878E-05 | global batch size:    96 | action loss: 1.929902E-01 | loss scale: 1.0 | grad norm: 0.670315 | number of skipped iterations:   0 | number of nan iterations:   0 |
[2026-08-21 16:08:39][INFO] iteration      155/    1000 | consumed samples:        14880 | elapsed time per iteration (ms): 2424.5 | throughput (samples/sec/per_device): 4.949 | learning rate: 2.375193E-05 | global batch size:    96 | action loss: 2.066122E-01 | loss scale: 1.0 | grad norm: 0.721985 | number of skipped iterations:   0 | number of nan iterations:   0 |
[2026-08-21 16:08:43][INFO] iteration      156/    1000 | consumed samples:        14976 | elapsed time per iteration (ms): 3259.9 | throughput (samples/sec/per_device): 3.681 | learning rate: 2.373496E-05 | global batch size:    96 | action loss: 2.040116E-01 | loss scale: 1.0 | grad norm: 0.665009 | number of skipped iterations:   0 | number of nan iterations:   0 |
[2026-08-21 16:08:46][INFO] iteration      157/    1000 | consumed samples:        15072 | elapsed time per iteration (ms): 3604.1 | throughput (samples/sec/per_device): 3.330 | learning rate: 2.371789E-05 | global batch size:    96 | action loss: 1.703230E-01 | loss scale: 1.0 | grad norm: 0.588897 | number of skipped iterations:   0 | number of nan iterations:   0 |
[2026-08-21 16:08:49][INFO] iteration      158/    1000 | consumed samples:        15168 | elapsed time per iteration (ms): 2995.4 | throughput (samples/sec/per_device): 4.006 | learning rate: 2.370071E-05 | global batch size:    96 | action loss: 2.149090E-01 | loss scale: 1.0 | grad norm: 0.576525 | number of skipped iterations:   0 | number of nan iterations:   0 |
[2026-08-21 16:08:52][INFO] iteration      159/    1000 | consumed samples:        15264 | elapsed time per iteration (ms): 2756.7 | throughput (samples/sec/per_device): 4.353 | learning rate: 2.368342E-05 | global batch size:    96 | action loss: 1.936674E-01 | loss scale: 1.0 | grad norm: 0.541288 | number of skipped iterations:   0 | number of nan iterations:   0 |
[2026-08-21 16:08:59][INFO] iteration      160/    1000 | consumed samples:        15360 | elapsed time per iteration (ms): 6526.3 | throughput (samples/sec/per_device): 1.839 | learning rate: 2.366603E-05 | global batch size:    96 | action loss: 1.804890E-01 | loss scale: 1.0 | grad norm: 0.600123 | number of skipped iterations:   0 | number of nan iterations:   0 |
[2026-08-21 16:08:59][INFO] max time across ranks (ms):
    forward-backward................................: 6394.57
    forward-compute.................................: 582.16
    backward-compute................................: 6115.98
    batch-generator.................................: 3.04
    nan-grad-cleanup................................: 13.67
    grad-clip.......................................: 32.77
    optimizer.......................................: 86.96
    optimizer-inner-step............................: 86.87
    optimizer-scheduler-step........................: 0.10
    optimizer-zero-grad.............................: 1.16
[2026-08-21 16:09:01][INFO] iteration      161/    1000 | consumed samples:        15456 | elapsed time per iteration (ms): 2743.3 | throughput (samples/sec/per_device): 4.374 | learning rate: 2.364852E-05 | global batch size:    96 | action loss: 2.033141E-01 | loss scale: 1.0 | grad norm: 0.630987 | number of skipped iterations:   0 | number of nan iterations:   0 |
[2026-08-21 16:09:05][INFO] iteration      162/    1000 | consumed samples:        15552 | elapsed time per iteration (ms): 3966.1 | throughput (samples/sec/per_device): 3.026 | learning rate: 2.363091E-05 | global batch size:    96 | action loss: 1.993945E-01 | loss scale: 1.0 | grad norm: 0.660278 | number of skipped iterations:   0 | number of nan iterations:   0 |
[2026-08-21 16:09:09][INFO] iteration      163/    1000 | consumed samples:        15648 | elapsed time per iteration (ms): 3969.5 | throughput (samples/sec/per_device): 3.023 | learning rate: 2.361320E-05 | global batch size:    96 | action loss: 1.921052E-01 | loss scale: 1.0 | grad norm: 0.726808 | number of skipped iterations:   0 | number of nan iterations:   0 |
[2026-08-21 16:09:12][INFO] iteration      164/    1000 | consumed samples:        15744 | elapsed time per iteration (ms): 3002.3 | throughput (samples/sec/per_device): 3.997 | learning rate: 2.359537E-05 | global batch size:    96 | action loss: 2.012791E-01 | loss scale: 1.0 | grad norm: 0.709777 | number of skipped iterations:   0 | number of nan iterations:   0 |
[2026-08-21 16:09:16][INFO] iteration      165/    1000 | consumed samples:        15840 | elapsed time per iteration (ms): 3957.1 | throughput (samples/sec/per_device): 3.033 | learning rate: 2.357744E-05 | global batch size:    96 | action loss: 1.908697E-01 | loss scale: 1.0 | grad norm: 0.704620 | number of skipped iterations:   0 | number of nan iterations:   0 |
[2026-08-21 16:09:19][INFO] iteration      166/    1000 | consumed samples:        15936 | elapsed time per iteration (ms): 2984.2 | throughput (samples/sec/per_device): 4.021 | learning rate: 2.355940E-05 | global batch size:    96 | action loss: 1.755216E-01 | loss scale: 1.0 | grad norm: 0.681233 | number of skipped iterations:   0 | number of nan iterations:   0 |
[2026-08-21 16:09:22][INFO] iteration      167/    1000 | consumed samples:        16032 | elapsed time per iteration (ms): 2364.0 | throughput (samples/sec/per_device): 5.076 | learning rate: 2.354126E-05 | global batch size:    96 | action loss: 1.935426E-01 | loss scale: 1.0 | grad norm: 0.594943 | number of skipped iterations:   0 | number of nan iterations:   0 |
[2026-08-21 16:09:25][INFO] iteration      168/    1000 | consumed samples:        16128 | elapsed time per iteration (ms): 3230.7 | throughput (samples/sec/per_device): 3.714 | learning rate: 2.352301E-05 | global batch size:    96 | action loss: 2.091811E-01 | loss scale: 1.0 | grad norm: 0.616066 | number of skipped iterations:   0 | number of nan iterations:   0 |
[2026-08-21 16:09:28][INFO] iteration      169/    1000 | consumed samples:        16224 | elapsed time per iteration (ms): 3568.3 | throughput (samples/sec/per_device): 3.363 | learning rate: 2.350465E-05 | global batch size:    96 | action loss: 2.182843E-01 | loss scale: 1.0 | grad norm: 0.657920 | number of skipped iterations:   0 | number of nan iterations:   0 |
[2026-08-21 16:09:33][INFO] iteration      170/    1000 | consumed samples:        16320 | elapsed time per iteration (ms): 4121.6 | throughput (samples/sec/per_device): 2.912 | learning rate: 2.348619E-05 | global batch size:    96 | action loss: 1.733477E-01 | loss scale: 1.0 | grad norm: 0.589911 | number of skipped iterations:   0 | number of nan iterations:   0 |
[2026-08-21 16:09:36][INFO] iteration      171/    1000 | consumed samples:        16416 | elapsed time per iteration (ms): 3012.5 | throughput (samples/sec/per_device): 3.983 | learning rate: 2.346763E-05 | global batch size:    96 | action loss: 2.007638E-01 | loss scale: 1.0 | grad norm: 0.581797 | number of skipped iterations:   0 | number of nan iterations:   0 |
[2026-08-21 16:09:37][INFO] PowerSGDPlusState restart: iter=70 compressed_iter=50 method=approximate rank=1
[2026-08-21 16:09:44][INFO] iteration      172/    1000 | consumed samples:        16512 | elapsed time per iteration (ms): 8309.0 | throughput (samples/sec/per_device): 1.444 | learning rate: 2.344895E-05 | global batch size:    96 | action loss: 1.790175E-01 | loss scale: 1.0 | grad norm: 0.722003 | number of skipped iterations:   0 | number of nan iterations:   0 |
[2026-08-21 16:09:47][INFO] iteration      173/    1000 | consumed samples:        16608 | elapsed time per iteration (ms): 3553.8 | throughput (samples/sec/per_device): 3.377 | learning rate: 2.343018E-05 | global batch size:    96 | action loss: 1.905836E-01 | loss scale: 1.0 | grad norm: 0.551147 | number of skipped iterations:   0 | number of nan iterations:   0 |
[2026-08-21 16:09:52][INFO] iteration      174/    1000 | consumed samples:        16704 | elapsed time per iteration (ms): 4517.5 | throughput (samples/sec/per_device): 2.656 | learning rate: 2.341129E-05 | global batch size:    96 | action loss: 1.842462E-01 | loss scale: 1.0 | grad norm: 0.543677 | number of skipped iterations:   0 | number of nan iterations:   0 |
[2026-08-21 16:09:55][INFO] iteration      175/    1000 | consumed samples:        16800 | elapsed time per iteration (ms): 3001.2 | throughput (samples/sec/per_device): 3.998 | learning rate: 2.339230E-05 | global batch size:    96 | action loss: 2.209937E-01 | loss scale: 1.0 | grad norm: 0.541041 | number of skipped iterations:   0 | number of nan iterations:   0 |
[2026-08-21 16:09:57][INFO] iteration      176/    1000 | consumed samples:        16896 | elapsed time per iteration (ms): 2295.6 | throughput (samples/sec/per_device): 5.227 | learning rate: 2.337321E-05 | global batch size:    96 | action loss: 1.911772E-01 | loss scale: 1.0 | grad norm: 0.562747 | number of skipped iterations:   0 | number of nan iterations:   0 |
[2026-08-21 16:10:02][INFO] iteration      177/    1000 | consumed samples:        16992 | elapsed time per iteration (ms): 5094.7 | throughput (samples/sec/per_device): 2.355 | learning rate: 2.335402E-05 | global batch size:    96 | action loss: 2.094365E-01 | loss scale: 1.0 | grad norm: 0.609799 | number of skipped iterations:   0 | number of nan iterations:   0 |
[2026-08-21 16:10:07][INFO] iteration      178/    1000 | consumed samples:        17088 | elapsed time per iteration (ms): 4465.8 | throughput (samples/sec/per_device): 2.687 | learning rate: 2.333471E-05 | global batch size:    96 | action loss: 1.732555E-01 | loss scale: 1.0 | grad norm: 0.646154 | number of skipped iterations:   0 | number of nan iterations:   0 |
[2026-08-21 16:10:09][INFO] iteration      179/    1000 | consumed samples:        17184 | elapsed time per iteration (ms): 2600.1 | throughput (samples/sec/per_device): 4.615 | learning rate: 2.331531E-05 | global batch size:    96 | action loss: 2.005601E-01 | loss scale: 1.0 | grad norm: 0.653956 | number of skipped iterations:   0 | number of nan iterations:   0 |
[2026-08-21 16:10:12][INFO] iteration      180/    1000 | consumed samples:        17280 | elapsed time per iteration (ms): 2936.6 | throughput (samples/sec/per_device): 4.086 | learning rate: 2.329580E-05 | global batch size:    96 | action loss: 1.933568E-01 | loss scale: 1.0 | grad norm: 0.618740 | number of skipped iterations:   0 | number of nan iterations:   0 |
[2026-08-21 16:10:12][INFO] max time across ranks (ms):
    forward-backward................................: 2653.59
    forward-compute.................................: 1048.69
    backward-compute................................: 2373.33
    batch-generator.................................: 3.11
    nan-grad-cleanup................................: 13.54
    grad-clip.......................................: 33.68
    optimizer.......................................: 239.34
    optimizer-inner-step............................: 239.19
    optimizer-scheduler-step........................: 0.12
    optimizer-zero-grad.............................: 0.80
[2026-08-21 16:10:17][INFO] iteration      181/    1000 | consumed samples:        17376 | elapsed time per iteration (ms): 4336.5 | throughput (samples/sec/per_device): 2.767 | learning rate: 2.327619E-05 | global batch size:    96 | action loss: 1.805664E-01 | loss scale: 1.0 | grad norm: 0.573994 | number of skipped iterations:   0 | number of nan iterations:   0 |
[2026-08-21 16:10:19][INFO] iteration      182/    1000 | consumed samples:        17472 | elapsed time per iteration (ms): 2289.2 | throughput (samples/sec/per_device): 5.242 | learning rate: 2.325647E-05 | global batch size:    96 | action loss: 1.819666E-01 | loss scale: 1.0 | grad norm: 0.627179 | number of skipped iterations:   0 | number of nan iterations:   0 |
[2026-08-21 16:10:22][INFO] iteration      183/    1000 | consumed samples:        17568 | elapsed time per iteration (ms): 3116.1 | throughput (samples/sec/per_device): 3.851 | learning rate: 2.323665E-05 | global batch size:    96 | action loss: 1.929869E-01 | loss scale: 1.0 | grad norm: 0.564083 | number of skipped iterations:   0 | number of nan iterations:   0 |
[2026-08-21 16:10:27][INFO] iteration      184/    1000 | consumed samples:        17664 | elapsed time per iteration (ms): 4993.0 | throughput (samples/sec/per_device): 2.403 | learning rate: 2.321673E-05 | global batch size:    96 | action loss: 1.955650E-01 | loss scale: 1.0 | grad norm: 0.525132 | number of skipped iterations:   0 | number of nan iterations:   0 |
[2026-08-21 16:10:29][INFO] iteration      185/    1000 | consumed samples:        17760 | elapsed time per iteration (ms): 2395.0 | throughput (samples/sec/per_device): 5.010 | learning rate: 2.319671E-05 | global batch size:    96 | action loss: 1.929475E-01 | loss scale: 1.0 | grad norm: 0.573313 | number of skipped iterations:   0 | number of nan iterations:   0 |
[2026-08-21 16:10:32][INFO] iteration      186/    1000 | consumed samples:        17856 | elapsed time per iteration (ms): 2540.4 | throughput (samples/sec/per_device): 4.724 | learning rate: 2.317658E-05 | global batch size:    96 | action loss: 1.819392E-01 | loss scale: 1.0 | grad norm: 0.657080 | number of skipped iterations:   0 | number of nan iterations:   0 |
[2026-08-21 16:10:34][INFO] iteration      187/    1000 | consumed samples:        17952 | elapsed time per iteration (ms): 2310.5 | throughput (samples/sec/per_device): 5.194 | learning rate: 2.315635E-05 | global batch size:    96 | action loss: 1.812963E-01 | loss scale: 1.0 | grad norm: 0.595559 | number of skipped iterations:   0 | number of nan iterations:   0 |
[2026-08-21 16:10:39][INFO] iteration      188/    1000 | consumed samples:        18048 | elapsed time per iteration (ms): 4430.4 | throughput (samples/sec/per_device): 2.709 | learning rate: 2.313601E-05 | global batch size:    96 | action loss: 1.826668E-01 | loss scale: 1.0 | grad norm: 0.590512 | number of skipped iterations:   0 | number of nan iterations:   0 |
[2026-08-21 16:10:42][INFO] iteration      189/    1000 | consumed samples:        18144 | elapsed time per iteration (ms): 3056.5 | throughput (samples/sec/per_device): 3.926 | learning rate: 2.311558E-05 | global batch size:    96 | action loss: 1.846361E-01 | loss scale: 1.0 | grad norm: 0.571547 | number of skipped iterations:   0 | number of nan iterations:   0 |
[2026-08-21 16:10:45][INFO] iteration      190/    1000 | consumed samples:        18240 | elapsed time per iteration (ms): 3441.7 | throughput (samples/sec/per_device): 3.487 | learning rate: 2.309504E-05 | global batch size:    96 | action loss: 1.846509E-01 | loss scale: 1.0 | grad norm: 0.584677 | number of skipped iterations:   0 | number of nan iterations:   0 |
[2026-08-21 16:10:49][INFO] iteration      191/    1000 | consumed samples:        18336 | elapsed time per iteration (ms): 4231.1 | throughput (samples/sec/per_device): 2.836 | learning rate: 2.307440E-05 | global batch size:    96 | action loss: 2.217356E-01 | loss scale: 1.0 | grad norm: 0.729567 | number of skipped iterations:   0 | number of nan iterations:   0 |
[2026-08-21 16:10:52][INFO] iteration      192/    1000 | consumed samples:        18432 | elapsed time per iteration (ms): 2297.3 | throughput (samples/sec/per_device): 5.224 | learning rate: 2.305366E-05 | global batch size:    96 | action loss: 1.801597E-01 | loss scale: 1.0 | grad norm: 0.673634 | number of skipped iterations:   0 | number of nan iterations:   0 |
[2026-08-21 16:10:55][INFO] iteration      193/    1000 | consumed samples:        18528 | elapsed time per iteration (ms): 2889.2 | throughput (samples/sec/per_device): 4.153 | learning rate: 2.303282E-05 | global batch size:    96 | action loss: 1.840578E-01 | loss scale: 1.0 | grad norm: 0.730025 | number of skipped iterations:   0 | number of nan iterations:   0 |
[2026-08-21 16:10:57][INFO] iteration      194/    1000 | consumed samples:        18624 | elapsed time per iteration (ms): 2728.7 | throughput (samples/sec/per_device): 4.398 | learning rate: 2.301188E-05 | global batch size:    96 | action loss: 2.061769E-01 | loss scale: 1.0 | grad norm: 0.927209 | number of skipped iterations:   0 | number of nan iterations:   0 |
[2026-08-21 16:11:03][INFO] iteration      195/    1000 | consumed samples:        18720 | elapsed time per iteration (ms): 5206.5 | throughput (samples/sec/per_device): 2.305 | learning rate: 2.299084E-05 | global batch size:    96 | action loss: 1.817201E-01 | loss scale: 1.0 | grad norm: 0.655385 | number of skipped iterations:   0 | number of nan iterations:   0 |
[2026-08-21 16:11:06][INFO] iteration      196/    1000 | consumed samples:        18816 | elapsed time per iteration (ms): 3692.2 | throughput (samples/sec/per_device): 3.250 | learning rate: 2.296969E-05 | global batch size:    96 | action loss: 1.829059E-01 | loss scale: 1.0 | grad norm: 0.628624 | number of skipped iterations:   0 | number of nan iterations:   0 |
[2026-08-21 16:11:09][INFO] iteration      197/    1000 | consumed samples:        18912 | elapsed time per iteration (ms): 2702.1 | throughput (samples/sec/per_device): 4.441 | learning rate: 2.294845E-05 | global batch size:    96 | action loss: 1.865948E-01 | loss scale: 1.0 | grad norm: 0.609333 | number of skipped iterations:   0 | number of nan iterations:   0 |
[2026-08-21 16:11:14][INFO] iteration      198/    1000 | consumed samples:        19008 | elapsed time per iteration (ms): 4581.7 | throughput (samples/sec/per_device): 2.619 | learning rate: 2.292711E-05 | global batch size:    96 | action loss: 1.781113E-01 | loss scale: 1.0 | grad norm: 0.608454 | number of skipped iterations:   0 | number of nan iterations:   0 |
[2026-08-21 16:11:16][INFO] iteration      199/    1000 | consumed samples:        19104 | elapsed time per iteration (ms): 2518.9 | throughput (samples/sec/per_device): 4.764 | learning rate: 2.290566E-05 | global batch size:    96 | action loss: 2.026182E-01 | loss scale: 1.0 | grad norm: 0.668287 | number of skipped iterations:   0 | number of nan iterations:   0 |
[2026-08-21 16:11:19][INFO] iteration      200/    1000 | consumed samples:        19200 | elapsed time per iteration (ms): 2851.3 | throughput (samples/sec/per_device): 4.209 | learning rate: 2.288412E-05 | global batch size:    96 | action loss: 2.189618E-01 | loss scale: 1.0 | grad norm: 0.747697 | number of skipped iterations:   0 | number of nan iterations:   0 |
[2026-08-21 16:11:19][INFO] max time across ranks (ms):
    forward-backward................................: 2720.38
    forward-compute.................................: 1013.12
    backward-compute................................: 2440.45
    batch-generator.................................: 1.50
    nan-grad-cleanup................................: 13.36
    grad-clip.......................................: 32.82
    optimizer.......................................: 84.95
    optimizer-inner-step............................: 84.79
    optimizer-scheduler-step........................: 0.09
    optimizer-zero-grad.............................: 0.83
[2026-08-21 16:11:22][INFO] iteration      201/    1000 | consumed samples:        19296 | elapsed time per iteration (ms): 3070.0 | throughput (samples/sec/per_device): 3.909 | learning rate: 2.286248E-05 | global batch size:    96 | action loss: 2.135962E-01 | loss scale: 1.0 | grad norm: 0.666180 | number of skipped iterations:   0 | number of nan iterations:   0 |
[2026-08-21 16:11:26][INFO] iteration      202/    1000 | consumed samples:        19392 | elapsed time per iteration (ms): 3647.7 | throughput (samples/sec/per_device): 3.290 | learning rate: 2.284073E-05 | global batch size:    96 | action loss: 2.094583E-01 | loss scale: 1.0 | grad norm: 0.597788 | number of skipped iterations:   0 | number of nan iterations:   0 |
[2026-08-21 16:11:29][INFO] iteration      203/    1000 | consumed samples:        19488 | elapsed time per iteration (ms): 2833.6 | throughput (samples/sec/per_device): 4.235 | learning rate: 2.281889E-05 | global batch size:    96 | action loss: 1.826870E-01 | loss scale: 1.0 | grad norm: 0.577365 | number of skipped iterations:   0 | number of nan iterations:   0 |
[2026-08-21 16:11:31][INFO] iteration      204/    1000 | consumed samples:        19584 | elapsed time per iteration (ms): 2628.3 | throughput (samples/sec/per_device): 4.566 | learning rate: 2.279695E-05 | global batch size:    96 | action loss: 1.864798E-01 | loss scale: 1.0 | grad norm: 0.690315 | number of skipped iterations:   0 | number of nan iterations:   0 |
[2026-08-21 16:11:36][INFO] iteration      205/    1000 | consumed samples:        19680 | elapsed time per iteration (ms): 4437.9 | throughput (samples/sec/per_device): 2.704 | learning rate: 2.277491E-05 | global batch size:    96 | action loss: 2.010938E-01 | loss scale: 1.0 | grad norm: 0.674797 | number of skipped iterations:   0 | number of nan iterations:   0 |
[2026-08-21 16:11:38][INFO] iteration      206/    1000 | consumed samples:        19776 | elapsed time per iteration (ms): 2614.3 | throughput (samples/sec/per_device): 4.590 | learning rate: 2.275277E-05 | global batch size:    96 | action loss: 1.945159E-01 | loss scale: 1.0 | grad norm: 0.652141 | number of skipped iterations:   0 | number of nan iterations:   0 |
[2026-08-21 16:11:41][INFO] iteration      207/    1000 | consumed samples:        19872 | elapsed time per iteration (ms): 3064.4 | throughput (samples/sec/per_device): 3.916 | learning rate: 2.273054E-05 | global batch size:    96 | action loss: 1.930224E-01 | loss scale: 1.0 | grad norm: 0.726875 | number of skipped iterations:   0 | number of nan iterations:   0 |
[2026-08-21 16:11:46][INFO] iteration      208/    1000 | consumed samples:        19968 | elapsed time per iteration (ms): 4801.7 | throughput (samples/sec/per_device): 2.499 | learning rate: 2.270820E-05 | global batch size:    96 | action loss: 1.975396E-01 | loss scale: 1.0 | grad norm: 0.679486 | number of skipped iterations:   0 | number of nan iterations:   0 |
[2026-08-21 16:11:48][INFO] iteration      209/    1000 | consumed samples:        20064 | elapsed time per iteration (ms): 2357.7 | throughput (samples/sec/per_device): 5.090 | learning rate: 2.268577E-05 | global batch size:    96 | action loss: 1.844734E-01 | loss scale: 1.0 | grad norm: 0.622673 | number of skipped iterations:   0 | number of nan iterations:   0 |
[2026-08-21 16:11:51][INFO] iteration      210/    1000 | consumed samples:        20160 | elapsed time per iteration (ms): 2858.4 | throughput (samples/sec/per_device): 4.198 | learning rate: 2.266324E-05 | global batch size:    96 | action loss: 1.607431E-01 | loss scale: 1.0 | grad norm: 0.605711 | number of skipped iterations:   0 | number of nan iterations:   0 |
[2026-08-21 16:11:54][INFO] iteration      211/    1000 | consumed samples:        20256 | elapsed time per iteration (ms): 2888.4 | throughput (samples/sec/per_device): 4.155 | learning rate: 2.264062E-05 | global batch size:    96 | action loss: 1.631776E-01 | loss scale: 1.0 | grad norm: 0.593957 | number of skipped iterations:   0 | number of nan iterations:   0 |
[2026-08-21 16:11:59][INFO] iteration      212/    1000 | consumed samples:        20352 | elapsed time per iteration (ms): 4363.2 | throughput (samples/sec/per_device): 2.750 | learning rate: 2.261789E-05 | global batch size:    96 | action loss: 2.032075E-01 | loss scale: 1.0 | grad norm: 0.615658 | number of skipped iterations:   0 | number of nan iterations:   0 |
[2026-08-21 16:12:01][INFO] iteration      213/    1000 | consumed samples:        20448 | elapsed time per iteration (ms): 2623.2 | throughput (samples/sec/per_device): 4.575 | learning rate: 2.259507E-05 | global batch size:    96 | action loss: 1.956054E-01 | loss scale: 1.0 | grad norm: 0.632207 | number of skipped iterations:   0 | number of nan iterations:   0 |
[2026-08-21 16:12:04][INFO] iteration      214/    1000 | consumed samples:        20544 | elapsed time per iteration (ms): 2966.9 | throughput (samples/sec/per_device): 4.045 | learning rate: 2.257216E-05 | global batch size:    96 | action loss: 1.956282E-01 | loss scale: 1.0 | grad norm: 0.671247 | number of skipped iterations:   0 | number of nan iterations:   0 |
[2026-08-21 16:12:10][INFO] iteration      215/    1000 | consumed samples:        20640 | elapsed time per iteration (ms): 6225.0 | throughput (samples/sec/per_device): 1.928 | learning rate: 2.254914E-05 | global batch size:    96 | action loss: 1.755528E-01 | loss scale: 1.0 | grad norm: 0.614860 | number of skipped iterations:   0 | number of nan iterations:   0 |
[2026-08-21 16:12:13][INFO] iteration      216/    1000 | consumed samples:        20736 | elapsed time per iteration (ms): 2337.2 | throughput (samples/sec/per_device): 5.134 | learning rate: 2.252603E-05 | global batch size:    96 | action loss: 1.824270E-01 | loss scale: 1.0 | grad norm: 0.642285 | number of skipped iterations:   0 | number of nan iterations:   0 |
[2026-08-21 16:12:15][INFO] iteration      217/    1000 | consumed samples:        20832 | elapsed time per iteration (ms): 2770.6 | throughput (samples/sec/per_device): 4.331 | learning rate: 2.250283E-05 | global batch size:    96 | action loss: 2.045773E-01 | loss scale: 1.0 | grad norm: 0.606547 | number of skipped iterations:   0 | number of nan iterations:   0 |
[2026-08-21 16:12:19][INFO] iteration      218/    1000 | consumed samples:        20928 | elapsed time per iteration (ms): 3589.6 | throughput (samples/sec/per_device): 3.343 | learning rate: 2.247953E-05 | global batch size:    96 | action loss: 2.021540E-01 | loss scale: 1.0 | grad norm: 0.653490 | number of skipped iterations:   0 | number of nan iterations:   0 |
[2026-08-21 16:12:23][INFO] iteration      219/    1000 | consumed samples:        21024 | elapsed time per iteration (ms): 3933.5 | throughput (samples/sec/per_device): 3.051 | learning rate: 2.245613E-05 | global batch size:    96 | action loss: 2.114756E-01 | loss scale: 1.0 | grad norm: 0.662968 | number of skipped iterations:   0 | number of nan iterations:   0 |
[2026-08-21 16:12:26][INFO] iteration      220/    1000 | consumed samples:        21120 | elapsed time per iteration (ms): 3092.6 | throughput (samples/sec/per_device): 3.880 | learning rate: 2.243264E-05 | global batch size:    96 | action loss: 2.042904E-01 | loss scale: 1.0 | grad norm: 0.695195 | number of skipped iterations:   0 | number of nan iterations:   0 |
[2026-08-21 16:12:26][INFO] max time across ranks (ms):
    forward-backward................................: 2962.31
    forward-compute.................................: 1186.19
    backward-compute................................: 2684.68
    batch-generator.................................: 1.55
    nan-grad-cleanup................................: 13.24
    grad-clip.......................................: 32.25
    optimizer.......................................: 84.51
    optimizer-inner-step............................: 84.39
    optimizer-scheduler-step........................: 0.09
    optimizer-zero-grad.............................: 0.45
[2026-08-21 16:12:28][INFO] iteration      221/    1000 | consumed samples:        21216 | elapsed time per iteration (ms): 2323.5 | throughput (samples/sec/per_device): 5.165 | learning rate: 2.240905E-05 | global batch size:    96 | action loss: 1.972873E-01 | loss scale: 1.0 | grad norm: 0.629695 | number of skipped iterations:   0 | number of nan iterations:   0 |
[2026-08-21 16:12:29][INFO] PowerSGDPlusState restart: iter=120 compressed_iter=100 method=approximate rank=1
[2026-08-21 16:12:36][INFO] iteration      222/    1000 | consumed samples:        21312 | elapsed time per iteration (ms): 7705.0 | throughput (samples/sec/per_device): 1.557 | learning rate: 2.238537E-05 | global batch size:    96 | action loss: 1.811276E-01 | loss scale: 1.0 | grad norm: 0.715318 | number of skipped iterations:   0 | number of nan iterations:   0 |
[2026-08-21 16:12:40][INFO] iteration      223/    1000 | consumed samples:        21408 | elapsed time per iteration (ms): 3522.9 | throughput (samples/sec/per_device): 3.406 | learning rate: 2.236159E-05 | global batch size:    96 | action loss: 1.965718E-01 | loss scale: 1.0 | grad norm: 0.594616 | number of skipped iterations:   0 | number of nan iterations:   0 |
[2026-08-21 16:12:45][INFO] iteration      224/    1000 | consumed samples:        21504 | elapsed time per iteration (ms): 5537.0 | throughput (samples/sec/per_device): 2.167 | learning rate: 2.233772E-05 | global batch size:    96 | action loss: 2.057874E-01 | loss scale: 1.0 | grad norm: 0.587653 | number of skipped iterations:   0 | number of nan iterations:   0 |
[2026-08-21 16:12:47][INFO] iteration      225/    1000 | consumed samples:        21600 | elapsed time per iteration (ms): 2079.5 | throughput (samples/sec/per_device): 5.771 | learning rate: 2.231376E-05 | global batch size:    96 | action loss: 1.953512E-01 | loss scale: 1.0 | grad norm: 0.622120 | number of skipped iterations:   0 | number of nan iterations:   0 |
[2026-08-21 16:12:50][INFO] iteration      226/    1000 | consumed samples:        21696 | elapsed time per iteration (ms): 2309.3 | throughput (samples/sec/per_device): 5.196 | learning rate: 2.228970E-05 | global batch size:    96 | action loss: 1.812102E-01 | loss scale: 1.0 | grad norm: 0.580087 | number of skipped iterations:   0 | number of nan iterations:   0 |
[2026-08-21 16:12:52][INFO] iteration      227/    1000 | consumed samples:        21792 | elapsed time per iteration (ms): 2430.1 | throughput (samples/sec/per_device): 4.938 | learning rate: 2.226555E-05 | global batch size:    96 | action loss: 1.717667E-01 | loss scale: 1.0 | grad norm: 0.604769 | number of skipped iterations:   0 | number of nan iterations:   0 |
[2026-08-21 16:12:55][INFO] iteration      228/    1000 | consumed samples:        21888 | elapsed time per iteration (ms): 3474.4 | throughput (samples/sec/per_device): 3.454 | learning rate: 2.224130E-05 | global batch size:    96 | action loss: 1.847872E-01 | loss scale: 1.0 | grad norm: 0.560297 | number of skipped iterations:   0 | number of nan iterations:   0 |
[2026-08-21 16:12:58][INFO] iteration      229/    1000 | consumed samples:        21984 | elapsed time per iteration (ms): 2245.5 | throughput (samples/sec/per_device): 5.344 | learning rate: 2.221696E-05 | global batch size:    96 | action loss: 1.927389E-01 | loss scale: 1.0 | grad norm: 0.604348 | number of skipped iterations:   0 | number of nan iterations:   0 |
[2026-08-21 16:13:00][INFO] iteration      230/    1000 | consumed samples:        22080 | elapsed time per iteration (ms): 2663.6 | throughput (samples/sec/per_device): 4.505 | learning rate: 2.219253E-05 | global batch size:    96 | action loss: 1.857954E-01 | loss scale: 1.0 | grad norm: 0.566542 | number of skipped iterations:   0 | number of nan iterations:   0 |
[2026-08-21 16:13:03][INFO] iteration      231/    1000 | consumed samples:        22176 | elapsed time per iteration (ms): 2263.8 | throughput (samples/sec/per_device): 5.301 | learning rate: 2.216801E-05 | global batch size:    96 | action loss: 1.604249E-01 | loss scale: 1.0 | grad norm: 0.560181 | number of skipped iterations:   0 | number of nan iterations:   0 |
[2026-08-21 16:13:07][INFO] iteration      232/    1000 | consumed samples:        22272 | elapsed time per iteration (ms): 4521.0 | throughput (samples/sec/per_device): 2.654 | learning rate: 2.214339E-05 | global batch size:    96 | action loss: 1.745146E-01 | loss scale: 1.0 | grad norm: 0.562250 | number of skipped iterations:   0 | number of nan iterations:   0 |
[2026-08-21 16:13:12][INFO] iteration      233/    1000 | consumed samples:        22368 | elapsed time per iteration (ms): 4756.2 | throughput (samples/sec/per_device): 2.523 | learning rate: 2.211869E-05 | global batch size:    96 | action loss: 1.816306E-01 | loss scale: 1.0 | grad norm: 0.586181 | number of skipped iterations:   0 | number of nan iterations:   0 |
[2026-08-21 16:13:16][INFO] iteration      234/    1000 | consumed samples:        22464 | elapsed time per iteration (ms): 3819.9 | throughput (samples/sec/per_device): 3.141 | learning rate: 2.209389E-05 | global batch size:    96 | action loss: 1.737458E-01 | loss scale: 1.0 | grad norm: 0.550531 | number of skipped iterations:   0 | number of nan iterations:   0 |
[2026-08-21 16:13:19][INFO] iteration      235/    1000 | consumed samples:        22560 | elapsed time per iteration (ms): 3362.5 | throughput (samples/sec/per_device): 3.569 | learning rate: 2.206899E-05 | global batch size:    96 | action loss: 1.778658E-01 | loss scale: 1.0 | grad norm: 0.576591 | number of skipped iterations:   0 | number of nan iterations:   0 |
[2026-08-21 16:13:22][INFO] iteration      236/    1000 | consumed samples:        22656 | elapsed time per iteration (ms): 2800.0 | throughput (samples/sec/per_device): 4.286 | learning rate: 2.204401E-05 | global batch size:    96 | action loss: 1.838751E-01 | loss scale: 1.0 | grad norm: 0.568581 | number of skipped iterations:   0 | number of nan iterations:   0 |
[2026-08-21 16:13:25][INFO] iteration      237/    1000 | consumed samples:        22752 | elapsed time per iteration (ms): 2597.3 | throughput (samples/sec/per_device): 4.620 | learning rate: 2.201894E-05 | global batch size:    96 | action loss: 1.914911E-01 | loss scale: 1.0 | grad norm: 0.661041 | number of skipped iterations:   0 | number of nan iterations:   0 |
[2026-08-21 16:13:29][INFO] iteration      238/    1000 | consumed samples:        22848 | elapsed time per iteration (ms): 4310.2 | throughput (samples/sec/per_device): 2.784 | learning rate: 2.199377E-05 | global batch size:    96 | action loss: 1.823637E-01 | loss scale: 1.0 | grad norm: 0.610922 | number of skipped iterations:   0 | number of nan iterations:   0 |
[2026-08-21 16:13:32][INFO] iteration      239/    1000 | consumed samples:        22944 | elapsed time per iteration (ms): 2705.5 | throughput (samples/sec/per_device): 4.435 | learning rate: 2.196852E-05 | global batch size:    96 | action loss: 1.924429E-01 | loss scale: 1.0 | grad norm: 0.645348 | number of skipped iterations:   0 | number of nan iterations:   0 |
[2026-08-21 16:13:35][INFO] iteration      240/    1000 | consumed samples:        23040 | elapsed time per iteration (ms): 3161.3 | throughput (samples/sec/per_device): 3.796 | learning rate: 2.194317E-05 | global batch size:    96 | action loss: 1.771260E-01 | loss scale: 1.0 | grad norm: 0.652327 | number of skipped iterations:   0 | number of nan iterations:   0 |
[2026-08-21 16:13:35][INFO] max time across ranks (ms):
    forward-backward................................: 3031.56
    forward-compute.................................: 1053.23
    backward-compute................................: 2752.06
    batch-generator.................................: 1.47
    nan-grad-cleanup................................: 13.39
    grad-clip.......................................: 32.44
    optimizer.......................................: 85.64
    optimizer-inner-step............................: 85.56
    optimizer-scheduler-step........................: 0.07
    optimizer-zero-grad.............................: 0.81
[2026-08-21 16:13:39][INFO] iteration      241/    1000 | consumed samples:        23136 | elapsed time per iteration (ms): 3855.2 | throughput (samples/sec/per_device): 3.113 | learning rate: 2.191774E-05 | global batch size:    96 | action loss: 1.713658E-01 | loss scale: 1.0 | grad norm: 0.620979 | number of skipped iterations:   0 | number of nan iterations:   0 |
[2026-08-21 16:13:42][INFO] iteration      242/    1000 | consumed samples:        23232 | elapsed time per iteration (ms): 3402.8 | throughput (samples/sec/per_device): 3.527 | learning rate: 2.189221E-05 | global batch size:    96 | action loss: 1.680278E-01 | loss scale: 1.0 | grad norm: 0.614598 | number of skipped iterations:   0 | number of nan iterations:   0 |
[2026-08-21 16:13:45][INFO] iteration      243/    1000 | consumed samples:        23328 | elapsed time per iteration (ms): 2856.8 | throughput (samples/sec/per_device): 4.201 | learning rate: 2.186660E-05 | global batch size:    96 | action loss: 1.880778E-01 | loss scale: 1.0 | grad norm: 0.576738 | number of skipped iterations:   0 | number of nan iterations:   0 |
[2026-08-21 16:13:49][INFO] iteration      244/    1000 | consumed samples:        23424 | elapsed time per iteration (ms): 4417.0 | throughput (samples/sec/per_device): 2.717 | learning rate: 2.184089E-05 | global batch size:    96 | action loss: 1.844429E-01 | loss scale: 1.0 | grad norm: 0.684802 | number of skipped iterations:   0 | number of nan iterations:   0 |
[2026-08-21 16:13:53][INFO] iteration      245/    1000 | consumed samples:        23520 | elapsed time per iteration (ms): 3814.4 | throughput (samples/sec/per_device): 3.146 | learning rate: 2.181510E-05 | global batch size:    96 | action loss: 1.867357E-01 | loss scale: 1.0 | grad norm: 0.664517 | number of skipped iterations:   0 | number of nan iterations:   0 |
[2026-08-21 16:13:56][INFO] iteration      246/    1000 | consumed samples:        23616 | elapsed time per iteration (ms): 2911.8 | throughput (samples/sec/per_device): 4.121 | learning rate: 2.178922E-05 | global batch size:    96 | action loss: 1.805215E-01 | loss scale: 1.0 | grad norm: 0.626958 | number of skipped iterations:   0 | number of nan iterations:   0 |
[2026-08-21 16:13:59][INFO] iteration      247/    1000 | consumed samples:        23712 | elapsed time per iteration (ms): 3041.4 | throughput (samples/sec/per_device): 3.946 | learning rate: 2.176325E-05 | global batch size:    96 | action loss: 1.689540E-01 | loss scale: 1.0 | grad norm: 0.562248 | number of skipped iterations:   0 | number of nan iterations:   0 |
[2026-08-21 16:14:04][INFO] iteration      248/    1000 | consumed samples:        23808 | elapsed time per iteration (ms): 5094.0 | throughput (samples/sec/per_device): 2.356 | learning rate: 2.173719E-05 | global batch size:    96 | action loss: 1.907022E-01 | loss scale: 1.0 | grad norm: 0.613531 | number of skipped iterations:   0 | number of nan iterations:   0 |
[2026-08-21 16:14:07][INFO] iteration      249/    1000 | consumed samples:        23904 | elapsed time per iteration (ms): 2684.8 | throughput (samples/sec/per_device): 4.470 | learning rate: 2.171104E-05 | global batch size:    96 | action loss: 1.793574E-01 | loss scale: 1.0 | grad norm: 0.620659 | number of skipped iterations:   0 | number of nan iterations:   0 |
[2026-08-21 16:14:09][INFO] iteration      250/    1000 | consumed samples:        24000 | elapsed time per iteration (ms): 2668.8 | throughput (samples/sec/per_device): 4.496 | learning rate: 2.168481E-05 | global batch size:    96 | action loss: 1.978310E-01 | loss scale: 1.0 | grad norm: 0.654311 | number of skipped iterations:   0 | number of nan iterations:   0 |
[2026-08-21 16:14:16][INFO] iteration      251/    1000 | consumed samples:        24096 | elapsed time per iteration (ms): 6422.4 | throughput (samples/sec/per_device): 1.868 | learning rate: 2.165849E-05 | global batch size:    96 | action loss: 1.831802E-01 | loss scale: 1.0 | grad norm: 0.646843 | number of skipped iterations:   0 | number of nan iterations:   0 |
[2026-08-21 16:14:18][INFO] iteration      252/    1000 | consumed samples:        24192 | elapsed time per iteration (ms): 2248.0 | throughput (samples/sec/per_device): 5.338 | learning rate: 2.163208E-05 | global batch size:    96 | action loss: 1.906993E-01 | loss scale: 1.0 | grad norm: 0.778069 | number of skipped iterations:   0 | number of nan iterations:   0 |
[2026-08-21 16:14:20][INFO] iteration      253/    1000 | consumed samples:        24288 | elapsed time per iteration (ms): 2253.1 | throughput (samples/sec/per_device): 5.326 | learning rate: 2.160558E-05 | global batch size:    96 | action loss: 1.544922E-01 | loss scale: 1.0 | grad norm: 0.642312 | number of skipped iterations:   0 | number of nan iterations:   0 |
[2026-08-21 16:14:25][INFO] iteration      254/    1000 | consumed samples:        24384 | elapsed time per iteration (ms): 4857.0 | throughput (samples/sec/per_device): 2.471 | learning rate: 2.157900E-05 | global batch size:    96 | action loss: 2.168621E-01 | loss scale: 1.0 | grad norm: 0.677126 | number of skipped iterations:   0 | number of nan iterations:   0 |
[2026-08-21 16:14:28][INFO] iteration      255/    1000 | consumed samples:        24480 | elapsed time per iteration (ms): 2299.2 | throughput (samples/sec/per_device): 5.219 | learning rate: 2.155233E-05 | global batch size:    96 | action loss: 1.726249E-01 | loss scale: 1.0 | grad norm: 0.624500 | number of skipped iterations:   0 | number of nan iterations:   0 |
[2026-08-21 16:14:31][INFO] iteration      256/    1000 | consumed samples:        24576 | elapsed time per iteration (ms): 3208.6 | throughput (samples/sec/per_device): 3.740 | learning rate: 2.152557E-05 | global batch size:    96 | action loss: 1.706154E-01 | loss scale: 1.0 | grad norm: 0.621486 | number of skipped iterations:   0 | number of nan iterations:   0 |
[2026-08-21 16:14:33][INFO] iteration      257/    1000 | consumed samples:        24672 | elapsed time per iteration (ms): 2607.6 | throughput (samples/sec/per_device): 4.602 | learning rate: 2.149873E-05 | global batch size:    96 | action loss: 1.640674E-01 | loss scale: 1.0 | grad norm: 0.651854 | number of skipped iterations:   0 | number of nan iterations:   0 |
[2026-08-21 16:14:38][INFO] iteration      258/    1000 | consumed samples:        24768 | elapsed time per iteration (ms): 4173.8 | throughput (samples/sec/per_device): 2.875 | learning rate: 2.147181E-05 | global batch size:    96 | action loss: 1.618308E-01 | loss scale: 1.0 | grad norm: 0.604679 | number of skipped iterations:   0 | number of nan iterations:   0 |
[2026-08-21 16:14:41][INFO] iteration      259/    1000 | consumed samples:        24864 | elapsed time per iteration (ms): 3228.5 | throughput (samples/sec/per_device): 3.717 | learning rate: 2.144480E-05 | global batch size:    96 | action loss: 1.723748E-01 | loss scale: 1.0 | grad norm: 0.643187 | number of skipped iterations:   0 | number of nan iterations:   0 |
[2026-08-21 16:14:44][INFO] iteration      260/    1000 | consumed samples:        24960 | elapsed time per iteration (ms): 3281.4 | throughput (samples/sec/per_device): 3.657 | learning rate: 2.141770E-05 | global batch size:    96 | action loss: 1.917631E-01 | loss scale: 1.0 | grad norm: 0.573550 | number of skipped iterations:   0 | number of nan iterations:   0 |
[2026-08-21 16:14:44][INFO] max time across ranks (ms):
    forward-backward................................: 3151.25
    forward-compute.................................: 1144.20
    backward-compute................................: 2874.04
    batch-generator.................................: 1.41
    nan-grad-cleanup................................: 13.43
    grad-clip.......................................: 32.40
    optimizer.......................................: 85.12
    optimizer-inner-step............................: 85.03
    optimizer-scheduler-step........................: 0.08
    optimizer-zero-grad.............................: 0.42
[2026-08-21 16:14:49][INFO] iteration      261/    1000 | consumed samples:        25056 | elapsed time per iteration (ms): 4778.3 | throughput (samples/sec/per_device): 2.511 | learning rate: 2.139052E-05 | global batch size:    96 | action loss: 1.640705E-01 | loss scale: 1.0 | grad norm: 0.579742 | number of skipped iterations:   0 | number of nan iterations:   0 |
[2026-08-21 16:14:52][INFO] iteration      262/    1000 | consumed samples:        25152 | elapsed time per iteration (ms): 2937.9 | throughput (samples/sec/per_device): 4.085 | learning rate: 2.136325E-05 | global batch size:    96 | action loss: 1.882558E-01 | loss scale: 1.0 | grad norm: 0.597920 | number of skipped iterations:   0 | number of nan iterations:   0 |
[2026-08-21 16:14:54][INFO] iteration      263/    1000 | consumed samples:        25248 | elapsed time per iteration (ms): 2557.9 | throughput (samples/sec/per_device): 4.691 | learning rate: 2.133590E-05 | global batch size:    96 | action loss: 1.840971E-01 | loss scale: 1.0 | grad norm: 0.628336 | number of skipped iterations:   0 | number of nan iterations:   0 |
[2026-08-21 16:14:58][INFO] iteration      264/    1000 | consumed samples:        25344 | elapsed time per iteration (ms): 3244.6 | throughput (samples/sec/per_device): 3.698 | learning rate: 2.130847E-05 | global batch size:    96 | action loss: 1.704348E-01 | loss scale: 1.0 | grad norm: 0.747433 | number of skipped iterations:   0 | number of nan iterations:   0 |
[2026-08-21 16:15:01][INFO] iteration      265/    1000 | consumed samples:        25440 | elapsed time per iteration (ms): 3434.2 | throughput (samples/sec/per_device): 3.494 | learning rate: 2.128095E-05 | global batch size:    96 | action loss: 1.858819E-01 | loss scale: 1.0 | grad norm: 0.710193 | number of skipped iterations:   0 | number of nan iterations:   0 |
[2026-08-21 16:15:04][INFO] iteration      266/    1000 | consumed samples:        25536 | elapsed time per iteration (ms): 3115.5 | throughput (samples/sec/per_device): 3.852 | learning rate: 2.125335E-05 | global batch size:    96 | action loss: 2.233381E-01 | loss scale: 1.0 | grad norm: 0.805831 | number of skipped iterations:   0 | number of nan iterations:   0 |
[2026-08-21 16:15:07][INFO] iteration      267/    1000 | consumed samples:        25632 | elapsed time per iteration (ms): 2798.7 | throughput (samples/sec/per_device): 4.288 | learning rate: 2.122566E-05 | global batch size:    96 | action loss: 1.842803E-01 | loss scale: 1.0 | grad norm: 0.648845 | number of skipped iterations:   0 | number of nan iterations:   0 |
[2026-08-21 16:15:11][INFO] iteration      268/    1000 | consumed samples:        25728 | elapsed time per iteration (ms): 4426.4 | throughput (samples/sec/per_device): 2.711 | learning rate: 2.119789E-05 | global batch size:    96 | action loss: 1.747592E-01 | loss scale: 1.0 | grad norm: 0.621463 | number of skipped iterations:   0 | number of nan iterations:   0 |
[2026-08-21 16:15:14][INFO] iteration      269/    1000 | consumed samples:        25824 | elapsed time per iteration (ms): 2824.6 | throughput (samples/sec/per_device): 4.248 | learning rate: 2.117005E-05 | global batch size:    96 | action loss: 1.617809E-01 | loss scale: 1.0 | grad norm: 0.600801 | number of skipped iterations:   0 | number of nan iterations:   0 |
[2026-08-21 16:15:20][INFO] iteration      270/    1000 | consumed samples:        25920 | elapsed time per iteration (ms): 5763.0 | throughput (samples/sec/per_device): 2.082 | learning rate: 2.114211E-05 | global batch size:    96 | action loss: 1.697197E-01 | loss scale: 1.0 | grad norm: 0.594210 | number of skipped iterations:   0 | number of nan iterations:   0 |
[2026-08-21 16:15:24][INFO] iteration      271/    1000 | consumed samples:        26016 | elapsed time per iteration (ms): 3986.3 | throughput (samples/sec/per_device): 3.010 | learning rate: 2.111410E-05 | global batch size:    96 | action loss: 1.886976E-01 | loss scale: 1.0 | grad norm: 0.663335 | number of skipped iterations:   0 | number of nan iterations:   0 |
[2026-08-21 16:15:24][INFO] PowerSGDPlusState restart: iter=170 compressed_iter=150 method=approximate rank=1
[2026-08-21 16:15:31][INFO] iteration      272/    1000 | consumed samples:        26112 | elapsed time per iteration (ms): 6978.0 | throughput (samples/sec/per_device): 1.720 | learning rate: 2.108600E-05 | global batch size:    96 | action loss: 1.752647E-01 | loss scale: 1.0 | grad norm: 0.833459 | number of skipped iterations:   0 | number of nan iterations:   0 |
[2026-08-21 16:15:36][INFO] iteration      273/    1000 | consumed samples:        26208 | elapsed time per iteration (ms): 4585.8 | throughput (samples/sec/per_device): 2.617 | learning rate: 2.105783E-05 | global batch size:    96 | action loss: 2.211780E-01 | loss scale: 1.0 | grad norm: 0.919065 | number of skipped iterations:   0 | number of nan iterations:   0 |
[2026-08-21 16:15:39][INFO] iteration      274/    1000 | consumed samples:        26304 | elapsed time per iteration (ms): 3507.8 | throughput (samples/sec/per_device): 3.421 | learning rate: 2.102957E-05 | global batch size:    96 | action loss: 2.127361E-01 | loss scale: 1.0 | grad norm: 0.813188 | number of skipped iterations:   0 | number of nan iterations:   0 |
[2026-08-21 16:15:42][INFO] iteration      275/    1000 | consumed samples:        26400 | elapsed time per iteration (ms): 3126.3 | throughput (samples/sec/per_device): 3.838 | learning rate: 2.100123E-05 | global batch size:    96 | action loss: 2.205208E-01 | loss scale: 1.0 | grad norm: 0.788166 | number of skipped iterations:   0 | number of nan iterations:   0 |
[2026-08-21 16:15:46][INFO] iteration      276/    1000 | consumed samples:        26496 | elapsed time per iteration (ms): 3729.9 | throughput (samples/sec/per_device): 3.217 | learning rate: 2.097281E-05 | global batch size:    96 | action loss: 2.027732E-01 | loss scale: 1.0 | grad norm: 0.831220 | number of skipped iterations:   0 | number of nan iterations:   0 |
[2026-08-21 16:15:48][INFO] iteration      277/    1000 | consumed samples:        26592 | elapsed time per iteration (ms): 2160.9 | throughput (samples/sec/per_device): 5.553 | learning rate: 2.094431E-05 | global batch size:    96 | action loss: 2.113696E-01 | loss scale: 1.0 | grad norm: 0.673263 | number of skipped iterations:   0 | number of nan iterations:   0 |
[2026-08-21 16:15:50][INFO] iteration      278/    1000 | consumed samples:        26688 | elapsed time per iteration (ms): 2224.5 | throughput (samples/sec/per_device): 5.394 | learning rate: 2.091573E-05 | global batch size:    96 | action loss: 1.800789E-01 | loss scale: 1.0 | grad norm: 0.699358 | number of skipped iterations:   0 | number of nan iterations:   0 |
[2026-08-21 16:15:54][INFO] iteration      279/    1000 | consumed samples:        26784 | elapsed time per iteration (ms): 3688.5 | throughput (samples/sec/per_device): 3.253 | learning rate: 2.088707E-05 | global batch size:    96 | action loss: 1.714411E-01 | loss scale: 1.0 | grad norm: 0.651878 | number of skipped iterations:   0 | number of nan iterations:   0 |
[2026-08-21 16:15:57][INFO] iteration      280/    1000 | consumed samples:        26880 | elapsed time per iteration (ms): 3232.0 | throughput (samples/sec/per_device): 3.713 | learning rate: 2.085833E-05 | global batch size:    96 | action loss: 1.513347E-01 | loss scale: 1.0 | grad norm: 0.683982 | number of skipped iterations:   0 | number of nan iterations:   0 |
[2026-08-21 16:15:57][INFO] max time across ranks (ms):
    forward-backward................................: 3102.35
    forward-compute.................................: 1994.81
    backward-compute................................: 2825.87
    batch-generator.................................: 1.64
    nan-grad-cleanup................................: 13.04
    grad-clip.......................................: 32.25
    optimizer.......................................: 83.24
    optimizer-inner-step............................: 83.14
    optimizer-scheduler-step........................: 0.06
    optimizer-zero-grad.............................: 0.53
[2026-08-21 16:15:59][INFO] iteration      281/    1000 | consumed samples:        26976 | elapsed time per iteration (ms): 2294.1 | throughput (samples/sec/per_device): 5.231 | learning rate: 2.082951E-05 | global batch size:    96 | action loss: 1.544531E-01 | loss scale: 1.0 | grad norm: 0.693941 | number of skipped iterations:   0 | number of nan iterations:   0 |
[2026-08-21 16:16:02][INFO] iteration      282/    1000 | consumed samples:        27072 | elapsed time per iteration (ms): 2608.6 | throughput (samples/sec/per_device): 4.600 | learning rate: 2.080061E-05 | global batch size:    96 | action loss: 1.725040E-01 | loss scale: 1.0 | grad norm: 0.704723 | number of skipped iterations:   0 | number of nan iterations:   0 |
[2026-08-21 16:16:06][INFO] iteration      283/    1000 | consumed samples:        27168 | elapsed time per iteration (ms): 3797.5 | throughput (samples/sec/per_device): 3.160 | learning rate: 2.077164E-05 | global batch size:    96 | action loss: 2.021705E-01 | loss scale: 1.0 | grad norm: 0.725833 | number of skipped iterations:   0 | number of nan iterations:   0 |
[2026-08-21 16:16:09][INFO] iteration      284/    1000 | consumed samples:        27264 | elapsed time per iteration (ms): 3515.3 | throughput (samples/sec/per_device): 3.414 | learning rate: 2.074258E-05 | global batch size:    96 | action loss: 1.987394E-01 | loss scale: 1.0 | grad norm: 0.672027 | number of skipped iterations:   0 | number of nan iterations:   0 |
[2026-08-21 16:16:12][INFO] iteration      285/    1000 | consumed samples:        27360 | elapsed time per iteration (ms): 2900.3 | throughput (samples/sec/per_device): 4.137 | learning rate: 2.071345E-05 | global batch size:    96 | action loss: 1.792176E-01 | loss scale: 1.0 | grad norm: 0.638905 | number of skipped iterations:   0 | number of nan iterations:   0 |
[2026-08-21 16:16:15][INFO] iteration      286/    1000 | consumed samples:        27456 | elapsed time per iteration (ms): 2455.4 | throughput (samples/sec/per_device): 4.887 | learning rate: 2.068424E-05 | global batch size:    96 | action loss: 1.795423E-01 | loss scale: 1.0 | grad norm: 0.670945 | number of skipped iterations:   0 | number of nan iterations:   0 |
[2026-08-21 16:16:20][INFO] iteration      287/    1000 | consumed samples:        27552 | elapsed time per iteration (ms): 5660.2 | throughput (samples/sec/per_device): 2.120 | learning rate: 2.065495E-05 | global batch size:    96 | action loss: 1.571349E-01 | loss scale: 1.0 | grad norm: 0.667320 | number of skipped iterations:   0 | number of nan iterations:   0 |
[2026-08-21 16:16:24][INFO] iteration      288/    1000 | consumed samples:        27648 | elapsed time per iteration (ms): 3605.2 | throughput (samples/sec/per_device): 3.329 | learning rate: 2.062559E-05 | global batch size:    96 | action loss: 1.884685E-01 | loss scale: 1.0 | grad norm: 0.720163 | number of skipped iterations:   0 | number of nan iterations:   0 |
[2026-08-21 16:16:28][INFO] iteration      289/    1000 | consumed samples:        27744 | elapsed time per iteration (ms): 4145.9 | throughput (samples/sec/per_device): 2.894 | learning rate: 2.059615E-05 | global batch size:    96 | action loss: 2.082813E-01 | loss scale: 1.0 | grad norm: 0.920044 | number of skipped iterations:   0 | number of nan iterations:   0 |
[2026-08-21 16:16:32][INFO] iteration      290/    1000 | consumed samples:        27840 | elapsed time per iteration (ms): 3612.9 | throughput (samples/sec/per_device): 3.321 | learning rate: 2.056663E-05 | global batch size:    96 | action loss: 1.965263E-01 | loss scale: 1.0 | grad norm: 0.807869 | number of skipped iterations:   0 | number of nan iterations:   0 |
[2026-08-21 16:16:34][INFO] iteration      291/    1000 | consumed samples:        27936 | elapsed time per iteration (ms): 2622.9 | throughput (samples/sec/per_device): 4.575 | learning rate: 2.053704E-05 | global batch size:    96 | action loss: 1.761022E-01 | loss scale: 1.0 | grad norm: 0.744438 | number of skipped iterations:   0 | number of nan iterations:   0 |
[2026-08-21 16:16:37][INFO] iteration      292/    1000 | consumed samples:        28032 | elapsed time per iteration (ms): 3050.9 | throughput (samples/sec/per_device): 3.933 | learning rate: 2.050737E-05 | global batch size:    96 | action loss: 1.632669E-01 | loss scale: 1.0 | grad norm: 0.690060 | number of skipped iterations:   0 | number of nan iterations:   0 |
[2026-08-21 16:16:42][INFO] iteration      293/    1000 | consumed samples:        28128 | elapsed time per iteration (ms): 4365.3 | throughput (samples/sec/per_device): 2.749 | learning rate: 2.047762E-05 | global batch size:    96 | action loss: 1.548918E-01 | loss scale: 1.0 | grad norm: 0.650756 | number of skipped iterations:   0 | number of nan iterations:   0 |
[2026-08-21 16:16:45][INFO] iteration      294/    1000 | consumed samples:        28224 | elapsed time per iteration (ms): 2747.5 | throughput (samples/sec/per_device): 4.368 | learning rate: 2.044780E-05 | global batch size:    96 | action loss: 1.901220E-01 | loss scale: 1.0 | grad norm: 0.652439 | number of skipped iterations:   0 | number of nan iterations:   0 |
[2026-08-21 16:16:47][INFO] iteration      295/    1000 | consumed samples:        28320 | elapsed time per iteration (ms): 2733.0 | throughput (samples/sec/per_device): 4.391 | learning rate: 2.041791E-05 | global batch size:    96 | action loss: 1.841218E-01 | loss scale: 1.0 | grad norm: 0.651384 | number of skipped iterations:   0 | number of nan iterations:   0 |
[2026-08-21 16:16:51][INFO] iteration      296/    1000 | consumed samples:        28416 | elapsed time per iteration (ms): 3190.3 | throughput (samples/sec/per_device): 3.761 | learning rate: 2.038794E-05 | global batch size:    96 | action loss: 1.727685E-01 | loss scale: 1.0 | grad norm: 0.674629 | number of skipped iterations:   0 | number of nan iterations:   0 |
[2026-08-21 16:16:55][INFO] iteration      297/    1000 | consumed samples:        28512 | elapsed time per iteration (ms): 4121.8 | throughput (samples/sec/per_device): 2.911 | learning rate: 2.035789E-05 | global batch size:    96 | action loss: 1.899856E-01 | loss scale: 1.0 | grad norm: 0.670117 | number of skipped iterations:   0 | number of nan iterations:   0 |
[2026-08-21 16:16:57][INFO] iteration      298/    1000 | consumed samples:        28608 | elapsed time per iteration (ms): 2618.4 | throughput (samples/sec/per_device): 4.583 | learning rate: 2.032777E-05 | global batch size:    96 | action loss: 1.780447E-01 | loss scale: 1.0 | grad norm: 0.620425 | number of skipped iterations:   0 | number of nan iterations:   0 |
[2026-08-21 16:17:00][INFO] iteration      299/    1000 | consumed samples:        28704 | elapsed time per iteration (ms): 2447.4 | throughput (samples/sec/per_device): 4.903 | learning rate: 2.029758E-05 | global batch size:    96 | action loss: 1.714932E-01 | loss scale: 1.0 | grad norm: 0.626904 | number of skipped iterations:   0 | number of nan iterations:   0 |
[2026-08-21 16:17:05][INFO] iteration      300/    1000 | consumed samples:        28800 | elapsed time per iteration (ms): 5083.2 | throughput (samples/sec/per_device): 2.361 | learning rate: 2.026732E-05 | global batch size:    96 | action loss: 1.695333E-01 | loss scale: 1.0 | grad norm: 0.685431 | number of skipped iterations:   0 | number of nan iterations:   0 |
[2026-08-21 16:17:05][INFO] max time across ranks (ms):
    forward-backward................................: 4952.62
    forward-compute.................................: 1621.40
    backward-compute................................: 4675.74
    batch-generator.................................: 1.56
    nan-grad-cleanup................................: 13.45
    grad-clip.......................................: 32.30
    optimizer.......................................: 84.90
    optimizer-inner-step............................: 84.82
    optimizer-scheduler-step........................: 0.07
    optimizer-zero-grad.............................: 0.85
[2026-08-21 16:17:07][INFO] iteration      301/    1000 | consumed samples:        28896 | elapsed time per iteration (ms): 2320.2 | throughput (samples/sec/per_device): 5.172 | learning rate: 2.023698E-05 | global batch size:    96 | action loss: 1.629181E-01 | loss scale: 1.0 | grad norm: 0.626109 | number of skipped iterations:   0 | number of nan iterations:   0 |
[2026-08-21 16:17:10][INFO] iteration      302/    1000 | consumed samples:        28992 | elapsed time per iteration (ms): 2827.0 | throughput (samples/sec/per_device): 4.245 | learning rate: 2.020657E-05 | global batch size:    96 | action loss: 1.777834E-01 | loss scale: 1.0 | grad norm: 0.786225 | number of skipped iterations:   0 | number of nan iterations:   0 |
[2026-08-21 16:17:13][INFO] iteration      303/    1000 | consumed samples:        29088 | elapsed time per iteration (ms): 3464.5 | throughput (samples/sec/per_device): 3.464 | learning rate: 2.017608E-05 | global batch size:    96 | action loss: 1.940854E-01 | loss scale: 1.0 | grad norm: 0.679868 | number of skipped iterations:   0 | number of nan iterations:   0 |
[2026-08-21 16:17:16][INFO] iteration      304/    1000 | consumed samples:        29184 | elapsed time per iteration (ms): 2920.9 | throughput (samples/sec/per_device): 4.108 | learning rate: 2.014552E-05 | global batch size:    96 | action loss: 1.904214E-01 | loss scale: 1.0 | grad norm: 0.710905 | number of skipped iterations:   0 | number of nan iterations:   0 |
[2026-08-21 16:17:18][INFO] iteration      305/    1000 | consumed samples:        29280 | elapsed time per iteration (ms): 2155.5 | throughput (samples/sec/per_device): 5.567 | learning rate: 2.011490E-05 | global batch size:    96 | action loss: 1.800387E-01 | loss scale: 1.0 | grad norm: 0.709586 | number of skipped iterations:   0 | number of nan iterations:   0 |
[2026-08-21 16:17:21][INFO] iteration      306/    1000 | consumed samples:        29376 | elapsed time per iteration (ms): 2349.9 | throughput (samples/sec/per_device): 5.107 | learning rate: 2.008419E-05 | global batch size:    96 | action loss: 1.790883E-01 | loss scale: 1.0 | grad norm: 0.800437 | number of skipped iterations:   0 | number of nan iterations:   0 |
[2026-08-21 16:17:27][INFO] iteration      307/    1000 | consumed samples:        29472 | elapsed time per iteration (ms): 6450.9 | throughput (samples/sec/per_device): 1.860 | learning rate: 2.005342E-05 | global batch size:    96 | action loss: 1.883835E-01 | loss scale: 1.0 | grad norm: 0.750735 | number of skipped iterations:   0 | number of nan iterations:   0 |
[2026-08-21 16:17:30][INFO] iteration      308/    1000 | consumed samples:        29568 | elapsed time per iteration (ms): 3043.8 | throughput (samples/sec/per_device): 3.942 | learning rate: 2.002258E-05 | global batch size:    96 | action loss: 1.871562E-01 | loss scale: 1.0 | grad norm: 0.714905 | number of skipped iterations:   0 | number of nan iterations:   0 |
[2026-08-21 16:17:33][INFO] iteration      309/    1000 | consumed samples:        29664 | elapsed time per iteration (ms): 2657.8 | throughput (samples/sec/per_device): 4.515 | learning rate: 1.999167E-05 | global batch size:    96 | action loss: 1.962600E-01 | loss scale: 1.0 | grad norm: 0.717712 | number of skipped iterations:   0 | number of nan iterations:   0 |
[2026-08-21 16:17:37][INFO] iteration      310/    1000 | consumed samples:        29760 | elapsed time per iteration (ms): 3767.2 | throughput (samples/sec/per_device): 3.185 | learning rate: 1.996068E-05 | global batch size:    96 | action loss: 1.582635E-01 | loss scale: 1.0 | grad norm: 0.664382 | number of skipped iterations:   0 | number of nan iterations:   0 |
[2026-08-21 16:17:40][INFO] iteration      311/    1000 | consumed samples:        29856 | elapsed time per iteration (ms): 3524.3 | throughput (samples/sec/per_device): 3.405 | learning rate: 1.992963E-05 | global batch size:    96 | action loss: 1.795489E-01 | loss scale: 1.0 | grad norm: 0.652143 | number of skipped iterations:   0 | number of nan iterations:   0 |
[2026-08-21 16:17:44][INFO] iteration      312/    1000 | consumed samples:        29952 | elapsed time per iteration (ms): 3857.6 | throughput (samples/sec/per_device): 3.111 | learning rate: 1.989851E-05 | global batch size:    96 | action loss: 1.722401E-01 | loss scale: 1.0 | grad norm: 0.631985 | number of skipped iterations:   0 | number of nan iterations:   0 |
[2026-08-21 16:17:47][INFO] iteration      313/    1000 | consumed samples:        30048 | elapsed time per iteration (ms): 3345.6 | throughput (samples/sec/per_device): 3.587 | learning rate: 1.986731E-05 | global batch size:    96 | action loss: 1.892055E-01 | loss scale: 1.0 | grad norm: 0.613752 | number of skipped iterations:   0 | number of nan iterations:   0 |
[2026-08-21 16:17:51][INFO] iteration      314/    1000 | consumed samples:        30144 | elapsed time per iteration (ms): 3997.7 | throughput (samples/sec/per_device): 3.002 | learning rate: 1.983605E-05 | global batch size:    96 | action loss: 1.639229E-01 | loss scale: 1.0 | grad norm: 0.667033 | number of skipped iterations:   0 | number of nan iterations:   0 |
[2026-08-21 16:17:55][INFO] iteration      315/    1000 | consumed samples:        30240 | elapsed time per iteration (ms): 3050.4 | throughput (samples/sec/per_device): 3.934 | learning rate: 1.980472E-05 | global batch size:    96 | action loss: 1.631209E-01 | loss scale: 1.0 | grad norm: 0.638215 | number of skipped iterations:   0 | number of nan iterations:   0 |
[2026-08-21 16:17:58][INFO] iteration      316/    1000 | consumed samples:        30336 | elapsed time per iteration (ms): 3816.7 | throughput (samples/sec/per_device): 3.144 | learning rate: 1.977332E-05 | global batch size:    96 | action loss: 1.871949E-01 | loss scale: 1.0 | grad norm: 0.663218 | number of skipped iterations:   0 | number of nan iterations:   0 |
[2026-08-21 16:18:02][INFO] iteration      317/    1000 | consumed samples:        30432 | elapsed time per iteration (ms): 3617.8 | throughput (samples/sec/per_device): 3.317 | learning rate: 1.974185E-05 | global batch size:    96 | action loss: 1.482647E-01 | loss scale: 1.0 | grad norm: 0.697800 | number of skipped iterations:   0 | number of nan iterations:   0 |
[2026-08-21 16:18:05][INFO] iteration      318/    1000 | consumed samples:        30528 | elapsed time per iteration (ms): 3475.1 | throughput (samples/sec/per_device): 3.453 | learning rate: 1.971031E-05 | global batch size:    96 | action loss: 1.881707E-01 | loss scale: 1.0 | grad norm: 0.792616 | number of skipped iterations:   0 | number of nan iterations:   0 |
[2026-08-21 16:18:08][INFO] iteration      319/    1000 | consumed samples:        30624 | elapsed time per iteration (ms): 2500.1 | throughput (samples/sec/per_device): 4.800 | learning rate: 1.967871E-05 | global batch size:    96 | action loss: 1.791476E-01 | loss scale: 1.0 | grad norm: 0.746772 | number of skipped iterations:   0 | number of nan iterations:   0 |
[2026-08-21 16:18:12][INFO] iteration      320/    1000 | consumed samples:        30720 | elapsed time per iteration (ms): 4355.2 | throughput (samples/sec/per_device): 2.755 | learning rate: 1.964704E-05 | global batch size:    96 | action loss: 2.406142E-01 | loss scale: 1.0 | grad norm: 0.778821 | number of skipped iterations:   0 | number of nan iterations:   0 |
[2026-08-21 16:18:12][INFO] max time across ranks (ms):
    forward-backward................................: 4224.98
    forward-compute.................................: 1592.77
    backward-compute................................: 3947.93
    batch-generator.................................: 1.47
    nan-grad-cleanup................................: 13.45
    grad-clip.......................................: 32.36
    optimizer.......................................: 84.84
    optimizer-inner-step............................: 84.75
    optimizer-scheduler-step........................: 0.08
    optimizer-zero-grad.............................: 0.79
[2026-08-21 16:18:15][INFO] iteration      321/    1000 | consumed samples:        30816 | elapsed time per iteration (ms): 2755.5 | throughput (samples/sec/per_device): 4.355 | learning rate: 1.961530E-05 | global batch size:    96 | action loss: 1.745707E-01 | loss scale: 1.0 | grad norm: 0.660752 | number of skipped iterations:   0 | number of nan iterations:   0 |
[2026-08-21 16:18:15][INFO] PowerSGDPlusState restart: iter=220 compressed_iter=200 method=approximate rank=1
[2026-08-21 16:18:22][INFO] iteration      322/    1000 | consumed samples:        30912 | elapsed time per iteration (ms): 6810.8 | throughput (samples/sec/per_device): 1.762 | learning rate: 1.958350E-05 | global batch size:    96 | action loss: 1.662532E-01 | loss scale: 1.0 | grad norm: 0.754354 | number of skipped iterations:   0 | number of nan iterations:   0 |
[2026-08-21 16:18:29][INFO] iteration      323/    1000 | consumed samples:        31008 | elapsed time per iteration (ms): 6746.5 | throughput (samples/sec/per_device): 1.779 | learning rate: 1.955163E-05 | global batch size:    96 | action loss: 1.903334E-01 | loss scale: 1.0 | grad norm: 0.632128 | number of skipped iterations:   0 | number of nan iterations:   0 |
[2026-08-21 16:18:33][INFO] iteration      324/    1000 | consumed samples:        31104 | elapsed time per iteration (ms): 4392.0 | throughput (samples/sec/per_device): 2.732 | learning rate: 1.951969E-05 | global batch size:    96 | action loss: 1.756002E-01 | loss scale: 1.0 | grad norm: 0.706201 | number of skipped iterations:   0 | number of nan iterations:   0 |
[2026-08-21 16:18:36][INFO] iteration      325/    1000 | consumed samples:        31200 | elapsed time per iteration (ms): 2996.8 | throughput (samples/sec/per_device): 4.004 | learning rate: 1.948769E-05 | global batch size:    96 | action loss: 1.802510E-01 | loss scale: 1.0 | grad norm: 0.677931 | number of skipped iterations:   0 | number of nan iterations:   0 |
[2026-08-21 16:18:38][INFO] iteration      326/    1000 | consumed samples:        31296 | elapsed time per iteration (ms): 2365.0 | throughput (samples/sec/per_device): 5.074 | learning rate: 1.945562E-05 | global batch size:    96 | action loss: 1.871593E-01 | loss scale: 1.0 | grad norm: 0.692698 | number of skipped iterations:   0 | number of nan iterations:   0 |
[2026-08-21 16:18:40][INFO] iteration      327/    1000 | consumed samples:        31392 | elapsed time per iteration (ms): 2060.3 | throughput (samples/sec/per_device): 5.824 | learning rate: 1.942349E-05 | global batch size:    96 | action loss: 1.841563E-01 | loss scale: 1.0 | grad norm: 0.692869 | number of skipped iterations:   0 | number of nan iterations:   0 |
[2026-08-21 16:18:46][INFO] iteration      328/    1000 | consumed samples:        31488 | elapsed time per iteration (ms): 5165.7 | throughput (samples/sec/per_device): 2.323 | learning rate: 1.939129E-05 | global batch size:    96 | action loss: 2.209048E-01 | loss scale: 1.0 | grad norm: 0.699083 | number of skipped iterations:   0 | number of nan iterations:   0 |
[2026-08-21 16:18:48][INFO] iteration      329/    1000 | consumed samples:        31584 | elapsed time per iteration (ms): 2298.5 | throughput (samples/sec/per_device): 5.221 | learning rate: 1.935903E-05 | global batch size:    96 | action loss: 1.717594E-01 | loss scale: 1.0 | grad norm: 0.642807 | number of skipped iterations:   0 | number of nan iterations:   0 |
[2026-08-21 16:18:50][INFO] iteration      330/    1000 | consumed samples:        31680 | elapsed time per iteration (ms): 2559.7 | throughput (samples/sec/per_device): 4.688 | learning rate: 1.932671E-05 | global batch size:    96 | action loss: 1.815015E-01 | loss scale: 1.0 | grad norm: 0.650140 | number of skipped iterations:   0 | number of nan iterations:   0 |
[2026-08-21 16:18:53][INFO] iteration      331/    1000 | consumed samples:        31776 | elapsed time per iteration (ms): 2387.9 | throughput (samples/sec/per_device): 5.025 | learning rate: 1.929432E-05 | global batch size:    96 | action loss: 1.626920E-01 | loss scale: 1.0 | grad norm: 0.655178 | number of skipped iterations:   0 | number of nan iterations:   0 |
[2026-08-21 16:18:58][INFO] iteration      332/    1000 | consumed samples:        31872 | elapsed time per iteration (ms): 4708.5 | throughput (samples/sec/per_device): 2.549 | learning rate: 1.926186E-05 | global batch size:    96 | action loss: 1.817698E-01 | loss scale: 1.0 | grad norm: 0.655592 | number of skipped iterations:   0 | number of nan iterations:   0 |
[2026-08-21 16:19:00][INFO] iteration      333/    1000 | consumed samples:        31968 | elapsed time per iteration (ms): 2454.2 | throughput (samples/sec/per_device): 4.890 | learning rate: 1.922935E-05 | global batch size:    96 | action loss: 2.097549E-01 | loss scale: 1.0 | grad norm: 0.642219 | number of skipped iterations:   0 | number of nan iterations:   0 |
[2026-08-21 16:19:03][INFO] iteration      334/    1000 | consumed samples:        32064 | elapsed time per iteration (ms): 2927.1 | throughput (samples/sec/per_device): 4.100 | learning rate: 1.919677E-05 | global batch size:    96 | action loss: 1.996837E-01 | loss scale: 1.0 | grad norm: 0.614177 | number of skipped iterations:   0 | number of nan iterations:   0 |
[2026-08-21 16:19:07][INFO] iteration      335/    1000 | consumed samples:        32160 | elapsed time per iteration (ms): 3598.7 | throughput (samples/sec/per_device): 3.335 | learning rate: 1.916413E-05 | global batch size:    96 | action loss: 1.627952E-01 | loss scale: 1.0 | grad norm: 0.606312 | number of skipped iterations:   0 | number of nan iterations:   0 |
[2026-08-21 16:19:10][INFO] iteration      336/    1000 | consumed samples:        32256 | elapsed time per iteration (ms): 3056.3 | throughput (samples/sec/per_device): 3.926 | learning rate: 1.913143E-05 | global batch size:    96 | action loss: 2.008216E-01 | loss scale: 1.0 | grad norm: 0.598494 | number of skipped iterations:   0 | number of nan iterations:   0 |
[2026-08-21 16:19:12][INFO] iteration      337/    1000 | consumed samples:        32352 | elapsed time per iteration (ms): 2673.0 | throughput (samples/sec/per_device): 4.489 | learning rate: 1.909866E-05 | global batch size:    96 | action loss: 1.752294E-01 | loss scale: 1.0 | grad norm: 0.651630 | number of skipped iterations:   0 | number of nan iterations:   0 |
[2026-08-21 16:19:15][INFO] iteration      338/    1000 | consumed samples:        32448 | elapsed time per iteration (ms): 2680.5 | throughput (samples/sec/per_device): 4.477 | learning rate: 1.906584E-05 | global batch size:    96 | action loss: 1.854068E-01 | loss scale: 1.0 | grad norm: 0.784483 | number of skipped iterations:   0 | number of nan iterations:   0 |
[2026-08-21 16:19:18][INFO] iteration      339/    1000 | consumed samples:        32544 | elapsed time per iteration (ms): 3265.4 | throughput (samples/sec/per_device): 3.675 | learning rate: 1.903295E-05 | global batch size:    96 | action loss: 1.812977E-01 | loss scale: 1.0 | grad norm: 0.740335 | number of skipped iterations:   0 | number of nan iterations:   0 |
[2026-08-21 16:19:22][INFO] iteration      340/    1000 | consumed samples:        32640 | elapsed time per iteration (ms): 3346.8 | throughput (samples/sec/per_device): 3.586 | learning rate: 1.900000E-05 | global batch size:    96 | action loss: 1.937499E-01 | loss scale: 1.0 | grad norm: 0.731373 | number of skipped iterations:   0 | number of nan iterations:   0 |
[2026-08-21 16:19:22][INFO] max time across ranks (ms):
    forward-backward................................: 3216.79
    forward-compute.................................: 1352.03
    backward-compute................................: 2939.45
    batch-generator.................................: 1.56
    nan-grad-cleanup................................: 13.21
    grad-clip.......................................: 32.34
    optimizer.......................................: 83.63
    optimizer-inner-step............................: 83.41
    optimizer-scheduler-step........................: 0.09
    optimizer-zero-grad.............................: 0.49
[2026-08-21 16:19:25][INFO] iteration      341/    1000 | consumed samples:        32736 | elapsed time per iteration (ms): 3041.5 | throughput (samples/sec/per_device): 3.945 | learning rate: 1.896699E-05 | global batch size:    96 | action loss: 2.014483E-01 | loss scale: 1.0 | grad norm: 0.709457 | number of skipped iterations:   0 | number of nan iterations:   0 |
[2026-08-21 16:19:27][INFO] iteration      342/    1000 | consumed samples:        32832 | elapsed time per iteration (ms): 2646.2 | throughput (samples/sec/per_device): 4.535 | learning rate: 1.893392E-05 | global batch size:    96 | action loss: 2.165341E-01 | loss scale: 1.0 | grad norm: 0.879092 | number of skipped iterations:   0 | number of nan iterations:   0 |
[2026-08-21 16:19:34][INFO] iteration      343/    1000 | consumed samples:        32928 | elapsed time per iteration (ms): 6297.9 | throughput (samples/sec/per_device): 1.905 | learning rate: 1.890080E-05 | global batch size:    96 | action loss: 1.892450E-01 | loss scale: 1.0 | grad norm: 0.705465 | number of skipped iterations:   0 | number of nan iterations:   0 |
[2026-08-21 16:19:36][INFO] iteration      344/    1000 | consumed samples:        33024 | elapsed time per iteration (ms): 2477.2 | throughput (samples/sec/per_device): 4.844 | learning rate: 1.886761E-05 | global batch size:    96 | action loss: 1.702939E-01 | loss scale: 1.0 | grad norm: 0.803434 | number of skipped iterations:   0 | number of nan iterations:   0 |
[2026-08-21 16:19:38][INFO] iteration      345/    1000 | consumed samples:        33120 | elapsed time per iteration (ms): 2222.8 | throughput (samples/sec/per_device): 5.399 | learning rate: 1.883436E-05 | global batch size:    96 | action loss: 1.968590E-01 | loss scale: 1.0 | grad norm: 0.832304 | number of skipped iterations:   0 | number of nan iterations:   0 |
[2026-08-21 16:19:43][INFO] iteration      346/    1000 | consumed samples:        33216 | elapsed time per iteration (ms): 4705.4 | throughput (samples/sec/per_device): 2.550 | learning rate: 1.880106E-05 | global batch size:    96 | action loss: 1.776453E-01 | loss scale: 1.0 | grad norm: 0.785749 | number of skipped iterations:   0 | number of nan iterations:   0 |
[2026-08-21 16:19:46][INFO] iteration      347/    1000 | consumed samples:        33312 | elapsed time per iteration (ms): 3288.7 | throughput (samples/sec/per_device): 3.649 | learning rate: 1.876769E-05 | global batch size:    96 | action loss: 1.888227E-01 | loss scale: 1.0 | grad norm: 0.707111 | number of skipped iterations:   0 | number of nan iterations:   0 |
[2026-08-21 16:19:49][INFO] iteration      348/    1000 | consumed samples:        33408 | elapsed time per iteration (ms): 2841.3 | throughput (samples/sec/per_device): 4.223 | learning rate: 1.873427E-05 | global batch size:    96 | action loss: 1.627964E-01 | loss scale: 1.0 | grad norm: 0.726731 | number of skipped iterations:   0 | number of nan iterations:   0 |
[2026-08-21 16:19:54][INFO] iteration      349/    1000 | consumed samples:        33504 | elapsed time per iteration (ms): 4654.5 | throughput (samples/sec/per_device): 2.578 | learning rate: 1.870079E-05 | global batch size:    96 | action loss: 1.877035E-01 | loss scale: 1.0 | grad norm: 0.708451 | number of skipped iterations:   0 | number of nan iterations:   0 |
[2026-08-21 16:19:56][INFO] iteration      350/    1000 | consumed samples:        33600 | elapsed time per iteration (ms): 2363.2 | throughput (samples/sec/per_device): 5.078 | learning rate: 1.866725E-05 | global batch size:    96 | action loss: 1.579021E-01 | loss scale: 1.0 | grad norm: 0.661267 | number of skipped iterations:   0 | number of nan iterations:   0 |
[2026-08-21 16:19:59][INFO] iteration      351/    1000 | consumed samples:        33696 | elapsed time per iteration (ms): 3175.4 | throughput (samples/sec/per_device): 3.779 | learning rate: 1.863366E-05 | global batch size:    96 | action loss: 1.755006E-01 | loss scale: 1.0 | grad norm: 0.654060 | number of skipped iterations:   0 | number of nan iterations:   0 |
[2026-08-21 16:20:03][INFO] iteration      352/    1000 | consumed samples:        33792 | elapsed time per iteration (ms): 3859.2 | throughput (samples/sec/per_device): 3.109 | learning rate: 1.860001E-05 | global batch size:    96 | action loss: 1.622917E-01 | loss scale: 1.0 | grad norm: 0.610137 | number of skipped iterations:   0 | number of nan iterations:   0 |
[2026-08-21 16:20:07][INFO] iteration      353/    1000 | consumed samples:        33888 | elapsed time per iteration (ms): 3365.8 | throughput (samples/sec/per_device): 3.565 | learning rate: 1.856630E-05 | global batch size:    96 | action loss: 1.718071E-01 | loss scale: 1.0 | grad norm: 0.653334 | number of skipped iterations:   0 | number of nan iterations:   0 |
[2026-08-21 16:20:09][INFO] iteration      354/    1000 | consumed samples:        33984 | elapsed time per iteration (ms): 2852.4 | throughput (samples/sec/per_device): 4.207 | learning rate: 1.853254E-05 | global batch size:    96 | action loss: 1.976881E-01 | loss scale: 1.0 | grad norm: 0.738485 | number of skipped iterations:   0 | number of nan iterations:   0 |
[2026-08-21 16:20:13][INFO] iteration      355/    1000 | consumed samples:        34080 | elapsed time per iteration (ms): 3174.9 | throughput (samples/sec/per_device): 3.780 | learning rate: 1.849872E-05 | global batch size:    96 | action loss: 1.533224E-01 | loss scale: 1.0 | grad norm: 0.680073 | number of skipped iterations:   0 | number of nan iterations:   0 |
[2026-08-21 16:20:17][INFO] iteration      356/    1000 | consumed samples:        34176 | elapsed time per iteration (ms): 4050.6 | throughput (samples/sec/per_device): 2.963 | learning rate: 1.846484E-05 | global batch size:    96 | action loss: 1.859973E-01 | loss scale: 1.0 | grad norm: 0.632744 | number of skipped iterations:   0 | number of nan iterations:   0 |
[2026-08-21 16:20:19][INFO] iteration      357/    1000 | consumed samples:        34272 | elapsed time per iteration (ms): 2076.9 | throughput (samples/sec/per_device): 5.778 | learning rate: 1.843091E-05 | global batch size:    96 | action loss: 1.773669E-01 | loss scale: 1.0 | grad norm: 0.653871 | number of skipped iterations:   0 | number of nan iterations:   0 |
[2026-08-21 16:20:21][INFO] iteration      358/    1000 | consumed samples:        34368 | elapsed time per iteration (ms): 2396.2 | throughput (samples/sec/per_device): 5.008 | learning rate: 1.839693E-05 | global batch size:    96 | action loss: 1.768505E-01 | loss scale: 1.0 | grad norm: 0.632036 | number of skipped iterations:   0 | number of nan iterations:   0 |
[2026-08-21 16:20:24][INFO] iteration      359/    1000 | consumed samples:        34464 | elapsed time per iteration (ms): 2901.9 | throughput (samples/sec/per_device): 4.135 | learning rate: 1.836289E-05 | global batch size:    96 | action loss: 1.921778E-01 | loss scale: 1.0 | grad norm: 0.732526 | number of skipped iterations:   0 | number of nan iterations:   0 |
[2026-08-21 16:20:28][INFO] iteration      360/    1000 | consumed samples:        34560 | elapsed time per iteration (ms): 4389.0 | throughput (samples/sec/per_device): 2.734 | learning rate: 1.832880E-05 | global batch size:    96 | action loss: 1.748719E-01 | loss scale: 1.0 | grad norm: 0.689288 | number of skipped iterations:   0 | number of nan iterations:   0 |
[2026-08-21 16:20:28][INFO] max time across ranks (ms):
    forward-backward................................: 4259.06
    forward-compute.................................: 1555.92
    backward-compute................................: 3980.92
    batch-generator.................................: 1.56
    nan-grad-cleanup................................: 13.27
    grad-clip.......................................: 32.44
    optimizer.......................................: 84.41
    optimizer-inner-step............................: 84.30
    optimizer-scheduler-step........................: 0.07
    optimizer-zero-grad.............................: 0.81
[2026-08-21 16:20:31][INFO] iteration      361/    1000 | consumed samples:        34656 | elapsed time per iteration (ms): 2489.1 | throughput (samples/sec/per_device): 4.821 | learning rate: 1.829465E-05 | global batch size:    96 | action loss: 1.832309E-01 | loss scale: 1.0 | grad norm: 0.686529 | number of skipped iterations:   0 | number of nan iterations:   0 |
[2026-08-21 16:20:35][INFO] iteration      362/    1000 | consumed samples:        34752 | elapsed time per iteration (ms): 4472.3 | throughput (samples/sec/per_device): 2.683 | learning rate: 1.826045E-05 | global batch size:    96 | action loss: 1.682322E-01 | loss scale: 1.0 | grad norm: 0.674880 | number of skipped iterations:   0 | number of nan iterations:   0 |
[2026-08-21 16:20:40][INFO] iteration      363/    1000 | consumed samples:        34848 | elapsed time per iteration (ms): 4306.0 | throughput (samples/sec/per_device): 2.787 | learning rate: 1.822620E-05 | global batch size:    96 | action loss: 1.768911E-01 | loss scale: 1.0 | grad norm: 0.617132 | number of skipped iterations:   0 | number of nan iterations:   0 |
[2026-08-21 16:20:42][INFO] iteration      364/    1000 | consumed samples:        34944 | elapsed time per iteration (ms): 2437.6 | throughput (samples/sec/per_device): 4.923 | learning rate: 1.819190E-05 | global batch size:    96 | action loss: 2.112124E-01 | loss scale: 1.0 | grad norm: 0.632863 | number of skipped iterations:   0 | number of nan iterations:   0 |
[2026-08-21 16:20:45][INFO] iteration      365/    1000 | consumed samples:        35040 | elapsed time per iteration (ms): 2850.0 | throughput (samples/sec/per_device): 4.211 | learning rate: 1.815754E-05 | global batch size:    96 | action loss: 1.649599E-01 | loss scale: 1.0 | grad norm: 0.667351 | number of skipped iterations:   0 | number of nan iterations:   0 |
[2026-08-21 16:20:49][INFO] iteration      366/    1000 | consumed samples:        35136 | elapsed time per iteration (ms): 3917.0 | throughput (samples/sec/per_device): 3.064 | learning rate: 1.812313E-05 | global batch size:    96 | action loss: 1.830923E-01 | loss scale: 1.0 | grad norm: 0.741154 | number of skipped iterations:   0 | number of nan iterations:   0 |
[2026-08-21 16:20:52][INFO] iteration      367/    1000 | consumed samples:        35232 | elapsed time per iteration (ms): 3384.3 | throughput (samples/sec/per_device): 3.546 | learning rate: 1.808867E-05 | global batch size:    96 | action loss: 1.661752E-01 | loss scale: 1.0 | grad norm: 0.780552 | number of skipped iterations:   0 | number of nan iterations:   0 |
[2026-08-21 16:20:54][INFO] iteration      368/    1000 | consumed samples:        35328 | elapsed time per iteration (ms): 2145.0 | throughput (samples/sec/per_device): 5.594 | learning rate: 1.805416E-05 | global batch size:    96 | action loss: 1.696382E-01 | loss scale: 1.0 | grad norm: 0.655537 | number of skipped iterations:   0 | number of nan iterations:   0 |
[2026-08-21 16:20:57][INFO] iteration      369/    1000 | consumed samples:        35424 | elapsed time per iteration (ms): 2720.4 | throughput (samples/sec/per_device): 4.411 | learning rate: 1.801959E-05 | global batch size:    96 | action loss: 1.928699E-01 | loss scale: 1.0 | grad norm: 0.660363 | number of skipped iterations:   0 | number of nan iterations:   0 |
[2026-08-21 16:21:02][INFO] iteration      370/    1000 | consumed samples:        35520 | elapsed time per iteration (ms): 4901.2 | throughput (samples/sec/per_device): 2.448 | learning rate: 1.798498E-05 | global batch size:    96 | action loss: 1.767562E-01 | loss scale: 1.0 | grad norm: 0.616640 | number of skipped iterations:   0 | number of nan iterations:   0 |
[2026-08-21 16:21:05][INFO] iteration      371/    1000 | consumed samples:        35616 | elapsed time per iteration (ms): 2826.6 | throughput (samples/sec/per_device): 4.245 | learning rate: 1.795032E-05 | global batch size:    96 | action loss: 1.662299E-01 | loss scale: 1.0 | grad norm: 0.686404 | number of skipped iterations:   0 | number of nan iterations:   0 |
[2026-08-21 16:21:05][INFO] PowerSGDPlusState restart: iter=270 compressed_iter=250 method=approximate rank=1
[2026-08-21 16:21:13][INFO] iteration      372/    1000 | consumed samples:        35712 | elapsed time per iteration (ms): 8184.4 | throughput (samples/sec/per_device): 1.466 | learning rate: 1.791560E-05 | global batch size:    96 | action loss: 1.703891E-01 | loss scale: 1.0 | grad norm: 0.786480 | number of skipped iterations:   0 | number of nan iterations:   0 |
[2026-08-21 16:21:17][INFO] iteration      373/    1000 | consumed samples:        35808 | elapsed time per iteration (ms): 3556.6 | throughput (samples/sec/per_device): 3.374 | learning rate: 1.788084E-05 | global batch size:    96 | action loss: 1.694397E-01 | loss scale: 1.0 | grad norm: 0.678519 | number of skipped iterations:   0 | number of nan iterations:   0 |
[2026-08-21 16:21:20][INFO] iteration      374/    1000 | consumed samples:        35904 | elapsed time per iteration (ms): 3543.3 | throughput (samples/sec/per_device): 3.387 | learning rate: 1.784603E-05 | global batch size:    96 | action loss: 1.845619E-01 | loss scale: 1.0 | grad norm: 0.622391 | number of skipped iterations:   0 | number of nan iterations:   0 |
[2026-08-21 16:21:24][INFO] iteration      375/    1000 | consumed samples:        36000 | elapsed time per iteration (ms): 4237.5 | throughput (samples/sec/per_device): 2.832 | learning rate: 1.781117E-05 | global batch size:    96 | action loss: 1.484691E-01 | loss scale: 1.0 | grad norm: 0.599881 | number of skipped iterations:   0 | number of nan iterations:   0 |
[2026-08-21 16:21:27][INFO] iteration      376/    1000 | consumed samples:        36096 | elapsed time per iteration (ms): 2370.2 | throughput (samples/sec/per_device): 5.063 | learning rate: 1.777626E-05 | global batch size:    96 | action loss: 1.806685E-01 | loss scale: 1.0 | grad norm: 0.684219 | number of skipped iterations:   0 | number of nan iterations:   0 |
[2026-08-21 16:21:29][INFO] iteration      377/    1000 | consumed samples:        36192 | elapsed time per iteration (ms): 1904.6 | throughput (samples/sec/per_device): 6.301 | learning rate: 1.774130E-05 | global batch size:    96 | action loss: 1.804320E-01 | loss scale: 1.0 | grad norm: 0.676722 | number of skipped iterations:   0 | number of nan iterations:   0 |
[2026-08-21 16:21:31][INFO] iteration      378/    1000 | consumed samples:        36288 | elapsed time per iteration (ms): 2380.1 | throughput (samples/sec/per_device): 5.042 | learning rate: 1.770629E-05 | global batch size:    96 | action loss: 1.700407E-01 | loss scale: 1.0 | grad norm: 0.690063 | number of skipped iterations:   0 | number of nan iterations:   0 |
[2026-08-21 16:21:34][INFO] iteration      379/    1000 | consumed samples:        36384 | elapsed time per iteration (ms): 3160.6 | throughput (samples/sec/per_device): 3.797 | learning rate: 1.767124E-05 | global batch size:    96 | action loss: 1.594310E-01 | loss scale: 1.0 | grad norm: 0.629982 | number of skipped iterations:   0 | number of nan iterations:   0 |
[2026-08-21 16:21:39][INFO] iteration      380/    1000 | consumed samples:        36480 | elapsed time per iteration (ms): 4959.9 | throughput (samples/sec/per_device): 2.419 | learning rate: 1.763614E-05 | global batch size:    96 | action loss: 1.948372E-01 | loss scale: 1.0 | grad norm: 0.603922 | number of skipped iterations:   0 | number of nan iterations:   0 |
[2026-08-21 16:21:39][INFO] max time across ranks (ms):
    forward-backward................................: 4829.06
    forward-compute.................................: 2519.23
    backward-compute................................: 4552.41
    batch-generator.................................: 1.68
    nan-grad-cleanup................................: 13.46
    grad-clip.......................................: 32.28
    optimizer.......................................: 84.46
    optimizer-inner-step............................: 84.36
    optimizer-scheduler-step........................: 0.08
    optimizer-zero-grad.............................: 0.64
[2026-08-21 16:21:42][INFO] iteration      381/    1000 | consumed samples:        36576 | elapsed time per iteration (ms): 2384.2 | throughput (samples/sec/per_device): 5.033 | learning rate: 1.760100E-05 | global batch size:    96 | action loss: 1.720618E-01 | loss scale: 1.0 | grad norm: 0.636949 | number of skipped iterations:   0 | number of nan iterations:   0 |
[2026-08-21 16:21:47][INFO] iteration      382/    1000 | consumed samples:        36672 | elapsed time per iteration (ms): 5627.5 | throughput (samples/sec/per_device): 2.132 | learning rate: 1.756580E-05 | global batch size:    96 | action loss: 1.878796E-01 | loss scale: 1.0 | grad norm: 0.678213 | number of skipped iterations:   0 | number of nan iterations:   0 |
[2026-08-21 16:21:49][INFO] iteration      383/    1000 | consumed samples:        36768 | elapsed time per iteration (ms): 2308.6 | throughput (samples/sec/per_device): 5.198 | learning rate: 1.753056E-05 | global batch size:    96 | action loss: 1.606597E-01 | loss scale: 1.0 | grad norm: 0.667846 | number of skipped iterations:   0 | number of nan iterations:   0 |
[2026-08-21 16:21:52][INFO] iteration      384/    1000 | consumed samples:        36864 | elapsed time per iteration (ms): 2592.7 | throughput (samples/sec/per_device): 4.628 | learning rate: 1.749528E-05 | global batch size:    96 | action loss: 1.686998E-01 | loss scale: 1.0 | grad norm: 0.633908 | number of skipped iterations:   0 | number of nan iterations:   0 |
[2026-08-21 16:21:55][INFO] iteration      385/    1000 | consumed samples:        36960 | elapsed time per iteration (ms): 2770.0 | throughput (samples/sec/per_device): 4.332 | learning rate: 1.745995E-05 | global batch size:    96 | action loss: 1.854569E-01 | loss scale: 1.0 | grad norm: 0.631291 | number of skipped iterations:   0 | number of nan iterations:   0 |
[2026-08-21 16:21:59][INFO] iteration      386/    1000 | consumed samples:        37056 | elapsed time per iteration (ms): 4474.9 | throughput (samples/sec/per_device): 2.682 | learning rate: 1.742457E-05 | global batch size:    96 | action loss: 1.755360E-01 | loss scale: 1.0 | grad norm: 0.623603 | number of skipped iterations:   0 | number of nan iterations:   0 |
[2026-08-21 16:22:02][INFO] iteration      387/    1000 | consumed samples:        37152 | elapsed time per iteration (ms): 2921.6 | throughput (samples/sec/per_device): 4.107 | learning rate: 1.738916E-05 | global batch size:    96 | action loss: 1.597383E-01 | loss scale: 1.0 | grad norm: 0.618503 | number of skipped iterations:   0 | number of nan iterations:   0 |
[2026-08-21 16:22:05][INFO] iteration      388/    1000 | consumed samples:        37248 | elapsed time per iteration (ms): 2501.1 | throughput (samples/sec/per_device): 4.798 | learning rate: 1.735369E-05 | global batch size:    96 | action loss: 1.697782E-01 | loss scale: 1.0 | grad norm: 0.713462 | number of skipped iterations:   0 | number of nan iterations:   0 |
[2026-08-21 16:22:08][INFO] iteration      389/    1000 | consumed samples:        37344 | elapsed time per iteration (ms): 3159.7 | throughput (samples/sec/per_device): 3.798 | learning rate: 1.731819E-05 | global batch size:    96 | action loss: 2.063693E-01 | loss scale: 1.0 | grad norm: 0.666180 | number of skipped iterations:   0 | number of nan iterations:   0 |
[2026-08-21 16:22:12][INFO] iteration      390/    1000 | consumed samples:        37440 | elapsed time per iteration (ms): 3682.9 | throughput (samples/sec/per_device): 3.258 | learning rate: 1.728263E-05 | global batch size:    96 | action loss: 1.647568E-01 | loss scale: 1.0 | grad norm: 0.710495 | number of skipped iterations:   0 | number of nan iterations:   0 |
[2026-08-21 16:22:15][INFO] iteration      391/    1000 | consumed samples:        37536 | elapsed time per iteration (ms): 3216.5 | throughput (samples/sec/per_device): 3.731 | learning rate: 1.724704E-05 | global batch size:    96 | action loss: 1.686063E-01 | loss scale: 1.0 | grad norm: 0.601189 | number of skipped iterations:   0 | number of nan iterations:   0 |
[2026-08-21 16:22:17][INFO] iteration      392/    1000 | consumed samples:        37632 | elapsed time per iteration (ms): 2437.2 | throughput (samples/sec/per_device): 4.924 | learning rate: 1.721140E-05 | global batch size:    96 | action loss: 1.618616E-01 | loss scale: 1.0 | grad norm: 0.631378 | number of skipped iterations:   0 | number of nan iterations:   0 |
[2026-08-21 16:22:22][INFO] iteration      393/    1000 | consumed samples:        37728 | elapsed time per iteration (ms): 4674.5 | throughput (samples/sec/per_device): 2.567 | learning rate: 1.717573E-05 | global batch size:    96 | action loss: 1.758699E-01 | loss scale: 1.0 | grad norm: 0.610734 | number of skipped iterations:   0 | number of nan iterations:   0 |
[2026-08-21 16:22:25][INFO] iteration      394/    1000 | consumed samples:        37824 | elapsed time per iteration (ms): 3119.5 | throughput (samples/sec/per_device): 3.847 | learning rate: 1.714000E-05 | global batch size:    96 | action loss: 1.771769E-01 | loss scale: 1.0 | grad norm: 0.630967 | number of skipped iterations:   0 | number of nan iterations:   0 |
[2026-08-21 16:22:28][INFO] iteration      395/    1000 | consumed samples:        37920 | elapsed time per iteration (ms): 3170.6 | throughput (samples/sec/per_device): 3.785 | learning rate: 1.710424E-05 | global batch size:    96 | action loss: 1.531929E-01 | loss scale: 1.0 | grad norm: 0.675140 | number of skipped iterations:   0 | number of nan iterations:   0 |
[2026-08-21 16:22:32][INFO] iteration      396/    1000 | consumed samples:        38016 | elapsed time per iteration (ms): 4061.4 | throughput (samples/sec/per_device): 2.955 | learning rate: 1.706844E-05 | global batch size:    96 | action loss: 1.711529E-01 | loss scale: 1.0 | grad norm: 0.630156 | number of skipped iterations:   0 | number of nan iterations:   0 |
[2026-08-21 16:22:35][INFO] iteration      397/    1000 | consumed samples:        38112 | elapsed time per iteration (ms): 2250.5 | throughput (samples/sec/per_device): 5.332 | learning rate: 1.703259E-05 | global batch size:    96 | action loss: 1.779758E-01 | loss scale: 1.0 | grad norm: 0.633844 | number of skipped iterations:   0 | number of nan iterations:   0 |
[2026-08-21 16:22:37][INFO] iteration      398/    1000 | consumed samples:        38208 | elapsed time per iteration (ms): 2198.0 | throughput (samples/sec/per_device): 5.460 | learning rate: 1.699671E-05 | global batch size:    96 | action loss: 1.933462E-01 | loss scale: 1.0 | grad norm: 0.735147 | number of skipped iterations:   0 | number of nan iterations:   0 |
[2026-08-21 16:22:43][INFO] iteration      399/    1000 | consumed samples:        38304 | elapsed time per iteration (ms): 5817.4 | throughput (samples/sec/per_device): 2.063 | learning rate: 1.696078E-05 | global batch size:    96 | action loss: 1.924568E-01 | loss scale: 1.0 | grad norm: 0.668389 | number of skipped iterations:   0 | number of nan iterations:   0 |
[2026-08-21 16:22:46][INFO] iteration      400/    1000 | consumed samples:        38400 | elapsed time per iteration (ms): 3444.3 | throughput (samples/sec/per_device): 3.484 | learning rate: 1.692482E-05 | global batch size:    96 | action loss: 1.842175E-01 | loss scale: 1.0 | grad norm: 0.636673 | number of skipped iterations:   0 | number of nan iterations:   0 |
[2026-08-21 16:22:46][INFO] max time across ranks (ms):
    forward-backward................................: 3312.74
    forward-compute.................................: 1515.24
    backward-compute................................: 3034.06
    batch-generator.................................: 1.50
    nan-grad-cleanup................................: 13.64
    grad-clip.......................................: 32.49
    optimizer.......................................: 85.64
    optimizer-inner-step............................: 85.54
    optimizer-scheduler-step........................: 0.09
    optimizer-zero-grad.............................: 0.77
[2026-08-21 16:22:48][INFO] iteration      401/    1000 | consumed samples:        38496 | elapsed time per iteration (ms): 2471.2 | throughput (samples/sec/per_device): 4.856 | learning rate: 1.688881E-05 | global batch size:    96 | action loss: 1.621640E-01 | loss scale: 1.0 | grad norm: 0.583463 | number of skipped iterations:   0 | number of nan iterations:   0 |
[2026-08-21 16:22:51][INFO] iteration      402/    1000 | consumed samples:        38592 | elapsed time per iteration (ms): 2896.8 | throughput (samples/sec/per_device): 4.142 | learning rate: 1.685277E-05 | global batch size:    96 | action loss: 1.787066E-01 | loss scale: 1.0 | grad norm: 0.582694 | number of skipped iterations:   0 | number of nan iterations:   0 |
[2026-08-21 16:22:56][INFO] iteration      403/    1000 | consumed samples:        38688 | elapsed time per iteration (ms): 4721.2 | throughput (samples/sec/per_device): 2.542 | learning rate: 1.681668E-05 | global batch size:    96 | action loss: 1.707505E-01 | loss scale: 1.0 | grad norm: 0.679252 | number of skipped iterations:   0 | number of nan iterations:   0 |
[2026-08-21 16:22:59][INFO] iteration      404/    1000 | consumed samples:        38784 | elapsed time per iteration (ms): 2671.4 | throughput (samples/sec/per_device): 4.492 | learning rate: 1.678056E-05 | global batch size:    96 | action loss: 1.713491E-01 | loss scale: 1.0 | grad norm: 0.624541 | number of skipped iterations:   0 | number of nan iterations:   0 |
[2026-08-21 16:23:01][INFO] iteration      405/    1000 | consumed samples:        38880 | elapsed time per iteration (ms): 2551.6 | throughput (samples/sec/per_device): 4.703 | learning rate: 1.674440E-05 | global batch size:    96 | action loss: 1.595846E-01 | loss scale: 1.0 | grad norm: 0.597607 | number of skipped iterations:   0 | number of nan iterations:   0 |
[2026-08-21 16:23:05][INFO] iteration      406/    1000 | consumed samples:        38976 | elapsed time per iteration (ms): 3778.4 | throughput (samples/sec/per_device): 3.176 | learning rate: 1.670820E-05 | global batch size:    96 | action loss: 1.579202E-01 | loss scale: 1.0 | grad norm: 0.625386 | number of skipped iterations:   0 | number of nan iterations:   0 |
[2026-08-21 16:23:09][INFO] iteration      407/    1000 | consumed samples:        39072 | elapsed time per iteration (ms): 3734.9 | throughput (samples/sec/per_device): 3.213 | learning rate: 1.667197E-05 | global batch size:    96 | action loss: 1.837544E-01 | loss scale: 1.0 | grad norm: 0.605722 | number of skipped iterations:   0 | number of nan iterations:   0 |
[2026-08-21 16:23:12][INFO] iteration      408/    1000 | consumed samples:        39168 | elapsed time per iteration (ms): 2937.2 | throughput (samples/sec/per_device): 4.086 | learning rate: 1.663570E-05 | global batch size:    96 | action loss: 1.689787E-01 | loss scale: 1.0 | grad norm: 0.669782 | number of skipped iterations:   0 | number of nan iterations:   0 |
[2026-08-21 16:23:15][INFO] iteration      409/    1000 | consumed samples:        39264 | elapsed time per iteration (ms): 3489.4 | throughput (samples/sec/per_device): 3.439 | learning rate: 1.659939E-05 | global batch size:    96 | action loss: 1.684892E-01 | loss scale: 1.0 | grad norm: 0.747698 | number of skipped iterations:   0 | number of nan iterations:   0 |
[2026-08-21 16:23:19][INFO] iteration      410/    1000 | consumed samples:        39360 | elapsed time per iteration (ms): 3234.0 | throughput (samples/sec/per_device): 3.711 | learning rate: 1.656304E-05 | global batch size:    96 | action loss: 1.714945E-01 | loss scale: 1.0 | grad norm: 0.631792 | number of skipped iterations:   0 | number of nan iterations:   0 |
[2026-08-21 16:23:22][INFO] iteration      411/    1000 | consumed samples:        39456 | elapsed time per iteration (ms): 3028.9 | throughput (samples/sec/per_device): 3.962 | learning rate: 1.652666E-05 | global batch size:    96 | action loss: 1.641226E-01 | loss scale: 1.0 | grad norm: 0.635662 | number of skipped iterations:   0 | number of nan iterations:   0 |
[2026-08-21 16:23:25][INFO] iteration      412/    1000 | consumed samples:        39552 | elapsed time per iteration (ms): 3506.2 | throughput (samples/sec/per_device): 3.423 | learning rate: 1.649025E-05 | global batch size:    96 | action loss: 1.632477E-01 | loss scale: 1.0 | grad norm: 0.606942 | number of skipped iterations:   0 | number of nan iterations:   0 |
[2026-08-21 16:23:29][INFO] iteration      413/    1000 | consumed samples:        39648 | elapsed time per iteration (ms): 4418.5 | throughput (samples/sec/per_device): 2.716 | learning rate: 1.645380E-05 | global batch size:    96 | action loss: 1.669192E-01 | loss scale: 1.0 | grad norm: 0.617189 | number of skipped iterations:   0 | number of nan iterations:   0 |
[2026-08-21 16:23:32][INFO] iteration      414/    1000 | consumed samples:        39744 | elapsed time per iteration (ms): 2452.1 | throughput (samples/sec/per_device): 4.894 | learning rate: 1.641731E-05 | global batch size:    96 | action loss: 1.746363E-01 | loss scale: 1.0 | grad norm: 0.608177 | number of skipped iterations:   0 | number of nan iterations:   0 |
[2026-08-21 16:23:35][INFO] iteration      415/    1000 | consumed samples:        39840 | elapsed time per iteration (ms): 3084.5 | throughput (samples/sec/per_device): 3.890 | learning rate: 1.638079E-05 | global batch size:    96 | action loss: 1.438923E-01 | loss scale: 1.0 | grad norm: 0.595489 | number of skipped iterations:   0 | number of nan iterations:   0 |
[2026-08-21 16:23:39][INFO] iteration      416/    1000 | consumed samples:        39936 | elapsed time per iteration (ms): 3672.8 | throughput (samples/sec/per_device): 3.267 | learning rate: 1.634424E-05 | global batch size:    96 | action loss: 1.516597E-01 | loss scale: 1.0 | grad norm: 0.663883 | number of skipped iterations:   0 | number of nan iterations:   0 |
[2026-08-21 16:23:42][INFO] iteration      417/    1000 | consumed samples:        40032 | elapsed time per iteration (ms): 3351.5 | throughput (samples/sec/per_device): 3.580 | learning rate: 1.630765E-05 | global batch size:    96 | action loss: 1.791052E-01 | loss scale: 1.0 | grad norm: 0.655676 | number of skipped iterations:   0 | number of nan iterations:   0 |
[2026-08-21 16:23:46][INFO] iteration      418/    1000 | consumed samples:        40128 | elapsed time per iteration (ms): 4412.6 | throughput (samples/sec/per_device): 2.720 | learning rate: 1.627103E-05 | global batch size:    96 | action loss: 1.653154E-01 | loss scale: 1.0 | grad norm: 0.593206 | number of skipped iterations:   0 | number of nan iterations:   0 |
[2026-08-21 16:23:50][INFO] iteration      419/    1000 | consumed samples:        40224 | elapsed time per iteration (ms): 3552.4 | throughput (samples/sec/per_device): 3.378 | learning rate: 1.623437E-05 | global batch size:    96 | action loss: 1.590966E-01 | loss scale: 1.0 | grad norm: 0.566864 | number of skipped iterations:   0 | number of nan iterations:   0 |
[2026-08-21 16:23:54][INFO] iteration      420/    1000 | consumed samples:        40320 | elapsed time per iteration (ms): 3665.6 | throughput (samples/sec/per_device): 3.274 | learning rate: 1.619769E-05 | global batch size:    96 | action loss: 1.696384E-01 | loss scale: 1.0 | grad norm: 0.573366 | number of skipped iterations:   0 | number of nan iterations:   0 |
[2026-08-21 16:23:54][INFO] max time across ranks (ms):
    forward-backward................................: 3535.01
    forward-compute.................................: 1723.96
    backward-compute................................: 3255.40
    batch-generator.................................: 1.95
    nan-grad-cleanup................................: 13.51
    grad-clip.......................................: 32.66
    optimizer.......................................: 84.97
    optimizer-inner-step............................: 84.86
    optimizer-scheduler-step........................: 0.09
    optimizer-zero-grad.............................: 0.59
[2026-08-21 16:23:56][INFO] iteration      421/    1000 | consumed samples:        40416 | elapsed time per iteration (ms): 2749.0 | throughput (samples/sec/per_device): 4.365 | learning rate: 1.616097E-05 | global batch size:    96 | action loss: 1.660211E-01 | loss scale: 1.0 | grad norm: 0.595960 | number of skipped iterations:   0 | number of nan iterations:   0 |
[2026-08-21 16:23:57][INFO] PowerSGDPlusState restart: iter=320 compressed_iter=300 method=approximate rank=1
[2026-08-21 16:24:05][INFO] iteration      422/    1000 | consumed samples:        40512 | elapsed time per iteration (ms): 8509.8 | throughput (samples/sec/per_device): 1.410 | learning rate: 1.612422E-05 | global batch size:    96 | action loss: 1.633056E-01 | loss scale: 1.0 | grad norm: 0.659601 | number of skipped iterations:   0 | number of nan iterations:   0 |
[2026-08-21 16:24:08][INFO] iteration      423/    1000 | consumed samples:        40608 | elapsed time per iteration (ms): 3519.8 | throughput (samples/sec/per_device): 3.409 | learning rate: 1.608743E-05 | global batch size:    96 | action loss: 1.635595E-01 | loss scale: 1.0 | grad norm: 0.584311 | number of skipped iterations:   0 | number of nan iterations:   0 |
[2026-08-21 16:24:13][INFO] iteration      424/    1000 | consumed samples:        40704 | elapsed time per iteration (ms): 4470.0 | throughput (samples/sec/per_device): 2.685 | learning rate: 1.605062E-05 | global batch size:    96 | action loss: 1.741533E-01 | loss scale: 1.0 | grad norm: 0.630436 | number of skipped iterations:   0 | number of nan iterations:   0 |
[2026-08-21 16:24:16][INFO] iteration      425/    1000 | consumed samples:        40800 | elapsed time per iteration (ms): 3100.0 | throughput (samples/sec/per_device): 3.871 | learning rate: 1.601378E-05 | global batch size:    96 | action loss: 1.935423E-01 | loss scale: 1.0 | grad norm: 0.691030 | number of skipped iterations:   0 | number of nan iterations:   0 |
[2026-08-21 16:24:19][INFO] iteration      426/    1000 | consumed samples:        40896 | elapsed time per iteration (ms): 2489.4 | throughput (samples/sec/per_device): 4.820 | learning rate: 1.597690E-05 | global batch size:    96 | action loss: 1.753016E-01 | loss scale: 1.0 | grad norm: 0.664307 | number of skipped iterations:   0 | number of nan iterations:   0 |
[2026-08-21 16:24:21][INFO] iteration      427/    1000 | consumed samples:        40992 | elapsed time per iteration (ms): 2270.8 | throughput (samples/sec/per_device): 5.285 | learning rate: 1.594000E-05 | global batch size:    96 | action loss: 1.686660E-01 | loss scale: 1.0 | grad norm: 0.639340 | number of skipped iterations:   0 | number of nan iterations:   0 |
[2026-08-21 16:24:26][INFO] iteration      428/    1000 | consumed samples:        41088 | elapsed time per iteration (ms): 4817.2 | throughput (samples/sec/per_device): 2.491 | learning rate: 1.590306E-05 | global batch size:    96 | action loss: 1.873584E-01 | loss scale: 1.0 | grad norm: 0.590608 | number of skipped iterations:   0 | number of nan iterations:   0 |
[2026-08-21 16:24:28][INFO] iteration      429/    1000 | consumed samples:        41184 | elapsed time per iteration (ms): 2403.2 | throughput (samples/sec/per_device): 4.993 | learning rate: 1.586610E-05 | global batch size:    96 | action loss: 1.869196E-01 | loss scale: 1.0 | grad norm: 0.644378 | number of skipped iterations:   0 | number of nan iterations:   0 |
[2026-08-21 16:24:31][INFO] iteration      430/    1000 | consumed samples:        41280 | elapsed time per iteration (ms): 2824.3 | throughput (samples/sec/per_device): 4.249 | learning rate: 1.582911E-05 | global batch size:    96 | action loss: 1.821391E-01 | loss scale: 1.0 | grad norm: 0.588028 | number of skipped iterations:   0 | number of nan iterations:   0 |
[2026-08-21 16:24:33][INFO] iteration      431/    1000 | consumed samples:        41376 | elapsed time per iteration (ms): 2236.7 | throughput (samples/sec/per_device): 5.365 | learning rate: 1.579209E-05 | global batch size:    96 | action loss: 1.649193E-01 | loss scale: 1.0 | grad norm: 0.581697 | number of skipped iterations:   0 | number of nan iterations:   0 |
[2026-08-21 16:24:38][INFO] iteration      432/    1000 | consumed samples:        41472 | elapsed time per iteration (ms): 4447.4 | throughput (samples/sec/per_device): 2.698 | learning rate: 1.575504E-05 | global batch size:    96 | action loss: 1.769555E-01 | loss scale: 1.0 | grad norm: 0.613063 | number of skipped iterations:   0 | number of nan iterations:   0 |
[2026-08-21 16:24:40][INFO] iteration      433/    1000 | consumed samples:        41568 | elapsed time per iteration (ms): 2719.8 | throughput (samples/sec/per_device): 4.412 | learning rate: 1.571796E-05 | global batch size:    96 | action loss: 1.727885E-01 | loss scale: 1.0 | grad norm: 0.613523 | number of skipped iterations:   0 | number of nan iterations:   0 |
[2026-08-21 16:24:43][INFO] iteration      434/    1000 | consumed samples:        41664 | elapsed time per iteration (ms): 2803.5 | throughput (samples/sec/per_device): 4.280 | learning rate: 1.568086E-05 | global batch size:    96 | action loss: 1.711594E-01 | loss scale: 1.0 | grad norm: 0.650669 | number of skipped iterations:   0 | number of nan iterations:   0 |
[2026-08-21 16:24:50][INFO] iteration      435/    1000 | consumed samples:        41760 | elapsed time per iteration (ms): 6466.8 | throughput (samples/sec/per_device): 1.856 | learning rate: 1.564373E-05 | global batch size:    96 | action loss: 1.750925E-01 | loss scale: 1.0 | grad norm: 0.590914 | number of skipped iterations:   0 | number of nan iterations:   0 |
[2026-08-21 16:24:53][INFO] iteration      436/    1000 | consumed samples:        41856 | elapsed time per iteration (ms): 3169.4 | throughput (samples/sec/per_device): 3.786 | learning rate: 1.560657E-05 | global batch size:    96 | action loss: 1.696958E-01 | loss scale: 1.0 | grad norm: 0.600282 | number of skipped iterations:   0 | number of nan iterations:   0 |
[2026-08-21 16:24:56][INFO] iteration      437/    1000 | consumed samples:        41952 | elapsed time per iteration (ms): 2827.5 | throughput (samples/sec/per_device): 4.244 | learning rate: 1.556939E-05 | global batch size:    96 | action loss: 1.664097E-01 | loss scale: 1.0 | grad norm: 0.605263 | number of skipped iterations:   0 | number of nan iterations:   0 |
[2026-08-21 16:25:00][INFO] iteration      438/    1000 | consumed samples:        42048 | elapsed time per iteration (ms): 4428.3 | throughput (samples/sec/per_device): 2.710 | learning rate: 1.553218E-05 | global batch size:    96 | action loss: 1.738264E-01 | loss scale: 1.0 | grad norm: 0.607954 | number of skipped iterations:   0 | number of nan iterations:   0 |
[2026-08-21 16:25:03][INFO] iteration      439/    1000 | consumed samples:        42144 | elapsed time per iteration (ms): 3178.0 | throughput (samples/sec/per_device): 3.776 | learning rate: 1.549494E-05 | global batch size:    96 | action loss: 1.618078E-01 | loss scale: 1.0 | grad norm: 0.574396 | number of skipped iterations:   0 | number of nan iterations:   0 |
[2026-08-21 16:25:06][INFO] iteration      440/    1000 | consumed samples:        42240 | elapsed time per iteration (ms): 2521.5 | throughput (samples/sec/per_device): 4.759 | learning rate: 1.545768E-05 | global batch size:    96 | action loss: 1.803973E-01 | loss scale: 1.0 | grad norm: 0.609744 | number of skipped iterations:   0 | number of nan iterations:   0 |
[2026-08-21 16:25:06][INFO] max time across ranks (ms):
    forward-backward................................: 2342.86
    forward-compute.................................: 1043.76
    backward-compute................................: 2066.43
    batch-generator.................................: 1.74
    nan-grad-cleanup................................: 13.18
    grad-clip.......................................: 33.10
    optimizer.......................................: 131.11
    optimizer-inner-step............................: 131.00
    optimizer-scheduler-step........................: 0.06
    optimizer-zero-grad.............................: 0.70
[2026-08-21 16:25:10][INFO] iteration      441/    1000 | consumed samples:        42336 | elapsed time per iteration (ms): 3960.7 | throughput (samples/sec/per_device): 3.030 | learning rate: 1.542039E-05 | global batch size:    96 | action loss: 1.777078E-01 | loss scale: 1.0 | grad norm: 0.598431 | number of skipped iterations:   0 | number of nan iterations:   0 |
[2026-08-21 16:25:13][INFO] iteration      442/    1000 | consumed samples:        42432 | elapsed time per iteration (ms): 3741.9 | throughput (samples/sec/per_device): 3.207 | learning rate: 1.538309E-05 | global batch size:    96 | action loss: 1.584272E-01 | loss scale: 1.0 | grad norm: 0.574075 | number of skipped iterations:   0 | number of nan iterations:   0 |
[2026-08-21 16:25:16][INFO] iteration      443/    1000 | consumed samples:        42528 | elapsed time per iteration (ms): 2705.7 | throughput (samples/sec/per_device): 4.435 | learning rate: 1.534575E-05 | global batch size:    96 | action loss: 1.482078E-01 | loss scale: 1.0 | grad norm: 0.553155 | number of skipped iterations:   0 | number of nan iterations:   0 |
[2026-08-21 16:25:18][INFO] iteration      444/    1000 | consumed samples:        42624 | elapsed time per iteration (ms): 2270.9 | throughput (samples/sec/per_device): 5.284 | learning rate: 1.530840E-05 | global batch size:    96 | action loss: 1.837876E-01 | loss scale: 1.0 | grad norm: 0.569303 | number of skipped iterations:   0 | number of nan iterations:   0 |
[2026-08-21 16:25:23][INFO] iteration      445/    1000 | consumed samples:        42720 | elapsed time per iteration (ms): 4482.0 | throughput (samples/sec/per_device): 2.677 | learning rate: 1.527101E-05 | global batch size:    96 | action loss: 1.491823E-01 | loss scale: 1.0 | grad norm: 0.572358 | number of skipped iterations:   0 | number of nan iterations:   0 |
[2026-08-21 16:25:26][INFO] iteration      446/    1000 | consumed samples:        42816 | elapsed time per iteration (ms): 2730.8 | throughput (samples/sec/per_device): 4.394 | learning rate: 1.523361E-05 | global batch size:    96 | action loss: 1.670751E-01 | loss scale: 1.0 | grad norm: 0.591591 | number of skipped iterations:   0 | number of nan iterations:   0 |
[2026-08-21 16:25:28][INFO] iteration      447/    1000 | consumed samples:        42912 | elapsed time per iteration (ms): 2564.3 | throughput (samples/sec/per_device): 4.680 | learning rate: 1.519619E-05 | global batch size:    96 | action loss: 1.640834E-01 | loss scale: 1.0 | grad norm: 0.576679 | number of skipped iterations:   0 | number of nan iterations:   0 |
[2026-08-21 16:25:32][INFO] iteration      448/    1000 | consumed samples:        43008 | elapsed time per iteration (ms): 4187.9 | throughput (samples/sec/per_device): 2.865 | learning rate: 1.515874E-05 | global batch size:    96 | action loss: 1.913145E-01 | loss scale: 1.0 | grad norm: 0.630191 | number of skipped iterations:   0 | number of nan iterations:   0 |
[2026-08-21 16:25:36][INFO] iteration      449/    1000 | consumed samples:        43104 | elapsed time per iteration (ms): 3561.5 | throughput (samples/sec/per_device): 3.369 | learning rate: 1.512127E-05 | global batch size:    96 | action loss: 1.646099E-01 | loss scale: 1.0 | grad norm: 0.609123 | number of skipped iterations:   0 | number of nan iterations:   0 |
[2026-08-21 16:25:39][INFO] iteration      450/    1000 | consumed samples:        43200 | elapsed time per iteration (ms): 2649.8 | throughput (samples/sec/per_device): 4.529 | learning rate: 1.508378E-05 | global batch size:    96 | action loss: 1.609222E-01 | loss scale: 1.0 | grad norm: 0.643097 | number of skipped iterations:   0 | number of nan iterations:   0 |
[2026-08-21 16:25:41][INFO] iteration      451/    1000 | consumed samples:        43296 | elapsed time per iteration (ms): 2146.7 | throughput (samples/sec/per_device): 5.590 | learning rate: 1.504627E-05 | global batch size:    96 | action loss: 1.523021E-01 | loss scale: 1.0 | grad norm: 0.614369 | number of skipped iterations:   0 | number of nan iterations:   0 |
[2026-08-21 16:25:45][INFO] iteration      452/    1000 | consumed samples:        43392 | elapsed time per iteration (ms): 4749.2 | throughput (samples/sec/per_device): 2.527 | learning rate: 1.500873E-05 | global batch size:    96 | action loss: 1.875697E-01 | loss scale: 1.0 | grad norm: 0.621336 | number of skipped iterations:   0 | number of nan iterations:   0 |
[2026-08-21 16:25:48][INFO] iteration      453/    1000 | consumed samples:        43488 | elapsed time per iteration (ms): 2418.3 | throughput (samples/sec/per_device): 4.962 | learning rate: 1.497118E-05 | global batch size:    96 | action loss: 1.856232E-01 | loss scale: 1.0 | grad norm: 0.678150 | number of skipped iterations:   0 | number of nan iterations:   0 |
[2026-08-21 16:25:52][INFO] iteration      454/    1000 | consumed samples:        43584 | elapsed time per iteration (ms): 4580.4 | throughput (samples/sec/per_device): 2.620 | learning rate: 1.493361E-05 | global batch size:    96 | action loss: 1.557409E-01 | loss scale: 1.0 | grad norm: 0.763774 | number of skipped iterations:   0 | number of nan iterations:   0 |
[2026-08-21 16:25:57][INFO] iteration      455/    1000 | consumed samples:        43680 | elapsed time per iteration (ms): 4686.4 | throughput (samples/sec/per_device): 2.561 | learning rate: 1.489602E-05 | global batch size:    96 | action loss: 1.650501E-01 | loss scale: 1.0 | grad norm: 0.701432 | number of skipped iterations:   0 | number of nan iterations:   0 |
[2026-08-21 16:26:00][INFO] iteration      456/    1000 | consumed samples:        43776 | elapsed time per iteration (ms): 2975.9 | throughput (samples/sec/per_device): 4.032 | learning rate: 1.485841E-05 | global batch size:    96 | action loss: 1.826816E-01 | loss scale: 1.0 | grad norm: 0.695819 | number of skipped iterations:   0 | number of nan iterations:   0 |
[2026-08-21 16:26:03][INFO] iteration      457/    1000 | consumed samples:        43872 | elapsed time per iteration (ms): 2917.4 | throughput (samples/sec/per_device): 4.113 | learning rate: 1.482078E-05 | global batch size:    96 | action loss: 1.753756E-01 | loss scale: 1.0 | grad norm: 0.655241 | number of skipped iterations:   0 | number of nan iterations:   0 |
[2026-08-21 16:26:08][INFO] iteration      458/    1000 | consumed samples:        43968 | elapsed time per iteration (ms): 4717.7 | throughput (samples/sec/per_device): 2.544 | learning rate: 1.478313E-05 | global batch size:    96 | action loss: 1.486824E-01 | loss scale: 1.0 | grad norm: 0.649468 | number of skipped iterations:   0 | number of nan iterations:   0 |
[2026-08-21 16:26:10][INFO] iteration      459/    1000 | consumed samples:        44064 | elapsed time per iteration (ms): 2538.2 | throughput (samples/sec/per_device): 4.728 | learning rate: 1.474546E-05 | global batch size:    96 | action loss: 1.849495E-01 | loss scale: 1.0 | grad norm: 0.627029 | number of skipped iterations:   0 | number of nan iterations:   0 |
[2026-08-21 16:26:12][INFO] iteration      460/    1000 | consumed samples:        44160 | elapsed time per iteration (ms): 2027.7 | throughput (samples/sec/per_device): 5.918 | learning rate: 1.470778E-05 | global batch size:    96 | action loss: 1.657993E-01 | loss scale: 1.0 | grad norm: 0.632465 | number of skipped iterations:   0 | number of nan iterations:   0 |
[2026-08-21 16:26:12][INFO] max time across ranks (ms):
    forward-backward................................: 1895.82
    forward-compute.................................: 289.42
    backward-compute................................: 1618.78
    batch-generator.................................: 1.43
    nan-grad-cleanup................................: 13.21
    grad-clip.......................................: 33.34
    optimizer.......................................: 85.07
    optimizer-inner-step............................: 84.97
    optimizer-scheduler-step........................: 0.08
    optimizer-zero-grad.............................: 0.73
[2026-08-21 16:26:14][INFO] iteration      461/    1000 | consumed samples:        44256 | elapsed time per iteration (ms): 2201.6 | throughput (samples/sec/per_device): 5.450 | learning rate: 1.467008E-05 | global batch size:    96 | action loss: 1.465492E-01 | loss scale: 1.0 | grad norm: 0.550495 | number of skipped iterations:   0 | number of nan iterations:   0 |
[2026-08-21 16:26:19][INFO] iteration      462/    1000 | consumed samples:        44352 | elapsed time per iteration (ms): 4415.8 | throughput (samples/sec/per_device): 2.717 | learning rate: 1.463236E-05 | global batch size:    96 | action loss: 1.661623E-01 | loss scale: 1.0 | grad norm: 0.538124 | number of skipped iterations:   0 | number of nan iterations:   0 |
[2026-08-21 16:26:22][INFO] iteration      463/    1000 | consumed samples:        44448 | elapsed time per iteration (ms): 2919.2 | throughput (samples/sec/per_device): 4.111 | learning rate: 1.459463E-05 | global batch size:    96 | action loss: 1.630696E-01 | loss scale: 1.0 | grad norm: 0.565478 | number of skipped iterations:   0 | number of nan iterations:   0 |
[2026-08-21 16:26:25][INFO] iteration      464/    1000 | consumed samples:        44544 | elapsed time per iteration (ms): 3056.2 | throughput (samples/sec/per_device): 3.926 | learning rate: 1.455688E-05 | global batch size:    96 | action loss: 1.591181E-01 | loss scale: 1.0 | grad norm: 0.631213 | number of skipped iterations:   0 | number of nan iterations:   0 |
[2026-08-21 16:26:29][INFO] iteration      465/    1000 | consumed samples:        44640 | elapsed time per iteration (ms): 3921.5 | throughput (samples/sec/per_device): 3.060 | learning rate: 1.451911E-05 | global batch size:    96 | action loss: 1.886282E-01 | loss scale: 1.0 | grad norm: 0.618980 | number of skipped iterations:   0 | number of nan iterations:   0 |
[2026-08-21 16:26:32][INFO] iteration      466/    1000 | consumed samples:        44736 | elapsed time per iteration (ms): 3309.2 | throughput (samples/sec/per_device): 3.626 | learning rate: 1.448133E-05 | global batch size:    96 | action loss: 1.787551E-01 | loss scale: 1.0 | grad norm: 0.656176 | number of skipped iterations:   0 | number of nan iterations:   0 |
[2026-08-21 16:26:35][INFO] iteration      467/    1000 | consumed samples:        44832 | elapsed time per iteration (ms): 3078.9 | throughput (samples/sec/per_device): 3.897 | learning rate: 1.444353E-05 | global batch size:    96 | action loss: 2.175203E-01 | loss scale: 1.0 | grad norm: 0.703874 | number of skipped iterations:   0 | number of nan iterations:   0 |
[2026-08-21 16:26:37][INFO] iteration      468/    1000 | consumed samples:        44928 | elapsed time per iteration (ms): 2232.1 | throughput (samples/sec/per_device): 5.376 | learning rate: 1.440572E-05 | global batch size:    96 | action loss: 1.717976E-01 | loss scale: 1.0 | grad norm: 0.653403 | number of skipped iterations:   0 | number of nan iterations:   0 |
[2026-08-21 16:26:42][INFO] iteration      469/    1000 | consumed samples:        45024 | elapsed time per iteration (ms): 4641.4 | throughput (samples/sec/per_device): 2.585 | learning rate: 1.436790E-05 | global batch size:    96 | action loss: 1.854281E-01 | loss scale: 1.0 | grad norm: 0.669756 | number of skipped iterations:   0 | number of nan iterations:   0 |
[2026-08-21 16:26:45][INFO] iteration      470/    1000 | consumed samples:        45120 | elapsed time per iteration (ms): 2845.7 | throughput (samples/sec/per_device): 4.217 | learning rate: 1.433006E-05 | global batch size:    96 | action loss: 1.525201E-01 | loss scale: 1.0 | grad norm: 0.636134 | number of skipped iterations:   0 | number of nan iterations:   0 |
[2026-08-21 16:26:47][INFO] iteration      471/    1000 | consumed samples:        45216 | elapsed time per iteration (ms): 2369.0 | throughput (samples/sec/per_device): 5.065 | learning rate: 1.429221E-05 | global batch size:    96 | action loss: 1.848596E-01 | loss scale: 1.0 | grad norm: 0.590667 | number of skipped iterations:   0 | number of nan iterations:   0 |
[2026-08-21 16:26:48][INFO] PowerSGDPlusState restart: iter=370 compressed_iter=350 method=approximate rank=1
[2026-08-21 16:26:57][INFO] iteration      472/    1000 | consumed samples:        45312 | elapsed time per iteration (ms): 9693.4 | throughput (samples/sec/per_device): 1.238 | learning rate: 1.425434E-05 | global batch size:    96 | action loss: 1.859224E-01 | loss scale: 1.0 | grad norm: 0.705072 | number of skipped iterations:   0 | number of nan iterations:   0 |
[2026-08-21 16:27:00][INFO] iteration      473/    1000 | consumed samples:        45408 | elapsed time per iteration (ms): 3522.4 | throughput (samples/sec/per_device): 3.407 | learning rate: 1.421646E-05 | global batch size:    96 | action loss: 1.437084E-01 | loss scale: 1.0 | grad norm: 0.595110 | number of skipped iterations:   0 | number of nan iterations:   0 |
[2026-08-21 16:27:06][INFO] iteration      474/    1000 | consumed samples:        45504 | elapsed time per iteration (ms): 5722.5 | throughput (samples/sec/per_device): 2.097 | learning rate: 1.417857E-05 | global batch size:    96 | action loss: 1.578707E-01 | loss scale: 1.0 | grad norm: 0.616320 | number of skipped iterations:   0 | number of nan iterations:   0 |
[2026-08-21 16:27:08][INFO] iteration      475/    1000 | consumed samples:        45600 | elapsed time per iteration (ms): 2088.0 | throughput (samples/sec/per_device): 5.747 | learning rate: 1.414067E-05 | global batch size:    96 | action loss: 1.798073E-01 | loss scale: 1.0 | grad norm: 0.628614 | number of skipped iterations:   0 | number of nan iterations:   0 |
[2026-08-21 16:27:11][INFO] iteration      476/    1000 | consumed samples:        45696 | elapsed time per iteration (ms): 2337.9 | throughput (samples/sec/per_device): 5.133 | learning rate: 1.410276E-05 | global batch size:    96 | action loss: 1.701217E-01 | loss scale: 1.0 | grad norm: 0.583668 | number of skipped iterations:   0 | number of nan iterations:   0 |
[2026-08-21 16:27:15][INFO] iteration      477/    1000 | consumed samples:        45792 | elapsed time per iteration (ms): 4401.0 | throughput (samples/sec/per_device): 2.727 | learning rate: 1.406484E-05 | global batch size:    96 | action loss: 1.736229E-01 | loss scale: 1.0 | grad norm: 0.577450 | number of skipped iterations:   0 | number of nan iterations:   0 |
[2026-08-21 16:27:17][INFO] iteration      478/    1000 | consumed samples:        45888 | elapsed time per iteration (ms): 2400.2 | throughput (samples/sec/per_device): 4.999 | learning rate: 1.402690E-05 | global batch size:    96 | action loss: 1.988978E-01 | loss scale: 1.0 | grad norm: 0.606075 | number of skipped iterations:   0 | number of nan iterations:   0 |
[2026-08-21 16:27:19][INFO] iteration      479/    1000 | consumed samples:        45984 | elapsed time per iteration (ms): 1607.7 | throughput (samples/sec/per_device): 7.464 | learning rate: 1.398895E-05 | global batch size:    96 | action loss: 1.626854E-01 | loss scale: 1.0 | grad norm: 0.610641 | number of skipped iterations:   0 | number of nan iterations:   0 |
[2026-08-21 16:27:21][INFO] iteration      480/    1000 | consumed samples:        46080 | elapsed time per iteration (ms): 1801.6 | throughput (samples/sec/per_device): 6.661 | learning rate: 1.395100E-05 | global batch size:    96 | action loss: 1.753798E-01 | loss scale: 1.0 | grad norm: 0.596914 | number of skipped iterations:   0 | number of nan iterations:   0 |
[2026-08-21 16:27:21][INFO] max time across ranks (ms):
    forward-backward................................: 1669.68
    forward-compute.................................: 275.76
    backward-compute................................: 1392.30
    batch-generator.................................: 1.44
    nan-grad-cleanup................................: 13.32
    grad-clip.......................................: 33.07
    optimizer.......................................: 84.37
    optimizer-inner-step............................: 84.26
    optimizer-scheduler-step........................: 0.05
    optimizer-zero-grad.............................: 0.91
[2026-08-21 16:27:23][INFO] iteration      481/    1000 | consumed samples:        46176 | elapsed time per iteration (ms): 2289.9 | throughput (samples/sec/per_device): 5.240 | learning rate: 1.391303E-05 | global batch size:    96 | action loss: 1.801879E-01 | loss scale: 1.0 | grad norm: 0.557424 | number of skipped iterations:   0 | number of nan iterations:   0 |
[2026-08-21 16:27:28][INFO] iteration      482/    1000 | consumed samples:        46272 | elapsed time per iteration (ms): 5052.1 | throughput (samples/sec/per_device): 2.375 | learning rate: 1.387506E-05 | global batch size:    96 | action loss: 1.619682E-01 | loss scale: 1.0 | grad norm: 0.563961 | number of skipped iterations:   0 | number of nan iterations:   0 |
[2026-08-21 16:27:31][INFO] iteration      483/    1000 | consumed samples:        46368 | elapsed time per iteration (ms): 2984.1 | throughput (samples/sec/per_device): 4.021 | learning rate: 1.383708E-05 | global batch size:    96 | action loss: 1.655472E-01 | loss scale: 1.0 | grad norm: 0.582610 | number of skipped iterations:   0 | number of nan iterations:   0 |
[2026-08-21 16:27:34][INFO] iteration      484/    1000 | consumed samples:        46464 | elapsed time per iteration (ms): 2703.4 | throughput (samples/sec/per_device): 4.439 | learning rate: 1.379909E-05 | global batch size:    96 | action loss: 1.619947E-01 | loss scale: 1.0 | grad norm: 0.562180 | number of skipped iterations:   0 | number of nan iterations:   0 |
[2026-08-21 16:27:39][INFO] iteration      485/    1000 | consumed samples:        46560 | elapsed time per iteration (ms): 5067.9 | throughput (samples/sec/per_device): 2.368 | learning rate: 1.376109E-05 | global batch size:    96 | action loss: 1.882070E-01 | loss scale: 1.0 | grad norm: 0.582199 | number of skipped iterations:   0 | number of nan iterations:   0 |
[2026-08-21 16:27:42][INFO] iteration      486/    1000 | consumed samples:        46656 | elapsed time per iteration (ms): 2952.3 | throughput (samples/sec/per_device): 4.065 | learning rate: 1.372308E-05 | global batch size:    96 | action loss: 1.665722E-01 | loss scale: 1.0 | grad norm: 0.564061 | number of skipped iterations:   0 | number of nan iterations:   0 |
[2026-08-21 16:27:45][INFO] iteration      487/    1000 | consumed samples:        46752 | elapsed time per iteration (ms): 2958.0 | throughput (samples/sec/per_device): 4.057 | learning rate: 1.368507E-05 | global batch size:    96 | action loss: 1.728070E-01 | loss scale: 1.0 | grad norm: 0.539786 | number of skipped iterations:   0 | number of nan iterations:   0 |
[2026-08-21 16:27:49][INFO] iteration      488/    1000 | consumed samples:        46848 | elapsed time per iteration (ms): 4507.0 | throughput (samples/sec/per_device): 2.663 | learning rate: 1.364704E-05 | global batch size:    96 | action loss: 1.565785E-01 | loss scale: 1.0 | grad norm: 0.662359 | number of skipped iterations:   0 | number of nan iterations:   0 |
[2026-08-21 16:27:51][INFO] iteration      489/    1000 | consumed samples:        46944 | elapsed time per iteration (ms): 1984.8 | throughput (samples/sec/per_device): 6.046 | learning rate: 1.360902E-05 | global batch size:    96 | action loss: 1.528014E-01 | loss scale: 1.0 | grad norm: 0.595082 | number of skipped iterations:   0 | number of nan iterations:   0 |
[2026-08-21 16:27:55][INFO] iteration      490/    1000 | consumed samples:        47040 | elapsed time per iteration (ms): 3166.0 | throughput (samples/sec/per_device): 3.790 | learning rate: 1.357098E-05 | global batch size:    96 | action loss: 1.608489E-01 | loss scale: 1.0 | grad norm: 0.616507 | number of skipped iterations:   0 | number of nan iterations:   0 |
[2026-08-21 16:28:01][INFO] iteration      491/    1000 | consumed samples:        47136 | elapsed time per iteration (ms): 6910.6 | throughput (samples/sec/per_device): 1.736 | learning rate: 1.353294E-05 | global batch size:    96 | action loss: 1.600008E-01 | loss scale: 1.0 | grad norm: 0.674954 | number of skipped iterations:   0 | number of nan iterations:   0 |
[2026-08-21 16:28:04][INFO] iteration      492/    1000 | consumed samples:        47232 | elapsed time per iteration (ms): 2922.1 | throughput (samples/sec/per_device): 4.107 | learning rate: 1.349490E-05 | global batch size:    96 | action loss: 1.525271E-01 | loss scale: 1.0 | grad norm: 0.659666 | number of skipped iterations:   0 | number of nan iterations:   0 |
[2026-08-21 16:28:08][INFO] iteration      493/    1000 | consumed samples:        47328 | elapsed time per iteration (ms): 3331.0 | throughput (samples/sec/per_device): 3.603 | learning rate: 1.345685E-05 | global batch size:    96 | action loss: 1.868086E-01 | loss scale: 1.0 | grad norm: 0.711966 | number of skipped iterations:   0 | number of nan iterations:   0 |
[2026-08-21 16:28:12][INFO] iteration      494/    1000 | consumed samples:        47424 | elapsed time per iteration (ms): 4419.7 | throughput (samples/sec/per_device): 2.715 | learning rate: 1.341879E-05 | global batch size:    96 | action loss: 1.598530E-01 | loss scale: 1.0 | grad norm: 0.594899 | number of skipped iterations:   0 | number of nan iterations:   0 |
[2026-08-21 16:28:15][INFO] iteration      495/    1000 | consumed samples:        47520 | elapsed time per iteration (ms): 2564.9 | throughput (samples/sec/per_device): 4.679 | learning rate: 1.338074E-05 | global batch size:    96 | action loss: 1.732870E-01 | loss scale: 1.0 | grad norm: 0.556233 | number of skipped iterations:   0 | number of nan iterations:   0 |
[2026-08-21 16:28:18][INFO] iteration      496/    1000 | consumed samples:        47616 | elapsed time per iteration (ms): 2834.2 | throughput (samples/sec/per_device): 4.234 | learning rate: 1.334267E-05 | global batch size:    96 | action loss: 1.734406E-01 | loss scale: 1.0 | grad norm: 0.601035 | number of skipped iterations:   0 | number of nan iterations:   0 |
[2026-08-21 16:28:20][INFO] iteration      497/    1000 | consumed samples:        47712 | elapsed time per iteration (ms): 2511.3 | throughput (samples/sec/per_device): 4.778 | learning rate: 1.330461E-05 | global batch size:    96 | action loss: 1.631289E-01 | loss scale: 1.0 | grad norm: 0.590953 | number of skipped iterations:   0 | number of nan iterations:   0 |
[2026-08-21 16:28:25][INFO] iteration      498/    1000 | consumed samples:        47808 | elapsed time per iteration (ms): 4921.4 | throughput (samples/sec/per_device): 2.438 | learning rate: 1.326654E-05 | global batch size:    96 | action loss: 2.067186E-01 | loss scale: 1.0 | grad norm: 0.562174 | number of skipped iterations:   0 | number of nan iterations:   0 |
[2026-08-21 16:28:28][INFO] iteration      499/    1000 | consumed samples:        47904 | elapsed time per iteration (ms): 3024.9 | throughput (samples/sec/per_device): 3.967 | learning rate: 1.322847E-05 | global batch size:    96 | action loss: 1.491920E-01 | loss scale: 1.0 | grad norm: 0.575167 | number of skipped iterations:   0 | number of nan iterations:   0 |
[2026-08-21 16:28:31][INFO] iteration      500/    1000 | consumed samples:        48000 | elapsed time per iteration (ms): 2811.9 | throughput (samples/sec/per_device): 4.268 | learning rate: 1.319039E-05 | global batch size:    96 | action loss: 1.771072E-01 | loss scale: 1.0 | grad norm: 0.559257 | number of skipped iterations:   0 | number of nan iterations:   0 |
[2026-08-21 16:28:31][INFO] max time across ranks (ms):
    forward-backward................................: 2680.68
    forward-compute.................................: 1125.95
    backward-compute................................: 2403.48
    batch-generator.................................: 1.62
    nan-grad-cleanup................................: 13.04
    grad-clip.......................................: 32.67
    optimizer.......................................: 84.84
    optimizer-inner-step............................: 84.73
    optimizer-scheduler-step........................: 0.05
    optimizer-zero-grad.............................: 0.83
[2026-08-21 16:28:35][INFO] iteration      501/    1000 | consumed samples:        48096 | elapsed time per iteration (ms): 4506.7 | throughput (samples/sec/per_device): 2.663 | learning rate: 1.315232E-05 | global batch size:    96 | action loss: 1.702439E-01 | loss scale: 1.0 | grad norm: 0.542701 | number of skipped iterations:   0 | number of nan iterations:   0 |
[2026-08-21 16:28:38][INFO] iteration      502/    1000 | consumed samples:        48192 | elapsed time per iteration (ms): 2504.8 | throughput (samples/sec/per_device): 4.791 | learning rate: 1.311424E-05 | global batch size:    96 | action loss: 1.474498E-01 | loss scale: 1.0 | grad norm: 0.578578 | number of skipped iterations:   0 | number of nan iterations:   0 |
[2026-08-21 16:28:40][INFO] iteration      503/    1000 | consumed samples:        48288 | elapsed time per iteration (ms): 2450.8 | throughput (samples/sec/per_device): 4.896 | learning rate: 1.307616E-05 | global batch size:    96 | action loss: 1.732336E-01 | loss scale: 1.0 | grad norm: 0.614801 | number of skipped iterations:   0 | number of nan iterations:   0 |
[2026-08-21 16:28:43][INFO] iteration      504/    1000 | consumed samples:        48384 | elapsed time per iteration (ms): 2662.4 | throughput (samples/sec/per_device): 4.507 | learning rate: 1.303808E-05 | global batch size:    96 | action loss: 1.435255E-01 | loss scale: 1.0 | grad norm: 0.560353 | number of skipped iterations:   0 | number of nan iterations:   0 |
[2026-08-21 16:28:48][INFO] iteration      505/    1000 | consumed samples:        48480 | elapsed time per iteration (ms): 4876.6 | throughput (samples/sec/per_device): 2.461 | learning rate: 1.300000E-05 | global batch size:    96 | action loss: 1.832118E-01 | loss scale: 1.0 | grad norm: 0.582427 | number of skipped iterations:   0 | number of nan iterations:   0 |
[2026-08-21 16:28:51][INFO] iteration      506/    1000 | consumed samples:        48576 | elapsed time per iteration (ms): 2757.4 | throughput (samples/sec/per_device): 4.352 | learning rate: 1.296192E-05 | global batch size:    96 | action loss: 1.490635E-01 | loss scale: 1.0 | grad norm: 0.542652 | number of skipped iterations:   0 | number of nan iterations:   0 |
[2026-08-21 16:28:53][INFO] iteration      507/    1000 | consumed samples:        48672 | elapsed time per iteration (ms): 2868.9 | throughput (samples/sec/per_device): 4.183 | learning rate: 1.292384E-05 | global batch size:    96 | action loss: 1.691871E-01 | loss scale: 1.0 | grad norm: 0.536354 | number of skipped iterations:   0 | number of nan iterations:   0 |
[2026-08-21 16:28:58][INFO] iteration      508/    1000 | consumed samples:        48768 | elapsed time per iteration (ms): 4569.3 | throughput (samples/sec/per_device): 2.626 | learning rate: 1.288576E-05 | global batch size:    96 | action loss: 1.804318E-01 | loss scale: 1.0 | grad norm: 0.596927 | number of skipped iterations:   0 | number of nan iterations:   0 |
[2026-08-21 16:29:01][INFO] iteration      509/    1000 | consumed samples:        48864 | elapsed time per iteration (ms): 3434.2 | throughput (samples/sec/per_device): 3.494 | learning rate: 1.284768E-05 | global batch size:    96 | action loss: 1.814860E-01 | loss scale: 1.0 | grad norm: 0.729370 | number of skipped iterations:   0 | number of nan iterations:   0 |
[2026-08-21 16:29:05][INFO] iteration      510/    1000 | consumed samples:        48960 | elapsed time per iteration (ms): 3360.2 | throughput (samples/sec/per_device): 3.571 | learning rate: 1.280961E-05 | global batch size:    96 | action loss: 1.492493E-01 | loss scale: 1.0 | grad norm: 0.588071 | number of skipped iterations:   0 | number of nan iterations:   0 |
[2026-08-21 16:29:09][INFO] iteration      511/    1000 | consumed samples:        49056 | elapsed time per iteration (ms): 4298.7 | throughput (samples/sec/per_device): 2.792 | learning rate: 1.277153E-05 | global batch size:    96 | action loss: 1.611105E-01 | loss scale: 1.0 | grad norm: 0.602728 | number of skipped iterations:   0 | number of nan iterations:   0 |
[2026-08-21 16:29:11][INFO] iteration      512/    1000 | consumed samples:        49152 | elapsed time per iteration (ms): 2381.0 | throughput (samples/sec/per_device): 5.040 | learning rate: 1.273346E-05 | global batch size:    96 | action loss: 1.872676E-01 | loss scale: 1.0 | grad norm: 0.595594 | number of skipped iterations:   0 | number of nan iterations:   0 |
[2026-08-21 16:29:14][INFO] iteration      513/    1000 | consumed samples:        49248 | elapsed time per iteration (ms): 2543.9 | throughput (samples/sec/per_device): 4.717 | learning rate: 1.269539E-05 | global batch size:    96 | action loss: 1.703615E-01 | loss scale: 1.0 | grad norm: 0.609812 | number of skipped iterations:   0 | number of nan iterations:   0 |
[2026-08-21 16:29:16][INFO] iteration      514/    1000 | consumed samples:        49344 | elapsed time per iteration (ms): 2433.7 | throughput (samples/sec/per_device): 4.931 | learning rate: 1.265733E-05 | global batch size:    96 | action loss: 1.674498E-01 | loss scale: 1.0 | grad norm: 0.643907 | number of skipped iterations:   0 | number of nan iterations:   0 |
[2026-08-21 16:29:21][INFO] iteration      515/    1000 | consumed samples:        49440 | elapsed time per iteration (ms): 4400.8 | throughput (samples/sec/per_device): 2.727 | learning rate: 1.261926E-05 | global batch size:    96 | action loss: 1.614816E-01 | loss scale: 1.0 | grad norm: 0.705475 | number of skipped iterations:   0 | number of nan iterations:   0 |
[2026-08-21 16:29:23][INFO] iteration      516/    1000 | consumed samples:        49536 | elapsed time per iteration (ms): 2207.7 | throughput (samples/sec/per_device): 5.435 | learning rate: 1.258121E-05 | global batch size:    96 | action loss: 2.077206E-01 | loss scale: 1.0 | grad norm: 0.695600 | number of skipped iterations:   0 | number of nan iterations:   0 |
[2026-08-21 16:29:26][INFO] iteration      517/    1000 | consumed samples:        49632 | elapsed time per iteration (ms): 2685.4 | throughput (samples/sec/per_device): 4.469 | learning rate: 1.254315E-05 | global batch size:    96 | action loss: 1.845756E-01 | loss scale: 1.0 | grad norm: 0.655570 | number of skipped iterations:   0 | number of nan iterations:   0 |
[2026-08-21 16:29:29][INFO] iteration      518/    1000 | consumed samples:        49728 | elapsed time per iteration (ms): 3612.2 | throughput (samples/sec/per_device): 3.322 | learning rate: 1.250510E-05 | global batch size:    96 | action loss: 1.697564E-01 | loss scale: 1.0 | grad norm: 0.646825 | number of skipped iterations:   0 | number of nan iterations:   0 |
[2026-08-21 16:29:33][INFO] iteration      519/    1000 | consumed samples:        49824 | elapsed time per iteration (ms): 3330.2 | throughput (samples/sec/per_device): 3.603 | learning rate: 1.246706E-05 | global batch size:    96 | action loss: 1.609845E-01 | loss scale: 1.0 | grad norm: 0.618658 | number of skipped iterations:   0 | number of nan iterations:   0 |
[2026-08-21 16:29:35][INFO] iteration      520/    1000 | consumed samples:        49920 | elapsed time per iteration (ms): 2624.0 | throughput (samples/sec/per_device): 4.573 | learning rate: 1.242902E-05 | global batch size:    96 | action loss: 1.614454E-01 | loss scale: 1.0 | grad norm: 0.618725 | number of skipped iterations:   0 | number of nan iterations:   0 |
[2026-08-21 16:29:35][INFO] max time across ranks (ms):
    forward-backward................................: 2493.61
    forward-compute.................................: 1055.65
    backward-compute................................: 2216.98
    batch-generator.................................: 2.13
    nan-grad-cleanup................................: 13.06
    grad-clip.......................................: 32.90
    optimizer.......................................: 83.41
    optimizer-inner-step............................: 83.27
    optimizer-scheduler-step........................: 0.05
    optimizer-zero-grad.............................: 0.44
[2026-08-21 16:29:38][INFO] iteration      521/    1000 | consumed samples:        50016 | elapsed time per iteration (ms): 2568.8 | throughput (samples/sec/per_device): 4.672 | learning rate: 1.239098E-05 | global batch size:    96 | action loss: 1.500643E-01 | loss scale: 1.0 | grad norm: 0.612067 | number of skipped iterations:   0 | number of nan iterations:   0 |
[2026-08-21 16:29:38][INFO] PowerSGDPlusState restart: iter=420 compressed_iter=400 method=approximate rank=1
[2026-08-21 16:29:46][INFO] iteration      522/    1000 | consumed samples:        50112 | elapsed time per iteration (ms): 8208.3 | throughput (samples/sec/per_device): 1.462 | learning rate: 1.235296E-05 | global batch size:    96 | action loss: 1.461035E-01 | loss scale: 1.0 | grad norm: 0.648658 | number of skipped iterations:   0 | number of nan iterations:   0 |
[2026-08-21 16:29:50][INFO] iteration      523/    1000 | consumed samples:        50208 | elapsed time per iteration (ms): 3560.8 | throughput (samples/sec/per_device): 3.370 | learning rate: 1.231493E-05 | global batch size:    96 | action loss: 1.900988E-01 | loss scale: 1.0 | grad norm: 0.580777 | number of skipped iterations:   0 | number of nan iterations:   0 |
[2026-08-21 16:29:55][INFO] iteration      524/    1000 | consumed samples:        50304 | elapsed time per iteration (ms): 5437.3 | throughput (samples/sec/per_device): 2.207 | learning rate: 1.227692E-05 | global batch size:    96 | action loss: 1.509073E-01 | loss scale: 1.0 | grad norm: 0.576393 | number of skipped iterations:   0 | number of nan iterations:   0 |
[2026-08-21 16:29:57][INFO] iteration      525/    1000 | consumed samples:        50400 | elapsed time per iteration (ms): 2047.4 | throughput (samples/sec/per_device): 5.861 | learning rate: 1.223891E-05 | global batch size:    96 | action loss: 1.731975E-01 | loss scale: 1.0 | grad norm: 0.598796 | number of skipped iterations:   0 | number of nan iterations:   0 |
[2026-08-21 16:30:00][INFO] iteration      526/    1000 | consumed samples:        50496 | elapsed time per iteration (ms): 2429.9 | throughput (samples/sec/per_device): 4.938 | learning rate: 1.220091E-05 | global batch size:    96 | action loss: 1.586008E-01 | loss scale: 1.0 | grad norm: 0.590292 | number of skipped iterations:   0 | number of nan iterations:   0 |
[2026-08-21 16:30:02][INFO] iteration      527/    1000 | consumed samples:        50592 | elapsed time per iteration (ms): 2197.6 | throughput (samples/sec/per_device): 5.461 | learning rate: 1.216292E-05 | global batch size:    96 | action loss: 1.617413E-01 | loss scale: 1.0 | grad norm: 0.609090 | number of skipped iterations:   0 | number of nan iterations:   0 |
[2026-08-21 16:30:09][INFO] iteration      528/    1000 | consumed samples:        50688 | elapsed time per iteration (ms): 6849.2 | throughput (samples/sec/per_device): 1.752 | learning rate: 1.212494E-05 | global batch size:    96 | action loss: 1.714365E-01 | loss scale: 1.0 | grad norm: 0.589874 | number of skipped iterations:   0 | number of nan iterations:   0 |
[2026-08-21 16:30:11][INFO] iteration      529/    1000 | consumed samples:        50784 | elapsed time per iteration (ms): 2721.0 | throughput (samples/sec/per_device): 4.410 | learning rate: 1.208697E-05 | global batch size:    96 | action loss: 1.721267E-01 | loss scale: 1.0 | grad norm: 0.605005 | number of skipped iterations:   0 | number of nan iterations:   0 |
[2026-08-21 16:30:14][INFO] iteration      530/    1000 | consumed samples:        50880 | elapsed time per iteration (ms): 2504.0 | throughput (samples/sec/per_device): 4.792 | learning rate: 1.204900E-05 | global batch size:    96 | action loss: 2.006177E-01 | loss scale: 1.0 | grad norm: 0.660005 | number of skipped iterations:   0 | number of nan iterations:   0 |
[2026-08-21 16:30:18][INFO] iteration      531/    1000 | consumed samples:        50976 | elapsed time per iteration (ms): 4545.0 | throughput (samples/sec/per_device): 2.640 | learning rate: 1.201105E-05 | global batch size:    96 | action loss: 1.647050E-01 | loss scale: 1.0 | grad norm: 0.674877 | number of skipped iterations:   0 | number of nan iterations:   0 |
[2026-08-21 16:30:21][INFO] iteration      532/    1000 | consumed samples:        51072 | elapsed time per iteration (ms): 2646.8 | throughput (samples/sec/per_device): 4.534 | learning rate: 1.197310E-05 | global batch size:    96 | action loss: 1.890599E-01 | loss scale: 1.0 | grad norm: 0.682916 | number of skipped iterations:   0 | number of nan iterations:   0 |
[2026-08-21 16:30:24][INFO] iteration      533/    1000 | consumed samples:        51168 | elapsed time per iteration (ms): 2440.5 | throughput (samples/sec/per_device): 4.917 | learning rate: 1.193516E-05 | global batch size:    96 | action loss: 1.644104E-01 | loss scale: 1.0 | grad norm: 0.610271 | number of skipped iterations:   0 | number of nan iterations:   0 |
[2026-08-21 16:30:27][INFO] iteration      534/    1000 | consumed samples:        51264 | elapsed time per iteration (ms): 3710.0 | throughput (samples/sec/per_device): 3.235 | learning rate: 1.189724E-05 | global batch size:    96 | action loss: 1.453241E-01 | loss scale: 1.0 | grad norm: 0.593547 | number of skipped iterations:   0 | number of nan iterations:   0 |
[2026-08-21 16:30:30][INFO] iteration      535/    1000 | consumed samples:        51360 | elapsed time per iteration (ms): 3246.3 | throughput (samples/sec/per_device): 3.697 | learning rate: 1.185933E-05 | global batch size:    96 | action loss: 1.621410E-01 | loss scale: 1.0 | grad norm: 0.570990 | number of skipped iterations:   0 | number of nan iterations:   0 |
[2026-08-21 16:30:33][INFO] iteration      536/    1000 | consumed samples:        51456 | elapsed time per iteration (ms): 2732.2 | throughput (samples/sec/per_device): 4.392 | learning rate: 1.182143E-05 | global batch size:    96 | action loss: 1.636402E-01 | loss scale: 1.0 | grad norm: 0.586928 | number of skipped iterations:   0 | number of nan iterations:   0 |
[2026-08-21 16:30:36][INFO] iteration      537/    1000 | consumed samples:        51552 | elapsed time per iteration (ms): 2624.6 | throughput (samples/sec/per_device): 4.572 | learning rate: 1.178354E-05 | global batch size:    96 | action loss: 1.865506E-01 | loss scale: 1.0 | grad norm: 0.608118 | number of skipped iterations:   0 | number of nan iterations:   0 |
[2026-08-21 16:30:41][INFO] iteration      538/    1000 | consumed samples:        51648 | elapsed time per iteration (ms): 5330.4 | throughput (samples/sec/per_device): 2.251 | learning rate: 1.174566E-05 | global batch size:    96 | action loss: 1.660327E-01 | loss scale: 1.0 | grad norm: 0.622835 | number of skipped iterations:   0 | number of nan iterations:   0 |
[2026-08-21 16:30:44][INFO] iteration      539/    1000 | consumed samples:        51744 | elapsed time per iteration (ms): 2622.6 | throughput (samples/sec/per_device): 4.576 | learning rate: 1.170779E-05 | global batch size:    96 | action loss: 1.653659E-01 | loss scale: 1.0 | grad norm: 0.626060 | number of skipped iterations:   0 | number of nan iterations:   0 |
[2026-08-21 16:30:46][INFO] iteration      540/    1000 | consumed samples:        51840 | elapsed time per iteration (ms): 2243.0 | throughput (samples/sec/per_device): 5.350 | learning rate: 1.166994E-05 | global batch size:    96 | action loss: 1.631797E-01 | loss scale: 1.0 | grad norm: 0.596966 | number of skipped iterations:   0 | number of nan iterations:   0 |
[2026-08-21 16:30:46][INFO] max time across ranks (ms):
    forward-backward................................: 2100.32
    forward-compute.................................: 276.01
    backward-compute................................: 1822.99
    batch-generator.................................: 1.60
    nan-grad-cleanup................................: 15.05
    grad-clip.......................................: 40.03
    optimizer.......................................: 96.71
    optimizer-inner-step............................: 96.61
    optimizer-scheduler-step........................: 0.06
    optimizer-zero-grad.............................: 0.72
[2026-08-21 16:30:50][INFO] iteration      541/    1000 | consumed samples:        51936 | elapsed time per iteration (ms): 4173.0 | throughput (samples/sec/per_device): 2.876 | learning rate: 1.163210E-05 | global batch size:    96 | action loss: 1.527699E-01 | loss scale: 1.0 | grad norm: 0.568229 | number of skipped iterations:   0 | number of nan iterations:   0 |
[2026-08-21 16:30:53][INFO] iteration      542/    1000 | consumed samples:        52032 | elapsed time per iteration (ms): 3295.1 | throughput (samples/sec/per_device): 3.642 | learning rate: 1.159428E-05 | global batch size:    96 | action loss: 1.704795E-01 | loss scale: 1.0 | grad norm: 0.574011 | number of skipped iterations:   0 | number of nan iterations:   0 |
[2026-08-21 16:30:56][INFO] iteration      543/    1000 | consumed samples:        52128 | elapsed time per iteration (ms): 2965.0 | throughput (samples/sec/per_device): 4.047 | learning rate: 1.155647E-05 | global batch size:    96 | action loss: 1.568312E-01 | loss scale: 1.0 | grad norm: 0.560145 | number of skipped iterations:   0 | number of nan iterations:   0 |
[2026-08-21 16:30:59][INFO] iteration      544/    1000 | consumed samples:        52224 | elapsed time per iteration (ms): 2856.6 | throughput (samples/sec/per_device): 4.201 | learning rate: 1.151867E-05 | global batch size:    96 | action loss: 1.628716E-01 | loss scale: 1.0 | grad norm: 0.600757 | number of skipped iterations:   0 | number of nan iterations:   0 |
[2026-08-21 16:31:04][INFO] iteration      545/    1000 | consumed samples:        52320 | elapsed time per iteration (ms): 4474.4 | throughput (samples/sec/per_device): 2.682 | learning rate: 1.148089E-05 | global batch size:    96 | action loss: 1.629185E-01 | loss scale: 1.0 | grad norm: 0.630726 | number of skipped iterations:   0 | number of nan iterations:   0 |
[2026-08-21 16:31:06][INFO] iteration      546/    1000 | consumed samples:        52416 | elapsed time per iteration (ms): 2298.2 | throughput (samples/sec/per_device): 5.221 | learning rate: 1.144312E-05 | global batch size:    96 | action loss: 1.457964E-01 | loss scale: 1.0 | grad norm: 0.568502 | number of skipped iterations:   0 | number of nan iterations:   0 |
[2026-08-21 16:31:10][INFO] iteration      547/    1000 | consumed samples:        52512 | elapsed time per iteration (ms): 4377.0 | throughput (samples/sec/per_device): 2.742 | learning rate: 1.140537E-05 | global batch size:    96 | action loss: 1.741083E-01 | loss scale: 1.0 | grad norm: 0.529919 | number of skipped iterations:   0 | number of nan iterations:   0 |
[2026-08-21 16:31:15][INFO] iteration      548/    1000 | consumed samples:        52608 | elapsed time per iteration (ms): 4819.4 | throughput (samples/sec/per_device): 2.490 | learning rate: 1.136764E-05 | global batch size:    96 | action loss: 1.535381E-01 | loss scale: 1.0 | grad norm: 0.553116 | number of skipped iterations:   0 | number of nan iterations:   0 |
[2026-08-21 16:31:18][INFO] iteration      549/    1000 | consumed samples:        52704 | elapsed time per iteration (ms): 2808.5 | throughput (samples/sec/per_device): 4.273 | learning rate: 1.132992E-05 | global batch size:    96 | action loss: 1.954846E-01 | loss scale: 1.0 | grad norm: 0.616433 | number of skipped iterations:   0 | number of nan iterations:   0 |
[2026-08-21 16:31:21][INFO] iteration      550/    1000 | consumed samples:        52800 | elapsed time per iteration (ms): 3011.1 | throughput (samples/sec/per_device): 3.985 | learning rate: 1.129222E-05 | global batch size:    96 | action loss: 1.541807E-01 | loss scale: 1.0 | grad norm: 0.583737 | number of skipped iterations:   0 | number of nan iterations:   0 |
[2026-08-21 16:31:26][INFO] iteration      551/    1000 | consumed samples:        52896 | elapsed time per iteration (ms): 5327.5 | throughput (samples/sec/per_device): 2.252 | learning rate: 1.125454E-05 | global batch size:    96 | action loss: 1.668624E-01 | loss scale: 1.0 | grad norm: 0.641599 | number of skipped iterations:   0 | number of nan iterations:   0 |
[2026-08-21 16:31:29][INFO] iteration      552/    1000 | consumed samples:        52992 | elapsed time per iteration (ms): 2945.9 | throughput (samples/sec/per_device): 4.073 | learning rate: 1.121687E-05 | global batch size:    96 | action loss: 1.419963E-01 | loss scale: 1.0 | grad norm: 0.641180 | number of skipped iterations:   0 | number of nan iterations:   0 |
[2026-08-21 16:31:32][INFO] iteration      553/    1000 | consumed samples:        53088 | elapsed time per iteration (ms): 3066.5 | throughput (samples/sec/per_device): 3.913 | learning rate: 1.117922E-05 | global batch size:    96 | action loss: 1.545737E-01 | loss scale: 1.0 | grad norm: 0.575982 | number of skipped iterations:   0 | number of nan iterations:   0 |
[2026-08-21 16:31:37][INFO] iteration      554/    1000 | consumed samples:        53184 | elapsed time per iteration (ms): 4688.4 | throughput (samples/sec/per_device): 2.560 | learning rate: 1.114159E-05 | global batch size:    96 | action loss: 1.567010E-01 | loss scale: 1.0 | grad norm: 0.633475 | number of skipped iterations:   0 | number of nan iterations:   0 |
[2026-08-21 16:31:39][INFO] iteration      555/    1000 | consumed samples:        53280 | elapsed time per iteration (ms): 2176.8 | throughput (samples/sec/per_device): 5.513 | learning rate: 1.110398E-05 | global batch size:    96 | action loss: 1.545730E-01 | loss scale: 1.0 | grad norm: 0.615695 | number of skipped iterations:   0 | number of nan iterations:   0 |
[2026-08-21 16:31:42][INFO] iteration      556/    1000 | consumed samples:        53376 | elapsed time per iteration (ms): 3103.1 | throughput (samples/sec/per_device): 3.867 | learning rate: 1.106639E-05 | global batch size:    96 | action loss: 1.425728E-01 | loss scale: 1.0 | grad norm: 0.601754 | number of skipped iterations:   0 | number of nan iterations:   0 |
[2026-08-21 16:31:47][INFO] iteration      557/    1000 | consumed samples:        53472 | elapsed time per iteration (ms): 4321.8 | throughput (samples/sec/per_device): 2.777 | learning rate: 1.102882E-05 | global batch size:    96 | action loss: 1.514917E-01 | loss scale: 1.0 | grad norm: 0.597169 | number of skipped iterations:   0 | number of nan iterations:   0 |
[2026-08-21 16:31:51][INFO] iteration      558/    1000 | consumed samples:        53568 | elapsed time per iteration (ms): 3841.1 | throughput (samples/sec/per_device): 3.124 | learning rate: 1.099127E-05 | global batch size:    96 | action loss: 1.549983E-01 | loss scale: 1.0 | grad norm: 0.599512 | number of skipped iterations:   0 | number of nan iterations:   0 |
[2026-08-21 16:31:54][INFO] iteration      559/    1000 | consumed samples:        53664 | elapsed time per iteration (ms): 2916.4 | throughput (samples/sec/per_device): 4.115 | learning rate: 1.095373E-05 | global batch size:    96 | action loss: 1.614769E-01 | loss scale: 1.0 | grad norm: 0.571398 | number of skipped iterations:   0 | number of nan iterations:   0 |
[2026-08-21 16:31:58][INFO] iteration      560/    1000 | consumed samples:        53760 | elapsed time per iteration (ms): 4255.4 | throughput (samples/sec/per_device): 2.820 | learning rate: 1.091622E-05 | global batch size:    96 | action loss: 1.789292E-01 | loss scale: 1.0 | grad norm: 0.557732 | number of skipped iterations:   0 | number of nan iterations:   0 |
[2026-08-21 16:31:58][INFO] max time across ranks (ms):
    forward-backward................................: 4125.52
    forward-compute.................................: 1049.21
    backward-compute................................: 3845.46
    batch-generator.................................: 1.49
    nan-grad-cleanup................................: 13.63
    grad-clip.......................................: 32.45
    optimizer.......................................: 85.16
    optimizer-inner-step............................: 85.06
    optimizer-scheduler-step........................: 0.08
    optimizer-zero-grad.............................: 0.92
[2026-08-21 16:32:01][INFO] iteration      561/    1000 | consumed samples:        53856 | elapsed time per iteration (ms): 3594.4 | throughput (samples/sec/per_device): 3.339 | learning rate: 1.087873E-05 | global batch size:    96 | action loss: 1.535397E-01 | loss scale: 1.0 | grad norm: 0.566307 | number of skipped iterations:   0 | number of nan iterations:   0 |
[2026-08-21 16:32:04][INFO] iteration      562/    1000 | consumed samples:        53952 | elapsed time per iteration (ms): 3014.5 | throughput (samples/sec/per_device): 3.981 | learning rate: 1.084126E-05 | global batch size:    96 | action loss: 1.485229E-01 | loss scale: 1.0 | grad norm: 0.554491 | number of skipped iterations:   0 | number of nan iterations:   0 |
[2026-08-21 16:32:07][INFO] iteration      563/    1000 | consumed samples:        54048 | elapsed time per iteration (ms): 2813.9 | throughput (samples/sec/per_device): 4.265 | learning rate: 1.080381E-05 | global batch size:    96 | action loss: 1.579318E-01 | loss scale: 1.0 | grad norm: 0.546773 | number of skipped iterations:   0 | number of nan iterations:   0 |
[2026-08-21 16:32:13][INFO] iteration      564/    1000 | consumed samples:        54144 | elapsed time per iteration (ms): 5453.0 | throughput (samples/sec/per_device): 2.201 | learning rate: 1.076639E-05 | global batch size:    96 | action loss: 1.539283E-01 | loss scale: 1.0 | grad norm: 0.546199 | number of skipped iterations:   0 | number of nan iterations:   0 |
[2026-08-21 16:32:16][INFO] iteration      565/    1000 | consumed samples:        54240 | elapsed time per iteration (ms): 3312.0 | throughput (samples/sec/per_device): 3.623 | learning rate: 1.072899E-05 | global batch size:    96 | action loss: 1.833567E-01 | loss scale: 1.0 | grad norm: 0.556106 | number of skipped iterations:   0 | number of nan iterations:   0 |
[2026-08-21 16:32:18][INFO] iteration      566/    1000 | consumed samples:        54336 | elapsed time per iteration (ms): 2438.2 | throughput (samples/sec/per_device): 4.922 | learning rate: 1.069160E-05 | global batch size:    96 | action loss: 1.668850E-01 | loss scale: 1.0 | grad norm: 0.576964 | number of skipped iterations:   0 | number of nan iterations:   0 |
[2026-08-21 16:32:23][INFO] iteration      567/    1000 | consumed samples:        54432 | elapsed time per iteration (ms): 4676.2 | throughput (samples/sec/per_device): 2.566 | learning rate: 1.065425E-05 | global batch size:    96 | action loss: 1.681610E-01 | loss scale: 1.0 | grad norm: 0.635603 | number of skipped iterations:   0 | number of nan iterations:   0 |
[2026-08-21 16:32:26][INFO] iteration      568/    1000 | consumed samples:        54528 | elapsed time per iteration (ms): 3172.5 | throughput (samples/sec/per_device): 3.783 | learning rate: 1.061691E-05 | global batch size:    96 | action loss: 1.581682E-01 | loss scale: 1.0 | grad norm: 0.562118 | number of skipped iterations:   0 | number of nan iterations:   0 |
[2026-08-21 16:32:29][INFO] iteration      569/    1000 | consumed samples:        54624 | elapsed time per iteration (ms): 2923.6 | throughput (samples/sec/per_device): 4.105 | learning rate: 1.057961E-05 | global batch size:    96 | action loss: 1.373500E-01 | loss scale: 1.0 | grad norm: 0.530174 | number of skipped iterations:   0 | number of nan iterations:   0 |
[2026-08-21 16:32:34][INFO] iteration      570/    1000 | consumed samples:        54720 | elapsed time per iteration (ms): 5223.0 | throughput (samples/sec/per_device): 2.298 | learning rate: 1.054232E-05 | global batch size:    96 | action loss: 1.470971E-01 | loss scale: 1.0 | grad norm: 0.557784 | number of skipped iterations:   0 | number of nan iterations:   0 |
[2026-08-21 16:32:37][INFO] iteration      571/    1000 | consumed samples:        54816 | elapsed time per iteration (ms): 2244.7 | throughput (samples/sec/per_device): 5.346 | learning rate: 1.050506E-05 | global batch size:    96 | action loss: 1.601467E-01 | loss scale: 1.0 | grad norm: 0.587534 | number of skipped iterations:   0 | number of nan iterations:   0 |
[2026-08-21 16:32:37][INFO] PowerSGDPlusState restart: iter=470 compressed_iter=450 method=approximate rank=1
[2026-08-21 16:32:45][INFO] iteration      572/    1000 | consumed samples:        54912 | elapsed time per iteration (ms): 8563.3 | throughput (samples/sec/per_device): 1.401 | learning rate: 1.046782E-05 | global batch size:    96 | action loss: 1.747454E-01 | loss scale: 1.0 | grad norm: 0.676731 | number of skipped iterations:   0 | number of nan iterations:   0 |
[2026-08-21 16:32:49][INFO] iteration      573/    1000 | consumed samples:        55008 | elapsed time per iteration (ms): 3536.3 | throughput (samples/sec/per_device): 3.393 | learning rate: 1.043061E-05 | global batch size:    96 | action loss: 1.605348E-01 | loss scale: 1.0 | grad norm: 0.580753 | number of skipped iterations:   0 | number of nan iterations:   0 |
[2026-08-21 16:32:52][INFO] iteration      574/    1000 | consumed samples:        55104 | elapsed time per iteration (ms): 3525.7 | throughput (samples/sec/per_device): 3.404 | learning rate: 1.039343E-05 | global batch size:    96 | action loss: 1.849960E-01 | loss scale: 1.0 | grad norm: 0.621351 | number of skipped iterations:   0 | number of nan iterations:   0 |
[2026-08-21 16:32:57][INFO] iteration      575/    1000 | consumed samples:        55200 | elapsed time per iteration (ms): 4229.2 | throughput (samples/sec/per_device): 2.837 | learning rate: 1.035627E-05 | global batch size:    96 | action loss: 1.577596E-01 | loss scale: 1.0 | grad norm: 0.647530 | number of skipped iterations:   0 | number of nan iterations:   0 |
[2026-08-21 16:32:59][INFO] iteration      576/    1000 | consumed samples:        55296 | elapsed time per iteration (ms): 2496.0 | throughput (samples/sec/per_device): 4.808 | learning rate: 1.031914E-05 | global batch size:    96 | action loss: 1.598890E-01 | loss scale: 1.0 | grad norm: 0.575376 | number of skipped iterations:   0 | number of nan iterations:   0 |
[2026-08-21 16:33:01][INFO] iteration      577/    1000 | consumed samples:        55392 | elapsed time per iteration (ms): 2253.1 | throughput (samples/sec/per_device): 5.326 | learning rate: 1.028204E-05 | global batch size:    96 | action loss: 1.694179E-01 | loss scale: 1.0 | grad norm: 0.558799 | number of skipped iterations:   0 | number of nan iterations:   0 |
[2026-08-21 16:33:04][INFO] iteration      578/    1000 | consumed samples:        55488 | elapsed time per iteration (ms): 2894.1 | throughput (samples/sec/per_device): 4.146 | learning rate: 1.024496E-05 | global batch size:    96 | action loss: 1.525480E-01 | loss scale: 1.0 | grad norm: 0.608616 | number of skipped iterations:   0 | number of nan iterations:   0 |
[2026-08-21 16:33:09][INFO] iteration      579/    1000 | consumed samples:        55584 | elapsed time per iteration (ms): 4603.2 | throughput (samples/sec/per_device): 2.607 | learning rate: 1.020791E-05 | global batch size:    96 | action loss: 1.694786E-01 | loss scale: 1.0 | grad norm: 0.666245 | number of skipped iterations:   0 | number of nan iterations:   0 |
[2026-08-21 16:33:12][INFO] iteration      580/    1000 | consumed samples:        55680 | elapsed time per iteration (ms): 2771.1 | throughput (samples/sec/per_device): 4.330 | learning rate: 1.017089E-05 | global batch size:    96 | action loss: 1.601992E-01 | loss scale: 1.0 | grad norm: 0.704499 | number of skipped iterations:   0 | number of nan iterations:   0 |
[2026-08-21 16:33:12][INFO] max time across ranks (ms):
    forward-backward................................: 2640.15
    forward-compute.................................: 1124.51
    backward-compute................................: 2364.45
    batch-generator.................................: 1.45
    nan-grad-cleanup................................: 13.30
    grad-clip.......................................: 33.26
    optimizer.......................................: 84.34
    optimizer-inner-step............................: 84.23
    optimizer-scheduler-step........................: 0.09
    optimizer-zero-grad.............................: 0.43
[2026-08-21 16:33:14][INFO] iteration      581/    1000 | consumed samples:        55776 | elapsed time per iteration (ms): 2364.7 | throughput (samples/sec/per_device): 5.075 | learning rate: 1.013390E-05 | global batch size:    96 | action loss: 1.690649E-01 | loss scale: 1.0 | grad norm: 0.655216 | number of skipped iterations:   0 | number of nan iterations:   0 |
[2026-08-21 16:33:20][INFO] iteration      582/    1000 | consumed samples:        55872 | elapsed time per iteration (ms): 6377.2 | throughput (samples/sec/per_device): 1.882 | learning rate: 1.009694E-05 | global batch size:    96 | action loss: 2.170300E-01 | loss scale: 1.0 | grad norm: 0.657345 | number of skipped iterations:   0 | number of nan iterations:   0 |
[2026-08-21 16:33:23][INFO] iteration      583/    1000 | consumed samples:        55968 | elapsed time per iteration (ms): 2514.6 | throughput (samples/sec/per_device): 4.772 | learning rate: 1.006000E-05 | global batch size:    96 | action loss: 1.586115E-01 | loss scale: 1.0 | grad norm: 0.579609 | number of skipped iterations:   0 | number of nan iterations:   0 |
[2026-08-21 16:33:26][INFO] iteration      584/    1000 | consumed samples:        56064 | elapsed time per iteration (ms): 2860.6 | throughput (samples/sec/per_device): 4.195 | learning rate: 1.002310E-05 | global batch size:    96 | action loss: 1.594813E-01 | loss scale: 1.0 | grad norm: 0.569554 | number of skipped iterations:   0 | number of nan iterations:   0 |
[2026-08-21 16:33:31][INFO] iteration      585/    1000 | consumed samples:        56160 | elapsed time per iteration (ms): 5110.1 | throughput (samples/sec/per_device): 2.348 | learning rate: 9.986224E-06 | global batch size:    96 | action loss: 1.471550E-01 | loss scale: 1.0 | grad norm: 0.552748 | number of skipped iterations:   0 | number of nan iterations:   0 |
[2026-08-21 16:33:33][INFO] iteration      586/    1000 | consumed samples:        56256 | elapsed time per iteration (ms): 2256.1 | throughput (samples/sec/per_device): 5.319 | learning rate: 9.949380E-06 | global batch size:    96 | action loss: 1.591000E-01 | loss scale: 1.0 | grad norm: 0.585645 | number of skipped iterations:   0 | number of nan iterations:   0 |
[2026-08-21 16:33:35][INFO] iteration      587/    1000 | consumed samples:        56352 | elapsed time per iteration (ms): 2236.5 | throughput (samples/sec/per_device): 5.365 | learning rate: 9.912567E-06 | global batch size:    96 | action loss: 1.834792E-01 | loss scale: 1.0 | grad norm: 0.611750 | number of skipped iterations:   0 | number of nan iterations:   0 |
[2026-08-21 16:33:38][INFO] iteration      588/    1000 | consumed samples:        56448 | elapsed time per iteration (ms): 2861.0 | throughput (samples/sec/per_device): 4.194 | learning rate: 9.875784E-06 | global batch size:    96 | action loss: 2.128387E-01 | loss scale: 1.0 | grad norm: 0.629292 | number of skipped iterations:   0 | number of nan iterations:   0 |
[2026-08-21 16:33:42][INFO] iteration      589/    1000 | consumed samples:        56544 | elapsed time per iteration (ms): 3999.8 | throughput (samples/sec/per_device): 3.000 | learning rate: 9.839033E-06 | global batch size:    96 | action loss: 1.580589E-01 | loss scale: 1.0 | grad norm: 0.633569 | number of skipped iterations:   0 | number of nan iterations:   0 |
[2026-08-21 16:33:45][INFO] iteration      590/    1000 | consumed samples:        56640 | elapsed time per iteration (ms): 2851.2 | throughput (samples/sec/per_device): 4.209 | learning rate: 9.802314E-06 | global batch size:    96 | action loss: 1.482317E-01 | loss scale: 1.0 | grad norm: 0.580056 | number of skipped iterations:   0 | number of nan iterations:   0 |
[2026-08-21 16:33:48][INFO] iteration      591/    1000 | consumed samples:        56736 | elapsed time per iteration (ms): 2729.4 | throughput (samples/sec/per_device): 4.397 | learning rate: 9.765627E-06 | global batch size:    96 | action loss: 1.690764E-01 | loss scale: 1.0 | grad norm: 0.629324 | number of skipped iterations:   0 | number of nan iterations:   0 |
[2026-08-21 16:33:51][INFO] iteration      592/    1000 | consumed samples:        56832 | elapsed time per iteration (ms): 3642.3 | throughput (samples/sec/per_device): 3.295 | learning rate: 9.728973E-06 | global batch size:    96 | action loss: 1.562337E-01 | loss scale: 1.0 | grad norm: 0.610852 | number of skipped iterations:   0 | number of nan iterations:   0 |
[2026-08-21 16:33:55][INFO] iteration      593/    1000 | consumed samples:        56928 | elapsed time per iteration (ms): 3804.5 | throughput (samples/sec/per_device): 3.154 | learning rate: 9.692352E-06 | global batch size:    96 | action loss: 1.621546E-01 | loss scale: 1.0 | grad norm: 0.594195 | number of skipped iterations:   0 | number of nan iterations:   0 |
[2026-08-21 16:33:58][INFO] iteration      594/    1000 | consumed samples:        57024 | elapsed time per iteration (ms): 2916.6 | throughput (samples/sec/per_device): 4.114 | learning rate: 9.655764E-06 | global batch size:    96 | action loss: 1.405193E-01 | loss scale: 1.0 | grad norm: 0.583050 | number of skipped iterations:   0 | number of nan iterations:   0 |
[2026-08-21 16:34:00][INFO] iteration      595/    1000 | consumed samples:        57120 | elapsed time per iteration (ms): 2210.2 | throughput (samples/sec/per_device): 5.429 | learning rate: 9.619209E-06 | global batch size:    96 | action loss: 1.564294E-01 | loss scale: 1.0 | grad norm: 0.558817 | number of skipped iterations:   0 | number of nan iterations:   0 |
[2026-08-21 16:34:05][INFO] iteration      596/    1000 | consumed samples:        57216 | elapsed time per iteration (ms): 4765.7 | throughput (samples/sec/per_device): 2.518 | learning rate: 9.582689E-06 | global batch size:    96 | action loss: 1.652601E-01 | loss scale: 1.0 | grad norm: 0.554965 | number of skipped iterations:   0 | number of nan iterations:   0 |
[2026-08-21 16:34:08][INFO] iteration      597/    1000 | consumed samples:        57312 | elapsed time per iteration (ms): 2555.4 | throughput (samples/sec/per_device): 4.696 | learning rate: 9.546203E-06 | global batch size:    96 | action loss: 1.753944E-01 | loss scale: 1.0 | grad norm: 0.545513 | number of skipped iterations:   0 | number of nan iterations:   0 |
[2026-08-21 16:34:11][INFO] iteration      598/    1000 | consumed samples:        57408 | elapsed time per iteration (ms): 3138.6 | throughput (samples/sec/per_device): 3.823 | learning rate: 9.509752E-06 | global batch size:    96 | action loss: 1.524464E-01 | loss scale: 1.0 | grad norm: 0.525647 | number of skipped iterations:   0 | number of nan iterations:   0 |
[2026-08-21 16:34:16][INFO] iteration      599/    1000 | consumed samples:        57504 | elapsed time per iteration (ms): 4793.4 | throughput (samples/sec/per_device): 2.503 | learning rate: 9.473336E-06 | global batch size:    96 | action loss: 1.632767E-01 | loss scale: 1.0 | grad norm: 0.539202 | number of skipped iterations:   0 | number of nan iterations:   0 |
[2026-08-21 16:34:19][INFO] iteration      600/    1000 | consumed samples:        57600 | elapsed time per iteration (ms): 3319.7 | throughput (samples/sec/per_device): 3.615 | learning rate: 9.436955E-06 | global batch size:    96 | action loss: 1.622771E-01 | loss scale: 1.0 | grad norm: 0.533009 | number of skipped iterations:   0 | number of nan iterations:   0 |
[2026-08-21 16:34:19][INFO] max time across ranks (ms):
    forward-backward................................: 3189.82
    forward-compute.................................: 700.37
    backward-compute................................: 2911.51
    batch-generator.................................: 1.41
    nan-grad-cleanup................................: 13.11
    grad-clip.......................................: 32.39
    optimizer.......................................: 84.32
    optimizer-inner-step............................: 84.23
    optimizer-scheduler-step........................: 0.07
    optimizer-zero-grad.............................: 0.47
[2026-08-21 16:34:22][INFO] iteration      601/    1000 | consumed samples:        57696 | elapsed time per iteration (ms): 3599.6 | throughput (samples/sec/per_device): 3.334 | learning rate: 9.400611E-06 | global batch size:    96 | action loss: 1.583945E-01 | loss scale: 1.0 | grad norm: 0.515509 | number of skipped iterations:   0 | number of nan iterations:   0 |
[2026-08-21 16:34:28][INFO] iteration      602/    1000 | consumed samples:        57792 | elapsed time per iteration (ms): 5358.2 | throughput (samples/sec/per_device): 2.240 | learning rate: 9.364303E-06 | global batch size:    96 | action loss: 1.822438E-01 | loss scale: 1.0 | grad norm: 0.517511 | number of skipped iterations:   0 | number of nan iterations:   0 |
[2026-08-21 16:34:30][INFO] iteration      603/    1000 | consumed samples:        57888 | elapsed time per iteration (ms): 2285.8 | throughput (samples/sec/per_device): 5.250 | learning rate: 9.328031E-06 | global batch size:    96 | action loss: 1.719480E-01 | loss scale: 1.0 | grad norm: 0.563707 | number of skipped iterations:   0 | number of nan iterations:   0 |
[2026-08-21 16:34:32][INFO] iteration      604/    1000 | consumed samples:        57984 | elapsed time per iteration (ms): 2252.6 | throughput (samples/sec/per_device): 5.327 | learning rate: 9.291796E-06 | global batch size:    96 | action loss: 1.634230E-01 | loss scale: 1.0 | grad norm: 0.540187 | number of skipped iterations:   0 | number of nan iterations:   0 |
[2026-08-21 16:34:36][INFO] iteration      605/    1000 | consumed samples:        58080 | elapsed time per iteration (ms): 3573.8 | throughput (samples/sec/per_device): 3.358 | learning rate: 9.255599E-06 | global batch size:    96 | action loss: 1.504879E-01 | loss scale: 1.0 | grad norm: 0.546520 | number of skipped iterations:   0 | number of nan iterations:   0 |
[2026-08-21 16:34:39][INFO] iteration      606/    1000 | consumed samples:        58176 | elapsed time per iteration (ms): 3243.8 | throughput (samples/sec/per_device): 3.699 | learning rate: 9.219439E-06 | global batch size:    96 | action loss: 1.578148E-01 | loss scale: 1.0 | grad norm: 0.559258 | number of skipped iterations:   0 | number of nan iterations:   0 |
[2026-08-21 16:34:42][INFO] iteration      607/    1000 | consumed samples:        58272 | elapsed time per iteration (ms): 3138.8 | throughput (samples/sec/per_device): 3.823 | learning rate: 9.183317E-06 | global batch size:    96 | action loss: 1.557269E-01 | loss scale: 1.0 | grad norm: 0.539678 | number of skipped iterations:   0 | number of nan iterations:   0 |
[2026-08-21 16:34:45][INFO] iteration      608/    1000 | consumed samples:        58368 | elapsed time per iteration (ms): 2672.8 | throughput (samples/sec/per_device): 4.490 | learning rate: 9.147234E-06 | global batch size:    96 | action loss: 1.851394E-01 | loss scale: 1.0 | grad norm: 0.534432 | number of skipped iterations:   0 | number of nan iterations:   0 |
[2026-08-21 16:34:49][INFO] iteration      609/    1000 | consumed samples:        58464 | elapsed time per iteration (ms): 4286.4 | throughput (samples/sec/per_device): 2.800 | learning rate: 9.111190E-06 | global batch size:    96 | action loss: 1.650774E-01 | loss scale: 1.0 | grad norm: 0.573247 | number of skipped iterations:   0 | number of nan iterations:   0 |
[2026-08-21 16:34:51][INFO] iteration      610/    1000 | consumed samples:        58560 | elapsed time per iteration (ms): 1950.4 | throughput (samples/sec/per_device): 6.153 | learning rate: 9.075184E-06 | global batch size:    96 | action loss: 1.944017E-01 | loss scale: 1.0 | grad norm: 0.594357 | number of skipped iterations:   0 | number of nan iterations:   0 |
[2026-08-21 16:34:54][INFO] iteration      611/    1000 | consumed samples:        58656 | elapsed time per iteration (ms): 2299.5 | throughput (samples/sec/per_device): 5.219 | learning rate: 9.039219E-06 | global batch size:    96 | action loss: 1.775770E-01 | loss scale: 1.0 | grad norm: 0.593813 | number of skipped iterations:   0 | number of nan iterations:   0 |
[2026-08-21 16:34:56][INFO] iteration      612/    1000 | consumed samples:        58752 | elapsed time per iteration (ms): 2938.0 | throughput (samples/sec/per_device): 4.084 | learning rate: 9.003293E-06 | global batch size:    96 | action loss: 1.653539E-01 | loss scale: 1.0 | grad norm: 0.561240 | number of skipped iterations:   0 | number of nan iterations:   0 |
[2026-08-21 16:35:01][INFO] iteration      613/    1000 | consumed samples:        58848 | elapsed time per iteration (ms): 4214.4 | throughput (samples/sec/per_device): 2.847 | learning rate: 8.967407E-06 | global batch size:    96 | action loss: 1.521356E-01 | loss scale: 1.0 | grad norm: 0.548171 | number of skipped iterations:   0 | number of nan iterations:   0 |
[2026-08-21 16:35:03][INFO] iteration      614/    1000 | consumed samples:        58944 | elapsed time per iteration (ms): 2013.7 | throughput (samples/sec/per_device): 5.959 | learning rate: 8.931562E-06 | global batch size:    96 | action loss: 1.729336E-01 | loss scale: 1.0 | grad norm: 0.523905 | number of skipped iterations:   0 | number of nan iterations:   0 |
[2026-08-21 16:35:05][INFO] iteration      615/    1000 | consumed samples:        59040 | elapsed time per iteration (ms): 2781.1 | throughput (samples/sec/per_device): 4.315 | learning rate: 8.895758E-06 | global batch size:    96 | action loss: 1.328919E-01 | loss scale: 1.0 | grad norm: 0.524936 | number of skipped iterations:   0 | number of nan iterations:   0 |
[2026-08-21 16:35:08][INFO] iteration      616/    1000 | consumed samples:        59136 | elapsed time per iteration (ms): 2976.4 | throughput (samples/sec/per_device): 4.032 | learning rate: 8.859996E-06 | global batch size:    96 | action loss: 1.754744E-01 | loss scale: 1.0 | grad norm: 0.580947 | number of skipped iterations:   0 | number of nan iterations:   0 |
[2026-08-21 16:35:13][INFO] iteration      617/    1000 | consumed samples:        59232 | elapsed time per iteration (ms): 4566.5 | throughput (samples/sec/per_device): 2.628 | learning rate: 8.824275E-06 | global batch size:    96 | action loss: 1.728431E-01 | loss scale: 1.0 | grad norm: 0.579685 | number of skipped iterations:   0 | number of nan iterations:   0 |
[2026-08-21 16:35:15][INFO] iteration      618/    1000 | consumed samples:        59328 | elapsed time per iteration (ms): 2429.1 | throughput (samples/sec/per_device): 4.940 | learning rate: 8.788596E-06 | global batch size:    96 | action loss: 1.678236E-01 | loss scale: 1.0 | grad norm: 0.553935 | number of skipped iterations:   0 | number of nan iterations:   0 |
[2026-08-21 16:35:18][INFO] iteration      619/    1000 | consumed samples:        59424 | elapsed time per iteration (ms): 2476.9 | throughput (samples/sec/per_device): 4.845 | learning rate: 8.752959E-06 | global batch size:    96 | action loss: 1.464828E-01 | loss scale: 1.0 | grad norm: 0.509927 | number of skipped iterations:   0 | number of nan iterations:   0 |
[2026-08-21 16:35:24][INFO] iteration      620/    1000 | consumed samples:        59520 | elapsed time per iteration (ms): 5853.4 | throughput (samples/sec/per_device): 2.050 | learning rate: 8.717365E-06 | global batch size:    96 | action loss: 1.572804E-01 | loss scale: 1.0 | grad norm: 0.523867 | number of skipped iterations:   0 | number of nan iterations:   0 |
[2026-08-21 16:35:24][INFO] max time across ranks (ms):
    forward-backward................................: 5722.92
    forward-compute.................................: 1033.51
    backward-compute................................: 5444.79
    batch-generator.................................: 1.65
    nan-grad-cleanup................................: 13.20
    grad-clip.......................................: 32.59
    optimizer.......................................: 84.42
    optimizer-inner-step............................: 84.33
    optimizer-scheduler-step........................: 0.08
    optimizer-zero-grad.............................: 0.86
[2026-08-21 16:35:28][INFO] iteration      621/    1000 | consumed samples:        59616 | elapsed time per iteration (ms): 3753.5 | throughput (samples/sec/per_device): 3.197 | learning rate: 8.681815E-06 | global batch size:    96 | action loss: 1.597065E-01 | loss scale: 1.0 | grad norm: 0.535383 | number of skipped iterations:   0 | number of nan iterations:   0 |
[2026-08-21 16:35:29][INFO] PowerSGDPlusState restart: iter=520 compressed_iter=500 method=approximate rank=1
[2026-08-21 16:35:36][INFO] iteration      622/    1000 | consumed samples:        59712 | elapsed time per iteration (ms): 8047.9 | throughput (samples/sec/per_device): 1.491 | learning rate: 8.646308E-06 | global batch size:    96 | action loss: 1.471963E-01 | loss scale: 1.0 | grad norm: 0.647499 | number of skipped iterations:   0 | number of nan iterations:   0 |
[2026-08-21 16:35:39][INFO] iteration      623/    1000 | consumed samples:        59808 | elapsed time per iteration (ms): 3546.1 | throughput (samples/sec/per_device): 3.384 | learning rate: 8.610844E-06 | global batch size:    96 | action loss: 1.381190E-01 | loss scale: 1.0 | grad norm: 0.552665 | number of skipped iterations:   0 | number of nan iterations:   0 |
[2026-08-21 16:35:43][INFO] iteration      624/    1000 | consumed samples:        59904 | elapsed time per iteration (ms): 3511.3 | throughput (samples/sec/per_device): 3.418 | learning rate: 8.575425E-06 | global batch size:    96 | action loss: 1.502002E-01 | loss scale: 1.0 | grad norm: 0.519844 | number of skipped iterations:   0 | number of nan iterations:   0 |
[2026-08-21 16:35:47][INFO] iteration      625/    1000 | consumed samples:        60000 | elapsed time per iteration (ms): 4405.7 | throughput (samples/sec/per_device): 2.724 | learning rate: 8.540051E-06 | global batch size:    96 | action loss: 1.877721E-01 | loss scale: 1.0 | grad norm: 0.573752 | number of skipped iterations:   0 | number of nan iterations:   0 |
[2026-08-21 16:35:49][INFO] iteration      626/    1000 | consumed samples:        60096 | elapsed time per iteration (ms): 2408.7 | throughput (samples/sec/per_device): 4.982 | learning rate: 8.504721E-06 | global batch size:    96 | action loss: 1.893488E-01 | loss scale: 1.0 | grad norm: 0.581303 | number of skipped iterations:   0 | number of nan iterations:   0 |
[2026-08-21 16:35:52][INFO] iteration      627/    1000 | consumed samples:        60192 | elapsed time per iteration (ms): 2175.3 | throughput (samples/sec/per_device): 5.516 | learning rate: 8.469436E-06 | global batch size:    96 | action loss: 1.615739E-01 | loss scale: 1.0 | grad norm: 0.553025 | number of skipped iterations:   0 | number of nan iterations:   0 |
[2026-08-21 16:35:54][INFO] iteration      628/    1000 | consumed samples:        60288 | elapsed time per iteration (ms): 2535.3 | throughput (samples/sec/per_device): 4.733 | learning rate: 8.434198E-06 | global batch size:    96 | action loss: 1.839549E-01 | loss scale: 1.0 | grad norm: 0.552748 | number of skipped iterations:   0 | number of nan iterations:   0 |
[2026-08-21 16:35:58][INFO] iteration      629/    1000 | consumed samples:        60384 | elapsed time per iteration (ms): 3872.1 | throughput (samples/sec/per_device): 3.099 | learning rate: 8.399005E-06 | global batch size:    96 | action loss: 1.607189E-01 | loss scale: 1.0 | grad norm: 0.566639 | number of skipped iterations:   0 | number of nan iterations:   0 |
[2026-08-21 16:36:01][INFO] iteration      630/    1000 | consumed samples:        60480 | elapsed time per iteration (ms): 2452.0 | throughput (samples/sec/per_device): 4.894 | learning rate: 8.363858E-06 | global batch size:    96 | action loss: 1.676425E-01 | loss scale: 1.0 | grad norm: 0.542495 | number of skipped iterations:   0 | number of nan iterations:   0 |
[2026-08-21 16:36:03][INFO] iteration      631/    1000 | consumed samples:        60576 | elapsed time per iteration (ms): 2269.1 | throughput (samples/sec/per_device): 5.289 | learning rate: 8.328759E-06 | global batch size:    96 | action loss: 1.710893E-01 | loss scale: 1.0 | grad norm: 0.532262 | number of skipped iterations:   0 | number of nan iterations:   0 |
[2026-08-21 16:36:06][INFO] iteration      632/    1000 | consumed samples:        60672 | elapsed time per iteration (ms): 2710.1 | throughput (samples/sec/per_device): 4.428 | learning rate: 8.293706E-06 | global batch size:    96 | action loss: 1.887466E-01 | loss scale: 1.0 | grad norm: 0.549820 | number of skipped iterations:   0 | number of nan iterations:   0 |
[2026-08-21 16:36:10][INFO] iteration      633/    1000 | consumed samples:        60768 | elapsed time per iteration (ms): 4093.6 | throughput (samples/sec/per_device): 2.931 | learning rate: 8.258701E-06 | global batch size:    96 | action loss: 1.676633E-01 | loss scale: 1.0 | grad norm: 0.568305 | number of skipped iterations:   0 | number of nan iterations:   0 |
[2026-08-21 16:36:12][INFO] iteration      634/    1000 | consumed samples:        60864 | elapsed time per iteration (ms): 2399.0 | throughput (samples/sec/per_device): 5.002 | learning rate: 8.223743E-06 | global batch size:    96 | action loss: 1.642617E-01 | loss scale: 1.0 | grad norm: 0.536695 | number of skipped iterations:   0 | number of nan iterations:   0 |
[2026-08-21 16:36:14][INFO] iteration      635/    1000 | consumed samples:        60960 | elapsed time per iteration (ms): 2039.5 | throughput (samples/sec/per_device): 5.884 | learning rate: 8.188834E-06 | global batch size:    96 | action loss: 1.610961E-01 | loss scale: 1.0 | grad norm: 0.557413 | number of skipped iterations:   0 | number of nan iterations:   0 |
[2026-08-21 16:36:17][INFO] iteration      636/    1000 | consumed samples:        61056 | elapsed time per iteration (ms): 2468.6 | throughput (samples/sec/per_device): 4.861 | learning rate: 8.153973E-06 | global batch size:    96 | action loss: 1.799443E-01 | loss scale: 1.0 | grad norm: 0.536354 | number of skipped iterations:   0 | number of nan iterations:   0 |
[2026-08-21 16:36:21][INFO] iteration      637/    1000 | consumed samples:        61152 | elapsed time per iteration (ms): 4831.6 | throughput (samples/sec/per_device): 2.484 | learning rate: 8.119160E-06 | global batch size:    96 | action loss: 1.506803E-01 | loss scale: 1.0 | grad norm: 0.563584 | number of skipped iterations:   0 | number of nan iterations:   0 |
[2026-08-21 16:36:24][INFO] iteration      638/    1000 | consumed samples:        61248 | elapsed time per iteration (ms): 3043.0 | throughput (samples/sec/per_device): 3.944 | learning rate: 8.084397E-06 | global batch size:    96 | action loss: 1.785906E-01 | loss scale: 1.0 | grad norm: 0.531982 | number of skipped iterations:   0 | number of nan iterations:   0 |
[2026-08-21 16:36:29][INFO] iteration      639/    1000 | consumed samples:        61344 | elapsed time per iteration (ms): 4894.4 | throughput (samples/sec/per_device): 2.452 | learning rate: 8.049684E-06 | global batch size:    96 | action loss: 1.628907E-01 | loss scale: 1.0 | grad norm: 0.530080 | number of skipped iterations:   0 | number of nan iterations:   0 |
[2026-08-21 16:36:32][INFO] iteration      640/    1000 | consumed samples:        61440 | elapsed time per iteration (ms): 3119.8 | throughput (samples/sec/per_device): 3.846 | learning rate: 8.015020E-06 | global batch size:    96 | action loss: 1.333798E-01 | loss scale: 1.0 | grad norm: 0.532749 | number of skipped iterations:   0 | number of nan iterations:   0 |
[2026-08-21 16:36:32][INFO] max time across ranks (ms):
    forward-backward................................: 2987.47
    forward-compute.................................: 450.48
    backward-compute................................: 2710.05
    batch-generator.................................: 4.76
    nan-grad-cleanup................................: 13.35
    grad-clip.......................................: 33.93
    optimizer.......................................: 85.61
    optimizer-inner-step............................: 85.51
    optimizer-scheduler-step........................: 0.09
    optimizer-zero-grad.............................: 0.45
[2026-08-21 16:36:36][INFO] iteration      641/    1000 | consumed samples:        61536 | elapsed time per iteration (ms): 3114.4 | throughput (samples/sec/per_device): 3.853 | learning rate: 7.980406E-06 | global batch size:    96 | action loss: 1.502606E-01 | loss scale: 1.0 | grad norm: 0.521447 | number of skipped iterations:   0 | number of nan iterations:   0 |
[2026-08-21 16:36:38][INFO] iteration      642/    1000 | consumed samples:        61632 | elapsed time per iteration (ms): 2903.9 | throughput (samples/sec/per_device): 4.132 | learning rate: 7.945843E-06 | global batch size:    96 | action loss: 1.708188E-01 | loss scale: 1.0 | grad norm: 0.521878 | number of skipped iterations:   0 | number of nan iterations:   0 |
[2026-08-21 16:36:43][INFO] iteration      643/    1000 | consumed samples:        61728 | elapsed time per iteration (ms): 5039.1 | throughput (samples/sec/per_device): 2.381 | learning rate: 7.911331E-06 | global batch size:    96 | action loss: 1.564612E-01 | loss scale: 1.0 | grad norm: 0.509931 | number of skipped iterations:   0 | number of nan iterations:   0 |
[2026-08-21 16:36:46][INFO] iteration      644/    1000 | consumed samples:        61824 | elapsed time per iteration (ms): 2538.3 | throughput (samples/sec/per_device): 4.727 | learning rate: 7.876870E-06 | global batch size:    96 | action loss: 1.581312E-01 | loss scale: 1.0 | grad norm: 0.515055 | number of skipped iterations:   0 | number of nan iterations:   0 |
[2026-08-21 16:36:49][INFO] iteration      645/    1000 | consumed samples:        61920 | elapsed time per iteration (ms): 3370.0 | throughput (samples/sec/per_device): 3.561 | learning rate: 7.842461E-06 | global batch size:    96 | action loss: 1.673839E-01 | loss scale: 1.0 | grad norm: 0.542049 | number of skipped iterations:   0 | number of nan iterations:   0 |
[2026-08-21 16:36:54][INFO] iteration      646/    1000 | consumed samples:        62016 | elapsed time per iteration (ms): 4779.4 | throughput (samples/sec/per_device): 2.511 | learning rate: 7.808104E-06 | global batch size:    96 | action loss: 1.805747E-01 | loss scale: 1.0 | grad norm: 0.599131 | number of skipped iterations:   0 | number of nan iterations:   0 |
[2026-08-21 16:36:57][INFO] iteration      647/    1000 | consumed samples:        62112 | elapsed time per iteration (ms): 2756.4 | throughput (samples/sec/per_device): 4.354 | learning rate: 7.773799E-06 | global batch size:    96 | action loss: 1.593718E-01 | loss scale: 1.0 | grad norm: 0.553715 | number of skipped iterations:   0 | number of nan iterations:   0 |
[2026-08-21 16:36:59][INFO] iteration      648/    1000 | consumed samples:        62208 | elapsed time per iteration (ms): 2565.6 | throughput (samples/sec/per_device): 4.677 | learning rate: 7.739546E-06 | global batch size:    96 | action loss: 1.531032E-01 | loss scale: 1.0 | grad norm: 0.528054 | number of skipped iterations:   0 | number of nan iterations:   0 |
[2026-08-21 16:37:03][INFO] iteration      649/    1000 | consumed samples:        62304 | elapsed time per iteration (ms): 3922.6 | throughput (samples/sec/per_device): 3.059 | learning rate: 7.705347E-06 | global batch size:    96 | action loss: 1.515439E-01 | loss scale: 1.0 | grad norm: 0.541149 | number of skipped iterations:   0 | number of nan iterations:   0 |
[2026-08-21 16:37:07][INFO] iteration      650/    1000 | consumed samples:        62400 | elapsed time per iteration (ms): 3522.9 | throughput (samples/sec/per_device): 3.406 | learning rate: 7.671201E-06 | global batch size:    96 | action loss: 1.648641E-01 | loss scale: 1.0 | grad norm: 0.526384 | number of skipped iterations:   0 | number of nan iterations:   0 |
[2026-08-21 16:37:10][INFO] iteration      651/    1000 | consumed samples:        62496 | elapsed time per iteration (ms): 2989.1 | throughput (samples/sec/per_device): 4.015 | learning rate: 7.637108E-06 | global batch size:    96 | action loss: 1.563224E-01 | loss scale: 1.0 | grad norm: 0.540029 | number of skipped iterations:   0 | number of nan iterations:   0 |
[2026-08-21 16:37:12][INFO] iteration      652/    1000 | consumed samples:        62592 | elapsed time per iteration (ms): 2267.6 | throughput (samples/sec/per_device): 5.292 | learning rate: 7.603070E-06 | global batch size:    96 | action loss: 1.637063E-01 | loss scale: 1.0 | grad norm: 0.548147 | number of skipped iterations:   0 | number of nan iterations:   0 |
[2026-08-21 16:37:17][INFO] iteration      653/    1000 | consumed samples:        62688 | elapsed time per iteration (ms): 4326.7 | throughput (samples/sec/per_device): 2.773 | learning rate: 7.569086E-06 | global batch size:    96 | action loss: 1.581813E-01 | loss scale: 1.0 | grad norm: 0.528148 | number of skipped iterations:   0 | number of nan iterations:   0 |
[2026-08-21 16:37:19][INFO] iteration      654/    1000 | consumed samples:        62784 | elapsed time per iteration (ms): 2674.3 | throughput (samples/sec/per_device): 4.487 | learning rate: 7.535156E-06 | global batch size:    96 | action loss: 1.945272E-01 | loss scale: 1.0 | grad norm: 0.549456 | number of skipped iterations:   0 | number of nan iterations:   0 |
[2026-08-21 16:37:21][INFO] iteration      655/    1000 | consumed samples:        62880 | elapsed time per iteration (ms): 2221.5 | throughput (samples/sec/per_device): 5.402 | learning rate: 7.501282E-06 | global batch size:    96 | action loss: 1.518260E-01 | loss scale: 1.0 | grad norm: 0.504463 | number of skipped iterations:   0 | number of nan iterations:   0 |
[2026-08-21 16:37:24][INFO] iteration      656/    1000 | consumed samples:        62976 | elapsed time per iteration (ms): 2889.2 | throughput (samples/sec/per_device): 4.153 | learning rate: 7.467463E-06 | global batch size:    96 | action loss: 2.180833E-01 | loss scale: 1.0 | grad norm: 0.525659 | number of skipped iterations:   0 | number of nan iterations:   0 |
[2026-08-21 16:37:30][INFO] iteration      657/    1000 | consumed samples:        63072 | elapsed time per iteration (ms): 5197.4 | throughput (samples/sec/per_device): 2.309 | learning rate: 7.433699E-06 | global batch size:    96 | action loss: 1.673757E-01 | loss scale: 1.0 | grad norm: 0.530358 | number of skipped iterations:   0 | number of nan iterations:   0 |
[2026-08-21 16:37:33][INFO] iteration      658/    1000 | consumed samples:        63168 | elapsed time per iteration (ms): 3495.3 | throughput (samples/sec/per_device): 3.433 | learning rate: 7.399992E-06 | global batch size:    96 | action loss: 1.426482E-01 | loss scale: 1.0 | grad norm: 0.524219 | number of skipped iterations:   0 | number of nan iterations:   0 |
[2026-08-21 16:37:36][INFO] iteration      659/    1000 | consumed samples:        63264 | elapsed time per iteration (ms): 2874.4 | throughput (samples/sec/per_device): 4.175 | learning rate: 7.366341E-06 | global batch size:    96 | action loss: 1.872160E-01 | loss scale: 1.0 | grad norm: 0.500127 | number of skipped iterations:   0 | number of nan iterations:   0 |
[2026-08-21 16:37:40][INFO] iteration      660/    1000 | consumed samples:        63360 | elapsed time per iteration (ms): 4349.2 | throughput (samples/sec/per_device): 2.759 | learning rate: 7.332747E-06 | global batch size:    96 | action loss: 1.657399E-01 | loss scale: 1.0 | grad norm: 0.501679 | number of skipped iterations:   0 | number of nan iterations:   0 |
[2026-08-21 16:37:40][INFO] max time across ranks (ms):
    forward-backward................................: 4218.63
    forward-compute.................................: 1512.33
    backward-compute................................: 3939.51
    batch-generator.................................: 1.49
    nan-grad-cleanup................................: 13.17
    grad-clip.......................................: 32.30
    optimizer.......................................: 85.96
    optimizer-inner-step............................: 85.87
    optimizer-scheduler-step........................: 0.07
    optimizer-zero-grad.............................: 1.13
[2026-08-21 16:37:43][INFO] iteration      661/    1000 | consumed samples:        63456 | elapsed time per iteration (ms): 2556.6 | throughput (samples/sec/per_device): 4.694 | learning rate: 7.299210E-06 | global batch size:    96 | action loss: 1.612868E-01 | loss scale: 1.0 | grad norm: 0.505347 | number of skipped iterations:   0 | number of nan iterations:   0 |
[2026-08-21 16:37:45][INFO] iteration      662/    1000 | consumed samples:        63552 | elapsed time per iteration (ms): 2629.6 | throughput (samples/sec/per_device): 4.563 | learning rate: 7.265730E-06 | global batch size:    96 | action loss: 1.560188E-01 | loss scale: 1.0 | grad norm: 0.544465 | number of skipped iterations:   0 | number of nan iterations:   0 |
[2026-08-21 16:37:48][INFO] iteration      663/    1000 | consumed samples:        63648 | elapsed time per iteration (ms): 3068.7 | throughput (samples/sec/per_device): 3.910 | learning rate: 7.232308E-06 | global batch size:    96 | action loss: 1.522613E-01 | loss scale: 1.0 | grad norm: 0.578606 | number of skipped iterations:   0 | number of nan iterations:   0 |
[2026-08-21 16:37:52][INFO] iteration      664/    1000 | consumed samples:        63744 | elapsed time per iteration (ms): 3149.3 | throughput (samples/sec/per_device): 3.810 | learning rate: 7.198945E-06 | global batch size:    96 | action loss: 1.518925E-01 | loss scale: 1.0 | grad norm: 0.519353 | number of skipped iterations:   0 | number of nan iterations:   0 |
[2026-08-21 16:37:54][INFO] iteration      665/    1000 | consumed samples:        63840 | elapsed time per iteration (ms): 2492.7 | throughput (samples/sec/per_device): 4.814 | learning rate: 7.165639E-06 | global batch size:    96 | action loss: 1.889748E-01 | loss scale: 1.0 | grad norm: 0.560845 | number of skipped iterations:   0 | number of nan iterations:   0 |
[2026-08-21 16:37:57][INFO] iteration      666/    1000 | consumed samples:        63936 | elapsed time per iteration (ms): 2787.8 | throughput (samples/sec/per_device): 4.304 | learning rate: 7.132392E-06 | global batch size:    96 | action loss: 1.913058E-01 | loss scale: 1.0 | grad norm: 0.572333 | number of skipped iterations:   0 | number of nan iterations:   0 |
[2026-08-21 16:38:02][INFO] iteration      667/    1000 | consumed samples:        64032 | elapsed time per iteration (ms): 4805.5 | throughput (samples/sec/per_device): 2.497 | learning rate: 7.099205E-06 | global batch size:    96 | action loss: 1.873662E-01 | loss scale: 1.0 | grad norm: 0.560094 | number of skipped iterations:   0 | number of nan iterations:   0 |
[2026-08-21 16:38:05][INFO] iteration      668/    1000 | consumed samples:        64128 | elapsed time per iteration (ms): 3030.6 | throughput (samples/sec/per_device): 3.960 | learning rate: 7.066077E-06 | global batch size:    96 | action loss: 1.541904E-01 | loss scale: 1.0 | grad norm: 0.514387 | number of skipped iterations:   0 | number of nan iterations:   0 |
[2026-08-21 16:38:08][INFO] iteration      669/    1000 | consumed samples:        64224 | elapsed time per iteration (ms): 2927.3 | throughput (samples/sec/per_device): 4.099 | learning rate: 7.033008E-06 | global batch size:    96 | action loss: 1.564293E-01 | loss scale: 1.0 | grad norm: 0.519102 | number of skipped iterations:   0 | number of nan iterations:   0 |
[2026-08-21 16:38:10][INFO] iteration      670/    1000 | consumed samples:        64320 | elapsed time per iteration (ms): 2367.9 | throughput (samples/sec/per_device): 5.068 | learning rate: 7.000000E-06 | global batch size:    96 | action loss: 1.597747E-01 | loss scale: 1.0 | grad norm: 0.556621 | number of skipped iterations:   0 | number of nan iterations:   0 |
[2026-08-21 16:38:14][INFO] iteration      671/    1000 | consumed samples:        64416 | elapsed time per iteration (ms): 4039.4 | throughput (samples/sec/per_device): 2.971 | learning rate: 6.967052E-06 | global batch size:    96 | action loss: 1.562541E-01 | loss scale: 1.0 | grad norm: 0.546621 | number of skipped iterations:   0 | number of nan iterations:   0 |
[2026-08-21 16:38:14][INFO] PowerSGDPlusState restart: iter=570 compressed_iter=550 method=approximate rank=1
[2026-08-21 16:38:20][INFO] iteration      672/    1000 | consumed samples:        64512 | elapsed time per iteration (ms): 5753.6 | throughput (samples/sec/per_device): 2.086 | learning rate: 6.934165E-06 | global batch size:    96 | action loss: 1.562450E-01 | loss scale: 1.0 | grad norm: 0.609554 | number of skipped iterations:   0 | number of nan iterations:   0 |
[2026-08-21 16:38:26][INFO] iteration      673/    1000 | consumed samples:        64608 | elapsed time per iteration (ms): 5882.9 | throughput (samples/sec/per_device): 2.040 | learning rate: 6.901339E-06 | global batch size:    96 | action loss: 1.669145E-01 | loss scale: 1.0 | grad norm: 0.547686 | number of skipped iterations:   0 | number of nan iterations:   0 |
[2026-08-21 16:38:29][INFO] iteration      674/    1000 | consumed samples:        64704 | elapsed time per iteration (ms): 3516.6 | throughput (samples/sec/per_device): 3.412 | learning rate: 6.868574E-06 | global batch size:    96 | action loss: 1.596226E-01 | loss scale: 1.0 | grad norm: 0.550381 | number of skipped iterations:   0 | number of nan iterations:   0 |
[2026-08-21 16:38:32][INFO] iteration      675/    1000 | consumed samples:        64800 | elapsed time per iteration (ms): 2919.1 | throughput (samples/sec/per_device): 4.111 | learning rate: 6.835871E-06 | global batch size:    96 | action loss: 1.676252E-01 | loss scale: 1.0 | grad norm: 0.546568 | number of skipped iterations:   0 | number of nan iterations:   0 |
[2026-08-21 16:38:37][INFO] iteration      676/    1000 | consumed samples:        64896 | elapsed time per iteration (ms): 5212.3 | throughput (samples/sec/per_device): 2.302 | learning rate: 6.803230E-06 | global batch size:    96 | action loss: 1.852969E-01 | loss scale: 1.0 | grad norm: 0.558537 | number of skipped iterations:   0 | number of nan iterations:   0 |
[2026-08-21 16:38:39][INFO] iteration      677/    1000 | consumed samples:        64992 | elapsed time per iteration (ms): 1954.3 | throughput (samples/sec/per_device): 6.140 | learning rate: 6.770652E-06 | global batch size:    96 | action loss: 1.879517E-01 | loss scale: 1.0 | grad norm: 0.556693 | number of skipped iterations:   0 | number of nan iterations:   0 |
[2026-08-21 16:38:42][INFO] iteration      678/    1000 | consumed samples:        65088 | elapsed time per iteration (ms): 2468.0 | throughput (samples/sec/per_device): 4.862 | learning rate: 6.738136E-06 | global batch size:    96 | action loss: 1.411138E-01 | loss scale: 1.0 | grad norm: 0.529923 | number of skipped iterations:   0 | number of nan iterations:   0 |
[2026-08-21 16:38:44][INFO] iteration      679/    1000 | consumed samples:        65184 | elapsed time per iteration (ms): 2187.9 | throughput (samples/sec/per_device): 5.485 | learning rate: 6.705684E-06 | global batch size:    96 | action loss: 1.790414E-01 | loss scale: 1.0 | grad norm: 0.537647 | number of skipped iterations:   0 | number of nan iterations:   0 |
[2026-08-21 16:38:48][INFO] iteration      680/    1000 | consumed samples:        65280 | elapsed time per iteration (ms): 4080.9 | throughput (samples/sec/per_device): 2.941 | learning rate: 6.673294E-06 | global batch size:    96 | action loss: 1.828309E-01 | loss scale: 1.0 | grad norm: 0.530044 | number of skipped iterations:   0 | number of nan iterations:   0 |
[2026-08-21 16:38:48][INFO] max time across ranks (ms):
    forward-backward................................: 3952.02
    forward-compute.................................: 277.66
    backward-compute................................: 3672.66
    batch-generator.................................: 1.64
    nan-grad-cleanup................................: 13.14
    grad-clip.......................................: 32.34
    optimizer.......................................: 83.22
    optimizer-inner-step............................: 83.10
    optimizer-scheduler-step........................: 0.06
    optimizer-zero-grad.............................: 0.82
[2026-08-21 16:38:51][INFO] iteration      681/    1000 | consumed samples:        65376 | elapsed time per iteration (ms): 2528.7 | throughput (samples/sec/per_device): 4.745 | learning rate: 6.640969E-06 | global batch size:    96 | action loss: 1.531199E-01 | loss scale: 1.0 | grad norm: 0.537159 | number of skipped iterations:   0 | number of nan iterations:   0 |
[2026-08-21 16:38:54][INFO] iteration      682/    1000 | consumed samples:        65472 | elapsed time per iteration (ms): 2976.8 | throughput (samples/sec/per_device): 4.031 | learning rate: 6.608707E-06 | global batch size:    96 | action loss: 1.535653E-01 | loss scale: 1.0 | grad norm: 0.534510 | number of skipped iterations:   0 | number of nan iterations:   0 |
[2026-08-21 16:38:58][INFO] iteration      683/    1000 | consumed samples:        65568 | elapsed time per iteration (ms): 3906.7 | throughput (samples/sec/per_device): 3.072 | learning rate: 6.576510E-06 | global batch size:    96 | action loss: 1.542919E-01 | loss scale: 1.0 | grad norm: 0.546158 | number of skipped iterations:   0 | number of nan iterations:   0 |
[2026-08-21 16:39:01][INFO] iteration      684/    1000 | consumed samples:        65664 | elapsed time per iteration (ms): 3351.9 | throughput (samples/sec/per_device): 3.580 | learning rate: 6.544378E-06 | global batch size:    96 | action loss: 2.100147E-01 | loss scale: 1.0 | grad norm: 0.572564 | number of skipped iterations:   0 | number of nan iterations:   0 |
[2026-08-21 16:39:04][INFO] iteration      685/    1000 | consumed samples:        65760 | elapsed time per iteration (ms): 2971.5 | throughput (samples/sec/per_device): 4.038 | learning rate: 6.512310E-06 | global batch size:    96 | action loss: 1.675341E-01 | loss scale: 1.0 | grad norm: 0.588406 | number of skipped iterations:   0 | number of nan iterations:   0 |
[2026-08-21 16:39:06][INFO] iteration      686/    1000 | consumed samples:        65856 | elapsed time per iteration (ms): 2614.2 | throughput (samples/sec/per_device): 4.590 | learning rate: 6.480308E-06 | global batch size:    96 | action loss: 1.453998E-01 | loss scale: 1.0 | grad norm: 0.557290 | number of skipped iterations:   0 | number of nan iterations:   0 |
[2026-08-21 16:39:11][INFO] iteration      687/    1000 | consumed samples:        65952 | elapsed time per iteration (ms): 4739.6 | throughput (samples/sec/per_device): 2.532 | learning rate: 6.448372E-06 | global batch size:    96 | action loss: 1.723717E-01 | loss scale: 1.0 | grad norm: 0.525341 | number of skipped iterations:   0 | number of nan iterations:   0 |
[2026-08-21 16:39:14][INFO] iteration      688/    1000 | consumed samples:        66048 | elapsed time per iteration (ms): 2485.1 | throughput (samples/sec/per_device): 4.829 | learning rate: 6.416501E-06 | global batch size:    96 | action loss: 1.610779E-01 | loss scale: 1.0 | grad norm: 0.549985 | number of skipped iterations:   0 | number of nan iterations:   0 |
[2026-08-21 16:39:17][INFO] iteration      689/    1000 | consumed samples:        66144 | elapsed time per iteration (ms): 3485.5 | throughput (samples/sec/per_device): 3.443 | learning rate: 6.384697E-06 | global batch size:    96 | action loss: 1.701437E-01 | loss scale: 1.0 | grad norm: 0.535746 | number of skipped iterations:   0 | number of nan iterations:   0 |
[2026-08-21 16:39:22][INFO] iteration      690/    1000 | consumed samples:        66240 | elapsed time per iteration (ms): 4502.6 | throughput (samples/sec/per_device): 2.665 | learning rate: 6.352959E-06 | global batch size:    96 | action loss: 1.626090E-01 | loss scale: 1.0 | grad norm: 0.530776 | number of skipped iterations:   0 | number of nan iterations:   0 |
[2026-08-21 16:39:25][INFO] iteration      691/    1000 | consumed samples:        66336 | elapsed time per iteration (ms): 3064.3 | throughput (samples/sec/per_device): 3.916 | learning rate: 6.321289E-06 | global batch size:    96 | action loss: 1.475090E-01 | loss scale: 1.0 | grad norm: 0.537537 | number of skipped iterations:   0 | number of nan iterations:   0 |
[2026-08-21 16:39:27][INFO] iteration      692/    1000 | consumed samples:        66432 | elapsed time per iteration (ms): 2749.7 | throughput (samples/sec/per_device): 4.364 | learning rate: 6.289685E-06 | global batch size:    96 | action loss: 1.591189E-01 | loss scale: 1.0 | grad norm: 0.541390 | number of skipped iterations:   0 | number of nan iterations:   0 |
[2026-08-21 16:39:31][INFO] iteration      693/    1000 | consumed samples:        66528 | elapsed time per iteration (ms): 3797.2 | throughput (samples/sec/per_device): 3.160 | learning rate: 6.258149E-06 | global batch size:    96 | action loss: 1.492669E-01 | loss scale: 1.0 | grad norm: 0.531396 | number of skipped iterations:   0 | number of nan iterations:   0 |
[2026-08-21 16:39:35][INFO] iteration      694/    1000 | consumed samples:        66624 | elapsed time per iteration (ms): 3264.4 | throughput (samples/sec/per_device): 3.676 | learning rate: 6.226681E-06 | global batch size:    96 | action loss: 1.710724E-01 | loss scale: 1.0 | grad norm: 0.547097 | number of skipped iterations:   0 | number of nan iterations:   0 |
[2026-08-21 16:39:39][INFO] iteration      695/    1000 | consumed samples:        66720 | elapsed time per iteration (ms): 4652.4 | throughput (samples/sec/per_device): 2.579 | learning rate: 6.195282E-06 | global batch size:    96 | action loss: 1.707249E-01 | loss scale: 1.0 | grad norm: 0.537264 | number of skipped iterations:   0 | number of nan iterations:   0 |
[2026-08-21 16:39:43][INFO] iteration      696/    1000 | consumed samples:        66816 | elapsed time per iteration (ms): 3614.4 | throughput (samples/sec/per_device): 3.320 | learning rate: 6.163950E-06 | global batch size:    96 | action loss: 1.578213E-01 | loss scale: 1.0 | grad norm: 0.542606 | number of skipped iterations:   0 | number of nan iterations:   0 |
[2026-08-21 16:39:46][INFO] iteration      697/    1000 | consumed samples:        66912 | elapsed time per iteration (ms): 3643.6 | throughput (samples/sec/per_device): 3.293 | learning rate: 6.132688E-06 | global batch size:    96 | action loss: 1.474188E-01 | loss scale: 1.0 | grad norm: 0.536206 | number of skipped iterations:   0 | number of nan iterations:   0 |
[2026-08-21 16:39:49][INFO] iteration      698/    1000 | consumed samples:        67008 | elapsed time per iteration (ms): 2636.9 | throughput (samples/sec/per_device): 4.551 | learning rate: 6.101495E-06 | global batch size:    96 | action loss: 1.552889E-01 | loss scale: 1.0 | grad norm: 0.581684 | number of skipped iterations:   0 | number of nan iterations:   0 |
[2026-08-21 16:39:52][INFO] iteration      699/    1000 | consumed samples:        67104 | elapsed time per iteration (ms): 2938.1 | throughput (samples/sec/per_device): 4.084 | learning rate: 6.070371E-06 | global batch size:    96 | action loss: 1.600406E-01 | loss scale: 1.0 | grad norm: 0.643668 | number of skipped iterations:   0 | number of nan iterations:   0 |
[2026-08-21 16:39:57][INFO] iteration      700/    1000 | consumed samples:        67200 | elapsed time per iteration (ms): 4775.4 | throughput (samples/sec/per_device): 2.513 | learning rate: 6.039317E-06 | global batch size:    96 | action loss: 1.606022E-01 | loss scale: 1.0 | grad norm: 0.559460 | number of skipped iterations:   0 | number of nan iterations:   0 |
[2026-08-21 16:39:57][INFO] max time across ranks (ms):
    forward-backward................................: 4643.35
    forward-compute.................................: 1805.33
    backward-compute................................: 4364.41
    batch-generator.................................: 1.85
    nan-grad-cleanup................................: 13.68
    grad-clip.......................................: 32.68
    optimizer.......................................: 85.06
    optimizer-inner-step............................: 84.94
    optimizer-scheduler-step........................: 0.09
    optimizer-zero-grad.............................: 0.91
[2026-08-21 16:39:59][INFO] iteration      701/    1000 | consumed samples:        67296 | elapsed time per iteration (ms): 2539.9 | throughput (samples/sec/per_device): 4.725 | learning rate: 6.008333E-06 | global batch size:    96 | action loss: 1.827124E-01 | loss scale: 1.0 | grad norm: 0.561496 | number of skipped iterations:   0 | number of nan iterations:   0 |
[2026-08-21 16:40:02][INFO] iteration      702/    1000 | consumed samples:        67392 | elapsed time per iteration (ms): 2511.3 | throughput (samples/sec/per_device): 4.778 | learning rate: 5.977420E-06 | global batch size:    96 | action loss: 1.687896E-01 | loss scale: 1.0 | grad norm: 0.563117 | number of skipped iterations:   0 | number of nan iterations:   0 |
[2026-08-21 16:40:07][INFO] iteration      703/    1000 | consumed samples:        67488 | elapsed time per iteration (ms): 5407.3 | throughput (samples/sec/per_device): 2.219 | learning rate: 5.946577E-06 | global batch size:    96 | action loss: 1.609003E-01 | loss scale: 1.0 | grad norm: 0.561600 | number of skipped iterations:   0 | number of nan iterations:   0 |
[2026-08-21 16:40:10][INFO] iteration      704/    1000 | consumed samples:        67584 | elapsed time per iteration (ms): 2734.3 | throughput (samples/sec/per_device): 4.389 | learning rate: 5.915805E-06 | global batch size:    96 | action loss: 1.475745E-01 | loss scale: 1.0 | grad norm: 0.581573 | number of skipped iterations:   0 | number of nan iterations:   0 |
[2026-08-21 16:40:13][INFO] iteration      705/    1000 | consumed samples:        67680 | elapsed time per iteration (ms): 2938.1 | throughput (samples/sec/per_device): 4.084 | learning rate: 5.885105E-06 | global batch size:    96 | action loss: 1.648711E-01 | loss scale: 1.0 | grad norm: 0.556625 | number of skipped iterations:   0 | number of nan iterations:   0 |
[2026-08-21 16:40:15][INFO] iteration      706/    1000 | consumed samples:        67776 | elapsed time per iteration (ms): 2173.1 | throughput (samples/sec/per_device): 5.522 | learning rate: 5.854476E-06 | global batch size:    96 | action loss: 1.647758E-01 | loss scale: 1.0 | grad norm: 0.567461 | number of skipped iterations:   0 | number of nan iterations:   0 |
[2026-08-21 16:40:20][INFO] iteration      707/    1000 | consumed samples:        67872 | elapsed time per iteration (ms): 4909.9 | throughput (samples/sec/per_device): 2.444 | learning rate: 5.823919E-06 | global batch size:    96 | action loss: 1.628798E-01 | loss scale: 1.0 | grad norm: 0.550800 | number of skipped iterations:   0 | number of nan iterations:   0 |
[2026-08-21 16:40:23][INFO] iteration      708/    1000 | consumed samples:        67968 | elapsed time per iteration (ms): 2907.9 | throughput (samples/sec/per_device): 4.127 | learning rate: 5.793435E-06 | global batch size:    96 | action loss: 1.511568E-01 | loss scale: 1.0 | grad norm: 0.547919 | number of skipped iterations:   0 | number of nan iterations:   0 |
[2026-08-21 16:40:26][INFO] iteration      709/    1000 | consumed samples:        68064 | elapsed time per iteration (ms): 2861.2 | throughput (samples/sec/per_device): 4.194 | learning rate: 5.763023E-06 | global batch size:    96 | action loss: 1.565746E-01 | loss scale: 1.0 | grad norm: 0.531659 | number of skipped iterations:   0 | number of nan iterations:   0 |
[2026-08-21 16:40:30][INFO] iteration      710/    1000 | consumed samples:        68160 | elapsed time per iteration (ms): 4660.5 | throughput (samples/sec/per_device): 2.575 | learning rate: 5.732684E-06 | global batch size:    96 | action loss: 1.500366E-01 | loss scale: 1.0 | grad norm: 0.524815 | number of skipped iterations:   0 | number of nan iterations:   0 |
[2026-08-21 16:40:33][INFO] iteration      711/    1000 | consumed samples:        68256 | elapsed time per iteration (ms): 2412.4 | throughput (samples/sec/per_device): 4.974 | learning rate: 5.702418E-06 | global batch size:    96 | action loss: 1.501505E-01 | loss scale: 1.0 | grad norm: 0.512693 | number of skipped iterations:   0 | number of nan iterations:   0 |
[2026-08-21 16:40:36][INFO] iteration      712/    1000 | consumed samples:        68352 | elapsed time per iteration (ms): 2693.6 | throughput (samples/sec/per_device): 4.455 | learning rate: 5.672225E-06 | global batch size:    96 | action loss: 1.572314E-01 | loss scale: 1.0 | grad norm: 0.570405 | number of skipped iterations:   0 | number of nan iterations:   0 |
[2026-08-21 16:40:43][INFO] iteration      713/    1000 | consumed samples:        68448 | elapsed time per iteration (ms): 7093.6 | throughput (samples/sec/per_device): 1.692 | learning rate: 5.642107E-06 | global batch size:    96 | action loss: 1.604840E-01 | loss scale: 1.0 | grad norm: 0.576447 | number of skipped iterations:   0 | number of nan iterations:   0 |
[2026-08-21 16:40:46][INFO] iteration      714/    1000 | consumed samples:        68544 | elapsed time per iteration (ms): 2950.1 | throughput (samples/sec/per_device): 4.068 | learning rate: 5.612062E-06 | global batch size:    96 | action loss: 1.615661E-01 | loss scale: 1.0 | grad norm: 0.536738 | number of skipped iterations:   0 | number of nan iterations:   0 |
[2026-08-21 16:40:48][INFO] iteration      715/    1000 | consumed samples:        68640 | elapsed time per iteration (ms): 2576.4 | throughput (samples/sec/per_device): 4.658 | learning rate: 5.582092E-06 | global batch size:    96 | action loss: 1.544169E-01 | loss scale: 1.0 | grad norm: 0.528429 | number of skipped iterations:   0 | number of nan iterations:   0 |
[2026-08-21 16:40:53][INFO] iteration      716/    1000 | consumed samples:        68736 | elapsed time per iteration (ms): 4781.4 | throughput (samples/sec/per_device): 2.510 | learning rate: 5.552197E-06 | global batch size:    96 | action loss: 1.677344E-01 | loss scale: 1.0 | grad norm: 0.529542 | number of skipped iterations:   0 | number of nan iterations:   0 |
[2026-08-21 16:40:56][INFO] iteration      717/    1000 | consumed samples:        68832 | elapsed time per iteration (ms): 3193.7 | throughput (samples/sec/per_device): 3.757 | learning rate: 5.522376E-06 | global batch size:    96 | action loss: 1.562836E-01 | loss scale: 1.0 | grad norm: 0.538334 | number of skipped iterations:   0 | number of nan iterations:   0 |
[2026-08-21 16:40:59][INFO] iteration      718/    1000 | consumed samples:        68928 | elapsed time per iteration (ms): 2856.8 | throughput (samples/sec/per_device): 4.201 | learning rate: 5.492631E-06 | global batch size:    96 | action loss: 1.627503E-01 | loss scale: 1.0 | grad norm: 0.565144 | number of skipped iterations:   0 | number of nan iterations:   0 |
[2026-08-21 16:41:04][INFO] iteration      719/    1000 | consumed samples:        69024 | elapsed time per iteration (ms): 5234.5 | throughput (samples/sec/per_device): 2.292 | learning rate: 5.462962E-06 | global batch size:    96 | action loss: 1.583149E-01 | loss scale: 1.0 | grad norm: 0.516588 | number of skipped iterations:   0 | number of nan iterations:   0 |
[2026-08-21 16:41:07][INFO] iteration      720/    1000 | consumed samples:        69120 | elapsed time per iteration (ms): 2652.9 | throughput (samples/sec/per_device): 4.523 | learning rate: 5.433368E-06 | global batch size:    96 | action loss: 1.664884E-01 | loss scale: 1.0 | grad norm: 0.556942 | number of skipped iterations:   0 | number of nan iterations:   0 |
[2026-08-21 16:41:07][INFO] max time across ranks (ms):
    forward-backward................................: 2522.64
    forward-compute.................................: 964.21
    backward-compute................................: 2245.19
    batch-generator.................................: 1.88
    nan-grad-cleanup................................: 13.61
    grad-clip.......................................: 33.07
    optimizer.......................................: 84.00
    optimizer-inner-step............................: 83.88
    optimizer-scheduler-step........................: 0.09
    optimizer-zero-grad.............................: 0.53
[2026-08-21 16:41:09][INFO] iteration      721/    1000 | consumed samples:        69216 | elapsed time per iteration (ms): 2424.0 | throughput (samples/sec/per_device): 4.950 | learning rate: 5.403851E-06 | global batch size:    96 | action loss: 1.490665E-01 | loss scale: 1.0 | grad norm: 0.539244 | number of skipped iterations:   0 | number of nan iterations:   0 |
[2026-08-21 16:41:10][INFO] PowerSGDPlusState restart: iter=620 compressed_iter=600 method=approximate rank=1
[2026-08-21 16:41:17][INFO] iteration      722/    1000 | consumed samples:        69312 | elapsed time per iteration (ms): 7531.8 | throughput (samples/sec/per_device): 1.593 | learning rate: 5.374410E-06 | global batch size:    96 | action loss: 1.642756E-01 | loss scale: 1.0 | grad norm: 0.604754 | number of skipped iterations:   0 | number of nan iterations:   0 |
[2026-08-21 16:41:20][INFO] iteration      723/    1000 | consumed samples:        69408 | elapsed time per iteration (ms): 3569.9 | throughput (samples/sec/per_device): 3.361 | learning rate: 5.345045E-06 | global batch size:    96 | action loss: 1.745808E-01 | loss scale: 1.0 | grad norm: 0.528910 | number of skipped iterations:   0 | number of nan iterations:   0 |
[2026-08-21 16:41:25][INFO] iteration      724/    1000 | consumed samples:        69504 | elapsed time per iteration (ms): 4843.5 | throughput (samples/sec/per_device): 2.478 | learning rate: 5.315758E-06 | global batch size:    96 | action loss: 1.478445E-01 | loss scale: 1.0 | grad norm: 0.523954 | number of skipped iterations:   0 | number of nan iterations:   0 |
[2026-08-21 16:41:28][INFO] iteration      725/    1000 | consumed samples:        69600 | elapsed time per iteration (ms): 2952.1 | throughput (samples/sec/per_device): 4.065 | learning rate: 5.286549E-06 | global batch size:    96 | action loss: 1.464986E-01 | loss scale: 1.0 | grad norm: 0.517548 | number of skipped iterations:   0 | number of nan iterations:   0 |
[2026-08-21 16:41:31][INFO] iteration      726/    1000 | consumed samples:        69696 | elapsed time per iteration (ms): 2306.6 | throughput (samples/sec/per_device): 5.202 | learning rate: 5.257417E-06 | global batch size:    96 | action loss: 1.597397E-01 | loss scale: 1.0 | grad norm: 0.579534 | number of skipped iterations:   0 | number of nan iterations:   0 |
[2026-08-21 16:41:32][INFO] iteration      727/    1000 | consumed samples:        69792 | elapsed time per iteration (ms): 1852.9 | throughput (samples/sec/per_device): 6.477 | learning rate: 5.228363E-06 | global batch size:    96 | action loss: 1.702383E-01 | loss scale: 1.0 | grad norm: 0.565592 | number of skipped iterations:   0 | number of nan iterations:   0 |
[2026-08-21 16:41:36][INFO] iteration      728/    1000 | consumed samples:        69888 | elapsed time per iteration (ms): 3630.4 | throughput (samples/sec/per_device): 3.305 | learning rate: 5.199387E-06 | global batch size:    96 | action loss: 1.471237E-01 | loss scale: 1.0 | grad norm: 0.572177 | number of skipped iterations:   0 | number of nan iterations:   0 |
[2026-08-21 16:41:40][INFO] iteration      729/    1000 | consumed samples:        69984 | elapsed time per iteration (ms): 3552.9 | throughput (samples/sec/per_device): 3.377 | learning rate: 5.170490E-06 | global batch size:    96 | action loss: 1.724661E-01 | loss scale: 1.0 | grad norm: 0.591081 | number of skipped iterations:   0 | number of nan iterations:   0 |
[2026-08-21 16:41:42][INFO] iteration      730/    1000 | consumed samples:        70080 | elapsed time per iteration (ms): 2634.5 | throughput (samples/sec/per_device): 4.555 | learning rate: 5.141671E-06 | global batch size:    96 | action loss: 1.627537E-01 | loss scale: 1.0 | grad norm: 0.565113 | number of skipped iterations:   0 | number of nan iterations:   0 |
[2026-08-21 16:41:48][INFO] iteration      731/    1000 | consumed samples:        70176 | elapsed time per iteration (ms): 5617.1 | throughput (samples/sec/per_device): 2.136 | learning rate: 5.112932E-06 | global batch size:    96 | action loss: 1.588425E-01 | loss scale: 1.0 | grad norm: 0.546210 | number of skipped iterations:   0 | number of nan iterations:   0 |
[2026-08-21 16:41:52][INFO] iteration      732/    1000 | consumed samples:        70272 | elapsed time per iteration (ms): 3703.3 | throughput (samples/sec/per_device): 3.240 | learning rate: 5.084272E-06 | global batch size:    96 | action loss: 1.748416E-01 | loss scale: 1.0 | grad norm: 0.548095 | number of skipped iterations:   0 | number of nan iterations:   0 |
[2026-08-21 16:41:54][INFO] iteration      733/    1000 | consumed samples:        70368 | elapsed time per iteration (ms): 2368.9 | throughput (samples/sec/per_device): 5.066 | learning rate: 5.055692E-06 | global batch size:    96 | action loss: 1.634445E-01 | loss scale: 1.0 | grad norm: 0.532190 | number of skipped iterations:   0 | number of nan iterations:   0 |
[2026-08-21 16:41:56][INFO] iteration      734/    1000 | consumed samples:        70464 | elapsed time per iteration (ms): 2555.6 | throughput (samples/sec/per_device): 4.696 | learning rate: 5.027192E-06 | global batch size:    96 | action loss: 1.422722E-01 | loss scale: 1.0 | grad norm: 0.502158 | number of skipped iterations:   0 | number of nan iterations:   0 |
[2026-08-21 16:42:01][INFO] iteration      735/    1000 | consumed samples:        70560 | elapsed time per iteration (ms): 4562.0 | throughput (samples/sec/per_device): 2.630 | learning rate: 4.998772E-06 | global batch size:    96 | action loss: 1.635733E-01 | loss scale: 1.0 | grad norm: 0.532169 | number of skipped iterations:   0 | number of nan iterations:   0 |
[2026-08-21 16:42:04][INFO] iteration      736/    1000 | consumed samples:        70656 | elapsed time per iteration (ms): 2906.6 | throughput (samples/sec/per_device): 4.129 | learning rate: 4.970433E-06 | global batch size:    96 | action loss: 1.519871E-01 | loss scale: 1.0 | grad norm: 0.549001 | number of skipped iterations:   0 | number of nan iterations:   0 |
[2026-08-21 16:42:06][INFO] iteration      737/    1000 | consumed samples:        70752 | elapsed time per iteration (ms): 2158.9 | throughput (samples/sec/per_device): 5.558 | learning rate: 4.942174E-06 | global batch size:    96 | action loss: 1.857230E-01 | loss scale: 1.0 | grad norm: 0.566585 | number of skipped iterations:   0 | number of nan iterations:   0 |
[2026-08-21 16:42:09][INFO] iteration      738/    1000 | consumed samples:        70848 | elapsed time per iteration (ms): 2421.9 | throughput (samples/sec/per_device): 4.955 | learning rate: 4.913997E-06 | global batch size:    96 | action loss: 1.740231E-01 | loss scale: 1.0 | grad norm: 0.586071 | number of skipped iterations:   0 | number of nan iterations:   0 |
[2026-08-21 16:42:13][INFO] iteration      739/    1000 | consumed samples:        70944 | elapsed time per iteration (ms): 4250.7 | throughput (samples/sec/per_device): 2.823 | learning rate: 4.885901E-06 | global batch size:    96 | action loss: 1.659150E-01 | loss scale: 1.0 | grad norm: 0.542107 | number of skipped iterations:   0 | number of nan iterations:   0 |
[2026-08-21 16:42:16][INFO] iteration      740/    1000 | consumed samples:        71040 | elapsed time per iteration (ms): 2964.7 | throughput (samples/sec/per_device): 4.048 | learning rate: 4.857887E-06 | global batch size:    96 | action loss: 1.621750E-01 | loss scale: 1.0 | grad norm: 0.543320 | number of skipped iterations:   0 | number of nan iterations:   0 |
[2026-08-21 16:42:16][INFO] max time across ranks (ms):
    forward-backward................................: 2833.11
    forward-compute.................................: 1137.80
    backward-compute................................: 2553.76
    batch-generator.................................: 1.53
    nan-grad-cleanup................................: 13.20
    grad-clip.......................................: 33.11
    optimizer.......................................: 86.55
    optimizer-inner-step............................: 86.44
    optimizer-scheduler-step........................: 0.06
    optimizer-zero-grad.............................: 0.52
[2026-08-21 16:42:19][INFO] iteration      741/    1000 | consumed samples:        71136 | elapsed time per iteration (ms): 3261.9 | throughput (samples/sec/per_device): 3.679 | learning rate: 4.829955E-06 | global batch size:    96 | action loss: 1.709819E-01 | loss scale: 1.0 | grad norm: 0.573818 | number of skipped iterations:   0 | number of nan iterations:   0 |
[2026-08-21 16:42:24][INFO] iteration      742/    1000 | consumed samples:        71232 | elapsed time per iteration (ms): 4990.5 | throughput (samples/sec/per_device): 2.405 | learning rate: 4.802105E-06 | global batch size:    96 | action loss: 1.678082E-01 | loss scale: 1.0 | grad norm: 0.530539 | number of skipped iterations:   0 | number of nan iterations:   0 |
[2026-08-21 16:42:27][INFO] iteration      743/    1000 | consumed samples:        71328 | elapsed time per iteration (ms): 2553.9 | throughput (samples/sec/per_device): 4.699 | learning rate: 4.774338E-06 | global batch size:    96 | action loss: 1.551877E-01 | loss scale: 1.0 | grad norm: 0.559714 | number of skipped iterations:   0 | number of nan iterations:   0 |
[2026-08-21 16:42:29][INFO] iteration      744/    1000 | consumed samples:        71424 | elapsed time per iteration (ms): 2119.1 | throughput (samples/sec/per_device): 5.663 | learning rate: 4.746653E-06 | global batch size:    96 | action loss: 1.625351E-01 | loss scale: 1.0 | grad norm: 0.617526 | number of skipped iterations:   0 | number of nan iterations:   0 |
[2026-08-21 16:42:31][INFO] iteration      745/    1000 | consumed samples:        71520 | elapsed time per iteration (ms): 2371.1 | throughput (samples/sec/per_device): 5.061 | learning rate: 4.719052E-06 | global batch size:    96 | action loss: 1.601913E-01 | loss scale: 1.0 | grad norm: 0.562642 | number of skipped iterations:   0 | number of nan iterations:   0 |
[2026-08-21 16:42:36][INFO] iteration      746/    1000 | consumed samples:        71616 | elapsed time per iteration (ms): 4636.2 | throughput (samples/sec/per_device): 2.588 | learning rate: 4.691534E-06 | global batch size:    96 | action loss: 1.886378E-01 | loss scale: 1.0 | grad norm: 0.529418 | number of skipped iterations:   0 | number of nan iterations:   0 |
[2026-08-21 16:42:39][INFO] iteration      747/    1000 | consumed samples:        71712 | elapsed time per iteration (ms): 2859.8 | throughput (samples/sec/per_device): 4.196 | learning rate: 4.664100E-06 | global batch size:    96 | action loss: 1.558338E-01 | loss scale: 1.0 | grad norm: 0.595299 | number of skipped iterations:   0 | number of nan iterations:   0 |
[2026-08-21 16:42:41][INFO] iteration      748/    1000 | consumed samples:        71808 | elapsed time per iteration (ms): 2771.7 | throughput (samples/sec/per_device): 4.329 | learning rate: 4.636749E-06 | global batch size:    96 | action loss: 1.640414E-01 | loss scale: 1.0 | grad norm: 0.562248 | number of skipped iterations:   0 | number of nan iterations:   0 |
[2026-08-21 16:42:47][INFO] iteration      749/    1000 | consumed samples:        71904 | elapsed time per iteration (ms): 5568.5 | throughput (samples/sec/per_device): 2.155 | learning rate: 4.609483E-06 | global batch size:    96 | action loss: 1.542330E-01 | loss scale: 1.0 | grad norm: 0.554530 | number of skipped iterations:   0 | number of nan iterations:   0 |
[2026-08-21 16:42:51][INFO] iteration      750/    1000 | consumed samples:        72000 | elapsed time per iteration (ms): 3937.6 | throughput (samples/sec/per_device): 3.048 | learning rate: 4.582301E-06 | global batch size:    96 | action loss: 1.616165E-01 | loss scale: 1.0 | grad norm: 0.563473 | number of skipped iterations:   0 | number of nan iterations:   0 |
[2026-08-21 16:42:54][INFO] iteration      751/    1000 | consumed samples:        72096 | elapsed time per iteration (ms): 3039.5 | throughput (samples/sec/per_device): 3.948 | learning rate: 4.555204E-06 | global batch size:    96 | action loss: 1.568944E-01 | loss scale: 1.0 | grad norm: 0.530878 | number of skipped iterations:   0 | number of nan iterations:   0 |
[2026-08-21 16:42:58][INFO] iteration      752/    1000 | consumed samples:        72192 | elapsed time per iteration (ms): 4407.5 | throughput (samples/sec/per_device): 2.723 | learning rate: 4.528193E-06 | global batch size:    96 | action loss: 1.483193E-01 | loss scale: 1.0 | grad norm: 0.555480 | number of skipped iterations:   0 | number of nan iterations:   0 |
[2026-08-21 16:43:01][INFO] iteration      753/    1000 | consumed samples:        72288 | elapsed time per iteration (ms): 2866.7 | throughput (samples/sec/per_device): 4.186 | learning rate: 4.501266E-06 | global batch size:    96 | action loss: 1.884798E-01 | loss scale: 1.0 | grad norm: 0.523161 | number of skipped iterations:   0 | number of nan iterations:   0 |
[2026-08-21 16:43:04][INFO] iteration      754/    1000 | consumed samples:        72384 | elapsed time per iteration (ms): 3221.1 | throughput (samples/sec/per_device): 3.725 | learning rate: 4.474425E-06 | global batch size:    96 | action loss: 1.373302E-01 | loss scale: 1.0 | grad norm: 0.541384 | number of skipped iterations:   0 | number of nan iterations:   0 |
[2026-08-21 16:43:09][INFO] iteration      755/    1000 | consumed samples:        72480 | elapsed time per iteration (ms): 4745.6 | throughput (samples/sec/per_device): 2.529 | learning rate: 4.447670E-06 | global batch size:    96 | action loss: 1.587604E-01 | loss scale: 1.0 | grad norm: 0.539474 | number of skipped iterations:   0 | number of nan iterations:   0 |
[2026-08-21 16:43:12][INFO] iteration      756/    1000 | consumed samples:        72576 | elapsed time per iteration (ms): 2596.8 | throughput (samples/sec/per_device): 4.621 | learning rate: 4.421001E-06 | global batch size:    96 | action loss: 1.831445E-01 | loss scale: 1.0 | grad norm: 0.545628 | number of skipped iterations:   0 | number of nan iterations:   0 |
[2026-08-21 16:43:14][INFO] iteration      757/    1000 | consumed samples:        72672 | elapsed time per iteration (ms): 2538.4 | throughput (samples/sec/per_device): 4.727 | learning rate: 4.394418E-06 | global batch size:    96 | action loss: 1.520995E-01 | loss scale: 1.0 | grad norm: 0.545061 | number of skipped iterations:   0 | number of nan iterations:   0 |
[2026-08-21 16:43:18][INFO] iteration      758/    1000 | consumed samples:        72768 | elapsed time per iteration (ms): 3645.8 | throughput (samples/sec/per_device): 3.291 | learning rate: 4.367922E-06 | global batch size:    96 | action loss: 1.579598E-01 | loss scale: 1.0 | grad norm: 0.558810 | number of skipped iterations:   0 | number of nan iterations:   0 |
[2026-08-21 16:43:22][INFO] iteration      759/    1000 | consumed samples:        72864 | elapsed time per iteration (ms): 3886.2 | throughput (samples/sec/per_device): 3.088 | learning rate: 4.341513E-06 | global batch size:    96 | action loss: 1.484767E-01 | loss scale: 1.0 | grad norm: 0.604986 | number of skipped iterations:   0 | number of nan iterations:   0 |
[2026-08-21 16:43:25][INFO] iteration      760/    1000 | consumed samples:        72960 | elapsed time per iteration (ms): 3175.6 | throughput (samples/sec/per_device): 3.779 | learning rate: 4.315192E-06 | global batch size:    96 | action loss: 1.501743E-01 | loss scale: 1.0 | grad norm: 0.560140 | number of skipped iterations:   0 | number of nan iterations:   0 |
[2026-08-21 16:43:25][INFO] max time across ranks (ms):
    forward-backward................................: 3015.19
    forward-compute.................................: 1135.62
    backward-compute................................: 2737.93
    batch-generator.................................: 1.68
    nan-grad-cleanup................................: 15.40
    grad-clip.......................................: 40.45
    optimizer.......................................: 114.31
    optimizer-inner-step............................: 114.21
    optimizer-scheduler-step........................: 0.05
    optimizer-zero-grad.............................: 0.44
[2026-08-21 16:43:28][INFO] iteration      761/    1000 | consumed samples:        73056 | elapsed time per iteration (ms): 2692.9 | throughput (samples/sec/per_device): 4.456 | learning rate: 4.288957E-06 | global batch size:    96 | action loss: 1.619131E-01 | loss scale: 1.0 | grad norm: 0.503261 | number of skipped iterations:   0 | number of nan iterations:   0 |
[2026-08-21 16:43:32][INFO] iteration      762/    1000 | consumed samples:        73152 | elapsed time per iteration (ms): 4180.8 | throughput (samples/sec/per_device): 2.870 | learning rate: 4.262811E-06 | global batch size:    96 | action loss: 1.839265E-01 | loss scale: 1.0 | grad norm: 0.548344 | number of skipped iterations:   0 | number of nan iterations:   0 |
[2026-08-21 16:43:34][INFO] iteration      763/    1000 | consumed samples:        73248 | elapsed time per iteration (ms): 2531.3 | throughput (samples/sec/per_device): 4.741 | learning rate: 4.236752E-06 | global batch size:    96 | action loss: 1.465272E-01 | loss scale: 1.0 | grad norm: 0.564854 | number of skipped iterations:   0 | number of nan iterations:   0 |
[2026-08-21 16:43:37][INFO] iteration      764/    1000 | consumed samples:        73344 | elapsed time per iteration (ms): 2702.7 | throughput (samples/sec/per_device): 4.440 | learning rate: 4.210781E-06 | global batch size:    96 | action loss: 1.755130E-01 | loss scale: 1.0 | grad norm: 0.648267 | number of skipped iterations:   0 | number of nan iterations:   0 |
[2026-08-21 16:43:41][INFO] iteration      765/    1000 | consumed samples:        73440 | elapsed time per iteration (ms): 3846.9 | throughput (samples/sec/per_device): 3.119 | learning rate: 4.184899E-06 | global batch size:    96 | action loss: 1.518036E-01 | loss scale: 1.0 | grad norm: 0.574986 | number of skipped iterations:   0 | number of nan iterations:   0 |
[2026-08-21 16:43:45][INFO] iteration      766/    1000 | consumed samples:        73536 | elapsed time per iteration (ms): 3563.9 | throughput (samples/sec/per_device): 3.367 | learning rate: 4.159106E-06 | global batch size:    96 | action loss: 1.731925E-01 | loss scale: 1.0 | grad norm: 0.532187 | number of skipped iterations:   0 | number of nan iterations:   0 |
[2026-08-21 16:43:47][INFO] iteration      767/    1000 | consumed samples:        73632 | elapsed time per iteration (ms): 2491.7 | throughput (samples/sec/per_device): 4.816 | learning rate: 4.133402E-06 | global batch size:    96 | action loss: 1.668998E-01 | loss scale: 1.0 | grad norm: 0.560560 | number of skipped iterations:   0 | number of nan iterations:   0 |
[2026-08-21 16:43:50][INFO] iteration      768/    1000 | consumed samples:        73728 | elapsed time per iteration (ms): 3376.6 | throughput (samples/sec/per_device): 3.554 | learning rate: 4.107787E-06 | global batch size:    96 | action loss: 1.581545E-01 | loss scale: 1.0 | grad norm: 0.605208 | number of skipped iterations:   0 | number of nan iterations:   0 |
[2026-08-21 16:43:56][INFO] iteration      769/    1000 | consumed samples:        73824 | elapsed time per iteration (ms): 5863.7 | throughput (samples/sec/per_device): 2.046 | learning rate: 4.082262E-06 | global batch size:    96 | action loss: 1.527906E-01 | loss scale: 1.0 | grad norm: 0.583414 | number of skipped iterations:   0 | number of nan iterations:   0 |
[2026-08-21 16:43:59][INFO] iteration      770/    1000 | consumed samples:        73920 | elapsed time per iteration (ms): 3000.4 | throughput (samples/sec/per_device): 4.000 | learning rate: 4.056827E-06 | global batch size:    96 | action loss: 1.400256E-01 | loss scale: 1.0 | grad norm: 0.578719 | number of skipped iterations:   0 | number of nan iterations:   0 |
[2026-08-21 16:44:02][INFO] iteration      771/    1000 | consumed samples:        74016 | elapsed time per iteration (ms): 2259.3 | throughput (samples/sec/per_device): 5.311 | learning rate: 4.031481E-06 | global batch size:    96 | action loss: 1.439208E-01 | loss scale: 1.0 | grad norm: 0.524746 | number of skipped iterations:   0 | number of nan iterations:   0 |
[2026-08-21 16:44:02][INFO] PowerSGDPlusState restart: iter=670 compressed_iter=650 method=approximate rank=1
[2026-08-21 16:44:10][INFO] iteration      772/    1000 | consumed samples:        74112 | elapsed time per iteration (ms): 8800.9 | throughput (samples/sec/per_device): 1.363 | learning rate: 4.006226E-06 | global batch size:    96 | action loss: 1.666406E-01 | loss scale: 1.0 | grad norm: 0.630930 | number of skipped iterations:   0 | number of nan iterations:   0 |
[2026-08-21 16:44:14][INFO] iteration      773/    1000 | consumed samples:        74208 | elapsed time per iteration (ms): 3547.0 | throughput (samples/sec/per_device): 3.383 | learning rate: 3.981061E-06 | global batch size:    96 | action loss: 1.579709E-01 | loss scale: 1.0 | grad norm: 0.564812 | number of skipped iterations:   0 | number of nan iterations:   0 |
[2026-08-21 16:44:19][INFO] iteration      774/    1000 | consumed samples:        74304 | elapsed time per iteration (ms): 5309.5 | throughput (samples/sec/per_device): 2.260 | learning rate: 3.955988E-06 | global batch size:    96 | action loss: 1.621543E-01 | loss scale: 1.0 | grad norm: 0.514707 | number of skipped iterations:   0 | number of nan iterations:   0 |
[2026-08-21 16:44:21][INFO] iteration      775/    1000 | consumed samples:        74400 | elapsed time per iteration (ms): 2073.4 | throughput (samples/sec/per_device): 5.788 | learning rate: 3.931005E-06 | global batch size:    96 | action loss: 1.877171E-01 | loss scale: 1.0 | grad norm: 0.524277 | number of skipped iterations:   0 | number of nan iterations:   0 |
[2026-08-21 16:44:24][INFO] iteration      776/    1000 | consumed samples:        74496 | elapsed time per iteration (ms): 2716.3 | throughput (samples/sec/per_device): 4.418 | learning rate: 3.906114E-06 | global batch size:    96 | action loss: 1.480181E-01 | loss scale: 1.0 | grad norm: 0.527935 | number of skipped iterations:   0 | number of nan iterations:   0 |
[2026-08-21 16:44:26][INFO] iteration      777/    1000 | consumed samples:        74592 | elapsed time per iteration (ms): 1873.3 | throughput (samples/sec/per_device): 6.406 | learning rate: 3.881314E-06 | global batch size:    96 | action loss: 1.606258E-01 | loss scale: 1.0 | grad norm: 0.526712 | number of skipped iterations:   0 | number of nan iterations:   0 |
[2026-08-21 16:44:30][INFO] iteration      778/    1000 | consumed samples:        74688 | elapsed time per iteration (ms): 4556.0 | throughput (samples/sec/per_device): 2.634 | learning rate: 3.856606E-06 | global batch size:    96 | action loss: 1.544023E-01 | loss scale: 1.0 | grad norm: 0.516428 | number of skipped iterations:   0 | number of nan iterations:   0 |
[2026-08-21 16:44:33][INFO] iteration      779/    1000 | consumed samples:        74784 | elapsed time per iteration (ms): 2127.1 | throughput (samples/sec/per_device): 5.641 | learning rate: 3.831990E-06 | global batch size:    96 | action loss: 1.470155E-01 | loss scale: 1.0 | grad norm: 0.539565 | number of skipped iterations:   0 | number of nan iterations:   0 |
[2026-08-21 16:44:34][INFO] iteration      780/    1000 | consumed samples:        74880 | elapsed time per iteration (ms): 1902.6 | throughput (samples/sec/per_device): 6.307 | learning rate: 3.807467E-06 | global batch size:    96 | action loss: 1.513177E-01 | loss scale: 1.0 | grad norm: 0.502277 | number of skipped iterations:   0 | number of nan iterations:   0 |
[2026-08-21 16:44:34][INFO] max time across ranks (ms):
    forward-backward................................: 1771.30
    forward-compute.................................: 519.16
    backward-compute................................: 1494.29
    batch-generator.................................: 2.56
    nan-grad-cleanup................................: 13.38
    grad-clip.......................................: 33.39
    optimizer.......................................: 84.13
    optimizer-inner-step............................: 84.03
    optimizer-scheduler-step........................: 0.09
    optimizer-zero-grad.............................: 0.81
[2026-08-21 16:44:37][INFO] iteration      781/    1000 | consumed samples:        74976 | elapsed time per iteration (ms): 2396.1 | throughput (samples/sec/per_device): 5.008 | learning rate: 3.783036E-06 | global batch size:    96 | action loss: 1.386719E-01 | loss scale: 1.0 | grad norm: 0.525412 | number of skipped iterations:   0 | number of nan iterations:   0 |
[2026-08-21 16:44:41][INFO] iteration      782/    1000 | consumed samples:        75072 | elapsed time per iteration (ms): 4616.0 | throughput (samples/sec/per_device): 2.600 | learning rate: 3.758698E-06 | global batch size:    96 | action loss: 1.418157E-01 | loss scale: 1.0 | grad norm: 0.534860 | number of skipped iterations:   0 | number of nan iterations:   0 |
[2026-08-21 16:44:44][INFO] iteration      783/    1000 | consumed samples:        75168 | elapsed time per iteration (ms): 2482.4 | throughput (samples/sec/per_device): 4.834 | learning rate: 3.734452E-06 | global batch size:    96 | action loss: 1.518284E-01 | loss scale: 1.0 | grad norm: 0.545424 | number of skipped iterations:   0 | number of nan iterations:   0 |
[2026-08-21 16:44:46][INFO] iteration      784/    1000 | consumed samples:        75264 | elapsed time per iteration (ms): 2543.2 | throughput (samples/sec/per_device): 4.718 | learning rate: 3.710301E-06 | global batch size:    96 | action loss: 1.800512E-01 | loss scale: 1.0 | grad norm: 0.550192 | number of skipped iterations:   0 | number of nan iterations:   0 |
[2026-08-21 16:44:49][INFO] iteration      785/    1000 | consumed samples:        75360 | elapsed time per iteration (ms): 2122.8 | throughput (samples/sec/per_device): 5.653 | learning rate: 3.686242E-06 | global batch size:    96 | action loss: 1.852770E-01 | loss scale: 1.0 | grad norm: 0.600347 | number of skipped iterations:   0 | number of nan iterations:   0 |
[2026-08-21 16:44:54][INFO] iteration      786/    1000 | consumed samples:        75456 | elapsed time per iteration (ms): 5269.5 | throughput (samples/sec/per_device): 2.277 | learning rate: 3.662278E-06 | global batch size:    96 | action loss: 1.447978E-01 | loss scale: 1.0 | grad norm: 0.580110 | number of skipped iterations:   0 | number of nan iterations:   0 |
[2026-08-21 16:44:58][INFO] iteration      787/    1000 | consumed samples:        75552 | elapsed time per iteration (ms): 3645.1 | throughput (samples/sec/per_device): 3.292 | learning rate: 3.638408E-06 | global batch size:    96 | action loss: 1.525654E-01 | loss scale: 1.0 | grad norm: 0.575984 | number of skipped iterations:   0 | number of nan iterations:   0 |
[2026-08-21 16:45:00][INFO] iteration      788/    1000 | consumed samples:        75648 | elapsed time per iteration (ms): 2611.9 | throughput (samples/sec/per_device): 4.594 | learning rate: 3.614631E-06 | global batch size:    96 | action loss: 1.680316E-01 | loss scale: 1.0 | grad norm: 0.551751 | number of skipped iterations:   0 | number of nan iterations:   0 |
[2026-08-21 16:45:05][INFO] iteration      789/    1000 | consumed samples:        75744 | elapsed time per iteration (ms): 4882.6 | throughput (samples/sec/per_device): 2.458 | learning rate: 3.590950E-06 | global batch size:    96 | action loss: 1.808061E-01 | loss scale: 1.0 | grad norm: 0.574349 | number of skipped iterations:   0 | number of nan iterations:   0 |
[2026-08-21 16:45:08][INFO] iteration      790/    1000 | consumed samples:        75840 | elapsed time per iteration (ms): 2767.8 | throughput (samples/sec/per_device): 4.336 | learning rate: 3.567363E-06 | global batch size:    96 | action loss: 1.378958E-01 | loss scale: 1.0 | grad norm: 0.585787 | number of skipped iterations:   0 | number of nan iterations:   0 |
[2026-08-21 16:45:11][INFO] iteration      791/    1000 | consumed samples:        75936 | elapsed time per iteration (ms): 2916.0 | throughput (samples/sec/per_device): 4.115 | learning rate: 3.543871E-06 | global batch size:    96 | action loss: 1.634280E-01 | loss scale: 1.0 | grad norm: 0.563837 | number of skipped iterations:   0 | number of nan iterations:   0 |
[2026-08-21 16:45:15][INFO] iteration      792/    1000 | consumed samples:        76032 | elapsed time per iteration (ms): 4573.6 | throughput (samples/sec/per_device): 2.624 | learning rate: 3.520474E-06 | global batch size:    96 | action loss: 1.490691E-01 | loss scale: 1.0 | grad norm: 0.577477 | number of skipped iterations:   0 | number of nan iterations:   0 |
[2026-08-21 16:45:18][INFO] iteration      793/    1000 | consumed samples:        76128 | elapsed time per iteration (ms): 2631.5 | throughput (samples/sec/per_device): 4.560 | learning rate: 3.497173E-06 | global batch size:    96 | action loss: 1.607252E-01 | loss scale: 1.0 | grad norm: 0.564907 | number of skipped iterations:   0 | number of nan iterations:   0 |
[2026-08-21 16:45:21][INFO] iteration      794/    1000 | consumed samples:        76224 | elapsed time per iteration (ms): 2710.2 | throughput (samples/sec/per_device): 4.428 | learning rate: 3.473968E-06 | global batch size:    96 | action loss: 1.514786E-01 | loss scale: 1.0 | grad norm: 0.537034 | number of skipped iterations:   0 | number of nan iterations:   0 |
[2026-08-21 16:45:23][INFO] iteration      795/    1000 | consumed samples:        76320 | elapsed time per iteration (ms): 2774.7 | throughput (samples/sec/per_device): 4.325 | learning rate: 3.450858E-06 | global batch size:    96 | action loss: 1.701986E-01 | loss scale: 1.0 | grad norm: 0.540700 | number of skipped iterations:   0 | number of nan iterations:   0 |
[2026-08-21 16:45:28][INFO] iteration      796/    1000 | consumed samples:        76416 | elapsed time per iteration (ms): 4949.5 | throughput (samples/sec/per_device): 2.424 | learning rate: 3.427844E-06 | global batch size:    96 | action loss: 1.447922E-01 | loss scale: 1.0 | grad norm: 0.515502 | number of skipped iterations:   0 | number of nan iterations:   0 |
[2026-08-21 16:45:31][INFO] iteration      797/    1000 | consumed samples:        76512 | elapsed time per iteration (ms): 2552.4 | throughput (samples/sec/per_device): 4.701 | learning rate: 3.404927E-06 | global batch size:    96 | action loss: 1.590621E-01 | loss scale: 1.0 | grad norm: 0.568340 | number of skipped iterations:   0 | number of nan iterations:   0 |
[2026-08-21 16:45:34][INFO] iteration      798/    1000 | consumed samples:        76608 | elapsed time per iteration (ms): 2907.7 | throughput (samples/sec/per_device): 4.127 | learning rate: 3.382107E-06 | global batch size:    96 | action loss: 1.519571E-01 | loss scale: 1.0 | grad norm: 0.608236 | number of skipped iterations:   0 | number of nan iterations:   0 |
[2026-08-21 16:45:39][INFO] iteration      799/    1000 | consumed samples:        76704 | elapsed time per iteration (ms): 4745.9 | throughput (samples/sec/per_device): 2.528 | learning rate: 3.359383E-06 | global batch size:    96 | action loss: 1.463917E-01 | loss scale: 1.0 | grad norm: 0.548306 | number of skipped iterations:   0 | number of nan iterations:   0 |
[2026-08-21 16:45:41][INFO] iteration      800/    1000 | consumed samples:        76800 | elapsed time per iteration (ms): 2352.4 | throughput (samples/sec/per_device): 5.101 | learning rate: 3.336757E-06 | global batch size:    96 | action loss: 1.502827E-01 | loss scale: 1.0 | grad norm: 0.539515 | number of skipped iterations:   0 | number of nan iterations:   0 |
[2026-08-21 16:45:41][INFO] max time across ranks (ms):
    forward-backward................................: 2220.94
    forward-compute.................................: 582.83
    backward-compute................................: 1944.60
    batch-generator.................................: 1.77
    nan-grad-cleanup................................: 13.27
    grad-clip.......................................: 33.38
    optimizer.......................................: 84.41
    optimizer-inner-step............................: 84.29
    optimizer-scheduler-step........................: 0.07
    optimizer-zero-grad.............................: 0.54
[2026-08-21 16:45:43][INFO] iteration      801/    1000 | consumed samples:        76896 | elapsed time per iteration (ms): 2562.1 | throughput (samples/sec/per_device): 4.684 | learning rate: 3.314228E-06 | global batch size:    96 | action loss: 1.445895E-01 | loss scale: 1.0 | grad norm: 0.531182 | number of skipped iterations:   0 | number of nan iterations:   0 |
[2026-08-21 16:45:46][INFO] iteration      802/    1000 | consumed samples:        76992 | elapsed time per iteration (ms): 2546.9 | throughput (samples/sec/per_device): 4.712 | learning rate: 3.291796E-06 | global batch size:    96 | action loss: 1.554102E-01 | loss scale: 1.0 | grad norm: 0.513341 | number of skipped iterations:   0 | number of nan iterations:   0 |
[2026-08-21 16:45:51][INFO] iteration      803/    1000 | consumed samples:        77088 | elapsed time per iteration (ms): 4487.8 | throughput (samples/sec/per_device): 2.674 | learning rate: 3.269462E-06 | global batch size:    96 | action loss: 1.418018E-01 | loss scale: 1.0 | grad norm: 0.516379 | number of skipped iterations:   0 | number of nan iterations:   0 |
[2026-08-21 16:45:54][INFO] iteration      804/    1000 | consumed samples:        77184 | elapsed time per iteration (ms): 3085.6 | throughput (samples/sec/per_device): 3.889 | learning rate: 3.247226E-06 | global batch size:    96 | action loss: 1.532186E-01 | loss scale: 1.0 | grad norm: 0.531889 | number of skipped iterations:   0 | number of nan iterations:   0 |
[2026-08-21 16:45:58][INFO] iteration      805/    1000 | consumed samples:        77280 | elapsed time per iteration (ms): 4145.7 | throughput (samples/sec/per_device): 2.895 | learning rate: 3.225089E-06 | global batch size:    96 | action loss: 1.515788E-01 | loss scale: 1.0 | grad norm: 0.561040 | number of skipped iterations:   0 | number of nan iterations:   0 |
[2026-08-21 16:46:02][INFO] iteration      806/    1000 | consumed samples:        77376 | elapsed time per iteration (ms): 4418.9 | throughput (samples/sec/per_device): 2.716 | learning rate: 3.203049E-06 | global batch size:    96 | action loss: 1.661956E-01 | loss scale: 1.0 | grad norm: 0.549521 | number of skipped iterations:   0 | number of nan iterations:   0 |
[2026-08-21 16:46:05][INFO] iteration      807/    1000 | consumed samples:        77472 | elapsed time per iteration (ms): 2979.4 | throughput (samples/sec/per_device): 4.028 | learning rate: 3.181109E-06 | global batch size:    96 | action loss: 1.753020E-01 | loss scale: 1.0 | grad norm: 0.548213 | number of skipped iterations:   0 | number of nan iterations:   0 |
[2026-08-21 16:46:08][INFO] iteration      808/    1000 | consumed samples:        77568 | elapsed time per iteration (ms): 2863.7 | throughput (samples/sec/per_device): 4.190 | learning rate: 3.159267E-06 | global batch size:    96 | action loss: 1.547372E-01 | loss scale: 1.0 | grad norm: 0.553010 | number of skipped iterations:   0 | number of nan iterations:   0 |
[2026-08-21 16:46:13][INFO] iteration      809/    1000 | consumed samples:        77664 | elapsed time per iteration (ms): 4740.8 | throughput (samples/sec/per_device): 2.531 | learning rate: 3.137524E-06 | global batch size:    96 | action loss: 1.827525E-01 | loss scale: 1.0 | grad norm: 0.540919 | number of skipped iterations:   0 | number of nan iterations:   0 |
[2026-08-21 16:46:15][INFO] iteration      810/    1000 | consumed samples:        77760 | elapsed time per iteration (ms): 2397.0 | throughput (samples/sec/per_device): 5.006 | learning rate: 3.115881E-06 | global batch size:    96 | action loss: 1.817394E-01 | loss scale: 1.0 | grad norm: 0.527811 | number of skipped iterations:   0 | number of nan iterations:   0 |
[2026-08-21 16:46:18][INFO] iteration      811/    1000 | consumed samples:        77856 | elapsed time per iteration (ms): 3016.4 | throughput (samples/sec/per_device): 3.978 | learning rate: 3.094337E-06 | global batch size:    96 | action loss: 1.599604E-01 | loss scale: 1.0 | grad norm: 0.556489 | number of skipped iterations:   0 | number of nan iterations:   0 |
[2026-08-21 16:46:21][INFO] iteration      812/    1000 | consumed samples:        77952 | elapsed time per iteration (ms): 2487.7 | throughput (samples/sec/per_device): 4.824 | learning rate: 3.072893E-06 | global batch size:    96 | action loss: 1.801583E-01 | loss scale: 1.0 | grad norm: 0.592757 | number of skipped iterations:   0 | number of nan iterations:   0 |
[2026-08-21 16:46:26][INFO] iteration      813/    1000 | consumed samples:        78048 | elapsed time per iteration (ms): 4978.8 | throughput (samples/sec/per_device): 2.410 | learning rate: 3.051549E-06 | global batch size:    96 | action loss: 1.538650E-01 | loss scale: 1.0 | grad norm: 0.540472 | number of skipped iterations:   0 | number of nan iterations:   0 |
[2026-08-21 16:46:28][INFO] iteration      814/    1000 | consumed samples:        78144 | elapsed time per iteration (ms): 2845.5 | throughput (samples/sec/per_device): 4.217 | learning rate: 3.030305E-06 | global batch size:    96 | action loss: 1.372740E-01 | loss scale: 1.0 | grad norm: 0.530938 | number of skipped iterations:   0 | number of nan iterations:   0 |
[2026-08-21 16:46:32][INFO] iteration      815/    1000 | consumed samples:        78240 | elapsed time per iteration (ms): 3035.4 | throughput (samples/sec/per_device): 3.953 | learning rate: 3.009162E-06 | global batch size:    96 | action loss: 1.560739E-01 | loss scale: 1.0 | grad norm: 0.522591 | number of skipped iterations:   0 | number of nan iterations:   0 |
[2026-08-21 16:46:36][INFO] iteration      816/    1000 | consumed samples:        78336 | elapsed time per iteration (ms): 4602.5 | throughput (samples/sec/per_device): 2.607 | learning rate: 2.988119E-06 | global batch size:    96 | action loss: 1.411609E-01 | loss scale: 1.0 | grad norm: 0.522876 | number of skipped iterations:   0 | number of nan iterations:   0 |
[2026-08-21 16:46:39][INFO] iteration      817/    1000 | consumed samples:        78432 | elapsed time per iteration (ms): 2789.2 | throughput (samples/sec/per_device): 4.302 | learning rate: 2.967177E-06 | global batch size:    96 | action loss: 1.561480E-01 | loss scale: 1.0 | grad norm: 0.528551 | number of skipped iterations:   0 | number of nan iterations:   0 |
[2026-08-21 16:46:42][INFO] iteration      818/    1000 | consumed samples:        78528 | elapsed time per iteration (ms): 2779.1 | throughput (samples/sec/per_device): 4.318 | learning rate: 2.946336E-06 | global batch size:    96 | action loss: 1.867518E-01 | loss scale: 1.0 | grad norm: 0.537051 | number of skipped iterations:   0 | number of nan iterations:   0 |
[2026-08-21 16:46:47][INFO] iteration      819/    1000 | consumed samples:        78624 | elapsed time per iteration (ms): 5034.8 | throughput (samples/sec/per_device): 2.383 | learning rate: 2.925596E-06 | global batch size:    96 | action loss: 1.724988E-01 | loss scale: 1.0 | grad norm: 0.571653 | number of skipped iterations:   0 | number of nan iterations:   0 |
[2026-08-21 16:46:49][INFO] iteration      820/    1000 | consumed samples:        78720 | elapsed time per iteration (ms): 2611.8 | throughput (samples/sec/per_device): 4.594 | learning rate: 2.904958E-06 | global batch size:    96 | action loss: 1.561143E-01 | loss scale: 1.0 | grad norm: 0.570786 | number of skipped iterations:   0 | number of nan iterations:   0 |
[2026-08-21 16:46:49][INFO] max time across ranks (ms):
    forward-backward................................: 2481.13
    forward-compute.................................: 1005.25
    backward-compute................................: 2200.88
    batch-generator.................................: 1.90
    nan-grad-cleanup................................: 13.17
    grad-clip.......................................: 33.06
    optimizer.......................................: 86.08
    optimizer-inner-step............................: 85.98
    optimizer-scheduler-step........................: 0.06
    optimizer-zero-grad.............................: 0.55
[2026-08-21 16:46:52][INFO] iteration      821/    1000 | consumed samples:        78816 | elapsed time per iteration (ms): 2504.8 | throughput (samples/sec/per_device): 4.791 | learning rate: 2.884421E-06 | global batch size:    96 | action loss: 1.535209E-01 | loss scale: 1.0 | grad norm: 0.567685 | number of skipped iterations:   0 | number of nan iterations:   0 |
[2026-08-21 16:46:52][INFO] PowerSGDPlusState restart: iter=720 compressed_iter=700 method=approximate rank=1
[2026-08-21 16:47:02][INFO] iteration      822/    1000 | consumed samples:        78912 | elapsed time per iteration (ms): 9968.0 | throughput (samples/sec/per_device): 1.204 | learning rate: 2.863986E-06 | global batch size:    96 | action loss: 1.878406E-01 | loss scale: 1.0 | grad norm: 0.619096 | number of skipped iterations:   0 | number of nan iterations:   0 |
[2026-08-21 16:47:06][INFO] iteration      823/    1000 | consumed samples:        79008 | elapsed time per iteration (ms): 3905.6 | throughput (samples/sec/per_device): 3.073 | learning rate: 2.843653E-06 | global batch size:    96 | action loss: 1.439431E-01 | loss scale: 1.0 | grad norm: 0.566034 | number of skipped iterations:   0 | number of nan iterations:   0 |
[2026-08-21 16:47:11][INFO] iteration      824/    1000 | consumed samples:        79104 | elapsed time per iteration (ms): 5416.8 | throughput (samples/sec/per_device): 2.215 | learning rate: 2.823423E-06 | global batch size:    96 | action loss: 1.514277E-01 | loss scale: 1.0 | grad norm: 0.537176 | number of skipped iterations:   0 | number of nan iterations:   0 |
[2026-08-21 16:47:13][INFO] iteration      825/    1000 | consumed samples:        79200 | elapsed time per iteration (ms): 2048.7 | throughput (samples/sec/per_device): 5.857 | learning rate: 2.803295E-06 | global batch size:    96 | action loss: 1.676156E-01 | loss scale: 1.0 | grad norm: 0.547413 | number of skipped iterations:   0 | number of nan iterations:   0 |
[2026-08-21 16:47:16][INFO] iteration      826/    1000 | consumed samples:        79296 | elapsed time per iteration (ms): 2468.6 | throughput (samples/sec/per_device): 4.861 | learning rate: 2.783270E-06 | global batch size:    96 | action loss: 1.648753E-01 | loss scale: 1.0 | grad norm: 0.575218 | number of skipped iterations:   0 | number of nan iterations:   0 |
[2026-08-21 16:47:18][INFO] iteration      827/    1000 | consumed samples:        79392 | elapsed time per iteration (ms): 2254.3 | throughput (samples/sec/per_device): 5.323 | learning rate: 2.763347E-06 | global batch size:    96 | action loss: 1.702719E-01 | loss scale: 1.0 | grad norm: 0.541624 | number of skipped iterations:   0 | number of nan iterations:   0 |
[2026-08-21 16:47:22][INFO] iteration      828/    1000 | consumed samples:        79488 | elapsed time per iteration (ms): 4236.4 | throughput (samples/sec/per_device): 2.833 | learning rate: 2.743528E-06 | global batch size:    96 | action loss: 1.551886E-01 | loss scale: 1.0 | grad norm: 0.545142 | number of skipped iterations:   0 | number of nan iterations:   0 |
[2026-08-21 16:47:25][INFO] iteration      829/    1000 | consumed samples:        79584 | elapsed time per iteration (ms): 3291.5 | throughput (samples/sec/per_device): 3.646 | learning rate: 2.723812E-06 | global batch size:    96 | action loss: 1.577834E-01 | loss scale: 1.0 | grad norm: 0.523907 | number of skipped iterations:   0 | number of nan iterations:   0 |
[2026-08-21 16:47:28][INFO] iteration      830/    1000 | consumed samples:        79680 | elapsed time per iteration (ms): 2980.5 | throughput (samples/sec/per_device): 4.026 | learning rate: 2.704199E-06 | global batch size:    96 | action loss: 1.997761E-01 | loss scale: 1.0 | grad norm: 0.562755 | number of skipped iterations:   0 | number of nan iterations:   0 |
[2026-08-21 16:47:33][INFO] iteration      831/    1000 | consumed samples:        79776 | elapsed time per iteration (ms): 4620.0 | throughput (samples/sec/per_device): 2.597 | learning rate: 2.684690E-06 | global batch size:    96 | action loss: 1.521698E-01 | loss scale: 1.0 | grad norm: 0.533154 | number of skipped iterations:   0 | number of nan iterations:   0 |
[2026-08-21 16:47:36][INFO] iteration      832/    1000 | consumed samples:        79872 | elapsed time per iteration (ms): 2474.6 | throughput (samples/sec/per_device): 4.849 | learning rate: 2.665285E-06 | global batch size:    96 | action loss: 1.690545E-01 | loss scale: 1.0 | grad norm: 0.573576 | number of skipped iterations:   0 | number of nan iterations:   0 |
[2026-08-21 16:47:38][INFO] iteration      833/    1000 | consumed samples:        79968 | elapsed time per iteration (ms): 2627.1 | throughput (samples/sec/per_device): 4.568 | learning rate: 2.645984E-06 | global batch size:    96 | action loss: 1.669104E-01 | loss scale: 1.0 | grad norm: 0.600108 | number of skipped iterations:   0 | number of nan iterations:   0 |
[2026-08-21 16:47:41][INFO] iteration      834/    1000 | consumed samples:        80064 | elapsed time per iteration (ms): 2479.2 | throughput (samples/sec/per_device): 4.840 | learning rate: 2.626787E-06 | global batch size:    96 | action loss: 1.597140E-01 | loss scale: 1.0 | grad norm: 0.792206 | number of skipped iterations:   0 | number of nan iterations:   0 |
[2026-08-21 16:47:45][INFO] iteration      835/    1000 | consumed samples:        80160 | elapsed time per iteration (ms): 4377.6 | throughput (samples/sec/per_device): 2.741 | learning rate: 2.607695E-06 | global batch size:    96 | action loss: 1.718147E-01 | loss scale: 1.0 | grad norm: 0.636106 | number of skipped iterations:   0 | number of nan iterations:   0 |
[2026-08-21 16:47:48][INFO] iteration      836/    1000 | consumed samples:        80256 | elapsed time per iteration (ms): 2484.3 | throughput (samples/sec/per_device): 4.830 | learning rate: 2.588708E-06 | global batch size:    96 | action loss: 1.694892E-01 | loss scale: 1.0 | grad norm: 0.584059 | number of skipped iterations:   0 | number of nan iterations:   0 |
[2026-08-21 16:47:50][INFO] iteration      837/    1000 | consumed samples:        80352 | elapsed time per iteration (ms): 2321.4 | throughput (samples/sec/per_device): 5.169 | learning rate: 2.569825E-06 | global batch size:    96 | action loss: 1.670505E-01 | loss scale: 1.0 | grad norm: 0.626918 | number of skipped iterations:   0 | number of nan iterations:   0 |
[2026-08-21 16:47:55][INFO] iteration      838/    1000 | consumed samples:        80448 | elapsed time per iteration (ms): 4754.9 | throughput (samples/sec/per_device): 2.524 | learning rate: 2.551047E-06 | global batch size:    96 | action loss: 2.013042E-01 | loss scale: 1.0 | grad norm: 0.646782 | number of skipped iterations:   0 | number of nan iterations:   0 |
[2026-08-21 16:47:57][INFO] iteration      839/    1000 | consumed samples:        80544 | elapsed time per iteration (ms): 2310.7 | throughput (samples/sec/per_device): 5.193 | learning rate: 2.532375E-06 | global batch size:    96 | action loss: 1.582139E-01 | loss scale: 1.0 | grad norm: 0.632135 | number of skipped iterations:   0 | number of nan iterations:   0 |
[2026-08-21 16:47:59][INFO] iteration      840/    1000 | consumed samples:        80640 | elapsed time per iteration (ms): 2252.4 | throughput (samples/sec/per_device): 5.328 | learning rate: 2.513807E-06 | global batch size:    96 | action loss: 1.527708E-01 | loss scale: 1.0 | grad norm: 0.656915 | number of skipped iterations:   0 | number of nan iterations:   0 |
[2026-08-21 16:47:59][INFO] max time across ranks (ms):
    forward-backward................................: 2122.42
    forward-compute.................................: 1017.46
    backward-compute................................: 1842.46
    batch-generator.................................: 1.57
    nan-grad-cleanup................................: 13.17
    grad-clip.......................................: 32.77
    optimizer.......................................: 84.27
    optimizer-inner-step............................: 84.16
    optimizer-scheduler-step........................: 0.08
    optimizer-zero-grad.............................: 0.77
[2026-08-21 16:48:04][INFO] iteration      841/    1000 | consumed samples:        80736 | elapsed time per iteration (ms): 4924.4 | throughput (samples/sec/per_device): 2.437 | learning rate: 2.495346E-06 | global batch size:    96 | action loss: 1.663969E-01 | loss scale: 1.0 | grad norm: 0.615898 | number of skipped iterations:   0 | number of nan iterations:   0 |
[2026-08-21 16:48:09][INFO] iteration      842/    1000 | consumed samples:        80832 | elapsed time per iteration (ms): 4441.4 | throughput (samples/sec/per_device): 2.702 | learning rate: 2.476990E-06 | global batch size:    96 | action loss: 1.605341E-01 | loss scale: 1.0 | grad norm: 0.607439 | number of skipped iterations:   0 | number of nan iterations:   0 |
[2026-08-21 16:48:11][INFO] iteration      843/    1000 | consumed samples:        80928 | elapsed time per iteration (ms): 2604.6 | throughput (samples/sec/per_device): 4.607 | learning rate: 2.458741E-06 | global batch size:    96 | action loss: 1.629759E-01 | loss scale: 1.0 | grad norm: 0.568071 | number of skipped iterations:   0 | number of nan iterations:   0 |
[2026-08-21 16:48:14][INFO] iteration      844/    1000 | consumed samples:        81024 | elapsed time per iteration (ms): 3091.5 | throughput (samples/sec/per_device): 3.882 | learning rate: 2.440597E-06 | global batch size:    96 | action loss: 1.705428E-01 | loss scale: 1.0 | grad norm: 0.567263 | number of skipped iterations:   0 | number of nan iterations:   0 |
[2026-08-21 16:48:19][INFO] iteration      845/    1000 | consumed samples:        81120 | elapsed time per iteration (ms): 4368.6 | throughput (samples/sec/per_device): 2.747 | learning rate: 2.422560E-06 | global batch size:    96 | action loss: 1.421659E-01 | loss scale: 1.0 | grad norm: 0.553206 | number of skipped iterations:   0 | number of nan iterations:   0 |
[2026-08-21 16:48:21][INFO] iteration      846/    1000 | consumed samples:        81216 | elapsed time per iteration (ms): 2811.8 | throughput (samples/sec/per_device): 4.268 | learning rate: 2.404629E-06 | global batch size:    96 | action loss: 1.718844E-01 | loss scale: 1.0 | grad norm: 0.565603 | number of skipped iterations:   0 | number of nan iterations:   0 |
[2026-08-21 16:48:24][INFO] iteration      847/    1000 | consumed samples:        81312 | elapsed time per iteration (ms): 3088.9 | throughput (samples/sec/per_device): 3.885 | learning rate: 2.386805E-06 | global batch size:    96 | action loss: 1.503081E-01 | loss scale: 1.0 | grad norm: 0.542517 | number of skipped iterations:   0 | number of nan iterations:   0 |
[2026-08-21 16:48:28][INFO] iteration      848/    1000 | consumed samples:        81408 | elapsed time per iteration (ms): 3771.4 | throughput (samples/sec/per_device): 3.182 | learning rate: 2.369088E-06 | global batch size:    96 | action loss: 1.568032E-01 | loss scale: 1.0 | grad norm: 0.579289 | number of skipped iterations:   0 | number of nan iterations:   0 |
[2026-08-21 16:48:31][INFO] iteration      849/    1000 | consumed samples:        81504 | elapsed time per iteration (ms): 3140.7 | throughput (samples/sec/per_device): 3.821 | learning rate: 2.351478E-06 | global batch size:    96 | action loss: 1.671443E-01 | loss scale: 1.0 | grad norm: 0.600215 | number of skipped iterations:   0 | number of nan iterations:   0 |
[2026-08-21 16:48:34][INFO] iteration      850/    1000 | consumed samples:        81600 | elapsed time per iteration (ms): 2838.2 | throughput (samples/sec/per_device): 4.228 | learning rate: 2.333975E-06 | global batch size:    96 | action loss: 1.900847E-01 | loss scale: 1.0 | grad norm: 0.572923 | number of skipped iterations:   0 | number of nan iterations:   0 |
[2026-08-21 16:48:37][INFO] iteration      851/    1000 | consumed samples:        81696 | elapsed time per iteration (ms): 2519.3 | throughput (samples/sec/per_device): 4.763 | learning rate: 2.316579E-06 | global batch size:    96 | action loss: 1.616603E-01 | loss scale: 1.0 | grad norm: 0.567856 | number of skipped iterations:   0 | number of nan iterations:   0 |
[2026-08-21 16:48:41][INFO] iteration      852/    1000 | consumed samples:        81792 | elapsed time per iteration (ms): 4372.3 | throughput (samples/sec/per_device): 2.745 | learning rate: 2.299291E-06 | global batch size:    96 | action loss: 1.620376E-01 | loss scale: 1.0 | grad norm: 0.532262 | number of skipped iterations:   0 | number of nan iterations:   0 |
[2026-08-21 16:48:43][INFO] iteration      853/    1000 | consumed samples:        81888 | elapsed time per iteration (ms): 2100.0 | throughput (samples/sec/per_device): 5.714 | learning rate: 2.282111E-06 | global batch size:    96 | action loss: 1.632074E-01 | loss scale: 1.0 | grad norm: 0.551375 | number of skipped iterations:   0 | number of nan iterations:   0 |
[2026-08-21 16:48:46][INFO] iteration      854/    1000 | consumed samples:        81984 | elapsed time per iteration (ms): 3104.6 | throughput (samples/sec/per_device): 3.865 | learning rate: 2.265039E-06 | global batch size:    96 | action loss: 1.724739E-01 | loss scale: 1.0 | grad norm: 0.579235 | number of skipped iterations:   0 | number of nan iterations:   0 |
[2026-08-21 16:48:49][INFO] iteration      855/    1000 | consumed samples:        82080 | elapsed time per iteration (ms): 2518.1 | throughput (samples/sec/per_device): 4.766 | learning rate: 2.248075E-06 | global batch size:    96 | action loss: 1.581483E-01 | loss scale: 1.0 | grad norm: 0.567634 | number of skipped iterations:   0 | number of nan iterations:   0 |
[2026-08-21 16:48:53][INFO] iteration      856/    1000 | consumed samples:        82176 | elapsed time per iteration (ms): 4416.1 | throughput (samples/sec/per_device): 2.717 | learning rate: 2.231219E-06 | global batch size:    96 | action loss: 2.036000E-01 | loss scale: 1.0 | grad norm: 0.593519 | number of skipped iterations:   0 | number of nan iterations:   0 |
[2026-08-21 16:48:56][INFO] iteration      857/    1000 | consumed samples:        82272 | elapsed time per iteration (ms): 2537.2 | throughput (samples/sec/per_device): 4.730 | learning rate: 2.214471E-06 | global batch size:    96 | action loss: 1.484261E-01 | loss scale: 1.0 | grad norm: 0.560475 | number of skipped iterations:   0 | number of nan iterations:   0 |
[2026-08-21 16:48:59][INFO] iteration      858/    1000 | consumed samples:        82368 | elapsed time per iteration (ms): 3090.0 | throughput (samples/sec/per_device): 3.883 | learning rate: 2.197833E-06 | global batch size:    96 | action loss: 1.588466E-01 | loss scale: 1.0 | grad norm: 0.562618 | number of skipped iterations:   0 | number of nan iterations:   0 |
[2026-08-21 16:49:04][INFO] iteration      859/    1000 | consumed samples:        82464 | elapsed time per iteration (ms): 5175.5 | throughput (samples/sec/per_device): 2.319 | learning rate: 2.181303E-06 | global batch size:    96 | action loss: 1.772596E-01 | loss scale: 1.0 | grad norm: 0.534535 | number of skipped iterations:   0 | number of nan iterations:   0 |
[2026-08-21 16:49:08][INFO] iteration      860/    1000 | consumed samples:        82560 | elapsed time per iteration (ms): 4404.9 | throughput (samples/sec/per_device): 2.724 | learning rate: 2.164882E-06 | global batch size:    96 | action loss: 1.471313E-01 | loss scale: 1.0 | grad norm: 0.530721 | number of skipped iterations:   0 | number of nan iterations:   0 |
[2026-08-21 16:49:08][INFO] max time across ranks (ms):
    forward-backward................................: 4275.41
    forward-compute.................................: 1664.56
    backward-compute................................: 3997.65
    batch-generator.................................: 1.89
    nan-grad-cleanup................................: 13.30
    grad-clip.......................................: 32.39
    optimizer.......................................: 84.90
    optimizer-inner-step............................: 84.81
    optimizer-scheduler-step........................: 0.08
    optimizer-zero-grad.............................: 0.53
[2026-08-21 16:49:11][INFO] iteration      861/    1000 | consumed samples:        82656 | elapsed time per iteration (ms): 2668.9 | throughput (samples/sec/per_device): 4.496 | learning rate: 2.148570E-06 | global batch size:    96 | action loss: 1.317212E-01 | loss scale: 1.0 | grad norm: 0.528517 | number of skipped iterations:   0 | number of nan iterations:   0 |
[2026-08-21 16:49:15][INFO] iteration      862/    1000 | consumed samples:        82752 | elapsed time per iteration (ms): 3709.8 | throughput (samples/sec/per_device): 3.235 | learning rate: 2.132367E-06 | global batch size:    96 | action loss: 1.455257E-01 | loss scale: 1.0 | grad norm: 0.515781 | number of skipped iterations:   0 | number of nan iterations:   0 |
[2026-08-21 16:49:17][INFO] iteration      863/    1000 | consumed samples:        82848 | elapsed time per iteration (ms): 2539.6 | throughput (samples/sec/per_device): 4.725 | learning rate: 2.116274E-06 | global batch size:    96 | action loss: 1.695739E-01 | loss scale: 1.0 | grad norm: 0.553071 | number of skipped iterations:   0 | number of nan iterations:   0 |
[2026-08-21 16:49:20][INFO] iteration      864/    1000 | consumed samples:        82944 | elapsed time per iteration (ms): 2818.1 | throughput (samples/sec/per_device): 4.258 | learning rate: 2.100290E-06 | global batch size:    96 | action loss: 1.575661E-01 | loss scale: 1.0 | grad norm: 0.560776 | number of skipped iterations:   0 | number of nan iterations:   0 |
[2026-08-21 16:49:23][INFO] iteration      865/    1000 | consumed samples:        83040 | elapsed time per iteration (ms): 3183.9 | throughput (samples/sec/per_device): 3.769 | learning rate: 2.084416E-06 | global batch size:    96 | action loss: 1.615334E-01 | loss scale: 1.0 | grad norm: 0.569983 | number of skipped iterations:   0 | number of nan iterations:   0 |
[2026-08-21 16:49:28][INFO] iteration      866/    1000 | consumed samples:        83136 | elapsed time per iteration (ms): 4629.1 | throughput (samples/sec/per_device): 2.592 | learning rate: 2.068652E-06 | global batch size:    96 | action loss: 1.527327E-01 | loss scale: 1.0 | grad norm: 0.530205 | number of skipped iterations:   0 | number of nan iterations:   0 |
[2026-08-21 16:49:31][INFO] iteration      867/    1000 | consumed samples:        83232 | elapsed time per iteration (ms): 2616.2 | throughput (samples/sec/per_device): 4.587 | learning rate: 2.052998E-06 | global batch size:    96 | action loss: 1.457083E-01 | loss scale: 1.0 | grad norm: 0.507984 | number of skipped iterations:   0 | number of nan iterations:   0 |
[2026-08-21 16:49:33][INFO] iteration      868/    1000 | consumed samples:        83328 | elapsed time per iteration (ms): 2549.6 | throughput (samples/sec/per_device): 4.707 | learning rate: 2.037455E-06 | global batch size:    96 | action loss: 1.486089E-01 | loss scale: 1.0 | grad norm: 0.532717 | number of skipped iterations:   0 | number of nan iterations:   0 |
[2026-08-21 16:49:38][INFO] iteration      869/    1000 | consumed samples:        83424 | elapsed time per iteration (ms): 5083.8 | throughput (samples/sec/per_device): 2.360 | learning rate: 2.022021E-06 | global batch size:    96 | action loss: 1.606835E-01 | loss scale: 1.0 | grad norm: 0.565274 | number of skipped iterations:   0 | number of nan iterations:   0 |
[2026-08-21 16:49:41][INFO] iteration      870/    1000 | consumed samples:        83520 | elapsed time per iteration (ms): 2508.9 | throughput (samples/sec/per_device): 4.783 | learning rate: 2.006699E-06 | global batch size:    96 | action loss: 1.591621E-01 | loss scale: 1.0 | grad norm: 0.547413 | number of skipped iterations:   0 | number of nan iterations:   0 |
[2026-08-21 16:49:44][INFO] iteration      871/    1000 | consumed samples:        83616 | elapsed time per iteration (ms): 3264.3 | throughput (samples/sec/per_device): 3.676 | learning rate: 1.991486E-06 | global batch size:    96 | action loss: 1.401583E-01 | loss scale: 1.0 | grad norm: 0.542559 | number of skipped iterations:   0 | number of nan iterations:   0 |
[2026-08-21 16:49:44][INFO] PowerSGDPlusState restart: iter=770 compressed_iter=750 method=approximate rank=1
[2026-08-21 16:49:52][INFO] iteration      872/    1000 | consumed samples:        83712 | elapsed time per iteration (ms): 7817.6 | throughput (samples/sec/per_device): 1.535 | learning rate: 1.976385E-06 | global batch size:    96 | action loss: 1.475602E-01 | loss scale: 1.0 | grad norm: 0.616098 | number of skipped iterations:   0 | number of nan iterations:   0 |
[2026-08-21 16:49:55][INFO] iteration      873/    1000 | consumed samples:        83808 | elapsed time per iteration (ms): 3520.3 | throughput (samples/sec/per_device): 3.409 | learning rate: 1.961395E-06 | global batch size:    96 | action loss: 1.587960E-01 | loss scale: 1.0 | grad norm: 0.565578 | number of skipped iterations:   0 | number of nan iterations:   0 |
[2026-08-21 16:50:01][INFO] iteration      874/    1000 | consumed samples:        83904 | elapsed time per iteration (ms): 5501.9 | throughput (samples/sec/per_device): 2.181 | learning rate: 1.946516E-06 | global batch size:    96 | action loss: 1.515810E-01 | loss scale: 1.0 | grad norm: 0.562330 | number of skipped iterations:   0 | number of nan iterations:   0 |
[2026-08-21 16:50:03][INFO] iteration      875/    1000 | consumed samples:        84000 | elapsed time per iteration (ms): 2014.2 | throughput (samples/sec/per_device): 5.958 | learning rate: 1.931748E-06 | global batch size:    96 | action loss: 1.389515E-01 | loss scale: 1.0 | grad norm: 0.566201 | number of skipped iterations:   0 | number of nan iterations:   0 |
[2026-08-21 16:50:05][INFO] iteration      876/    1000 | consumed samples:        84096 | elapsed time per iteration (ms): 2487.5 | throughput (samples/sec/per_device): 4.824 | learning rate: 1.917092E-06 | global batch size:    96 | action loss: 1.676354E-01 | loss scale: 1.0 | grad norm: 0.547896 | number of skipped iterations:   0 | number of nan iterations:   0 |
[2026-08-21 16:50:09][INFO] iteration      877/    1000 | consumed samples:        84192 | elapsed time per iteration (ms): 3506.8 | throughput (samples/sec/per_device): 3.422 | learning rate: 1.902548E-06 | global batch size:    96 | action loss: 1.475311E-01 | loss scale: 1.0 | grad norm: 0.543022 | number of skipped iterations:   0 | number of nan iterations:   0 |
[2026-08-21 16:50:15][INFO] iteration      878/    1000 | consumed samples:        84288 | elapsed time per iteration (ms): 5611.7 | throughput (samples/sec/per_device): 2.138 | learning rate: 1.888115E-06 | global batch size:    96 | action loss: 1.493802E-01 | loss scale: 1.0 | grad norm: 0.519919 | number of skipped iterations:   0 | number of nan iterations:   0 |
[2026-08-21 16:50:17][INFO] iteration      879/    1000 | consumed samples:        84384 | elapsed time per iteration (ms): 2654.1 | throughput (samples/sec/per_device): 4.521 | learning rate: 1.873794E-06 | global batch size:    96 | action loss: 1.598228E-01 | loss scale: 1.0 | grad norm: 0.527461 | number of skipped iterations:   0 | number of nan iterations:   0 |
[2026-08-21 16:50:20][INFO] iteration      880/    1000 | consumed samples:        84480 | elapsed time per iteration (ms): 2415.9 | throughput (samples/sec/per_device): 4.967 | learning rate: 1.859585E-06 | global batch size:    96 | action loss: 1.568124E-01 | loss scale: 1.0 | grad norm: 0.550627 | number of skipped iterations:   0 | number of nan iterations:   0 |
[2026-08-21 16:50:20][INFO] max time across ranks (ms):
    forward-backward................................: 2284.36
    forward-compute.................................: 1356.39
    backward-compute................................: 2004.34
    batch-generator.................................: 1.60
    nan-grad-cleanup................................: 13.02
    grad-clip.......................................: 33.11
    optimizer.......................................: 84.47
    optimizer-inner-step............................: 84.36
    optimizer-scheduler-step........................: 0.06
    optimizer-zero-grad.............................: 0.80
[2026-08-21 16:50:24][INFO] iteration      881/    1000 | consumed samples:        84576 | elapsed time per iteration (ms): 4486.6 | throughput (samples/sec/per_device): 2.675 | learning rate: 1.845488E-06 | global batch size:    96 | action loss: 1.672678E-01 | loss scale: 1.0 | grad norm: 0.548024 | number of skipped iterations:   0 | number of nan iterations:   0 |
[2026-08-21 16:50:27][INFO] iteration      882/    1000 | consumed samples:        84672 | elapsed time per iteration (ms): 2596.7 | throughput (samples/sec/per_device): 4.621 | learning rate: 1.831504E-06 | global batch size:    96 | action loss: 1.650897E-01 | loss scale: 1.0 | grad norm: 0.554191 | number of skipped iterations:   0 | number of nan iterations:   0 |
[2026-08-21 16:50:29][INFO] iteration      883/    1000 | consumed samples:        84768 | elapsed time per iteration (ms): 2530.2 | throughput (samples/sec/per_device): 4.743 | learning rate: 1.817632E-06 | global batch size:    96 | action loss: 1.503826E-01 | loss scale: 1.0 | grad norm: 0.530255 | number of skipped iterations:   0 | number of nan iterations:   0 |
[2026-08-21 16:50:32][INFO] iteration      884/    1000 | consumed samples:        84864 | elapsed time per iteration (ms): 2342.9 | throughput (samples/sec/per_device): 5.122 | learning rate: 1.803872E-06 | global batch size:    96 | action loss: 1.292754E-01 | loss scale: 1.0 | grad norm: 0.553863 | number of skipped iterations:   0 | number of nan iterations:   0 |
[2026-08-21 16:50:36][INFO] iteration      885/    1000 | consumed samples:        84960 | elapsed time per iteration (ms): 4312.4 | throughput (samples/sec/per_device): 2.783 | learning rate: 1.790226E-06 | global batch size:    96 | action loss: 1.552279E-01 | loss scale: 1.0 | grad norm: 0.536533 | number of skipped iterations:   0 | number of nan iterations:   0 |
[2026-08-21 16:50:38][INFO] iteration      886/    1000 | consumed samples:        85056 | elapsed time per iteration (ms): 2204.1 | throughput (samples/sec/per_device): 5.444 | learning rate: 1.776692E-06 | global batch size:    96 | action loss: 1.999053E-01 | loss scale: 1.0 | grad norm: 0.531458 | number of skipped iterations:   0 | number of nan iterations:   0 |
[2026-08-21 16:50:41][INFO] iteration      887/    1000 | consumed samples:        85152 | elapsed time per iteration (ms): 2591.3 | throughput (samples/sec/per_device): 4.631 | learning rate: 1.763271E-06 | global batch size:    96 | action loss: 1.776032E-01 | loss scale: 1.0 | grad norm: 0.530379 | number of skipped iterations:   0 | number of nan iterations:   0 |
[2026-08-21 16:50:43][INFO] iteration      888/    1000 | consumed samples:        85248 | elapsed time per iteration (ms): 2508.0 | throughput (samples/sec/per_device): 4.785 | learning rate: 1.749964E-06 | global batch size:    96 | action loss: 1.738415E-01 | loss scale: 1.0 | grad norm: 0.565532 | number of skipped iterations:   0 | number of nan iterations:   0 |
[2026-08-21 16:50:48][INFO] iteration      889/    1000 | consumed samples:        85344 | elapsed time per iteration (ms): 4548.2 | throughput (samples/sec/per_device): 2.638 | learning rate: 1.736769E-06 | global batch size:    96 | action loss: 1.336718E-01 | loss scale: 1.0 | grad norm: 0.550582 | number of skipped iterations:   0 | number of nan iterations:   0 |
[2026-08-21 16:50:50][INFO] iteration      890/    1000 | consumed samples:        85440 | elapsed time per iteration (ms): 2601.9 | throughput (samples/sec/per_device): 4.612 | learning rate: 1.723689E-06 | global batch size:    96 | action loss: 1.458139E-01 | loss scale: 1.0 | grad norm: 0.523935 | number of skipped iterations:   0 | number of nan iterations:   0 |
[2026-08-21 16:50:53][INFO] iteration      891/    1000 | consumed samples:        85536 | elapsed time per iteration (ms): 2559.3 | throughput (samples/sec/per_device): 4.689 | learning rate: 1.710721E-06 | global batch size:    96 | action loss: 1.515293E-01 | loss scale: 1.0 | grad norm: 0.521207 | number of skipped iterations:   0 | number of nan iterations:   0 |
[2026-08-21 16:50:58][INFO] iteration      892/    1000 | consumed samples:        85632 | elapsed time per iteration (ms): 4752.7 | throughput (samples/sec/per_device): 2.525 | learning rate: 1.697868E-06 | global batch size:    96 | action loss: 1.635931E-01 | loss scale: 1.0 | grad norm: 0.515600 | number of skipped iterations:   0 | number of nan iterations:   0 |
[2026-08-21 16:51:00][INFO] iteration      893/    1000 | consumed samples:        85728 | elapsed time per iteration (ms): 2559.2 | throughput (samples/sec/per_device): 4.689 | learning rate: 1.685128E-06 | global batch size:    96 | action loss: 1.567175E-01 | loss scale: 1.0 | grad norm: 0.541647 | number of skipped iterations:   0 | number of nan iterations:   0 |
[2026-08-21 16:51:03][INFO] iteration      894/    1000 | consumed samples:        85824 | elapsed time per iteration (ms): 3096.4 | throughput (samples/sec/per_device): 3.875 | learning rate: 1.672502E-06 | global batch size:    96 | action loss: 1.330829E-01 | loss scale: 1.0 | grad norm: 0.535918 | number of skipped iterations:   0 | number of nan iterations:   0 |
[2026-08-21 16:51:06][INFO] iteration      895/    1000 | consumed samples:        85920 | elapsed time per iteration (ms): 2260.6 | throughput (samples/sec/per_device): 5.308 | learning rate: 1.659990E-06 | global batch size:    96 | action loss: 1.469841E-01 | loss scale: 1.0 | grad norm: 0.556281 | number of skipped iterations:   0 | number of nan iterations:   0 |
[2026-08-21 16:51:10][INFO] iteration      896/    1000 | consumed samples:        86016 | elapsed time per iteration (ms): 4069.4 | throughput (samples/sec/per_device): 2.949 | learning rate: 1.647593E-06 | global batch size:    96 | action loss: 1.557479E-01 | loss scale: 1.0 | grad norm: 0.545886 | number of skipped iterations:   0 | number of nan iterations:   0 |
[2026-08-21 16:51:14][INFO] iteration      897/    1000 | consumed samples:        86112 | elapsed time per iteration (ms): 4605.9 | throughput (samples/sec/per_device): 2.605 | learning rate: 1.635309E-06 | global batch size:    96 | action loss: 1.776466E-01 | loss scale: 1.0 | grad norm: 0.549011 | number of skipped iterations:   0 | number of nan iterations:   0 |
[2026-08-21 16:51:17][INFO] iteration      898/    1000 | consumed samples:        86208 | elapsed time per iteration (ms): 2542.2 | throughput (samples/sec/per_device): 4.720 | learning rate: 1.623140E-06 | global batch size:    96 | action loss: 1.555622E-01 | loss scale: 1.0 | grad norm: 0.523699 | number of skipped iterations:   0 | number of nan iterations:   0 |
[2026-08-21 16:51:21][INFO] iteration      899/    1000 | consumed samples:        86304 | elapsed time per iteration (ms): 4244.5 | throughput (samples/sec/per_device): 2.827 | learning rate: 1.611086E-06 | global batch size:    96 | action loss: 1.488523E-01 | loss scale: 1.0 | grad norm: 0.514053 | number of skipped iterations:   0 | number of nan iterations:   0 |
[2026-08-21 16:51:24][INFO] iteration      900/    1000 | consumed samples:        86400 | elapsed time per iteration (ms): 3341.9 | throughput (samples/sec/per_device): 3.591 | learning rate: 1.599147E-06 | global batch size:    96 | action loss: 1.561072E-01 | loss scale: 1.0 | grad norm: 0.532628 | number of skipped iterations:   0 | number of nan iterations:   0 |
[2026-08-21 16:51:24][INFO] max time across ranks (ms):
    forward-backward................................: 3212.17
    forward-compute.................................: 1053.41
    backward-compute................................: 2936.16
    batch-generator.................................: 1.82
    nan-grad-cleanup................................: 13.31
    grad-clip.......................................: 32.33
    optimizer.......................................: 84.08
    optimizer-inner-step............................: 83.98
    optimizer-scheduler-step........................: 0.07
    optimizer-zero-grad.............................: 0.40
[2026-08-21 16:51:26][INFO] iteration      901/    1000 | consumed samples:        86496 | elapsed time per iteration (ms): 2035.6 | throughput (samples/sec/per_device): 5.895 | learning rate: 1.587322E-06 | global batch size:    96 | action loss: 1.559449E-01 | loss scale: 1.0 | grad norm: 0.546954 | number of skipped iterations:   0 | number of nan iterations:   0 |
[2026-08-21 16:51:29][INFO] iteration      902/    1000 | consumed samples:        86592 | elapsed time per iteration (ms): 2241.2 | throughput (samples/sec/per_device): 5.354 | learning rate: 1.575612E-06 | global batch size:    96 | action loss: 1.814557E-01 | loss scale: 1.0 | grad norm: 0.651886 | number of skipped iterations:   0 | number of nan iterations:   0 |
[2026-08-21 16:51:33][INFO] iteration      903/    1000 | consumed samples:        86688 | elapsed time per iteration (ms): 4504.3 | throughput (samples/sec/per_device): 2.664 | learning rate: 1.564017E-06 | global batch size:    96 | action loss: 1.448026E-01 | loss scale: 1.0 | grad norm: 0.624082 | number of skipped iterations:   0 | number of nan iterations:   0 |
[2026-08-21 16:51:36][INFO] iteration      904/    1000 | consumed samples:        86784 | elapsed time per iteration (ms): 3121.6 | throughput (samples/sec/per_device): 3.844 | learning rate: 1.552537E-06 | global batch size:    96 | action loss: 1.903939E-01 | loss scale: 1.0 | grad norm: 0.567770 | number of skipped iterations:   0 | number of nan iterations:   0 |
[2026-08-21 16:51:39][INFO] iteration      905/    1000 | consumed samples:        86880 | elapsed time per iteration (ms): 2720.2 | throughput (samples/sec/per_device): 4.411 | learning rate: 1.541173E-06 | global batch size:    96 | action loss: 1.638166E-01 | loss scale: 1.0 | grad norm: 0.578999 | number of skipped iterations:   0 | number of nan iterations:   0 |
[2026-08-21 16:51:44][INFO] iteration      906/    1000 | consumed samples:        86976 | elapsed time per iteration (ms): 4556.9 | throughput (samples/sec/per_device): 2.633 | learning rate: 1.529924E-06 | global batch size:    96 | action loss: 1.710889E-01 | loss scale: 1.0 | grad norm: 0.569629 | number of skipped iterations:   0 | number of nan iterations:   0 |
[2026-08-21 16:51:46][INFO] iteration      907/    1000 | consumed samples:        87072 | elapsed time per iteration (ms): 2831.5 | throughput (samples/sec/per_device): 4.238 | learning rate: 1.518791E-06 | global batch size:    96 | action loss: 1.523910E-01 | loss scale: 1.0 | grad norm: 0.551068 | number of skipped iterations:   0 | number of nan iterations:   0 |
[2026-08-21 16:51:49][INFO] iteration      908/    1000 | consumed samples:        87168 | elapsed time per iteration (ms): 2941.4 | throughput (samples/sec/per_device): 4.080 | learning rate: 1.507773E-06 | global batch size:    96 | action loss: 1.292310E-01 | loss scale: 1.0 | grad norm: 0.540262 | number of skipped iterations:   0 | number of nan iterations:   0 |
[2026-08-21 16:51:53][INFO] iteration      909/    1000 | consumed samples:        87264 | elapsed time per iteration (ms): 3416.6 | throughput (samples/sec/per_device): 3.512 | learning rate: 1.496871E-06 | global batch size:    96 | action loss: 1.586898E-01 | loss scale: 1.0 | grad norm: 0.561429 | number of skipped iterations:   0 | number of nan iterations:   0 |
[2026-08-21 16:51:56][INFO] iteration      910/    1000 | consumed samples:        87360 | elapsed time per iteration (ms): 3083.4 | throughput (samples/sec/per_device): 3.892 | learning rate: 1.486084E-06 | global batch size:    96 | action loss: 1.638031E-01 | loss scale: 1.0 | grad norm: 0.552826 | number of skipped iterations:   0 | number of nan iterations:   0 |
[2026-08-21 16:51:58][INFO] iteration      911/    1000 | consumed samples:        87456 | elapsed time per iteration (ms): 2451.3 | throughput (samples/sec/per_device): 4.895 | learning rate: 1.475414E-06 | global batch size:    96 | action loss: 1.611534E-01 | loss scale: 1.0 | grad norm: 0.558804 | number of skipped iterations:   0 | number of nan iterations:   0 |
[2026-08-21 16:52:01][INFO] iteration      912/    1000 | consumed samples:        87552 | elapsed time per iteration (ms): 2647.7 | throughput (samples/sec/per_device): 4.532 | learning rate: 1.464860E-06 | global batch size:    96 | action loss: 1.771057E-01 | loss scale: 1.0 | grad norm: 0.544882 | number of skipped iterations:   0 | number of nan iterations:   0 |
[2026-08-21 16:52:06][INFO] iteration      913/    1000 | consumed samples:        87648 | elapsed time per iteration (ms): 5031.8 | throughput (samples/sec/per_device): 2.385 | learning rate: 1.454421E-06 | global batch size:    96 | action loss: 1.671084E-01 | loss scale: 1.0 | grad norm: 0.560360 | number of skipped iterations:   0 | number of nan iterations:   0 |
[2026-08-21 16:52:09][INFO] iteration      914/    1000 | consumed samples:        87744 | elapsed time per iteration (ms): 2799.1 | throughput (samples/sec/per_device): 4.287 | learning rate: 1.444100E-06 | global batch size:    96 | action loss: 1.299055E-01 | loss scale: 1.0 | grad norm: 0.522159 | number of skipped iterations:   0 | number of nan iterations:   0 |
[2026-08-21 16:52:12][INFO] iteration      915/    1000 | consumed samples:        87840 | elapsed time per iteration (ms): 3079.0 | throughput (samples/sec/per_device): 3.897 | learning rate: 1.433894E-06 | global batch size:    96 | action loss: 1.530869E-01 | loss scale: 1.0 | grad norm: 0.570069 | number of skipped iterations:   0 | number of nan iterations:   0 |
[2026-08-21 16:52:18][INFO] iteration      916/    1000 | consumed samples:        87936 | elapsed time per iteration (ms): 5950.8 | throughput (samples/sec/per_device): 2.017 | learning rate: 1.423805E-06 | global batch size:    96 | action loss: 1.807221E-01 | loss scale: 1.0 | grad norm: 0.556546 | number of skipped iterations:   0 | number of nan iterations:   0 |
[2026-08-21 16:52:21][INFO] iteration      917/    1000 | consumed samples:        88032 | elapsed time per iteration (ms): 3446.0 | throughput (samples/sec/per_device): 3.482 | learning rate: 1.413833E-06 | global batch size:    96 | action loss: 1.561330E-01 | loss scale: 1.0 | grad norm: 0.541208 | number of skipped iterations:   0 | number of nan iterations:   0 |
[2026-08-21 16:52:24][INFO] iteration      918/    1000 | consumed samples:        88128 | elapsed time per iteration (ms): 2789.4 | throughput (samples/sec/per_device): 4.302 | learning rate: 1.403977E-06 | global batch size:    96 | action loss: 1.825429E-01 | loss scale: 1.0 | grad norm: 0.551329 | number of skipped iterations:   0 | number of nan iterations:   0 |
[2026-08-21 16:52:29][INFO] iteration      919/    1000 | consumed samples:        88224 | elapsed time per iteration (ms): 4981.4 | throughput (samples/sec/per_device): 2.409 | learning rate: 1.394238E-06 | global batch size:    96 | action loss: 1.569306E-01 | loss scale: 1.0 | grad norm: 0.551937 | number of skipped iterations:   0 | number of nan iterations:   0 |
[2026-08-21 16:52:32][INFO] iteration      920/    1000 | consumed samples:        88320 | elapsed time per iteration (ms): 2716.7 | throughput (samples/sec/per_device): 4.417 | learning rate: 1.384616E-06 | global batch size:    96 | action loss: 1.360605E-01 | loss scale: 1.0 | grad norm: 0.545571 | number of skipped iterations:   0 | number of nan iterations:   0 |
[2026-08-21 16:52:32][INFO] max time across ranks (ms):
    forward-backward................................: 2585.22
    forward-compute.................................: 1038.07
    backward-compute................................: 2306.10
    batch-generator.................................: 1.82
    nan-grad-cleanup................................: 13.40
    grad-clip.......................................: 33.07
    optimizer.......................................: 85.97
    optimizer-inner-step............................: 85.85
    optimizer-scheduler-step........................: 0.09
    optimizer-zero-grad.............................: 0.47
[2026-08-21 16:52:35][INFO] iteration      921/    1000 | consumed samples:        88416 | elapsed time per iteration (ms): 3082.6 | throughput (samples/sec/per_device): 3.893 | learning rate: 1.375110E-06 | global batch size:    96 | action loss: 1.661766E-01 | loss scale: 1.0 | grad norm: 0.563431 | number of skipped iterations:   0 | number of nan iterations:   0 |
[2026-08-21 16:52:35][INFO] PowerSGDPlusState restart: iter=820 compressed_iter=800 method=approximate rank=1
[2026-08-21 16:52:43][INFO] iteration      922/    1000 | consumed samples:        88512 | elapsed time per iteration (ms): 8322.5 | throughput (samples/sec/per_device): 1.442 | learning rate: 1.365722E-06 | global batch size:    96 | action loss: 1.637297E-01 | loss scale: 1.0 | grad norm: 0.653042 | number of skipped iterations:   0 | number of nan iterations:   0 |
[2026-08-21 16:52:47][INFO] iteration      923/    1000 | consumed samples:        88608 | elapsed time per iteration (ms): 3861.8 | throughput (samples/sec/per_device): 3.107 | learning rate: 1.356451E-06 | global batch size:    96 | action loss: 2.084314E-01 | loss scale: 1.0 | grad norm: 0.580517 | number of skipped iterations:   0 | number of nan iterations:   0 |
[2026-08-21 16:52:52][INFO] iteration      924/    1000 | consumed samples:        88704 | elapsed time per iteration (ms): 5428.0 | throughput (samples/sec/per_device): 2.211 | learning rate: 1.347298E-06 | global batch size:    96 | action loss: 1.546393E-01 | loss scale: 1.0 | grad norm: 0.551615 | number of skipped iterations:   0 | number of nan iterations:   0 |
[2026-08-21 16:52:54][INFO] iteration      925/    1000 | consumed samples:        88800 | elapsed time per iteration (ms): 2006.3 | throughput (samples/sec/per_device): 5.981 | learning rate: 1.338261E-06 | global batch size:    96 | action loss: 1.421058E-01 | loss scale: 1.0 | grad norm: 0.559984 | number of skipped iterations:   0 | number of nan iterations:   0 |
[2026-08-21 16:52:57][INFO] iteration      926/    1000 | consumed samples:        88896 | elapsed time per iteration (ms): 2458.7 | throughput (samples/sec/per_device): 4.881 | learning rate: 1.329342E-06 | global batch size:    96 | action loss: 1.451741E-01 | loss scale: 1.0 | grad norm: 0.549254 | number of skipped iterations:   0 | number of nan iterations:   0 |
[2026-08-21 16:52:59][INFO] iteration      927/    1000 | consumed samples:        88992 | elapsed time per iteration (ms): 2175.8 | throughput (samples/sec/per_device): 5.515 | learning rate: 1.320541E-06 | global batch size:    96 | action loss: 1.532814E-01 | loss scale: 1.0 | grad norm: 0.560200 | number of skipped iterations:   0 | number of nan iterations:   0 |
[2026-08-21 16:53:04][INFO] iteration      928/    1000 | consumed samples:        89088 | elapsed time per iteration (ms): 5026.4 | throughput (samples/sec/per_device): 2.387 | learning rate: 1.311857E-06 | global batch size:    96 | action loss: 1.636802E-01 | loss scale: 1.0 | grad norm: 0.579207 | number of skipped iterations:   0 | number of nan iterations:   0 |
[2026-08-21 16:53:07][INFO] iteration      929/    1000 | consumed samples:        89184 | elapsed time per iteration (ms): 2666.6 | throughput (samples/sec/per_device): 4.500 | learning rate: 1.303291E-06 | global batch size:    96 | action loss: 1.732202E-01 | loss scale: 1.0 | grad norm: 0.536153 | number of skipped iterations:   0 | number of nan iterations:   0 |
[2026-08-21 16:53:09][INFO] iteration      930/    1000 | consumed samples:        89280 | elapsed time per iteration (ms): 2662.1 | throughput (samples/sec/per_device): 4.508 | learning rate: 1.294843E-06 | global batch size:    96 | action loss: 1.682341E-01 | loss scale: 1.0 | grad norm: 0.551768 | number of skipped iterations:   0 | number of nan iterations:   0 |
[2026-08-21 16:53:13][INFO] iteration      931/    1000 | consumed samples:        89376 | elapsed time per iteration (ms): 3400.7 | throughput (samples/sec/per_device): 3.529 | learning rate: 1.286512E-06 | global batch size:    96 | action loss: 1.740860E-01 | loss scale: 1.0 | grad norm: 0.567474 | number of skipped iterations:   0 | number of nan iterations:   0 |
[2026-08-21 16:53:17][INFO] iteration      932/    1000 | consumed samples:        89472 | elapsed time per iteration (ms): 3895.7 | throughput (samples/sec/per_device): 3.080 | learning rate: 1.278300E-06 | global batch size:    96 | action loss: 1.518378E-01 | loss scale: 1.0 | grad norm: 0.546910 | number of skipped iterations:   0 | number of nan iterations:   0 |
[2026-08-21 16:53:21][INFO] iteration      933/    1000 | consumed samples:        89568 | elapsed time per iteration (ms): 3843.0 | throughput (samples/sec/per_device): 3.123 | learning rate: 1.270205E-06 | global batch size:    96 | action loss: 1.453790E-01 | loss scale: 1.0 | grad norm: 0.544060 | number of skipped iterations:   0 | number of nan iterations:   0 |
[2026-08-21 16:53:27][INFO] iteration      934/    1000 | consumed samples:        89664 | elapsed time per iteration (ms): 5999.0 | throughput (samples/sec/per_device): 2.000 | learning rate: 1.262229E-06 | global batch size:    96 | action loss: 1.436711E-01 | loss scale: 1.0 | grad norm: 0.588727 | number of skipped iterations:   0 | number of nan iterations:   0 |
[2026-08-21 16:53:30][INFO] iteration      935/    1000 | consumed samples:        89760 | elapsed time per iteration (ms): 2902.3 | throughput (samples/sec/per_device): 4.135 | learning rate: 1.254371E-06 | global batch size:    96 | action loss: 1.659560E-01 | loss scale: 1.0 | grad norm: 0.545685 | number of skipped iterations:   0 | number of nan iterations:   0 |
[2026-08-21 16:53:31][INFO] iteration      936/    1000 | consumed samples:        89856 | elapsed time per iteration (ms): 1838.6 | throughput (samples/sec/per_device): 6.527 | learning rate: 1.246631E-06 | global batch size:    96 | action loss: 1.660375E-01 | loss scale: 1.0 | grad norm: 0.555717 | number of skipped iterations:   0 | number of nan iterations:   0 |
[2026-08-21 16:53:34][INFO] iteration      937/    1000 | consumed samples:        89952 | elapsed time per iteration (ms): 2224.1 | throughput (samples/sec/per_device): 5.396 | learning rate: 1.239009E-06 | global batch size:    96 | action loss: 2.121383E-01 | loss scale: 1.0 | grad norm: 0.575813 | number of skipped iterations:   0 | number of nan iterations:   0 |
[2026-08-21 16:53:38][INFO] iteration      938/    1000 | consumed samples:        90048 | elapsed time per iteration (ms): 4499.7 | throughput (samples/sec/per_device): 2.667 | learning rate: 1.231506E-06 | global batch size:    96 | action loss: 1.781799E-01 | loss scale: 1.0 | grad norm: 0.572646 | number of skipped iterations:   0 | number of nan iterations:   0 |
[2026-08-21 16:53:41][INFO] iteration      939/    1000 | consumed samples:        90144 | elapsed time per iteration (ms): 3198.1 | throughput (samples/sec/per_device): 3.752 | learning rate: 1.224122E-06 | global batch size:    96 | action loss: 1.742506E-01 | loss scale: 1.0 | grad norm: 0.548112 | number of skipped iterations:   0 | number of nan iterations:   0 |
[2026-08-21 16:53:45][INFO] iteration      940/    1000 | consumed samples:        90240 | elapsed time per iteration (ms): 3265.7 | throughput (samples/sec/per_device): 3.675 | learning rate: 1.216856E-06 | global batch size:    96 | action loss: 1.689060E-01 | loss scale: 1.0 | grad norm: 0.542450 | number of skipped iterations:   0 | number of nan iterations:   0 |
[2026-08-21 16:53:45][INFO] max time across ranks (ms):
    forward-backward................................: 3134.90
    forward-compute.................................: 1117.67
    backward-compute................................: 2853.86
    batch-generator.................................: 1.52
    nan-grad-cleanup................................: 13.26
    grad-clip.......................................: 32.31
    optimizer.......................................: 85.99
    optimizer-inner-step............................: 85.89
    optimizer-scheduler-step........................: 0.07
    optimizer-zero-grad.............................: 0.77
[2026-08-21 16:53:50][INFO] iteration      941/    1000 | consumed samples:        90336 | elapsed time per iteration (ms): 4966.5 | throughput (samples/sec/per_device): 2.416 | learning rate: 1.209708E-06 | global batch size:    96 | action loss: 1.496987E-01 | loss scale: 1.0 | grad norm: 0.591260 | number of skipped iterations:   0 | number of nan iterations:   0 |
[2026-08-21 16:53:52][INFO] iteration      942/    1000 | consumed samples:        90432 | elapsed time per iteration (ms): 2738.4 | throughput (samples/sec/per_device): 4.382 | learning rate: 1.202680E-06 | global batch size:    96 | action loss: 2.074912E-01 | loss scale: 1.0 | grad norm: 0.623972 | number of skipped iterations:   0 | number of nan iterations:   0 |
[2026-08-21 16:53:55][INFO] iteration      943/    1000 | consumed samples:        90528 | elapsed time per iteration (ms): 3214.3 | throughput (samples/sec/per_device): 3.733 | learning rate: 1.195770E-06 | global batch size:    96 | action loss: 1.547992E-01 | loss scale: 1.0 | grad norm: 0.592012 | number of skipped iterations:   0 | number of nan iterations:   0 |
[2026-08-21 16:54:00][INFO] iteration      944/    1000 | consumed samples:        90624 | elapsed time per iteration (ms): 4486.9 | throughput (samples/sec/per_device): 2.674 | learning rate: 1.188979E-06 | global batch size:    96 | action loss: 1.429138E-01 | loss scale: 1.0 | grad norm: 0.555785 | number of skipped iterations:   0 | number of nan iterations:   0 |
[2026-08-21 16:54:02][INFO] iteration      945/    1000 | consumed samples:        90720 | elapsed time per iteration (ms): 2381.6 | throughput (samples/sec/per_device): 5.039 | learning rate: 1.182307E-06 | global batch size:    96 | action loss: 1.387074E-01 | loss scale: 1.0 | grad norm: 0.531340 | number of skipped iterations:   0 | number of nan iterations:   0 |
[2026-08-21 16:54:05][INFO] iteration      946/    1000 | consumed samples:        90816 | elapsed time per iteration (ms): 2724.9 | throughput (samples/sec/per_device): 4.404 | learning rate: 1.175754E-06 | global batch size:    96 | action loss: 1.622477E-01 | loss scale: 1.0 | grad norm: 0.557291 | number of skipped iterations:   0 | number of nan iterations:   0 |
[2026-08-21 16:54:09][INFO] iteration      947/    1000 | consumed samples:        90912 | elapsed time per iteration (ms): 3696.3 | throughput (samples/sec/per_device): 3.247 | learning rate: 1.169320E-06 | global batch size:    96 | action loss: 1.465879E-01 | loss scale: 1.0 | grad norm: 0.568479 | number of skipped iterations:   0 | number of nan iterations:   0 |
[2026-08-21 16:54:12][INFO] iteration      948/    1000 | consumed samples:        91008 | elapsed time per iteration (ms): 3435.0 | throughput (samples/sec/per_device): 3.493 | learning rate: 1.163005E-06 | global batch size:    96 | action loss: 1.481482E-01 | loss scale: 1.0 | grad norm: 0.518719 | number of skipped iterations:   0 | number of nan iterations:   0 |
[2026-08-21 16:54:14][INFO] iteration      949/    1000 | consumed samples:        91104 | elapsed time per iteration (ms): 2289.3 | throughput (samples/sec/per_device): 5.242 | learning rate: 1.156810E-06 | global batch size:    96 | action loss: 1.478489E-01 | loss scale: 1.0 | grad norm: 0.542135 | number of skipped iterations:   0 | number of nan iterations:   0 |
[2026-08-21 16:54:17][INFO] iteration      950/    1000 | consumed samples:        91200 | elapsed time per iteration (ms): 2529.2 | throughput (samples/sec/per_device): 4.745 | learning rate: 1.150733E-06 | global batch size:    96 | action loss: 1.671995E-01 | loss scale: 1.0 | grad norm: 0.588462 | number of skipped iterations:   0 | number of nan iterations:   0 |
[2026-08-21 16:54:21][INFO] iteration      951/    1000 | consumed samples:        91296 | elapsed time per iteration (ms): 3591.9 | throughput (samples/sec/per_device): 3.341 | learning rate: 1.144776E-06 | global batch size:    96 | action loss: 1.598329E-01 | loss scale: 1.0 | grad norm: 0.554217 | number of skipped iterations:   0 | number of nan iterations:   0 |
[2026-08-21 16:54:26][INFO] iteration      952/    1000 | consumed samples:        91392 | elapsed time per iteration (ms): 4965.3 | throughput (samples/sec/per_device): 2.417 | learning rate: 1.138939E-06 | global batch size:    96 | action loss: 1.527847E-01 | loss scale: 1.0 | grad norm: 0.567357 | number of skipped iterations:   0 | number of nan iterations:   0 |
[2026-08-21 16:54:28][INFO] iteration      953/    1000 | consumed samples:        91488 | elapsed time per iteration (ms): 2595.7 | throughput (samples/sec/per_device): 4.623 | learning rate: 1.133221E-06 | global batch size:    96 | action loss: 1.524568E-01 | loss scale: 1.0 | grad norm: 0.582817 | number of skipped iterations:   0 | number of nan iterations:   0 |
[2026-08-21 16:54:32][INFO] iteration      954/    1000 | consumed samples:        91584 | elapsed time per iteration (ms): 3826.4 | throughput (samples/sec/per_device): 3.136 | learning rate: 1.127622E-06 | global batch size:    96 | action loss: 1.632169E-01 | loss scale: 1.0 | grad norm: 0.546098 | number of skipped iterations:   0 | number of nan iterations:   0 |
[2026-08-21 16:54:36][INFO] iteration      955/    1000 | consumed samples:        91680 | elapsed time per iteration (ms): 3593.1 | throughput (samples/sec/per_device): 3.340 | learning rate: 1.122143E-06 | global batch size:    96 | action loss: 1.679697E-01 | loss scale: 1.0 | grad norm: 0.594490 | number of skipped iterations:   0 | number of nan iterations:   0 |
[2026-08-21 16:54:38][INFO] iteration      956/    1000 | consumed samples:        91776 | elapsed time per iteration (ms): 2546.0 | throughput (samples/sec/per_device): 4.713 | learning rate: 1.116783E-06 | global batch size:    96 | action loss: 1.566471E-01 | loss scale: 1.0 | grad norm: 0.563937 | number of skipped iterations:   0 | number of nan iterations:   0 |
[2026-08-21 16:54:41][INFO] iteration      957/    1000 | consumed samples:        91872 | elapsed time per iteration (ms): 2578.4 | throughput (samples/sec/per_device): 4.654 | learning rate: 1.111543E-06 | global batch size:    96 | action loss: 1.551827E-01 | loss scale: 1.0 | grad norm: 0.554867 | number of skipped iterations:   0 | number of nan iterations:   0 |
[2026-08-21 16:54:46][INFO] iteration      958/    1000 | consumed samples:        91968 | elapsed time per iteration (ms): 5000.1 | throughput (samples/sec/per_device): 2.400 | learning rate: 1.106423E-06 | global batch size:    96 | action loss: 1.686774E-01 | loss scale: 1.0 | grad norm: 0.558415 | number of skipped iterations:   0 | number of nan iterations:   0 |
[2026-08-21 16:54:49][INFO] iteration      959/    1000 | consumed samples:        92064 | elapsed time per iteration (ms): 2929.9 | throughput (samples/sec/per_device): 4.096 | learning rate: 1.101423E-06 | global batch size:    96 | action loss: 1.702680E-01 | loss scale: 1.0 | grad norm: 0.557663 | number of skipped iterations:   0 | number of nan iterations:   0 |
[2026-08-21 16:54:51][INFO] iteration      960/    1000 | consumed samples:        92160 | elapsed time per iteration (ms): 2201.9 | throughput (samples/sec/per_device): 5.450 | learning rate: 1.096542E-06 | global batch size:    96 | action loss: 1.716439E-01 | loss scale: 1.0 | grad norm: 0.544610 | number of skipped iterations:   0 | number of nan iterations:   0 |
[2026-08-21 16:54:51][INFO] max time across ranks (ms):
    forward-backward................................: 2071.19
    forward-compute.................................: 580.30
    backward-compute................................: 1791.13
    batch-generator.................................: 1.56
    nan-grad-cleanup................................: 13.43
    grad-clip.......................................: 32.79
    optimizer.......................................: 84.33
    optimizer-inner-step............................: 84.22
    optimizer-scheduler-step........................: 0.08
    optimizer-zero-grad.............................: 0.85
[2026-08-21 16:54:54][INFO] iteration      961/    1000 | consumed samples:        92256 | elapsed time per iteration (ms): 3329.5 | throughput (samples/sec/per_device): 3.604 | learning rate: 1.091782E-06 | global batch size:    96 | action loss: 1.523550E-01 | loss scale: 1.0 | grad norm: 0.571336 | number of skipped iterations:   0 | number of nan iterations:   0 |
[2026-08-21 16:54:58][INFO] iteration      962/    1000 | consumed samples:        92352 | elapsed time per iteration (ms): 3454.1 | throughput (samples/sec/per_device): 3.474 | learning rate: 1.087141E-06 | global batch size:    96 | action loss: 1.719306E-01 | loss scale: 1.0 | grad norm: 0.549761 | number of skipped iterations:   0 | number of nan iterations:   0 |
[2026-08-21 16:55:01][INFO] iteration      963/    1000 | consumed samples:        92448 | elapsed time per iteration (ms): 2924.0 | throughput (samples/sec/per_device): 4.104 | learning rate: 1.082620E-06 | global batch size:    96 | action loss: 1.381550E-01 | loss scale: 1.0 | grad norm: 0.525073 | number of skipped iterations:   0 | number of nan iterations:   0 |
[2026-08-21 16:55:04][INFO] iteration      964/    1000 | consumed samples:        92544 | elapsed time per iteration (ms): 3185.6 | throughput (samples/sec/per_device): 3.767 | learning rate: 1.078219E-06 | global batch size:    96 | action loss: 1.490763E-01 | loss scale: 1.0 | grad norm: 0.552512 | number of skipped iterations:   0 | number of nan iterations:   0 |
[2026-08-21 16:55:08][INFO] iteration      965/    1000 | consumed samples:        92640 | elapsed time per iteration (ms): 4157.9 | throughput (samples/sec/per_device): 2.886 | learning rate: 1.073938E-06 | global batch size:    96 | action loss: 1.476923E-01 | loss scale: 1.0 | grad norm: 0.576851 | number of skipped iterations:   0 | number of nan iterations:   0 |
[2026-08-21 16:55:11][INFO] iteration      966/    1000 | consumed samples:        92736 | elapsed time per iteration (ms): 2669.7 | throughput (samples/sec/per_device): 4.495 | learning rate: 1.069778E-06 | global batch size:    96 | action loss: 1.569126E-01 | loss scale: 1.0 | grad norm: 0.548307 | number of skipped iterations:   0 | number of nan iterations:   0 |
[2026-08-21 16:55:13][INFO] iteration      967/    1000 | consumed samples:        92832 | elapsed time per iteration (ms): 2819.1 | throughput (samples/sec/per_device): 4.257 | learning rate: 1.065737E-06 | global batch size:    96 | action loss: 1.736346E-01 | loss scale: 1.0 | grad norm: 0.565864 | number of skipped iterations:   0 | number of nan iterations:   0 |
[2026-08-21 16:55:17][INFO] iteration      968/    1000 | consumed samples:        92928 | elapsed time per iteration (ms): 3635.2 | throughput (samples/sec/per_device): 3.301 | learning rate: 1.061817E-06 | global batch size:    96 | action loss: 1.436274E-01 | loss scale: 1.0 | grad norm: 0.559666 | number of skipped iterations:   0 | number of nan iterations:   0 |
[2026-08-21 16:55:21][INFO] iteration      969/    1000 | consumed samples:        93024 | elapsed time per iteration (ms): 3628.3 | throughput (samples/sec/per_device): 3.307 | learning rate: 1.058017E-06 | global batch size:    96 | action loss: 1.757782E-01 | loss scale: 1.0 | grad norm: 0.541975 | number of skipped iterations:   0 | number of nan iterations:   0 |
[2026-08-21 16:55:23][INFO] iteration      970/    1000 | consumed samples:        93120 | elapsed time per iteration (ms): 2651.9 | throughput (samples/sec/per_device): 4.525 | learning rate: 1.054337E-06 | global batch size:    96 | action loss: 1.573547E-01 | loss scale: 1.0 | grad norm: 0.545314 | number of skipped iterations:   0 | number of nan iterations:   0 |
[2026-08-21 16:55:30][INFO] iteration      971/    1000 | consumed samples:        93216 | elapsed time per iteration (ms): 6541.4 | throughput (samples/sec/per_device): 1.834 | learning rate: 1.050777E-06 | global batch size:    96 | action loss: 1.487522E-01 | loss scale: 1.0 | grad norm: 0.557899 | number of skipped iterations:   0 | number of nan iterations:   0 |
[2026-08-21 16:55:31][INFO] PowerSGDPlusState restart: iter=870 compressed_iter=850 method=approximate rank=1
[2026-08-21 16:55:36][INFO] iteration      972/    1000 | consumed samples:        93312 | elapsed time per iteration (ms): 5833.4 | throughput (samples/sec/per_device): 2.057 | learning rate: 1.047338E-06 | global batch size:    96 | action loss: 1.590148E-01 | loss scale: 1.0 | grad norm: 0.648062 | number of skipped iterations:   0 | number of nan iterations:   0 |
[2026-08-21 16:55:40][INFO] iteration      973/    1000 | consumed samples:        93408 | elapsed time per iteration (ms): 4459.3 | throughput (samples/sec/per_device): 2.691 | learning rate: 1.044019E-06 | global batch size:    96 | action loss: 1.537254E-01 | loss scale: 1.0 | grad norm: 0.552178 | number of skipped iterations:   0 | number of nan iterations:   0 |
[2026-08-21 16:55:45][INFO] iteration      974/    1000 | consumed samples:        93504 | elapsed time per iteration (ms): 4705.5 | throughput (samples/sec/per_device): 2.550 | learning rate: 1.040821E-06 | global batch size:    96 | action loss: 1.403100E-01 | loss scale: 1.0 | grad norm: 0.568914 | number of skipped iterations:   0 | number of nan iterations:   0 |
[2026-08-21 16:55:47][INFO] iteration      975/    1000 | consumed samples:        93600 | elapsed time per iteration (ms): 2028.2 | throughput (samples/sec/per_device): 5.917 | learning rate: 1.037743E-06 | global batch size:    96 | action loss: 1.675898E-01 | loss scale: 1.0 | grad norm: 0.654350 | number of skipped iterations:   0 | number of nan iterations:   0 |
[2026-08-21 16:55:49][INFO] iteration      976/    1000 | consumed samples:        93696 | elapsed time per iteration (ms): 2325.4 | throughput (samples/sec/per_device): 5.160 | learning rate: 1.034785E-06 | global batch size:    96 | action loss: 1.595965E-01 | loss scale: 1.0 | grad norm: 0.622220 | number of skipped iterations:   0 | number of nan iterations:   0 |
[2026-08-21 16:55:53][INFO] iteration      977/    1000 | consumed samples:        93792 | elapsed time per iteration (ms): 3701.8 | throughput (samples/sec/per_device): 3.242 | learning rate: 1.031948E-06 | global batch size:    96 | action loss: 1.626022E-01 | loss scale: 1.0 | grad norm: 0.567363 | number of skipped iterations:   0 | number of nan iterations:   0 |
[2026-08-21 16:55:55][INFO] iteration      978/    1000 | consumed samples:        93888 | elapsed time per iteration (ms): 2352.0 | throughput (samples/sec/per_device): 5.102 | learning rate: 1.029231E-06 | global batch size:    96 | action loss: 1.452776E-01 | loss scale: 1.0 | grad norm: 0.529546 | number of skipped iterations:   0 | number of nan iterations:   0 |
[2026-08-21 16:55:58][INFO] iteration      979/    1000 | consumed samples:        93984 | elapsed time per iteration (ms): 2300.9 | throughput (samples/sec/per_device): 5.215 | learning rate: 1.026635E-06 | global batch size:    96 | action loss: 1.662098E-01 | loss scale: 1.0 | grad norm: 0.531958 | number of skipped iterations:   0 | number of nan iterations:   0 |
[2026-08-21 16:56:00][INFO] iteration      980/    1000 | consumed samples:        94080 | elapsed time per iteration (ms): 1966.0 | throughput (samples/sec/per_device): 6.104 | learning rate: 1.024160E-06 | global batch size:    96 | action loss: 1.529122E-01 | loss scale: 1.0 | grad norm: 0.548310 | number of skipped iterations:   0 | number of nan iterations:   0 |
[2026-08-21 16:56:00][INFO] max time across ranks (ms):
    forward-backward................................: 1834.76
    forward-compute.................................: 318.59
    backward-compute................................: 1555.84
    batch-generator.................................: 1.43
    nan-grad-cleanup................................: 13.09
    grad-clip.......................................: 33.01
    optimizer.......................................: 84.85
    optimizer-inner-step............................: 84.75
    optimizer-scheduler-step........................: 0.07
    optimizer-zero-grad.............................: 0.93
[2026-08-21 16:56:03][INFO] iteration      981/    1000 | consumed samples:        94176 | elapsed time per iteration (ms): 3283.3 | throughput (samples/sec/per_device): 3.655 | learning rate: 1.021805E-06 | global batch size:    96 | action loss: 1.619884E-01 | loss scale: 1.0 | grad norm: 0.568462 | number of skipped iterations:   0 | number of nan iterations:   0 |
[2026-08-21 16:56:07][INFO] iteration      982/    1000 | consumed samples:        94272 | elapsed time per iteration (ms): 3836.3 | throughput (samples/sec/per_device): 3.128 | learning rate: 1.019571E-06 | global batch size:    96 | action loss: 1.431330E-01 | loss scale: 1.0 | grad norm: 0.551501 | number of skipped iterations:   0 | number of nan iterations:   0 |
[2026-08-21 16:56:09][INFO] iteration      983/    1000 | consumed samples:        94368 | elapsed time per iteration (ms): 2719.4 | throughput (samples/sec/per_device): 4.413 | learning rate: 1.017457E-06 | global batch size:    96 | action loss: 1.638115E-01 | loss scale: 1.0 | grad norm: 0.559523 | number of skipped iterations:   0 | number of nan iterations:   0 |
[2026-08-21 16:56:12][INFO] iteration      984/    1000 | consumed samples:        94464 | elapsed time per iteration (ms): 2332.8 | throughput (samples/sec/per_device): 5.144 | learning rate: 1.015464E-06 | global batch size:    96 | action loss: 1.543229E-01 | loss scale: 1.0 | grad norm: 0.551461 | number of skipped iterations:   0 | number of nan iterations:   0 |
[2026-08-21 16:56:16][INFO] iteration      985/    1000 | consumed samples:        94560 | elapsed time per iteration (ms): 4115.4 | throughput (samples/sec/per_device): 2.916 | learning rate: 1.013592E-06 | global batch size:    96 | action loss: 1.590831E-01 | loss scale: 1.0 | grad norm: 0.543555 | number of skipped iterations:   0 | number of nan iterations:   0 |
[2026-08-21 16:56:18][INFO] iteration      986/    1000 | consumed samples:        94656 | elapsed time per iteration (ms): 1962.6 | throughput (samples/sec/per_device): 6.114 | learning rate: 1.011840E-06 | global batch size:    96 | action loss: 1.593695E-01 | loss scale: 1.0 | grad norm: 0.535493 | number of skipped iterations:   0 | number of nan iterations:   0 |
[2026-08-21 16:56:20][INFO] iteration      987/    1000 | consumed samples:        94752 | elapsed time per iteration (ms): 2432.5 | throughput (samples/sec/per_device): 4.933 | learning rate: 1.010210E-06 | global batch size:    96 | action loss: 1.670440E-01 | loss scale: 1.0 | grad norm: 0.556595 | number of skipped iterations:   0 | number of nan iterations:   0 |
[2026-08-21 16:56:23][INFO] iteration      988/    1000 | consumed samples:        94848 | elapsed time per iteration (ms): 2987.4 | throughput (samples/sec/per_device): 4.017 | learning rate: 1.008699E-06 | global batch size:    96 | action loss: 1.680921E-01 | loss scale: 1.0 | grad norm: 0.584898 | number of skipped iterations:   0 | number of nan iterations:   0 |
[2026-08-21 16:56:28][INFO] iteration      989/    1000 | consumed samples:        94944 | elapsed time per iteration (ms): 4756.7 | throughput (samples/sec/per_device): 2.523 | learning rate: 1.007310E-06 | global batch size:    96 | action loss: 1.465885E-01 | loss scale: 1.0 | grad norm: 0.569596 | number of skipped iterations:   0 | number of nan iterations:   0 |
[2026-08-21 16:56:33][INFO] iteration      990/    1000 | consumed samples:        95040 | elapsed time per iteration (ms): 4619.1 | throughput (samples/sec/per_device): 2.598 | learning rate: 1.006041E-06 | global batch size:    96 | action loss: 1.523357E-01 | loss scale: 1.0 | grad norm: 0.556262 | number of skipped iterations:   0 | number of nan iterations:   0 |
[2026-08-21 16:56:36][INFO] iteration      991/    1000 | consumed samples:        95136 | elapsed time per iteration (ms): 3755.9 | throughput (samples/sec/per_device): 3.195 | learning rate: 1.004894E-06 | global batch size:    96 | action loss: 1.452644E-01 | loss scale: 1.0 | grad norm: 0.541541 | number of skipped iterations:   0 | number of nan iterations:   0 |
[2026-08-21 16:56:40][INFO] iteration      992/    1000 | consumed samples:        95232 | elapsed time per iteration (ms): 3911.0 | throughput (samples/sec/per_device): 3.068 | learning rate: 1.003867E-06 | global batch size:    96 | action loss: 1.525665E-01 | loss scale: 1.0 | grad norm: 0.559145 | number of skipped iterations:   0 | number of nan iterations:   0 |
[2026-08-21 16:56:43][INFO] iteration      993/    1000 | consumed samples:        95328 | elapsed time per iteration (ms): 3088.2 | throughput (samples/sec/per_device): 3.886 | learning rate: 1.002960E-06 | global batch size:    96 | action loss: 1.490115E-01 | loss scale: 1.0 | grad norm: 0.575853 | number of skipped iterations:   0 | number of nan iterations:   0 |
[2026-08-21 16:56:46][INFO] iteration      994/    1000 | consumed samples:        95424 | elapsed time per iteration (ms): 2938.8 | throughput (samples/sec/per_device): 4.083 | learning rate: 1.002175E-06 | global batch size:    96 | action loss: 1.516501E-01 | loss scale: 1.0 | grad norm: 0.558056 | number of skipped iterations:   0 | number of nan iterations:   0 |
[2026-08-21 16:56:50][INFO] iteration      995/    1000 | consumed samples:        95520 | elapsed time per iteration (ms): 4095.0 | throughput (samples/sec/per_device): 2.930 | learning rate: 1.001510E-06 | global batch size:    96 | action loss: 1.748475E-01 | loss scale: 1.0 | grad norm: 0.543402 | number of skipped iterations:   0 | number of nan iterations:   0 |
[2026-08-21 16:56:53][INFO] iteration      996/    1000 | consumed samples:        95616 | elapsed time per iteration (ms): 2578.7 | throughput (samples/sec/per_device): 4.653 | learning rate: 1.000967E-06 | global batch size:    96 | action loss: 1.591384E-01 | loss scale: 1.0 | grad norm: 0.623146 | number of skipped iterations:   0 | number of nan iterations:   0 |
[2026-08-21 16:56:56][INFO] iteration      997/    1000 | consumed samples:        95712 | elapsed time per iteration (ms): 2935.6 | throughput (samples/sec/per_device): 4.088 | learning rate: 1.000544E-06 | global batch size:    96 | action loss: 1.454340E-01 | loss scale: 1.0 | grad norm: 0.590036 | number of skipped iterations:   0 | number of nan iterations:   0 |
[2026-08-21 16:56:59][INFO] iteration      998/    1000 | consumed samples:        95808 | elapsed time per iteration (ms): 3323.2 | throughput (samples/sec/per_device): 3.611 | learning rate: 1.000242E-06 | global batch size:    96 | action loss: 1.589222E-01 | loss scale: 1.0 | grad norm: 0.582097 | number of skipped iterations:   0 | number of nan iterations:   0 |
[2026-08-21 16:57:03][INFO] iteration      999/    1000 | consumed samples:        95904 | elapsed time per iteration (ms): 3669.8 | throughput (samples/sec/per_device): 3.270 | learning rate: 1.000060E-06 | global batch size:    96 | action loss: 1.708850E-01 | loss scale: 1.0 | grad norm: 0.558932 | number of skipped iterations:   0 | number of nan iterations:   0 |
[2026-08-21 16:57:06][INFO] iteration     1000/    1000 | consumed samples:        96000 | elapsed time per iteration (ms): 3281.6 | throughput (samples/sec/per_device): 3.657 | learning rate: 1.000000E-06 | global batch size:    96 | action loss: 1.425328E-01 | loss scale: 1.0 | grad norm: 0.543600 | number of skipped iterations:   0 | number of nan iterations:   0 |
[2026-08-21 16:57:06][INFO] max time across ranks (ms):
    forward-backward................................: 3150.61
    forward-compute.................................: 1168.05
    backward-compute................................: 2872.66
    batch-generator.................................: 1.60
    nan-grad-cleanup................................: 13.30
    grad-clip.......................................: 33.06
    optimizer.......................................: 84.99
    optimizer-inner-step............................: 84.88
    optimizer-scheduler-step........................: 0.08
    optimizer-zero-grad.............................: 0.54
