[2026-08-28 17:43:31][INFO] 
------------------------ training training_args ------------------------
  activation_checkpoint_module_patterns ........... None
  activation_checkpoint_skip_modules .............. None
  adam_beta1 ...................................... 0.9
  adam_beta2 ...................................... 0.95
  adam_eps ........................................ 1e-08
  async_save ...................................... False
  batch_drop_last ................................. False
  check_for_nan_in_loss_and_grad .................. True
  clip_grad ....................................... 1.0
  config_file ..................................... None
  cuda_graph_ddp_sync_in_graph .................... False
  cuda_graph_grad_sync_bucket_mb .................. 200.0
  cuda_graph_grad_sync_dtype ...................... fp32
  cuda_graph_grad_sync_impl ....................... coalesced
  cuda_graph_impl ................................. none
  cuda_graph_pad_length ........................... None
  cuda_graph_scope ................................ full_iteration
  cuda_graph_warmup_steps ......................... 3
  cudnn_benchmark ................................. False
  data_root_dir ................................... None
  dataloader_multiprocessing_context .............. None
  dataloader_seed_workers ......................... False
  dataset_format .................................. lerobot_datasets
  dataset_path .................................... /raid0/fastwam/vla_artifacts/fastwam/datasets/LIBERO-fastwam/libero_10_no_noops_lerobot
  dataset_strategy ................................ fastwam
  ddp_accordion_detection_window .................. 50
  ddp_accordion_protection_steps .................. 25
  ddp_accordion_relative_change_threshold ......... 0.5
  ddp_batched_grad_copy ........................... False
  ddp_broadcast_buffers ........................... False
  ddp_bucket_cap_mb ............................... 200
  ddp_bucket_cap_mb_list .......................... None
  ddp_comm_hook ................................... None
  ddp_comm_hook_logging ........................... False
  ddp_dynamic_powersgd_adapt_interval ............. 5
  ddp_dynamic_powersgd_high_rank .................. 4
  ddp_dynamic_powersgd_low_rank ................... 1
  ddp_dynamic_powersgd_relative_change_threshold .. 0.1
  ddp_ef21_powersgd_log_interval .................. 25
  ddp_find_unused_parameters ...................... False
  ddp_gradient_as_bucket_view ..................... True
  ddp_init_sync ................................... True
  ddp_layerwise_powersgd_candidate_ranks .......... 1,2,4,8,16
  ddp_layerwise_powersgd_log_tensor_stats ......... False
  ddp_layerwise_powersgd_power_iterations ......... 2
  ddp_layerwise_powersgd_refresh_period ........... 50
  ddp_layerwise_powersgd_relative_error ........... 0.1
  ddp_layerwise_powersgd_uncompressed_patterns .... 
  ddp_oracle_error_budget_random_seed ............. 0
  ddp_powersgd_freeze_v ........................... False
  ddp_powersgd_freeze_v_start_step ................ -1
  ddp_powersgd_global_step_offset ................. 0
  ddp_powersgd_lr_high_rank ....................... 2
  ddp_powersgd_lr_high_rank_end_step .............. 452
  ddp_powersgd_matrix_approximation_rank .......... 1
  ddp_powersgd_min_compression_rate ............... 2.0
  ddp_powersgd_period_schedule .................... 300-452:25,453-734:50,735-1000:100
  ddp_powersgd_plus_error_averaging_period ........ 20
  ddp_powersgd_plus_restart_method ................ approximate
  ddp_powersgd_plus_restart_period ................ 50
  ddp_powersgd_scheduled_start_step ............... 300
  ddp_powersgd_start_iter ......................... 1000
  ddp_powersgd_window_ranges ...................... 
  ddp_separate_compression_ratio .................. 16.0
  ddp_separate_error_feedback_beta ................ 0.95
  ddp_separate_error_reset_interval ............... 128
  ddp_skip_all_reduce_unused_params ............... False
  ddp_static_graph ................................ True
  detail_log_interval ............................. 20
  deterministic_mode .............................. False
  disable_tf32 .................................... False
  distributed_sampler_mode ........................ cyclic
  distributed_strategy ............................ ddp
  dtype ........................................... bfloat16
  dynamo_optimize_ddp ............................. True
  freeze_modules .................................. 
  fsdp_backward_prefetch_distance ................. 0
  fsdp_cast_forward_inputs ........................ True
  fsdp_forward_prefetch_distance .................. 0
  fsdp_leftover_min_num_params .................... 1000000
  fsdp_min_num_params ............................. 1000000
  fsdp_no_wrap_modules ............................ None
  fsdp_original_param_dtype ....................... None
  fsdp_reduce_dtype ............................... fp32
  fsdp_reshard_default ............................ None
  fsdp_reshard_module_overrides ................... None
  fsdp_reshard_root ............................... False
  fsdp_unsharded_param_dtype ...................... None
  fsdp_wrap_modules ............................... None
  gradient_accumulation_steps ..................... 1
  hsdp_shard_size ................................. None
  init_on_meta .................................... False
  lambda_cycle_length ............................. 10000
  lambda_f_max .................................... 0.4
  lambda_f_min .................................... 0.0
  lambda_f_start .................................. 0.0
  lerobotdataset_version .......................... v2.1
  log_interval .................................... 1
  lora_alpha ...................................... 32
  lora_bias ....................................... none
  lora_dropout .................................... 0.0
  lora_init ....................................... true
  lora_modules_to_save ............................ None
  lora_r .......................................... 16
  lora_target_modules ............................. None
  loss_log_rank ................................... [-1]
  loss_spike_threshold ............................ 100.0
  lr_base ......................................... 1e-08
  lr_decay_iters .................................. 1000
  lr_decay_style .................................. cosine_warmup_with_min_lr
  lr_end .......................................... 1e-07
  lr_group ........................................ None
  lr_warmup_iters ................................. 0
  manual_gc ....................................... False
  manual_gc_interval .............................. 0
  min_lr .......................................... 1e-09
  model_name ...................................... fastwam
  num_cycles ...................................... 1.0
  num_samples ..................................... 100
  num_workers ..................................... 0
  optimizer ....................................... AdamW
  optimizer_state_log_interval .................... 0
  output_dir ...................................... /raid0/fastwam/experiments/fastwam_powersgd_plus_freeze_v_fair_a800_100_1000_v1/dense
  per_device_batch_size ........................... 1
  polynomial_power ................................ 1.0
  pretrained_checkpoint ........................... None
  profile_output_dir .............................. None
  profile_ranks ................................... [0]
  profile_step_end ................................ 12
  profile_step_start .............................. 10
  resume .......................................... True
  robot_type ...................................... libero_franka
  sampler_shuffle ................................. True
  save_format ..................................... dcp
  save_interval ................................... 0
  save_lr_thresholds .............................. 
  save_steps ...................................... 
  save_training_state ............................. True
  seed ............................................ 42
  set_seed_by_rank ................................ False
  split ........................................... train
  streaming ....................................... False
  task_name ....................................... perform the task
  tensorboard_dir ................................. None
  tensorboard_queue_size .......................... 1000
  timing_log_level ................................ 0
  tokenizer_path .................................. /raid0/fastwam/vla_artifacts/fastwam/models/Wan2.2-TI2V-5B
  train_iters ..................................... 1000
  trainer_type .................................... FinetuneTrainer
  use_lora ........................................ False
  use_nsys_profiler ............................... False
  use_pytorch_profiler ............................ False
  video_backend ................................... pyav
  wandb_mode ...................................... disabled
  wandb_project ................................... loongforge-vla
  weight_decay .................................... 0.01
  weight_decay_grouping ........................... all
  zero_master_param_dtype ......................... none
  zero_optimizer .................................. True
  zero_parameters_as_bucket_view .................. True
-------------------- end of training training_args ---------------------
[2026-08-28 17:43:31][INFO] 
------------------------ model config ------------------------
  action_dim ...................................... 7
  action_dit_config ............................... {'action_dim': 7, 'hidden_dim': 1024, 'ffn_dim': 4096, 'num_heads': 24, 'attn_head_dim': 128, 'num_layers': 30, 'text_dim': 4096, 'freq_dim': 256, 'eps': 1e-06, 'use_gradient_checkpointing': False, 'rmsnorm_impl': 'te'}
  action_dit_pretrained_path ...................... /raid0/fastwam/vla_artifacts/fastwam/models/ActionDiT_linear_interp_Wan22_alphascale_1024hdim.pt
  action_horizon .................................. 32
  action_scheduler ................................ {'train_shift': 5.0, 'infer_shift': 5.0, 'num_train_timesteps': 1000}
  dtype ........................................... bfloat16
  load_text_encoder ............................... False
  loss ............................................ {'lambda_video': 1.0, 'lambda_action': 1.0}
  max_action_dim .................................. None
  model_id ........................................ Wan-AI/Wan2.2-TI2V-5B
  model_type ...................................... fastwam
  mot_checkpoint_mixed_attn ....................... False
  proprio_dim ..................................... 8
  redirect_common_files ........................... True
  rmsnorm_impl .................................... te
  skip_dit_load_from_pretrain ..................... False
  tokenizer_max_len ............................... 128
  tokenizer_model_id .............................. Wan-AI/Wan2.1-T2V-1.3B
  variant ......................................... uncond
  video_dit_config ................................ {'has_image_input': False, 'patch_size': [1, 2, 2], 'in_dim': 48, 'out_dim': 48, 'hidden_dim': 3072, 'ffn_dim': 14336, 'freq_dim': 256, 'text_dim': 4096, 'num_heads': 24, 'attn_head_dim': 128, 'num_layers': 30, 'eps': 1e-06, 'seperated_timestep': True, 'require_clip_embedding': False, 'require_vae_embedding': False, 'fuse_vae_embedding_in_latents': True, 'use_gradient_checkpointing': False, 'video_attention_mask_mode': 'first_frame_causal', 'action_conditioned': False, 'action_dim': 7, 'action_group_causal_mask_mode': 'group_diagonal', 'rmsnorm_impl': 'te'}
  video_scheduler ................................. {'train_shift': 5.0, 'infer_shift': 5.0, 'num_train_timesteps': 1000}
-------------------- end of model config ---------------------
[2026-08-28 17:43:31][INFO] 
------------------------ data config ------------------------
  action_padding_strategy ......................... zero
  action_video_freq_ratio ......................... 4
  image_normalize_mode ............................ siglip
  image_resize_strategy ........................... center_crop
  image_size ...................................... 224
  model_cfg ....................................... None
  normalization_mode .............................. q99
  num_video_frames ................................ 9
  text_embedding_cache_dir ........................ /raid0/fastwam/vla_artifacts/fastwam/datasts/text_embeds
  use_image_transform ............................. True
-------------------- end of data config ---------------------
[2026-08-28 17:43:31][INFO] [model] start building model: model_type=fastwam, class=FastWAMModelConfig
[2026-08-28 17:43:31][INFO] Loading Wan2.2-TI2V-5B components...
[2026-08-28 17:44:21][INFO] Skipping pretrained text encoder/tokenizer load (`load_text_encoder=False`); training must provide cached `context/context_mask`.
[2026-08-28 17:44:27][INFO] Finished loading Wan2.2-TI2V-5B components in 55.98 seconds.
[2026-08-28 17:44:33][INFO] ActionDiT backbone payload policy: {'skip_prefixes': ['action_encoder.', 'head.'], 'alpha_scaling': True, 'interpolation': 'sequential_1d_linear_align_corners_true'}
[2026-08-28 17:44:34][INFO] Loaded ActionDiT backbone from /raid0/fastwam/vla_artifacts/fastwam/models/ActionDiT_linear_interp_Wan22_alphascale_1024hdim.pt (keys=820; random_kept_prefixes=['action_encoder.', 'head.']).
[2026-08-28 17:44:34][INFO] Initialized MoT with experts: ['video', 'action'], num_layers=30
[2026-08-28 17:44:34][INFO]   Expert 'video': num_params=5.00 B
[2026-08-28 17:44:34][INFO]   Expert 'action': num_params=1.02 B
[2026-08-28 17:44:34][INFO] [model] model built in 63.07s
[2026-08-28 17:44:34][INFO] [ckpt] resume requested: dir==/raid0/fastwam/experiments/fastwam_powersgd_plus_freeze_v_fair_a800_100_1000_v1/dense/checkpoints/steps_100
[2026-08-28 17:44:34][INFO] resume: detected DCP checkpoint at /raid0/fastwam/experiments/fastwam_powersgd_plus_freeze_v_fair_a800_100_1000_v1/dense/checkpoints/steps_100 — deferring weight load until after wrap_model.
[2026-08-28 17:44:34][INFO] Resumed model weights from step 100
[2026-08-28 17:44:34][INFO] [ckpt] resume done in 0.00s
[2026-08-28 17:44:34][INFO] [wrap_model] wrap_model: strategy=ddp, dtype=bfloat16
[2026-08-28 17:44:40][INFO] [wrap_model] done in 5.89s
[2026-08-28 17:44:40][INFO] [optimizer] building optimizer
[2026-08-28 17:44:40][INFO] [LR Groups] Model modules (use paths below with --lr-group to set per-module LR):
  core                                                          (6020.7M trainable params)
    core.video_expert                                             (4999.8M trainable params)
      core.video_expert.patch_embedding                             (592.9K trainable params)
      core.video_expert.text_embedding                              (22.0M trainable params)
      core.video_expert.time_embedding                              (10.2M trainable params)
      core.video_expert.time_projection                             (56.6M trainable params)
      core.video_expert.blocks                                      (4909.7M trainable params)
      core.video_expert.head                                        (596.2K trainable params)
    core.action_expert                                            (1020.9M trainable params)
      core.action_expert.action_encoder                             (8.2K trainable params)
      core.action_expert.text_embedding                             (5.2M trainable params)
      core.action_expert.time_embedding                             (1.3M trainable params)
      core.action_expert.time_projection                            (6.3M trainable params)
      core.action_expert.blocks                                     (1008.0M trainable params)
      core.action_expert.head                                       (7.2K trainable params)
    core.mot                                                      (6020.7M trainable params)
      core.mot.mixtures                                             (6020.7M trainable params)
    core.proprio_encoder                                          (36.9K trainable params)
[2026-08-28 17:44:40][INFO] [LR Groups] Model modules with LR assignment:
  core                                                          (6020.7M trainable params)  lr=1.00e-08
    core.video_expert                                             (4999.8M trainable params)  lr=1.00e-08
      core.video_expert.patch_embedding                             (592.9K trainable params)  lr=1.00e-08
      core.video_expert.text_embedding                              (22.0M trainable params)  lr=1.00e-08
      core.video_expert.time_embedding                              (10.2M trainable params)  lr=1.00e-08
      core.video_expert.time_projection                             (56.6M trainable params)  lr=1.00e-08
      core.video_expert.blocks                                      (4909.7M trainable params)  lr=1.00e-08
      core.video_expert.head                                        (596.2K trainable params)  lr=1.00e-08
    core.action_expert                                            (1020.9M trainable params)  lr=1.00e-08
      core.action_expert.action_encoder                             (8.2K trainable params)  lr=1.00e-08
      core.action_expert.text_embedding                             (5.2M trainable params)  lr=1.00e-08
      core.action_expert.time_embedding                             (1.3M trainable params)  lr=1.00e-08
      core.action_expert.time_projection                            (6.3M trainable params)  lr=1.00e-08
      core.action_expert.blocks                                     (1008.0M trainable params)  lr=1.00e-08
      core.action_expert.head                                       (7.2K trainable params)  lr=1.00e-08
    core.mot                                                      (6020.7M trainable params)  lr=1.00e-08
      core.mot.mixtures                                             (6020.7M trainable params)  lr=1.00e-08
    core.proprio_encoder                                          (36.9K trainable params)  lr=1.00e-08
[2026-08-28 17:44:40][INFO] Optimizer trainable parameter dtypes: torch.bfloat16: 1651 tensors/6020710599 elems
[2026-08-28 17:44:40][INFO] Using ZeroRedundancyOptimizer (ZeRO Stage-1) with DDP
[2026-08-28 17:44:40][INFO] [optimizer] optimizer built in 0.30s
[2026-08-28 17:44:40][INFO] [ckpt] restoring optimizer/scheduler/RNG state from /raid0/fastwam/experiments/fastwam_powersgd_plus_freeze_v_fair_a800_100_1000_v1/dense/checkpoints/steps_100
[2026-08-28 17:45:05][INFO] model resumed via DCP (strict)
[2026-08-28 17:45:07][INFO] optimizer resumed from rank-local ZeRO state
[2026-08-28 17:45:07][INFO] scheduler resumed successfully
[2026-08-28 17:45:07][INFO] [ckpt] optimizer/scheduler/RNG state restored in 26.26s
[2026-08-28 17:45:07][INFO] [data] building dataloaders
[2026-08-28 17:45:07][INFO] LeRobotV2Dataset: root=/raid0/fastwam/vla_artifacts/fastwam/datasets/LIBERO-fastwam/libero_10_no_noops_lerobot, episodes=388, total_steps=104280, action_horizon=32, fps=20
[2026-08-28 17:45:07][INFO] Using preprocessor: fastwam
[2026-08-28 17:45:07][INFO] Restored dataloader state: vla
[2026-08-28 17:45:07][INFO] [data] done in 0.42s
[2026-08-28 17:45:07][INFO] Parameters: 6725.4M total, 6020.7M trainable (89.5%)
[2026-08-28 17:45:07][INFO] Model: FastWAMPolicy
[2026-08-28 17:45:07][INFO] RNG state resumed successfully after dataloader iterator init
[2026-08-28 17:45:07][INFO] Dataloader 'vla' positioned at epoch=0
[2026-08-28 17:45:10][INFO] iteration      101/    1000 | consumed samples:          808 | elapsed time per iteration (ms): 2804.8 | throughput (samples/sec/per_device): 0.357 | learning rate: 9.770933E-09 | global batch size:     8 | loss video: 8.300143E-02 | loss action: 1.221244E+00 | loss scale: 1.0 | grad norm: 8.875000 | number of skipped iterations:   0 | number of nan iterations:   0 |
[2026-08-28 17:45:11][INFO] iteration      102/    1000 | consumed samples:          816 | elapsed time per iteration (ms): 964.4 | throughput (samples/sec/per_device): 1.037 | learning rate: 9.766459E-09 | global batch size:     8 | loss video: 6.910933E-01 | loss action: 4.818590E-01 | loss scale: 1.0 | grad norm: 3.937500 | number of skipped iterations:   0 | number of nan iterations:   0 |
[2026-08-28 17:45:12][INFO] iteration      103/    1000 | consumed samples:          824 | elapsed time per iteration (ms): 815.0 | throughput (samples/sec/per_device): 1.227 | learning rate: 9.761942E-09 | global batch size:     8 | loss video: 7.362369E-01 | loss action: 2.288732E-01 | loss scale: 1.0 | grad norm: 3.421875 | number of skipped iterations:   0 | number of nan iterations:   0 |
[2026-08-28 17:45:13][INFO] iteration      104/    1000 | consumed samples:          832 | elapsed time per iteration (ms): 843.7 | throughput (samples/sec/per_device): 1.185 | learning rate: 9.757384E-09 | global batch size:     8 | loss video: 6.239916E-02 | loss action: 1.728457E+00 | loss scale: 1.0 | grad norm: 10.500000 | number of skipped iterations:   0 | number of nan iterations:   0 |
[2026-08-28 17:45:13][INFO] iteration      105/    1000 | consumed samples:          840 | elapsed time per iteration (ms): 813.7 | throughput (samples/sec/per_device): 1.229 | learning rate: 9.752784E-09 | global batch size:     8 | loss video: 2.520834E-01 | loss action: 1.460954E+00 | loss scale: 1.0 | grad norm: 9.250000 | number of skipped iterations:   0 | number of nan iterations:   0 |
[2026-08-28 17:45:14][INFO] iteration      106/    1000 | consumed samples:          848 | elapsed time per iteration (ms): 827.1 | throughput (samples/sec/per_device): 1.209 | learning rate: 9.748142E-09 | global batch size:     8 | loss video: 2.786587E-01 | loss action: 7.929811E-01 | loss scale: 1.0 | grad norm: 8.687500 | number of skipped iterations:   0 | number of nan iterations:   0 |
[2026-08-28 17:45:15][INFO] iteration      107/    1000 | consumed samples:          856 | elapsed time per iteration (ms): 815.8 | throughput (samples/sec/per_device): 1.226 | learning rate: 9.743457E-09 | global batch size:     8 | loss video: 5.238881E-01 | loss action: 8.120832E-01 | loss scale: 1.0 | grad norm: 9.250000 | number of skipped iterations:   0 | number of nan iterations:   0 |
[2026-08-28 17:45:16][INFO] iteration      108/    1000 | consumed samples:          864 | elapsed time per iteration (ms): 819.0 | throughput (samples/sec/per_device): 1.221 | learning rate: 9.738731E-09 | global batch size:     8 | loss video: 2.216985E-01 | loss action: 1.137175E+00 | loss scale: 1.0 | grad norm: 8.875000 | number of skipped iterations:   0 | number of nan iterations:   0 |
[2026-08-28 17:45:17][INFO] iteration      109/    1000 | consumed samples:          872 | elapsed time per iteration (ms): 805.8 | throughput (samples/sec/per_device): 1.241 | learning rate: 9.733963E-09 | global batch size:     8 | loss video: 3.948181E-01 | loss action: 1.236549E+00 | loss scale: 1.0 | grad norm: 11.437500 | number of skipped iterations:   0 | number of nan iterations:   0 |
[2026-08-28 17:45:17][INFO] iteration      110/    1000 | consumed samples:          880 | elapsed time per iteration (ms): 806.8 | throughput (samples/sec/per_device): 1.240 | learning rate: 9.729154E-09 | global batch size:     8 | loss video: 4.470825E-01 | loss action: 6.885583E-01 | loss scale: 1.0 | grad norm: 8.937500 | number of skipped iterations:   0 | number of nan iterations:   0 |
[2026-08-28 17:45:18][INFO] iteration      111/    1000 | consumed samples:          888 | elapsed time per iteration (ms): 802.5 | throughput (samples/sec/per_device): 1.246 | learning rate: 9.724302E-09 | global batch size:     8 | loss video: 3.376256E-01 | loss action: 1.603573E+00 | loss scale: 1.0 | grad norm: 11.750000 | number of skipped iterations:   0 | number of nan iterations:   0 |
[2026-08-28 17:45:19][INFO] iteration      112/    1000 | consumed samples:          896 | elapsed time per iteration (ms): 824.8 | throughput (samples/sec/per_device): 1.212 | learning rate: 9.719409E-09 | global batch size:     8 | loss video: 9.454792E-01 | loss action: 1.001175E+00 | loss scale: 1.0 | grad norm: 9.750000 | number of skipped iterations:   0 | number of nan iterations:   0 |
[2026-08-28 17:45:20][INFO] iteration      113/    1000 | consumed samples:          904 | elapsed time per iteration (ms): 825.1 | throughput (samples/sec/per_device): 1.212 | learning rate: 9.714474E-09 | global batch size:     8 | loss video: 8.515216E-01 | loss action: 2.131006E+00 | loss scale: 1.0 | grad norm: 21.750000 | number of skipped iterations:   0 | number of nan iterations:   0 |
[2026-08-28 17:45:21][INFO] iteration      114/    1000 | consumed samples:          912 | elapsed time per iteration (ms): 881.1 | throughput (samples/sec/per_device): 1.135 | learning rate: 9.709498E-09 | global batch size:     8 | loss video: 6.194665E-01 | loss action: 3.116529E-01 | loss scale: 1.0 | grad norm: 25.750000 | number of skipped iterations:   0 | number of nan iterations:   0 |
[2026-08-28 17:45:22][INFO] iteration      115/    1000 | consumed samples:          920 | elapsed time per iteration (ms): 929.9 | throughput (samples/sec/per_device): 1.075 | learning rate: 9.704480E-09 | global batch size:     8 | loss video: 7.784367E-01 | loss action: 1.347264E+00 | loss scale: 1.0 | grad norm: 11.812500 | number of skipped iterations:   0 | number of nan iterations:   0 |
[2026-08-28 17:45:23][INFO] iteration      116/    1000 | consumed samples:          928 | elapsed time per iteration (ms): 806.4 | throughput (samples/sec/per_device): 1.240 | learning rate: 9.699421E-09 | global batch size:     8 | loss video: 5.881400E-01 | loss action: 2.272784E+00 | loss scale: 1.0 | grad norm: 19.500000 | number of skipped iterations:   0 | number of nan iterations:   0 |
[2026-08-28 17:45:23][INFO] iteration      117/    1000 | consumed samples:          936 | elapsed time per iteration (ms): 839.3 | throughput (samples/sec/per_device): 1.191 | learning rate: 9.694320E-09 | global batch size:     8 | loss video: 2.922442E-01 | loss action: 1.802734E+00 | loss scale: 1.0 | grad norm: 13.562500 | number of skipped iterations:   0 | number of nan iterations:   0 |
[2026-08-28 17:45:24][INFO] iteration      118/    1000 | consumed samples:          944 | elapsed time per iteration (ms): 848.1 | throughput (samples/sec/per_device): 1.179 | learning rate: 9.689178E-09 | global batch size:     8 | loss video: 8.461620E-01 | loss action: 1.910259E-01 | loss scale: 1.0 | grad norm: 10.062500 | number of skipped iterations:   0 | number of nan iterations:   0 |
[2026-08-28 17:45:25][INFO] iteration      119/    1000 | consumed samples:          952 | elapsed time per iteration (ms): 828.2 | throughput (samples/sec/per_device): 1.207 | learning rate: 9.683994E-09 | global batch size:     8 | loss video: 7.332691E-01 | loss action: 1.766807E-01 | loss scale: 1.0 | grad norm: 10.687500 | number of skipped iterations:   0 | number of nan iterations:   0 |
[2026-08-28 17:45:26][INFO] iteration      120/    1000 | consumed samples:          960 | elapsed time per iteration (ms): 850.2 | throughput (samples/sec/per_device): 1.176 | learning rate: 9.678769E-09 | global batch size:     8 | loss video: 7.352772E-01 | loss action: 2.598347E+00 | loss scale: 1.0 | grad norm: 20.000000 | number of skipped iterations:   0 | number of nan iterations:   0 |
[2026-08-28 17:45:26][INFO] max time across ranks (ms):
    forward-backward................................: 688.53
    forward-compute.................................: 218.90
    backward-compute................................: 323.27
    batch-generator.................................: 190.96
    nan-grad-cleanup................................: 20.32
    grad-clip.......................................: 34.16
    optimizer.......................................: 105.20
    optimizer-inner-step............................: 105.11
    optimizer-scheduler-step........................: 0.05
    optimizer-zero-grad.............................: 1.36
[2026-08-28 17:45:27][INFO] iteration      121/    1000 | consumed samples:          968 | elapsed time per iteration (ms): 830.7 | throughput (samples/sec/per_device): 1.204 | learning rate: 9.673503E-09 | global batch size:     8 | loss video: 4.214993E-01 | loss action: 2.324713E+00 | loss scale: 1.0 | grad norm: 17.625000 | number of skipped iterations:   0 | number of nan iterations:   0 |
[2026-08-28 17:45:28][INFO] iteration      122/    1000 | consumed samples:          976 | elapsed time per iteration (ms): 836.0 | throughput (samples/sec/per_device): 1.196 | learning rate: 9.668196E-09 | global batch size:     8 | loss video: 2.427943E-01 | loss action: 1.952387E+00 | loss scale: 1.0 | grad norm: 10.812500 | number of skipped iterations:   0 | number of nan iterations:   0 |
[2026-08-28 17:45:28][INFO] iteration      123/    1000 | consumed samples:          984 | elapsed time per iteration (ms): 827.2 | throughput (samples/sec/per_device): 1.209 | learning rate: 9.662847E-09 | global batch size:     8 | loss video: 6.874385E-02 | loss action: 2.230704E-01 | loss scale: 1.0 | grad norm: 2.359375 | number of skipped iterations:   0 | number of nan iterations:   0 |
[2026-08-28 17:45:29][INFO] iteration      124/    1000 | consumed samples:          992 | elapsed time per iteration (ms): 821.6 | throughput (samples/sec/per_device): 1.217 | learning rate: 9.657458E-09 | global batch size:     8 | loss video: 8.276988E-01 | loss action: 2.648966E+00 | loss scale: 1.0 | grad norm: 19.375000 | number of skipped iterations:   0 | number of nan iterations:   0 |
[2026-08-28 17:45:30][INFO] iteration      125/    1000 | consumed samples:         1000 | elapsed time per iteration (ms): 821.0 | throughput (samples/sec/per_device): 1.218 | learning rate: 9.652027E-09 | global batch size:     8 | loss video: 2.921784E-01 | loss action: 4.108974E-01 | loss scale: 1.0 | grad norm: 5.406250 | number of skipped iterations:   0 | number of nan iterations:   0 |
[2026-08-28 17:45:31][INFO] iteration      126/    1000 | consumed samples:         1008 | elapsed time per iteration (ms): 839.8 | throughput (samples/sec/per_device): 1.191 | learning rate: 9.646556E-09 | global batch size:     8 | loss video: 9.003147E-01 | loss action: 1.627915E+00 | loss scale: 1.0 | grad norm: 14.750000 | number of skipped iterations:   0 | number of nan iterations:   0 |
[2026-08-28 17:45:32][INFO] iteration      127/    1000 | consumed samples:         1016 | elapsed time per iteration (ms): 839.7 | throughput (samples/sec/per_device): 1.191 | learning rate: 9.641043E-09 | global batch size:     8 | loss video: 1.973810E-01 | loss action: 2.077662E-01 | loss scale: 1.0 | grad norm: 4.281250 | number of skipped iterations:   0 | number of nan iterations:   0 |
[2026-08-28 17:45:33][INFO] iteration      128/    1000 | consumed samples:         1024 | elapsed time per iteration (ms): 836.9 | throughput (samples/sec/per_device): 1.195 | learning rate: 9.635490E-09 | global batch size:     8 | loss video: 7.336425E-01 | loss action: 5.741372E-01 | loss scale: 1.0 | grad norm: 9.937500 | number of skipped iterations:   0 | number of nan iterations:   0 |
[2026-08-28 17:45:33][INFO] iteration      129/    1000 | consumed samples:         1032 | elapsed time per iteration (ms): 828.6 | throughput (samples/sec/per_device): 1.207 | learning rate: 9.629896E-09 | global batch size:     8 | loss video: 4.876466E-01 | loss action: 1.926521E-01 | loss scale: 1.0 | grad norm: 10.312500 | number of skipped iterations:   0 | number of nan iterations:   0 |
[2026-08-28 17:45:34][INFO] iteration      130/    1000 | consumed samples:         1040 | elapsed time per iteration (ms): 810.5 | throughput (samples/sec/per_device): 1.234 | learning rate: 9.624261E-09 | global batch size:     8 | loss video: 6.373609E-01 | loss action: 2.460389E+00 | loss scale: 1.0 | grad norm: 13.000000 | number of skipped iterations:   0 | number of nan iterations:   0 |
[2026-08-28 17:45:35][INFO] iteration      131/    1000 | consumed samples:         1048 | elapsed time per iteration (ms): 838.3 | throughput (samples/sec/per_device): 1.193 | learning rate: 9.618585E-09 | global batch size:     8 | loss video: 5.535729E-01 | loss action: 1.602239E-01 | loss scale: 1.0 | grad norm: 9.125000 | number of skipped iterations:   0 | number of nan iterations:   0 |
[2026-08-28 17:45:36][INFO] iteration      132/    1000 | consumed samples:         1056 | elapsed time per iteration (ms): 826.6 | throughput (samples/sec/per_device): 1.210 | learning rate: 9.612869E-09 | global batch size:     8 | loss video: 8.923866E-01 | loss action: 2.120597E+00 | loss scale: 1.0 | grad norm: 13.187500 | number of skipped iterations:   0 | number of nan iterations:   0 |
[2026-08-28 17:45:37][INFO] iteration      133/    1000 | consumed samples:         1064 | elapsed time per iteration (ms): 806.9 | throughput (samples/sec/per_device): 1.239 | learning rate: 9.607112E-09 | global batch size:     8 | loss video: 5.864682E-01 | loss action: 2.620151E+00 | loss scale: 1.0 | grad norm: 20.625000 | number of skipped iterations:   0 | number of nan iterations:   0 |
[2026-08-28 17:45:37][INFO] iteration      134/    1000 | consumed samples:         1072 | elapsed time per iteration (ms): 809.5 | throughput (samples/sec/per_device): 1.235 | learning rate: 9.601315E-09 | global batch size:     8 | loss video: 8.264335E-01 | loss action: 7.142715E-01 | loss scale: 1.0 | grad norm: 11.500000 | number of skipped iterations:   0 | number of nan iterations:   0 |
[2026-08-28 17:45:38][INFO] iteration      135/    1000 | consumed samples:         1080 | elapsed time per iteration (ms): 817.8 | throughput (samples/sec/per_device): 1.223 | learning rate: 9.595477E-09 | global batch size:     8 | loss video: 3.874082E-01 | loss action: 4.265613E-01 | loss scale: 1.0 | grad norm: 6.781250 | number of skipped iterations:   0 | number of nan iterations:   0 |
[2026-08-28 17:45:39][INFO] iteration      136/    1000 | consumed samples:         1088 | elapsed time per iteration (ms): 817.9 | throughput (samples/sec/per_device): 1.223 | learning rate: 9.589599E-09 | global batch size:     8 | loss video: 8.815197E-01 | loss action: 3.066994E-02 | loss scale: 1.0 | grad norm: 11.625000 | number of skipped iterations:   0 | number of nan iterations:   0 |
[2026-08-28 17:45:40][INFO] iteration      137/    1000 | consumed samples:         1096 | elapsed time per iteration (ms): 819.0 | throughput (samples/sec/per_device): 1.221 | learning rate: 9.583680E-09 | global batch size:     8 | loss video: 9.110091E-01 | loss action: 5.230267E-01 | loss scale: 1.0 | grad norm: 12.500000 | number of skipped iterations:   0 | number of nan iterations:   0 |
[2026-08-28 17:45:41][INFO] iteration      138/    1000 | consumed samples:         1104 | elapsed time per iteration (ms): 888.6 | throughput (samples/sec/per_device): 1.125 | learning rate: 9.577721E-09 | global batch size:     8 | loss video: 2.228541E-01 | loss action: 6.264277E-01 | loss scale: 1.0 | grad norm: 7.718750 | number of skipped iterations:   0 | number of nan iterations:   0 |
[2026-08-28 17:45:42][INFO] iteration      139/    1000 | consumed samples:         1112 | elapsed time per iteration (ms): 830.1 | throughput (samples/sec/per_device): 1.205 | learning rate: 9.571722E-09 | global batch size:     8 | loss video: 6.755202E-01 | loss action: 0.000000E+00 | loss scale: 1.0 | grad norm: 9.687500 | number of skipped iterations:   0 | number of nan iterations:   0 |
[2026-08-28 17:45:42][INFO] iteration      140/    1000 | consumed samples:         1120 | elapsed time per iteration (ms): 822.0 | throughput (samples/sec/per_device): 1.217 | learning rate: 9.565682E-09 | global batch size:     8 | loss video: 6.552337E-01 | loss action: 2.600761E+00 | loss scale: 1.0 | grad norm: 15.250000 | number of skipped iterations:   0 | number of nan iterations:   0 |
[2026-08-28 17:45:42][INFO] max time across ranks (ms):
    forward-backward................................: 659.98
    forward-compute.................................: 218.50
    backward-compute................................: 287.57
    batch-generator.................................: 168.45
    nan-grad-cleanup................................: 20.33
    grad-clip.......................................: 34.68
    optimizer.......................................: 104.89
    optimizer-inner-step............................: 104.81
    optimizer-scheduler-step........................: 0.05
    optimizer-zero-grad.............................: 1.01
[2026-08-28 17:45:43][INFO] iteration      141/    1000 | consumed samples:         1128 | elapsed time per iteration (ms): 826.7 | throughput (samples/sec/per_device): 1.210 | learning rate: 9.559603E-09 | global batch size:     8 | loss video: 3.976134E-01 | loss action: 8.167251E-01 | loss scale: 1.0 | grad norm: 11.500000 | number of skipped iterations:   0 | number of nan iterations:   0 |
[2026-08-28 17:45:44][INFO] iteration      142/    1000 | consumed samples:         1136 | elapsed time per iteration (ms): 818.7 | throughput (samples/sec/per_device): 1.222 | learning rate: 9.553483E-09 | global batch size:     8 | loss video: 3.250841E-01 | loss action: 1.372573E+00 | loss scale: 1.0 | grad norm: 10.437500 | number of skipped iterations:   0 | number of nan iterations:   0 |
[2026-08-28 17:45:45][INFO] iteration      143/    1000 | consumed samples:         1144 | elapsed time per iteration (ms): 802.8 | throughput (samples/sec/per_device): 1.246 | learning rate: 9.547324E-09 | global batch size:     8 | loss video: 9.375522E-01 | loss action: 3.852251E-01 | loss scale: 1.0 | grad norm: 12.375000 | number of skipped iterations:   0 | number of nan iterations:   0 |
[2026-08-28 17:45:46][INFO] iteration      144/    1000 | consumed samples:         1152 | elapsed time per iteration (ms): 799.4 | throughput (samples/sec/per_device): 1.251 | learning rate: 9.541124E-09 | global batch size:     8 | loss video: 6.026763E-01 | loss action: 1.048298E+00 | loss scale: 1.0 | grad norm: 10.937500 | number of skipped iterations:   0 | number of nan iterations:   0 |
[2026-08-28 17:45:47][INFO] iteration      145/    1000 | consumed samples:         1160 | elapsed time per iteration (ms): 806.1 | throughput (samples/sec/per_device): 1.240 | learning rate: 9.534885E-09 | global batch size:     8 | loss video: 5.142782E-01 | loss action: 2.545679E+00 | loss scale: 1.0 | grad norm: 17.000000 | number of skipped iterations:   0 | number of nan iterations:   0 |
[2026-08-28 17:45:47][INFO] iteration      146/    1000 | consumed samples:         1168 | elapsed time per iteration (ms): 807.4 | throughput (samples/sec/per_device): 1.238 | learning rate: 9.528605E-09 | global batch size:     8 | loss video: 6.523919E-01 | loss action: 2.593516E-02 | loss scale: 1.0 | grad norm: 9.250000 | number of skipped iterations:   0 | number of nan iterations:   0 |
[2026-08-28 17:45:48][INFO] iteration      147/    1000 | consumed samples:         1176 | elapsed time per iteration (ms): 813.5 | throughput (samples/sec/per_device): 1.229 | learning rate: 9.522286E-09 | global batch size:     8 | loss video: 3.489141E-01 | loss action: 2.486282E+00 | loss scale: 1.0 | grad norm: 16.375000 | number of skipped iterations:   0 | number of nan iterations:   0 |
[2026-08-28 17:45:49][INFO] iteration      148/    1000 | consumed samples:         1184 | elapsed time per iteration (ms): 821.5 | throughput (samples/sec/per_device): 1.217 | learning rate: 9.515928E-09 | global batch size:     8 | loss video: 7.095094E-01 | loss action: 6.683564E-02 | loss scale: 1.0 | grad norm: 9.187500 | number of skipped iterations:   0 | number of nan iterations:   0 |
[2026-08-28 17:45:50][INFO] iteration      149/    1000 | consumed samples:         1192 | elapsed time per iteration (ms): 801.1 | throughput (samples/sec/per_device): 1.248 | learning rate: 9.509529E-09 | global batch size:     8 | loss video: 6.653120E-01 | loss action: 2.238389E+00 | loss scale: 1.0 | grad norm: 13.437500 | number of skipped iterations:   0 | number of nan iterations:   0 |
[2026-08-28 17:45:51][INFO] iteration      150/    1000 | consumed samples:         1200 | elapsed time per iteration (ms): 804.4 | throughput (samples/sec/per_device): 1.243 | learning rate: 9.503091E-09 | global batch size:     8 | loss video: 9.233486E-01 | loss action: 1.867243E-01 | loss scale: 1.0 | grad norm: 10.500000 | number of skipped iterations:   0 | number of nan iterations:   0 |
[2026-08-28 17:45:51][INFO] iteration      151/    1000 | consumed samples:         1208 | elapsed time per iteration (ms): 806.1 | throughput (samples/sec/per_device): 1.241 | learning rate: 9.496614E-09 | global batch size:     8 | loss video: 4.085796E-01 | loss action: 1.582982E+00 | loss scale: 1.0 | grad norm: 13.062500 | number of skipped iterations:   0 | number of nan iterations:   0 |
[2026-08-28 17:45:52][INFO] iteration      152/    1000 | consumed samples:         1216 | elapsed time per iteration (ms): 850.6 | throughput (samples/sec/per_device): 1.176 | learning rate: 9.490097E-09 | global batch size:     8 | loss video: 3.562085E-01 | loss action: 1.220369E+00 | loss scale: 1.0 | grad norm: 8.500000 | number of skipped iterations:   0 | number of nan iterations:   0 |
[2026-08-28 17:45:53][INFO] iteration      153/    1000 | consumed samples:         1224 | elapsed time per iteration (ms): 802.9 | throughput (samples/sec/per_device): 1.246 | learning rate: 9.483541E-09 | global batch size:     8 | loss video: 4.426696E-01 | loss action: 5.118104E-01 | loss scale: 1.0 | grad norm: 6.781250 | number of skipped iterations:   0 | number of nan iterations:   0 |
[2026-08-28 17:45:54][INFO] iteration      154/    1000 | consumed samples:         1232 | elapsed time per iteration (ms): 816.1 | throughput (samples/sec/per_device): 1.225 | learning rate: 9.476945E-09 | global batch size:     8 | loss video: 7.574252E-01 | loss action: 6.288614E-01 | loss scale: 1.0 | grad norm: 12.000000 | number of skipped iterations:   0 | number of nan iterations:   0 |
[2026-08-28 17:45:55][INFO] iteration      155/    1000 | consumed samples:         1240 | elapsed time per iteration (ms): 799.2 | throughput (samples/sec/per_device): 1.251 | learning rate: 9.470311E-09 | global batch size:     8 | loss video: 8.600287E-01 | loss action: 2.493003E+00 | loss scale: 1.0 | grad norm: 18.000000 | number of skipped iterations:   0 | number of nan iterations:   0 |
[2026-08-28 17:45:55][INFO] iteration      156/    1000 | consumed samples:         1248 | elapsed time per iteration (ms): 804.2 | throughput (samples/sec/per_device): 1.244 | learning rate: 9.463637E-09 | global batch size:     8 | loss video: 5.503893E-01 | loss action: 2.237483E+00 | loss scale: 1.0 | grad norm: 15.062500 | number of skipped iterations:   0 | number of nan iterations:   0 |
[2026-08-28 17:45:56][INFO] iteration      157/    1000 | consumed samples:         1256 | elapsed time per iteration (ms): 804.4 | throughput (samples/sec/per_device): 1.243 | learning rate: 9.456923E-09 | global batch size:     8 | loss video: 4.003335E-01 | loss action: 3.034352E-01 | loss scale: 1.0 | grad norm: 6.906250 | number of skipped iterations:   0 | number of nan iterations:   0 |
[2026-08-28 17:45:57][INFO] iteration      158/    1000 | consumed samples:         1264 | elapsed time per iteration (ms): 803.8 | throughput (samples/sec/per_device): 1.244 | learning rate: 9.450171E-09 | global batch size:     8 | loss video: 2.401856E-01 | loss action: 8.775637E-01 | loss scale: 1.0 | grad norm: 8.000000 | number of skipped iterations:   0 | number of nan iterations:   0 |
[2026-08-28 17:45:58][INFO] iteration      159/    1000 | consumed samples:         1272 | elapsed time per iteration (ms): 799.4 | throughput (samples/sec/per_device): 1.251 | learning rate: 9.443380E-09 | global batch size:     8 | loss video: 5.526701E-01 | loss action: 2.555963E+00 | loss scale: 1.0 | grad norm: 17.875000 | number of skipped iterations:   0 | number of nan iterations:   0 |
[2026-08-28 17:45:59][INFO] iteration      160/    1000 | consumed samples:         1280 | elapsed time per iteration (ms): 824.3 | throughput (samples/sec/per_device): 1.213 | learning rate: 9.436550E-09 | global batch size:     8 | loss video: 6.767973E-01 | loss action: 2.024089E-01 | loss scale: 1.0 | grad norm: 9.500000 | number of skipped iterations:   0 | number of nan iterations:   0 |
[2026-08-28 17:45:59][INFO] max time across ranks (ms):
    forward-backward................................: 664.24
    forward-compute.................................: 226.75
    backward-compute................................: 296.32
    batch-generator.................................: 178.97
    nan-grad-cleanup................................: 20.31
    grad-clip.......................................: 33.87
    optimizer.......................................: 103.65
    optimizer-inner-step............................: 103.55
    optimizer-scheduler-step........................: 0.05
    optimizer-zero-grad.............................: 0.63
[2026-08-28 17:46:00][INFO] iteration      161/    1000 | consumed samples:         1288 | elapsed time per iteration (ms): 813.7 | throughput (samples/sec/per_device): 1.229 | learning rate: 9.429681E-09 | global batch size:     8 | loss video: 9.824077E-02 | loss action: 1.301227E+00 | loss scale: 1.0 | grad norm: 9.125000 | number of skipped iterations:   0 | number of nan iterations:   0 |
[2026-08-28 17:46:00][INFO] iteration      162/    1000 | consumed samples:         1296 | elapsed time per iteration (ms): 806.7 | throughput (samples/sec/per_device): 1.240 | learning rate: 9.422773E-09 | global batch size:     8 | loss video: 6.920540E-01 | loss action: 7.409844E-01 | loss scale: 1.0 | grad norm: 13.125000 | number of skipped iterations:   0 | number of nan iterations:   0 |
[2026-08-28 17:46:01][INFO] iteration      163/    1000 | consumed samples:         1304 | elapsed time per iteration (ms): 827.6 | throughput (samples/sec/per_device): 1.208 | learning rate: 9.415827E-09 | global batch size:     8 | loss video: 8.700086E-01 | loss action: 1.216656E+00 | loss scale: 1.0 | grad norm: 10.187500 | number of skipped iterations:   0 | number of nan iterations:   0 |
[2026-08-28 17:46:02][INFO] iteration      164/    1000 | consumed samples:         1312 | elapsed time per iteration (ms): 814.8 | throughput (samples/sec/per_device): 1.227 | learning rate: 9.408842E-09 | global batch size:     8 | loss video: 7.972991E-01 | loss action: 1.739756E+00 | loss scale: 1.0 | grad norm: 15.437500 | number of skipped iterations:   0 | number of nan iterations:   0 |
[2026-08-28 17:46:03][INFO] iteration      165/    1000 | consumed samples:         1320 | elapsed time per iteration (ms): 872.9 | throughput (samples/sec/per_device): 1.146 | learning rate: 9.401818E-09 | global batch size:     8 | loss video: 3.804391E-01 | loss action: 1.362376E-01 | loss scale: 1.0 | grad norm: 6.062500 | number of skipped iterations:   0 | number of nan iterations:   0 |
[2026-08-28 17:46:04][INFO] iteration      166/    1000 | consumed samples:         1328 | elapsed time per iteration (ms): 818.4 | throughput (samples/sec/per_device): 1.222 | learning rate: 9.394756E-09 | global batch size:     8 | loss video: 7.403185E-01 | loss action: 3.109259E-01 | loss scale: 1.0 | grad norm: 11.562500 | number of skipped iterations:   0 | number of nan iterations:   0 |
[2026-08-28 17:46:04][INFO] iteration      167/    1000 | consumed samples:         1336 | elapsed time per iteration (ms): 820.5 | throughput (samples/sec/per_device): 1.219 | learning rate: 9.387655E-09 | global batch size:     8 | loss video: 0.000000E+00 | loss action: 1.029465E+00 | loss scale: 1.0 | grad norm: 7.062500 | number of skipped iterations:   0 | number of nan iterations:   0 |
[2026-08-28 17:46:05][INFO] iteration      168/    1000 | consumed samples:         1344 | elapsed time per iteration (ms): 805.7 | throughput (samples/sec/per_device): 1.241 | learning rate: 9.380516E-09 | global batch size:     8 | loss video: 1.724988E-01 | loss action: 9.959402E-01 | loss scale: 1.0 | grad norm: 6.875000 | number of skipped iterations:   0 | number of nan iterations:   0 |
[2026-08-28 17:46:06][INFO] iteration      169/    1000 | consumed samples:         1352 | elapsed time per iteration (ms): 1165.3 | throughput (samples/sec/per_device): 0.858 | learning rate: 9.373339E-09 | global batch size:     8 | loss video: 2.314811E-01 | loss action: 2.411988E+00 | loss scale: 1.0 | grad norm: 15.875000 | number of skipped iterations:   0 | number of nan iterations:   0 |
[2026-08-28 17:46:08][INFO] iteration      170/    1000 | consumed samples:         1360 | elapsed time per iteration (ms): 1222.6 | throughput (samples/sec/per_device): 0.818 | learning rate: 9.366124E-09 | global batch size:     8 | loss video: 7.567956E-01 | loss action: 8.862280E-01 | loss scale: 1.0 | grad norm: 11.625000 | number of skipped iterations:   0 | number of nan iterations:   0 |
[2026-08-28 17:46:09][INFO] iteration      171/    1000 | consumed samples:         1368 | elapsed time per iteration (ms): 808.0 | throughput (samples/sec/per_device): 1.238 | learning rate: 9.358870E-09 | global batch size:     8 | loss video: 2.593932E-01 | loss action: 1.897702E+00 | loss scale: 1.0 | grad norm: 15.437500 | number of skipped iterations:   0 | number of nan iterations:   0 |
[2026-08-28 17:46:09][INFO] iteration      172/    1000 | consumed samples:         1376 | elapsed time per iteration (ms): 817.9 | throughput (samples/sec/per_device): 1.223 | learning rate: 9.351578E-09 | global batch size:     8 | loss video: 6.946151E-01 | loss action: 2.678225E+00 | loss scale: 1.0 | grad norm: 19.500000 | number of skipped iterations:   0 | number of nan iterations:   0 |
[2026-08-28 17:46:10][INFO] iteration      173/    1000 | consumed samples:         1384 | elapsed time per iteration (ms): 809.1 | throughput (samples/sec/per_device): 1.236 | learning rate: 9.344248E-09 | global batch size:     8 | loss video: 7.570624E-01 | loss action: 3.517239E-01 | loss scale: 1.0 | grad norm: 4.312500 | number of skipped iterations:   0 | number of nan iterations:   0 |
[2026-08-28 17:46:11][INFO] iteration      174/    1000 | consumed samples:         1392 | elapsed time per iteration (ms): 800.2 | throughput (samples/sec/per_device): 1.250 | learning rate: 9.336881E-09 | global batch size:     8 | loss video: 7.969148E-01 | loss action: 1.536818E+00 | loss scale: 1.0 | grad norm: 10.000000 | number of skipped iterations:   0 | number of nan iterations:   0 |
[2026-08-28 17:46:12][INFO] iteration      175/    1000 | consumed samples:         1400 | elapsed time per iteration (ms): 798.8 | throughput (samples/sec/per_device): 1.252 | learning rate: 9.329475E-09 | global batch size:     8 | loss video: 4.651183E-01 | loss action: 4.491892E-01 | loss scale: 1.0 | grad norm: 8.187500 | number of skipped iterations:   0 | number of nan iterations:   0 |
[2026-08-28 17:46:13][INFO] iteration      176/    1000 | consumed samples:         1408 | elapsed time per iteration (ms): 804.0 | throughput (samples/sec/per_device): 1.244 | learning rate: 9.322032E-09 | global batch size:     8 | loss video: 4.950999E-01 | loss action: 4.244102E-01 | loss scale: 1.0 | grad norm: 7.937500 | number of skipped iterations:   0 | number of nan iterations:   0 |
[2026-08-28 17:46:13][INFO] iteration      177/    1000 | consumed samples:         1416 | elapsed time per iteration (ms): 807.3 | throughput (samples/sec/per_device): 1.239 | learning rate: 9.314551E-09 | global batch size:     8 | loss video: 6.221800E-01 | loss action: 4.101716E-01 | loss scale: 1.0 | grad norm: 8.937500 | number of skipped iterations:   0 | number of nan iterations:   0 |
[2026-08-28 17:46:14][INFO] iteration      178/    1000 | consumed samples:         1424 | elapsed time per iteration (ms): 804.1 | throughput (samples/sec/per_device): 1.244 | learning rate: 9.307032E-09 | global batch size:     8 | loss video: 4.274315E-01 | loss action: 1.579870E+00 | loss scale: 1.0 | grad norm: 14.875000 | number of skipped iterations:   0 | number of nan iterations:   0 |
[2026-08-28 17:46:15][INFO] iteration      179/    1000 | consumed samples:         1432 | elapsed time per iteration (ms): 807.0 | throughput (samples/sec/per_device): 1.239 | learning rate: 9.299476E-09 | global batch size:     8 | loss video: 5.877773E-01 | loss action: 1.342830E+00 | loss scale: 1.0 | grad norm: 13.687500 | number of skipped iterations:   0 | number of nan iterations:   0 |
[2026-08-28 17:46:16][INFO] iteration      180/    1000 | consumed samples:         1440 | elapsed time per iteration (ms): 809.8 | throughput (samples/sec/per_device): 1.235 | learning rate: 9.291882E-09 | global batch size:     8 | loss video: 9.232345E-01 | loss action: 2.322453E+00 | loss scale: 1.0 | grad norm: 17.875000 | number of skipped iterations:   0 | number of nan iterations:   0 |
[2026-08-28 17:46:16][INFO] max time across ranks (ms):
    forward-backward................................: 649.62
    forward-compute.................................: 216.48
    backward-compute................................: 278.77
    batch-generator.................................: 169.05
    nan-grad-cleanup................................: 20.31
    grad-clip.......................................: 33.66
    optimizer.......................................: 103.76
    optimizer-inner-step............................: 103.66
    optimizer-scheduler-step........................: 0.04
    optimizer-zero-grad.............................: 0.72
[2026-08-28 17:46:17][INFO] iteration      181/    1000 | consumed samples:         1448 | elapsed time per iteration (ms): 816.5 | throughput (samples/sec/per_device): 1.225 | learning rate: 9.284251E-09 | global batch size:     8 | loss video: 1.095304E-01 | loss action: 1.123253E+00 | loss scale: 1.0 | grad norm: 8.437500 | number of skipped iterations:   0 | number of nan iterations:   0 |
[2026-08-28 17:46:17][INFO] iteration      182/    1000 | consumed samples:         1456 | elapsed time per iteration (ms): 806.9 | throughput (samples/sec/per_device): 1.239 | learning rate: 9.276582E-09 | global batch size:     8 | loss video: 7.914859E-02 | loss action: 2.938749E+00 | loss scale: 1.0 | grad norm: 12.937500 | number of skipped iterations:   0 | number of nan iterations:   0 |
[2026-08-28 17:46:18][INFO] iteration      183/    1000 | consumed samples:         1464 | elapsed time per iteration (ms): 813.1 | throughput (samples/sec/per_device): 1.230 | learning rate: 9.268876E-09 | global batch size:     8 | loss video: 7.514859E-01 | loss action: 1.419961E+00 | loss scale: 1.0 | grad norm: 16.500000 | number of skipped iterations:   0 | number of nan iterations:   0 |
[2026-08-28 17:46:19][INFO] iteration      184/    1000 | consumed samples:         1472 | elapsed time per iteration (ms): 814.9 | throughput (samples/sec/per_device): 1.227 | learning rate: 9.261133E-09 | global batch size:     8 | loss video: 3.894878E-02 | loss action: 1.541610E+00 | loss scale: 1.0 | grad norm: 10.437500 | number of skipped iterations:   0 | number of nan iterations:   0 |
[2026-08-28 17:46:20][INFO] iteration      185/    1000 | consumed samples:         1480 | elapsed time per iteration (ms): 800.7 | throughput (samples/sec/per_device): 1.249 | learning rate: 9.253353E-09 | global batch size:     8 | loss video: 3.169370E-01 | loss action: 1.517282E+00 | loss scale: 1.0 | grad norm: 11.937500 | number of skipped iterations:   0 | number of nan iterations:   0 |
[2026-08-28 17:46:21][INFO] iteration      186/    1000 | consumed samples:         1488 | elapsed time per iteration (ms): 808.4 | throughput (samples/sec/per_device): 1.237 | learning rate: 9.245536E-09 | global batch size:     8 | loss video: 7.959465E-01 | loss action: 1.250743E+00 | loss scale: 1.0 | grad norm: 10.562500 | number of skipped iterations:   0 | number of nan iterations:   0 |
[2026-08-28 17:46:21][INFO] iteration      187/    1000 | consumed samples:         1496 | elapsed time per iteration (ms): 795.2 | throughput (samples/sec/per_device): 1.258 | learning rate: 9.237682E-09 | global batch size:     8 | loss video: 7.269032E-02 | loss action: 2.720221E+00 | loss scale: 1.0 | grad norm: 19.250000 | number of skipped iterations:   0 | number of nan iterations:   0 |
[2026-08-28 17:46:22][INFO] iteration      188/    1000 | consumed samples:         1504 | elapsed time per iteration (ms): 809.7 | throughput (samples/sec/per_device): 1.235 | learning rate: 9.229790E-09 | global batch size:     8 | loss video: 5.454419E-02 | loss action: 1.373693E-01 | loss scale: 1.0 | grad norm: 2.078125 | number of skipped iterations:   0 | number of nan iterations:   0 |
[2026-08-28 17:46:23][INFO] iteration      189/    1000 | consumed samples:         1512 | elapsed time per iteration (ms): 1160.0 | throughput (samples/sec/per_device): 0.862 | learning rate: 9.221863E-09 | global batch size:     8 | loss video: 1.936008E-01 | loss action: 1.812738E-01 | loss scale: 1.0 | grad norm: 3.734375 | number of skipped iterations:   0 | number of nan iterations:   0 |
[2026-08-28 17:46:24][INFO] iteration      190/    1000 | consumed samples:         1520 | elapsed time per iteration (ms): 793.3 | throughput (samples/sec/per_device): 1.260 | learning rate: 9.213898E-09 | global batch size:     8 | loss video: 2.425922E-01 | loss action: 2.291577E-01 | loss scale: 1.0 | grad norm: 3.859375 | number of skipped iterations:   0 | number of nan iterations:   0 |
[2026-08-28 17:46:25][INFO] iteration      191/    1000 | consumed samples:         1528 | elapsed time per iteration (ms): 1183.8 | throughput (samples/sec/per_device): 0.845 | learning rate: 9.205897E-09 | global batch size:     8 | loss video: 4.796976E-01 | loss action: 1.034328E+00 | loss scale: 1.0 | grad norm: 11.062500 | number of skipped iterations:   0 | number of nan iterations:   0 |
[2026-08-28 17:46:27][INFO] iteration      192/    1000 | consumed samples:         1536 | elapsed time per iteration (ms): 1167.6 | throughput (samples/sec/per_device): 0.856 | learning rate: 9.197859E-09 | global batch size:     8 | loss video: 2.261235E-01 | loss action: 3.041549E+00 | loss scale: 1.0 | grad norm: 22.750000 | number of skipped iterations:   0 | number of nan iterations:   0 |
[2026-08-28 17:46:27][INFO] iteration      193/    1000 | consumed samples:         1544 | elapsed time per iteration (ms): 799.9 | throughput (samples/sec/per_device): 1.250 | learning rate: 9.189784E-09 | global batch size:     8 | loss video: 6.742352E-01 | loss action: 2.545181E+00 | loss scale: 1.0 | grad norm: 18.250000 | number of skipped iterations:   0 | number of nan iterations:   0 |
[2026-08-28 17:46:28][INFO] iteration      194/    1000 | consumed samples:         1552 | elapsed time per iteration (ms): 797.4 | throughput (samples/sec/per_device): 1.254 | learning rate: 9.181674E-09 | global batch size:     8 | loss video: 8.875598E-01 | loss action: 2.450237E+00 | loss scale: 1.0 | grad norm: 22.125000 | number of skipped iterations:   0 | number of nan iterations:   0 |
[2026-08-28 17:46:29][INFO] iteration      195/    1000 | consumed samples:         1560 | elapsed time per iteration (ms): 820.5 | throughput (samples/sec/per_device): 1.219 | learning rate: 9.173527E-09 | global batch size:     8 | loss video: 2.770942E-01 | loss action: 2.311975E+00 | loss scale: 1.0 | grad norm: 14.562500 | number of skipped iterations:   0 | number of nan iterations:   0 |
[2026-08-28 17:46:30][INFO] iteration      196/    1000 | consumed samples:         1568 | elapsed time per iteration (ms): 833.6 | throughput (samples/sec/per_device): 1.200 | learning rate: 9.165343E-09 | global batch size:     8 | loss video: 5.965232E-01 | loss action: 2.691463E+00 | loss scale: 1.0 | grad norm: 14.500000 | number of skipped iterations:   0 | number of nan iterations:   0 |
[2026-08-28 17:46:31][INFO] iteration      197/    1000 | consumed samples:         1576 | elapsed time per iteration (ms): 813.6 | throughput (samples/sec/per_device): 1.229 | learning rate: 9.157124E-09 | global batch size:     8 | loss video: 4.148569E-01 | loss action: 6.703244E-01 | loss scale: 1.0 | grad norm: 8.000000 | number of skipped iterations:   0 | number of nan iterations:   0 |
[2026-08-28 17:46:31][INFO] iteration      198/    1000 | consumed samples:         1584 | elapsed time per iteration (ms): 807.7 | throughput (samples/sec/per_device): 1.238 | learning rate: 9.148868E-09 | global batch size:     8 | loss video: 2.878905E-01 | loss action: 8.264158E-01 | loss scale: 1.0 | grad norm: 5.375000 | number of skipped iterations:   0 | number of nan iterations:   0 |
[2026-08-28 17:46:32][INFO] iteration      199/    1000 | consumed samples:         1592 | elapsed time per iteration (ms): 799.3 | throughput (samples/sec/per_device): 1.251 | learning rate: 9.140576E-09 | global batch size:     8 | loss video: 5.681737E-01 | loss action: 1.577621E+00 | loss scale: 1.0 | grad norm: 12.437500 | number of skipped iterations:   0 | number of nan iterations:   0 |
[2026-08-28 17:46:33][INFO] iteration      200/    1000 | consumed samples:         1600 | elapsed time per iteration (ms): 819.1 | throughput (samples/sec/per_device): 1.221 | learning rate: 9.132249E-09 | global batch size:     8 | loss video: 3.030798E-01 | loss action: 2.919631E+00 | loss scale: 1.0 | grad norm: 22.250000 | number of skipped iterations:   0 | number of nan iterations:   0 |
[2026-08-28 17:46:33][INFO] max time across ranks (ms):
    forward-backward................................: 659.55
    forward-compute.................................: 218.98
    backward-compute................................: 290.61
    batch-generator.................................: 175.64
    nan-grad-cleanup................................: 20.30
    grad-clip.......................................: 33.68
    optimizer.......................................: 101.98
    optimizer-inner-step............................: 101.87
    optimizer-scheduler-step........................: 0.05
    optimizer-zero-grad.............................: 0.63
[2026-08-28 17:46:34][INFO] iteration      201/    1000 | consumed samples:         1608 | elapsed time per iteration (ms): 807.7 | throughput (samples/sec/per_device): 1.238 | learning rate: 9.123885E-09 | global batch size:     8 | loss video: 6.460586E-01 | loss action: 1.080386E+00 | loss scale: 1.0 | grad norm: 10.250000 | number of skipped iterations:   0 | number of nan iterations:   0 |
[2026-08-28 17:46:35][INFO] iteration      202/    1000 | consumed samples:         1616 | elapsed time per iteration (ms): 811.5 | throughput (samples/sec/per_device): 1.232 | learning rate: 9.115486E-09 | global batch size:     8 | loss video: 7.762351E-01 | loss action: 9.275794E-01 | loss scale: 1.0 | grad norm: 11.250000 | number of skipped iterations:   0 | number of nan iterations:   0 |
[2026-08-28 17:46:35][INFO] iteration      203/    1000 | consumed samples:         1624 | elapsed time per iteration (ms): 805.6 | throughput (samples/sec/per_device): 1.241 | learning rate: 9.107051E-09 | global batch size:     8 | loss video: 8.631041E-02 | loss action: 2.510384E+00 | loss scale: 1.0 | grad norm: 16.125000 | number of skipped iterations:   0 | number of nan iterations:   0 |
[2026-08-28 17:46:36][INFO] iteration      204/    1000 | consumed samples:         1632 | elapsed time per iteration (ms): 808.4 | throughput (samples/sec/per_device): 1.237 | learning rate: 9.098581E-09 | global batch size:     8 | loss video: 8.995569E-01 | loss action: 3.013420E-01 | loss scale: 1.0 | grad norm: 6.125000 | number of skipped iterations:   0 | number of nan iterations:   0 |
[2026-08-28 17:46:37][INFO] iteration      205/    1000 | consumed samples:         1640 | elapsed time per iteration (ms): 805.7 | throughput (samples/sec/per_device): 1.241 | learning rate: 9.090075E-09 | global batch size:     8 | loss video: 8.156658E-01 | loss action: 1.426460E+00 | loss scale: 1.0 | grad norm: 14.000000 | number of skipped iterations:   0 | number of nan iterations:   0 |
[2026-08-28 17:46:38][INFO] iteration      206/    1000 | consumed samples:         1648 | elapsed time per iteration (ms): 813.0 | throughput (samples/sec/per_device): 1.230 | learning rate: 9.081534E-09 | global batch size:     8 | loss video: 7.126771E-01 | loss action: 5.115509E-01 | loss scale: 1.0 | grad norm: 10.750000 | number of skipped iterations:   0 | number of nan iterations:   0 |
[2026-08-28 17:46:39][INFO] iteration      207/    1000 | consumed samples:         1656 | elapsed time per iteration (ms): 816.7 | throughput (samples/sec/per_device): 1.224 | learning rate: 9.072957E-09 | global batch size:     8 | loss video: 9.011575E-01 | loss action: 1.384161E+00 | loss scale: 1.0 | grad norm: 13.500000 | number of skipped iterations:   0 | number of nan iterations:   0 |
[2026-08-28 17:46:40][INFO] iteration      208/    1000 | consumed samples:         1664 | elapsed time per iteration (ms): 817.4 | throughput (samples/sec/per_device): 1.223 | learning rate: 9.064345E-09 | global batch size:     8 | loss video: 6.008065E-01 | loss action: 7.694796E-01 | loss scale: 1.0 | grad norm: 11.687500 | number of skipped iterations:   0 | number of nan iterations:   0 |
[2026-08-28 17:46:40][INFO] iteration      209/    1000 | consumed samples:         1672 | elapsed time per iteration (ms): 810.3 | throughput (samples/sec/per_device): 1.234 | learning rate: 9.055698E-09 | global batch size:     8 | loss video: 8.103736E-01 | loss action: 3.430673E-01 | loss scale: 1.0 | grad norm: 11.687500 | number of skipped iterations:   0 | number of nan iterations:   0 |
[2026-08-28 17:46:41][INFO] iteration      210/    1000 | consumed samples:         1680 | elapsed time per iteration (ms): 808.9 | throughput (samples/sec/per_device): 1.236 | learning rate: 9.047015E-09 | global batch size:     8 | loss video: 8.458114E-01 | loss action: 1.832666E+00 | loss scale: 1.0 | grad norm: 13.750000 | number of skipped iterations:   0 | number of nan iterations:   0 |
[2026-08-28 17:46:42][INFO] iteration      211/    1000 | consumed samples:         1688 | elapsed time per iteration (ms): 822.4 | throughput (samples/sec/per_device): 1.216 | learning rate: 9.038298E-09 | global batch size:     8 | loss video: 0.000000E+00 | loss action: 7.350488E-01 | loss scale: 1.0 | grad norm: 4.593750 | number of skipped iterations:   0 | number of nan iterations:   0 |
[2026-08-28 17:46:43][INFO] iteration      212/    1000 | consumed samples:         1696 | elapsed time per iteration (ms): 813.4 | throughput (samples/sec/per_device): 1.229 | learning rate: 9.029546E-09 | global batch size:     8 | loss video: 1.269684E-01 | loss action: 4.326339E-01 | loss scale: 1.0 | grad norm: 5.343750 | number of skipped iterations:   0 | number of nan iterations:   0 |
[2026-08-28 17:46:44][INFO] iteration      213/    1000 | consumed samples:         1704 | elapsed time per iteration (ms): 811.1 | throughput (samples/sec/per_device): 1.233 | learning rate: 9.020759E-09 | global batch size:     8 | loss video: 7.621417E-01 | loss action: 8.930101E-01 | loss scale: 1.0 | grad norm: 11.437500 | number of skipped iterations:   0 | number of nan iterations:   0 |
[2026-08-28 17:46:44][INFO] iteration      214/    1000 | consumed samples:         1712 | elapsed time per iteration (ms): 804.3 | throughput (samples/sec/per_device): 1.243 | learning rate: 9.011937E-09 | global batch size:     8 | loss video: 7.317699E-02 | loss action: 2.070153E+00 | loss scale: 1.0 | grad norm: 12.437500 | number of skipped iterations:   0 | number of nan iterations:   0 |
[2026-08-28 17:46:45][INFO] iteration      215/    1000 | consumed samples:         1720 | elapsed time per iteration (ms): 806.5 | throughput (samples/sec/per_device): 1.240 | learning rate: 9.003080E-09 | global batch size:     8 | loss video: 1.831474E-02 | loss action: 1.489227E-01 | loss scale: 1.0 | grad norm: 1.343750 | number of skipped iterations:   0 | number of nan iterations:   0 |
[2026-08-28 17:46:46][INFO] iteration      216/    1000 | consumed samples:         1728 | elapsed time per iteration (ms): 812.1 | throughput (samples/sec/per_device): 1.231 | learning rate: 8.994189E-09 | global batch size:     8 | loss video: 5.410380E-01 | loss action: 2.251473E+00 | loss scale: 1.0 | grad norm: 19.000000 | number of skipped iterations:   0 | number of nan iterations:   0 |
[2026-08-28 17:46:47][INFO] iteration      217/    1000 | consumed samples:         1736 | elapsed time per iteration (ms): 806.7 | throughput (samples/sec/per_device): 1.240 | learning rate: 8.985264E-09 | global batch size:     8 | loss video: 5.202917E-01 | loss action: 4.588304E-01 | loss scale: 1.0 | grad norm: 9.000000 | number of skipped iterations:   0 | number of nan iterations:   0 |
[2026-08-28 17:46:48][INFO] iteration      218/    1000 | consumed samples:         1744 | elapsed time per iteration (ms): 817.5 | throughput (samples/sec/per_device): 1.223 | learning rate: 8.976304E-09 | global batch size:     8 | loss video: 8.883554E-01 | loss action: 3.399979E-02 | loss scale: 1.0 | grad norm: 10.187500 | number of skipped iterations:   0 | number of nan iterations:   0 |
[2026-08-28 17:46:48][INFO] iteration      219/    1000 | consumed samples:         1752 | elapsed time per iteration (ms): 829.0 | throughput (samples/sec/per_device): 1.206 | learning rate: 8.967310E-09 | global batch size:     8 | loss video: 3.230863E-01 | loss action: 1.907177E-01 | loss scale: 1.0 | grad norm: 10.937500 | number of skipped iterations:   0 | number of nan iterations:   0 |
[2026-08-28 17:46:50][INFO] iteration      220/    1000 | consumed samples:         1760 | elapsed time per iteration (ms): 1169.1 | throughput (samples/sec/per_device): 0.855 | learning rate: 8.958281E-09 | global batch size:     8 | loss video: 6.377087E-01 | loss action: 2.336088E+00 | loss scale: 1.0 | grad norm: 18.875000 | number of skipped iterations:   0 | number of nan iterations:   0 |
[2026-08-28 17:46:50][INFO] max time across ranks (ms):
    forward-backward................................: 1009.57
    forward-compute.................................: 581.85
    backward-compute................................: 640.41
    batch-generator.................................: 169.93
    nan-grad-cleanup................................: 20.30
    grad-clip.......................................: 33.72
    optimizer.......................................: 101.44
    optimizer-inner-step............................: 101.33
    optimizer-scheduler-step........................: 0.04
    optimizer-zero-grad.............................: 1.09
[2026-08-28 17:46:50][INFO] iteration      221/    1000 | consumed samples:         1768 | elapsed time per iteration (ms): 851.4 | throughput (samples/sec/per_device): 1.175 | learning rate: 8.949219E-09 | global batch size:     8 | loss video: 7.675706E-01 | loss action: 1.466994E+00 | loss scale: 1.0 | grad norm: 8.562500 | number of skipped iterations:   0 | number of nan iterations:   0 |
[2026-08-28 17:46:51][INFO] iteration      222/    1000 | consumed samples:         1776 | elapsed time per iteration (ms): 814.2 | throughput (samples/sec/per_device): 1.228 | learning rate: 8.940122E-09 | global batch size:     8 | loss video: 7.506000E-01 | loss action: 2.585509E+00 | loss scale: 1.0 | grad norm: 22.750000 | number of skipped iterations:   0 | number of nan iterations:   0 |
[2026-08-28 17:46:52][INFO] iteration      223/    1000 | consumed samples:         1784 | elapsed time per iteration (ms): 807.4 | throughput (samples/sec/per_device): 1.239 | learning rate: 8.930991E-09 | global batch size:     8 | loss video: 9.430476E-01 | loss action: 2.507315E+00 | loss scale: 1.0 | grad norm: 17.125000 | number of skipped iterations:   0 | number of nan iterations:   0 |
[2026-08-28 17:46:53][INFO] iteration      224/    1000 | consumed samples:         1792 | elapsed time per iteration (ms): 806.8 | throughput (samples/sec/per_device): 1.240 | learning rate: 8.921827E-09 | global batch size:     8 | loss video: 1.142095E-01 | loss action: 4.194088E-01 | loss scale: 1.0 | grad norm: 3.062500 | number of skipped iterations:   0 | number of nan iterations:   0 |
[2026-08-28 17:46:54][INFO] iteration      225/    1000 | consumed samples:         1800 | elapsed time per iteration (ms): 817.9 | throughput (samples/sec/per_device): 1.223 | learning rate: 8.912629E-09 | global batch size:     8 | loss video: 9.666607E-01 | loss action: 1.923583E+00 | loss scale: 1.0 | grad norm: 14.500000 | number of skipped iterations:   0 | number of nan iterations:   0 |
[2026-08-28 17:46:55][INFO] iteration      226/    1000 | consumed samples:         1808 | elapsed time per iteration (ms): 808.4 | throughput (samples/sec/per_device): 1.237 | learning rate: 8.903397E-09 | global batch size:     8 | loss video: 6.502736E-01 | loss action: 6.072773E-01 | loss scale: 1.0 | grad norm: 5.562500 | number of skipped iterations:   0 | number of nan iterations:   0 |
[2026-08-28 17:46:55][INFO] iteration      227/    1000 | consumed samples:         1816 | elapsed time per iteration (ms): 802.6 | throughput (samples/sec/per_device): 1.246 | learning rate: 8.894131E-09 | global batch size:     8 | loss video: 8.356969E-01 | loss action: 2.409352E+00 | loss scale: 1.0 | grad norm: 15.000000 | number of skipped iterations:   0 | number of nan iterations:   0 |
[2026-08-28 17:46:56][INFO] iteration      228/    1000 | consumed samples:         1824 | elapsed time per iteration (ms): 796.0 | throughput (samples/sec/per_device): 1.256 | learning rate: 8.884832E-09 | global batch size:     8 | loss video: 1.761211E-01 | loss action: 1.957971E+00 | loss scale: 1.0 | grad norm: 11.250000 | number of skipped iterations:   0 | number of nan iterations:   0 |
[2026-08-28 17:46:57][INFO] iteration      229/    1000 | consumed samples:         1832 | elapsed time per iteration (ms): 818.8 | throughput (samples/sec/per_device): 1.221 | learning rate: 8.875500E-09 | global batch size:     8 | loss video: 1.615438E-01 | loss action: 1.481802E+00 | loss scale: 1.0 | grad norm: 10.250000 | number of skipped iterations:   0 | number of nan iterations:   0 |
[2026-08-28 17:46:58][INFO] iteration      230/    1000 | consumed samples:         1840 | elapsed time per iteration (ms): 806.2 | throughput (samples/sec/per_device): 1.240 | learning rate: 8.866134E-09 | global batch size:     8 | loss video: 2.930566E-01 | loss action: 4.474036E-01 | loss scale: 1.0 | grad norm: 5.500000 | number of skipped iterations:   0 | number of nan iterations:   0 |
[2026-08-28 17:46:59][INFO] iteration      231/    1000 | consumed samples:         1848 | elapsed time per iteration (ms): 804.3 | throughput (samples/sec/per_device): 1.243 | learning rate: 8.856735E-09 | global batch size:     8 | loss video: 0.000000E+00 | loss action: 4.743563E-01 | loss scale: 1.0 | grad norm: 2.437500 | number of skipped iterations:   0 | number of nan iterations:   0 |
[2026-08-28 17:46:59][INFO] iteration      232/    1000 | consumed samples:         1856 | elapsed time per iteration (ms): 819.6 | throughput (samples/sec/per_device): 1.220 | learning rate: 8.847303E-09 | global batch size:     8 | loss video: 6.030599E-01 | loss action: 2.442562E+00 | loss scale: 1.0 | grad norm: 16.250000 | number of skipped iterations:   0 | number of nan iterations:   0 |
[2026-08-28 17:47:00][INFO] iteration      233/    1000 | consumed samples:         1864 | elapsed time per iteration (ms): 821.0 | throughput (samples/sec/per_device): 1.218 | learning rate: 8.837838E-09 | global batch size:     8 | loss video: 8.000177E-01 | loss action: 1.528466E+00 | loss scale: 1.0 | grad norm: 14.562500 | number of skipped iterations:   0 | number of nan iterations:   0 |
[2026-08-28 17:47:01][INFO] iteration      234/    1000 | consumed samples:         1872 | elapsed time per iteration (ms): 839.7 | throughput (samples/sec/per_device): 1.191 | learning rate: 8.828340E-09 | global batch size:     8 | loss video: 7.330857E-01 | loss action: 1.586903E+00 | loss scale: 1.0 | grad norm: 16.250000 | number of skipped iterations:   0 | number of nan iterations:   0 |
[2026-08-28 17:47:02][INFO] iteration      235/    1000 | consumed samples:         1880 | elapsed time per iteration (ms): 813.5 | throughput (samples/sec/per_device): 1.229 | learning rate: 8.818809E-09 | global batch size:     8 | loss video: 5.197343E-01 | loss action: 2.121693E+00 | loss scale: 1.0 | grad norm: 15.562500 | number of skipped iterations:   0 | number of nan iterations:   0 |
[2026-08-28 17:47:03][INFO] iteration      236/    1000 | consumed samples:         1888 | elapsed time per iteration (ms): 816.0 | throughput (samples/sec/per_device): 1.225 | learning rate: 8.809245E-09 | global batch size:     8 | loss video: 4.594713E-01 | loss action: 4.964830E-01 | loss scale: 1.0 | grad norm: 8.500000 | number of skipped iterations:   0 | number of nan iterations:   0 |
[2026-08-28 17:47:04][INFO] iteration      237/    1000 | consumed samples:         1896 | elapsed time per iteration (ms): 844.5 | throughput (samples/sec/per_device): 1.184 | learning rate: 8.799649E-09 | global batch size:     8 | loss video: 7.022238E-01 | loss action: 1.664430E+00 | loss scale: 1.0 | grad norm: 12.625000 | number of skipped iterations:   0 | number of nan iterations:   0 |
[2026-08-28 17:47:04][INFO] iteration      238/    1000 | consumed samples:         1904 | elapsed time per iteration (ms): 854.0 | throughput (samples/sec/per_device): 1.171 | learning rate: 8.790020E-09 | global batch size:     8 | loss video: 5.917735E-01 | loss action: 2.596217E+00 | loss scale: 1.0 | grad norm: 17.875000 | number of skipped iterations:   0 | number of nan iterations:   0 |
[2026-08-28 17:47:05][INFO] iteration      239/    1000 | consumed samples:         1912 | elapsed time per iteration (ms): 875.0 | throughput (samples/sec/per_device): 1.143 | learning rate: 8.780359E-09 | global batch size:     8 | loss video: 8.270150E-01 | loss action: 1.404544E+00 | loss scale: 1.0 | grad norm: 12.875000 | number of skipped iterations:   0 | number of nan iterations:   0 |
[2026-08-28 17:47:06][INFO] iteration      240/    1000 | consumed samples:         1920 | elapsed time per iteration (ms): 816.4 | throughput (samples/sec/per_device): 1.225 | learning rate: 8.770665E-09 | global batch size:     8 | loss video: 9.070763E-01 | loss action: 7.044213E-01 | loss scale: 1.0 | grad norm: 10.187500 | number of skipped iterations:   0 | number of nan iterations:   0 |
[2026-08-28 17:47:06][INFO] max time across ranks (ms):
    forward-backward................................: 655.19
    forward-compute.................................: 215.91
    backward-compute................................: 284.29
    batch-generator.................................: 167.10
    nan-grad-cleanup................................: 20.33
    grad-clip.......................................: 34.72
    optimizer.......................................: 102.79
    optimizer-inner-step............................: 102.70
    optimizer-scheduler-step........................: 0.04
    optimizer-zero-grad.............................: 1.06
[2026-08-28 17:47:07][INFO] iteration      241/    1000 | consumed samples:         1928 | elapsed time per iteration (ms): 803.5 | throughput (samples/sec/per_device): 1.245 | learning rate: 8.760939E-09 | global batch size:     8 | loss video: 9.373541E-01 | loss action: 2.684447E+00 | loss scale: 1.0 | grad norm: 14.250000 | number of skipped iterations:   0 | number of nan iterations:   0 |
[2026-08-28 17:47:08][INFO] iteration      242/    1000 | consumed samples:         1936 | elapsed time per iteration (ms): 797.6 | throughput (samples/sec/per_device): 1.254 | learning rate: 8.751181E-09 | global batch size:     8 | loss video: 7.584810E-01 | loss action: 1.781975E+00 | loss scale: 1.0 | grad norm: 16.000000 | number of skipped iterations:   0 | number of nan iterations:   0 |
[2026-08-28 17:47:08][INFO] iteration      243/    1000 | consumed samples:         1944 | elapsed time per iteration (ms): 811.0 | throughput (samples/sec/per_device): 1.233 | learning rate: 8.741391E-09 | global batch size:     8 | loss video: 2.093098E-01 | loss action: 4.282373E-01 | loss scale: 1.0 | grad norm: 7.156250 | number of skipped iterations:   0 | number of nan iterations:   0 |
[2026-08-28 17:47:09][INFO] iteration      244/    1000 | consumed samples:         1952 | elapsed time per iteration (ms): 818.3 | throughput (samples/sec/per_device): 1.222 | learning rate: 8.731568E-09 | global batch size:     8 | loss video: 4.687298E-01 | loss action: 1.961492E+00 | loss scale: 1.0 | grad norm: 14.500000 | number of skipped iterations:   0 | number of nan iterations:   0 |
[2026-08-28 17:47:10][INFO] iteration      245/    1000 | consumed samples:         1960 | elapsed time per iteration (ms): 814.8 | throughput (samples/sec/per_device): 1.227 | learning rate: 8.721714E-09 | global batch size:     8 | loss video: 9.690087E-01 | loss action: 2.565025E-01 | loss scale: 1.0 | grad norm: 11.375000 | number of skipped iterations:   0 | number of nan iterations:   0 |
[2026-08-28 17:47:11][INFO] iteration      246/    1000 | consumed samples:         1968 | elapsed time per iteration (ms): 808.7 | throughput (samples/sec/per_device): 1.237 | learning rate: 8.711828E-09 | global batch size:     8 | loss video: 6.455663E-01 | loss action: 6.535790E-02 | loss scale: 1.0 | grad norm: 8.562500 | number of skipped iterations:   0 | number of nan iterations:   0 |
[2026-08-28 17:47:12][INFO] iteration      247/    1000 | consumed samples:         1976 | elapsed time per iteration (ms): 801.6 | throughput (samples/sec/per_device): 1.248 | learning rate: 8.701911E-09 | global batch size:     8 | loss video: 7.327925E-01 | loss action: 1.743735E+00 | loss scale: 1.0 | grad norm: 14.687500 | number of skipped iterations:   0 | number of nan iterations:   0 |
[2026-08-28 17:47:13][INFO] iteration      248/    1000 | consumed samples:         1984 | elapsed time per iteration (ms): 833.5 | throughput (samples/sec/per_device): 1.200 | learning rate: 8.691961E-09 | global batch size:     8 | loss video: 7.979724E-01 | loss action: 2.467343E+00 | loss scale: 1.0 | grad norm: 18.750000 | number of skipped iterations:   0 | number of nan iterations:   0 |
[2026-08-28 17:47:13][INFO] iteration      249/    1000 | consumed samples:         1992 | elapsed time per iteration (ms): 804.1 | throughput (samples/sec/per_device): 1.244 | learning rate: 8.681981E-09 | global batch size:     8 | loss video: 8.987315E-01 | loss action: 1.071620E+00 | loss scale: 1.0 | grad norm: 7.843750 | number of skipped iterations:   0 | number of nan iterations:   0 |
[2026-08-28 17:47:14][INFO] iteration      250/    1000 | consumed samples:         2000 | elapsed time per iteration (ms): 841.5 | throughput (samples/sec/per_device): 1.188 | learning rate: 8.671968E-09 | global batch size:     8 | loss video: 1.518908E-01 | loss action: 2.833408E-01 | loss scale: 1.0 | grad norm: 4.687500 | number of skipped iterations:   0 | number of nan iterations:   0 |
[2026-08-28 17:47:15][INFO] iteration      251/    1000 | consumed samples:         2008 | elapsed time per iteration (ms): 811.3 | throughput (samples/sec/per_device): 1.233 | learning rate: 8.661925E-09 | global batch size:     8 | loss video: 5.265686E-01 | loss action: 2.531860E-01 | loss scale: 1.0 | grad norm: 9.562500 | number of skipped iterations:   0 | number of nan iterations:   0 |
[2026-08-28 17:47:16][INFO] iteration      252/    1000 | consumed samples:         2016 | elapsed time per iteration (ms): 803.9 | throughput (samples/sec/per_device): 1.244 | learning rate: 8.651850E-09 | global batch size:     8 | loss video: 7.383291E-01 | loss action: 5.960878E-01 | loss scale: 1.0 | grad norm: 9.875000 | number of skipped iterations:   0 | number of nan iterations:   0 |
[2026-08-28 17:47:17][INFO] iteration      253/    1000 | consumed samples:         2024 | elapsed time per iteration (ms): 819.1 | throughput (samples/sec/per_device): 1.221 | learning rate: 8.641744E-09 | global batch size:     8 | loss video: 4.885170E-01 | loss action: 1.028953E-01 | loss scale: 1.0 | grad norm: 7.937500 | number of skipped iterations:   0 | number of nan iterations:   0 |
[2026-08-28 17:47:17][INFO] iteration      254/    1000 | consumed samples:         2032 | elapsed time per iteration (ms): 802.6 | throughput (samples/sec/per_device): 1.246 | learning rate: 8.631608E-09 | global batch size:     8 | loss video: 8.213701E-01 | loss action: 2.762476E+00 | loss scale: 1.0 | grad norm: 19.375000 | number of skipped iterations:   0 | number of nan iterations:   0 |
[2026-08-28 17:47:18][INFO] iteration      255/    1000 | consumed samples:         2040 | elapsed time per iteration (ms): 793.4 | throughput (samples/sec/per_device): 1.260 | learning rate: 8.621440E-09 | global batch size:     8 | loss video: 7.416883E-01 | loss action: 2.312946E+00 | loss scale: 1.0 | grad norm: 19.125000 | number of skipped iterations:   0 | number of nan iterations:   0 |
[2026-08-28 17:47:19][INFO] iteration      256/    1000 | consumed samples:         2048 | elapsed time per iteration (ms): 809.5 | throughput (samples/sec/per_device): 1.235 | learning rate: 8.611241E-09 | global batch size:     8 | loss video: 7.909388E-01 | loss action: 2.359735E+00 | loss scale: 1.0 | grad norm: 16.875000 | number of skipped iterations:   0 | number of nan iterations:   0 |
[2026-08-28 17:47:20][INFO] iteration      257/    1000 | consumed samples:         2056 | elapsed time per iteration (ms): 815.3 | throughput (samples/sec/per_device): 1.227 | learning rate: 8.601012E-09 | global batch size:     8 | loss video: 1.576369E-01 | loss action: 1.153152E+00 | loss scale: 1.0 | grad norm: 8.875000 | number of skipped iterations:   0 | number of nan iterations:   0 |
[2026-08-28 17:47:21][INFO] iteration      258/    1000 | consumed samples:         2064 | elapsed time per iteration (ms): 814.8 | throughput (samples/sec/per_device): 1.227 | learning rate: 8.590752E-09 | global batch size:     8 | loss video: 1.712117E-01 | loss action: 0.000000E+00 | loss scale: 1.0 | grad norm: 4.625000 | number of skipped iterations:   0 | number of nan iterations:   0 |
[2026-08-28 17:47:22][INFO] iteration      259/    1000 | consumed samples:         2072 | elapsed time per iteration (ms): 817.9 | throughput (samples/sec/per_device): 1.223 | learning rate: 8.580462E-09 | global batch size:     8 | loss video: 7.503815E-01 | loss action: 2.152272E+00 | loss scale: 1.0 | grad norm: 11.500000 | number of skipped iterations:   0 | number of nan iterations:   0 |
[2026-08-28 17:47:22][INFO] iteration      260/    1000 | consumed samples:         2080 | elapsed time per iteration (ms): 832.5 | throughput (samples/sec/per_device): 1.201 | learning rate: 8.570141E-09 | global batch size:     8 | loss video: 4.123877E-02 | loss action: 3.880729E-01 | loss scale: 1.0 | grad norm: 3.875000 | number of skipped iterations:   0 | number of nan iterations:   0 |
[2026-08-28 17:47:22][INFO] max time across ranks (ms):
    forward-backward................................: 672.51
    forward-compute.................................: 218.46
    backward-compute................................: 308.51
    batch-generator.................................: 187.67
    nan-grad-cleanup................................: 20.34
    grad-clip.......................................: 34.06
    optimizer.......................................: 103.53
    optimizer-inner-step............................: 103.44
    optimizer-scheduler-step........................: 0.04
    optimizer-zero-grad.............................: 0.65
[2026-08-28 17:47:23][INFO] iteration      261/    1000 | consumed samples:         2088 | elapsed time per iteration (ms): 921.0 | throughput (samples/sec/per_device): 1.086 | learning rate: 8.559790E-09 | global batch size:     8 | loss video: 8.515012E-01 | loss action: 3.878527E-01 | loss scale: 1.0 | grad norm: 6.968750 | number of skipped iterations:   0 | number of nan iterations:   0 |
[2026-08-28 17:47:24][INFO] iteration      262/    1000 | consumed samples:         2096 | elapsed time per iteration (ms): 820.7 | throughput (samples/sec/per_device): 1.218 | learning rate: 8.549409E-09 | global batch size:     8 | loss video: 5.582639E-01 | loss action: 3.036204E-02 | loss scale: 1.0 | grad norm: 7.375000 | number of skipped iterations:   0 | number of nan iterations:   0 |
[2026-08-28 17:47:25][INFO] iteration      263/    1000 | consumed samples:         2104 | elapsed time per iteration (ms): 800.5 | throughput (samples/sec/per_device): 1.249 | learning rate: 8.538998E-09 | global batch size:     8 | loss video: 3.912591E-01 | loss action: 2.983564E-01 | loss scale: 1.0 | grad norm: 8.062500 | number of skipped iterations:   0 | number of nan iterations:   0 |
[2026-08-28 17:47:26][INFO] iteration      264/    1000 | consumed samples:         2112 | elapsed time per iteration (ms): 802.0 | throughput (samples/sec/per_device): 1.247 | learning rate: 8.528556E-09 | global batch size:     8 | loss video: 1.692899E-01 | loss action: 2.471592E+00 | loss scale: 1.0 | grad norm: 15.875000 | number of skipped iterations:   0 | number of nan iterations:   0 |
[2026-08-28 17:47:27][INFO] iteration      265/    1000 | consumed samples:         2120 | elapsed time per iteration (ms): 808.4 | throughput (samples/sec/per_device): 1.237 | learning rate: 8.518085E-09 | global batch size:     8 | loss video: 8.206092E-02 | loss action: 4.093557E-01 | loss scale: 1.0 | grad norm: 2.671875 | number of skipped iterations:   0 | number of nan iterations:   0 |
[2026-08-28 17:47:27][INFO] iteration      266/    1000 | consumed samples:         2128 | elapsed time per iteration (ms): 818.8 | throughput (samples/sec/per_device): 1.221 | learning rate: 8.507584E-09 | global batch size:     8 | loss video: 8.046483E-01 | loss action: 1.872197E+00 | loss scale: 1.0 | grad norm: 17.875000 | number of skipped iterations:   0 | number of nan iterations:   0 |
[2026-08-28 17:47:28][INFO] iteration      267/    1000 | consumed samples:         2136 | elapsed time per iteration (ms): 810.8 | throughput (samples/sec/per_device): 1.233 | learning rate: 8.497053E-09 | global batch size:     8 | loss video: 7.198765E-01 | loss action: 6.685530E-01 | loss scale: 1.0 | grad norm: 9.875000 | number of skipped iterations:   0 | number of nan iterations:   0 |
[2026-08-28 17:47:29][INFO] iteration      268/    1000 | consumed samples:         2144 | elapsed time per iteration (ms): 833.8 | throughput (samples/sec/per_device): 1.199 | learning rate: 8.486493E-09 | global batch size:     8 | loss video: 4.699241E-01 | loss action: 2.499159E+00 | loss scale: 1.0 | grad norm: 17.375000 | number of skipped iterations:   0 | number of nan iterations:   0 |
[2026-08-28 17:47:30][INFO] iteration      269/    1000 | consumed samples:         2152 | elapsed time per iteration (ms): 862.6 | throughput (samples/sec/per_device): 1.159 | learning rate: 8.475903E-09 | global batch size:     8 | loss video: 9.331433E-01 | loss action: 2.488490E+00 | loss scale: 1.0 | grad norm: 16.375000 | number of skipped iterations:   0 | number of nan iterations:   0 |
[2026-08-28 17:47:31][INFO] iteration      270/    1000 | consumed samples:         2160 | elapsed time per iteration (ms): 815.9 | throughput (samples/sec/per_device): 1.226 | learning rate: 8.465284E-09 | global batch size:     8 | loss video: 8.716246E-01 | loss action: 2.781004E+00 | loss scale: 1.0 | grad norm: 20.000000 | number of skipped iterations:   0 | number of nan iterations:   0 |
[2026-08-28 17:47:31][INFO] iteration      271/    1000 | consumed samples:         2168 | elapsed time per iteration (ms): 823.0 | throughput (samples/sec/per_device): 1.215 | learning rate: 8.454636E-09 | global batch size:     8 | loss video: 8.661029E-01 | loss action: 1.484916E+00 | loss scale: 1.0 | grad norm: 12.812500 | number of skipped iterations:   0 | number of nan iterations:   0 |
[2026-08-28 17:47:32][INFO] iteration      272/    1000 | consumed samples:         2176 | elapsed time per iteration (ms): 805.6 | throughput (samples/sec/per_device): 1.241 | learning rate: 8.443958E-09 | global batch size:     8 | loss video: 4.894372E-01 | loss action: 3.987289E-01 | loss scale: 1.0 | grad norm: 8.125000 | number of skipped iterations:   0 | number of nan iterations:   0 |
[2026-08-28 17:47:33][INFO] iteration      273/    1000 | consumed samples:         2184 | elapsed time per iteration (ms): 821.1 | throughput (samples/sec/per_device): 1.218 | learning rate: 8.433252E-09 | global batch size:     8 | loss video: 9.210410E-01 | loss action: 5.807133E-01 | loss scale: 1.0 | grad norm: 10.562500 | number of skipped iterations:   0 | number of nan iterations:   0 |
[2026-08-28 17:47:34][INFO] iteration      274/    1000 | consumed samples:         2192 | elapsed time per iteration (ms): 837.5 | throughput (samples/sec/per_device): 1.194 | learning rate: 8.422516E-09 | global batch size:     8 | loss video: 4.818258E-01 | loss action: 1.280094E+00 | loss scale: 1.0 | grad norm: 12.000000 | number of skipped iterations:   0 | number of nan iterations:   0 |
[2026-08-28 17:47:35][INFO] iteration      275/    1000 | consumed samples:         2200 | elapsed time per iteration (ms): 820.6 | throughput (samples/sec/per_device): 1.219 | learning rate: 8.411752E-09 | global batch size:     8 | loss video: 4.787934E-01 | loss action: 6.859165E-02 | loss scale: 1.0 | grad norm: 7.812500 | number of skipped iterations:   0 | number of nan iterations:   0 |
[2026-08-28 17:47:36][INFO] iteration      276/    1000 | consumed samples:         2208 | elapsed time per iteration (ms): 819.9 | throughput (samples/sec/per_device): 1.220 | learning rate: 8.400959E-09 | global batch size:     8 | loss video: 4.545293E-01 | loss action: 2.266563E+00 | loss scale: 1.0 | grad norm: 14.687500 | number of skipped iterations:   0 | number of nan iterations:   0 |
[2026-08-28 17:47:36][INFO] iteration      277/    1000 | consumed samples:         2216 | elapsed time per iteration (ms): 901.7 | throughput (samples/sec/per_device): 1.109 | learning rate: 8.390137E-09 | global batch size:     8 | loss video: 2.534218E-01 | loss action: 6.821870E-01 | loss scale: 1.0 | grad norm: 6.781250 | number of skipped iterations:   0 | number of nan iterations:   0 |
[2026-08-28 17:47:37][INFO] iteration      278/    1000 | consumed samples:         2224 | elapsed time per iteration (ms): 808.1 | throughput (samples/sec/per_device): 1.237 | learning rate: 8.379287E-09 | global batch size:     8 | loss video: 7.996547E-01 | loss action: 4.094452E-01 | loss scale: 1.0 | grad norm: 10.875000 | number of skipped iterations:   0 | number of nan iterations:   0 |
[2026-08-28 17:47:38][INFO] iteration      279/    1000 | consumed samples:         2232 | elapsed time per iteration (ms): 806.3 | throughput (samples/sec/per_device): 1.240 | learning rate: 8.368408E-09 | global batch size:     8 | loss video: 9.390874E-01 | loss action: 2.635847E+00 | loss scale: 1.0 | grad norm: 16.750000 | number of skipped iterations:   0 | number of nan iterations:   0 |
[2026-08-28 17:47:39][INFO] iteration      280/    1000 | consumed samples:         2240 | elapsed time per iteration (ms): 809.4 | throughput (samples/sec/per_device): 1.236 | learning rate: 8.357501E-09 | global batch size:     8 | loss video: 6.346894E-01 | loss action: 6.222746E-01 | loss scale: 1.0 | grad norm: 9.125000 | number of skipped iterations:   0 | number of nan iterations:   0 |
[2026-08-28 17:47:39][INFO] max time across ranks (ms):
    forward-backward................................: 649.61
    forward-compute.................................: 217.78
    backward-compute................................: 287.84
    batch-generator.................................: 165.03
    nan-grad-cleanup................................: 20.33
    grad-clip.......................................: 33.66
    optimizer.......................................: 102.02
    optimizer-inner-step............................: 101.93
    optimizer-scheduler-step........................: 0.04
    optimizer-zero-grad.............................: 0.82
[2026-08-28 17:47:40][INFO] iteration      281/    1000 | consumed samples:         2248 | elapsed time per iteration (ms): 814.8 | throughput (samples/sec/per_device): 1.227 | learning rate: 8.346566E-09 | global batch size:     8 | loss video: 6.462474E-01 | loss action: 2.186099E+00 | loss scale: 1.0 | grad norm: 19.250000 | number of skipped iterations:   0 | number of nan iterations:   0 |
[2026-08-28 17:47:41][INFO] iteration      282/    1000 | consumed samples:         2256 | elapsed time per iteration (ms): 799.0 | throughput (samples/sec/per_device): 1.252 | learning rate: 8.335602E-09 | global batch size:     8 | loss video: 8.194703E-01 | loss action: 8.913135E-01 | loss scale: 1.0 | grad norm: 12.437500 | number of skipped iterations:   0 | number of nan iterations:   0 |
[2026-08-28 17:47:41][INFO] iteration      283/    1000 | consumed samples:         2264 | elapsed time per iteration (ms): 799.1 | throughput (samples/sec/per_device): 1.251 | learning rate: 8.324611E-09 | global batch size:     8 | loss video: 3.400743E-01 | loss action: 9.802856E-01 | loss scale: 1.0 | grad norm: 7.968750 | number of skipped iterations:   0 | number of nan iterations:   0 |
[2026-08-28 17:47:42][INFO] iteration      284/    1000 | consumed samples:         2272 | elapsed time per iteration (ms): 823.1 | throughput (samples/sec/per_device): 1.215 | learning rate: 8.313592E-09 | global batch size:     8 | loss video: 9.351223E-01 | loss action: 2.475093E+00 | loss scale: 1.0 | grad norm: 20.250000 | number of skipped iterations:   0 | number of nan iterations:   0 |
[2026-08-28 17:47:43][INFO] iteration      285/    1000 | consumed samples:         2280 | elapsed time per iteration (ms): 814.7 | throughput (samples/sec/per_device): 1.227 | learning rate: 8.302545E-09 | global batch size:     8 | loss video: 2.325312E-01 | loss action: 1.853658E+00 | loss scale: 1.0 | grad norm: 12.812500 | number of skipped iterations:   0 | number of nan iterations:   0 |
[2026-08-28 17:47:44][INFO] iteration      286/    1000 | consumed samples:         2288 | elapsed time per iteration (ms): 809.2 | throughput (samples/sec/per_device): 1.236 | learning rate: 8.291470E-09 | global batch size:     8 | loss video: 9.331895E-01 | loss action: 4.486844E-01 | loss scale: 1.0 | grad norm: 8.312500 | number of skipped iterations:   0 | number of nan iterations:   0 |
[2026-08-28 17:47:45][INFO] iteration      287/    1000 | consumed samples:         2296 | elapsed time per iteration (ms): 816.4 | throughput (samples/sec/per_device): 1.225 | learning rate: 8.280368E-09 | global batch size:     8 | loss video: 6.239228E-01 | loss action: 1.420176E+00 | loss scale: 1.0 | grad norm: 14.062500 | number of skipped iterations:   0 | number of nan iterations:   0 |
[2026-08-28 17:47:45][INFO] iteration      288/    1000 | consumed samples:         2304 | elapsed time per iteration (ms): 805.6 | throughput (samples/sec/per_device): 1.241 | learning rate: 8.269239E-09 | global batch size:     8 | loss video: 8.599480E-01 | loss action: 7.287978E-01 | loss scale: 1.0 | grad norm: 8.562500 | number of skipped iterations:   0 | number of nan iterations:   0 |
[2026-08-28 17:47:47][INFO] iteration      289/    1000 | consumed samples:         2312 | elapsed time per iteration (ms): 1167.3 | throughput (samples/sec/per_device): 0.857 | learning rate: 8.258082E-09 | global batch size:     8 | loss video: 5.671670E-01 | loss action: 2.002829E+00 | loss scale: 1.0 | grad norm: 15.375000 | number of skipped iterations:   0 | number of nan iterations:   0 |
[2026-08-28 17:47:48][INFO] iteration      290/    1000 | consumed samples:         2320 | elapsed time per iteration (ms): 1164.1 | throughput (samples/sec/per_device): 0.859 | learning rate: 8.246898E-09 | global batch size:     8 | loss video: 8.069632E-01 | loss action: 2.862661E-02 | loss scale: 1.0 | grad norm: 9.187500 | number of skipped iterations:   0 | number of nan iterations:   0 |
[2026-08-28 17:47:49][INFO] iteration      291/    1000 | consumed samples:         2328 | elapsed time per iteration (ms): 818.4 | throughput (samples/sec/per_device): 1.222 | learning rate: 8.235686E-09 | global batch size:     8 | loss video: 1.251351E-01 | loss action: 6.344401E-02 | loss scale: 1.0 | grad norm: 3.500000 | number of skipped iterations:   0 | number of nan iterations:   0 |
[2026-08-28 17:47:49][INFO] iteration      292/    1000 | consumed samples:         2336 | elapsed time per iteration (ms): 809.6 | throughput (samples/sec/per_device): 1.235 | learning rate: 8.224448E-09 | global batch size:     8 | loss video: 2.754927E-01 | loss action: 4.189473E-01 | loss scale: 1.0 | grad norm: 5.750000 | number of skipped iterations:   0 | number of nan iterations:   0 |
[2026-08-28 17:47:50][INFO] iteration      293/    1000 | consumed samples:         2344 | elapsed time per iteration (ms): 795.7 | throughput (samples/sec/per_device): 1.257 | learning rate: 8.213183E-09 | global batch size:     8 | loss video: 3.220393E-01 | loss action: 1.379469E+00 | loss scale: 1.0 | grad norm: 9.312500 | number of skipped iterations:   0 | number of nan iterations:   0 |
[2026-08-28 17:47:51][INFO] iteration      294/    1000 | consumed samples:         2352 | elapsed time per iteration (ms): 809.2 | throughput (samples/sec/per_device): 1.236 | learning rate: 8.201891E-09 | global batch size:     8 | loss video: 8.257241E-01 | loss action: 7.105662E-01 | loss scale: 1.0 | grad norm: 6.500000 | number of skipped iterations:   0 | number of nan iterations:   0 |
[2026-08-28 17:47:52][INFO] iteration      295/    1000 | consumed samples:         2360 | elapsed time per iteration (ms): 824.5 | throughput (samples/sec/per_device): 1.213 | learning rate: 8.190572E-09 | global batch size:     8 | loss video: 6.362254E-01 | loss action: 4.270819E-01 | loss scale: 1.0 | grad norm: 9.937500 | number of skipped iterations:   0 | number of nan iterations:   0 |
[2026-08-28 17:47:53][INFO] iteration      296/    1000 | consumed samples:         2368 | elapsed time per iteration (ms): 821.1 | throughput (samples/sec/per_device): 1.218 | learning rate: 8.179227E-09 | global batch size:     8 | loss video: 3.205644E-01 | loss action: 1.088512E+00 | loss scale: 1.0 | grad norm: 8.937500 | number of skipped iterations:   0 | number of nan iterations:   0 |
[2026-08-28 17:47:53][INFO] iteration      297/    1000 | consumed samples:         2376 | elapsed time per iteration (ms): 826.7 | throughput (samples/sec/per_device): 1.210 | learning rate: 8.167856E-09 | global batch size:     8 | loss video: 2.674258E-01 | loss action: 1.638457E+00 | loss scale: 1.0 | grad norm: 12.812500 | number of skipped iterations:   0 | number of nan iterations:   0 |
[2026-08-28 17:47:54][INFO] iteration      298/    1000 | consumed samples:         2384 | elapsed time per iteration (ms): 807.0 | throughput (samples/sec/per_device): 1.239 | learning rate: 8.156458E-09 | global batch size:     8 | loss video: 7.499946E-01 | loss action: 2.411983E+00 | loss scale: 1.0 | grad norm: 18.500000 | number of skipped iterations:   0 | number of nan iterations:   0 |
[2026-08-28 17:47:55][INFO] iteration      299/    1000 | consumed samples:         2392 | elapsed time per iteration (ms): 802.5 | throughput (samples/sec/per_device): 1.246 | learning rate: 8.145034E-09 | global batch size:     8 | loss video: 5.232255E-01 | loss action: 1.799567E+00 | loss scale: 1.0 | grad norm: 11.062500 | number of skipped iterations:   0 | number of nan iterations:   0 |
[2026-08-28 17:47:56][INFO] iteration      300/    1000 | consumed samples:         2400 | elapsed time per iteration (ms): 803.8 | throughput (samples/sec/per_device): 1.244 | learning rate: 8.133583E-09 | global batch size:     8 | loss video: 4.397839E-01 | loss action: 1.536312E+00 | loss scale: 1.0 | grad norm: 12.562500 | number of skipped iterations:   0 | number of nan iterations:   0 |
[2026-08-28 17:47:56][INFO] max time across ranks (ms):
    forward-backward................................: 643.52
    forward-compute.................................: 217.08
    backward-compute................................: 278.55
    batch-generator.................................: 161.61
    nan-grad-cleanup................................: 20.31
    grad-clip.......................................: 34.34
    optimizer.......................................: 103.67
    optimizer-inner-step............................: 103.58
    optimizer-scheduler-step........................: 0.06
    optimizer-zero-grad.............................: 0.81
[2026-08-28 17:47:57][INFO] iteration      301/    1000 | consumed samples:         2408 | elapsed time per iteration (ms): 800.4 | throughput (samples/sec/per_device): 1.249 | learning rate: 8.122107E-09 | global batch size:     8 | loss video: 1.099012E-01 | loss action: 2.549364E+00 | loss scale: 1.0 | grad norm: 15.250000 | number of skipped iterations:   0 | number of nan iterations:   0 |
[2026-08-28 17:47:57][INFO] iteration      302/    1000 | consumed samples:         2416 | elapsed time per iteration (ms): 804.7 | throughput (samples/sec/per_device): 1.243 | learning rate: 8.110605E-09 | global batch size:     8 | loss video: 9.166644E-01 | loss action: 3.234142E-01 | loss scale: 1.0 | grad norm: 7.500000 | number of skipped iterations:   0 | number of nan iterations:   0 |
[2026-08-28 17:47:58][INFO] iteration      303/    1000 | consumed samples:         2424 | elapsed time per iteration (ms): 807.0 | throughput (samples/sec/per_device): 1.239 | learning rate: 8.099077E-09 | global batch size:     8 | loss video: 2.695778E-01 | loss action: 1.281272E+00 | loss scale: 1.0 | grad norm: 12.375000 | number of skipped iterations:   0 | number of nan iterations:   0 |
[2026-08-28 17:47:59][INFO] iteration      304/    1000 | consumed samples:         2432 | elapsed time per iteration (ms): 814.8 | throughput (samples/sec/per_device): 1.227 | learning rate: 8.087524E-09 | global batch size:     8 | loss video: 7.899463E-01 | loss action: 7.754138E-01 | loss scale: 1.0 | grad norm: 11.375000 | number of skipped iterations:   0 | number of nan iterations:   0 |
[2026-08-28 17:48:00][INFO] iteration      305/    1000 | consumed samples:         2440 | elapsed time per iteration (ms): 812.0 | throughput (samples/sec/per_device): 1.231 | learning rate: 8.075945E-09 | global batch size:     8 | loss video: 4.056417E-01 | loss action: 0.000000E+00 | loss scale: 1.0 | grad norm: 7.687500 | number of skipped iterations:   0 | number of nan iterations:   0 |
[2026-08-28 17:48:01][INFO] iteration      306/    1000 | consumed samples:         2448 | elapsed time per iteration (ms): 813.5 | throughput (samples/sec/per_device): 1.229 | learning rate: 8.064340E-09 | global batch size:     8 | loss video: 9.642708E-02 | loss action: 3.107817E+00 | loss scale: 1.0 | grad norm: 20.125000 | number of skipped iterations:   0 | number of nan iterations:   0 |
[2026-08-28 17:48:02][INFO] iteration      307/    1000 | consumed samples:         2456 | elapsed time per iteration (ms): 823.1 | throughput (samples/sec/per_device): 1.215 | learning rate: 8.052710E-09 | global batch size:     8 | loss video: 2.948430E-01 | loss action: 9.097276E-01 | loss scale: 1.0 | grad norm: 7.593750 | number of skipped iterations:   0 | number of nan iterations:   0 |
[2026-08-28 17:48:02][INFO] iteration      308/    1000 | consumed samples:         2464 | elapsed time per iteration (ms): 838.5 | throughput (samples/sec/per_device): 1.193 | learning rate: 8.041055E-09 | global batch size:     8 | loss video: 5.368489E-01 | loss action: 6.887881E-01 | loss scale: 1.0 | grad norm: 8.375000 | number of skipped iterations:   0 | number of nan iterations:   0 |
[2026-08-28 17:48:04][INFO] iteration      309/    1000 | consumed samples:         2472 | elapsed time per iteration (ms): 1183.6 | throughput (samples/sec/per_device): 0.845 | learning rate: 8.029375E-09 | global batch size:     8 | loss video: 4.456473E-01 | loss action: 9.913435E-01 | loss scale: 1.0 | grad norm: 11.062500 | number of skipped iterations:   0 | number of nan iterations:   0 |
[2026-08-28 17:48:04][INFO] iteration      310/    1000 | consumed samples:         2480 | elapsed time per iteration (ms): 811.0 | throughput (samples/sec/per_device): 1.233 | learning rate: 8.017670E-09 | global batch size:     8 | loss video: 7.564046E-01 | loss action: 6.754880E-01 | loss scale: 1.0 | grad norm: 11.250000 | number of skipped iterations:   0 | number of nan iterations:   0 |
[2026-08-28 17:48:06][INFO] iteration      311/    1000 | consumed samples:         2488 | elapsed time per iteration (ms): 1160.1 | throughput (samples/sec/per_device): 0.862 | learning rate: 8.005940E-09 | global batch size:     8 | loss video: 4.670731E-01 | loss action: 2.419179E+00 | loss scale: 1.0 | grad norm: 17.000000 | number of skipped iterations:   0 | number of nan iterations:   0 |
[2026-08-28 17:48:06][INFO] iteration      312/    1000 | consumed samples:         2496 | elapsed time per iteration (ms): 815.7 | throughput (samples/sec/per_device): 1.226 | learning rate: 7.994186E-09 | global batch size:     8 | loss video: 1.799661E-01 | loss action: 1.837214E+00 | loss scale: 1.0 | grad norm: 10.500000 | number of skipped iterations:   0 | number of nan iterations:   0 |
[2026-08-28 17:48:07][INFO] iteration      313/    1000 | consumed samples:         2504 | elapsed time per iteration (ms): 803.7 | throughput (samples/sec/per_device): 1.244 | learning rate: 7.982406E-09 | global batch size:     8 | loss video: 4.839407E-01 | loss action: 4.169982E-01 | loss scale: 1.0 | grad norm: 8.500000 | number of skipped iterations:   0 | number of nan iterations:   0 |
[2026-08-28 17:48:08][INFO] iteration      314/    1000 | consumed samples:         2512 | elapsed time per iteration (ms): 806.4 | throughput (samples/sec/per_device): 1.240 | learning rate: 7.970603E-09 | global batch size:     8 | loss video: 4.806969E-01 | loss action: 2.592786E+00 | loss scale: 1.0 | grad norm: 18.625000 | number of skipped iterations:   0 | number of nan iterations:   0 |
[2026-08-28 17:48:09][INFO] iteration      315/    1000 | consumed samples:         2520 | elapsed time per iteration (ms): 804.8 | throughput (samples/sec/per_device): 1.242 | learning rate: 7.958775E-09 | global batch size:     8 | loss video: 1.506996E-01 | loss action: 1.582477E+00 | loss scale: 1.0 | grad norm: 7.593750 | number of skipped iterations:   0 | number of nan iterations:   0 |
[2026-08-28 17:48:10][INFO] iteration      316/    1000 | consumed samples:         2528 | elapsed time per iteration (ms): 835.1 | throughput (samples/sec/per_device): 1.198 | learning rate: 7.946922E-09 | global batch size:     8 | loss video: 4.223877E-01 | loss action: 1.152441E+00 | loss scale: 1.0 | grad norm: 8.750000 | number of skipped iterations:   0 | number of nan iterations:   0 |
[2026-08-28 17:48:10][INFO] iteration      317/    1000 | consumed samples:         2536 | elapsed time per iteration (ms): 812.8 | throughput (samples/sec/per_device): 1.230 | learning rate: 7.935046E-09 | global batch size:     8 | loss video: 8.324932E-01 | loss action: 2.813632E+00 | loss scale: 1.0 | grad norm: 24.625000 | number of skipped iterations:   0 | number of nan iterations:   0 |
[2026-08-28 17:48:11][INFO] iteration      318/    1000 | consumed samples:         2544 | elapsed time per iteration (ms): 799.3 | throughput (samples/sec/per_device): 1.251 | learning rate: 7.923145E-09 | global batch size:     8 | loss video: 9.163649E-01 | loss action: 1.472836E+00 | loss scale: 1.0 | grad norm: 11.062500 | number of skipped iterations:   0 | number of nan iterations:   0 |
[2026-08-28 17:48:12][INFO] iteration      319/    1000 | consumed samples:         2552 | elapsed time per iteration (ms): 802.8 | throughput (samples/sec/per_device): 1.246 | learning rate: 7.911221E-09 | global batch size:     8 | loss video: 6.452872E-01 | loss action: 1.213823E+00 | loss scale: 1.0 | grad norm: 12.937500 | number of skipped iterations:   0 | number of nan iterations:   0 |
[2026-08-28 17:48:13][INFO] iteration      320/    1000 | consumed samples:         2560 | elapsed time per iteration (ms): 812.6 | throughput (samples/sec/per_device): 1.231 | learning rate: 7.899272E-09 | global batch size:     8 | loss video: 8.636775E-01 | loss action: 6.983517E-02 | loss scale: 1.0 | grad norm: 8.312500 | number of skipped iterations:   0 | number of nan iterations:   0 |
[2026-08-28 17:48:13][INFO] max time across ranks (ms):
    forward-backward................................: 652.77
    forward-compute.................................: 217.60
    backward-compute................................: 279.73
    batch-generator.................................: 168.67
    nan-grad-cleanup................................: 20.32
    grad-clip.......................................: 33.68
    optimizer.......................................: 102.16
    optimizer-inner-step............................: 102.07
    optimizer-scheduler-step........................: 0.04
    optimizer-zero-grad.............................: 0.95
[2026-08-28 17:48:14][INFO] iteration      321/    1000 | consumed samples:         2568 | elapsed time per iteration (ms): 812.0 | throughput (samples/sec/per_device): 1.232 | learning rate: 7.887300E-09 | global batch size:     8 | loss video: 4.793064E-01 | loss action: 2.058490E-01 | loss scale: 1.0 | grad norm: 8.312500 | number of skipped iterations:   0 | number of nan iterations:   0 |
[2026-08-28 17:48:14][INFO] iteration      322/    1000 | consumed samples:         2576 | elapsed time per iteration (ms): 806.4 | throughput (samples/sec/per_device): 1.240 | learning rate: 7.875305E-09 | global batch size:     8 | loss video: 3.539487E-01 | loss action: 9.240191E-01 | loss scale: 1.0 | grad norm: 8.562500 | number of skipped iterations:   0 | number of nan iterations:   0 |
[2026-08-28 17:48:15][INFO] iteration      323/    1000 | consumed samples:         2584 | elapsed time per iteration (ms): 802.7 | throughput (samples/sec/per_device): 1.246 | learning rate: 7.863286E-09 | global batch size:     8 | loss video: 8.482569E-01 | loss action: 1.453777E+00 | loss scale: 1.0 | grad norm: 13.750000 | number of skipped iterations:   0 | number of nan iterations:   0 |
[2026-08-28 17:48:16][INFO] iteration      324/    1000 | consumed samples:         2592 | elapsed time per iteration (ms): 802.4 | throughput (samples/sec/per_device): 1.246 | learning rate: 7.851244E-09 | global batch size:     8 | loss video: 7.329871E-01 | loss action: 2.740525E+00 | loss scale: 1.0 | grad norm: 21.125000 | number of skipped iterations:   0 | number of nan iterations:   0 |
[2026-08-28 17:48:17][INFO] iteration      325/    1000 | consumed samples:         2600 | elapsed time per iteration (ms): 825.6 | throughput (samples/sec/per_device): 1.211 | learning rate: 7.839178E-09 | global batch size:     8 | loss video: 5.311345E-01 | loss action: 3.953463E-01 | loss scale: 1.0 | grad norm: 9.062500 | number of skipped iterations:   0 | number of nan iterations:   0 |
[2026-08-28 17:48:18][INFO] iteration      326/    1000 | consumed samples:         2608 | elapsed time per iteration (ms): 828.8 | throughput (samples/sec/per_device): 1.207 | learning rate: 7.827089E-09 | global batch size:     8 | loss video: 8.438779E-01 | loss action: 2.607184E+00 | loss scale: 1.0 | grad norm: 20.500000 | number of skipped iterations:   0 | number of nan iterations:   0 |
[2026-08-28 17:48:19][INFO] iteration      327/    1000 | consumed samples:         2616 | elapsed time per iteration (ms): 819.3 | throughput (samples/sec/per_device): 1.220 | learning rate: 7.814978E-09 | global batch size:     8 | loss video: 9.030699E-01 | loss action: 1.998542E+00 | loss scale: 1.0 | grad norm: 13.062500 | number of skipped iterations:   0 | number of nan iterations:   0 |
[2026-08-28 17:48:19][INFO] iteration      328/    1000 | consumed samples:         2624 | elapsed time per iteration (ms): 804.5 | throughput (samples/sec/per_device): 1.243 | learning rate: 7.802844E-09 | global batch size:     8 | loss video: 2.050011E-01 | loss action: 6.864426E-02 | loss scale: 1.0 | grad norm: 4.625000 | number of skipped iterations:   0 | number of nan iterations:   0 |
[2026-08-28 17:48:20][INFO] iteration      329/    1000 | consumed samples:         2632 | elapsed time per iteration (ms): 802.7 | throughput (samples/sec/per_device): 1.246 | learning rate: 7.790686E-09 | global batch size:     8 | loss video: 8.296891E-01 | loss action: 3.162297E-01 | loss scale: 1.0 | grad norm: 4.968750 | number of skipped iterations:   0 | number of nan iterations:   0 |
[2026-08-28 17:48:21][INFO] iteration      330/    1000 | consumed samples:         2640 | elapsed time per iteration (ms): 810.0 | throughput (samples/sec/per_device): 1.235 | learning rate: 7.778507E-09 | global batch size:     8 | loss video: 9.273135E-01 | loss action: 2.499115E+00 | loss scale: 1.0 | grad norm: 16.750000 | number of skipped iterations:   0 | number of nan iterations:   0 |
[2026-08-28 17:48:22][INFO] iteration      331/    1000 | consumed samples:         2648 | elapsed time per iteration (ms): 817.4 | throughput (samples/sec/per_device): 1.223 | learning rate: 7.766304E-09 | global batch size:     8 | loss video: 7.530848E-01 | loss action: 2.406360E+00 | loss scale: 1.0 | grad norm: 20.375000 | number of skipped iterations:   0 | number of nan iterations:   0 |
[2026-08-28 17:48:23][INFO] iteration      332/    1000 | consumed samples:         2656 | elapsed time per iteration (ms): 815.8 | throughput (samples/sec/per_device): 1.226 | learning rate: 7.754080E-09 | global batch size:     8 | loss video: 5.454529E-01 | loss action: 1.888883E-01 | loss scale: 1.0 | grad norm: 8.187500 | number of skipped iterations:   0 | number of nan iterations:   0 |
[2026-08-28 17:48:23][INFO] iteration      333/    1000 | consumed samples:         2664 | elapsed time per iteration (ms): 805.0 | throughput (samples/sec/per_device): 1.242 | learning rate: 7.741833E-09 | global batch size:     8 | loss video: 7.074323E-01 | loss action: 5.674113E-01 | loss scale: 1.0 | grad norm: 13.750000 | number of skipped iterations:   0 | number of nan iterations:   0 |
[2026-08-28 17:48:24][INFO] iteration      334/    1000 | consumed samples:         2672 | elapsed time per iteration (ms): 811.5 | throughput (samples/sec/per_device): 1.232 | learning rate: 7.729564E-09 | global batch size:     8 | loss video: 7.582334E-01 | loss action: 2.320263E+00 | loss scale: 1.0 | grad norm: 18.375000 | number of skipped iterations:   0 | number of nan iterations:   0 |
[2026-08-28 17:48:25][INFO] iteration      335/    1000 | consumed samples:         2680 | elapsed time per iteration (ms): 805.4 | throughput (samples/sec/per_device): 1.242 | learning rate: 7.717273E-09 | global batch size:     8 | loss video: 2.702675E-02 | loss action: 2.542601E+00 | loss scale: 1.0 | grad norm: 18.625000 | number of skipped iterations:   0 | number of nan iterations:   0 |
[2026-08-28 17:48:26][INFO] iteration      336/    1000 | consumed samples:         2688 | elapsed time per iteration (ms): 821.2 | throughput (samples/sec/per_device): 1.218 | learning rate: 7.704960E-09 | global batch size:     8 | loss video: 3.996018E-01 | loss action: 1.254408E-01 | loss scale: 1.0 | grad norm: 10.062500 | number of skipped iterations:   0 | number of nan iterations:   0 |
[2026-08-28 17:48:27][INFO] iteration      337/    1000 | consumed samples:         2696 | elapsed time per iteration (ms): 813.7 | throughput (samples/sec/per_device): 1.229 | learning rate: 7.692626E-09 | global batch size:     8 | loss video: 6.799221E-01 | loss action: 3.430496E-01 | loss scale: 1.0 | grad norm: 9.625000 | number of skipped iterations:   0 | number of nan iterations:   0 |
[2026-08-28 17:48:27][INFO] iteration      338/    1000 | consumed samples:         2704 | elapsed time per iteration (ms): 805.9 | throughput (samples/sec/per_device): 1.241 | learning rate: 7.680269E-09 | global batch size:     8 | loss video: 8.990507E-01 | loss action: 7.404330E-01 | loss scale: 1.0 | grad norm: 10.750000 | number of skipped iterations:   0 | number of nan iterations:   0 |
[2026-08-28 17:48:28][INFO] iteration      339/    1000 | consumed samples:         2712 | elapsed time per iteration (ms): 804.9 | throughput (samples/sec/per_device): 1.242 | learning rate: 7.667892E-09 | global batch size:     8 | loss video: 6.868061E-01 | loss action: 2.023452E+00 | loss scale: 1.0 | grad norm: 18.250000 | number of skipped iterations:   0 | number of nan iterations:   0 |
[2026-08-28 17:48:29][INFO] iteration      340/    1000 | consumed samples:         2720 | elapsed time per iteration (ms): 1175.7 | throughput (samples/sec/per_device): 0.851 | learning rate: 7.655492E-09 | global batch size:     8 | loss video: 9.015555E-01 | loss action: 7.488081E-01 | loss scale: 1.0 | grad norm: 9.875000 | number of skipped iterations:   0 | number of nan iterations:   0 |
[2026-08-28 17:48:29][INFO] max time across ranks (ms):
    forward-backward................................: 652.66
    forward-compute.................................: 216.22
    backward-compute................................: 289.13
    batch-generator.................................: 173.53
    nan-grad-cleanup................................: 20.33
    grad-clip.......................................: 396.95
    optimizer.......................................: 466.00
    optimizer-inner-step............................: 465.89
    optimizer-scheduler-step........................: 0.06
    optimizer-zero-grad.............................: 0.70
[2026-08-28 17:48:30][INFO] iteration      341/    1000 | consumed samples:         2728 | elapsed time per iteration (ms): 811.9 | throughput (samples/sec/per_device): 1.232 | learning rate: 7.643072E-09 | global batch size:     8 | loss video: 5.521726E-01 | loss action: 2.288692E+00 | loss scale: 1.0 | grad norm: 19.250000 | number of skipped iterations:   0 | number of nan iterations:   0 |
[2026-08-28 17:48:31][INFO] iteration      342/    1000 | consumed samples:         2736 | elapsed time per iteration (ms): 800.5 | throughput (samples/sec/per_device): 1.249 | learning rate: 7.630630E-09 | global batch size:     8 | loss video: 6.294236E-01 | loss action: 3.941408E-01 | loss scale: 1.0 | grad norm: 9.500000 | number of skipped iterations:   0 | number of nan iterations:   0 |
[2026-08-28 17:48:32][INFO] iteration      343/    1000 | consumed samples:         2744 | elapsed time per iteration (ms): 805.3 | throughput (samples/sec/per_device): 1.242 | learning rate: 7.618168E-09 | global batch size:     8 | loss video: 2.951252E-01 | loss action: 3.295090E-01 | loss scale: 1.0 | grad norm: 5.656250 | number of skipped iterations:   0 | number of nan iterations:   0 |
[2026-08-28 17:48:33][INFO] iteration      344/    1000 | consumed samples:         2752 | elapsed time per iteration (ms): 835.3 | throughput (samples/sec/per_device): 1.197 | learning rate: 7.605684E-09 | global batch size:     8 | loss video: 2.659628E-01 | loss action: 9.465129E-01 | loss scale: 1.0 | grad norm: 8.250000 | number of skipped iterations:   0 | number of nan iterations:   0 |
[2026-08-28 17:48:34][INFO] iteration      345/    1000 | consumed samples:         2760 | elapsed time per iteration (ms): 1148.4 | throughput (samples/sec/per_device): 0.871 | learning rate: 7.593180E-09 | global batch size:     8 | loss video: 5.782946E-01 | loss action: 1.722607E+00 | loss scale: 1.0 | grad norm: 12.937500 | number of skipped iterations:   0 | number of nan iterations:   0 |
[2026-08-28 17:48:35][INFO] iteration      346/    1000 | consumed samples:         2768 | elapsed time per iteration (ms): 806.4 | throughput (samples/sec/per_device): 1.240 | learning rate: 7.580655E-09 | global batch size:     8 | loss video: 3.141197E-01 | loss action: 1.251338E+00 | loss scale: 1.0 | grad norm: 9.437500 | number of skipped iterations:   0 | number of nan iterations:   0 |
[2026-08-28 17:48:35][INFO] iteration      347/    1000 | consumed samples:         2776 | elapsed time per iteration (ms): 832.3 | throughput (samples/sec/per_device): 1.201 | learning rate: 7.568109E-09 | global batch size:     8 | loss video: 6.668422E-01 | loss action: 6.136296E-01 | loss scale: 1.0 | grad norm: 11.500000 | number of skipped iterations:   0 | number of nan iterations:   0 |
[2026-08-28 17:48:37][INFO] iteration      348/    1000 | consumed samples:         2784 | elapsed time per iteration (ms): 1151.9 | throughput (samples/sec/per_device): 0.868 | learning rate: 7.555543E-09 | global batch size:     8 | loss video: 8.594537E-01 | loss action: 6.453566E-02 | loss scale: 1.0 | grad norm: 10.125000 | number of skipped iterations:   0 | number of nan iterations:   0 |
[2026-08-28 17:48:37][INFO] iteration      349/    1000 | consumed samples:         2792 | elapsed time per iteration (ms): 808.5 | throughput (samples/sec/per_device): 1.237 | learning rate: 7.542957E-09 | global batch size:     8 | loss video: 3.576720E-01 | loss action: 1.383535E-01 | loss scale: 1.0 | grad norm: 6.343750 | number of skipped iterations:   0 | number of nan iterations:   0 |
[2026-08-28 17:48:38][INFO] iteration      350/    1000 | consumed samples:         2800 | elapsed time per iteration (ms): 807.3 | throughput (samples/sec/per_device): 1.239 | learning rate: 7.530351E-09 | global batch size:     8 | loss video: 6.805273E-01 | loss action: 1.813741E+00 | loss scale: 1.0 | grad norm: 13.875000 | number of skipped iterations:   0 | number of nan iterations:   0 |
[2026-08-28 17:48:39][INFO] iteration      351/    1000 | consumed samples:         2808 | elapsed time per iteration (ms): 828.8 | throughput (samples/sec/per_device): 1.207 | learning rate: 7.517724E-09 | global batch size:     8 | loss video: 5.315519E-01 | loss action: 1.202779E+00 | loss scale: 1.0 | grad norm: 11.312500 | number of skipped iterations:   0 | number of nan iterations:   0 |
[2026-08-28 17:48:40][INFO] iteration      352/    1000 | consumed samples:         2816 | elapsed time per iteration (ms): 807.7 | throughput (samples/sec/per_device): 1.238 | learning rate: 7.505078E-09 | global batch size:     8 | loss video: 6.715394E-01 | loss action: 6.889890E-01 | loss scale: 1.0 | grad norm: 10.937500 | number of skipped iterations:   0 | number of nan iterations:   0 |
[2026-08-28 17:48:41][INFO] iteration      353/    1000 | consumed samples:         2824 | elapsed time per iteration (ms): 803.6 | throughput (samples/sec/per_device): 1.244 | learning rate: 7.492412E-09 | global batch size:     8 | loss video: 4.253250E-01 | loss action: 6.357946E-02 | loss scale: 1.0 | grad norm: 6.718750 | number of skipped iterations:   0 | number of nan iterations:   0 |
[2026-08-28 17:48:42][INFO] iteration      354/    1000 | consumed samples:         2832 | elapsed time per iteration (ms): 843.2 | throughput (samples/sec/per_device): 1.186 | learning rate: 7.479726E-09 | global batch size:     8 | loss video: 6.860646E-01 | loss action: 4.102091E-01 | loss scale: 1.0 | grad norm: 9.312500 | number of skipped iterations:   0 | number of nan iterations:   0 |
[2026-08-28 17:48:42][INFO] iteration      355/    1000 | consumed samples:         2840 | elapsed time per iteration (ms): 811.8 | throughput (samples/sec/per_device): 1.232 | learning rate: 7.467021E-09 | global batch size:     8 | loss video: 7.768744E-01 | loss action: 5.739642E-01 | loss scale: 1.0 | grad norm: 10.562500 | number of skipped iterations:   0 | number of nan iterations:   0 |
[2026-08-28 17:48:43][INFO] iteration      356/    1000 | consumed samples:         2848 | elapsed time per iteration (ms): 807.9 | throughput (samples/sec/per_device): 1.238 | learning rate: 7.454296E-09 | global batch size:     8 | loss video: 3.555777E-01 | loss action: 3.169061E-01 | loss scale: 1.0 | grad norm: 5.906250 | number of skipped iterations:   0 | number of nan iterations:   0 |
[2026-08-28 17:48:44][INFO] iteration      357/    1000 | consumed samples:         2856 | elapsed time per iteration (ms): 812.8 | throughput (samples/sec/per_device): 1.230 | learning rate: 7.441552E-09 | global batch size:     8 | loss video: 3.434503E-01 | loss action: 7.260584E-01 | loss scale: 1.0 | grad norm: 7.531250 | number of skipped iterations:   0 | number of nan iterations:   0 |
[2026-08-28 17:48:45][INFO] iteration      358/    1000 | consumed samples:         2864 | elapsed time per iteration (ms): 805.1 | throughput (samples/sec/per_device): 1.242 | learning rate: 7.428789E-09 | global batch size:     8 | loss video: 4.069619E-02 | loss action: 8.648029E-01 | loss scale: 1.0 | grad norm: 4.062500 | number of skipped iterations:   0 | number of nan iterations:   0 |
[2026-08-28 17:48:46][INFO] iteration      359/    1000 | consumed samples:         2872 | elapsed time per iteration (ms): 797.2 | throughput (samples/sec/per_device): 1.254 | learning rate: 7.416007E-09 | global batch size:     8 | loss video: 7.339043E-01 | loss action: 2.822555E-01 | loss scale: 1.0 | grad norm: 12.500000 | number of skipped iterations:   0 | number of nan iterations:   0 |
[2026-08-28 17:48:46][INFO] iteration      360/    1000 | consumed samples:         2880 | elapsed time per iteration (ms): 814.2 | throughput (samples/sec/per_device): 1.228 | learning rate: 7.403206E-09 | global batch size:     8 | loss video: 6.144651E-01 | loss action: 2.453867E+00 | loss scale: 1.0 | grad norm: 17.750000 | number of skipped iterations:   0 | number of nan iterations:   0 |
[2026-08-28 17:48:46][INFO] max time across ranks (ms):
    forward-backward................................: 654.33
    forward-compute.................................: 215.60
    backward-compute................................: 283.46
    batch-generator.................................: 159.49
    nan-grad-cleanup................................: 20.35
    grad-clip.......................................: 33.61
    optimizer.......................................: 103.13
    optimizer-inner-step............................: 103.04
    optimizer-scheduler-step........................: 0.05
    optimizer-zero-grad.............................: 0.60
[2026-08-28 17:48:47][INFO] iteration      361/    1000 | consumed samples:         2888 | elapsed time per iteration (ms): 804.3 | throughput (samples/sec/per_device): 1.243 | learning rate: 7.390386E-09 | global batch size:     8 | loss video: 4.417181E-01 | loss action: 1.147193E+00 | loss scale: 1.0 | grad norm: 11.500000 | number of skipped iterations:   0 | number of nan iterations:   0 |
[2026-08-28 17:48:48][INFO] iteration      362/    1000 | consumed samples:         2896 | elapsed time per iteration (ms): 799.0 | throughput (samples/sec/per_device): 1.252 | learning rate: 7.377547E-09 | global batch size:     8 | loss video: 2.714177E-01 | loss action: 6.559023E-01 | loss scale: 1.0 | grad norm: 7.343750 | number of skipped iterations:   0 | number of nan iterations:   0 |
[2026-08-28 17:48:49][INFO] iteration      363/    1000 | consumed samples:         2904 | elapsed time per iteration (ms): 800.3 | throughput (samples/sec/per_device): 1.250 | learning rate: 7.364690E-09 | global batch size:     8 | loss video: 3.693683E-01 | loss action: 2.479634E+00 | loss scale: 1.0 | grad norm: 18.000000 | number of skipped iterations:   0 | number of nan iterations:   0 |
[2026-08-28 17:48:50][INFO] iteration      364/    1000 | consumed samples:         2912 | elapsed time per iteration (ms): 804.6 | throughput (samples/sec/per_device): 1.243 | learning rate: 7.351815E-09 | global batch size:     8 | loss video: 9.087369E-01 | loss action: 6.069497E-01 | loss scale: 1.0 | grad norm: 9.000000 | number of skipped iterations:   0 | number of nan iterations:   0 |
[2026-08-28 17:48:50][INFO] iteration      365/    1000 | consumed samples:         2920 | elapsed time per iteration (ms): 826.2 | throughput (samples/sec/per_device): 1.210 | learning rate: 7.338921E-09 | global batch size:     8 | loss video: 7.865845E-01 | loss action: 2.640573E+00 | loss scale: 1.0 | grad norm: 19.125000 | number of skipped iterations:   0 | number of nan iterations:   0 |
[2026-08-28 17:48:51][INFO] iteration      366/    1000 | consumed samples:         2928 | elapsed time per iteration (ms): 879.2 | throughput (samples/sec/per_device): 1.137 | learning rate: 7.326009E-09 | global batch size:     8 | loss video: 6.951085E-01 | loss action: 1.030942E+00 | loss scale: 1.0 | grad norm: 11.500000 | number of skipped iterations:   0 | number of nan iterations:   0 |
[2026-08-28 17:48:52][INFO] iteration      367/    1000 | consumed samples:         2936 | elapsed time per iteration (ms): 802.1 | throughput (samples/sec/per_device): 1.247 | learning rate: 7.313079E-09 | global batch size:     8 | loss video: 5.912408E-01 | loss action: 4.510617E-01 | loss scale: 1.0 | grad norm: 8.875000 | number of skipped iterations:   0 | number of nan iterations:   0 |
[2026-08-28 17:48:53][INFO] iteration      368/    1000 | consumed samples:         2944 | elapsed time per iteration (ms): 815.3 | throughput (samples/sec/per_device): 1.227 | learning rate: 7.300131E-09 | global batch size:     8 | loss video: 5.170774E-01 | loss action: 3.544765E-01 | loss scale: 1.0 | grad norm: 8.812500 | number of skipped iterations:   0 | number of nan iterations:   0 |
[2026-08-28 17:48:54][INFO] iteration      369/    1000 | consumed samples:         2952 | elapsed time per iteration (ms): 791.6 | throughput (samples/sec/per_device): 1.263 | learning rate: 7.287166E-09 | global batch size:     8 | loss video: 8.703122E-01 | loss action: 5.146228E-01 | loss scale: 1.0 | grad norm: 11.250000 | number of skipped iterations:   0 | number of nan iterations:   0 |
[2026-08-28 17:48:54][INFO] iteration      370/    1000 | consumed samples:         2960 | elapsed time per iteration (ms): 807.2 | throughput (samples/sec/per_device): 1.239 | learning rate: 7.274182E-09 | global batch size:     8 | loss video: 4.132985E-01 | loss action: 1.741762E-01 | loss scale: 1.0 | grad norm: 7.437500 | number of skipped iterations:   0 | number of nan iterations:   0 |
[2026-08-28 17:48:55][INFO] iteration      371/    1000 | consumed samples:         2968 | elapsed time per iteration (ms): 819.8 | throughput (samples/sec/per_device): 1.220 | learning rate: 7.261182E-09 | global batch size:     8 | loss video: 1.878617E-01 | loss action: 1.197750E+00 | loss scale: 1.0 | grad norm: 8.687500 | number of skipped iterations:   0 | number of nan iterations:   0 |
[2026-08-28 17:48:56][INFO] iteration      372/    1000 | consumed samples:         2976 | elapsed time per iteration (ms): 801.8 | throughput (samples/sec/per_device): 1.247 | learning rate: 7.248163E-09 | global batch size:     8 | loss video: 1.771058E-01 | loss action: 1.704165E+00 | loss scale: 1.0 | grad norm: 11.312500 | number of skipped iterations:   0 | number of nan iterations:   0 |
[2026-08-28 17:48:57][INFO] iteration      373/    1000 | consumed samples:         2984 | elapsed time per iteration (ms): 815.4 | throughput (samples/sec/per_device): 1.226 | learning rate: 7.235128E-09 | global batch size:     8 | loss video: 4.425930E-01 | loss action: 1.517208E+00 | loss scale: 1.0 | grad norm: 11.625000 | number of skipped iterations:   0 | number of nan iterations:   0 |
[2026-08-28 17:48:58][INFO] iteration      374/    1000 | consumed samples:         2992 | elapsed time per iteration (ms): 810.9 | throughput (samples/sec/per_device): 1.233 | learning rate: 7.222075E-09 | global batch size:     8 | loss video: 3.144364E-01 | loss action: 2.366461E+00 | loss scale: 1.0 | grad norm: 12.187500 | number of skipped iterations:   0 | number of nan iterations:   0 |
[2026-08-28 17:48:59][INFO] iteration      375/    1000 | consumed samples:         3000 | elapsed time per iteration (ms): 813.7 | throughput (samples/sec/per_device): 1.229 | learning rate: 7.209006E-09 | global batch size:     8 | loss video: 8.457203E-01 | loss action: 4.660572E-01 | loss scale: 1.0 | grad norm: 9.500000 | number of skipped iterations:   0 | number of nan iterations:   0 |
[2026-08-28 17:48:59][INFO] iteration      376/    1000 | consumed samples:         3008 | elapsed time per iteration (ms): 796.9 | throughput (samples/sec/per_device): 1.255 | learning rate: 7.195920E-09 | global batch size:     8 | loss video: 8.048616E-01 | loss action: 1.678927E+00 | loss scale: 1.0 | grad norm: 15.375000 | number of skipped iterations:   0 | number of nan iterations:   0 |
[2026-08-28 17:49:00][INFO] iteration      377/    1000 | consumed samples:         3016 | elapsed time per iteration (ms): 798.3 | throughput (samples/sec/per_device): 1.253 | learning rate: 7.182816E-09 | global batch size:     8 | loss video: 3.097404E-01 | loss action: 2.925118E-01 | loss scale: 1.0 | grad norm: 2.562500 | number of skipped iterations:   0 | number of nan iterations:   0 |
[2026-08-28 17:49:01][INFO] iteration      378/    1000 | consumed samples:         3024 | elapsed time per iteration (ms): 804.5 | throughput (samples/sec/per_device): 1.243 | learning rate: 7.169697E-09 | global batch size:     8 | loss video: 3.877681E-01 | loss action: 8.919243E-01 | loss scale: 1.0 | grad norm: 7.031250 | number of skipped iterations:   0 | number of nan iterations:   0 |
[2026-08-28 17:49:02][INFO] iteration      379/    1000 | consumed samples:         3032 | elapsed time per iteration (ms): 803.7 | throughput (samples/sec/per_device): 1.244 | learning rate: 7.156560E-09 | global batch size:     8 | loss video: 3.207263E-01 | loss action: 2.196058E-01 | loss scale: 1.0 | grad norm: 7.125000 | number of skipped iterations:   0 | number of nan iterations:   0 |
[2026-08-28 17:49:03][INFO] iteration      380/    1000 | consumed samples:         3040 | elapsed time per iteration (ms): 911.6 | throughput (samples/sec/per_device): 1.097 | learning rate: 7.143408E-09 | global batch size:     8 | loss video: 7.563428E-01 | loss action: 1.833625E+00 | loss scale: 1.0 | grad norm: 16.375000 | number of skipped iterations:   0 | number of nan iterations:   0 |
[2026-08-28 17:49:03][INFO] max time across ranks (ms):
    forward-backward................................: 751.36
    forward-compute.................................: 215.04
    backward-compute................................: 386.37
    batch-generator.................................: 164.25
    nan-grad-cleanup................................: 20.32
    grad-clip.......................................: 33.71
    optimizer.......................................: 102.55
    optimizer-inner-step............................: 102.45
    optimizer-scheduler-step........................: 0.05
    optimizer-zero-grad.............................: 0.62
[2026-08-28 17:49:04][INFO] iteration      381/    1000 | consumed samples:         3048 | elapsed time per iteration (ms): 822.9 | throughput (samples/sec/per_device): 1.215 | learning rate: 7.130239E-09 | global batch size:     8 | loss video: 6.470408E-01 | loss action: 2.067192E+00 | loss scale: 1.0 | grad norm: 14.500000 | number of skipped iterations:   0 | number of nan iterations:   0 |
[2026-08-28 17:49:04][INFO] iteration      382/    1000 | consumed samples:         3056 | elapsed time per iteration (ms): 817.6 | throughput (samples/sec/per_device): 1.223 | learning rate: 7.117054E-09 | global batch size:     8 | loss video: 8.256616E-01 | loss action: 1.723442E-01 | loss scale: 1.0 | grad norm: 10.812500 | number of skipped iterations:   0 | number of nan iterations:   0 |
[2026-08-28 17:49:05][INFO] iteration      383/    1000 | consumed samples:         3064 | elapsed time per iteration (ms): 818.8 | throughput (samples/sec/per_device): 1.221 | learning rate: 7.103853E-09 | global batch size:     8 | loss video: 4.225662E-01 | loss action: 5.147715E-01 | loss scale: 1.0 | grad norm: 7.281250 | number of skipped iterations:   0 | number of nan iterations:   0 |
[2026-08-28 17:49:06][INFO] iteration      384/    1000 | consumed samples:         3072 | elapsed time per iteration (ms): 802.8 | throughput (samples/sec/per_device): 1.246 | learning rate: 7.090637E-09 | global batch size:     8 | loss video: 1.086671E-01 | loss action: 1.685062E+00 | loss scale: 1.0 | grad norm: 10.750000 | number of skipped iterations:   0 | number of nan iterations:   0 |
[2026-08-28 17:49:07][INFO] iteration      385/    1000 | consumed samples:         3080 | elapsed time per iteration (ms): 806.8 | throughput (samples/sec/per_device): 1.239 | learning rate: 7.077404E-09 | global batch size:     8 | loss video: 4.767231E-02 | loss action: 2.031883E+00 | loss scale: 1.0 | grad norm: 12.437500 | number of skipped iterations:   0 | number of nan iterations:   0 |
[2026-08-28 17:49:08][INFO] iteration      386/    1000 | consumed samples:         3088 | elapsed time per iteration (ms): 833.0 | throughput (samples/sec/per_device): 1.201 | learning rate: 7.064157E-09 | global batch size:     8 | loss video: 6.470908E-01 | loss action: 1.453519E+00 | loss scale: 1.0 | grad norm: 11.812500 | number of skipped iterations:   0 | number of nan iterations:   0 |
[2026-08-28 17:49:08][INFO] iteration      387/    1000 | consumed samples:         3096 | elapsed time per iteration (ms): 819.7 | throughput (samples/sec/per_device): 1.220 | learning rate: 7.050893E-09 | global batch size:     8 | loss video: 3.604589E-01 | loss action: 2.621062E+00 | loss scale: 1.0 | grad norm: 16.375000 | number of skipped iterations:   0 | number of nan iterations:   0 |
[2026-08-28 17:49:09][INFO] iteration      388/    1000 | consumed samples:         3104 | elapsed time per iteration (ms): 805.2 | throughput (samples/sec/per_device): 1.242 | learning rate: 7.037614E-09 | global batch size:     8 | loss video: 5.838802E-01 | loss action: 1.504635E-01 | loss scale: 1.0 | grad norm: 8.875000 | number of skipped iterations:   0 | number of nan iterations:   0 |
[2026-08-28 17:49:10][INFO] iteration      389/    1000 | consumed samples:         3112 | elapsed time per iteration (ms): 802.5 | throughput (samples/sec/per_device): 1.246 | learning rate: 7.024321E-09 | global batch size:     8 | loss video: 1.587554E-01 | loss action: 2.294353E+00 | loss scale: 1.0 | grad norm: 12.500000 | number of skipped iterations:   0 | number of nan iterations:   0 |
[2026-08-28 17:49:11][INFO] iteration      390/    1000 | consumed samples:         3120 | elapsed time per iteration (ms): 810.2 | throughput (samples/sec/per_device): 1.234 | learning rate: 7.011012E-09 | global batch size:     8 | loss video: 7.464355E-01 | loss action: 1.840560E+00 | loss scale: 1.0 | grad norm: 17.875000 | number of skipped iterations:   0 | number of nan iterations:   0 |
[2026-08-28 17:49:12][INFO] iteration      391/    1000 | consumed samples:         3128 | elapsed time per iteration (ms): 809.8 | throughput (samples/sec/per_device): 1.235 | learning rate: 6.997688E-09 | global batch size:     8 | loss video: 2.459929E-01 | loss action: 4.391846E-01 | loss scale: 1.0 | grad norm: 5.093750 | number of skipped iterations:   0 | number of nan iterations:   0 |
[2026-08-28 17:49:12][INFO] iteration      392/    1000 | consumed samples:         3136 | elapsed time per iteration (ms): 819.5 | throughput (samples/sec/per_device): 1.220 | learning rate: 6.984349E-09 | global batch size:     8 | loss video: 8.188397E-01 | loss action: 2.960008E-01 | loss scale: 1.0 | grad norm: 10.937500 | number of skipped iterations:   0 | number of nan iterations:   0 |
[2026-08-28 17:49:13][INFO] iteration      393/    1000 | consumed samples:         3144 | elapsed time per iteration (ms): 828.8 | throughput (samples/sec/per_device): 1.207 | learning rate: 6.970996E-09 | global batch size:     8 | loss video: 6.583549E-01 | loss action: 7.138883E-01 | loss scale: 1.0 | grad norm: 10.187500 | number of skipped iterations:   0 | number of nan iterations:   0 |
[2026-08-28 17:49:14][INFO] iteration      394/    1000 | consumed samples:         3152 | elapsed time per iteration (ms): 822.8 | throughput (samples/sec/per_device): 1.215 | learning rate: 6.957628E-09 | global batch size:     8 | loss video: 6.790354E-01 | loss action: 2.598464E+00 | loss scale: 1.0 | grad norm: 22.250000 | number of skipped iterations:   0 | number of nan iterations:   0 |
[2026-08-28 17:49:15][INFO] iteration      395/    1000 | consumed samples:         3160 | elapsed time per iteration (ms): 815.9 | throughput (samples/sec/per_device): 1.226 | learning rate: 6.944246E-09 | global batch size:     8 | loss video: 2.691854E-01 | loss action: 8.956264E-01 | loss scale: 1.0 | grad norm: 8.125000 | number of skipped iterations:   0 | number of nan iterations:   0 |
[2026-08-28 17:49:16][INFO] iteration      396/    1000 | consumed samples:         3168 | elapsed time per iteration (ms): 820.1 | throughput (samples/sec/per_device): 1.219 | learning rate: 6.930850E-09 | global batch size:     8 | loss video: 7.599857E-01 | loss action: 2.218091E+00 | loss scale: 1.0 | grad norm: 16.000000 | number of skipped iterations:   0 | number of nan iterations:   0 |
[2026-08-28 17:49:17][INFO] iteration      397/    1000 | consumed samples:         3176 | elapsed time per iteration (ms): 829.1 | throughput (samples/sec/per_device): 1.206 | learning rate: 6.917439E-09 | global batch size:     8 | loss video: 3.863999E-01 | loss action: 2.863375E+00 | loss scale: 1.0 | grad norm: 17.375000 | number of skipped iterations:   0 | number of nan iterations:   0 |
[2026-08-28 17:49:17][INFO] iteration      398/    1000 | consumed samples:         3184 | elapsed time per iteration (ms): 818.3 | throughput (samples/sec/per_device): 1.222 | learning rate: 6.904015E-09 | global batch size:     8 | loss video: 9.222323E-01 | loss action: 1.235619E+00 | loss scale: 1.0 | grad norm: 14.500000 | number of skipped iterations:   0 | number of nan iterations:   0 |
[2026-08-28 17:49:18][INFO] iteration      399/    1000 | consumed samples:         3192 | elapsed time per iteration (ms): 805.7 | throughput (samples/sec/per_device): 1.241 | learning rate: 6.890576E-09 | global batch size:     8 | loss video: 9.435809E-01 | loss action: 2.239050E-01 | loss scale: 1.0 | grad norm: 11.437500 | number of skipped iterations:   0 | number of nan iterations:   0 |
[2026-08-28 17:49:19][INFO] iteration      400/    1000 | consumed samples:         3200 | elapsed time per iteration (ms): 815.2 | throughput (samples/sec/per_device): 1.227 | learning rate: 6.877124E-09 | global batch size:     8 | loss video: 5.370098E-01 | loss action: 2.567825E+00 | loss scale: 1.0 | grad norm: 14.250000 | number of skipped iterations:   0 | number of nan iterations:   0 |
[2026-08-28 17:49:19][INFO] max time across ranks (ms):
    forward-backward................................: 655.24
    forward-compute.................................: 216.24
    backward-compute................................: 280.73
    batch-generator.................................: 177.19
    nan-grad-cleanup................................: 20.33
    grad-clip.......................................: 33.89
    optimizer.......................................: 103.10
    optimizer-inner-step............................: 103.01
    optimizer-scheduler-step........................: 0.04
    optimizer-zero-grad.............................: 0.59
[2026-08-28 17:49:20][INFO] iteration      401/    1000 | consumed samples:         3208 | elapsed time per iteration (ms): 803.8 | throughput (samples/sec/per_device): 1.244 | learning rate: 6.863659E-09 | global batch size:     8 | loss video: 7.540222E-02 | loss action: 3.154729E-01 | loss scale: 1.0 | grad norm: 3.187500 | number of skipped iterations:   0 | number of nan iterations:   0 |
[2026-08-28 17:49:21][INFO] iteration      402/    1000 | consumed samples:         3216 | elapsed time per iteration (ms): 798.6 | throughput (samples/sec/per_device): 1.252 | learning rate: 6.850180E-09 | global batch size:     8 | loss video: 5.470259E-02 | loss action: 1.275187E-01 | loss scale: 1.0 | grad norm: 1.562500 | number of skipped iterations:   0 | number of nan iterations:   0 |
[2026-08-28 17:49:21][INFO] iteration      403/    1000 | consumed samples:         3224 | elapsed time per iteration (ms): 811.0 | throughput (samples/sec/per_device): 1.233 | learning rate: 6.836687E-09 | global batch size:     8 | loss video: 8.481186E-01 | loss action: 6.111799E-01 | loss scale: 1.0 | grad norm: 11.625000 | number of skipped iterations:   0 | number of nan iterations:   0 |
[2026-08-28 17:49:22][INFO] iteration      404/    1000 | consumed samples:         3232 | elapsed time per iteration (ms): 809.5 | throughput (samples/sec/per_device): 1.235 | learning rate: 6.823181E-09 | global batch size:     8 | loss video: 9.078291E-01 | loss action: 2.742709E+00 | loss scale: 1.0 | grad norm: 21.000000 | number of skipped iterations:   0 | number of nan iterations:   0 |
[2026-08-28 17:49:23][INFO] iteration      405/    1000 | consumed samples:         3240 | elapsed time per iteration (ms): 879.3 | throughput (samples/sec/per_device): 1.137 | learning rate: 6.809663E-09 | global batch size:     8 | loss video: 2.989848E-01 | loss action: 2.266836E+00 | loss scale: 1.0 | grad norm: 19.250000 | number of skipped iterations:   0 | number of nan iterations:   0 |
[2026-08-28 17:49:24][INFO] iteration      406/    1000 | consumed samples:         3248 | elapsed time per iteration (ms): 796.4 | throughput (samples/sec/per_device): 1.256 | learning rate: 6.796131E-09 | global batch size:     8 | loss video: 7.550601E-01 | loss action: 1.789549E+00 | loss scale: 1.0 | grad norm: 15.750000 | number of skipped iterations:   0 | number of nan iterations:   0 |
[2026-08-28 17:49:25][INFO] iteration      407/    1000 | consumed samples:         3256 | elapsed time per iteration (ms): 814.4 | throughput (samples/sec/per_device): 1.228 | learning rate: 6.782587E-09 | global batch size:     8 | loss video: 5.726857E-01 | loss action: 7.012950E-01 | loss scale: 1.0 | grad norm: 8.187500 | number of skipped iterations:   0 | number of nan iterations:   0 |
[2026-08-28 17:49:26][INFO] iteration      408/    1000 | consumed samples:         3264 | elapsed time per iteration (ms): 802.5 | throughput (samples/sec/per_device): 1.246 | learning rate: 6.769030E-09 | global batch size:     8 | loss video: 7.007396E-01 | loss action: 1.023375E+00 | loss scale: 1.0 | grad norm: 13.687500 | number of skipped iterations:   0 | number of nan iterations:   0 |
[2026-08-28 17:49:27][INFO] iteration      409/    1000 | consumed samples:         3272 | elapsed time per iteration (ms): 1554.6 | throughput (samples/sec/per_device): 0.643 | learning rate: 6.755460E-09 | global batch size:     8 | loss video: 8.079593E-01 | loss action: 1.591963E+00 | loss scale: 1.0 | grad norm: 14.000000 | number of skipped iterations:   0 | number of nan iterations:   0 |
[2026-08-28 17:49:28][INFO] iteration      410/    1000 | consumed samples:         3280 | elapsed time per iteration (ms): 815.9 | throughput (samples/sec/per_device): 1.226 | learning rate: 6.741878E-09 | global batch size:     8 | loss video: 4.629696E-01 | loss action: 2.485171E+00 | loss scale: 1.0 | grad norm: 14.437500 | number of skipped iterations:   0 | number of nan iterations:   0 |
[2026-08-28 17:49:29][INFO] iteration      411/    1000 | consumed samples:         3288 | elapsed time per iteration (ms): 805.5 | throughput (samples/sec/per_device): 1.241 | learning rate: 6.728284E-09 | global batch size:     8 | loss video: 4.864734E-02 | loss action: 1.319987E+00 | loss scale: 1.0 | grad norm: 9.437500 | number of skipped iterations:   0 | number of nan iterations:   0 |
[2026-08-28 17:49:30][INFO] iteration      412/    1000 | consumed samples:         3296 | elapsed time per iteration (ms): 812.3 | throughput (samples/sec/per_device): 1.231 | learning rate: 6.714677E-09 | global batch size:     8 | loss video: 8.755203E-01 | loss action: 3.657962E-01 | loss scale: 1.0 | grad norm: 11.250000 | number of skipped iterations:   0 | number of nan iterations:   0 |
[2026-08-28 17:49:30][INFO] iteration      413/    1000 | consumed samples:         3304 | elapsed time per iteration (ms): 812.1 | throughput (samples/sec/per_device): 1.231 | learning rate: 6.701059E-09 | global batch size:     8 | loss video: 1.588445E-02 | loss action: 1.847520E+00 | loss scale: 1.0 | grad norm: 9.875000 | number of skipped iterations:   0 | number of nan iterations:   0 |
[2026-08-28 17:49:31][INFO] iteration      414/    1000 | consumed samples:         3312 | elapsed time per iteration (ms): 811.1 | throughput (samples/sec/per_device): 1.233 | learning rate: 6.687429E-09 | global batch size:     8 | loss video: 2.925442E-01 | loss action: 2.333889E+00 | loss scale: 1.0 | grad norm: 16.750000 | number of skipped iterations:   0 | number of nan iterations:   0 |
[2026-08-28 17:49:32][INFO] iteration      415/    1000 | consumed samples:         3320 | elapsed time per iteration (ms): 805.0 | throughput (samples/sec/per_device): 1.242 | learning rate: 6.673787E-09 | global batch size:     8 | loss video: 9.111704E-01 | loss action: 1.801525E-01 | loss scale: 1.0 | grad norm: 7.375000 | number of skipped iterations:   0 | number of nan iterations:   0 |
[2026-08-28 17:49:33][INFO] iteration      416/    1000 | consumed samples:         3328 | elapsed time per iteration (ms): 809.9 | throughput (samples/sec/per_device): 1.235 | learning rate: 6.660133E-09 | global batch size:     8 | loss video: 1.587164E-01 | loss action: 1.070733E+00 | loss scale: 1.0 | grad norm: 8.062500 | number of skipped iterations:   0 | number of nan iterations:   0 |
[2026-08-28 17:49:34][INFO] iteration      417/    1000 | consumed samples:         3336 | elapsed time per iteration (ms): 817.9 | throughput (samples/sec/per_device): 1.223 | learning rate: 6.646468E-09 | global batch size:     8 | loss video: 5.159172E-01 | loss action: 0.000000E+00 | loss scale: 1.0 | grad norm: 7.000000 | number of skipped iterations:   0 | number of nan iterations:   0 |
[2026-08-28 17:49:34][INFO] iteration      418/    1000 | consumed samples:         3344 | elapsed time per iteration (ms): 804.0 | throughput (samples/sec/per_device): 1.244 | learning rate: 6.632792E-09 | global batch size:     8 | loss video: 6.400469E-01 | loss action: 1.862808E+00 | loss scale: 1.0 | grad norm: 15.500000 | number of skipped iterations:   0 | number of nan iterations:   0 |
[2026-08-28 17:49:35][INFO] iteration      419/    1000 | consumed samples:         3352 | elapsed time per iteration (ms): 831.3 | throughput (samples/sec/per_device): 1.203 | learning rate: 6.619104E-09 | global batch size:     8 | loss video: 8.922988E-01 | loss action: 2.006972E+00 | loss scale: 1.0 | grad norm: 17.875000 | number of skipped iterations:   0 | number of nan iterations:   0 |
[2026-08-28 17:49:36][INFO] iteration      420/    1000 | consumed samples:         3360 | elapsed time per iteration (ms): 812.2 | throughput (samples/sec/per_device): 1.231 | learning rate: 6.605406E-09 | global batch size:     8 | loss video: 1.791492E-01 | loss action: 7.177557E-01 | loss scale: 1.0 | grad norm: 6.343750 | number of skipped iterations:   0 | number of nan iterations:   0 |
[2026-08-28 17:49:36][INFO] max time across ranks (ms):
    forward-backward................................: 652.47
    forward-compute.................................: 220.07
    backward-compute................................: 284.85
    batch-generator.................................: 159.94
    nan-grad-cleanup................................: 20.32
    grad-clip.......................................: 33.89
    optimizer.......................................: 102.48
    optimizer-inner-step............................: 102.40
    optimizer-scheduler-step........................: 0.04
    optimizer-zero-grad.............................: 0.61
[2026-08-28 17:49:37][INFO] iteration      421/    1000 | consumed samples:         3368 | elapsed time per iteration (ms): 813.0 | throughput (samples/sec/per_device): 1.230 | learning rate: 6.591697E-09 | global batch size:     8 | loss video: 3.251212E-01 | loss action: 1.303836E-01 | loss scale: 1.0 | grad norm: 12.437500 | number of skipped iterations:   0 | number of nan iterations:   0 |
[2026-08-28 17:49:38][INFO] iteration      422/    1000 | consumed samples:         3376 | elapsed time per iteration (ms): 824.6 | throughput (samples/sec/per_device): 1.213 | learning rate: 6.577976E-09 | global batch size:     8 | loss video: 7.261212E-01 | loss action: 2.674483E+00 | loss scale: 1.0 | grad norm: 30.250000 | number of skipped iterations:   0 | number of nan iterations:   0 |
[2026-08-28 17:49:38][INFO] iteration      423/    1000 | consumed samples:         3384 | elapsed time per iteration (ms): 810.9 | throughput (samples/sec/per_device): 1.233 | learning rate: 6.564245E-09 | global batch size:     8 | loss video: 9.004823E-01 | loss action: 1.345166E-01 | loss scale: 1.0 | grad norm: 9.062500 | number of skipped iterations:   0 | number of nan iterations:   0 |
[2026-08-28 17:49:39][INFO] iteration      424/    1000 | consumed samples:         3392 | elapsed time per iteration (ms): 811.1 | throughput (samples/sec/per_device): 1.233 | learning rate: 6.550504E-09 | global batch size:     8 | loss video: 4.831398E-01 | loss action: 2.096573E+00 | loss scale: 1.0 | grad norm: 15.000000 | number of skipped iterations:   0 | number of nan iterations:   0 |
[2026-08-28 17:49:40][INFO] iteration      425/    1000 | consumed samples:         3400 | elapsed time per iteration (ms): 819.4 | throughput (samples/sec/per_device): 1.220 | learning rate: 6.536752E-09 | global batch size:     8 | loss video: 6.113805E-01 | loss action: 2.237989E-01 | loss scale: 1.0 | grad norm: 2.406250 | number of skipped iterations:   0 | number of nan iterations:   0 |
[2026-08-28 17:49:41][INFO] iteration      426/    1000 | consumed samples:         3408 | elapsed time per iteration (ms): 795.1 | throughput (samples/sec/per_device): 1.258 | learning rate: 6.522990E-09 | global batch size:     8 | loss video: 7.890728E-01 | loss action: 3.504015E-01 | loss scale: 1.0 | grad norm: 9.937500 | number of skipped iterations:   0 | number of nan iterations:   0 |
[2026-08-28 17:49:42][INFO] iteration      427/    1000 | consumed samples:         3416 | elapsed time per iteration (ms): 807.8 | throughput (samples/sec/per_device): 1.238 | learning rate: 6.509218E-09 | global batch size:     8 | loss video: 5.823553E-01 | loss action: 8.686015E-01 | loss scale: 1.0 | grad norm: 5.093750 | number of skipped iterations:   0 | number of nan iterations:   0 |
[2026-08-28 17:49:43][INFO] iteration      428/    1000 | consumed samples:         3424 | elapsed time per iteration (ms): 812.7 | throughput (samples/sec/per_device): 1.230 | learning rate: 6.495436E-09 | global batch size:     8 | loss video: 9.327840E-01 | loss action: 2.281826E+00 | loss scale: 1.0 | grad norm: 16.625000 | number of skipped iterations:   0 | number of nan iterations:   0 |
[2026-08-28 17:49:44][INFO] iteration      429/    1000 | consumed samples:         3432 | elapsed time per iteration (ms): 1264.3 | throughput (samples/sec/per_device): 0.791 | learning rate: 6.481645E-09 | global batch size:     8 | loss video: 8.721458E-01 | loss action: 1.621417E+00 | loss scale: 1.0 | grad norm: 14.750000 | number of skipped iterations:   0 | number of nan iterations:   0 |
[2026-08-28 17:49:45][INFO] iteration      430/    1000 | consumed samples:         3440 | elapsed time per iteration (ms): 803.7 | throughput (samples/sec/per_device): 1.244 | learning rate: 6.467843E-09 | global batch size:     8 | loss video: 7.256163E-01 | loss action: 1.695260E+00 | loss scale: 1.0 | grad norm: 12.312500 | number of skipped iterations:   0 | number of nan iterations:   0 |
[2026-08-28 17:49:46][INFO] iteration      431/    1000 | consumed samples:         3448 | elapsed time per iteration (ms): 1169.0 | throughput (samples/sec/per_device): 0.855 | learning rate: 6.454032E-09 | global batch size:     8 | loss video: 9.080226E-01 | loss action: 1.484061E+00 | loss scale: 1.0 | grad norm: 11.937500 | number of skipped iterations:   0 | number of nan iterations:   0 |
[2026-08-28 17:49:47][INFO] iteration      432/    1000 | consumed samples:         3456 | elapsed time per iteration (ms): 804.6 | throughput (samples/sec/per_device): 1.243 | learning rate: 6.440212E-09 | global batch size:     8 | loss video: 7.166218E-01 | loss action: 2.809869E-01 | loss scale: 1.0 | grad norm: 4.281250 | number of skipped iterations:   0 | number of nan iterations:   0 |
[2026-08-28 17:49:47][INFO] iteration      433/    1000 | consumed samples:         3464 | elapsed time per iteration (ms): 799.2 | throughput (samples/sec/per_device): 1.251 | learning rate: 6.426382E-09 | global batch size:     8 | loss video: 6.179366E-01 | loss action: 7.334589E-01 | loss scale: 1.0 | grad norm: 10.187500 | number of skipped iterations:   0 | number of nan iterations:   0 |
[2026-08-28 17:49:48][INFO] iteration      434/    1000 | consumed samples:         3472 | elapsed time per iteration (ms): 817.8 | throughput (samples/sec/per_device): 1.223 | learning rate: 6.412543E-09 | global batch size:     8 | loss video: 2.494755E-01 | loss action: 2.600028E+00 | loss scale: 1.0 | grad norm: 15.000000 | number of skipped iterations:   0 | number of nan iterations:   0 |
[2026-08-28 17:49:49][INFO] iteration      435/    1000 | consumed samples:         3480 | elapsed time per iteration (ms): 804.6 | throughput (samples/sec/per_device): 1.243 | learning rate: 6.398695E-09 | global batch size:     8 | loss video: 6.288186E-01 | loss action: 2.574535E+00 | loss scale: 1.0 | grad norm: 19.625000 | number of skipped iterations:   0 | number of nan iterations:   0 |
[2026-08-28 17:49:50][INFO] iteration      436/    1000 | consumed samples:         3488 | elapsed time per iteration (ms): 801.9 | throughput (samples/sec/per_device): 1.247 | learning rate: 6.384838E-09 | global batch size:     8 | loss video: 2.082620E-01 | loss action: 1.603343E+00 | loss scale: 1.0 | grad norm: 13.750000 | number of skipped iterations:   0 | number of nan iterations:   0 |
[2026-08-28 17:49:51][INFO] iteration      437/    1000 | consumed samples:         3496 | elapsed time per iteration (ms): 801.0 | throughput (samples/sec/per_device): 1.248 | learning rate: 6.370973E-09 | global batch size:     8 | loss video: 3.604449E-01 | loss action: 4.446156E-01 | loss scale: 1.0 | grad norm: 6.718750 | number of skipped iterations:   0 | number of nan iterations:   0 |
[2026-08-28 17:49:51][INFO] iteration      438/    1000 | consumed samples:         3504 | elapsed time per iteration (ms): 804.2 | throughput (samples/sec/per_device): 1.244 | learning rate: 6.357098E-09 | global batch size:     8 | loss video: 5.738041E-01 | loss action: 2.192692E+00 | loss scale: 1.0 | grad norm: 17.500000 | number of skipped iterations:   0 | number of nan iterations:   0 |
[2026-08-28 17:49:52][INFO] iteration      439/    1000 | consumed samples:         3512 | elapsed time per iteration (ms): 818.4 | throughput (samples/sec/per_device): 1.222 | learning rate: 6.343216E-09 | global batch size:     8 | loss video: 7.578740E-01 | loss action: 2.467622E-01 | loss scale: 1.0 | grad norm: 11.375000 | number of skipped iterations:   0 | number of nan iterations:   0 |
[2026-08-28 17:49:53][INFO] iteration      440/    1000 | consumed samples:         3520 | elapsed time per iteration (ms): 806.1 | throughput (samples/sec/per_device): 1.241 | learning rate: 6.329325E-09 | global batch size:     8 | loss video: 2.772424E-01 | loss action: 2.571713E+00 | loss scale: 1.0 | grad norm: 20.250000 | number of skipped iterations:   0 | number of nan iterations:   0 |
[2026-08-28 17:49:53][INFO] max time across ranks (ms):
    forward-backward................................: 646.60
    forward-compute.................................: 215.15
    backward-compute................................: 283.23
    batch-generator.................................: 161.25
    nan-grad-cleanup................................: 20.30
    grad-clip.......................................: 33.63
    optimizer.......................................: 102.99
    optimizer-inner-step............................: 102.90
    optimizer-scheduler-step........................: 0.04
    optimizer-zero-grad.............................: 0.60
[2026-08-28 17:49:54][INFO] iteration      441/    1000 | consumed samples:         3528 | elapsed time per iteration (ms): 804.9 | throughput (samples/sec/per_device): 1.242 | learning rate: 6.315426E-09 | global batch size:     8 | loss video: 9.063205E-01 | loss action: 2.511796E+00 | loss scale: 1.0 | grad norm: 19.750000 | number of skipped iterations:   0 | number of nan iterations:   0 |
[2026-08-28 17:49:55][INFO] iteration      442/    1000 | consumed samples:         3536 | elapsed time per iteration (ms): 802.7 | throughput (samples/sec/per_device): 1.246 | learning rate: 6.301519E-09 | global batch size:     8 | loss video: 5.931248E-02 | loss action: 1.802845E+00 | loss scale: 1.0 | grad norm: 8.625000 | number of skipped iterations:   0 | number of nan iterations:   0 |
[2026-08-28 17:49:55][INFO] iteration      443/    1000 | consumed samples:         3544 | elapsed time per iteration (ms): 807.3 | throughput (samples/sec/per_device): 1.239 | learning rate: 6.287604E-09 | global batch size:     8 | loss video: 1.947679E-01 | loss action: 9.495644E-01 | loss scale: 1.0 | grad norm: 7.125000 | number of skipped iterations:   0 | number of nan iterations:   0 |
[2026-08-28 17:49:56][INFO] iteration      444/    1000 | consumed samples:         3552 | elapsed time per iteration (ms): 802.4 | throughput (samples/sec/per_device): 1.246 | learning rate: 6.273681E-09 | global batch size:     8 | loss video: 8.863898E-01 | loss action: 1.565487E+00 | loss scale: 1.0 | grad norm: 14.562500 | number of skipped iterations:   0 | number of nan iterations:   0 |
[2026-08-28 17:49:57][INFO] iteration      445/    1000 | consumed samples:         3560 | elapsed time per iteration (ms): 810.8 | throughput (samples/sec/per_device): 1.233 | learning rate: 6.259751E-09 | global batch size:     8 | loss video: 9.678945E-01 | loss action: 3.423468E-01 | loss scale: 1.0 | grad norm: 11.375000 | number of skipped iterations:   0 | number of nan iterations:   0 |
[2026-08-28 17:49:58][INFO] iteration      446/    1000 | consumed samples:         3568 | elapsed time per iteration (ms): 799.4 | throughput (samples/sec/per_device): 1.251 | learning rate: 6.245813E-09 | global batch size:     8 | loss video: 6.463150E-01 | loss action: 4.907875E-01 | loss scale: 1.0 | grad norm: 10.187500 | number of skipped iterations:   0 | number of nan iterations:   0 |
[2026-08-28 17:49:59][INFO] iteration      447/    1000 | consumed samples:         3576 | elapsed time per iteration (ms): 800.5 | throughput (samples/sec/per_device): 1.249 | learning rate: 6.231867E-09 | global batch size:     8 | loss video: 5.098360E-01 | loss action: 3.063035E-02 | loss scale: 1.0 | grad norm: 8.437500 | number of skipped iterations:   0 | number of nan iterations:   0 |
[2026-08-28 17:49:59][INFO] iteration      448/    1000 | consumed samples:         3584 | elapsed time per iteration (ms): 792.3 | throughput (samples/sec/per_device): 1.262 | learning rate: 6.217915E-09 | global batch size:     8 | loss video: 3.055323E-01 | loss action: 2.078959E+00 | loss scale: 1.0 | grad norm: 12.000000 | number of skipped iterations:   0 | number of nan iterations:   0 |
[2026-08-28 17:50:00][INFO] iteration      449/    1000 | consumed samples:         3592 | elapsed time per iteration (ms): 814.1 | throughput (samples/sec/per_device): 1.228 | learning rate: 6.203955E-09 | global batch size:     8 | loss video: 7.383497E-01 | loss action: 8.042930E-01 | loss scale: 1.0 | grad norm: 10.562500 | number of skipped iterations:   0 | number of nan iterations:   0 |
[2026-08-28 17:50:01][INFO] iteration      450/    1000 | consumed samples:         3600 | elapsed time per iteration (ms): 804.1 | throughput (samples/sec/per_device): 1.244 | learning rate: 6.189989E-09 | global batch size:     8 | loss video: 9.231270E-01 | loss action: 2.139704E+00 | loss scale: 1.0 | grad norm: 18.625000 | number of skipped iterations:   0 | number of nan iterations:   0 |
[2026-08-28 17:50:02][INFO] iteration      451/    1000 | consumed samples:         3608 | elapsed time per iteration (ms): 805.0 | throughput (samples/sec/per_device): 1.242 | learning rate: 6.176015E-09 | global batch size:     8 | loss video: 9.272376E-01 | loss action: 1.011803E+00 | loss scale: 1.0 | grad norm: 10.062500 | number of skipped iterations:   0 | number of nan iterations:   0 |
[2026-08-28 17:50:03][INFO] iteration      452/    1000 | consumed samples:         3616 | elapsed time per iteration (ms): 812.1 | throughput (samples/sec/per_device): 1.231 | learning rate: 6.162035E-09 | global batch size:     8 | loss video: 0.000000E+00 | loss action: 1.692210E+00 | loss scale: 1.0 | grad norm: 13.187500 | number of skipped iterations:   0 | number of nan iterations:   0 |
[2026-08-28 17:50:04][INFO] iteration      453/    1000 | consumed samples:         3624 | elapsed time per iteration (ms): 858.2 | throughput (samples/sec/per_device): 1.165 | learning rate: 6.148049E-09 | global batch size:     8 | loss video: 8.515370E-01 | loss action: 7.903922E-01 | loss scale: 1.0 | grad norm: 11.687500 | number of skipped iterations:   0 | number of nan iterations:   0 |
[2026-08-28 17:50:04][INFO] iteration      454/    1000 | consumed samples:         3632 | elapsed time per iteration (ms): 821.9 | throughput (samples/sec/per_device): 1.217 | learning rate: 6.134056E-09 | global batch size:     8 | loss video: 4.444987E-01 | loss action: 1.449660E+00 | loss scale: 1.0 | grad norm: 10.750000 | number of skipped iterations:   0 | number of nan iterations:   0 |
[2026-08-28 17:50:05][INFO] iteration      455/    1000 | consumed samples:         3640 | elapsed time per iteration (ms): 801.7 | throughput (samples/sec/per_device): 1.247 | learning rate: 6.120056E-09 | global batch size:     8 | loss video: 2.954898E-01 | loss action: 2.868533E+00 | loss scale: 1.0 | grad norm: 15.562500 | number of skipped iterations:   0 | number of nan iterations:   0 |
[2026-08-28 17:50:06][INFO] iteration      456/    1000 | consumed samples:         3648 | elapsed time per iteration (ms): 815.7 | throughput (samples/sec/per_device): 1.226 | learning rate: 6.106051E-09 | global batch size:     8 | loss video: 1.160789E-01 | loss action: 5.580066E-01 | loss scale: 1.0 | grad norm: 7.593750 | number of skipped iterations:   0 | number of nan iterations:   0 |
[2026-08-28 17:50:07][INFO] iteration      457/    1000 | consumed samples:         3656 | elapsed time per iteration (ms): 812.5 | throughput (samples/sec/per_device): 1.231 | learning rate: 6.092040E-09 | global batch size:     8 | loss video: 4.992923E-01 | loss action: 6.347011E-02 | loss scale: 1.0 | grad norm: 7.812500 | number of skipped iterations:   0 | number of nan iterations:   0 |
[2026-08-28 17:50:08][INFO] iteration      458/    1000 | consumed samples:         3664 | elapsed time per iteration (ms): 829.2 | throughput (samples/sec/per_device): 1.206 | learning rate: 6.078022E-09 | global batch size:     8 | loss video: 8.613088E-01 | loss action: 1.385108E+00 | loss scale: 1.0 | grad norm: 12.625000 | number of skipped iterations:   0 | number of nan iterations:   0 |
[2026-08-28 17:50:08][INFO] iteration      459/    1000 | consumed samples:         3672 | elapsed time per iteration (ms): 807.3 | throughput (samples/sec/per_device): 1.239 | learning rate: 6.064000E-09 | global batch size:     8 | loss video: 3.975934E-01 | loss action: 2.215658E+00 | loss scale: 1.0 | grad norm: 17.750000 | number of skipped iterations:   0 | number of nan iterations:   0 |
[2026-08-28 17:50:10][INFO] iteration      460/    1000 | consumed samples:         3680 | elapsed time per iteration (ms): 1169.6 | throughput (samples/sec/per_device): 0.855 | learning rate: 6.049971E-09 | global batch size:     8 | loss video: 7.794416E-01 | loss action: 8.646275E-01 | loss scale: 1.0 | grad norm: 12.000000 | number of skipped iterations:   0 | number of nan iterations:   0 |
[2026-08-28 17:50:10][INFO] max time across ranks (ms):
    forward-backward................................: 651.53
    forward-compute.................................: 217.65
    backward-compute................................: 284.26
    batch-generator.................................: 169.59
    nan-grad-cleanup................................: 20.33
    grad-clip.......................................: 392.26
    optimizer.......................................: 461.02
    optimizer-inner-step............................: 460.92
    optimizer-scheduler-step........................: 0.04
    optimizer-zero-grad.............................: 0.61
[2026-08-28 17:50:10][INFO] iteration      461/    1000 | consumed samples:         3688 | elapsed time per iteration (ms): 814.8 | throughput (samples/sec/per_device): 1.227 | learning rate: 6.035937E-09 | global batch size:     8 | loss video: 5.594055E-02 | loss action: 3.161029E-02 | loss scale: 1.0 | grad norm: 0.234375 | number of skipped iterations:   0 | number of nan iterations:   0 |
[2026-08-28 17:50:11][INFO] iteration      462/    1000 | consumed samples:         3696 | elapsed time per iteration (ms): 800.5 | throughput (samples/sec/per_device): 1.249 | learning rate: 6.021898E-09 | global batch size:     8 | loss video: 9.243665E-01 | loss action: 1.379857E+00 | loss scale: 1.0 | grad norm: 10.375000 | number of skipped iterations:   0 | number of nan iterations:   0 |
[2026-08-28 17:50:12][INFO] iteration      463/    1000 | consumed samples:         3704 | elapsed time per iteration (ms): 800.8 | throughput (samples/sec/per_device): 1.249 | learning rate: 6.007854E-09 | global batch size:     8 | loss video: 2.470403E-01 | loss action: 1.172933E+00 | loss scale: 1.0 | grad norm: 10.625000 | number of skipped iterations:   0 | number of nan iterations:   0 |
[2026-08-28 17:50:13][INFO] iteration      464/    1000 | consumed samples:         3712 | elapsed time per iteration (ms): 809.2 | throughput (samples/sec/per_device): 1.236 | learning rate: 5.993804E-09 | global batch size:     8 | loss video: 8.535968E-01 | loss action: 3.334101E-01 | loss scale: 1.0 | grad norm: 10.750000 | number of skipped iterations:   0 | number of nan iterations:   0 |
[2026-08-28 17:50:14][INFO] iteration      465/    1000 | consumed samples:         3720 | elapsed time per iteration (ms): 1187.3 | throughput (samples/sec/per_device): 0.842 | learning rate: 5.979750E-09 | global batch size:     8 | loss video: 8.461655E-01 | loss action: 1.910191E+00 | loss scale: 1.0 | grad norm: 17.625000 | number of skipped iterations:   0 | number of nan iterations:   0 |
[2026-08-28 17:50:15][INFO] iteration      466/    1000 | consumed samples:         3728 | elapsed time per iteration (ms): 801.9 | throughput (samples/sec/per_device): 1.247 | learning rate: 5.965691E-09 | global batch size:     8 | loss video: 2.846058E-01 | loss action: 2.002497E+00 | loss scale: 1.0 | grad norm: 10.750000 | number of skipped iterations:   0 | number of nan iterations:   0 |
[2026-08-28 17:50:16][INFO] iteration      467/    1000 | consumed samples:         3736 | elapsed time per iteration (ms): 817.3 | throughput (samples/sec/per_device): 1.224 | learning rate: 5.951628E-09 | global batch size:     8 | loss video: 2.601822E-01 | loss action: 3.469594E-01 | loss scale: 1.0 | grad norm: 5.531250 | number of skipped iterations:   0 | number of nan iterations:   0 |
[2026-08-28 17:50:16][INFO] iteration      468/    1000 | consumed samples:         3744 | elapsed time per iteration (ms): 808.4 | throughput (samples/sec/per_device): 1.237 | learning rate: 5.937560E-09 | global batch size:     8 | loss video: 7.825385E-01 | loss action: 1.508849E+00 | loss scale: 1.0 | grad norm: 16.500000 | number of skipped iterations:   0 | number of nan iterations:   0 |
[2026-08-28 17:50:17][INFO] iteration      469/    1000 | consumed samples:         3752 | elapsed time per iteration (ms): 811.8 | throughput (samples/sec/per_device): 1.232 | learning rate: 5.923487E-09 | global batch size:     8 | loss video: 8.067957E-01 | loss action: 2.728158E-01 | loss scale: 1.0 | grad norm: 6.218750 | number of skipped iterations:   0 | number of nan iterations:   0 |
[2026-08-28 17:50:18][INFO] iteration      470/    1000 | consumed samples:         3760 | elapsed time per iteration (ms): 804.0 | throughput (samples/sec/per_device): 1.244 | learning rate: 5.909411E-09 | global batch size:     8 | loss video: 6.041393E-01 | loss action: 6.884586E-01 | loss scale: 1.0 | grad norm: 9.875000 | number of skipped iterations:   0 | number of nan iterations:   0 |
[2026-08-28 17:50:19][INFO] iteration      471/    1000 | consumed samples:         3768 | elapsed time per iteration (ms): 798.0 | throughput (samples/sec/per_device): 1.253 | learning rate: 5.895330E-09 | global batch size:     8 | loss video: 5.518975E-01 | loss action: 2.799074E+00 | loss scale: 1.0 | grad norm: 17.750000 | number of skipped iterations:   0 | number of nan iterations:   0 |
[2026-08-28 17:50:20][INFO] iteration      472/    1000 | consumed samples:         3776 | elapsed time per iteration (ms): 809.8 | throughput (samples/sec/per_device): 1.235 | learning rate: 5.881246E-09 | global batch size:     8 | loss video: 7.291212E-01 | loss action: 2.840871E-01 | loss scale: 1.0 | grad norm: 10.687500 | number of skipped iterations:   0 | number of nan iterations:   0 |
[2026-08-28 17:50:20][INFO] iteration      473/    1000 | consumed samples:         3784 | elapsed time per iteration (ms): 816.5 | throughput (samples/sec/per_device): 1.225 | learning rate: 5.867158E-09 | global batch size:     8 | loss video: 3.709412E-01 | loss action: 1.511985E-01 | loss scale: 1.0 | grad norm: 1.210938 | number of skipped iterations:   0 | number of nan iterations:   0 |
[2026-08-28 17:50:21][INFO] iteration      474/    1000 | consumed samples:         3792 | elapsed time per iteration (ms): 801.7 | throughput (samples/sec/per_device): 1.247 | learning rate: 5.853066E-09 | global batch size:     8 | loss video: 8.014886E-01 | loss action: 2.530983E+00 | loss scale: 1.0 | grad norm: 16.750000 | number of skipped iterations:   0 | number of nan iterations:   0 |
[2026-08-28 17:50:22][INFO] iteration      475/    1000 | consumed samples:         3800 | elapsed time per iteration (ms): 806.3 | throughput (samples/sec/per_device): 1.240 | learning rate: 5.838971E-09 | global batch size:     8 | loss video: 0.000000E+00 | loss action: 1.389908E+00 | loss scale: 1.0 | grad norm: 7.000000 | number of skipped iterations:   0 | number of nan iterations:   0 |
[2026-08-28 17:50:23][INFO] iteration      476/    1000 | consumed samples:         3808 | elapsed time per iteration (ms): 796.7 | throughput (samples/sec/per_device): 1.255 | learning rate: 5.824872E-09 | global batch size:     8 | loss video: 9.615002E-01 | loss action: 1.614138E+00 | loss scale: 1.0 | grad norm: 13.937500 | number of skipped iterations:   0 | number of nan iterations:   0 |
[2026-08-28 17:50:24][INFO] iteration      477/    1000 | consumed samples:         3816 | elapsed time per iteration (ms): 804.4 | throughput (samples/sec/per_device): 1.243 | learning rate: 5.810770E-09 | global batch size:     8 | loss video: 8.955904E-01 | loss action: 1.684851E+00 | loss scale: 1.0 | grad norm: 16.375000 | number of skipped iterations:   0 | number of nan iterations:   0 |
[2026-08-28 17:50:25][INFO] iteration      478/    1000 | consumed samples:         3824 | elapsed time per iteration (ms): 800.0 | throughput (samples/sec/per_device): 1.250 | learning rate: 5.796665E-09 | global batch size:     8 | loss video: 8.044653E-01 | loss action: 3.125180E-02 | loss scale: 1.0 | grad norm: 11.250000 | number of skipped iterations:   0 | number of nan iterations:   0 |
[2026-08-28 17:50:25][INFO] iteration      479/    1000 | consumed samples:         3832 | elapsed time per iteration (ms): 806.4 | throughput (samples/sec/per_device): 1.240 | learning rate: 5.782557E-09 | global batch size:     8 | loss video: 3.478440E-01 | loss action: 2.339712E+00 | loss scale: 1.0 | grad norm: 17.625000 | number of skipped iterations:   0 | number of nan iterations:   0 |
[2026-08-28 17:50:26][INFO] iteration      480/    1000 | consumed samples:         3840 | elapsed time per iteration (ms): 808.1 | throughput (samples/sec/per_device): 1.237 | learning rate: 5.768447E-09 | global batch size:     8 | loss video: 4.558212E-01 | loss action: 1.840650E+00 | loss scale: 1.0 | grad norm: 13.375000 | number of skipped iterations:   0 | number of nan iterations:   0 |
[2026-08-28 17:50:26][INFO] max time across ranks (ms):
    forward-backward................................: 647.69
    forward-compute.................................: 217.86
    backward-compute................................: 283.85
    batch-generator.................................: 161.50
    nan-grad-cleanup................................: 20.29
    grad-clip.......................................: 33.80
    optimizer.......................................: 103.28
    optimizer-inner-step............................: 103.20
    optimizer-scheduler-step........................: 0.05
    optimizer-zero-grad.............................: 1.04
[2026-08-28 17:50:27][INFO] iteration      481/    1000 | consumed samples:         3848 | elapsed time per iteration (ms): 808.3 | throughput (samples/sec/per_device): 1.237 | learning rate: 5.754333E-09 | global batch size:     8 | loss video: 3.005598E-01 | loss action: 1.411000E+00 | loss scale: 1.0 | grad norm: 10.000000 | number of skipped iterations:   0 | number of nan iterations:   0 |
[2026-08-28 17:50:28][INFO] iteration      482/    1000 | consumed samples:         3856 | elapsed time per iteration (ms): 809.7 | throughput (samples/sec/per_device): 1.235 | learning rate: 5.740218E-09 | global batch size:     8 | loss video: 1.381585E-01 | loss action: 5.193096E-02 | loss scale: 1.0 | grad norm: 2.968750 | number of skipped iterations:   0 | number of nan iterations:   0 |
[2026-08-28 17:50:29][INFO] iteration      483/    1000 | consumed samples:         3864 | elapsed time per iteration (ms): 814.3 | throughput (samples/sec/per_device): 1.228 | learning rate: 5.726099E-09 | global batch size:     8 | loss video: 3.548952E-01 | loss action: 1.053772E+00 | loss scale: 1.0 | grad norm: 7.781250 | number of skipped iterations:   0 | number of nan iterations:   0 |
[2026-08-28 17:50:29][INFO] iteration      484/    1000 | consumed samples:         3872 | elapsed time per iteration (ms): 803.9 | throughput (samples/sec/per_device): 1.244 | learning rate: 5.711979E-09 | global batch size:     8 | loss video: 6.502514E-02 | loss action: 2.727474E+00 | loss scale: 1.0 | grad norm: 19.125000 | number of skipped iterations:   0 | number of nan iterations:   0 |
[2026-08-28 17:50:30][INFO] iteration      485/    1000 | consumed samples:         3880 | elapsed time per iteration (ms): 802.3 | throughput (samples/sec/per_device): 1.246 | learning rate: 5.697857E-09 | global batch size:     8 | loss video: 6.587012E-01 | loss action: 7.538005E-01 | loss scale: 1.0 | grad norm: 11.437500 | number of skipped iterations:   0 | number of nan iterations:   0 |
[2026-08-28 17:50:31][INFO] iteration      486/    1000 | consumed samples:         3888 | elapsed time per iteration (ms): 801.8 | throughput (samples/sec/per_device): 1.247 | learning rate: 5.683732E-09 | global batch size:     8 | loss video: 7.889136E-01 | loss action: 2.456320E+00 | loss scale: 1.0 | grad norm: 19.875000 | number of skipped iterations:   0 | number of nan iterations:   0 |
[2026-08-28 17:50:32][INFO] iteration      487/    1000 | consumed samples:         3896 | elapsed time per iteration (ms): 799.0 | throughput (samples/sec/per_device): 1.252 | learning rate: 5.669606E-09 | global batch size:     8 | loss video: 7.429014E-01 | loss action: 1.207991E+00 | loss scale: 1.0 | grad norm: 8.187500 | number of skipped iterations:   0 | number of nan iterations:   0 |
[2026-08-28 17:50:33][INFO] iteration      488/    1000 | consumed samples:         3904 | elapsed time per iteration (ms): 811.1 | throughput (samples/sec/per_device): 1.233 | learning rate: 5.655478E-09 | global batch size:     8 | loss video: 6.022564E-01 | loss action: 7.827530E-01 | loss scale: 1.0 | grad norm: 9.875000 | number of skipped iterations:   0 | number of nan iterations:   0 |
[2026-08-28 17:50:33][INFO] iteration      489/    1000 | consumed samples:         3912 | elapsed time per iteration (ms): 814.0 | throughput (samples/sec/per_device): 1.229 | learning rate: 5.641348E-09 | global batch size:     8 | loss video: 6.716892E-01 | loss action: 2.256798E+00 | loss scale: 1.0 | grad norm: 15.750000 | number of skipped iterations:   0 | number of nan iterations:   0 |
[2026-08-28 17:50:34][INFO] iteration      490/    1000 | consumed samples:         3920 | elapsed time per iteration (ms): 798.4 | throughput (samples/sec/per_device): 1.252 | learning rate: 5.627218E-09 | global batch size:     8 | loss video: 4.199162E-01 | loss action: 1.339170E-01 | loss scale: 1.0 | grad norm: 6.875000 | number of skipped iterations:   0 | number of nan iterations:   0 |
[2026-08-28 17:50:35][INFO] iteration      491/    1000 | consumed samples:         3928 | elapsed time per iteration (ms): 801.6 | throughput (samples/sec/per_device): 1.247 | learning rate: 5.613085E-09 | global batch size:     8 | loss video: 8.475308E-01 | loss action: 2.737923E+00 | loss scale: 1.0 | grad norm: 19.500000 | number of skipped iterations:   0 | number of nan iterations:   0 |
[2026-08-28 17:50:36][INFO] iteration      492/    1000 | consumed samples:         3936 | elapsed time per iteration (ms): 791.6 | throughput (samples/sec/per_device): 1.263 | learning rate: 5.598952E-09 | global batch size:     8 | loss video: 5.975118E-01 | loss action: 1.055655E+00 | loss scale: 1.0 | grad norm: 9.562500 | number of skipped iterations:   0 | number of nan iterations:   0 |
[2026-08-28 17:50:37][INFO] iteration      493/    1000 | consumed samples:         3944 | elapsed time per iteration (ms): 815.9 | throughput (samples/sec/per_device): 1.226 | learning rate: 5.584818E-09 | global batch size:     8 | loss video: 5.718283E-01 | loss action: 5.084664E-01 | loss scale: 1.0 | grad norm: 2.953125 | number of skipped iterations:   0 | number of nan iterations:   0 |
[2026-08-28 17:50:37][INFO] iteration      494/    1000 | consumed samples:         3952 | elapsed time per iteration (ms): 808.3 | throughput (samples/sec/per_device): 1.237 | learning rate: 5.570683E-09 | global batch size:     8 | loss video: 6.507887E-01 | loss action: 2.488684E+00 | loss scale: 1.0 | grad norm: 17.750000 | number of skipped iterations:   0 | number of nan iterations:   0 |
[2026-08-28 17:50:38][INFO] iteration      495/    1000 | consumed samples:         3960 | elapsed time per iteration (ms): 837.6 | throughput (samples/sec/per_device): 1.194 | learning rate: 5.556547E-09 | global batch size:     8 | loss video: 8.606108E-01 | loss action: 2.646408E+00 | loss scale: 1.0 | grad norm: 19.250000 | number of skipped iterations:   0 | number of nan iterations:   0 |
[2026-08-28 17:50:39][INFO] iteration      496/    1000 | consumed samples:         3968 | elapsed time per iteration (ms): 796.5 | throughput (samples/sec/per_device): 1.256 | learning rate: 5.542411E-09 | global batch size:     8 | loss video: 3.087337E-01 | loss action: 2.126037E+00 | loss scale: 1.0 | grad norm: 14.000000 | number of skipped iterations:   0 | number of nan iterations:   0 |
[2026-08-28 17:50:40][INFO] iteration      497/    1000 | consumed samples:         3976 | elapsed time per iteration (ms): 809.7 | throughput (samples/sec/per_device): 1.235 | learning rate: 5.528274E-09 | global batch size:     8 | loss video: 7.734182E-01 | loss action: 1.916208E+00 | loss scale: 1.0 | grad norm: 15.062500 | number of skipped iterations:   0 | number of nan iterations:   0 |
[2026-08-28 17:50:41][INFO] iteration      498/    1000 | consumed samples:         3984 | elapsed time per iteration (ms): 799.2 | throughput (samples/sec/per_device): 1.251 | learning rate: 5.514137E-09 | global batch size:     8 | loss video: 2.211814E-01 | loss action: 2.106635E+00 | loss scale: 1.0 | grad norm: 14.062500 | number of skipped iterations:   0 | number of nan iterations:   0 |
[2026-08-28 17:50:41][INFO] iteration      499/    1000 | consumed samples:         3992 | elapsed time per iteration (ms): 818.9 | throughput (samples/sec/per_device): 1.221 | learning rate: 5.500000E-09 | global batch size:     8 | loss video: 8.613615E-01 | loss action: 1.135970E+00 | loss scale: 1.0 | grad norm: 12.500000 | number of skipped iterations:   0 | number of nan iterations:   0 |
[2026-08-28 17:50:42][INFO] iteration      500/    1000 | consumed samples:         4000 | elapsed time per iteration (ms): 813.0 | throughput (samples/sec/per_device): 1.230 | learning rate: 5.485863E-09 | global batch size:     8 | loss video: 8.283986E-01 | loss action: 2.299973E+00 | loss scale: 1.0 | grad norm: 18.625000 | number of skipped iterations:   0 | number of nan iterations:   0 |
[2026-08-28 17:50:42][INFO] max time across ranks (ms):
    forward-backward................................: 652.60
    forward-compute.................................: 216.87
    backward-compute................................: 282.28
    batch-generator.................................: 169.10
    nan-grad-cleanup................................: 20.35
    grad-clip.......................................: 33.86
    optimizer.......................................: 102.51
    optimizer-inner-step............................: 102.41
    optimizer-scheduler-step........................: 0.04
    optimizer-zero-grad.............................: 1.07
[2026-08-28 17:50:43][INFO] iteration      501/    1000 | consumed samples:         4008 | elapsed time per iteration (ms): 812.8 | throughput (samples/sec/per_device): 1.230 | learning rate: 5.471726E-09 | global batch size:     8 | loss video: 8.854989E-01 | loss action: 1.040840E+00 | loss scale: 1.0 | grad norm: 11.937500 | number of skipped iterations:   0 | number of nan iterations:   0 |
[2026-08-28 17:50:44][INFO] iteration      502/    1000 | consumed samples:         4016 | elapsed time per iteration (ms): 806.9 | throughput (samples/sec/per_device): 1.239 | learning rate: 5.457589E-09 | global batch size:     8 | loss video: 4.288423E-01 | loss action: 1.866186E+00 | loss scale: 1.0 | grad norm: 13.187500 | number of skipped iterations:   0 | number of nan iterations:   0 |
[2026-08-28 17:50:45][INFO] iteration      503/    1000 | consumed samples:         4024 | elapsed time per iteration (ms): 809.7 | throughput (samples/sec/per_device): 1.235 | learning rate: 5.443453E-09 | global batch size:     8 | loss video: 8.079748E-01 | loss action: 1.002757E+00 | loss scale: 1.0 | grad norm: 11.812500 | number of skipped iterations:   0 | number of nan iterations:   0 |
[2026-08-28 17:50:46][INFO] iteration      504/    1000 | consumed samples:         4032 | elapsed time per iteration (ms): 1167.0 | throughput (samples/sec/per_device): 0.857 | learning rate: 5.429317E-09 | global batch size:     8 | loss video: 5.155157E-01 | loss action: 5.712844E-01 | loss scale: 1.0 | grad norm: 10.625000 | number of skipped iterations:   0 | number of nan iterations:   0 |
[2026-08-28 17:50:47][INFO] iteration      505/    1000 | consumed samples:         4040 | elapsed time per iteration (ms): 803.7 | throughput (samples/sec/per_device): 1.244 | learning rate: 5.415182E-09 | global batch size:     8 | loss video: 6.619512E-01 | loss action: 5.177651E-01 | loss scale: 1.0 | grad norm: 8.937500 | number of skipped iterations:   0 | number of nan iterations:   0 |
[2026-08-28 17:50:47][INFO] iteration      506/    1000 | consumed samples:         4048 | elapsed time per iteration (ms): 802.0 | throughput (samples/sec/per_device): 1.247 | learning rate: 5.401048E-09 | global batch size:     8 | loss video: 8.479478E-01 | loss action: 4.775350E-01 | loss scale: 1.0 | grad norm: 10.625000 | number of skipped iterations:   0 | number of nan iterations:   0 |
[2026-08-28 17:50:48][INFO] iteration      507/    1000 | consumed samples:         4056 | elapsed time per iteration (ms): 819.3 | throughput (samples/sec/per_device): 1.221 | learning rate: 5.386915E-09 | global batch size:     8 | loss video: 3.882518E-01 | loss action: 2.954606E+00 | loss scale: 1.0 | grad norm: 17.500000 | number of skipped iterations:   0 | number of nan iterations:   0 |
[2026-08-28 17:50:49][INFO] iteration      508/    1000 | consumed samples:         4064 | elapsed time per iteration (ms): 803.1 | throughput (samples/sec/per_device): 1.245 | learning rate: 5.372782E-09 | global batch size:     8 | loss video: 1.057601E-02 | loss action: 5.053834E-01 | loss scale: 1.0 | grad norm: 2.796875 | number of skipped iterations:   0 | number of nan iterations:   0 |
[2026-08-28 17:50:50][INFO] iteration      509/    1000 | consumed samples:         4072 | elapsed time per iteration (ms): 798.2 | throughput (samples/sec/per_device): 1.253 | learning rate: 5.358652E-09 | global batch size:     8 | loss video: 0.000000E+00 | loss action: 1.514447E+00 | loss scale: 1.0 | grad norm: 9.312500 | number of skipped iterations:   0 | number of nan iterations:   0 |
[2026-08-28 17:50:51][INFO] iteration      510/    1000 | consumed samples:         4080 | elapsed time per iteration (ms): 798.7 | throughput (samples/sec/per_device): 1.252 | learning rate: 5.344522E-09 | global batch size:     8 | loss video: 2.084797E-01 | loss action: 1.252113E+00 | loss scale: 1.0 | grad norm: 9.187500 | number of skipped iterations:   0 | number of nan iterations:   0 |
[2026-08-28 17:50:52][INFO] iteration      511/    1000 | consumed samples:         4088 | elapsed time per iteration (ms): 804.2 | throughput (samples/sec/per_device): 1.244 | learning rate: 5.330394E-09 | global batch size:     8 | loss video: 8.506584E-01 | loss action: 2.432524E+00 | loss scale: 1.0 | grad norm: 19.250000 | number of skipped iterations:   0 | number of nan iterations:   0 |
[2026-08-28 17:50:52][INFO] iteration      512/    1000 | consumed samples:         4096 | elapsed time per iteration (ms): 803.8 | throughput (samples/sec/per_device): 1.244 | learning rate: 5.316268E-09 | global batch size:     8 | loss video: 5.041834E-01 | loss action: 4.151810E-01 | loss scale: 1.0 | grad norm: 7.281250 | number of skipped iterations:   0 | number of nan iterations:   0 |
[2026-08-28 17:50:53][INFO] iteration      513/    1000 | consumed samples:         4104 | elapsed time per iteration (ms): 800.3 | throughput (samples/sec/per_device): 1.249 | learning rate: 5.302143E-09 | global batch size:     8 | loss video: 6.981435E-01 | loss action: 6.140811E-01 | loss scale: 1.0 | grad norm: 10.375000 | number of skipped iterations:   0 | number of nan iterations:   0 |
[2026-08-28 17:50:54][INFO] iteration      514/    1000 | consumed samples:         4112 | elapsed time per iteration (ms): 794.3 | throughput (samples/sec/per_device): 1.259 | learning rate: 5.288021E-09 | global batch size:     8 | loss video: 8.805693E-01 | loss action: 7.892024E-01 | loss scale: 1.0 | grad norm: 9.687500 | number of skipped iterations:   0 | number of nan iterations:   0 |
[2026-08-28 17:50:55][INFO] iteration      515/    1000 | consumed samples:         4120 | elapsed time per iteration (ms): 804.5 | throughput (samples/sec/per_device): 1.243 | learning rate: 5.273901E-09 | global batch size:     8 | loss video: 4.332550E-01 | loss action: 2.246638E+00 | loss scale: 1.0 | grad norm: 14.562500 | number of skipped iterations:   0 | number of nan iterations:   0 |
[2026-08-28 17:50:56][INFO] iteration      516/    1000 | consumed samples:         4128 | elapsed time per iteration (ms): 817.3 | throughput (samples/sec/per_device): 1.223 | learning rate: 5.259782E-09 | global batch size:     8 | loss video: 2.908942E-01 | loss action: 1.408957E+00 | loss scale: 1.0 | grad norm: 9.375000 | number of skipped iterations:   0 | number of nan iterations:   0 |
[2026-08-28 17:50:56][INFO] iteration      517/    1000 | consumed samples:         4136 | elapsed time per iteration (ms): 803.5 | throughput (samples/sec/per_device): 1.245 | learning rate: 5.245667E-09 | global batch size:     8 | loss video: 3.513285E-01 | loss action: 2.517808E-01 | loss scale: 1.0 | grad norm: 6.250000 | number of skipped iterations:   0 | number of nan iterations:   0 |
[2026-08-28 17:50:57][INFO] iteration      518/    1000 | consumed samples:         4144 | elapsed time per iteration (ms): 806.5 | throughput (samples/sec/per_device): 1.240 | learning rate: 5.231553E-09 | global batch size:     8 | loss video: 5.811238E-01 | loss action: 3.191640E-01 | loss scale: 1.0 | grad norm: 10.125000 | number of skipped iterations:   0 | number of nan iterations:   0 |
[2026-08-28 17:50:58][INFO] iteration      519/    1000 | consumed samples:         4152 | elapsed time per iteration (ms): 802.9 | throughput (samples/sec/per_device): 1.245 | learning rate: 5.217443E-09 | global batch size:     8 | loss video: 1.980259E-01 | loss action: 1.438322E+00 | loss scale: 1.0 | grad norm: 10.687500 | number of skipped iterations:   0 | number of nan iterations:   0 |
[2026-08-28 17:50:59][INFO] iteration      520/    1000 | consumed samples:         4160 | elapsed time per iteration (ms): 809.4 | throughput (samples/sec/per_device): 1.235 | learning rate: 5.203335E-09 | global batch size:     8 | loss video: 8.168945E-01 | loss action: 1.920087E+00 | loss scale: 1.0 | grad norm: 14.500000 | number of skipped iterations:   0 | number of nan iterations:   0 |
[2026-08-28 17:50:59][INFO] max time across ranks (ms):
    forward-backward................................: 649.90
    forward-compute.................................: 215.14
    backward-compute................................: 282.98
    batch-generator.................................: 167.29
    nan-grad-cleanup................................: 20.33
    grad-clip.......................................: 33.63
    optimizer.......................................: 102.82
    optimizer-inner-step............................: 102.74
    optimizer-scheduler-step........................: 0.04
    optimizer-zero-grad.............................: 0.67
[2026-08-28 17:51:00][INFO] iteration      521/    1000 | consumed samples:         4168 | elapsed time per iteration (ms): 812.1 | throughput (samples/sec/per_device): 1.231 | learning rate: 5.189230E-09 | global batch size:     8 | loss video: 7.725672E-01 | loss action: 2.190598E+00 | loss scale: 1.0 | grad norm: 14.625000 | number of skipped iterations:   0 | number of nan iterations:   0 |
[2026-08-28 17:51:00][INFO] iteration      522/    1000 | consumed samples:         4176 | elapsed time per iteration (ms): 808.6 | throughput (samples/sec/per_device): 1.237 | learning rate: 5.175128E-09 | global batch size:     8 | loss video: 5.737510E-01 | loss action: 4.728671E-01 | loss scale: 1.0 | grad norm: 7.750000 | number of skipped iterations:   0 | number of nan iterations:   0 |
[2026-08-28 17:51:01][INFO] iteration      523/    1000 | consumed samples:         4184 | elapsed time per iteration (ms): 877.9 | throughput (samples/sec/per_device): 1.139 | learning rate: 5.161029E-09 | global batch size:     8 | loss video: 5.008132E-01 | loss action: 1.989231E+00 | loss scale: 1.0 | grad norm: 15.000000 | number of skipped iterations:   0 | number of nan iterations:   0 |
[2026-08-28 17:51:02][INFO] iteration      524/    1000 | consumed samples:         4192 | elapsed time per iteration (ms): 811.2 | throughput (samples/sec/per_device): 1.233 | learning rate: 5.146934E-09 | global batch size:     8 | loss video: 2.929347E-01 | loss action: 2.199825E+00 | loss scale: 1.0 | grad norm: 14.375000 | number of skipped iterations:   0 | number of nan iterations:   0 |
[2026-08-28 17:51:03][INFO] iteration      525/    1000 | consumed samples:         4200 | elapsed time per iteration (ms): 919.9 | throughput (samples/sec/per_device): 1.087 | learning rate: 5.132842E-09 | global batch size:     8 | loss video: 6.585891E-01 | loss action: 8.512402E-01 | loss scale: 1.0 | grad norm: 10.000000 | number of skipped iterations:   0 | number of nan iterations:   0 |
[2026-08-28 17:51:04][INFO] iteration      526/    1000 | consumed samples:         4208 | elapsed time per iteration (ms): 823.7 | throughput (samples/sec/per_device): 1.214 | learning rate: 5.118754E-09 | global batch size:     8 | loss video: 9.663234E-01 | loss action: 1.064728E+00 | loss scale: 1.0 | grad norm: 13.062500 | number of skipped iterations:   0 | number of nan iterations:   0 |
[2026-08-28 17:51:05][INFO] iteration      527/    1000 | consumed samples:         4216 | elapsed time per iteration (ms): 1194.1 | throughput (samples/sec/per_device): 0.837 | learning rate: 5.104670E-09 | global batch size:     8 | loss video: 8.680265E-01 | loss action: 6.599037E-02 | loss scale: 1.0 | grad norm: 8.500000 | number of skipped iterations:   0 | number of nan iterations:   0 |
[2026-08-28 17:51:06][INFO] iteration      528/    1000 | consumed samples:         4224 | elapsed time per iteration (ms): 848.7 | throughput (samples/sec/per_device): 1.178 | learning rate: 5.090589E-09 | global batch size:     8 | loss video: 2.989455E-01 | loss action: 6.364048E-01 | loss scale: 1.0 | grad norm: 7.781250 | number of skipped iterations:   0 | number of nan iterations:   0 |
[2026-08-28 17:51:07][INFO] iteration      529/    1000 | consumed samples:         4232 | elapsed time per iteration (ms): 1167.8 | throughput (samples/sec/per_device): 0.856 | learning rate: 5.076513E-09 | global batch size:     8 | loss video: 7.920781E-01 | loss action: 1.312169E+00 | loss scale: 1.0 | grad norm: 10.562500 | number of skipped iterations:   0 | number of nan iterations:   0 |
[2026-08-28 17:51:08][INFO] iteration      530/    1000 | consumed samples:         4240 | elapsed time per iteration (ms): 810.8 | throughput (samples/sec/per_device): 1.233 | learning rate: 5.062440E-09 | global batch size:     8 | loss video: 0.000000E+00 | loss action: 1.800392E-01 | loss scale: 1.0 | grad norm: 1.007812 | number of skipped iterations:   0 | number of nan iterations:   0 |
[2026-08-28 17:51:09][INFO] iteration      531/    1000 | consumed samples:         4248 | elapsed time per iteration (ms): 805.0 | throughput (samples/sec/per_device): 1.242 | learning rate: 5.048372E-09 | global batch size:     8 | loss video: 0.000000E+00 | loss action: 4.836327E-01 | loss scale: 1.0 | grad norm: 2.921875 | number of skipped iterations:   0 | number of nan iterations:   0 |
[2026-08-28 17:51:09][INFO] iteration      532/    1000 | consumed samples:         4256 | elapsed time per iteration (ms): 820.9 | throughput (samples/sec/per_device): 1.218 | learning rate: 5.034309E-09 | global batch size:     8 | loss video: 4.467467E-01 | loss action: 1.662181E+00 | loss scale: 1.0 | grad norm: 11.875000 | number of skipped iterations:   0 | number of nan iterations:   0 |
[2026-08-28 17:51:10][INFO] iteration      533/    1000 | consumed samples:         4264 | elapsed time per iteration (ms): 812.8 | throughput (samples/sec/per_device): 1.230 | learning rate: 5.020250E-09 | global batch size:     8 | loss video: 6.372687E-01 | loss action: 2.475848E+00 | loss scale: 1.0 | grad norm: 19.125000 | number of skipped iterations:   0 | number of nan iterations:   0 |
[2026-08-28 17:51:11][INFO] iteration      534/    1000 | consumed samples:         4272 | elapsed time per iteration (ms): 813.8 | throughput (samples/sec/per_device): 1.229 | learning rate: 5.006196E-09 | global batch size:     8 | loss video: 8.677618E-01 | loss action: 3.067340E+00 | loss scale: 1.0 | grad norm: 18.125000 | number of skipped iterations:   0 | number of nan iterations:   0 |
[2026-08-28 17:51:12][INFO] iteration      535/    1000 | consumed samples:         4280 | elapsed time per iteration (ms): 799.9 | throughput (samples/sec/per_device): 1.250 | learning rate: 4.992146E-09 | global batch size:     8 | loss video: 2.576482E-01 | loss action: 1.396634E+00 | loss scale: 1.0 | grad norm: 8.937500 | number of skipped iterations:   0 | number of nan iterations:   0 |
[2026-08-28 17:51:13][INFO] iteration      536/    1000 | consumed samples:         4288 | elapsed time per iteration (ms): 812.8 | throughput (samples/sec/per_device): 1.230 | learning rate: 4.978102E-09 | global batch size:     8 | loss video: 9.364336E-01 | loss action: 2.517038E+00 | loss scale: 1.0 | grad norm: 17.625000 | number of skipped iterations:   0 | number of nan iterations:   0 |
[2026-08-28 17:51:14][INFO] iteration      537/    1000 | consumed samples:         4296 | elapsed time per iteration (ms): 816.1 | throughput (samples/sec/per_device): 1.225 | learning rate: 4.964063E-09 | global batch size:     8 | loss video: 5.820423E-01 | loss action: 1.856167E+00 | loss scale: 1.0 | grad norm: 14.500000 | number of skipped iterations:   0 | number of nan iterations:   0 |
[2026-08-28 17:51:14][INFO] iteration      538/    1000 | consumed samples:         4304 | elapsed time per iteration (ms): 795.9 | throughput (samples/sec/per_device): 1.256 | learning rate: 4.950029E-09 | global batch size:     8 | loss video: 1.559227E-01 | loss action: 1.411980E+00 | loss scale: 1.0 | grad norm: 9.687500 | number of skipped iterations:   0 | number of nan iterations:   0 |
[2026-08-28 17:51:15][INFO] iteration      539/    1000 | consumed samples:         4312 | elapsed time per iteration (ms): 814.4 | throughput (samples/sec/per_device): 1.228 | learning rate: 4.936000E-09 | global batch size:     8 | loss video: 5.995632E-01 | loss action: 9.002808E-01 | loss scale: 1.0 | grad norm: 10.250000 | number of skipped iterations:   0 | number of nan iterations:   0 |
[2026-08-28 17:51:16][INFO] iteration      540/    1000 | consumed samples:         4320 | elapsed time per iteration (ms): 819.1 | throughput (samples/sec/per_device): 1.221 | learning rate: 4.921978E-09 | global batch size:     8 | loss video: 4.725239E-01 | loss action: 1.988306E+00 | loss scale: 1.0 | grad norm: 11.437500 | number of skipped iterations:   0 | number of nan iterations:   0 |
[2026-08-28 17:51:16][INFO] max time across ranks (ms):
    forward-backward................................: 659.41
    forward-compute.................................: 215.50
    backward-compute................................: 294.32
    batch-generator.................................: 180.25
    nan-grad-cleanup................................: 20.31
    grad-clip.......................................: 33.80
    optimizer.......................................: 102.76
    optimizer-inner-step............................: 102.68
    optimizer-scheduler-step........................: 0.05
    optimizer-zero-grad.............................: 0.61
[2026-08-28 17:51:17][INFO] iteration      541/    1000 | consumed samples:         4328 | elapsed time per iteration (ms): 813.8 | throughput (samples/sec/per_device): 1.229 | learning rate: 4.907960E-09 | global batch size:     8 | loss video: 9.091054E-01 | loss action: 2.846182E+00 | loss scale: 1.0 | grad norm: 21.125000 | number of skipped iterations:   0 | number of nan iterations:   0 |
[2026-08-28 17:51:18][INFO] iteration      542/    1000 | consumed samples:         4336 | elapsed time per iteration (ms): 802.9 | throughput (samples/sec/per_device): 1.246 | learning rate: 4.893949E-09 | global batch size:     8 | loss video: 5.646583E-01 | loss action: 2.026556E+00 | loss scale: 1.0 | grad norm: 16.500000 | number of skipped iterations:   0 | number of nan iterations:   0 |
[2026-08-28 17:51:18][INFO] iteration      543/    1000 | consumed samples:         4344 | elapsed time per iteration (ms): 806.0 | throughput (samples/sec/per_device): 1.241 | learning rate: 4.879944E-09 | global batch size:     8 | loss video: 7.526935E-01 | loss action: 2.264412E+00 | loss scale: 1.0 | grad norm: 15.625000 | number of skipped iterations:   0 | number of nan iterations:   0 |
[2026-08-28 17:51:19][INFO] iteration      544/    1000 | consumed samples:         4352 | elapsed time per iteration (ms): 807.8 | throughput (samples/sec/per_device): 1.238 | learning rate: 4.865944E-09 | global batch size:     8 | loss video: 6.498669E-01 | loss action: 1.017731E-01 | loss scale: 1.0 | grad norm: 9.000000 | number of skipped iterations:   0 | number of nan iterations:   0 |
[2026-08-28 17:51:20][INFO] iteration      545/    1000 | consumed samples:         4360 | elapsed time per iteration (ms): 802.0 | throughput (samples/sec/per_device): 1.247 | learning rate: 4.851951E-09 | global batch size:     8 | loss video: 5.387576E-01 | loss action: 3.057418E+00 | loss scale: 1.0 | grad norm: 21.000000 | number of skipped iterations:   0 | number of nan iterations:   0 |
[2026-08-28 17:51:21][INFO] iteration      546/    1000 | consumed samples:         4368 | elapsed time per iteration (ms): 810.4 | throughput (samples/sec/per_device): 1.234 | learning rate: 4.837965E-09 | global batch size:     8 | loss video: 3.774174E-01 | loss action: 7.615980E-01 | loss scale: 1.0 | grad norm: 8.437500 | number of skipped iterations:   0 | number of nan iterations:   0 |
[2026-08-28 17:51:22][INFO] iteration      547/    1000 | consumed samples:         4376 | elapsed time per iteration (ms): 799.7 | throughput (samples/sec/per_device): 1.251 | learning rate: 4.823985E-09 | global batch size:     8 | loss video: 8.201641E-01 | loss action: 2.488883E+00 | loss scale: 1.0 | grad norm: 20.500000 | number of skipped iterations:   0 | number of nan iterations:   0 |
[2026-08-28 17:51:22][INFO] iteration      548/    1000 | consumed samples:         4384 | elapsed time per iteration (ms): 811.2 | throughput (samples/sec/per_device): 1.233 | learning rate: 4.810011E-09 | global batch size:     8 | loss video: 3.507514E-01 | loss action: 1.535456E+00 | loss scale: 1.0 | grad norm: 12.375000 | number of skipped iterations:   0 | number of nan iterations:   0 |
[2026-08-28 17:51:24][INFO] iteration      549/    1000 | consumed samples:         4392 | elapsed time per iteration (ms): 1170.2 | throughput (samples/sec/per_device): 0.855 | learning rate: 4.796045E-09 | global batch size:     8 | loss video: 2.706081E-01 | loss action: 1.843730E+00 | loss scale: 1.0 | grad norm: 15.937500 | number of skipped iterations:   0 | number of nan iterations:   0 |
[2026-08-28 17:51:24][INFO] iteration      550/    1000 | consumed samples:         4400 | elapsed time per iteration (ms): 806.5 | throughput (samples/sec/per_device): 1.240 | learning rate: 4.782085E-09 | global batch size:     8 | loss video: 5.903586E-01 | loss action: 6.518975E-02 | loss scale: 1.0 | grad norm: 9.437500 | number of skipped iterations:   0 | number of nan iterations:   0 |
[2026-08-28 17:51:26][INFO] iteration      551/    1000 | consumed samples:         4408 | elapsed time per iteration (ms): 1176.9 | throughput (samples/sec/per_device): 0.850 | learning rate: 4.768133E-09 | global batch size:     8 | loss video: 9.389749E-01 | loss action: 7.652440E-01 | loss scale: 1.0 | grad norm: 10.625000 | number of skipped iterations:   0 | number of nan iterations:   0 |
[2026-08-28 17:51:26][INFO] iteration      552/    1000 | consumed samples:         4416 | elapsed time per iteration (ms): 806.9 | throughput (samples/sec/per_device): 1.239 | learning rate: 4.754187E-09 | global batch size:     8 | loss video: 9.360052E-01 | loss action: 1.850839E+00 | loss scale: 1.0 | grad norm: 12.687500 | number of skipped iterations:   0 | number of nan iterations:   0 |
[2026-08-28 17:51:27][INFO] iteration      553/    1000 | consumed samples:         4424 | elapsed time per iteration (ms): 806.8 | throughput (samples/sec/per_device): 1.239 | learning rate: 4.740249E-09 | global batch size:     8 | loss video: 4.865766E-01 | loss action: 2.071506E+00 | loss scale: 1.0 | grad norm: 14.937500 | number of skipped iterations:   0 | number of nan iterations:   0 |
[2026-08-28 17:51:28][INFO] iteration      554/    1000 | consumed samples:         4432 | elapsed time per iteration (ms): 813.9 | throughput (samples/sec/per_device): 1.229 | learning rate: 4.726319E-09 | global batch size:     8 | loss video: 8.659871E-01 | loss action: 2.663978E+00 | loss scale: 1.0 | grad norm: 15.062500 | number of skipped iterations:   0 | number of nan iterations:   0 |
[2026-08-28 17:51:29][INFO] iteration      555/    1000 | consumed samples:         4440 | elapsed time per iteration (ms): 803.1 | throughput (samples/sec/per_device): 1.245 | learning rate: 4.712396E-09 | global batch size:     8 | loss video: 8.212199E-01 | loss action: 3.393307E-01 | loss scale: 1.0 | grad norm: 9.437500 | number of skipped iterations:   0 | number of nan iterations:   0 |
[2026-08-28 17:51:30][INFO] iteration      556/    1000 | consumed samples:         4448 | elapsed time per iteration (ms): 816.4 | throughput (samples/sec/per_device): 1.225 | learning rate: 4.698481E-09 | global batch size:     8 | loss video: 8.897362E-01 | loss action: 2.920205E-02 | loss scale: 1.0 | grad norm: 8.625000 | number of skipped iterations:   0 | number of nan iterations:   0 |
[2026-08-28 17:51:30][INFO] iteration      557/    1000 | consumed samples:         4456 | elapsed time per iteration (ms): 802.4 | throughput (samples/sec/per_device): 1.246 | learning rate: 4.684574E-09 | global batch size:     8 | loss video: 6.881844E-01 | loss action: 6.778190E-01 | loss scale: 1.0 | grad norm: 11.875000 | number of skipped iterations:   0 | number of nan iterations:   0 |
[2026-08-28 17:51:31][INFO] iteration      558/    1000 | consumed samples:         4464 | elapsed time per iteration (ms): 804.3 | throughput (samples/sec/per_device): 1.243 | learning rate: 4.670675E-09 | global batch size:     8 | loss video: 1.722183E-01 | loss action: 2.273085E+00 | loss scale: 1.0 | grad norm: 15.937500 | number of skipped iterations:   0 | number of nan iterations:   0 |
[2026-08-28 17:51:32][INFO] iteration      559/    1000 | consumed samples:         4472 | elapsed time per iteration (ms): 811.7 | throughput (samples/sec/per_device): 1.232 | learning rate: 4.656784E-09 | global batch size:     8 | loss video: 7.025162E-01 | loss action: 8.638251E-01 | loss scale: 1.0 | grad norm: 10.687500 | number of skipped iterations:   0 | number of nan iterations:   0 |
[2026-08-28 17:51:33][INFO] iteration      560/    1000 | consumed samples:         4480 | elapsed time per iteration (ms): 814.7 | throughput (samples/sec/per_device): 1.227 | learning rate: 4.642902E-09 | global batch size:     8 | loss video: 6.345891E-01 | loss action: 1.250027E+00 | loss scale: 1.0 | grad norm: 8.437500 | number of skipped iterations:   0 | number of nan iterations:   0 |
[2026-08-28 17:51:33][INFO] max time across ranks (ms):
    forward-backward................................: 654.81
    forward-compute.................................: 217.48
    backward-compute................................: 280.51
    batch-generator.................................: 171.49
    nan-grad-cleanup................................: 20.32
    grad-clip.......................................: 33.70
    optimizer.......................................: 103.06
    optimizer-inner-step............................: 102.97
    optimizer-scheduler-step........................: 0.04
    optimizer-zero-grad.............................: 0.66
[2026-08-28 17:51:34][INFO] iteration      561/    1000 | consumed samples:         4488 | elapsed time per iteration (ms): 808.6 | throughput (samples/sec/per_device): 1.237 | learning rate: 4.629027E-09 | global batch size:     8 | loss video: 2.385020E-01 | loss action: 1.753119E+00 | loss scale: 1.0 | grad norm: 10.937500 | number of skipped iterations:   0 | number of nan iterations:   0 |
[2026-08-28 17:51:34][INFO] iteration      562/    1000 | consumed samples:         4496 | elapsed time per iteration (ms): 805.3 | throughput (samples/sec/per_device): 1.242 | learning rate: 4.615162E-09 | global batch size:     8 | loss video: 6.046736E-01 | loss action: 7.009259E-01 | loss scale: 1.0 | grad norm: 4.437500 | number of skipped iterations:   0 | number of nan iterations:   0 |
[2026-08-28 17:51:35][INFO] iteration      563/    1000 | consumed samples:         4504 | elapsed time per iteration (ms): 915.5 | throughput (samples/sec/per_device): 1.092 | learning rate: 4.601305E-09 | global batch size:     8 | loss video: 6.379761E-01 | loss action: 1.418123E+00 | loss scale: 1.0 | grad norm: 13.312500 | number of skipped iterations:   0 | number of nan iterations:   0 |
[2026-08-28 17:51:36][INFO] iteration      564/    1000 | consumed samples:         4512 | elapsed time per iteration (ms): 814.0 | throughput (samples/sec/per_device): 1.228 | learning rate: 4.587457E-09 | global batch size:     8 | loss video: 5.249079E-01 | loss action: 2.477283E+00 | loss scale: 1.0 | grad norm: 15.437500 | number of skipped iterations:   0 | number of nan iterations:   0 |
[2026-08-28 17:51:37][INFO] iteration      565/    1000 | consumed samples:         4520 | elapsed time per iteration (ms): 805.8 | throughput (samples/sec/per_device): 1.241 | learning rate: 4.573618E-09 | global batch size:     8 | loss video: 8.172075E-01 | loss action: 7.101525E-02 | loss scale: 1.0 | grad norm: 10.062500 | number of skipped iterations:   0 | number of nan iterations:   0 |
[2026-08-28 17:51:38][INFO] iteration      566/    1000 | consumed samples:         4528 | elapsed time per iteration (ms): 812.7 | throughput (samples/sec/per_device): 1.231 | learning rate: 4.559788E-09 | global batch size:     8 | loss video: 7.044315E-01 | loss action: 4.525224E-01 | loss scale: 1.0 | grad norm: 9.875000 | number of skipped iterations:   0 | number of nan iterations:   0 |
[2026-08-28 17:51:39][INFO] iteration      567/    1000 | consumed samples:         4536 | elapsed time per iteration (ms): 814.3 | throughput (samples/sec/per_device): 1.228 | learning rate: 4.545968E-09 | global batch size:     8 | loss video: 8.776410E-01 | loss action: 2.199481E+00 | loss scale: 1.0 | grad norm: 15.437500 | number of skipped iterations:   0 | number of nan iterations:   0 |
[2026-08-28 17:51:39][INFO] iteration      568/    1000 | consumed samples:         4544 | elapsed time per iteration (ms): 836.8 | throughput (samples/sec/per_device): 1.195 | learning rate: 4.532157E-09 | global batch size:     8 | loss video: 1.556311E-01 | loss action: 2.446072E+00 | loss scale: 1.0 | grad norm: 16.375000 | number of skipped iterations:   0 | number of nan iterations:   0 |
[2026-08-28 17:51:40][INFO] iteration      569/    1000 | consumed samples:         4552 | elapsed time per iteration (ms): 816.4 | throughput (samples/sec/per_device): 1.225 | learning rate: 4.518355E-09 | global batch size:     8 | loss video: 8.788988E-01 | loss action: 2.958551E-02 | loss scale: 1.0 | grad norm: 9.437500 | number of skipped iterations:   0 | number of nan iterations:   0 |
[2026-08-28 17:51:41][INFO] iteration      570/    1000 | consumed samples:         4560 | elapsed time per iteration (ms): 805.5 | throughput (samples/sec/per_device): 1.241 | learning rate: 4.504564E-09 | global batch size:     8 | loss video: 9.070367E-01 | loss action: 1.003391E+00 | loss scale: 1.0 | grad norm: 13.000000 | number of skipped iterations:   0 | number of nan iterations:   0 |
[2026-08-28 17:51:42][INFO] iteration      571/    1000 | consumed samples:         4568 | elapsed time per iteration (ms): 814.5 | throughput (samples/sec/per_device): 1.228 | learning rate: 4.490782E-09 | global batch size:     8 | loss video: 9.306194E-01 | loss action: 1.429034E+00 | loss scale: 1.0 | grad norm: 13.562500 | number of skipped iterations:   0 | number of nan iterations:   0 |
[2026-08-28 17:51:43][INFO] iteration      572/    1000 | consumed samples:         4576 | elapsed time per iteration (ms): 928.9 | throughput (samples/sec/per_device): 1.077 | learning rate: 4.477010E-09 | global batch size:     8 | loss video: 5.057568E-01 | loss action: 8.606820E-01 | loss scale: 1.0 | grad norm: 9.312500 | number of skipped iterations:   0 | number of nan iterations:   0 |
[2026-08-28 17:51:44][INFO] iteration      573/    1000 | consumed samples:         4584 | elapsed time per iteration (ms): 814.7 | throughput (samples/sec/per_device): 1.227 | learning rate: 4.463248E-09 | global batch size:     8 | loss video: 8.055065E-01 | loss action: 8.769928E-02 | loss scale: 1.0 | grad norm: 10.125000 | number of skipped iterations:   0 | number of nan iterations:   0 |
[2026-08-28 17:51:44][INFO] iteration      574/    1000 | consumed samples:         4592 | elapsed time per iteration (ms): 795.6 | throughput (samples/sec/per_device): 1.257 | learning rate: 4.449496E-09 | global batch size:     8 | loss video: 2.319999E-01 | loss action: 2.480069E+00 | loss scale: 1.0 | grad norm: 16.500000 | number of skipped iterations:   0 | number of nan iterations:   0 |
[2026-08-28 17:51:45][INFO] iteration      575/    1000 | consumed samples:         4600 | elapsed time per iteration (ms): 802.6 | throughput (samples/sec/per_device): 1.246 | learning rate: 4.435755E-09 | global batch size:     8 | loss video: 8.644058E-01 | loss action: 2.861364E-01 | loss scale: 1.0 | grad norm: 10.375000 | number of skipped iterations:   0 | number of nan iterations:   0 |
[2026-08-28 17:51:46][INFO] iteration      576/    1000 | consumed samples:         4608 | elapsed time per iteration (ms): 802.7 | throughput (samples/sec/per_device): 1.246 | learning rate: 4.422024E-09 | global batch size:     8 | loss video: 2.609706E-01 | loss action: 2.615605E-01 | loss scale: 1.0 | grad norm: 5.687500 | number of skipped iterations:   0 | number of nan iterations:   0 |
[2026-08-28 17:51:47][INFO] iteration      577/    1000 | consumed samples:         4616 | elapsed time per iteration (ms): 814.0 | throughput (samples/sec/per_device): 1.228 | learning rate: 4.408303E-09 | global batch size:     8 | loss video: 6.568302E-01 | loss action: 3.204068E-01 | loss scale: 1.0 | grad norm: 9.375000 | number of skipped iterations:   0 | number of nan iterations:   0 |
[2026-08-28 17:51:48][INFO] iteration      578/    1000 | consumed samples:         4624 | elapsed time per iteration (ms): 813.5 | throughput (samples/sec/per_device): 1.229 | learning rate: 4.394594E-09 | global batch size:     8 | loss video: 1.906734E-01 | loss action: 1.790091E+00 | loss scale: 1.0 | grad norm: 11.125000 | number of skipped iterations:   0 | number of nan iterations:   0 |
[2026-08-28 17:51:48][INFO] iteration      579/    1000 | consumed samples:         4632 | elapsed time per iteration (ms): 813.5 | throughput (samples/sec/per_device): 1.229 | learning rate: 4.380896E-09 | global batch size:     8 | loss video: 8.821880E-01 | loss action: 8.154197E-02 | loss scale: 1.0 | grad norm: 10.312500 | number of skipped iterations:   0 | number of nan iterations:   0 |
[2026-08-28 17:51:50][INFO] iteration      580/    1000 | consumed samples:         4640 | elapsed time per iteration (ms): 1183.0 | throughput (samples/sec/per_device): 0.845 | learning rate: 4.367208E-09 | global batch size:     8 | loss video: 5.616007E-01 | loss action: 1.005553E+00 | loss scale: 1.0 | grad norm: 13.187500 | number of skipped iterations:   0 | number of nan iterations:   0 |
[2026-08-28 17:51:50][INFO] max time across ranks (ms):
    forward-backward................................: 653.52
    forward-compute.................................: 216.09
    backward-compute................................: 285.38
    batch-generator.................................: 165.41
    nan-grad-cleanup................................: 20.33
    grad-clip.......................................: 403.51
    optimizer.......................................: 472.12
    optimizer-inner-step............................: 472.02
    optimizer-scheduler-step........................: 0.05
    optimizer-zero-grad.............................: 0.84
[2026-08-28 17:51:50][INFO] iteration      581/    1000 | consumed samples:         4648 | elapsed time per iteration (ms): 793.6 | throughput (samples/sec/per_device): 1.260 | learning rate: 4.353532E-09 | global batch size:     8 | loss video: 6.486048E-02 | loss action: 2.918412E-01 | loss scale: 1.0 | grad norm: 3.359375 | number of skipped iterations:   0 | number of nan iterations:   0 |
[2026-08-28 17:51:51][INFO] iteration      582/    1000 | consumed samples:         4656 | elapsed time per iteration (ms): 830.7 | throughput (samples/sec/per_device): 1.204 | learning rate: 4.339867E-09 | global batch size:     8 | loss video: 5.159699E-01 | loss action: 2.625815E+00 | loss scale: 1.0 | grad norm: 23.625000 | number of skipped iterations:   0 | number of nan iterations:   0 |
[2026-08-28 17:51:52][INFO] iteration      583/    1000 | consumed samples:         4664 | elapsed time per iteration (ms): 804.9 | throughput (samples/sec/per_device): 1.242 | learning rate: 4.326213E-09 | global batch size:     8 | loss video: 7.296244E-01 | loss action: 8.059525E-01 | loss scale: 1.0 | grad norm: 11.375000 | number of skipped iterations:   0 | number of nan iterations:   0 |
[2026-08-28 17:51:53][INFO] iteration      584/    1000 | consumed samples:         4672 | elapsed time per iteration (ms): 809.0 | throughput (samples/sec/per_device): 1.236 | learning rate: 4.312571E-09 | global batch size:     8 | loss video: 1.019407E-01 | loss action: 1.365363E+00 | loss scale: 1.0 | grad norm: 7.031250 | number of skipped iterations:   0 | number of nan iterations:   0 |
[2026-08-28 17:51:54][INFO] iteration      585/    1000 | consumed samples:         4680 | elapsed time per iteration (ms): 1171.0 | throughput (samples/sec/per_device): 0.854 | learning rate: 4.298941E-09 | global batch size:     8 | loss video: 4.328855E-01 | loss action: 1.040758E+00 | loss scale: 1.0 | grad norm: 9.437500 | number of skipped iterations:   0 | number of nan iterations:   0 |
[2026-08-28 17:51:55][INFO] iteration      586/    1000 | consumed samples:         4688 | elapsed time per iteration (ms): 810.8 | throughput (samples/sec/per_device): 1.233 | learning rate: 4.285323E-09 | global batch size:     8 | loss video: 3.039938E-01 | loss action: 2.094744E+00 | loss scale: 1.0 | grad norm: 17.375000 | number of skipped iterations:   0 | number of nan iterations:   0 |
[2026-08-28 17:51:56][INFO] iteration      587/    1000 | consumed samples:         4696 | elapsed time per iteration (ms): 801.9 | throughput (samples/sec/per_device): 1.247 | learning rate: 4.271716E-09 | global batch size:     8 | loss video: 8.297481E-01 | loss action: 6.604206E-01 | loss scale: 1.0 | grad norm: 10.437500 | number of skipped iterations:   0 | number of nan iterations:   0 |
[2026-08-28 17:51:57][INFO] iteration      588/    1000 | consumed samples:         4704 | elapsed time per iteration (ms): 800.8 | throughput (samples/sec/per_device): 1.249 | learning rate: 4.258122E-09 | global batch size:     8 | loss video: 3.618376E-02 | loss action: 4.443332E-01 | loss scale: 1.0 | grad norm: 3.078125 | number of skipped iterations:   0 | number of nan iterations:   0 |
[2026-08-28 17:51:57][INFO] iteration      589/    1000 | consumed samples:         4712 | elapsed time per iteration (ms): 820.9 | throughput (samples/sec/per_device): 1.218 | learning rate: 4.244540E-09 | global batch size:     8 | loss video: 6.775191E-01 | loss action: 1.660243E-01 | loss scale: 1.0 | grad norm: 11.250000 | number of skipped iterations:   0 | number of nan iterations:   0 |
[2026-08-28 17:51:58][INFO] iteration      590/    1000 | consumed samples:         4720 | elapsed time per iteration (ms): 808.7 | throughput (samples/sec/per_device): 1.237 | learning rate: 4.230970E-09 | global batch size:     8 | loss video: 6.996825E-01 | loss action: 2.355672E+00 | loss scale: 1.0 | grad norm: 21.875000 | number of skipped iterations:   0 | number of nan iterations:   0 |
[2026-08-28 17:51:59][INFO] iteration      591/    1000 | consumed samples:         4728 | elapsed time per iteration (ms): 806.9 | throughput (samples/sec/per_device): 1.239 | learning rate: 4.217413E-09 | global batch size:     8 | loss video: 5.039702E-01 | loss action: 6.440728E-01 | loss scale: 1.0 | grad norm: 7.500000 | number of skipped iterations:   0 | number of nan iterations:   0 |
[2026-08-28 17:52:00][INFO] iteration      592/    1000 | consumed samples:         4736 | elapsed time per iteration (ms): 816.3 | throughput (samples/sec/per_device): 1.225 | learning rate: 4.203869E-09 | global batch size:     8 | loss video: 4.152169E-02 | loss action: 1.250767E+00 | loss scale: 1.0 | grad norm: 6.718750 | number of skipped iterations:   0 | number of nan iterations:   0 |
[2026-08-28 17:52:01][INFO] iteration      593/    1000 | consumed samples:         4744 | elapsed time per iteration (ms): 809.8 | throughput (samples/sec/per_device): 1.235 | learning rate: 4.190337E-09 | global batch size:     8 | loss video: 8.029680E-01 | loss action: 2.537528E+00 | loss scale: 1.0 | grad norm: 19.375000 | number of skipped iterations:   0 | number of nan iterations:   0 |
[2026-08-28 17:52:01][INFO] iteration      594/    1000 | consumed samples:         4752 | elapsed time per iteration (ms): 801.6 | throughput (samples/sec/per_device): 1.248 | learning rate: 4.176819E-09 | global batch size:     8 | loss video: 8.392991E-01 | loss action: 2.840715E+00 | loss scale: 1.0 | grad norm: 18.375000 | number of skipped iterations:   0 | number of nan iterations:   0 |
[2026-08-28 17:52:02][INFO] iteration      595/    1000 | consumed samples:         4760 | elapsed time per iteration (ms): 810.7 | throughput (samples/sec/per_device): 1.233 | learning rate: 4.163313E-09 | global batch size:     8 | loss video: 8.299103E-02 | loss action: 2.462252E+00 | loss scale: 1.0 | grad norm: 15.812500 | number of skipped iterations:   0 | number of nan iterations:   0 |
[2026-08-28 17:52:03][INFO] iteration      596/    1000 | consumed samples:         4768 | elapsed time per iteration (ms): 805.7 | throughput (samples/sec/per_device): 1.241 | learning rate: 4.149820E-09 | global batch size:     8 | loss video: 1.926471E-01 | loss action: 1.222686E+00 | loss scale: 1.0 | grad norm: 7.687500 | number of skipped iterations:   0 | number of nan iterations:   0 |
[2026-08-28 17:52:04][INFO] iteration      597/    1000 | consumed samples:         4776 | elapsed time per iteration (ms): 849.3 | throughput (samples/sec/per_device): 1.177 | learning rate: 4.136341E-09 | global batch size:     8 | loss video: 8.489954E-01 | loss action: 7.983452E-01 | loss scale: 1.0 | grad norm: 6.937500 | number of skipped iterations:   0 | number of nan iterations:   0 |
[2026-08-28 17:52:05][INFO] iteration      598/    1000 | consumed samples:         4784 | elapsed time per iteration (ms): 794.4 | throughput (samples/sec/per_device): 1.259 | learning rate: 4.122876E-09 | global batch size:     8 | loss video: 9.368458E-01 | loss action: 5.336776E-01 | loss scale: 1.0 | grad norm: 11.437500 | number of skipped iterations:   0 | number of nan iterations:   0 |
[2026-08-28 17:52:05][INFO] iteration      599/    1000 | consumed samples:         4792 | elapsed time per iteration (ms): 816.0 | throughput (samples/sec/per_device): 1.225 | learning rate: 4.109424E-09 | global batch size:     8 | loss video: 1.077429E-01 | loss action: 1.895985E+00 | loss scale: 1.0 | grad norm: 11.000000 | number of skipped iterations:   0 | number of nan iterations:   0 |
[2026-08-28 17:52:06][INFO] iteration      600/    1000 | consumed samples:         4800 | elapsed time per iteration (ms): 825.6 | throughput (samples/sec/per_device): 1.211 | learning rate: 4.095985E-09 | global batch size:     8 | loss video: 4.805335E-01 | loss action: 2.055912E+00 | loss scale: 1.0 | grad norm: 14.500000 | number of skipped iterations:   0 | number of nan iterations:   0 |
[2026-08-28 17:52:06][INFO] max time across ranks (ms):
    forward-backward................................: 666.09
    forward-compute.................................: 223.42
    backward-compute................................: 290.59
    batch-generator.................................: 172.67
    nan-grad-cleanup................................: 20.29
    grad-clip.......................................: 33.69
    optimizer.......................................: 101.70
    optimizer-inner-step............................: 101.60
    optimizer-scheduler-step........................: 0.04
    optimizer-zero-grad.............................: 0.59
[2026-08-28 17:52:07][INFO] iteration      601/    1000 | consumed samples:         4808 | elapsed time per iteration (ms): 831.2 | throughput (samples/sec/per_device): 1.203 | learning rate: 4.082561E-09 | global batch size:     8 | loss video: 8.144249E-01 | loss action: 2.445273E-01 | loss scale: 1.0 | grad norm: 8.375000 | number of skipped iterations:   0 | number of nan iterations:   0 |
[2026-08-28 17:52:08][INFO] iteration      602/    1000 | consumed samples:         4816 | elapsed time per iteration (ms): 804.4 | throughput (samples/sec/per_device): 1.243 | learning rate: 4.069150E-09 | global batch size:     8 | loss video: 2.984767E-01 | loss action: 1.888283E+00 | loss scale: 1.0 | grad norm: 13.750000 | number of skipped iterations:   0 | number of nan iterations:   0 |
[2026-08-28 17:52:09][INFO] iteration      603/    1000 | consumed samples:         4824 | elapsed time per iteration (ms): 798.3 | throughput (samples/sec/per_device): 1.253 | learning rate: 4.055754E-09 | global batch size:     8 | loss video: 2.478081E-01 | loss action: 1.081539E-01 | loss scale: 1.0 | grad norm: 5.500000 | number of skipped iterations:   0 | number of nan iterations:   0 |
[2026-08-28 17:52:10][INFO] iteration      604/    1000 | consumed samples:         4832 | elapsed time per iteration (ms): 793.9 | throughput (samples/sec/per_device): 1.260 | learning rate: 4.042372E-09 | global batch size:     8 | loss video: 3.564934E-01 | loss action: 1.994803E+00 | loss scale: 1.0 | grad norm: 14.625000 | number of skipped iterations:   0 | number of nan iterations:   0 |
[2026-08-28 17:52:10][INFO] iteration      605/    1000 | consumed samples:         4840 | elapsed time per iteration (ms): 857.0 | throughput (samples/sec/per_device): 1.167 | learning rate: 4.029004E-09 | global batch size:     8 | loss video: 5.248315E-01 | loss action: 6.500529E-02 | loss scale: 1.0 | grad norm: 8.625000 | number of skipped iterations:   0 | number of nan iterations:   0 |
[2026-08-28 17:52:11][INFO] iteration      606/    1000 | consumed samples:         4848 | elapsed time per iteration (ms): 803.6 | throughput (samples/sec/per_device): 1.244 | learning rate: 4.015651E-09 | global batch size:     8 | loss video: 4.861948E-01 | loss action: 2.252666E+00 | loss scale: 1.0 | grad norm: 12.562500 | number of skipped iterations:   0 | number of nan iterations:   0 |
[2026-08-28 17:52:12][INFO] iteration      607/    1000 | consumed samples:         4856 | elapsed time per iteration (ms): 818.8 | throughput (samples/sec/per_device): 1.221 | learning rate: 4.002312E-09 | global batch size:     8 | loss video: 7.544178E-01 | loss action: 2.566814E+00 | loss scale: 1.0 | grad norm: 16.625000 | number of skipped iterations:   0 | number of nan iterations:   0 |
[2026-08-28 17:52:13][INFO] iteration      608/    1000 | consumed samples:         4864 | elapsed time per iteration (ms): 818.6 | throughput (samples/sec/per_device): 1.222 | learning rate: 3.988988E-09 | global batch size:     8 | loss video: 9.687322E-01 | loss action: 2.182506E+00 | loss scale: 1.0 | grad norm: 18.625000 | number of skipped iterations:   0 | number of nan iterations:   0 |
[2026-08-28 17:52:14][INFO] iteration      609/    1000 | consumed samples:         4872 | elapsed time per iteration (ms): 808.3 | throughput (samples/sec/per_device): 1.237 | learning rate: 3.975679E-09 | global batch size:     8 | loss video: 6.045805E-01 | loss action: 3.875683E-01 | loss scale: 1.0 | grad norm: 8.687500 | number of skipped iterations:   0 | number of nan iterations:   0 |
[2026-08-28 17:52:14][INFO] iteration      610/    1000 | consumed samples:         4880 | elapsed time per iteration (ms): 800.3 | throughput (samples/sec/per_device): 1.250 | learning rate: 3.962386E-09 | global batch size:     8 | loss video: 3.047263E-01 | loss action: 1.750055E-01 | loss scale: 1.0 | grad norm: 1.273438 | number of skipped iterations:   0 | number of nan iterations:   0 |
[2026-08-28 17:52:15][INFO] iteration      611/    1000 | consumed samples:         4888 | elapsed time per iteration (ms): 792.7 | throughput (samples/sec/per_device): 1.261 | learning rate: 3.949107E-09 | global batch size:     8 | loss video: 2.767241E-01 | loss action: 2.591718E+00 | loss scale: 1.0 | grad norm: 19.250000 | number of skipped iterations:   0 | number of nan iterations:   0 |
[2026-08-28 17:52:16][INFO] iteration      612/    1000 | consumed samples:         4896 | elapsed time per iteration (ms): 810.8 | throughput (samples/sec/per_device): 1.233 | learning rate: 3.935843E-09 | global batch size:     8 | loss video: 3.861803E-01 | loss action: 1.989563E+00 | loss scale: 1.0 | grad norm: 11.875000 | number of skipped iterations:   0 | number of nan iterations:   0 |
[2026-08-28 17:52:17][INFO] iteration      613/    1000 | consumed samples:         4904 | elapsed time per iteration (ms): 801.3 | throughput (samples/sec/per_device): 1.248 | learning rate: 3.922596E-09 | global batch size:     8 | loss video: 4.721890E-01 | loss action: 2.029322E+00 | loss scale: 1.0 | grad norm: 16.000000 | number of skipped iterations:   0 | number of nan iterations:   0 |
[2026-08-28 17:52:18][INFO] iteration      614/    1000 | consumed samples:         4912 | elapsed time per iteration (ms): 798.3 | throughput (samples/sec/per_device): 1.253 | learning rate: 3.909363E-09 | global batch size:     8 | loss video: 7.838055E-01 | loss action: 1.947680E-01 | loss scale: 1.0 | grad norm: 10.375000 | number of skipped iterations:   0 | number of nan iterations:   0 |
[2026-08-28 17:52:18][INFO] iteration      615/    1000 | consumed samples:         4920 | elapsed time per iteration (ms): 796.3 | throughput (samples/sec/per_device): 1.256 | learning rate: 3.896147E-09 | global batch size:     8 | loss video: 8.115045E-01 | loss action: 3.778483E-02 | loss scale: 1.0 | grad norm: 10.937500 | number of skipped iterations:   0 | number of nan iterations:   0 |
[2026-08-28 17:52:19][INFO] iteration      616/    1000 | consumed samples:         4928 | elapsed time per iteration (ms): 803.9 | throughput (samples/sec/per_device): 1.244 | learning rate: 3.882946E-09 | global batch size:     8 | loss video: 8.544332E-01 | loss action: 2.011393E+00 | loss scale: 1.0 | grad norm: 12.750000 | number of skipped iterations:   0 | number of nan iterations:   0 |
[2026-08-28 17:52:20][INFO] iteration      617/    1000 | consumed samples:         4936 | elapsed time per iteration (ms): 807.3 | throughput (samples/sec/per_device): 1.239 | learning rate: 3.869761E-09 | global batch size:     8 | loss video: 7.247930E-01 | loss action: 1.005943E+00 | loss scale: 1.0 | grad norm: 13.000000 | number of skipped iterations:   0 | number of nan iterations:   0 |
[2026-08-28 17:52:21][INFO] iteration      618/    1000 | consumed samples:         4944 | elapsed time per iteration (ms): 798.8 | throughput (samples/sec/per_device): 1.252 | learning rate: 3.856592E-09 | global batch size:     8 | loss video: 1.272243E-01 | loss action: 3.390227E-01 | loss scale: 1.0 | grad norm: 5.062500 | number of skipped iterations:   0 | number of nan iterations:   0 |
[2026-08-28 17:52:22][INFO] iteration      619/    1000 | consumed samples:         4952 | elapsed time per iteration (ms): 799.9 | throughput (samples/sec/per_device): 1.250 | learning rate: 3.843440E-09 | global batch size:     8 | loss video: 3.475655E-01 | loss action: 1.821858E+00 | loss scale: 1.0 | grad norm: 15.125000 | number of skipped iterations:   0 | number of nan iterations:   0 |
[2026-08-28 17:52:22][INFO] iteration      620/    1000 | consumed samples:         4960 | elapsed time per iteration (ms): 806.1 | throughput (samples/sec/per_device): 1.241 | learning rate: 3.830303E-09 | global batch size:     8 | loss video: 7.649303E-01 | loss action: 6.230122E-01 | loss scale: 1.0 | grad norm: 5.750000 | number of skipped iterations:   0 | number of nan iterations:   0 |
[2026-08-28 17:52:22][INFO] max time across ranks (ms):
    forward-backward................................: 646.67
    forward-compute.................................: 216.95
    backward-compute................................: 285.85
    batch-generator.................................: 159.82
    nan-grad-cleanup................................: 20.34
    grad-clip.......................................: 33.68
    optimizer.......................................: 102.72
    optimizer-inner-step............................: 102.63
    optimizer-scheduler-step........................: 0.04
    optimizer-zero-grad.............................: 0.61
[2026-08-28 17:52:23][INFO] iteration      621/    1000 | consumed samples:         4968 | elapsed time per iteration (ms): 807.2 | throughput (samples/sec/per_device): 1.239 | learning rate: 3.817184E-09 | global batch size:     8 | loss video: 4.584827E-01 | loss action: 1.262408E-01 | loss scale: 1.0 | grad norm: 7.562500 | number of skipped iterations:   0 | number of nan iterations:   0 |
[2026-08-28 17:52:24][INFO] iteration      622/    1000 | consumed samples:         4976 | elapsed time per iteration (ms): 798.6 | throughput (samples/sec/per_device): 1.252 | learning rate: 3.804080E-09 | global batch size:     8 | loss video: 1.779210E-01 | loss action: 1.427527E+00 | loss scale: 1.0 | grad norm: 9.687500 | number of skipped iterations:   0 | number of nan iterations:   0 |
[2026-08-28 17:52:25][INFO] iteration      623/    1000 | consumed samples:         4984 | elapsed time per iteration (ms): 810.3 | throughput (samples/sec/per_device): 1.234 | learning rate: 3.790994E-09 | global batch size:     8 | loss video: 8.132860E-01 | loss action: 1.805929E+00 | loss scale: 1.0 | grad norm: 16.250000 | number of skipped iterations:   0 | number of nan iterations:   0 |
[2026-08-28 17:52:26][INFO] iteration      624/    1000 | consumed samples:         4992 | elapsed time per iteration (ms): 800.9 | throughput (samples/sec/per_device): 1.249 | learning rate: 3.777925E-09 | global batch size:     8 | loss video: 6.854562E-01 | loss action: 2.035695E+00 | loss scale: 1.0 | grad norm: 16.375000 | number of skipped iterations:   0 | number of nan iterations:   0 |
[2026-08-28 17:52:26][INFO] iteration      625/    1000 | consumed samples:         5000 | elapsed time per iteration (ms): 802.3 | throughput (samples/sec/per_device): 1.246 | learning rate: 3.764872E-09 | global batch size:     8 | loss video: 4.299328E-02 | loss action: 1.117350E+00 | loss scale: 1.0 | grad norm: 8.250000 | number of skipped iterations:   0 | number of nan iterations:   0 |
[2026-08-28 17:52:27][INFO] iteration      626/    1000 | consumed samples:         5008 | elapsed time per iteration (ms): 816.9 | throughput (samples/sec/per_device): 1.224 | learning rate: 3.751837E-09 | global batch size:     8 | loss video: 8.631985E-01 | loss action: 2.303357E+00 | loss scale: 1.0 | grad norm: 19.375000 | number of skipped iterations:   0 | number of nan iterations:   0 |
[2026-08-28 17:52:28][INFO] iteration      627/    1000 | consumed samples:         5016 | elapsed time per iteration (ms): 816.1 | throughput (samples/sec/per_device): 1.225 | learning rate: 3.738818E-09 | global batch size:     8 | loss video: 7.770703E-01 | loss action: 1.911450E-01 | loss scale: 1.0 | grad norm: 4.062500 | number of skipped iterations:   0 | number of nan iterations:   0 |
[2026-08-28 17:52:29][INFO] iteration      628/    1000 | consumed samples:         5024 | elapsed time per iteration (ms): 802.3 | throughput (samples/sec/per_device): 1.246 | learning rate: 3.725818E-09 | global batch size:     8 | loss video: 1.074600E-01 | loss action: 1.206877E+00 | loss scale: 1.0 | grad norm: 8.187500 | number of skipped iterations:   0 | number of nan iterations:   0 |
[2026-08-28 17:52:30][INFO] iteration      629/    1000 | consumed samples:         5032 | elapsed time per iteration (ms): 801.0 | throughput (samples/sec/per_device): 1.248 | learning rate: 3.712834E-09 | global batch size:     8 | loss video: 8.776287E-01 | loss action: 2.042884E+00 | loss scale: 1.0 | grad norm: 14.125000 | number of skipped iterations:   0 | number of nan iterations:   0 |
[2026-08-28 17:52:30][INFO] iteration      630/    1000 | consumed samples:         5040 | elapsed time per iteration (ms): 797.3 | throughput (samples/sec/per_device): 1.254 | learning rate: 3.699869E-09 | global batch size:     8 | loss video: 8.515347E-01 | loss action: 2.602316E+00 | loss scale: 1.0 | grad norm: 17.625000 | number of skipped iterations:   0 | number of nan iterations:   0 |
[2026-08-28 17:52:31][INFO] iteration      631/    1000 | consumed samples:         5048 | elapsed time per iteration (ms): 811.4 | throughput (samples/sec/per_device): 1.232 | learning rate: 3.686921E-09 | global batch size:     8 | loss video: 6.323080E-01 | loss action: 1.302983E-01 | loss scale: 1.0 | grad norm: 7.500000 | number of skipped iterations:   0 | number of nan iterations:   0 |
[2026-08-28 17:52:32][INFO] iteration      632/    1000 | consumed samples:         5056 | elapsed time per iteration (ms): 805.6 | throughput (samples/sec/per_device): 1.241 | learning rate: 3.673991E-09 | global batch size:     8 | loss video: 9.585698E-01 | loss action: 1.844480E+00 | loss scale: 1.0 | grad norm: 13.500000 | number of skipped iterations:   0 | number of nan iterations:   0 |
[2026-08-28 17:52:33][INFO] iteration      633/    1000 | consumed samples:         5064 | elapsed time per iteration (ms): 815.2 | throughput (samples/sec/per_device): 1.227 | learning rate: 3.661079E-09 | global batch size:     8 | loss video: 8.146081E-01 | loss action: 9.762009E-01 | loss scale: 1.0 | grad norm: 11.000000 | number of skipped iterations:   0 | number of nan iterations:   0 |
[2026-08-28 17:52:34][INFO] iteration      634/    1000 | consumed samples:         5072 | elapsed time per iteration (ms): 823.6 | throughput (samples/sec/per_device): 1.214 | learning rate: 3.648185E-09 | global batch size:     8 | loss video: 3.879707E-01 | loss action: 2.587117E-01 | loss scale: 1.0 | grad norm: 7.531250 | number of skipped iterations:   0 | number of nan iterations:   0 |
[2026-08-28 17:52:35][INFO] iteration      635/    1000 | consumed samples:         5080 | elapsed time per iteration (ms): 872.2 | throughput (samples/sec/per_device): 1.146 | learning rate: 3.635310E-09 | global batch size:     8 | loss video: 5.749254E-01 | loss action: 4.905699E-01 | loss scale: 1.0 | grad norm: 9.187500 | number of skipped iterations:   0 | number of nan iterations:   0 |
[2026-08-28 17:52:35][INFO] iteration      636/    1000 | consumed samples:         5088 | elapsed time per iteration (ms): 805.4 | throughput (samples/sec/per_device): 1.242 | learning rate: 3.622453E-09 | global batch size:     8 | loss video: 3.347564E-01 | loss action: 9.806380E-02 | loss scale: 1.0 | grad norm: 6.531250 | number of skipped iterations:   0 | number of nan iterations:   0 |
[2026-08-28 17:52:36][INFO] iteration      637/    1000 | consumed samples:         5096 | elapsed time per iteration (ms): 810.4 | throughput (samples/sec/per_device): 1.234 | learning rate: 3.609614E-09 | global batch size:     8 | loss video: 6.182256E-01 | loss action: 1.740397E+00 | loss scale: 1.0 | grad norm: 12.125000 | number of skipped iterations:   0 | number of nan iterations:   0 |
[2026-08-28 17:52:37][INFO] iteration      638/    1000 | consumed samples:         5104 | elapsed time per iteration (ms): 811.9 | throughput (samples/sec/per_device): 1.232 | learning rate: 3.596794E-09 | global batch size:     8 | loss video: 8.441638E-01 | loss action: 1.433223E+00 | loss scale: 1.0 | grad norm: 11.500000 | number of skipped iterations:   0 | number of nan iterations:   0 |
[2026-08-28 17:52:38][INFO] iteration      639/    1000 | consumed samples:         5112 | elapsed time per iteration (ms): 815.9 | throughput (samples/sec/per_device): 1.226 | learning rate: 3.583993E-09 | global batch size:     8 | loss video: 8.018681E-01 | loss action: 5.590861E-01 | loss scale: 1.0 | grad norm: 11.000000 | number of skipped iterations:   0 | number of nan iterations:   0 |
[2026-08-28 17:52:39][INFO] iteration      640/    1000 | consumed samples:         5120 | elapsed time per iteration (ms): 813.0 | throughput (samples/sec/per_device): 1.230 | learning rate: 3.571211E-09 | global batch size:     8 | loss video: 8.362740E-01 | loss action: 6.437998E-01 | loss scale: 1.0 | grad norm: 12.187500 | number of skipped iterations:   0 | number of nan iterations:   0 |
[2026-08-28 17:52:39][INFO] max time across ranks (ms):
    forward-backward................................: 653.06
    forward-compute.................................: 215.82
    backward-compute................................: 290.57
    batch-generator.................................: 165.82
    nan-grad-cleanup................................: 20.34
    grad-clip.......................................: 33.68
    optimizer.......................................: 102.14
    optimizer-inner-step............................: 102.05
    optimizer-scheduler-step........................: 0.04
    optimizer-zero-grad.............................: 0.90
[2026-08-28 17:52:39][INFO] iteration      641/    1000 | consumed samples:         5128 | elapsed time per iteration (ms): 811.0 | throughput (samples/sec/per_device): 1.233 | learning rate: 3.558448E-09 | global batch size:     8 | loss video: 3.345895E-01 | loss action: 3.127093E+00 | loss scale: 1.0 | grad norm: 20.750000 | number of skipped iterations:   0 | number of nan iterations:   0 |
[2026-08-28 17:52:40][INFO] iteration      642/    1000 | consumed samples:         5136 | elapsed time per iteration (ms): 814.3 | throughput (samples/sec/per_device): 1.228 | learning rate: 3.545704E-09 | global batch size:     8 | loss video: 8.375329E-01 | loss action: 9.447628E-01 | loss scale: 1.0 | grad norm: 11.437500 | number of skipped iterations:   0 | number of nan iterations:   0 |
[2026-08-28 17:52:41][INFO] iteration      643/    1000 | consumed samples:         5144 | elapsed time per iteration (ms): 837.1 | throughput (samples/sec/per_device): 1.195 | learning rate: 3.532979E-09 | global batch size:     8 | loss video: 8.454024E-01 | loss action: 4.523680E-01 | loss scale: 1.0 | grad norm: 8.000000 | number of skipped iterations:   0 | number of nan iterations:   0 |
[2026-08-28 17:52:42][INFO] iteration      644/    1000 | consumed samples:         5152 | elapsed time per iteration (ms): 820.3 | throughput (samples/sec/per_device): 1.219 | learning rate: 3.520274E-09 | global batch size:     8 | loss video: 6.314166E-01 | loss action: 1.215027E+00 | loss scale: 1.0 | grad norm: 11.750000 | number of skipped iterations:   0 | number of nan iterations:   0 |
[2026-08-28 17:52:43][INFO] iteration      645/    1000 | consumed samples:         5160 | elapsed time per iteration (ms): 833.0 | throughput (samples/sec/per_device): 1.200 | learning rate: 3.507588E-09 | global batch size:     8 | loss video: 2.136137E-01 | loss action: 6.244753E-01 | loss scale: 1.0 | grad norm: 4.687500 | number of skipped iterations:   0 | number of nan iterations:   0 |
[2026-08-28 17:52:44][INFO] iteration      646/    1000 | consumed samples:         5168 | elapsed time per iteration (ms): 814.9 | throughput (samples/sec/per_device): 1.227 | learning rate: 3.494922E-09 | global batch size:     8 | loss video: 9.106190E-01 | loss action: 1.726011E+00 | loss scale: 1.0 | grad norm: 16.750000 | number of skipped iterations:   0 | number of nan iterations:   0 |
[2026-08-28 17:52:45][INFO] iteration      647/    1000 | consumed samples:         5176 | elapsed time per iteration (ms): 1172.8 | throughput (samples/sec/per_device): 0.853 | learning rate: 3.482276E-09 | global batch size:     8 | loss video: 8.898807E-01 | loss action: 2.373310E+00 | loss scale: 1.0 | grad norm: 15.937500 | number of skipped iterations:   0 | number of nan iterations:   0 |
[2026-08-28 17:52:46][INFO] iteration      648/    1000 | consumed samples:         5184 | elapsed time per iteration (ms): 801.9 | throughput (samples/sec/per_device): 1.247 | learning rate: 3.469649E-09 | global batch size:     8 | loss video: 8.940443E-01 | loss action: 6.172194E-01 | loss scale: 1.0 | grad norm: 8.687500 | number of skipped iterations:   0 | number of nan iterations:   0 |
[2026-08-28 17:52:47][INFO] iteration      649/    1000 | consumed samples:         5192 | elapsed time per iteration (ms): 1179.8 | throughput (samples/sec/per_device): 0.848 | learning rate: 3.457043E-09 | global batch size:     8 | loss video: 6.265448E-01 | loss action: 1.087681E+00 | loss scale: 1.0 | grad norm: 11.500000 | number of skipped iterations:   0 | number of nan iterations:   0 |
[2026-08-28 17:52:48][INFO] iteration      650/    1000 | consumed samples:         5200 | elapsed time per iteration (ms): 808.3 | throughput (samples/sec/per_device): 1.237 | learning rate: 3.444457E-09 | global batch size:     8 | loss video: 5.332839E-01 | loss action: 1.332253E+00 | loss scale: 1.0 | grad norm: 10.437500 | number of skipped iterations:   0 | number of nan iterations:   0 |
[2026-08-28 17:52:48][INFO] iteration      651/    1000 | consumed samples:         5208 | elapsed time per iteration (ms): 808.9 | throughput (samples/sec/per_device): 1.236 | learning rate: 3.431891E-09 | global batch size:     8 | loss video: 8.815613E-01 | loss action: 6.127652E-02 | loss scale: 1.0 | grad norm: 7.062500 | number of skipped iterations:   0 | number of nan iterations:   0 |
[2026-08-28 17:52:49][INFO] iteration      652/    1000 | consumed samples:         5216 | elapsed time per iteration (ms): 823.7 | throughput (samples/sec/per_device): 1.214 | learning rate: 3.419345E-09 | global batch size:     8 | loss video: 8.130084E-01 | loss action: 5.032150E-01 | loss scale: 1.0 | grad norm: 5.500000 | number of skipped iterations:   0 | number of nan iterations:   0 |
[2026-08-28 17:52:50][INFO] iteration      653/    1000 | consumed samples:         5224 | elapsed time per iteration (ms): 802.9 | throughput (samples/sec/per_device): 1.245 | learning rate: 3.406820E-09 | global batch size:     8 | loss video: 2.053394E-01 | loss action: 1.683461E+00 | loss scale: 1.0 | grad norm: 10.875000 | number of skipped iterations:   0 | number of nan iterations:   0 |
[2026-08-28 17:52:51][INFO] iteration      654/    1000 | consumed samples:         5232 | elapsed time per iteration (ms): 799.4 | throughput (samples/sec/per_device): 1.251 | learning rate: 3.394316E-09 | global batch size:     8 | loss video: 6.747075E-01 | loss action: 8.048981E-01 | loss scale: 1.0 | grad norm: 11.500000 | number of skipped iterations:   0 | number of nan iterations:   0 |
[2026-08-28 17:52:52][INFO] iteration      655/    1000 | consumed samples:         5240 | elapsed time per iteration (ms): 802.9 | throughput (samples/sec/per_device): 1.245 | learning rate: 3.381832E-09 | global batch size:     8 | loss video: 6.433939E-01 | loss action: 8.610662E-01 | loss scale: 1.0 | grad norm: 11.750000 | number of skipped iterations:   0 | number of nan iterations:   0 |
[2026-08-28 17:52:52][INFO] iteration      656/    1000 | consumed samples:         5248 | elapsed time per iteration (ms): 803.2 | throughput (samples/sec/per_device): 1.245 | learning rate: 3.369370E-09 | global batch size:     8 | loss video: 4.794966E-02 | loss action: 7.665008E-01 | loss scale: 1.0 | grad norm: 5.906250 | number of skipped iterations:   0 | number of nan iterations:   0 |
[2026-08-28 17:52:53][INFO] iteration      657/    1000 | consumed samples:         5256 | elapsed time per iteration (ms): 809.4 | throughput (samples/sec/per_device): 1.235 | learning rate: 3.356928E-09 | global batch size:     8 | loss video: 4.955334E-02 | loss action: 2.643173E+00 | loss scale: 1.0 | grad norm: 14.500000 | number of skipped iterations:   0 | number of nan iterations:   0 |
[2026-08-28 17:52:54][INFO] iteration      658/    1000 | consumed samples:         5264 | elapsed time per iteration (ms): 810.8 | throughput (samples/sec/per_device): 1.233 | learning rate: 3.344508E-09 | global batch size:     8 | loss video: 3.588798E-01 | loss action: 9.604587E-01 | loss scale: 1.0 | grad norm: 8.437500 | number of skipped iterations:   0 | number of nan iterations:   0 |
[2026-08-28 17:52:55][INFO] iteration      659/    1000 | consumed samples:         5272 | elapsed time per iteration (ms): 809.7 | throughput (samples/sec/per_device): 1.235 | learning rate: 3.332108E-09 | global batch size:     8 | loss video: 5.794423E-01 | loss action: 7.818507E-01 | loss scale: 1.0 | grad norm: 9.375000 | number of skipped iterations:   0 | number of nan iterations:   0 |
[2026-08-28 17:52:56][INFO] iteration      660/    1000 | consumed samples:         5280 | elapsed time per iteration (ms): 1149.1 | throughput (samples/sec/per_device): 0.870 | learning rate: 3.319731E-09 | global batch size:     8 | loss video: 1.545530E-01 | loss action: 2.847913E+00 | loss scale: 1.0 | grad norm: 17.625000 | number of skipped iterations:   0 | number of nan iterations:   0 |
[2026-08-28 17:52:56][INFO] max time across ranks (ms):
    forward-backward................................: 989.24
    forward-compute.................................: 579.74
    backward-compute................................: 639.30
    batch-generator.................................: 176.55
    nan-grad-cleanup................................: 20.31
    grad-clip.......................................: 33.76
    optimizer.......................................: 102.96
    optimizer-inner-step............................: 102.87
    optimizer-scheduler-step........................: 0.05
    optimizer-zero-grad.............................: 0.73
[2026-08-28 17:52:57][INFO] iteration      661/    1000 | consumed samples:         5288 | elapsed time per iteration (ms): 804.4 | throughput (samples/sec/per_device): 1.243 | learning rate: 3.307374E-09 | global batch size:     8 | loss video: 3.022462E-01 | loss action: 1.509170E+00 | loss scale: 1.0 | grad norm: 9.750000 | number of skipped iterations:   0 | number of nan iterations:   0 |
[2026-08-28 17:52:58][INFO] iteration      662/    1000 | consumed samples:         5296 | elapsed time per iteration (ms): 808.3 | throughput (samples/sec/per_device): 1.237 | learning rate: 3.295040E-09 | global batch size:     8 | loss video: 3.208830E-01 | loss action: 2.129393E+00 | loss scale: 1.0 | grad norm: 19.250000 | number of skipped iterations:   0 | number of nan iterations:   0 |
[2026-08-28 17:52:58][INFO] iteration      663/    1000 | consumed samples:         5304 | elapsed time per iteration (ms): 793.9 | throughput (samples/sec/per_device): 1.260 | learning rate: 3.282727E-09 | global batch size:     8 | loss video: 3.051767E-01 | loss action: 2.769413E+00 | loss scale: 1.0 | grad norm: 18.250000 | number of skipped iterations:   0 | number of nan iterations:   0 |
[2026-08-28 17:52:59][INFO] iteration      664/    1000 | consumed samples:         5312 | elapsed time per iteration (ms): 824.2 | throughput (samples/sec/per_device): 1.213 | learning rate: 3.270436E-09 | global batch size:     8 | loss video: 6.660575E-01 | loss action: 6.990887E-02 | loss scale: 1.0 | grad norm: 2.312500 | number of skipped iterations:   0 | number of nan iterations:   0 |
[2026-08-28 17:53:00][INFO] iteration      665/    1000 | consumed samples:         5320 | elapsed time per iteration (ms): 807.0 | throughput (samples/sec/per_device): 1.239 | learning rate: 3.258167E-09 | global batch size:     8 | loss video: 7.295924E-01 | loss action: 1.470859E+00 | loss scale: 1.0 | grad norm: 9.437500 | number of skipped iterations:   0 | number of nan iterations:   0 |
[2026-08-28 17:53:01][INFO] iteration      666/    1000 | consumed samples:         5328 | elapsed time per iteration (ms): 818.1 | throughput (samples/sec/per_device): 1.222 | learning rate: 3.245920E-09 | global batch size:     8 | loss video: 5.149571E-01 | loss action: 2.445876E-01 | loss scale: 1.0 | grad norm: 8.562500 | number of skipped iterations:   0 | number of nan iterations:   0 |
[2026-08-28 17:53:02][INFO] iteration      667/    1000 | consumed samples:         5336 | elapsed time per iteration (ms): 797.8 | throughput (samples/sec/per_device): 1.253 | learning rate: 3.233696E-09 | global batch size:     8 | loss video: 7.800453E-01 | loss action: 2.416757E+00 | loss scale: 1.0 | grad norm: 18.875000 | number of skipped iterations:   0 | number of nan iterations:   0 |
[2026-08-28 17:53:02][INFO] iteration      668/    1000 | consumed samples:         5344 | elapsed time per iteration (ms): 808.3 | throughput (samples/sec/per_device): 1.237 | learning rate: 3.221493E-09 | global batch size:     8 | loss video: 5.586099E-01 | loss action: 7.548522E-01 | loss scale: 1.0 | grad norm: 10.375000 | number of skipped iterations:   0 | number of nan iterations:   0 |
[2026-08-28 17:53:04][INFO] iteration      669/    1000 | consumed samples:         5352 | elapsed time per iteration (ms): 1212.8 | throughput (samples/sec/per_device): 0.825 | learning rate: 3.209314E-09 | global batch size:     8 | loss video: 8.213915E-01 | loss action: 6.998056E-01 | loss scale: 1.0 | grad norm: 11.187500 | number of skipped iterations:   0 | number of nan iterations:   0 |
[2026-08-28 17:53:04][INFO] iteration      670/    1000 | consumed samples:         5360 | elapsed time per iteration (ms): 809.8 | throughput (samples/sec/per_device): 1.235 | learning rate: 3.197156E-09 | global batch size:     8 | loss video: 6.928419E-01 | loss action: 3.526142E-02 | loss scale: 1.0 | grad norm: 10.250000 | number of skipped iterations:   0 | number of nan iterations:   0 |
[2026-08-28 17:53:06][INFO] iteration      671/    1000 | consumed samples:         5368 | elapsed time per iteration (ms): 1186.8 | throughput (samples/sec/per_device): 0.843 | learning rate: 3.185022E-09 | global batch size:     8 | loss video: 6.597302E-01 | loss action: 2.881179E-01 | loss scale: 1.0 | grad norm: 9.437500 | number of skipped iterations:   0 | number of nan iterations:   0 |
[2026-08-28 17:53:07][INFO] iteration      672/    1000 | consumed samples:         5376 | elapsed time per iteration (ms): 820.8 | throughput (samples/sec/per_device): 1.218 | learning rate: 3.172911E-09 | global batch size:     8 | loss video: 8.655929E-02 | loss action: 2.140118E+00 | loss scale: 1.0 | grad norm: 11.750000 | number of skipped iterations:   0 | number of nan iterations:   0 |
[2026-08-28 17:53:07][INFO] iteration      673/    1000 | consumed samples:         5384 | elapsed time per iteration (ms): 836.4 | throughput (samples/sec/per_device): 1.196 | learning rate: 3.160822E-09 | global batch size:     8 | loss video: 1.857921E-01 | loss action: 2.539430E+00 | loss scale: 1.0 | grad norm: 16.625000 | number of skipped iterations:   0 | number of nan iterations:   0 |
[2026-08-28 17:53:08][INFO] iteration      674/    1000 | consumed samples:         5392 | elapsed time per iteration (ms): 849.0 | throughput (samples/sec/per_device): 1.178 | learning rate: 3.148756E-09 | global batch size:     8 | loss video: 5.136473E-01 | loss action: 2.602190E+00 | loss scale: 1.0 | grad norm: 18.625000 | number of skipped iterations:   0 | number of nan iterations:   0 |
[2026-08-28 17:53:09][INFO] iteration      675/    1000 | consumed samples:         5400 | elapsed time per iteration (ms): 818.0 | throughput (samples/sec/per_device): 1.222 | learning rate: 3.136714E-09 | global batch size:     8 | loss video: 8.530528E-01 | loss action: 2.223195E-01 | loss scale: 1.0 | grad norm: 5.312500 | number of skipped iterations:   0 | number of nan iterations:   0 |
[2026-08-28 17:53:10][INFO] iteration      676/    1000 | consumed samples:         5408 | elapsed time per iteration (ms): 811.2 | throughput (samples/sec/per_device): 1.233 | learning rate: 3.124695E-09 | global batch size:     8 | loss video: 8.475581E-01 | loss action: 2.332564E+00 | loss scale: 1.0 | grad norm: 16.250000 | number of skipped iterations:   0 | number of nan iterations:   0 |
[2026-08-28 17:53:11][INFO] iteration      677/    1000 | consumed samples:         5416 | elapsed time per iteration (ms): 816.6 | throughput (samples/sec/per_device): 1.225 | learning rate: 3.112700E-09 | global batch size:     8 | loss video: 4.088570E-02 | loss action: 1.337710E+00 | loss scale: 1.0 | grad norm: 7.500000 | number of skipped iterations:   0 | number of nan iterations:   0 |
[2026-08-28 17:53:11][INFO] iteration      678/    1000 | consumed samples:         5424 | elapsed time per iteration (ms): 810.9 | throughput (samples/sec/per_device): 1.233 | learning rate: 3.100728E-09 | global batch size:     8 | loss video: 6.590468E-01 | loss action: 1.823507E-01 | loss scale: 1.0 | grad norm: 9.187500 | number of skipped iterations:   0 | number of nan iterations:   0 |
[2026-08-28 17:53:12][INFO] iteration      679/    1000 | consumed samples:         5432 | elapsed time per iteration (ms): 808.7 | throughput (samples/sec/per_device): 1.237 | learning rate: 3.088779E-09 | global batch size:     8 | loss video: 7.689083E-01 | loss action: 2.431797E+00 | loss scale: 1.0 | grad norm: 13.500000 | number of skipped iterations:   0 | number of nan iterations:   0 |
[2026-08-28 17:53:13][INFO] iteration      680/    1000 | consumed samples:         5440 | elapsed time per iteration (ms): 807.3 | throughput (samples/sec/per_device): 1.239 | learning rate: 3.076855E-09 | global batch size:     8 | loss video: 4.179503E-01 | loss action: 1.998651E+00 | loss scale: 1.0 | grad norm: 12.125000 | number of skipped iterations:   0 | number of nan iterations:   0 |
[2026-08-28 17:53:13][INFO] max time across ranks (ms):
    forward-backward................................: 647.46
    forward-compute.................................: 216.05
    backward-compute................................: 278.00
    batch-generator.................................: 167.96
    nan-grad-cleanup................................: 20.31
    grad-clip.......................................: 33.82
    optimizer.......................................: 103.25
    optimizer-inner-step............................: 103.17
    optimizer-scheduler-step........................: 0.04
    optimizer-zero-grad.............................: 0.76
[2026-08-28 17:53:14][INFO] iteration      681/    1000 | consumed samples:         5448 | elapsed time per iteration (ms): 808.7 | throughput (samples/sec/per_device): 1.237 | learning rate: 3.064954E-09 | global batch size:     8 | loss video: 2.992135E-01 | loss action: 1.633047E+00 | loss scale: 1.0 | grad norm: 13.187500 | number of skipped iterations:   0 | number of nan iterations:   0 |
[2026-08-28 17:53:15][INFO] iteration      682/    1000 | consumed samples:         5456 | elapsed time per iteration (ms): 812.4 | throughput (samples/sec/per_device): 1.231 | learning rate: 3.053078E-09 | global batch size:     8 | loss video: 0.000000E+00 | loss action: 2.191694E+00 | loss scale: 1.0 | grad norm: 12.937500 | number of skipped iterations:   0 | number of nan iterations:   0 |
[2026-08-28 17:53:16][INFO] iteration      683/    1000 | consumed samples:         5464 | elapsed time per iteration (ms): 842.8 | throughput (samples/sec/per_device): 1.187 | learning rate: 3.041225E-09 | global batch size:     8 | loss video: 7.936902E-01 | loss action: 2.690685E+00 | loss scale: 1.0 | grad norm: 20.125000 | number of skipped iterations:   0 | number of nan iterations:   0 |
[2026-08-28 17:53:16][INFO] iteration      684/    1000 | consumed samples:         5472 | elapsed time per iteration (ms): 817.8 | throughput (samples/sec/per_device): 1.223 | learning rate: 3.029397E-09 | global batch size:     8 | loss video: 8.300730E-01 | loss action: 8.020530E-01 | loss scale: 1.0 | grad norm: 12.312500 | number of skipped iterations:   0 | number of nan iterations:   0 |
[2026-08-28 17:53:17][INFO] iteration      685/    1000 | consumed samples:         5480 | elapsed time per iteration (ms): 830.7 | throughput (samples/sec/per_device): 1.204 | learning rate: 3.017594E-09 | global batch size:     8 | loss video: 4.585443E-01 | loss action: 2.564283E+00 | loss scale: 1.0 | grad norm: 18.750000 | number of skipped iterations:   0 | number of nan iterations:   0 |
[2026-08-28 17:53:18][INFO] iteration      686/    1000 | consumed samples:         5488 | elapsed time per iteration (ms): 798.9 | throughput (samples/sec/per_device): 1.252 | learning rate: 3.005814E-09 | global batch size:     8 | loss video: 5.905157E-01 | loss action: 8.062098E-01 | loss scale: 1.0 | grad norm: 9.312500 | number of skipped iterations:   0 | number of nan iterations:   0 |
[2026-08-28 17:53:19][INFO] iteration      687/    1000 | consumed samples:         5496 | elapsed time per iteration (ms): 822.1 | throughput (samples/sec/per_device): 1.216 | learning rate: 2.994060E-09 | global batch size:     8 | loss video: 7.202398E-01 | loss action: 3.202993E-01 | loss scale: 1.0 | grad norm: 10.000000 | number of skipped iterations:   0 | number of nan iterations:   0 |
[2026-08-28 17:53:20][INFO] iteration      688/    1000 | consumed samples:         5504 | elapsed time per iteration (ms): 824.2 | throughput (samples/sec/per_device): 1.213 | learning rate: 2.982330E-09 | global batch size:     8 | loss video: 8.642216E-01 | loss action: 1.398249E+00 | loss scale: 1.0 | grad norm: 14.000000 | number of skipped iterations:   0 | number of nan iterations:   0 |
[2026-08-28 17:53:20][INFO] iteration      689/    1000 | consumed samples:         5512 | elapsed time per iteration (ms): 812.3 | throughput (samples/sec/per_device): 1.231 | learning rate: 2.970625E-09 | global batch size:     8 | loss video: 5.714513E-01 | loss action: 2.461933E+00 | loss scale: 1.0 | grad norm: 17.500000 | number of skipped iterations:   0 | number of nan iterations:   0 |
[2026-08-28 17:53:21][INFO] iteration      690/    1000 | consumed samples:         5520 | elapsed time per iteration (ms): 817.5 | throughput (samples/sec/per_device): 1.223 | learning rate: 2.958945E-09 | global batch size:     8 | loss video: 8.346838E-01 | loss action: 4.588301E-01 | loss scale: 1.0 | grad norm: 8.562500 | number of skipped iterations:   0 | number of nan iterations:   0 |
[2026-08-28 17:53:22][INFO] iteration      691/    1000 | consumed samples:         5528 | elapsed time per iteration (ms): 866.5 | throughput (samples/sec/per_device): 1.154 | learning rate: 2.947290E-09 | global batch size:     8 | loss video: 7.245774E-01 | loss action: 1.484403E+00 | loss scale: 1.0 | grad norm: 15.250000 | number of skipped iterations:   0 | number of nan iterations:   0 |
[2026-08-28 17:53:23][INFO] iteration      692/    1000 | consumed samples:         5536 | elapsed time per iteration (ms): 810.1 | throughput (samples/sec/per_device): 1.234 | learning rate: 2.935660E-09 | global batch size:     8 | loss video: 7.930797E-01 | loss action: 5.911564E-01 | loss scale: 1.0 | grad norm: 8.125000 | number of skipped iterations:   0 | number of nan iterations:   0 |
[2026-08-28 17:53:24][INFO] iteration      693/    1000 | consumed samples:         5544 | elapsed time per iteration (ms): 814.3 | throughput (samples/sec/per_device): 1.228 | learning rate: 2.924055E-09 | global batch size:     8 | loss video: 7.767518E-01 | loss action: 9.206365E-01 | loss scale: 1.0 | grad norm: 5.750000 | number of skipped iterations:   0 | number of nan iterations:   0 |
[2026-08-28 17:53:25][INFO] iteration      694/    1000 | consumed samples:         5552 | elapsed time per iteration (ms): 798.7 | throughput (samples/sec/per_device): 1.252 | learning rate: 2.912476E-09 | global batch size:     8 | loss video: 6.151021E-01 | loss action: 2.139419E+00 | loss scale: 1.0 | grad norm: 12.812500 | number of skipped iterations:   0 | number of nan iterations:   0 |
[2026-08-28 17:53:25][INFO] iteration      695/    1000 | consumed samples:         5560 | elapsed time per iteration (ms): 799.9 | throughput (samples/sec/per_device): 1.250 | learning rate: 2.900923E-09 | global batch size:     8 | loss video: 5.208018E-01 | loss action: 1.460983E+00 | loss scale: 1.0 | grad norm: 11.750000 | number of skipped iterations:   0 | number of nan iterations:   0 |
[2026-08-28 17:53:26][INFO] iteration      696/    1000 | consumed samples:         5568 | elapsed time per iteration (ms): 818.4 | throughput (samples/sec/per_device): 1.222 | learning rate: 2.889395E-09 | global batch size:     8 | loss video: 4.207127E-01 | loss action: 2.813300E-01 | loss scale: 1.0 | grad norm: 8.562500 | number of skipped iterations:   0 | number of nan iterations:   0 |
[2026-08-28 17:53:27][INFO] iteration      697/    1000 | consumed samples:         5576 | elapsed time per iteration (ms): 810.1 | throughput (samples/sec/per_device): 1.234 | learning rate: 2.877893E-09 | global batch size:     8 | loss video: 1.945252E-01 | loss action: 1.064659E+00 | loss scale: 1.0 | grad norm: 9.125000 | number of skipped iterations:   0 | number of nan iterations:   0 |
[2026-08-28 17:53:28][INFO] iteration      698/    1000 | consumed samples:         5584 | elapsed time per iteration (ms): 815.7 | throughput (samples/sec/per_device): 1.226 | learning rate: 2.866417E-09 | global batch size:     8 | loss video: 5.775105E-01 | loss action: 3.541710E-01 | loss scale: 1.0 | grad norm: 8.000000 | number of skipped iterations:   0 | number of nan iterations:   0 |
[2026-08-28 17:53:29][INFO] iteration      699/    1000 | consumed samples:         5592 | elapsed time per iteration (ms): 805.4 | throughput (samples/sec/per_device): 1.242 | learning rate: 2.854966E-09 | global batch size:     8 | loss video: 8.136336E-01 | loss action: 1.777991E+00 | loss scale: 1.0 | grad norm: 17.125000 | number of skipped iterations:   0 | number of nan iterations:   0 |
[2026-08-28 17:53:30][INFO] iteration      700/    1000 | consumed samples:         5600 | elapsed time per iteration (ms): 1179.3 | throughput (samples/sec/per_device): 0.848 | learning rate: 2.843542E-09 | global batch size:     8 | loss video: 6.844647E-02 | loss action: 9.859573E-01 | loss scale: 1.0 | grad norm: 6.406250 | number of skipped iterations:   0 | number of nan iterations:   0 |
[2026-08-28 17:53:30][INFO] max time across ranks (ms):
    forward-backward................................: 653.77
    forward-compute.................................: 215.80
    backward-compute................................: 285.86
    batch-generator.................................: 165.51
    nan-grad-cleanup................................: 20.34
    grad-clip.......................................: 399.26
    optimizer.......................................: 467.88
    optimizer-inner-step............................: 467.78
    optimizer-scheduler-step........................: 0.07
    optimizer-zero-grad.............................: 0.71
[2026-08-28 17:53:31][INFO] iteration      701/    1000 | consumed samples:         5608 | elapsed time per iteration (ms): 807.8 | throughput (samples/sec/per_device): 1.238 | learning rate: 2.832144E-09 | global batch size:     8 | loss video: 7.478495E-01 | loss action: 2.902270E+00 | loss scale: 1.0 | grad norm: 21.125000 | number of skipped iterations:   0 | number of nan iterations:   0 |
[2026-08-28 17:53:31][INFO] iteration      702/    1000 | consumed samples:         5616 | elapsed time per iteration (ms): 815.7 | throughput (samples/sec/per_device): 1.226 | learning rate: 2.820773E-09 | global batch size:     8 | loss video: 6.466418E-01 | loss action: 1.832995E-01 | loss scale: 1.0 | grad norm: 9.000000 | number of skipped iterations:   0 | number of nan iterations:   0 |
[2026-08-28 17:53:32][INFO] iteration      703/    1000 | consumed samples:         5624 | elapsed time per iteration (ms): 807.6 | throughput (samples/sec/per_device): 1.238 | learning rate: 2.809428E-09 | global batch size:     8 | loss video: 1.958345E-01 | loss action: 1.056668E+00 | loss scale: 1.0 | grad norm: 8.375000 | number of skipped iterations:   0 | number of nan iterations:   0 |
[2026-08-28 17:53:33][INFO] iteration      704/    1000 | consumed samples:         5632 | elapsed time per iteration (ms): 800.1 | throughput (samples/sec/per_device): 1.250 | learning rate: 2.798109E-09 | global batch size:     8 | loss video: 5.940401E-01 | loss action: 5.411353E-01 | loss scale: 1.0 | grad norm: 8.500000 | number of skipped iterations:   0 | number of nan iterations:   0 |
[2026-08-28 17:53:34][INFO] iteration      705/    1000 | consumed samples:         5640 | elapsed time per iteration (ms): 1184.7 | throughput (samples/sec/per_device): 0.844 | learning rate: 2.786817E-09 | global batch size:     8 | loss video: 8.961354E-01 | loss action: 1.430958E+00 | loss scale: 1.0 | grad norm: 9.812500 | number of skipped iterations:   0 | number of nan iterations:   0 |
[2026-08-28 17:53:35][INFO] iteration      706/    1000 | consumed samples:         5648 | elapsed time per iteration (ms): 810.1 | throughput (samples/sec/per_device): 1.234 | learning rate: 2.775552E-09 | global batch size:     8 | loss video: 8.979324E-01 | loss action: 8.302634E-01 | loss scale: 1.0 | grad norm: 9.250000 | number of skipped iterations:   0 | number of nan iterations:   0 |
[2026-08-28 17:53:36][INFO] iteration      707/    1000 | consumed samples:         5656 | elapsed time per iteration (ms): 812.1 | throughput (samples/sec/per_device): 1.231 | learning rate: 2.764314E-09 | global batch size:     8 | loss video: 3.119627E-02 | loss action: 1.639918E+00 | loss scale: 1.0 | grad norm: 8.812500 | number of skipped iterations:   0 | number of nan iterations:   0 |
[2026-08-28 17:53:37][INFO] iteration      708/    1000 | consumed samples:         5664 | elapsed time per iteration (ms): 811.4 | throughput (samples/sec/per_device): 1.232 | learning rate: 2.753102E-09 | global batch size:     8 | loss video: 7.483371E-01 | loss action: 3.296455E-01 | loss scale: 1.0 | grad norm: 10.062500 | number of skipped iterations:   0 | number of nan iterations:   0 |
[2026-08-28 17:53:37][INFO] iteration      709/    1000 | consumed samples:         5672 | elapsed time per iteration (ms): 810.7 | throughput (samples/sec/per_device): 1.234 | learning rate: 2.741918E-09 | global batch size:     8 | loss video: 4.929892E-01 | loss action: 7.153116E-02 | loss scale: 1.0 | grad norm: 8.437500 | number of skipped iterations:   0 | number of nan iterations:   0 |
[2026-08-28 17:53:38][INFO] iteration      710/    1000 | consumed samples:         5680 | elapsed time per iteration (ms): 814.8 | throughput (samples/sec/per_device): 1.227 | learning rate: 2.730761E-09 | global batch size:     8 | loss video: 5.984007E-01 | loss action: 6.629996E-01 | loss scale: 1.0 | grad norm: 3.921875 | number of skipped iterations:   0 | number of nan iterations:   0 |
[2026-08-28 17:53:39][INFO] iteration      711/    1000 | consumed samples:         5688 | elapsed time per iteration (ms): 812.7 | throughput (samples/sec/per_device): 1.231 | learning rate: 2.719632E-09 | global batch size:     8 | loss video: 5.346096E-01 | loss action: 1.074637E+00 | loss scale: 1.0 | grad norm: 10.062500 | number of skipped iterations:   0 | number of nan iterations:   0 |
[2026-08-28 17:53:40][INFO] iteration      712/    1000 | consumed samples:         5696 | elapsed time per iteration (ms): 802.1 | throughput (samples/sec/per_device): 1.247 | learning rate: 2.708530E-09 | global batch size:     8 | loss video: 2.414142E-01 | loss action: 5.195426E-01 | loss scale: 1.0 | grad norm: 5.812500 | number of skipped iterations:   0 | number of nan iterations:   0 |
[2026-08-28 17:53:41][INFO] iteration      713/    1000 | consumed samples:         5704 | elapsed time per iteration (ms): 811.5 | throughput (samples/sec/per_device): 1.232 | learning rate: 2.697455E-09 | global batch size:     8 | loss video: 6.389957E-01 | loss action: 2.243471E+00 | loss scale: 1.0 | grad norm: 15.187500 | number of skipped iterations:   0 | number of nan iterations:   0 |
[2026-08-28 17:53:41][INFO] iteration      714/    1000 | consumed samples:         5712 | elapsed time per iteration (ms): 812.5 | throughput (samples/sec/per_device): 1.231 | learning rate: 2.686408E-09 | global batch size:     8 | loss video: 9.050561E-01 | loss action: 2.212761E+00 | loss scale: 1.0 | grad norm: 12.437500 | number of skipped iterations:   0 | number of nan iterations:   0 |
[2026-08-28 17:53:42][INFO] iteration      715/    1000 | consumed samples:         5720 | elapsed time per iteration (ms): 809.4 | throughput (samples/sec/per_device): 1.235 | learning rate: 2.675389E-09 | global batch size:     8 | loss video: 5.299417E-01 | loss action: 2.730745E+00 | loss scale: 1.0 | grad norm: 21.250000 | number of skipped iterations:   0 | number of nan iterations:   0 |
[2026-08-28 17:53:43][INFO] iteration      716/    1000 | consumed samples:         5728 | elapsed time per iteration (ms): 809.3 | throughput (samples/sec/per_device): 1.236 | learning rate: 2.664398E-09 | global batch size:     8 | loss video: 6.743481E-01 | loss action: 9.911861E-02 | loss scale: 1.0 | grad norm: 15.812500 | number of skipped iterations:   0 | number of nan iterations:   0 |
[2026-08-28 17:53:44][INFO] iteration      717/    1000 | consumed samples:         5736 | elapsed time per iteration (ms): 818.1 | throughput (samples/sec/per_device): 1.222 | learning rate: 2.653434E-09 | global batch size:     8 | loss video: 9.355337E-01 | loss action: 2.145570E+00 | loss scale: 1.0 | grad norm: 15.875000 | number of skipped iterations:   0 | number of nan iterations:   0 |
[2026-08-28 17:53:45][INFO] iteration      718/    1000 | consumed samples:         5744 | elapsed time per iteration (ms): 805.6 | throughput (samples/sec/per_device): 1.241 | learning rate: 2.642499E-09 | global batch size:     8 | loss video: 5.317446E-01 | loss action: 6.155652E-01 | loss scale: 1.0 | grad norm: 8.125000 | number of skipped iterations:   0 | number of nan iterations:   0 |
[2026-08-28 17:53:46][INFO] iteration      719/    1000 | consumed samples:         5752 | elapsed time per iteration (ms): 803.1 | throughput (samples/sec/per_device): 1.245 | learning rate: 2.631592E-09 | global batch size:     8 | loss video: 6.675991E-01 | loss action: 2.257360E+00 | loss scale: 1.0 | grad norm: 14.875000 | number of skipped iterations:   0 | number of nan iterations:   0 |
[2026-08-28 17:53:46][INFO] iteration      720/    1000 | consumed samples:         5760 | elapsed time per iteration (ms): 818.7 | throughput (samples/sec/per_device): 1.221 | learning rate: 2.620713E-09 | global batch size:     8 | loss video: 3.025041E-01 | loss action: 1.495320E-01 | loss scale: 1.0 | grad norm: 6.343750 | number of skipped iterations:   0 | number of nan iterations:   0 |
[2026-08-28 17:53:46][INFO] max time across ranks (ms):
    forward-backward................................: 659.27
    forward-compute.................................: 216.84
    backward-compute................................: 295.59
    batch-generator.................................: 182.02
    nan-grad-cleanup................................: 20.31
    grad-clip.......................................: 33.68
    optimizer.......................................: 102.49
    optimizer-inner-step............................: 102.40
    optimizer-scheduler-step........................: 0.04
    optimizer-zero-grad.............................: 0.63
[2026-08-28 17:53:47][INFO] iteration      721/    1000 | consumed samples:         5768 | elapsed time per iteration (ms): 821.2 | throughput (samples/sec/per_device): 1.218 | learning rate: 2.609863E-09 | global batch size:     8 | loss video: 9.234400E-01 | loss action: 4.321707E-01 | loss scale: 1.0 | grad norm: 8.500000 | number of skipped iterations:   0 | number of nan iterations:   0 |
[2026-08-28 17:53:48][INFO] iteration      722/    1000 | consumed samples:         5776 | elapsed time per iteration (ms): 824.8 | throughput (samples/sec/per_device): 1.212 | learning rate: 2.599041E-09 | global batch size:     8 | loss video: 5.422647E-02 | loss action: 6.382761E-01 | loss scale: 1.0 | grad norm: 3.718750 | number of skipped iterations:   0 | number of nan iterations:   0 |
[2026-08-28 17:53:49][INFO] iteration      723/    1000 | consumed samples:         5784 | elapsed time per iteration (ms): 801.3 | throughput (samples/sec/per_device): 1.248 | learning rate: 2.588248E-09 | global batch size:     8 | loss video: 8.264812E-01 | loss action: 2.733396E-01 | loss scale: 1.0 | grad norm: 7.343750 | number of skipped iterations:   0 | number of nan iterations:   0 |
[2026-08-28 17:53:50][INFO] iteration      724/    1000 | consumed samples:         5792 | elapsed time per iteration (ms): 797.2 | throughput (samples/sec/per_device): 1.254 | learning rate: 2.577484E-09 | global batch size:     8 | loss video: 3.099630E-01 | loss action: 9.079367E-01 | loss scale: 1.0 | grad norm: 9.000000 | number of skipped iterations:   0 | number of nan iterations:   0 |
[2026-08-28 17:53:50][INFO] iteration      725/    1000 | consumed samples:         5800 | elapsed time per iteration (ms): 818.5 | throughput (samples/sec/per_device): 1.222 | learning rate: 2.566748E-09 | global batch size:     8 | loss video: 4.182088E-01 | loss action: 1.443125E-01 | loss scale: 1.0 | grad norm: 10.000000 | number of skipped iterations:   0 | number of nan iterations:   0 |
[2026-08-28 17:53:51][INFO] iteration      726/    1000 | consumed samples:         5808 | elapsed time per iteration (ms): 810.1 | throughput (samples/sec/per_device): 1.234 | learning rate: 2.556042E-09 | global batch size:     8 | loss video: 5.394521E-01 | loss action: 2.788645E+00 | loss scale: 1.0 | grad norm: 17.750000 | number of skipped iterations:   0 | number of nan iterations:   0 |
[2026-08-28 17:53:52][INFO] iteration      727/    1000 | consumed samples:         5816 | elapsed time per iteration (ms): 798.1 | throughput (samples/sec/per_device): 1.253 | learning rate: 2.545364E-09 | global batch size:     8 | loss video: 4.868367E-01 | loss action: 2.285139E-01 | loss scale: 1.0 | grad norm: 1.828125 | number of skipped iterations:   0 | number of nan iterations:   0 |
[2026-08-28 17:53:53][INFO] iteration      728/    1000 | consumed samples:         5824 | elapsed time per iteration (ms): 805.3 | throughput (samples/sec/per_device): 1.242 | learning rate: 2.534716E-09 | global batch size:     8 | loss video: 4.525951E-01 | loss action: 1.338965E+00 | loss scale: 1.0 | grad norm: 13.125000 | number of skipped iterations:   0 | number of nan iterations:   0 |
[2026-08-28 17:53:54][INFO] iteration      729/    1000 | consumed samples:         5832 | elapsed time per iteration (ms): 803.6 | throughput (samples/sec/per_device): 1.244 | learning rate: 2.524097E-09 | global batch size:     8 | loss video: 1.671420E-01 | loss action: 4.040971E-01 | loss scale: 1.0 | grad norm: 3.468750 | number of skipped iterations:   0 | number of nan iterations:   0 |
[2026-08-28 17:53:54][INFO] iteration      730/    1000 | consumed samples:         5840 | elapsed time per iteration (ms): 821.3 | throughput (samples/sec/per_device): 1.218 | learning rate: 2.513507E-09 | global batch size:     8 | loss video: 5.555630E-01 | loss action: 1.512000E+00 | loss scale: 1.0 | grad norm: 14.125000 | number of skipped iterations:   0 | number of nan iterations:   0 |
[2026-08-28 17:53:55][INFO] iteration      731/    1000 | consumed samples:         5848 | elapsed time per iteration (ms): 806.5 | throughput (samples/sec/per_device): 1.240 | learning rate: 2.502947E-09 | global batch size:     8 | loss video: 1.972063E-01 | loss action: 7.440018E-01 | loss scale: 1.0 | grad norm: 5.812500 | number of skipped iterations:   0 | number of nan iterations:   0 |
[2026-08-28 17:53:56][INFO] iteration      732/    1000 | consumed samples:         5856 | elapsed time per iteration (ms): 826.4 | throughput (samples/sec/per_device): 1.210 | learning rate: 2.492416E-09 | global batch size:     8 | loss video: 3.814029E-01 | loss action: 1.573970E+00 | loss scale: 1.0 | grad norm: 10.312500 | number of skipped iterations:   0 | number of nan iterations:   0 |
[2026-08-28 17:53:57][INFO] iteration      733/    1000 | consumed samples:         5864 | elapsed time per iteration (ms): 797.9 | throughput (samples/sec/per_device): 1.253 | learning rate: 2.481915E-09 | global batch size:     8 | loss video: 7.823278E-01 | loss action: 2.020235E+00 | loss scale: 1.0 | grad norm: 18.125000 | number of skipped iterations:   0 | number of nan iterations:   0 |
[2026-08-28 17:53:58][INFO] iteration      734/    1000 | consumed samples:         5872 | elapsed time per iteration (ms): 805.5 | throughput (samples/sec/per_device): 1.241 | learning rate: 2.471444E-09 | global batch size:     8 | loss video: 6.091043E-02 | loss action: 2.012580E-01 | loss scale: 1.0 | grad norm: 2.187500 | number of skipped iterations:   0 | number of nan iterations:   0 |
[2026-08-28 17:53:59][INFO] iteration      735/    1000 | consumed samples:         5880 | elapsed time per iteration (ms): 805.3 | throughput (samples/sec/per_device): 1.242 | learning rate: 2.461002E-09 | global batch size:     8 | loss video: 8.369501E-01 | loss action: 1.144278E+00 | loss scale: 1.0 | grad norm: 13.125000 | number of skipped iterations:   0 | number of nan iterations:   0 |
[2026-08-28 17:53:59][INFO] iteration      736/    1000 | consumed samples:         5888 | elapsed time per iteration (ms): 802.4 | throughput (samples/sec/per_device): 1.246 | learning rate: 2.450591E-09 | global batch size:     8 | loss video: 5.726895E-01 | loss action: 7.813497E-01 | loss scale: 1.0 | grad norm: 10.187500 | number of skipped iterations:   0 | number of nan iterations:   0 |
[2026-08-28 17:54:00][INFO] iteration      737/    1000 | consumed samples:         5896 | elapsed time per iteration (ms): 834.0 | throughput (samples/sec/per_device): 1.199 | learning rate: 2.440210E-09 | global batch size:     8 | loss video: 2.098502E-01 | loss action: 2.438105E-01 | loss scale: 1.0 | grad norm: 5.156250 | number of skipped iterations:   0 | number of nan iterations:   0 |
[2026-08-28 17:54:01][INFO] iteration      738/    1000 | consumed samples:         5904 | elapsed time per iteration (ms): 800.2 | throughput (samples/sec/per_device): 1.250 | learning rate: 2.429859E-09 | global batch size:     8 | loss video: 5.671360E-01 | loss action: 2.698096E+00 | loss scale: 1.0 | grad norm: 17.750000 | number of skipped iterations:   0 | number of nan iterations:   0 |
[2026-08-28 17:54:02][INFO] iteration      739/    1000 | consumed samples:         5912 | elapsed time per iteration (ms): 801.6 | throughput (samples/sec/per_device): 1.247 | learning rate: 2.419538E-09 | global batch size:     8 | loss video: 2.657653E-02 | loss action: 1.996463E+00 | loss scale: 1.0 | grad norm: 12.062500 | number of skipped iterations:   0 | number of nan iterations:   0 |
[2026-08-28 17:54:03][INFO] iteration      740/    1000 | consumed samples:         5920 | elapsed time per iteration (ms): 813.1 | throughput (samples/sec/per_device): 1.230 | learning rate: 2.409248E-09 | global batch size:     8 | loss video: 8.518216E-01 | loss action: 4.016610E-01 | loss scale: 1.0 | grad norm: 5.812500 | number of skipped iterations:   0 | number of nan iterations:   0 |
[2026-08-28 17:54:03][INFO] max time across ranks (ms):
    forward-backward................................: 653.61
    forward-compute.................................: 215.54
    backward-compute................................: 287.83
    batch-generator.................................: 168.55
    nan-grad-cleanup................................: 20.32
    grad-clip.......................................: 33.70
    optimizer.......................................: 102.87
    optimizer-inner-step............................: 102.79
    optimizer-scheduler-step........................: 0.05
    optimizer-zero-grad.............................: 0.62
[2026-08-28 17:54:03][INFO] iteration      741/    1000 | consumed samples:         5928 | elapsed time per iteration (ms): 835.4 | throughput (samples/sec/per_device): 1.197 | learning rate: 2.398988E-09 | global batch size:     8 | loss video: 7.356557E-01 | loss action: 2.502929E+00 | loss scale: 1.0 | grad norm: 16.375000 | number of skipped iterations:   0 | number of nan iterations:   0 |
[2026-08-28 17:54:04][INFO] iteration      742/    1000 | consumed samples:         5936 | elapsed time per iteration (ms): 798.7 | throughput (samples/sec/per_device): 1.252 | learning rate: 2.388759E-09 | global batch size:     8 | loss video: 7.506101E-01 | loss action: 2.413346E+00 | loss scale: 1.0 | grad norm: 12.062500 | number of skipped iterations:   0 | number of nan iterations:   0 |
[2026-08-28 17:54:05][INFO] iteration      743/    1000 | consumed samples:         5944 | elapsed time per iteration (ms): 818.2 | throughput (samples/sec/per_device): 1.222 | learning rate: 2.378560E-09 | global batch size:     8 | loss video: 9.306520E-01 | loss action: 2.491880E+00 | loss scale: 1.0 | grad norm: 19.125000 | number of skipped iterations:   0 | number of nan iterations:   0 |
[2026-08-28 17:54:06][INFO] iteration      744/    1000 | consumed samples:         5952 | elapsed time per iteration (ms): 803.7 | throughput (samples/sec/per_device): 1.244 | learning rate: 2.368392E-09 | global batch size:     8 | loss video: 6.165429E-01 | loss action: 3.812803E-01 | loss scale: 1.0 | grad norm: 9.250000 | number of skipped iterations:   0 | number of nan iterations:   0 |
[2026-08-28 17:54:07][INFO] iteration      745/    1000 | consumed samples:         5960 | elapsed time per iteration (ms): 801.5 | throughput (samples/sec/per_device): 1.248 | learning rate: 2.358256E-09 | global batch size:     8 | loss video: 5.308383E-01 | loss action: 1.480960E+00 | loss scale: 1.0 | grad norm: 12.500000 | number of skipped iterations:   0 | number of nan iterations:   0 |
[2026-08-28 17:54:07][INFO] iteration      746/    1000 | consumed samples:         5968 | elapsed time per iteration (ms): 817.4 | throughput (samples/sec/per_device): 1.223 | learning rate: 2.348150E-09 | global batch size:     8 | loss video: 7.601618E-01 | loss action: 2.093120E+00 | loss scale: 1.0 | grad norm: 14.625000 | number of skipped iterations:   0 | number of nan iterations:   0 |
[2026-08-28 17:54:08][INFO] iteration      747/    1000 | consumed samples:         5976 | elapsed time per iteration (ms): 820.6 | throughput (samples/sec/per_device): 1.219 | learning rate: 2.338075E-09 | global batch size:     8 | loss video: 8.100614E-01 | loss action: 1.051773E+00 | loss scale: 1.0 | grad norm: 13.375000 | number of skipped iterations:   0 | number of nan iterations:   0 |
[2026-08-28 17:54:09][INFO] iteration      748/    1000 | consumed samples:         5984 | elapsed time per iteration (ms): 885.9 | throughput (samples/sec/per_device): 1.129 | learning rate: 2.328032E-09 | global batch size:     8 | loss video: 6.653523E-01 | loss action: 5.861373E-01 | loss scale: 1.0 | grad norm: 10.250000 | number of skipped iterations:   0 | number of nan iterations:   0 |
[2026-08-28 17:54:10][INFO] iteration      749/    1000 | consumed samples:         5992 | elapsed time per iteration (ms): 816.0 | throughput (samples/sec/per_device): 1.225 | learning rate: 2.318019E-09 | global batch size:     8 | loss video: 3.062765E-01 | loss action: 5.585610E-01 | loss scale: 1.0 | grad norm: 5.875000 | number of skipped iterations:   0 | number of nan iterations:   0 |
[2026-08-28 17:54:11][INFO] iteration      750/    1000 | consumed samples:         6000 | elapsed time per iteration (ms): 798.4 | throughput (samples/sec/per_device): 1.252 | learning rate: 2.308039E-09 | global batch size:     8 | loss video: 4.431057E-01 | loss action: 7.658701E-01 | loss scale: 1.0 | grad norm: 8.500000 | number of skipped iterations:   0 | number of nan iterations:   0 |
[2026-08-28 17:54:12][INFO] iteration      751/    1000 | consumed samples:         6008 | elapsed time per iteration (ms): 816.8 | throughput (samples/sec/per_device): 1.224 | learning rate: 2.298089E-09 | global batch size:     8 | loss video: 2.153939E-01 | loss action: 1.702871E+00 | loss scale: 1.0 | grad norm: 10.500000 | number of skipped iterations:   0 | number of nan iterations:   0 |
[2026-08-28 17:54:12][INFO] iteration      752/    1000 | consumed samples:         6016 | elapsed time per iteration (ms): 805.0 | throughput (samples/sec/per_device): 1.242 | learning rate: 2.288172E-09 | global batch size:     8 | loss video: 8.409625E-01 | loss action: 2.158426E+00 | loss scale: 1.0 | grad norm: 13.750000 | number of skipped iterations:   0 | number of nan iterations:   0 |
[2026-08-28 17:54:13][INFO] iteration      753/    1000 | consumed samples:         6024 | elapsed time per iteration (ms): 795.8 | throughput (samples/sec/per_device): 1.257 | learning rate: 2.278286E-09 | global batch size:     8 | loss video: 5.401074E-01 | loss action: 1.382672E-01 | loss scale: 1.0 | grad norm: 8.562500 | number of skipped iterations:   0 | number of nan iterations:   0 |
[2026-08-28 17:54:14][INFO] iteration      754/    1000 | consumed samples:         6032 | elapsed time per iteration (ms): 818.2 | throughput (samples/sec/per_device): 1.222 | learning rate: 2.268432E-09 | global batch size:     8 | loss video: 7.600082E-01 | loss action: 1.833547E-01 | loss scale: 1.0 | grad norm: 9.812500 | number of skipped iterations:   0 | number of nan iterations:   0 |
[2026-08-28 17:54:15][INFO] iteration      755/    1000 | consumed samples:         6040 | elapsed time per iteration (ms): 805.9 | throughput (samples/sec/per_device): 1.241 | learning rate: 2.258609E-09 | global batch size:     8 | loss video: 8.437217E-01 | loss action: 2.613857E+00 | loss scale: 1.0 | grad norm: 22.750000 | number of skipped iterations:   0 | number of nan iterations:   0 |
[2026-08-28 17:54:16][INFO] iteration      756/    1000 | consumed samples:         6048 | elapsed time per iteration (ms): 817.1 | throughput (samples/sec/per_device): 1.224 | learning rate: 2.248819E-09 | global batch size:     8 | loss video: 8.074001E-01 | loss action: 8.653035E-01 | loss scale: 1.0 | grad norm: 12.500000 | number of skipped iterations:   0 | number of nan iterations:   0 |
[2026-08-28 17:54:16][INFO] iteration      757/    1000 | consumed samples:         6056 | elapsed time per iteration (ms): 815.1 | throughput (samples/sec/per_device): 1.227 | learning rate: 2.239061E-09 | global batch size:     8 | loss video: 1.413915E-02 | loss action: 1.485743E+00 | loss scale: 1.0 | grad norm: 10.125000 | number of skipped iterations:   0 | number of nan iterations:   0 |
[2026-08-28 17:54:17][INFO] iteration      758/    1000 | consumed samples:         6064 | elapsed time per iteration (ms): 821.4 | throughput (samples/sec/per_device): 1.217 | learning rate: 2.229335E-09 | global batch size:     8 | loss video: 7.567779E-01 | loss action: 3.218032E-01 | loss scale: 1.0 | grad norm: 8.937500 | number of skipped iterations:   0 | number of nan iterations:   0 |
[2026-08-28 17:54:18][INFO] iteration      759/    1000 | consumed samples:         6072 | elapsed time per iteration (ms): 809.8 | throughput (samples/sec/per_device): 1.235 | learning rate: 2.219641E-09 | global batch size:     8 | loss video: 8.716224E-01 | loss action: 4.597931E-01 | loss scale: 1.0 | grad norm: 5.781250 | number of skipped iterations:   0 | number of nan iterations:   0 |
[2026-08-28 17:54:19][INFO] iteration      760/    1000 | consumed samples:         6080 | elapsed time per iteration (ms): 813.7 | throughput (samples/sec/per_device): 1.229 | learning rate: 2.209980E-09 | global batch size:     8 | loss video: 4.335428E-01 | loss action: 3.151388E+00 | loss scale: 1.0 | grad norm: 23.875000 | number of skipped iterations:   0 | number of nan iterations:   0 |
[2026-08-28 17:54:19][INFO] max time across ranks (ms):
    forward-backward................................: 654.22
    forward-compute.................................: 215.52
    backward-compute................................: 289.89
    batch-generator.................................: 178.11
    nan-grad-cleanup................................: 20.32
    grad-clip.......................................: 33.58
    optimizer.......................................: 102.73
    optimizer-inner-step............................: 102.65
    optimizer-scheduler-step........................: 0.05
    optimizer-zero-grad.............................: 0.66
[2026-08-28 17:54:20][INFO] iteration      761/    1000 | consumed samples:         6088 | elapsed time per iteration (ms): 806.0 | throughput (samples/sec/per_device): 1.241 | learning rate: 2.200351E-09 | global batch size:     8 | loss video: 8.438499E-01 | loss action: 2.221185E+00 | loss scale: 1.0 | grad norm: 17.500000 | number of skipped iterations:   0 | number of nan iterations:   0 |
[2026-08-28 17:54:21][INFO] iteration      762/    1000 | consumed samples:         6096 | elapsed time per iteration (ms): 807.8 | throughput (samples/sec/per_device): 1.238 | learning rate: 2.190755E-09 | global batch size:     8 | loss video: 8.576250E-01 | loss action: 2.462000E+00 | loss scale: 1.0 | grad norm: 19.750000 | number of skipped iterations:   0 | number of nan iterations:   0 |
[2026-08-28 17:54:21][INFO] iteration      763/    1000 | consumed samples:         6104 | elapsed time per iteration (ms): 807.3 | throughput (samples/sec/per_device): 1.239 | learning rate: 2.181191E-09 | global batch size:     8 | loss video: 7.998258E-01 | loss action: 2.776174E+00 | loss scale: 1.0 | grad norm: 20.750000 | number of skipped iterations:   0 | number of nan iterations:   0 |
[2026-08-28 17:54:22][INFO] iteration      764/    1000 | consumed samples:         6112 | elapsed time per iteration (ms): 812.2 | throughput (samples/sec/per_device): 1.231 | learning rate: 2.171660E-09 | global batch size:     8 | loss video: 1.907767E-02 | loss action: 2.522002E+00 | loss scale: 1.0 | grad norm: 13.750000 | number of skipped iterations:   0 | number of nan iterations:   0 |
[2026-08-28 17:54:23][INFO] iteration      765/    1000 | consumed samples:         6120 | elapsed time per iteration (ms): 818.6 | throughput (samples/sec/per_device): 1.222 | learning rate: 2.162162E-09 | global batch size:     8 | loss video: 3.053295E-01 | loss action: 2.521778E+00 | loss scale: 1.0 | grad norm: 15.187500 | number of skipped iterations:   0 | number of nan iterations:   0 |
[2026-08-28 17:54:24][INFO] iteration      766/    1000 | consumed samples:         6128 | elapsed time per iteration (ms): 809.9 | throughput (samples/sec/per_device): 1.235 | learning rate: 2.152697E-09 | global batch size:     8 | loss video: 9.533373E-01 | loss action: 2.184382E+00 | loss scale: 1.0 | grad norm: 19.500000 | number of skipped iterations:   0 | number of nan iterations:   0 |
[2026-08-28 17:54:25][INFO] iteration      767/    1000 | consumed samples:         6136 | elapsed time per iteration (ms): 1187.8 | throughput (samples/sec/per_device): 0.842 | learning rate: 2.143265E-09 | global batch size:     8 | loss video: 1.150632E-01 | loss action: 5.161014E-01 | loss scale: 1.0 | grad norm: 3.250000 | number of skipped iterations:   0 | number of nan iterations:   0 |
[2026-08-28 17:54:26][INFO] iteration      768/    1000 | consumed samples:         6144 | elapsed time per iteration (ms): 819.4 | throughput (samples/sec/per_device): 1.220 | learning rate: 2.133866E-09 | global batch size:     8 | loss video: 9.860282E-01 | loss action: 5.786534E-01 | loss scale: 1.0 | grad norm: 10.500000 | number of skipped iterations:   0 | number of nan iterations:   0 |
[2026-08-28 17:54:27][INFO] iteration      769/    1000 | consumed samples:         6152 | elapsed time per iteration (ms): 1174.5 | throughput (samples/sec/per_device): 0.851 | learning rate: 2.124500E-09 | global batch size:     8 | loss video: 7.347327E-01 | loss action: 9.963229E-01 | loss scale: 1.0 | grad norm: 11.750000 | number of skipped iterations:   0 | number of nan iterations:   0 |
[2026-08-28 17:54:28][INFO] iteration      770/    1000 | consumed samples:         6160 | elapsed time per iteration (ms): 813.3 | throughput (samples/sec/per_device): 1.230 | learning rate: 2.115168E-09 | global batch size:     8 | loss video: 1.758269E-01 | loss action: 2.031617E+00 | loss scale: 1.0 | grad norm: 10.125000 | number of skipped iterations:   0 | number of nan iterations:   0 |
[2026-08-28 17:54:29][INFO] iteration      771/    1000 | consumed samples:         6168 | elapsed time per iteration (ms): 813.3 | throughput (samples/sec/per_device): 1.230 | learning rate: 2.105869E-09 | global batch size:     8 | loss video: 6.601375E-01 | loss action: 8.270920E-01 | loss scale: 1.0 | grad norm: 10.937500 | number of skipped iterations:   0 | number of nan iterations:   0 |
[2026-08-28 17:54:29][INFO] iteration      772/    1000 | consumed samples:         6176 | elapsed time per iteration (ms): 807.0 | throughput (samples/sec/per_device): 1.239 | learning rate: 2.096603E-09 | global batch size:     8 | loss video: 3.434053E-01 | loss action: 1.035343E+00 | loss scale: 1.0 | grad norm: 11.625000 | number of skipped iterations:   0 | number of nan iterations:   0 |
[2026-08-28 17:54:30][INFO] iteration      773/    1000 | consumed samples:         6184 | elapsed time per iteration (ms): 799.4 | throughput (samples/sec/per_device): 1.251 | learning rate: 2.087371E-09 | global batch size:     8 | loss video: 8.385854E-01 | loss action: 7.491806E-01 | loss scale: 1.0 | grad norm: 10.437500 | number of skipped iterations:   0 | number of nan iterations:   0 |
[2026-08-28 17:54:31][INFO] iteration      774/    1000 | consumed samples:         6192 | elapsed time per iteration (ms): 806.0 | throughput (samples/sec/per_device): 1.241 | learning rate: 2.078173E-09 | global batch size:     8 | loss video: 6.691065E-01 | loss action: 1.617579E+00 | loss scale: 1.0 | grad norm: 13.437500 | number of skipped iterations:   0 | number of nan iterations:   0 |
[2026-08-28 17:54:32][INFO] iteration      775/    1000 | consumed samples:         6200 | elapsed time per iteration (ms): 810.5 | throughput (samples/sec/per_device): 1.234 | learning rate: 2.069009E-09 | global batch size:     8 | loss video: 7.269918E-01 | loss action: 2.825858E+00 | loss scale: 1.0 | grad norm: 18.375000 | number of skipped iterations:   0 | number of nan iterations:   0 |
[2026-08-28 17:54:33][INFO] iteration      776/    1000 | consumed samples:         6208 | elapsed time per iteration (ms): 802.3 | throughput (samples/sec/per_device): 1.246 | learning rate: 2.059878E-09 | global batch size:     8 | loss video: 8.361346E-01 | loss action: 1.425854E+00 | loss scale: 1.0 | grad norm: 9.312500 | number of skipped iterations:   0 | number of nan iterations:   0 |
[2026-08-28 17:54:33][INFO] iteration      777/    1000 | consumed samples:         6216 | elapsed time per iteration (ms): 800.4 | throughput (samples/sec/per_device): 1.249 | learning rate: 2.050781E-09 | global batch size:     8 | loss video: 6.186404E-01 | loss action: 2.708887E+00 | loss scale: 1.0 | grad norm: 21.250000 | number of skipped iterations:   0 | number of nan iterations:   0 |
[2026-08-28 17:54:34][INFO] iteration      778/    1000 | consumed samples:         6224 | elapsed time per iteration (ms): 795.5 | throughput (samples/sec/per_device): 1.257 | learning rate: 2.041719E-09 | global batch size:     8 | loss video: 8.793806E-01 | loss action: 1.107465E+00 | loss scale: 1.0 | grad norm: 10.000000 | number of skipped iterations:   0 | number of nan iterations:   0 |
[2026-08-28 17:54:35][INFO] iteration      779/    1000 | consumed samples:         6232 | elapsed time per iteration (ms): 809.7 | throughput (samples/sec/per_device): 1.235 | learning rate: 2.032690E-09 | global batch size:     8 | loss video: 5.040329E-01 | loss action: 6.857564E-01 | loss scale: 1.0 | grad norm: 9.812500 | number of skipped iterations:   0 | number of nan iterations:   0 |
[2026-08-28 17:54:36][INFO] iteration      780/    1000 | consumed samples:         6240 | elapsed time per iteration (ms): 1165.1 | throughput (samples/sec/per_device): 0.858 | learning rate: 2.023696E-09 | global batch size:     8 | loss video: 2.124734E-01 | loss action: 2.810583E-01 | loss scale: 1.0 | grad norm: 5.593750 | number of skipped iterations:   0 | number of nan iterations:   0 |
[2026-08-28 17:54:36][INFO] max time across ranks (ms):
    forward-backward................................: 1005.27
    forward-compute.................................: 582.55
    backward-compute................................: 638.52
    batch-generator.................................: 164.74
    nan-grad-cleanup................................: 20.31
    grad-clip.......................................: 33.64
    optimizer.......................................: 102.85
    optimizer-inner-step............................: 102.76
    optimizer-scheduler-step........................: 0.04
    optimizer-zero-grad.............................: 0.61
[2026-08-28 17:54:37][INFO] iteration      781/    1000 | consumed samples:         6248 | elapsed time per iteration (ms): 798.2 | throughput (samples/sec/per_device): 1.253 | learning rate: 2.014736E-09 | global batch size:     8 | loss video: 6.816795E-01 | loss action: 1.286174E+00 | loss scale: 1.0 | grad norm: 12.312500 | number of skipped iterations:   0 | number of nan iterations:   0 |
[2026-08-28 17:54:38][INFO] iteration      782/    1000 | consumed samples:         6256 | elapsed time per iteration (ms): 818.0 | throughput (samples/sec/per_device): 1.222 | learning rate: 2.005811E-09 | global batch size:     8 | loss video: 0.000000E+00 | loss action: 2.546018E+00 | loss scale: 1.0 | grad norm: 14.375000 | number of skipped iterations:   0 | number of nan iterations:   0 |
[2026-08-28 17:54:39][INFO] iteration      783/    1000 | consumed samples:         6264 | elapsed time per iteration (ms): 804.2 | throughput (samples/sec/per_device): 1.243 | learning rate: 1.996920E-09 | global batch size:     8 | loss video: 1.983577E-01 | loss action: 2.197587E+00 | loss scale: 1.0 | grad norm: 10.687500 | number of skipped iterations:   0 | number of nan iterations:   0 |
[2026-08-28 17:54:39][INFO] iteration      784/    1000 | consumed samples:         6272 | elapsed time per iteration (ms): 802.7 | throughput (samples/sec/per_device): 1.246 | learning rate: 1.988063E-09 | global batch size:     8 | loss video: 8.666750E-01 | loss action: 1.046890E+00 | loss scale: 1.0 | grad norm: 11.125000 | number of skipped iterations:   0 | number of nan iterations:   0 |
[2026-08-28 17:54:40][INFO] iteration      785/    1000 | consumed samples:         6280 | elapsed time per iteration (ms): 819.8 | throughput (samples/sec/per_device): 1.220 | learning rate: 1.979241E-09 | global batch size:     8 | loss video: 7.409106E-01 | loss action: 2.122202E+00 | loss scale: 1.0 | grad norm: 11.625000 | number of skipped iterations:   0 | number of nan iterations:   0 |
[2026-08-28 17:54:41][INFO] iteration      786/    1000 | consumed samples:         6288 | elapsed time per iteration (ms): 806.0 | throughput (samples/sec/per_device): 1.241 | learning rate: 1.970454E-09 | global batch size:     8 | loss video: 1.138485E-01 | loss action: 2.612752E+00 | loss scale: 1.0 | grad norm: 14.187500 | number of skipped iterations:   0 | number of nan iterations:   0 |
[2026-08-28 17:54:42][INFO] iteration      787/    1000 | consumed samples:         6296 | elapsed time per iteration (ms): 815.8 | throughput (samples/sec/per_device): 1.226 | learning rate: 1.961702E-09 | global batch size:     8 | loss video: 6.934168E-01 | loss action: 6.822802E-01 | loss scale: 1.0 | grad norm: 6.125000 | number of skipped iterations:   0 | number of nan iterations:   0 |
[2026-08-28 17:54:43][INFO] iteration      788/    1000 | consumed samples:         6304 | elapsed time per iteration (ms): 803.2 | throughput (samples/sec/per_device): 1.245 | learning rate: 1.952985E-09 | global batch size:     8 | loss video: 9.250900E-01 | loss action: 8.556111E-01 | loss scale: 1.0 | grad norm: 9.937500 | number of skipped iterations:   0 | number of nan iterations:   0 |
[2026-08-28 17:54:44][INFO] iteration      789/    1000 | consumed samples:         6312 | elapsed time per iteration (ms): 1189.3 | throughput (samples/sec/per_device): 0.841 | learning rate: 1.944302E-09 | global batch size:     8 | loss video: 2.615539E-01 | loss action: 8.485710E-01 | loss scale: 1.0 | grad norm: 5.531250 | number of skipped iterations:   0 | number of nan iterations:   0 |
[2026-08-28 17:54:45][INFO] iteration      790/    1000 | consumed samples:         6320 | elapsed time per iteration (ms): 813.9 | throughput (samples/sec/per_device): 1.229 | learning rate: 1.935655E-09 | global batch size:     8 | loss video: 8.110801E-01 | loss action: 8.353861E-01 | loss scale: 1.0 | grad norm: 12.187500 | number of skipped iterations:   0 | number of nan iterations:   0 |
[2026-08-28 17:54:45][INFO] iteration      791/    1000 | consumed samples:         6328 | elapsed time per iteration (ms): 814.6 | throughput (samples/sec/per_device): 1.228 | learning rate: 1.927043E-09 | global batch size:     8 | loss video: 3.548296E-01 | loss action: 2.310173E+00 | loss scale: 1.0 | grad norm: 15.687500 | number of skipped iterations:   0 | number of nan iterations:   0 |
[2026-08-28 17:54:46][INFO] iteration      792/    1000 | consumed samples:         6336 | elapsed time per iteration (ms): 810.1 | throughput (samples/sec/per_device): 1.234 | learning rate: 1.918466E-09 | global batch size:     8 | loss video: 6.335703E-01 | loss action: 1.256803E+00 | loss scale: 1.0 | grad norm: 12.750000 | number of skipped iterations:   0 | number of nan iterations:   0 |
[2026-08-28 17:54:47][INFO] iteration      793/    1000 | consumed samples:         6344 | elapsed time per iteration (ms): 798.8 | throughput (samples/sec/per_device): 1.252 | learning rate: 1.909925E-09 | global batch size:     8 | loss video: 3.894584E-01 | loss action: 2.111237E+00 | loss scale: 1.0 | grad norm: 18.000000 | number of skipped iterations:   0 | number of nan iterations:   0 |
[2026-08-28 17:54:48][INFO] iteration      794/    1000 | consumed samples:         6352 | elapsed time per iteration (ms): 803.9 | throughput (samples/sec/per_device): 1.244 | learning rate: 1.901419E-09 | global batch size:     8 | loss video: 9.253655E-01 | loss action: 1.192673E+00 | loss scale: 1.0 | grad norm: 14.750000 | number of skipped iterations:   0 | number of nan iterations:   0 |
[2026-08-28 17:54:49][INFO] iteration      795/    1000 | consumed samples:         6360 | elapsed time per iteration (ms): 807.2 | throughput (samples/sec/per_device): 1.239 | learning rate: 1.892949E-09 | global batch size:     8 | loss video: 7.867477E-01 | loss action: 5.586234E-01 | loss scale: 1.0 | grad norm: 13.000000 | number of skipped iterations:   0 | number of nan iterations:   0 |
[2026-08-28 17:54:49][INFO] iteration      796/    1000 | consumed samples:         6368 | elapsed time per iteration (ms): 803.7 | throughput (samples/sec/per_device): 1.244 | learning rate: 1.884514E-09 | global batch size:     8 | loss video: 8.251251E-01 | loss action: 1.757484E+00 | loss scale: 1.0 | grad norm: 15.812500 | number of skipped iterations:   0 | number of nan iterations:   0 |
[2026-08-28 17:54:50][INFO] iteration      797/    1000 | consumed samples:         6376 | elapsed time per iteration (ms): 800.7 | throughput (samples/sec/per_device): 1.249 | learning rate: 1.876115E-09 | global batch size:     8 | loss video: 2.265889E-01 | loss action: 1.232819E+00 | loss scale: 1.0 | grad norm: 8.937500 | number of skipped iterations:   0 | number of nan iterations:   0 |
[2026-08-28 17:54:51][INFO] iteration      798/    1000 | consumed samples:         6384 | elapsed time per iteration (ms): 807.2 | throughput (samples/sec/per_device): 1.239 | learning rate: 1.867751E-09 | global batch size:     8 | loss video: 2.025514E-01 | loss action: 8.739483E-01 | loss scale: 1.0 | grad norm: 8.625000 | number of skipped iterations:   0 | number of nan iterations:   0 |
[2026-08-28 17:54:52][INFO] iteration      799/    1000 | consumed samples:         6392 | elapsed time per iteration (ms): 803.8 | throughput (samples/sec/per_device): 1.244 | learning rate: 1.859424E-09 | global batch size:     8 | loss video: 8.659328E-01 | loss action: 1.858311E+00 | loss scale: 1.0 | grad norm: 16.250000 | number of skipped iterations:   0 | number of nan iterations:   0 |
[2026-08-28 17:54:53][INFO] iteration      800/    1000 | consumed samples:         6400 | elapsed time per iteration (ms): 803.0 | throughput (samples/sec/per_device): 1.245 | learning rate: 1.851132E-09 | global batch size:     8 | loss video: 9.701599E-02 | loss action: 3.820468E-01 | loss scale: 1.0 | grad norm: 3.828125 | number of skipped iterations:   0 | number of nan iterations:   0 |
[2026-08-28 17:54:53][INFO] max time across ranks (ms):
    forward-backward................................: 643.29
    forward-compute.................................: 215.76
    backward-compute................................: 280.10
    batch-generator.................................: 162.67
    nan-grad-cleanup................................: 20.32
    grad-clip.......................................: 33.73
    optimizer.......................................: 101.84
    optimizer-inner-step............................: 101.75
    optimizer-scheduler-step........................: 0.04
    optimizer-zero-grad.............................: 1.05
[2026-08-28 17:54:53][INFO] iteration      801/    1000 | consumed samples:         6408 | elapsed time per iteration (ms): 798.2 | throughput (samples/sec/per_device): 1.253 | learning rate: 1.842876E-09 | global batch size:     8 | loss video: 3.813455E-01 | loss action: 2.650950E+00 | loss scale: 1.0 | grad norm: 19.625000 | number of skipped iterations:   0 | number of nan iterations:   0 |
[2026-08-28 17:54:54][INFO] iteration      802/    1000 | consumed samples:         6416 | elapsed time per iteration (ms): 837.0 | throughput (samples/sec/per_device): 1.195 | learning rate: 1.834657E-09 | global batch size:     8 | loss video: 7.808326E-01 | loss action: 6.265744E-01 | loss scale: 1.0 | grad norm: 10.875000 | number of skipped iterations:   0 | number of nan iterations:   0 |
[2026-08-28 17:54:55][INFO] iteration      803/    1000 | consumed samples:         6424 | elapsed time per iteration (ms): 847.6 | throughput (samples/sec/per_device): 1.180 | learning rate: 1.826473E-09 | global batch size:     8 | loss video: 9.280860E-01 | loss action: 7.391854E-01 | loss scale: 1.0 | grad norm: 10.750000 | number of skipped iterations:   0 | number of nan iterations:   0 |
[2026-08-28 17:54:56][INFO] iteration      804/    1000 | consumed samples:         6432 | elapsed time per iteration (ms): 815.8 | throughput (samples/sec/per_device): 1.226 | learning rate: 1.818326E-09 | global batch size:     8 | loss video: 4.708331E-01 | loss action: 2.360874E+00 | loss scale: 1.0 | grad norm: 17.625000 | number of skipped iterations:   0 | number of nan iterations:   0 |
[2026-08-28 17:54:57][INFO] iteration      805/    1000 | consumed samples:         6440 | elapsed time per iteration (ms): 812.9 | throughput (samples/sec/per_device): 1.230 | learning rate: 1.810216E-09 | global batch size:     8 | loss video: 9.035321E-01 | loss action: 2.256691E+00 | loss scale: 1.0 | grad norm: 18.375000 | number of skipped iterations:   0 | number of nan iterations:   0 |
[2026-08-28 17:54:58][INFO] iteration      806/    1000 | consumed samples:         6448 | elapsed time per iteration (ms): 805.4 | throughput (samples/sec/per_device): 1.242 | learning rate: 1.802141E-09 | global batch size:     8 | loss video: 6.923091E-01 | loss action: 2.125892E-01 | loss scale: 1.0 | grad norm: 2.906250 | number of skipped iterations:   0 | number of nan iterations:   0 |
[2026-08-28 17:54:58][INFO] iteration      807/    1000 | consumed samples:         6456 | elapsed time per iteration (ms): 798.4 | throughput (samples/sec/per_device): 1.252 | learning rate: 1.794103E-09 | global batch size:     8 | loss video: 6.326475E-01 | loss action: 3.302672E-01 | loss scale: 1.0 | grad norm: 9.250000 | number of skipped iterations:   0 | number of nan iterations:   0 |
[2026-08-28 17:54:59][INFO] iteration      808/    1000 | consumed samples:         6464 | elapsed time per iteration (ms): 801.7 | throughput (samples/sec/per_device): 1.247 | learning rate: 1.786102E-09 | global batch size:     8 | loss video: 5.175956E-01 | loss action: 2.397218E+00 | loss scale: 1.0 | grad norm: 14.750000 | number of skipped iterations:   0 | number of nan iterations:   0 |
[2026-08-28 17:55:00][INFO] iteration      809/    1000 | consumed samples:         6472 | elapsed time per iteration (ms): 796.2 | throughput (samples/sec/per_device): 1.256 | learning rate: 1.778137E-09 | global batch size:     8 | loss video: 7.980730E-01 | loss action: 2.469632E+00 | loss scale: 1.0 | grad norm: 20.125000 | number of skipped iterations:   0 | number of nan iterations:   0 |
[2026-08-28 17:55:01][INFO] iteration      810/    1000 | consumed samples:         6480 | elapsed time per iteration (ms): 797.9 | throughput (samples/sec/per_device): 1.253 | learning rate: 1.770210E-09 | global batch size:     8 | loss video: 9.009910E-01 | loss action: 8.774306E-01 | loss scale: 1.0 | grad norm: 12.187500 | number of skipped iterations:   0 | number of nan iterations:   0 |
[2026-08-28 17:55:02][INFO] iteration      811/    1000 | consumed samples:         6488 | elapsed time per iteration (ms): 802.3 | throughput (samples/sec/per_device): 1.246 | learning rate: 1.762318E-09 | global batch size:     8 | loss video: 6.645121E-01 | loss action: 1.855404E+00 | loss scale: 1.0 | grad norm: 13.562500 | number of skipped iterations:   0 | number of nan iterations:   0 |
[2026-08-28 17:55:02][INFO] iteration      812/    1000 | consumed samples:         6496 | elapsed time per iteration (ms): 816.2 | throughput (samples/sec/per_device): 1.225 | learning rate: 1.754464E-09 | global batch size:     8 | loss video: 2.905473E-01 | loss action: 8.617544E-01 | loss scale: 1.0 | grad norm: 9.187500 | number of skipped iterations:   0 | number of nan iterations:   0 |
[2026-08-28 17:55:03][INFO] iteration      813/    1000 | consumed samples:         6504 | elapsed time per iteration (ms): 818.7 | throughput (samples/sec/per_device): 1.221 | learning rate: 1.746647E-09 | global batch size:     8 | loss video: 9.219905E-01 | loss action: 3.009862E+00 | loss scale: 1.0 | grad norm: 22.500000 | number of skipped iterations:   0 | number of nan iterations:   0 |
[2026-08-28 17:55:04][INFO] iteration      814/    1000 | consumed samples:         6512 | elapsed time per iteration (ms): 804.3 | throughput (samples/sec/per_device): 1.243 | learning rate: 1.738867E-09 | global batch size:     8 | loss video: 1.317261E-02 | loss action: 1.438611E+00 | loss scale: 1.0 | grad norm: 8.875000 | number of skipped iterations:   0 | number of nan iterations:   0 |
[2026-08-28 17:55:05][INFO] iteration      815/    1000 | consumed samples:         6520 | elapsed time per iteration (ms): 802.5 | throughput (samples/sec/per_device): 1.246 | learning rate: 1.731124E-09 | global batch size:     8 | loss video: 2.528752E-01 | loss action: 2.881592E+00 | loss scale: 1.0 | grad norm: 15.250000 | number of skipped iterations:   0 | number of nan iterations:   0 |
[2026-08-28 17:55:06][INFO] iteration      816/    1000 | consumed samples:         6528 | elapsed time per iteration (ms): 798.5 | throughput (samples/sec/per_device): 1.252 | learning rate: 1.723418E-09 | global batch size:     8 | loss video: 6.046861E-01 | loss action: 7.168598E-01 | loss scale: 1.0 | grad norm: 12.625000 | number of skipped iterations:   0 | number of nan iterations:   0 |
[2026-08-28 17:55:06][INFO] iteration      817/    1000 | consumed samples:         6536 | elapsed time per iteration (ms): 808.9 | throughput (samples/sec/per_device): 1.236 | learning rate: 1.715749E-09 | global batch size:     8 | loss video: 5.333248E-01 | loss action: 5.563730E-01 | loss scale: 1.0 | grad norm: 10.062500 | number of skipped iterations:   0 | number of nan iterations:   0 |
[2026-08-28 17:55:07][INFO] iteration      818/    1000 | consumed samples:         6544 | elapsed time per iteration (ms): 805.5 | throughput (samples/sec/per_device): 1.242 | learning rate: 1.708118E-09 | global batch size:     8 | loss video: 9.125260E-01 | loss action: 2.543762E+00 | loss scale: 1.0 | grad norm: 18.000000 | number of skipped iterations:   0 | number of nan iterations:   0 |
[2026-08-28 17:55:08][INFO] iteration      819/    1000 | consumed samples:         6552 | elapsed time per iteration (ms): 807.0 | throughput (samples/sec/per_device): 1.239 | learning rate: 1.700524E-09 | global batch size:     8 | loss video: 4.392884E-01 | loss action: 7.189361E-01 | loss scale: 1.0 | grad norm: 9.812500 | number of skipped iterations:   0 | number of nan iterations:   0 |
[2026-08-28 17:55:09][INFO] iteration      820/    1000 | consumed samples:         6560 | elapsed time per iteration (ms): 1171.7 | throughput (samples/sec/per_device): 0.853 | learning rate: 1.692968E-09 | global batch size:     8 | loss video: 4.066932E-01 | loss action: 7.011459E-01 | loss scale: 1.0 | grad norm: 7.468750 | number of skipped iterations:   0 | number of nan iterations:   0 |
[2026-08-28 17:55:09][INFO] max time across ranks (ms):
    forward-backward................................: 646.80
    forward-compute.................................: 215.93
    backward-compute................................: 280.16
    batch-generator.................................: 159.90
    nan-grad-cleanup................................: 20.31
    grad-clip.......................................: 398.87
    optimizer.......................................: 468.13
    optimizer-inner-step............................: 467.99
    optimizer-scheduler-step........................: 0.06
    optimizer-zero-grad.............................: 1.01
[2026-08-28 17:55:10][INFO] iteration      821/    1000 | consumed samples:         6568 | elapsed time per iteration (ms): 833.7 | throughput (samples/sec/per_device): 1.199 | learning rate: 1.685449E-09 | global batch size:     8 | loss video: 8.332928E-01 | loss action: 2.560024E+00 | loss scale: 1.0 | grad norm: 16.125000 | number of skipped iterations:   0 | number of nan iterations:   0 |
[2026-08-28 17:55:11][INFO] iteration      822/    1000 | consumed samples:         6576 | elapsed time per iteration (ms): 808.1 | throughput (samples/sec/per_device): 1.237 | learning rate: 1.677968E-09 | global batch size:     8 | loss video: 2.847357E-01 | loss action: 1.262662E+00 | loss scale: 1.0 | grad norm: 12.750000 | number of skipped iterations:   0 | number of nan iterations:   0 |
[2026-08-28 17:55:12][INFO] iteration      823/    1000 | consumed samples:         6584 | elapsed time per iteration (ms): 845.1 | throughput (samples/sec/per_device): 1.183 | learning rate: 1.670525E-09 | global batch size:     8 | loss video: 1.721109E-01 | loss action: 2.645753E+00 | loss scale: 1.0 | grad norm: 18.500000 | number of skipped iterations:   0 | number of nan iterations:   0 |
[2026-08-28 17:55:13][INFO] iteration      824/    1000 | consumed samples:         6592 | elapsed time per iteration (ms): 828.6 | throughput (samples/sec/per_device): 1.207 | learning rate: 1.663119E-09 | global batch size:     8 | loss video: 9.093004E-01 | loss action: 1.936793E+00 | loss scale: 1.0 | grad norm: 13.187500 | number of skipped iterations:   0 | number of nan iterations:   0 |
[2026-08-28 17:55:13][INFO] iteration      825/    1000 | consumed samples:         6600 | elapsed time per iteration (ms): 844.1 | throughput (samples/sec/per_device): 1.185 | learning rate: 1.655752E-09 | global batch size:     8 | loss video: 2.417723E-01 | loss action: 6.025414E-01 | loss scale: 1.0 | grad norm: 6.718750 | number of skipped iterations:   0 | number of nan iterations:   0 |
[2026-08-28 17:55:14][INFO] iteration      826/    1000 | consumed samples:         6608 | elapsed time per iteration (ms): 798.0 | throughput (samples/sec/per_device): 1.253 | learning rate: 1.648422E-09 | global batch size:     8 | loss video: 8.605828E-01 | loss action: 1.386223E+00 | loss scale: 1.0 | grad norm: 14.937500 | number of skipped iterations:   0 | number of nan iterations:   0 |
[2026-08-28 17:55:15][INFO] iteration      827/    1000 | consumed samples:         6616 | elapsed time per iteration (ms): 1161.7 | throughput (samples/sec/per_device): 0.861 | learning rate: 1.641130E-09 | global batch size:     8 | loss video: 3.570942E-01 | loss action: 4.065001E-01 | loss scale: 1.0 | grad norm: 6.406250 | number of skipped iterations:   0 | number of nan iterations:   0 |
[2026-08-28 17:55:16][INFO] iteration      828/    1000 | consumed samples:         6624 | elapsed time per iteration (ms): 806.8 | throughput (samples/sec/per_device): 1.239 | learning rate: 1.633876E-09 | global batch size:     8 | loss video: 7.983606E-01 | loss action: 3.950082E-01 | loss scale: 1.0 | grad norm: 4.281250 | number of skipped iterations:   0 | number of nan iterations:   0 |
[2026-08-28 17:55:17][INFO] iteration      829/    1000 | consumed samples:         6632 | elapsed time per iteration (ms): 818.2 | throughput (samples/sec/per_device): 1.222 | learning rate: 1.626661E-09 | global batch size:     8 | loss video: 3.554077E-02 | loss action: 1.236423E+00 | loss scale: 1.0 | grad norm: 9.312500 | number of skipped iterations:   0 | number of nan iterations:   0 |
[2026-08-28 17:55:18][INFO] iteration      830/    1000 | consumed samples:         6640 | elapsed time per iteration (ms): 803.7 | throughput (samples/sec/per_device): 1.244 | learning rate: 1.619484E-09 | global batch size:     8 | loss video: 6.306773E-01 | loss action: 9.217866E-02 | loss scale: 1.0 | grad norm: 8.625000 | number of skipped iterations:   0 | number of nan iterations:   0 |
[2026-08-28 17:55:19][INFO] iteration      831/    1000 | consumed samples:         6648 | elapsed time per iteration (ms): 817.4 | throughput (samples/sec/per_device): 1.223 | learning rate: 1.612345E-09 | global batch size:     8 | loss video: 1.204749E-02 | loss action: 1.901773E-01 | loss scale: 1.0 | grad norm: 1.406250 | number of skipped iterations:   0 | number of nan iterations:   0 |
[2026-08-28 17:55:19][INFO] iteration      832/    1000 | consumed samples:         6656 | elapsed time per iteration (ms): 806.7 | throughput (samples/sec/per_device): 1.240 | learning rate: 1.605244E-09 | global batch size:     8 | loss video: 2.337169E-01 | loss action: 2.048840E-01 | loss scale: 1.0 | grad norm: 3.593750 | number of skipped iterations:   0 | number of nan iterations:   0 |
[2026-08-28 17:55:20][INFO] iteration      833/    1000 | consumed samples:         6664 | elapsed time per iteration (ms): 806.9 | throughput (samples/sec/per_device): 1.239 | learning rate: 1.598182E-09 | global batch size:     8 | loss video: 9.322561E-01 | loss action: 2.462002E+00 | loss scale: 1.0 | grad norm: 15.750000 | number of skipped iterations:   0 | number of nan iterations:   0 |
[2026-08-28 17:55:21][INFO] iteration      834/    1000 | consumed samples:         6672 | elapsed time per iteration (ms): 799.0 | throughput (samples/sec/per_device): 1.252 | learning rate: 1.591158E-09 | global batch size:     8 | loss video: 7.462120E-01 | loss action: 2.885960E-01 | loss scale: 1.0 | grad norm: 3.734375 | number of skipped iterations:   0 | number of nan iterations:   0 |
[2026-08-28 17:55:22][INFO] iteration      835/    1000 | consumed samples:         6680 | elapsed time per iteration (ms): 809.1 | throughput (samples/sec/per_device): 1.236 | learning rate: 1.584173E-09 | global batch size:     8 | loss video: 8.581504E-01 | loss action: 4.596800E-01 | loss scale: 1.0 | grad norm: 11.250000 | number of skipped iterations:   0 | number of nan iterations:   0 |
[2026-08-28 17:55:23][INFO] iteration      836/    1000 | consumed samples:         6688 | elapsed time per iteration (ms): 805.8 | throughput (samples/sec/per_device): 1.241 | learning rate: 1.577227E-09 | global batch size:     8 | loss video: 2.447304E-01 | loss action: 1.206088E+00 | loss scale: 1.0 | grad norm: 9.812500 | number of skipped iterations:   0 | number of nan iterations:   0 |
[2026-08-28 17:55:23][INFO] iteration      837/    1000 | consumed samples:         6696 | elapsed time per iteration (ms): 806.8 | throughput (samples/sec/per_device): 1.239 | learning rate: 1.570319E-09 | global batch size:     8 | loss video: 8.788123E-01 | loss action: 2.564212E+00 | loss scale: 1.0 | grad norm: 20.875000 | number of skipped iterations:   0 | number of nan iterations:   0 |
[2026-08-28 17:55:24][INFO] iteration      838/    1000 | consumed samples:         6704 | elapsed time per iteration (ms): 815.6 | throughput (samples/sec/per_device): 1.226 | learning rate: 1.563450E-09 | global batch size:     8 | loss video: 7.616550E-02 | loss action: 7.730443E-01 | loss scale: 1.0 | grad norm: 5.968750 | number of skipped iterations:   0 | number of nan iterations:   0 |
[2026-08-28 17:55:25][INFO] iteration      839/    1000 | consumed samples:         6712 | elapsed time per iteration (ms): 803.3 | throughput (samples/sec/per_device): 1.245 | learning rate: 1.556620E-09 | global batch size:     8 | loss video: 8.354808E-01 | loss action: 1.835970E+00 | loss scale: 1.0 | grad norm: 15.000000 | number of skipped iterations:   0 | number of nan iterations:   0 |
[2026-08-28 17:55:26][INFO] iteration      840/    1000 | consumed samples:         6720 | elapsed time per iteration (ms): 805.3 | throughput (samples/sec/per_device): 1.242 | learning rate: 1.549829E-09 | global batch size:     8 | loss video: 3.485057E-01 | loss action: 2.436718E+00 | loss scale: 1.0 | grad norm: 25.625000 | number of skipped iterations:   0 | number of nan iterations:   0 |
[2026-08-28 17:55:26][INFO] max time across ranks (ms):
    forward-backward................................: 645.79
    forward-compute.................................: 214.02
    backward-compute................................: 281.62
    batch-generator.................................: 159.25
    nan-grad-cleanup................................: 20.35
    grad-clip.......................................: 33.59
    optimizer.......................................: 102.80
    optimizer-inner-step............................: 102.71
    optimizer-scheduler-step........................: 0.04
    optimizer-zero-grad.............................: 0.61
[2026-08-28 17:55:27][INFO] iteration      841/    1000 | consumed samples:         6728 | elapsed time per iteration (ms): 808.7 | throughput (samples/sec/per_device): 1.237 | learning rate: 1.543077E-09 | global batch size:     8 | loss video: 7.330036E-01 | loss action: 7.030953E-02 | loss scale: 1.0 | grad norm: 2.843750 | number of skipped iterations:   0 | number of nan iterations:   0 |
[2026-08-28 17:55:28][INFO] iteration      842/    1000 | consumed samples:         6736 | elapsed time per iteration (ms): 804.1 | throughput (samples/sec/per_device): 1.244 | learning rate: 1.536363E-09 | global batch size:     8 | loss video: 6.760755E-01 | loss action: 0.000000E+00 | loss scale: 1.0 | grad norm: 9.000000 | number of skipped iterations:   0 | number of nan iterations:   0 |
[2026-08-28 17:55:28][INFO] iteration      843/    1000 | consumed samples:         6744 | elapsed time per iteration (ms): 798.6 | throughput (samples/sec/per_device): 1.252 | learning rate: 1.529689E-09 | global batch size:     8 | loss video: 7.092913E-01 | loss action: 1.608629E+00 | loss scale: 1.0 | grad norm: 12.125000 | number of skipped iterations:   0 | number of nan iterations:   0 |
[2026-08-28 17:55:29][INFO] iteration      844/    1000 | consumed samples:         6752 | elapsed time per iteration (ms): 796.0 | throughput (samples/sec/per_device): 1.256 | learning rate: 1.523055E-09 | global batch size:     8 | loss video: 7.914059E-01 | loss action: 4.311869E-01 | loss scale: 1.0 | grad norm: 11.375000 | number of skipped iterations:   0 | number of nan iterations:   0 |
[2026-08-28 17:55:30][INFO] iteration      845/    1000 | consumed samples:         6760 | elapsed time per iteration (ms): 792.8 | throughput (samples/sec/per_device): 1.261 | learning rate: 1.516459E-09 | global batch size:     8 | loss video: 9.640764E-01 | loss action: 2.373075E+00 | loss scale: 1.0 | grad norm: 16.625000 | number of skipped iterations:   0 | number of nan iterations:   0 |
[2026-08-28 17:55:31][INFO] iteration      846/    1000 | consumed samples:         6768 | elapsed time per iteration (ms): 804.5 | throughput (samples/sec/per_device): 1.243 | learning rate: 1.509903E-09 | global batch size:     8 | loss video: 8.490253E-01 | loss action: 6.785268E-01 | loss scale: 1.0 | grad norm: 11.625000 | number of skipped iterations:   0 | number of nan iterations:   0 |
[2026-08-28 17:55:32][INFO] iteration      847/    1000 | consumed samples:         6776 | elapsed time per iteration (ms): 815.0 | throughput (samples/sec/per_device): 1.227 | learning rate: 1.503386E-09 | global batch size:     8 | loss video: 9.324183E-01 | loss action: 1.966195E+00 | loss scale: 1.0 | grad norm: 14.812500 | number of skipped iterations:   0 | number of nan iterations:   0 |
[2026-08-28 17:55:32][INFO] iteration      848/    1000 | consumed samples:         6784 | elapsed time per iteration (ms): 813.2 | throughput (samples/sec/per_device): 1.230 | learning rate: 1.496909E-09 | global batch size:     8 | loss video: 8.985364E-01 | loss action: 2.429055E+00 | loss scale: 1.0 | grad norm: 13.187500 | number of skipped iterations:   0 | number of nan iterations:   0 |
[2026-08-28 17:55:33][INFO] iteration      849/    1000 | consumed samples:         6792 | elapsed time per iteration (ms): 804.3 | throughput (samples/sec/per_device): 1.243 | learning rate: 1.490471E-09 | global batch size:     8 | loss video: 8.766258E-01 | loss action: 2.490311E+00 | loss scale: 1.0 | grad norm: 20.625000 | number of skipped iterations:   0 | number of nan iterations:   0 |
[2026-08-28 17:55:34][INFO] iteration      850/    1000 | consumed samples:         6800 | elapsed time per iteration (ms): 803.7 | throughput (samples/sec/per_device): 1.244 | learning rate: 1.484072E-09 | global batch size:     8 | loss video: 8.880572E-01 | loss action: 3.111076E-02 | loss scale: 1.0 | grad norm: 10.937500 | number of skipped iterations:   0 | number of nan iterations:   0 |
[2026-08-28 17:55:35][INFO] iteration      851/    1000 | consumed samples:         6808 | elapsed time per iteration (ms): 794.4 | throughput (samples/sec/per_device): 1.259 | learning rate: 1.477714E-09 | global batch size:     8 | loss video: 4.550045E-01 | loss action: 8.574747E-01 | loss scale: 1.0 | grad norm: 8.562500 | number of skipped iterations:   0 | number of nan iterations:   0 |
[2026-08-28 17:55:36][INFO] iteration      852/    1000 | consumed samples:         6816 | elapsed time per iteration (ms): 835.2 | throughput (samples/sec/per_device): 1.197 | learning rate: 1.471395E-09 | global batch size:     8 | loss video: 8.947367E-01 | loss action: 3.514712E-01 | loss scale: 1.0 | grad norm: 9.875000 | number of skipped iterations:   0 | number of nan iterations:   0 |
[2026-08-28 17:55:36][INFO] iteration      853/    1000 | consumed samples:         6824 | elapsed time per iteration (ms): 800.9 | throughput (samples/sec/per_device): 1.249 | learning rate: 1.465115E-09 | global batch size:     8 | loss video: 3.300714E-01 | loss action: 1.076026E+00 | loss scale: 1.0 | grad norm: 8.750000 | number of skipped iterations:   0 | number of nan iterations:   0 |
[2026-08-28 17:55:37][INFO] iteration      854/    1000 | consumed samples:         6832 | elapsed time per iteration (ms): 801.2 | throughput (samples/sec/per_device): 1.248 | learning rate: 1.458876E-09 | global batch size:     8 | loss video: 1.311994E-01 | loss action: 1.870025E+00 | loss scale: 1.0 | grad norm: 11.937500 | number of skipped iterations:   0 | number of nan iterations:   0 |
[2026-08-28 17:55:38][INFO] iteration      855/    1000 | consumed samples:         6840 | elapsed time per iteration (ms): 803.3 | throughput (samples/sec/per_device): 1.245 | learning rate: 1.452676E-09 | global batch size:     8 | loss video: 6.867219E-01 | loss action: 5.729142E-01 | loss scale: 1.0 | grad norm: 10.812500 | number of skipped iterations:   0 | number of nan iterations:   0 |
[2026-08-28 17:55:39][INFO] iteration      856/    1000 | consumed samples:         6848 | elapsed time per iteration (ms): 794.8 | throughput (samples/sec/per_device): 1.258 | learning rate: 1.446517E-09 | global batch size:     8 | loss video: 0.000000E+00 | loss action: 2.029234E+00 | loss scale: 1.0 | grad norm: 16.750000 | number of skipped iterations:   0 | number of nan iterations:   0 |
[2026-08-28 17:55:40][INFO] iteration      857/    1000 | consumed samples:         6856 | elapsed time per iteration (ms): 793.9 | throughput (samples/sec/per_device): 1.260 | learning rate: 1.440397E-09 | global batch size:     8 | loss video: 8.123954E-01 | loss action: 9.451748E-01 | loss scale: 1.0 | grad norm: 9.125000 | number of skipped iterations:   0 | number of nan iterations:   0 |
[2026-08-28 17:55:40][INFO] iteration      858/    1000 | consumed samples:         6864 | elapsed time per iteration (ms): 811.8 | throughput (samples/sec/per_device): 1.232 | learning rate: 1.434318E-09 | global batch size:     8 | loss video: 8.742421E-01 | loss action: 1.296454E+00 | loss scale: 1.0 | grad norm: 12.937500 | number of skipped iterations:   0 | number of nan iterations:   0 |
[2026-08-28 17:55:41][INFO] iteration      859/    1000 | consumed samples:         6872 | elapsed time per iteration (ms): 806.9 | throughput (samples/sec/per_device): 1.239 | learning rate: 1.428278E-09 | global batch size:     8 | loss video: 8.733244E-01 | loss action: 1.264425E+00 | loss scale: 1.0 | grad norm: 12.687500 | number of skipped iterations:   0 | number of nan iterations:   0 |
[2026-08-28 17:55:42][INFO] iteration      860/    1000 | consumed samples:         6880 | elapsed time per iteration (ms): 817.6 | throughput (samples/sec/per_device): 1.223 | learning rate: 1.422279E-09 | global batch size:     8 | loss video: 9.171008E-01 | loss action: 2.461295E+00 | loss scale: 1.0 | grad norm: 19.625000 | number of skipped iterations:   0 | number of nan iterations:   0 |
[2026-08-28 17:55:42][INFO] max time across ranks (ms):
    forward-backward................................: 656.99
    forward-compute.................................: 216.96
    backward-compute................................: 288.72
    batch-generator.................................: 168.85
    nan-grad-cleanup................................: 20.34
    grad-clip.......................................: 34.00
    optimizer.......................................: 102.41
    optimizer-inner-step............................: 102.30
    optimizer-scheduler-step........................: 0.05
    optimizer-zero-grad.............................: 1.05
[2026-08-28 17:55:43][INFO] iteration      861/    1000 | consumed samples:         6888 | elapsed time per iteration (ms): 1173.3 | throughput (samples/sec/per_device): 0.852 | learning rate: 1.416320E-09 | global batch size:     8 | loss video: 7.183033E-01 | loss action: 2.652562E+00 | loss scale: 1.0 | grad norm: 18.125000 | number of skipped iterations:   0 | number of nan iterations:   0 |
[2026-08-28 17:55:44][INFO] iteration      862/    1000 | consumed samples:         6896 | elapsed time per iteration (ms): 817.7 | throughput (samples/sec/per_device): 1.223 | learning rate: 1.410401E-09 | global batch size:     8 | loss video: 0.000000E+00 | loss action: 1.451480E-01 | loss scale: 1.0 | grad norm: 0.812500 | number of skipped iterations:   0 | number of nan iterations:   0 |
[2026-08-28 17:55:45][INFO] iteration      863/    1000 | consumed samples:         6904 | elapsed time per iteration (ms): 809.0 | throughput (samples/sec/per_device): 1.236 | learning rate: 1.404523E-09 | global batch size:     8 | loss video: 5.757834E-02 | loss action: 1.912725E+00 | loss scale: 1.0 | grad norm: 14.562500 | number of skipped iterations:   0 | number of nan iterations:   0 |
[2026-08-28 17:55:46][INFO] iteration      864/    1000 | consumed samples:         6912 | elapsed time per iteration (ms): 809.8 | throughput (samples/sec/per_device): 1.235 | learning rate: 1.398685E-09 | global batch size:     8 | loss video: 8.936595E-01 | loss action: 3.078142E+00 | loss scale: 1.0 | grad norm: 22.500000 | number of skipped iterations:   0 | number of nan iterations:   0 |
[2026-08-28 17:55:46][INFO] iteration      865/    1000 | consumed samples:         6920 | elapsed time per iteration (ms): 806.1 | throughput (samples/sec/per_device): 1.241 | learning rate: 1.392888E-09 | global batch size:     8 | loss video: 6.435639E-01 | loss action: 1.448417E+00 | loss scale: 1.0 | grad norm: 12.250000 | number of skipped iterations:   0 | number of nan iterations:   0 |
[2026-08-28 17:55:47][INFO] iteration      866/    1000 | consumed samples:         6928 | elapsed time per iteration (ms): 815.1 | throughput (samples/sec/per_device): 1.227 | learning rate: 1.387131E-09 | global batch size:     8 | loss video: 8.713455E-01 | loss action: 1.241916E+00 | loss scale: 1.0 | grad norm: 13.250000 | number of skipped iterations:   0 | number of nan iterations:   0 |
[2026-08-28 17:55:48][INFO] iteration      867/    1000 | consumed samples:         6936 | elapsed time per iteration (ms): 802.3 | throughput (samples/sec/per_device): 1.246 | learning rate: 1.381415E-09 | global batch size:     8 | loss video: 6.114190E-01 | loss action: 2.290661E+00 | loss scale: 1.0 | grad norm: 13.750000 | number of skipped iterations:   0 | number of nan iterations:   0 |
[2026-08-28 17:55:49][INFO] iteration      868/    1000 | consumed samples:         6944 | elapsed time per iteration (ms): 805.6 | throughput (samples/sec/per_device): 1.241 | learning rate: 1.375739E-09 | global batch size:     8 | loss video: 8.383201E-01 | loss action: 5.856443E-01 | loss scale: 1.0 | grad norm: 9.250000 | number of skipped iterations:   0 | number of nan iterations:   0 |
[2026-08-28 17:55:50][INFO] iteration      869/    1000 | consumed samples:         6952 | elapsed time per iteration (ms): 806.3 | throughput (samples/sec/per_device): 1.240 | learning rate: 1.370104E-09 | global batch size:     8 | loss video: 8.458200E-01 | loss action: 3.639269E-01 | loss scale: 1.0 | grad norm: 9.625000 | number of skipped iterations:   0 | number of nan iterations:   0 |
[2026-08-28 17:55:50][INFO] iteration      870/    1000 | consumed samples:         6960 | elapsed time per iteration (ms): 820.5 | throughput (samples/sec/per_device): 1.219 | learning rate: 1.364510E-09 | global batch size:     8 | loss video: 1.001345E+00 | loss action: 9.601759E-01 | loss scale: 1.0 | grad norm: 12.625000 | number of skipped iterations:   0 | number of nan iterations:   0 |
[2026-08-28 17:55:51][INFO] iteration      871/    1000 | consumed samples:         6968 | elapsed time per iteration (ms): 803.9 | throughput (samples/sec/per_device): 1.244 | learning rate: 1.358957E-09 | global batch size:     8 | loss video: 8.598482E-01 | loss action: 2.231652E-01 | loss scale: 1.0 | grad norm: 5.656250 | number of skipped iterations:   0 | number of nan iterations:   0 |
[2026-08-28 17:55:52][INFO] iteration      872/    1000 | consumed samples:         6976 | elapsed time per iteration (ms): 820.9 | throughput (samples/sec/per_device): 1.218 | learning rate: 1.353444E-09 | global batch size:     8 | loss video: 2.271650E-01 | loss action: 7.102971E-01 | loss scale: 1.0 | grad norm: 7.062500 | number of skipped iterations:   0 | number of nan iterations:   0 |
[2026-08-28 17:55:53][INFO] iteration      873/    1000 | consumed samples:         6984 | elapsed time per iteration (ms): 801.1 | throughput (samples/sec/per_device): 1.248 | learning rate: 1.347973E-09 | global batch size:     8 | loss video: 9.475186E-01 | loss action: 7.693049E-01 | loss scale: 1.0 | grad norm: 11.562500 | number of skipped iterations:   0 | number of nan iterations:   0 |
[2026-08-28 17:55:54][INFO] iteration      874/    1000 | consumed samples:         6992 | elapsed time per iteration (ms): 808.2 | throughput (samples/sec/per_device): 1.237 | learning rate: 1.342542E-09 | global batch size:     8 | loss video: 8.622082E-01 | loss action: 2.844098E-01 | loss scale: 1.0 | grad norm: 6.250000 | number of skipped iterations:   0 | number of nan iterations:   0 |
[2026-08-28 17:55:55][INFO] iteration      875/    1000 | consumed samples:         7000 | elapsed time per iteration (ms): 814.2 | throughput (samples/sec/per_device): 1.228 | learning rate: 1.337153E-09 | global batch size:     8 | loss video: 8.285035E-01 | loss action: 1.528529E+00 | loss scale: 1.0 | grad norm: 13.187500 | number of skipped iterations:   0 | number of nan iterations:   0 |
[2026-08-28 17:55:55][INFO] iteration      876/    1000 | consumed samples:         7008 | elapsed time per iteration (ms): 808.2 | throughput (samples/sec/per_device): 1.237 | learning rate: 1.331804E-09 | global batch size:     8 | loss video: 2.930022E-01 | loss action: 2.082094E+00 | loss scale: 1.0 | grad norm: 12.750000 | number of skipped iterations:   0 | number of nan iterations:   0 |
[2026-08-28 17:55:56][INFO] iteration      877/    1000 | consumed samples:         7016 | elapsed time per iteration (ms): 803.2 | throughput (samples/sec/per_device): 1.245 | learning rate: 1.326497E-09 | global batch size:     8 | loss video: 7.412603E-01 | loss action: 1.418038E+00 | loss scale: 1.0 | grad norm: 14.062500 | number of skipped iterations:   0 | number of nan iterations:   0 |
[2026-08-28 17:55:57][INFO] iteration      878/    1000 | consumed samples:         7024 | elapsed time per iteration (ms): 809.4 | throughput (samples/sec/per_device): 1.236 | learning rate: 1.321231E-09 | global batch size:     8 | loss video: 3.046068E-01 | loss action: 2.935531E-01 | loss scale: 1.0 | grad norm: 5.125000 | number of skipped iterations:   0 | number of nan iterations:   0 |
[2026-08-28 17:55:58][INFO] iteration      879/    1000 | consumed samples:         7032 | elapsed time per iteration (ms): 804.5 | throughput (samples/sec/per_device): 1.243 | learning rate: 1.316006E-09 | global batch size:     8 | loss video: 7.785664E-01 | loss action: 4.753471E-01 | loss scale: 1.0 | grad norm: 10.750000 | number of skipped iterations:   0 | number of nan iterations:   0 |
[2026-08-28 17:55:59][INFO] iteration      880/    1000 | consumed samples:         7040 | elapsed time per iteration (ms): 804.1 | throughput (samples/sec/per_device): 1.244 | learning rate: 1.310822E-09 | global batch size:     8 | loss video: 3.343361E-01 | loss action: 1.368511E+00 | loss scale: 1.0 | grad norm: 11.312500 | number of skipped iterations:   0 | number of nan iterations:   0 |
[2026-08-28 17:55:59][INFO] max time across ranks (ms):
    forward-backward................................: 644.55
    forward-compute.................................: 217.78
    backward-compute................................: 282.37
    batch-generator.................................: 159.07
    nan-grad-cleanup................................: 20.33
    grad-clip.......................................: 33.62
    optimizer.......................................: 102.84
    optimizer-inner-step............................: 102.75
    optimizer-scheduler-step........................: 0.05
    optimizer-zero-grad.............................: 0.60
[2026-08-28 17:55:59][INFO] iteration      881/    1000 | consumed samples:         7048 | elapsed time per iteration (ms): 813.3 | throughput (samples/sec/per_device): 1.230 | learning rate: 1.305680E-09 | global batch size:     8 | loss video: 4.821524E-02 | loss action: 1.727282E+00 | loss scale: 1.0 | grad norm: 11.000000 | number of skipped iterations:   0 | number of nan iterations:   0 |
[2026-08-28 17:56:00][INFO] iteration      882/    1000 | consumed samples:         7056 | elapsed time per iteration (ms): 808.2 | throughput (samples/sec/per_device): 1.237 | learning rate: 1.300579E-09 | global batch size:     8 | loss video: 5.926949E-01 | loss action: 2.840161E+00 | loss scale: 1.0 | grad norm: 18.500000 | number of skipped iterations:   0 | number of nan iterations:   0 |
[2026-08-28 17:56:01][INFO] iteration      883/    1000 | consumed samples:         7064 | elapsed time per iteration (ms): 813.0 | throughput (samples/sec/per_device): 1.230 | learning rate: 1.295520E-09 | global batch size:     8 | loss video: 7.541287E-02 | loss action: 1.928506E-01 | loss scale: 1.0 | grad norm: 2.484375 | number of skipped iterations:   0 | number of nan iterations:   0 |
[2026-08-28 17:56:02][INFO] iteration      884/    1000 | consumed samples:         7072 | elapsed time per iteration (ms): 812.0 | throughput (samples/sec/per_device): 1.231 | learning rate: 1.290502E-09 | global batch size:     8 | loss video: 9.221750E-01 | loss action: 1.547652E-01 | loss scale: 1.0 | grad norm: 10.312500 | number of skipped iterations:   0 | number of nan iterations:   0 |
[2026-08-28 17:56:03][INFO] iteration      885/    1000 | consumed samples:         7080 | elapsed time per iteration (ms): 814.8 | throughput (samples/sec/per_device): 1.227 | learning rate: 1.285526E-09 | global batch size:     8 | loss video: 6.091091E-01 | loss action: 1.010108E+00 | loss scale: 1.0 | grad norm: 10.250000 | number of skipped iterations:   0 | number of nan iterations:   0 |
[2026-08-28 17:56:03][INFO] iteration      886/    1000 | consumed samples:         7088 | elapsed time per iteration (ms): 860.1 | throughput (samples/sec/per_device): 1.163 | learning rate: 1.280591E-09 | global batch size:     8 | loss video: 2.324909E-01 | loss action: 1.858577E+00 | loss scale: 1.0 | grad norm: 10.125000 | number of skipped iterations:   0 | number of nan iterations:   0 |
[2026-08-28 17:56:05][INFO] iteration      887/    1000 | consumed samples:         7096 | elapsed time per iteration (ms): 1177.3 | throughput (samples/sec/per_device): 0.849 | learning rate: 1.275698E-09 | global batch size:     8 | loss video: 2.855335E-02 | loss action: 1.102630E+00 | loss scale: 1.0 | grad norm: 6.718750 | number of skipped iterations:   0 | number of nan iterations:   0 |
[2026-08-28 17:56:05][INFO] iteration      888/    1000 | consumed samples:         7104 | elapsed time per iteration (ms): 801.3 | throughput (samples/sec/per_device): 1.248 | learning rate: 1.270846E-09 | global batch size:     8 | loss video: 7.002662E-01 | loss action: 2.134834E+00 | loss scale: 1.0 | grad norm: 16.875000 | number of skipped iterations:   0 | number of nan iterations:   0 |
[2026-08-28 17:56:07][INFO] iteration      889/    1000 | consumed samples:         7112 | elapsed time per iteration (ms): 1173.6 | throughput (samples/sec/per_device): 0.852 | learning rate: 1.266037E-09 | global batch size:     8 | loss video: 5.244790E-01 | loss action: 8.540635E-01 | loss scale: 1.0 | grad norm: 8.750000 | number of skipped iterations:   0 | number of nan iterations:   0 |
[2026-08-28 17:56:07][INFO] iteration      890/    1000 | consumed samples:         7120 | elapsed time per iteration (ms): 798.3 | throughput (samples/sec/per_device): 1.253 | learning rate: 1.261269E-09 | global batch size:     8 | loss video: 6.513723E-01 | loss action: 7.515106E-01 | loss scale: 1.0 | grad norm: 11.187500 | number of skipped iterations:   0 | number of nan iterations:   0 |
[2026-08-28 17:56:08][INFO] iteration      891/    1000 | consumed samples:         7128 | elapsed time per iteration (ms): 804.7 | throughput (samples/sec/per_device): 1.243 | learning rate: 1.256543E-09 | global batch size:     8 | loss video: 8.008320E-01 | loss action: 2.414866E+00 | loss scale: 1.0 | grad norm: 20.625000 | number of skipped iterations:   0 | number of nan iterations:   0 |
[2026-08-28 17:56:09][INFO] iteration      892/    1000 | consumed samples:         7136 | elapsed time per iteration (ms): 798.3 | throughput (samples/sec/per_device): 1.253 | learning rate: 1.251858E-09 | global batch size:     8 | loss video: 8.991480E-01 | loss action: 0.000000E+00 | loss scale: 1.0 | grad norm: 9.625000 | number of skipped iterations:   0 | number of nan iterations:   0 |
[2026-08-28 17:56:10][INFO] iteration      893/    1000 | consumed samples:         7144 | elapsed time per iteration (ms): 796.1 | throughput (samples/sec/per_device): 1.256 | learning rate: 1.247216E-09 | global batch size:     8 | loss video: 8.439686E-01 | loss action: 1.492980E+00 | loss scale: 1.0 | grad norm: 12.875000 | number of skipped iterations:   0 | number of nan iterations:   0 |
[2026-08-28 17:56:11][INFO] iteration      894/    1000 | consumed samples:         7152 | elapsed time per iteration (ms): 809.9 | throughput (samples/sec/per_device): 1.235 | learning rate: 1.242616E-09 | global batch size:     8 | loss video: 2.654618E-01 | loss action: 1.632658E+00 | loss scale: 1.0 | grad norm: 12.062500 | number of skipped iterations:   0 | number of nan iterations:   0 |
[2026-08-28 17:56:11][INFO] iteration      895/    1000 | consumed samples:         7160 | elapsed time per iteration (ms): 817.9 | throughput (samples/sec/per_device): 1.223 | learning rate: 1.238058E-09 | global batch size:     8 | loss video: 6.404007E-02 | loss action: 2.550126E+00 | loss scale: 1.0 | grad norm: 17.250000 | number of skipped iterations:   0 | number of nan iterations:   0 |
[2026-08-28 17:56:12][INFO] iteration      896/    1000 | consumed samples:         7168 | elapsed time per iteration (ms): 834.9 | throughput (samples/sec/per_device): 1.198 | learning rate: 1.233541E-09 | global batch size:     8 | loss video: 4.629564E-01 | loss action: 1.265004E-01 | loss scale: 1.0 | grad norm: 9.875000 | number of skipped iterations:   0 | number of nan iterations:   0 |
[2026-08-28 17:56:13][INFO] iteration      897/    1000 | consumed samples:         7176 | elapsed time per iteration (ms): 805.6 | throughput (samples/sec/per_device): 1.241 | learning rate: 1.229067E-09 | global batch size:     8 | loss video: 2.191221E-01 | loss action: 6.344346E-01 | loss scale: 1.0 | grad norm: 5.656250 | number of skipped iterations:   0 | number of nan iterations:   0 |
[2026-08-28 17:56:14][INFO] iteration      898/    1000 | consumed samples:         7184 | elapsed time per iteration (ms): 801.8 | throughput (samples/sec/per_device): 1.247 | learning rate: 1.224635E-09 | global batch size:     8 | loss video: 3.943244E-01 | loss action: 1.691394E+00 | loss scale: 1.0 | grad norm: 13.437500 | number of skipped iterations:   0 | number of nan iterations:   0 |
[2026-08-28 17:56:15][INFO] iteration      899/    1000 | consumed samples:         7192 | elapsed time per iteration (ms): 815.4 | throughput (samples/sec/per_device): 1.226 | learning rate: 1.220246E-09 | global batch size:     8 | loss video: 8.448004E-01 | loss action: 6.561623E-01 | loss scale: 1.0 | grad norm: 7.375000 | number of skipped iterations:   0 | number of nan iterations:   0 |
[2026-08-28 17:56:16][INFO] iteration      900/    1000 | consumed samples:         7200 | elapsed time per iteration (ms): 1167.6 | throughput (samples/sec/per_device): 0.856 | learning rate: 1.215898E-09 | global batch size:     8 | loss video: 4.265794E-01 | loss action: 1.823189E+00 | loss scale: 1.0 | grad norm: 16.000000 | number of skipped iterations:   0 | number of nan iterations:   0 |
[2026-08-28 17:56:16][INFO] max time across ranks (ms):
    forward-backward................................: 1008.15
    forward-compute.................................: 591.18
    backward-compute................................: 639.35
    batch-generator.................................: 164.10
    nan-grad-cleanup................................: 20.31
    grad-clip.......................................: 33.70
    optimizer.......................................: 102.86
    optimizer-inner-step............................: 102.78
    optimizer-scheduler-step........................: 0.04
    optimizer-zero-grad.............................: 0.62
[2026-08-28 17:56:17][INFO] iteration      901/    1000 | consumed samples:         7208 | elapsed time per iteration (ms): 804.2 | throughput (samples/sec/per_device): 1.243 | learning rate: 1.211593E-09 | global batch size:     8 | loss video: 8.803362E-01 | loss action: 1.006435E+00 | loss scale: 1.0 | grad norm: 8.375000 | number of skipped iterations:   0 | number of nan iterations:   0 |
[2026-08-28 17:56:17][INFO] iteration      902/    1000 | consumed samples:         7216 | elapsed time per iteration (ms): 805.0 | throughput (samples/sec/per_device): 1.242 | learning rate: 1.207330E-09 | global batch size:     8 | loss video: 8.220975E-01 | loss action: 2.359313E+00 | loss scale: 1.0 | grad norm: 19.875000 | number of skipped iterations:   0 | number of nan iterations:   0 |
[2026-08-28 17:56:18][INFO] iteration      903/    1000 | consumed samples:         7224 | elapsed time per iteration (ms): 799.0 | throughput (samples/sec/per_device): 1.252 | learning rate: 1.203110E-09 | global batch size:     8 | loss video: 7.348883E-01 | loss action: 2.622908E+00 | loss scale: 1.0 | grad norm: 18.750000 | number of skipped iterations:   0 | number of nan iterations:   0 |
[2026-08-28 17:56:19][INFO] iteration      904/    1000 | consumed samples:         7232 | elapsed time per iteration (ms): 802.5 | throughput (samples/sec/per_device): 1.246 | learning rate: 1.198931E-09 | global batch size:     8 | loss video: 5.693393E-01 | loss action: 9.921430E-01 | loss scale: 1.0 | grad norm: 9.875000 | number of skipped iterations:   0 | number of nan iterations:   0 |
[2026-08-28 17:56:20][INFO] iteration      905/    1000 | consumed samples:         7240 | elapsed time per iteration (ms): 810.5 | throughput (samples/sec/per_device): 1.234 | learning rate: 1.194796E-09 | global batch size:     8 | loss video: 8.514361E-01 | loss action: 5.148090E-01 | loss scale: 1.0 | grad norm: 11.375000 | number of skipped iterations:   0 | number of nan iterations:   0 |
[2026-08-28 17:56:21][INFO] iteration      906/    1000 | consumed samples:         7248 | elapsed time per iteration (ms): 804.8 | throughput (samples/sec/per_device): 1.243 | learning rate: 1.190703E-09 | global batch size:     8 | loss video: 9.122453E-01 | loss action: 1.884889E+00 | loss scale: 1.0 | grad norm: 17.500000 | number of skipped iterations:   0 | number of nan iterations:   0 |
[2026-08-28 17:56:22][INFO] iteration      907/    1000 | consumed samples:         7256 | elapsed time per iteration (ms): 804.5 | throughput (samples/sec/per_device): 1.243 | learning rate: 1.186652E-09 | global batch size:     8 | loss video: 3.740112E-01 | loss action: 1.036889E+00 | loss scale: 1.0 | grad norm: 8.687500 | number of skipped iterations:   0 | number of nan iterations:   0 |
[2026-08-28 17:56:22][INFO] iteration      908/    1000 | consumed samples:         7264 | elapsed time per iteration (ms): 808.9 | throughput (samples/sec/per_device): 1.236 | learning rate: 1.182644E-09 | global batch size:     8 | loss video: 4.613141E-01 | loss action: 2.721056E+00 | loss scale: 1.0 | grad norm: 18.125000 | number of skipped iterations:   0 | number of nan iterations:   0 |
[2026-08-28 17:56:23][INFO] iteration      909/    1000 | consumed samples:         7272 | elapsed time per iteration (ms): 1173.5 | throughput (samples/sec/per_device): 0.852 | learning rate: 1.178678E-09 | global batch size:     8 | loss video: 4.748922E-01 | loss action: 2.633279E+00 | loss scale: 1.0 | grad norm: 15.875000 | number of skipped iterations:   0 | number of nan iterations:   0 |
[2026-08-28 17:56:24][INFO] iteration      910/    1000 | consumed samples:         7280 | elapsed time per iteration (ms): 791.0 | throughput (samples/sec/per_device): 1.264 | learning rate: 1.174756E-09 | global batch size:     8 | loss video: 8.801826E-01 | loss action: 3.051902E+00 | loss scale: 1.0 | grad norm: 20.250000 | number of skipped iterations:   0 | number of nan iterations:   0 |
[2026-08-28 17:56:25][INFO] iteration      911/    1000 | consumed samples:         7288 | elapsed time per iteration (ms): 817.3 | throughput (samples/sec/per_device): 1.224 | learning rate: 1.170875E-09 | global batch size:     8 | loss video: 4.443935E-01 | loss action: 1.581919E+00 | loss scale: 1.0 | grad norm: 11.937500 | number of skipped iterations:   0 | number of nan iterations:   0 |
[2026-08-28 17:56:26][INFO] iteration      912/    1000 | consumed samples:         7296 | elapsed time per iteration (ms): 807.6 | throughput (samples/sec/per_device): 1.238 | learning rate: 1.167038E-09 | global batch size:     8 | loss video: 7.868876E-01 | loss action: 6.081163E-01 | loss scale: 1.0 | grad norm: 12.750000 | number of skipped iterations:   0 | number of nan iterations:   0 |
[2026-08-28 17:56:27][INFO] iteration      913/    1000 | consumed samples:         7304 | elapsed time per iteration (ms): 794.6 | throughput (samples/sec/per_device): 1.258 | learning rate: 1.163243E-09 | global batch size:     8 | loss video: 8.236538E-01 | loss action: 2.950183E-01 | loss scale: 1.0 | grad norm: 4.406250 | number of skipped iterations:   0 | number of nan iterations:   0 |
[2026-08-28 17:56:28][INFO] iteration      914/    1000 | consumed samples:         7312 | elapsed time per iteration (ms): 801.6 | throughput (samples/sec/per_device): 1.248 | learning rate: 1.159492E-09 | global batch size:     8 | loss video: 9.106196E-01 | loss action: 2.157142E+00 | loss scale: 1.0 | grad norm: 16.250000 | number of skipped iterations:   0 | number of nan iterations:   0 |
[2026-08-28 17:56:28][INFO] iteration      915/    1000 | consumed samples:         7320 | elapsed time per iteration (ms): 812.7 | throughput (samples/sec/per_device): 1.230 | learning rate: 1.155783E-09 | global batch size:     8 | loss video: 8.422207E-01 | loss action: 1.722700E-01 | loss scale: 1.0 | grad norm: 11.875000 | number of skipped iterations:   0 | number of nan iterations:   0 |
[2026-08-28 17:56:29][INFO] iteration      916/    1000 | consumed samples:         7328 | elapsed time per iteration (ms): 818.7 | throughput (samples/sec/per_device): 1.221 | learning rate: 1.152117E-09 | global batch size:     8 | loss video: 2.190129E-01 | loss action: 0.000000E+00 | loss scale: 1.0 | grad norm: 5.500000 | number of skipped iterations:   0 | number of nan iterations:   0 |
[2026-08-28 17:56:30][INFO] iteration      917/    1000 | consumed samples:         7336 | elapsed time per iteration (ms): 804.2 | throughput (samples/sec/per_device): 1.244 | learning rate: 1.148493E-09 | global batch size:     8 | loss video: 3.838698E-01 | loss action: 4.916930E-01 | loss scale: 1.0 | grad norm: 6.937500 | number of skipped iterations:   0 | number of nan iterations:   0 |
[2026-08-28 17:56:31][INFO] iteration      918/    1000 | consumed samples:         7344 | elapsed time per iteration (ms): 804.6 | throughput (samples/sec/per_device): 1.243 | learning rate: 1.144913E-09 | global batch size:     8 | loss video: 2.885841E-01 | loss action: 2.753409E+00 | loss scale: 1.0 | grad norm: 17.750000 | number of skipped iterations:   0 | number of nan iterations:   0 |
[2026-08-28 17:56:32][INFO] iteration      919/    1000 | consumed samples:         7352 | elapsed time per iteration (ms): 797.4 | throughput (samples/sec/per_device): 1.254 | learning rate: 1.141376E-09 | global batch size:     8 | loss video: 4.234267E-01 | loss action: 1.898938E+00 | loss scale: 1.0 | grad norm: 16.250000 | number of skipped iterations:   0 | number of nan iterations:   0 |
[2026-08-28 17:56:32][INFO] iteration      920/    1000 | consumed samples:         7360 | elapsed time per iteration (ms): 811.1 | throughput (samples/sec/per_device): 1.233 | learning rate: 1.137882E-09 | global batch size:     8 | loss video: 6.512636E-01 | loss action: 0.000000E+00 | loss scale: 1.0 | grad norm: 9.062500 | number of skipped iterations:   0 | number of nan iterations:   0 |
[2026-08-28 17:56:32][INFO] max time across ranks (ms):
    forward-backward................................: 651.59
    forward-compute.................................: 217.46
    backward-compute................................: 277.90
    batch-generator.................................: 166.30
    nan-grad-cleanup................................: 20.35
    grad-clip.......................................: 33.59
    optimizer.......................................: 102.71
    optimizer-inner-step............................: 102.62
    optimizer-scheduler-step........................: 0.04
    optimizer-zero-grad.............................: 0.64
[2026-08-28 17:56:33][INFO] iteration      921/    1000 | consumed samples:         7368 | elapsed time per iteration (ms): 817.6 | throughput (samples/sec/per_device): 1.223 | learning rate: 1.134430E-09 | global batch size:     8 | loss video: 1.115966E-01 | loss action: 2.472201E+00 | loss scale: 1.0 | grad norm: 16.500000 | number of skipped iterations:   0 | number of nan iterations:   0 |
[2026-08-28 17:56:34][INFO] iteration      922/    1000 | consumed samples:         7376 | elapsed time per iteration (ms): 800.3 | throughput (samples/sec/per_device): 1.250 | learning rate: 1.131022E-09 | global batch size:     8 | loss video: 8.697513E-01 | loss action: 1.725652E+00 | loss scale: 1.0 | grad norm: 19.250000 | number of skipped iterations:   0 | number of nan iterations:   0 |
[2026-08-28 17:56:35][INFO] iteration      923/    1000 | consumed samples:         7384 | elapsed time per iteration (ms): 811.1 | throughput (samples/sec/per_device): 1.233 | learning rate: 1.127657E-09 | global batch size:     8 | loss video: 5.292977E-01 | loss action: 1.059707E+00 | loss scale: 1.0 | grad norm: 9.750000 | number of skipped iterations:   0 | number of nan iterations:   0 |
[2026-08-28 17:56:36][INFO] iteration      924/    1000 | consumed samples:         7392 | elapsed time per iteration (ms): 887.3 | throughput (samples/sec/per_device): 1.127 | learning rate: 1.124335E-09 | global batch size:     8 | loss video: 4.853925E-02 | loss action: 1.771618E+00 | loss scale: 1.0 | grad norm: 10.812500 | number of skipped iterations:   0 | number of nan iterations:   0 |
[2026-08-28 17:56:36][INFO] iteration      925/    1000 | consumed samples:         7400 | elapsed time per iteration (ms): 792.5 | throughput (samples/sec/per_device): 1.262 | learning rate: 1.121057E-09 | global batch size:     8 | loss video: 1.160290E-01 | loss action: 2.652631E+00 | loss scale: 1.0 | grad norm: 19.250000 | number of skipped iterations:   0 | number of nan iterations:   0 |
[2026-08-28 17:56:37][INFO] iteration      926/    1000 | consumed samples:         7408 | elapsed time per iteration (ms): 814.7 | throughput (samples/sec/per_device): 1.227 | learning rate: 1.117821E-09 | global batch size:     8 | loss video: 4.600773E-01 | loss action: 5.039920E-01 | loss scale: 1.0 | grad norm: 8.562500 | number of skipped iterations:   0 | number of nan iterations:   0 |
[2026-08-28 17:56:38][INFO] iteration      927/    1000 | consumed samples:         7416 | elapsed time per iteration (ms): 812.4 | throughput (samples/sec/per_device): 1.231 | learning rate: 1.114629E-09 | global batch size:     8 | loss video: 1.179017E-01 | loss action: 3.392109E-01 | loss scale: 1.0 | grad norm: 3.484375 | number of skipped iterations:   0 | number of nan iterations:   0 |
[2026-08-28 17:56:39][INFO] iteration      928/    1000 | consumed samples:         7424 | elapsed time per iteration (ms): 807.2 | throughput (samples/sec/per_device): 1.239 | learning rate: 1.111480E-09 | global batch size:     8 | loss video: 3.669929E-01 | loss action: 4.551432E-01 | loss scale: 1.0 | grad norm: 9.062500 | number of skipped iterations:   0 | number of nan iterations:   0 |
[2026-08-28 17:56:40][INFO] iteration      929/    1000 | consumed samples:         7432 | elapsed time per iteration (ms): 819.6 | throughput (samples/sec/per_device): 1.220 | learning rate: 1.108375E-09 | global batch size:     8 | loss video: 3.893493E-01 | loss action: 1.208479E+00 | loss scale: 1.0 | grad norm: 12.125000 | number of skipped iterations:   0 | number of nan iterations:   0 |
[2026-08-28 17:56:41][INFO] iteration      930/    1000 | consumed samples:         7440 | elapsed time per iteration (ms): 803.0 | throughput (samples/sec/per_device): 1.245 | learning rate: 1.105312E-09 | global batch size:     8 | loss video: 5.023587E-01 | loss action: 2.256496E+00 | loss scale: 1.0 | grad norm: 20.375000 | number of skipped iterations:   0 | number of nan iterations:   0 |
[2026-08-28 17:56:41][INFO] iteration      931/    1000 | consumed samples:         7448 | elapsed time per iteration (ms): 810.6 | throughput (samples/sec/per_device): 1.234 | learning rate: 1.102293E-09 | global batch size:     8 | loss video: 1.377672E-01 | loss action: 2.142706E+00 | loss scale: 1.0 | grad norm: 16.375000 | number of skipped iterations:   0 | number of nan iterations:   0 |
[2026-08-28 17:56:42][INFO] iteration      932/    1000 | consumed samples:         7456 | elapsed time per iteration (ms): 827.8 | throughput (samples/sec/per_device): 1.208 | learning rate: 1.099318E-09 | global batch size:     8 | loss video: 4.922770E-01 | loss action: 1.009401E+00 | loss scale: 1.0 | grad norm: 10.750000 | number of skipped iterations:   0 | number of nan iterations:   0 |
[2026-08-28 17:56:43][INFO] iteration      933/    1000 | consumed samples:         7464 | elapsed time per iteration (ms): 802.2 | throughput (samples/sec/per_device): 1.247 | learning rate: 1.096386E-09 | global batch size:     8 | loss video: 1.223936E-01 | loss action: 3.231975E-02 | loss scale: 1.0 | grad norm: 4.218750 | number of skipped iterations:   0 | number of nan iterations:   0 |
[2026-08-28 17:56:44][INFO] iteration      934/    1000 | consumed samples:         7472 | elapsed time per iteration (ms): 809.6 | throughput (samples/sec/per_device): 1.235 | learning rate: 1.093497E-09 | global batch size:     8 | loss video: 7.263315E-01 | loss action: 7.613186E-01 | loss scale: 1.0 | grad norm: 11.000000 | number of skipped iterations:   0 | number of nan iterations:   0 |
[2026-08-28 17:56:45][INFO] iteration      935/    1000 | consumed samples:         7480 | elapsed time per iteration (ms): 807.3 | throughput (samples/sec/per_device): 1.239 | learning rate: 1.090652E-09 | global batch size:     8 | loss video: 4.388497E-01 | loss action: 3.141096E-01 | loss scale: 1.0 | grad norm: 6.250000 | number of skipped iterations:   0 | number of nan iterations:   0 |
[2026-08-28 17:56:45][INFO] iteration      936/    1000 | consumed samples:         7488 | elapsed time per iteration (ms): 801.6 | throughput (samples/sec/per_device): 1.248 | learning rate: 1.087851E-09 | global batch size:     8 | loss video: 7.632024E-01 | loss action: 6.481988E-01 | loss scale: 1.0 | grad norm: 10.812500 | number of skipped iterations:   0 | number of nan iterations:   0 |
[2026-08-28 17:56:46][INFO] iteration      937/    1000 | consumed samples:         7496 | elapsed time per iteration (ms): 797.8 | throughput (samples/sec/per_device): 1.253 | learning rate: 1.085093E-09 | global batch size:     8 | loss video: 2.897990E-01 | loss action: 1.898604E+00 | loss scale: 1.0 | grad norm: 15.000000 | number of skipped iterations:   0 | number of nan iterations:   0 |
[2026-08-28 17:56:47][INFO] iteration      938/    1000 | consumed samples:         7504 | elapsed time per iteration (ms): 818.1 | throughput (samples/sec/per_device): 1.222 | learning rate: 1.082378E-09 | global batch size:     8 | loss video: 8.970317E-01 | loss action: 2.116058E+00 | loss scale: 1.0 | grad norm: 15.625000 | number of skipped iterations:   0 | number of nan iterations:   0 |
[2026-08-28 17:56:48][INFO] iteration      939/    1000 | consumed samples:         7512 | elapsed time per iteration (ms): 816.6 | throughput (samples/sec/per_device): 1.225 | learning rate: 1.079707E-09 | global batch size:     8 | loss video: 3.747117E-01 | loss action: 2.135729E+00 | loss scale: 1.0 | grad norm: 16.375000 | number of skipped iterations:   0 | number of nan iterations:   0 |
[2026-08-28 17:56:49][INFO] iteration      940/    1000 | consumed samples:         7520 | elapsed time per iteration (ms): 1182.0 | throughput (samples/sec/per_device): 0.846 | learning rate: 1.077080E-09 | global batch size:     8 | loss video: 5.705277E-01 | loss action: 2.534271E+00 | loss scale: 1.0 | grad norm: 17.750000 | number of skipped iterations:   0 | number of nan iterations:   0 |
[2026-08-28 17:56:49][INFO] max time across ranks (ms):
    forward-backward................................: 656.14
    forward-compute.................................: 216.75
    backward-compute................................: 286.98
    batch-generator.................................: 172.47
    nan-grad-cleanup................................: 20.33
    grad-clip.......................................: 400.74
    optimizer.......................................: 469.23
    optimizer-inner-step............................: 469.12
    optimizer-scheduler-step........................: 0.05
    optimizer-zero-grad.............................: 1.08
[2026-08-28 17:56:50][INFO] iteration      941/    1000 | consumed samples:         7528 | elapsed time per iteration (ms): 806.4 | throughput (samples/sec/per_device): 1.240 | learning rate: 1.074497E-09 | global batch size:     8 | loss video: 5.800899E-01 | loss action: 5.167837E-01 | loss scale: 1.0 | grad norm: 10.312500 | number of skipped iterations:   0 | number of nan iterations:   0 |
[2026-08-28 17:56:51][INFO] iteration      942/    1000 | consumed samples:         7536 | elapsed time per iteration (ms): 830.5 | throughput (samples/sec/per_device): 1.204 | learning rate: 1.071957E-09 | global batch size:     8 | loss video: 8.971275E-01 | loss action: 2.514521E+00 | loss scale: 1.0 | grad norm: 16.500000 | number of skipped iterations:   0 | number of nan iterations:   0 |
[2026-08-28 17:56:51][INFO] iteration      943/    1000 | consumed samples:         7544 | elapsed time per iteration (ms): 803.9 | throughput (samples/sec/per_device): 1.244 | learning rate: 1.069460E-09 | global batch size:     8 | loss video: 1.366424E-02 | loss action: 1.086543E+00 | loss scale: 1.0 | grad norm: 7.187500 | number of skipped iterations:   0 | number of nan iterations:   0 |
[2026-08-28 17:56:52][INFO] iteration      944/    1000 | consumed samples:         7552 | elapsed time per iteration (ms): 811.1 | throughput (samples/sec/per_device): 1.233 | learning rate: 1.067008E-09 | global batch size:     8 | loss video: 8.670043E-01 | loss action: 2.002094E+00 | loss scale: 1.0 | grad norm: 14.187500 | number of skipped iterations:   0 | number of nan iterations:   0 |
[2026-08-28 17:56:53][INFO] iteration      945/    1000 | consumed samples:         7560 | elapsed time per iteration (ms): 806.2 | throughput (samples/sec/per_device): 1.240 | learning rate: 1.064599E-09 | global batch size:     8 | loss video: 5.692993E-01 | loss action: 2.791679E+00 | loss scale: 1.0 | grad norm: 18.625000 | number of skipped iterations:   0 | number of nan iterations:   0 |
[2026-08-28 17:56:54][INFO] iteration      946/    1000 | consumed samples:         7568 | elapsed time per iteration (ms): 823.5 | throughput (samples/sec/per_device): 1.214 | learning rate: 1.062234E-09 | global batch size:     8 | loss video: 2.026864E-01 | loss action: 7.295945E-01 | loss scale: 1.0 | grad norm: 7.156250 | number of skipped iterations:   0 | number of nan iterations:   0 |
[2026-08-28 17:56:55][INFO] iteration      947/    1000 | consumed samples:         7576 | elapsed time per iteration (ms): 1180.7 | throughput (samples/sec/per_device): 0.847 | learning rate: 1.059913E-09 | global batch size:     8 | loss video: 1.990794E-01 | loss action: 2.152592E+00 | loss scale: 1.0 | grad norm: 15.125000 | number of skipped iterations:   0 | number of nan iterations:   0 |
[2026-08-28 17:56:56][INFO] iteration      948/    1000 | consumed samples:         7584 | elapsed time per iteration (ms): 797.8 | throughput (samples/sec/per_device): 1.253 | learning rate: 1.057636E-09 | global batch size:     8 | loss video: 7.908636E-01 | loss action: 2.289729E+00 | loss scale: 1.0 | grad norm: 18.125000 | number of skipped iterations:   0 | number of nan iterations:   0 |
[2026-08-28 17:56:57][INFO] iteration      949/    1000 | consumed samples:         7592 | elapsed time per iteration (ms): 810.5 | throughput (samples/sec/per_device): 1.234 | learning rate: 1.055402E-09 | global batch size:     8 | loss video: 8.092457E-01 | loss action: 2.408383E+00 | loss scale: 1.0 | grad norm: 23.750000 | number of skipped iterations:   0 | number of nan iterations:   0 |
[2026-08-28 17:56:58][INFO] iteration      950/    1000 | consumed samples:         7600 | elapsed time per iteration (ms): 813.3 | throughput (samples/sec/per_device): 1.230 | learning rate: 1.053213E-09 | global batch size:     8 | loss video: 7.828077E-01 | loss action: 4.924712E-01 | loss scale: 1.0 | grad norm: 11.062500 | number of skipped iterations:   0 | number of nan iterations:   0 |
[2026-08-28 17:56:58][INFO] iteration      951/    1000 | consumed samples:         7608 | elapsed time per iteration (ms): 804.0 | throughput (samples/sec/per_device): 1.244 | learning rate: 1.051067E-09 | global batch size:     8 | loss video: 7.062172E-01 | loss action: 8.467143E-01 | loss scale: 1.0 | grad norm: 11.312500 | number of skipped iterations:   0 | number of nan iterations:   0 |
[2026-08-28 17:56:59][INFO] iteration      952/    1000 | consumed samples:         7616 | elapsed time per iteration (ms): 798.8 | throughput (samples/sec/per_device): 1.252 | learning rate: 1.048965E-09 | global batch size:     8 | loss video: 3.218305E-01 | loss action: 2.056511E+00 | loss scale: 1.0 | grad norm: 16.000000 | number of skipped iterations:   0 | number of nan iterations:   0 |
[2026-08-28 17:57:00][INFO] iteration      953/    1000 | consumed samples:         7624 | elapsed time per iteration (ms): 812.4 | throughput (samples/sec/per_device): 1.231 | learning rate: 1.046907E-09 | global batch size:     8 | loss video: 7.515143E-01 | loss action: 7.213758E-02 | loss scale: 1.0 | grad norm: 10.562500 | number of skipped iterations:   0 | number of nan iterations:   0 |
[2026-08-28 17:57:01][INFO] iteration      954/    1000 | consumed samples:         7632 | elapsed time per iteration (ms): 807.3 | throughput (samples/sec/per_device): 1.239 | learning rate: 1.044894E-09 | global batch size:     8 | loss video: 5.830178E-01 | loss action: 3.677947E-02 | loss scale: 1.0 | grad norm: 8.687500 | number of skipped iterations:   0 | number of nan iterations:   0 |
[2026-08-28 17:57:02][INFO] iteration      955/    1000 | consumed samples:         7640 | elapsed time per iteration (ms): 801.0 | throughput (samples/sec/per_device): 1.248 | learning rate: 1.042924E-09 | global batch size:     8 | loss video: 9.136367E-01 | loss action: 1.193187E+00 | loss scale: 1.0 | grad norm: 9.062500 | number of skipped iterations:   0 | number of nan iterations:   0 |
[2026-08-28 17:57:02][INFO] iteration      956/    1000 | consumed samples:         7648 | elapsed time per iteration (ms): 796.1 | throughput (samples/sec/per_device): 1.256 | learning rate: 1.040998E-09 | global batch size:     8 | loss video: 4.541457E-01 | loss action: 2.548430E+00 | loss scale: 1.0 | grad norm: 17.875000 | number of skipped iterations:   0 | number of nan iterations:   0 |
[2026-08-28 17:57:03][INFO] iteration      957/    1000 | consumed samples:         7656 | elapsed time per iteration (ms): 841.7 | throughput (samples/sec/per_device): 1.188 | learning rate: 1.039116E-09 | global batch size:     8 | loss video: 7.636852E-01 | loss action: 1.780757E+00 | loss scale: 1.0 | grad norm: 14.812500 | number of skipped iterations:   0 | number of nan iterations:   0 |
[2026-08-28 17:57:04][INFO] iteration      958/    1000 | consumed samples:         7664 | elapsed time per iteration (ms): 807.8 | throughput (samples/sec/per_device): 1.238 | learning rate: 1.037278E-09 | global batch size:     8 | loss video: 5.049871E-01 | loss action: 4.278518E-01 | loss scale: 1.0 | grad norm: 8.250000 | number of skipped iterations:   0 | number of nan iterations:   0 |
[2026-08-28 17:57:05][INFO] iteration      959/    1000 | consumed samples:         7672 | elapsed time per iteration (ms): 802.7 | throughput (samples/sec/per_device): 1.246 | learning rate: 1.035484E-09 | global batch size:     8 | loss video: 7.659869E-01 | loss action: 8.627706E-02 | loss scale: 1.0 | grad norm: 6.875000 | number of skipped iterations:   0 | number of nan iterations:   0 |
[2026-08-28 17:57:06][INFO] iteration      960/    1000 | consumed samples:         7680 | elapsed time per iteration (ms): 816.4 | throughput (samples/sec/per_device): 1.225 | learning rate: 1.033734E-09 | global batch size:     8 | loss video: 2.767543E-01 | loss action: 2.857891E+00 | loss scale: 1.0 | grad norm: 18.625000 | number of skipped iterations:   0 | number of nan iterations:   0 |
[2026-08-28 17:57:06][INFO] max time across ranks (ms):
    forward-backward................................: 656.93
    forward-compute.................................: 219.04
    backward-compute................................: 290.81
    batch-generator.................................: 172.46
    nan-grad-cleanup................................: 20.33
    grad-clip.......................................: 33.65
    optimizer.......................................: 101.95
    optimizer-inner-step............................: 101.86
    optimizer-scheduler-step........................: 0.04
    optimizer-zero-grad.............................: 0.61
[2026-08-28 17:57:06][INFO] iteration      961/    1000 | consumed samples:         7688 | elapsed time per iteration (ms): 812.2 | throughput (samples/sec/per_device): 1.231 | learning rate: 1.032028E-09 | global batch size:     8 | loss video: 8.219921E-01 | loss action: 2.092361E+00 | loss scale: 1.0 | grad norm: 17.375000 | number of skipped iterations:   0 | number of nan iterations:   0 |
[2026-08-28 17:57:07][INFO] iteration      962/    1000 | consumed samples:         7696 | elapsed time per iteration (ms): 822.0 | throughput (samples/sec/per_device): 1.217 | learning rate: 1.030367E-09 | global batch size:     8 | loss video: 7.661487E-01 | loss action: 3.812698E-01 | loss scale: 1.0 | grad norm: 11.562500 | number of skipped iterations:   0 | number of nan iterations:   0 |
[2026-08-28 17:57:08][INFO] iteration      963/    1000 | consumed samples:         7704 | elapsed time per iteration (ms): 798.0 | throughput (samples/sec/per_device): 1.253 | learning rate: 1.028749E-09 | global batch size:     8 | loss video: 4.047633E-01 | loss action: 2.407497E+00 | loss scale: 1.0 | grad norm: 14.812500 | number of skipped iterations:   0 | number of nan iterations:   0 |
[2026-08-28 17:57:09][INFO] iteration      964/    1000 | consumed samples:         7712 | elapsed time per iteration (ms): 814.7 | throughput (samples/sec/per_device): 1.227 | learning rate: 1.027176E-09 | global batch size:     8 | loss video: 9.638341E-01 | loss action: 2.522175E+00 | loss scale: 1.0 | grad norm: 17.125000 | number of skipped iterations:   0 | number of nan iterations:   0 |
[2026-08-28 17:57:10][INFO] iteration      965/    1000 | consumed samples:         7720 | elapsed time per iteration (ms): 807.4 | throughput (samples/sec/per_device): 1.239 | learning rate: 1.025646E-09 | global batch size:     8 | loss video: 4.478512E-01 | loss action: 4.941471E-01 | loss scale: 1.0 | grad norm: 6.468750 | number of skipped iterations:   0 | number of nan iterations:   0 |
[2026-08-28 17:57:10][INFO] iteration      966/    1000 | consumed samples:         7728 | elapsed time per iteration (ms): 806.8 | throughput (samples/sec/per_device): 1.239 | learning rate: 1.024161E-09 | global batch size:     8 | loss video: 9.336960E-01 | loss action: 2.699255E+00 | loss scale: 1.0 | grad norm: 21.750000 | number of skipped iterations:   0 | number of nan iterations:   0 |
[2026-08-28 17:57:11][INFO] iteration      967/    1000 | consumed samples:         7736 | elapsed time per iteration (ms): 792.5 | throughput (samples/sec/per_device): 1.262 | learning rate: 1.022720E-09 | global batch size:     8 | loss video: 7.039399E-01 | loss action: 2.134515E+00 | loss scale: 1.0 | grad norm: 17.125000 | number of skipped iterations:   0 | number of nan iterations:   0 |
[2026-08-28 17:57:12][INFO] iteration      968/    1000 | consumed samples:         7744 | elapsed time per iteration (ms): 836.1 | throughput (samples/sec/per_device): 1.196 | learning rate: 1.021324E-09 | global batch size:     8 | loss video: 5.979187E-01 | loss action: 8.915434E-01 | loss scale: 1.0 | grad norm: 9.062500 | number of skipped iterations:   0 | number of nan iterations:   0 |
[2026-08-28 17:57:13][INFO] iteration      969/    1000 | consumed samples:         7752 | elapsed time per iteration (ms): 824.4 | throughput (samples/sec/per_device): 1.213 | learning rate: 1.019971E-09 | global batch size:     8 | loss video: 8.061528E-01 | loss action: 2.692476E+00 | loss scale: 1.0 | grad norm: 16.875000 | number of skipped iterations:   0 | number of nan iterations:   0 |
[2026-08-28 17:57:14][INFO] iteration      970/    1000 | consumed samples:         7760 | elapsed time per iteration (ms): 844.6 | throughput (samples/sec/per_device): 1.184 | learning rate: 1.018663E-09 | global batch size:     8 | loss video: 3.907295E-01 | loss action: 7.011093E-01 | loss scale: 1.0 | grad norm: 7.937500 | number of skipped iterations:   0 | number of nan iterations:   0 |
[2026-08-28 17:57:15][INFO] iteration      971/    1000 | consumed samples:         7768 | elapsed time per iteration (ms): 807.4 | throughput (samples/sec/per_device): 1.239 | learning rate: 1.017399E-09 | global batch size:     8 | loss video: 7.905727E-01 | loss action: 3.576237E-02 | loss scale: 1.0 | grad norm: 10.250000 | number of skipped iterations:   0 | number of nan iterations:   0 |
[2026-08-28 17:57:15][INFO] iteration      972/    1000 | consumed samples:         7776 | elapsed time per iteration (ms): 884.0 | throughput (samples/sec/per_device): 1.131 | learning rate: 1.016179E-09 | global batch size:     8 | loss video: 1.948309E-01 | loss action: 1.513104E+00 | loss scale: 1.0 | grad norm: 10.250000 | number of skipped iterations:   0 | number of nan iterations:   0 |
[2026-08-28 17:57:16][INFO] iteration      973/    1000 | consumed samples:         7784 | elapsed time per iteration (ms): 897.1 | throughput (samples/sec/per_device): 1.115 | learning rate: 1.015003E-09 | global batch size:     8 | loss video: 5.498442E-02 | loss action: 9.119983E-02 | loss scale: 1.0 | grad norm: 1.304688 | number of skipped iterations:   0 | number of nan iterations:   0 |
[2026-08-28 17:57:17][INFO] iteration      974/    1000 | consumed samples:         7792 | elapsed time per iteration (ms): 797.7 | throughput (samples/sec/per_device): 1.254 | learning rate: 1.013872E-09 | global batch size:     8 | loss video: 5.125844E-01 | loss action: 2.011389E+00 | loss scale: 1.0 | grad norm: 14.500000 | number of skipped iterations:   0 | number of nan iterations:   0 |
[2026-08-28 17:57:18][INFO] iteration      975/    1000 | consumed samples:         7800 | elapsed time per iteration (ms): 804.3 | throughput (samples/sec/per_device): 1.243 | learning rate: 1.012785E-09 | global batch size:     8 | loss video: 8.304709E-01 | loss action: 2.836335E+00 | loss scale: 1.0 | grad norm: 19.750000 | number of skipped iterations:   0 | number of nan iterations:   0 |
[2026-08-28 17:57:19][INFO] iteration      976/    1000 | consumed samples:         7808 | elapsed time per iteration (ms): 804.5 | throughput (samples/sec/per_device): 1.243 | learning rate: 1.011742E-09 | global batch size:     8 | loss video: 9.008753E-01 | loss action: 9.063466E-01 | loss scale: 1.0 | grad norm: 10.125000 | number of skipped iterations:   0 | number of nan iterations:   0 |
[2026-08-28 17:57:20][INFO] iteration      977/    1000 | consumed samples:         7816 | elapsed time per iteration (ms): 851.2 | throughput (samples/sec/per_device): 1.175 | learning rate: 1.010744E-09 | global batch size:     8 | loss video: 3.017834E-01 | loss action: 1.743794E+00 | loss scale: 1.0 | grad norm: 13.625000 | number of skipped iterations:   0 | number of nan iterations:   0 |
[2026-08-28 17:57:20][INFO] iteration      978/    1000 | consumed samples:         7824 | elapsed time per iteration (ms): 816.2 | throughput (samples/sec/per_device): 1.225 | learning rate: 1.009790E-09 | global batch size:     8 | loss video: 8.077387E-01 | loss action: 6.548004E-01 | loss scale: 1.0 | grad norm: 12.187500 | number of skipped iterations:   0 | number of nan iterations:   0 |
[2026-08-28 17:57:21][INFO] iteration      979/    1000 | consumed samples:         7832 | elapsed time per iteration (ms): 811.1 | throughput (samples/sec/per_device): 1.233 | learning rate: 1.008880E-09 | global batch size:     8 | loss video: 7.904945E-01 | loss action: 3.190490E+00 | loss scale: 1.0 | grad norm: 25.250000 | number of skipped iterations:   0 | number of nan iterations:   0 |
[2026-08-28 17:57:22][INFO] iteration      980/    1000 | consumed samples:         7840 | elapsed time per iteration (ms): 815.2 | throughput (samples/sec/per_device): 1.227 | learning rate: 1.008014E-09 | global batch size:     8 | loss video: 8.884578E-01 | loss action: 1.837041E+00 | loss scale: 1.0 | grad norm: 13.812500 | number of skipped iterations:   0 | number of nan iterations:   0 |
[2026-08-28 17:57:22][INFO] max time across ranks (ms):
    forward-backward................................: 655.71
    forward-compute.................................: 216.12
    backward-compute................................: 286.94
    batch-generator.................................: 165.21
    nan-grad-cleanup................................: 20.29
    grad-clip.......................................: 33.67
    optimizer.......................................: 101.75
    optimizer-inner-step............................: 101.63
    optimizer-scheduler-step........................: 0.07
    optimizer-zero-grad.............................: 1.03
[2026-08-28 17:57:23][INFO] iteration      981/    1000 | consumed samples:         7848 | elapsed time per iteration (ms): 1177.5 | throughput (samples/sec/per_device): 0.849 | learning rate: 1.007193E-09 | global batch size:     8 | loss video: 6.365488E-01 | loss action: 1.265891E+00 | loss scale: 1.0 | grad norm: 12.250000 | number of skipped iterations:   0 | number of nan iterations:   0 |
[2026-08-28 17:57:24][INFO] iteration      982/    1000 | consumed samples:         7856 | elapsed time per iteration (ms): 800.4 | throughput (samples/sec/per_device): 1.249 | learning rate: 1.006416E-09 | global batch size:     8 | loss video: 1.020437E-01 | loss action: 1.268326E+00 | loss scale: 1.0 | grad norm: 7.562500 | number of skipped iterations:   0 | number of nan iterations:   0 |
[2026-08-28 17:57:25][INFO] iteration      983/    1000 | consumed samples:         7864 | elapsed time per iteration (ms): 803.4 | throughput (samples/sec/per_device): 1.245 | learning rate: 1.005684E-09 | global batch size:     8 | loss video: 7.590318E-02 | loss action: 2.379124E+00 | loss scale: 1.0 | grad norm: 19.750000 | number of skipped iterations:   0 | number of nan iterations:   0 |
[2026-08-28 17:57:26][INFO] iteration      984/    1000 | consumed samples:         7872 | elapsed time per iteration (ms): 809.6 | throughput (samples/sec/per_device): 1.235 | learning rate: 1.004996E-09 | global batch size:     8 | loss video: 1.920748E-01 | loss action: 2.031100E-01 | loss scale: 1.0 | grad norm: 4.281250 | number of skipped iterations:   0 | number of nan iterations:   0 |
[2026-08-28 17:57:26][INFO] iteration      985/    1000 | consumed samples:         7880 | elapsed time per iteration (ms): 802.5 | throughput (samples/sec/per_device): 1.246 | learning rate: 1.004352E-09 | global batch size:     8 | loss video: 4.126071E-01 | loss action: 1.401281E+00 | loss scale: 1.0 | grad norm: 13.437500 | number of skipped iterations:   0 | number of nan iterations:   0 |
[2026-08-28 17:57:27][INFO] iteration      986/    1000 | consumed samples:         7888 | elapsed time per iteration (ms): 801.6 | throughput (samples/sec/per_device): 1.247 | learning rate: 1.003752E-09 | global batch size:     8 | loss video: 6.789552E-01 | loss action: 1.558517E+00 | loss scale: 1.0 | grad norm: 12.812500 | number of skipped iterations:   0 | number of nan iterations:   0 |
[2026-08-28 17:57:28][INFO] iteration      987/    1000 | consumed samples:         7896 | elapsed time per iteration (ms): 819.3 | throughput (samples/sec/per_device): 1.220 | learning rate: 1.003197E-09 | global batch size:     8 | loss video: 8.739508E-01 | loss action: 3.092372E-02 | loss scale: 1.0 | grad norm: 11.375000 | number of skipped iterations:   0 | number of nan iterations:   0 |
[2026-08-28 17:57:29][INFO] iteration      988/    1000 | consumed samples:         7904 | elapsed time per iteration (ms): 806.0 | throughput (samples/sec/per_device): 1.241 | learning rate: 1.002687E-09 | global batch size:     8 | loss video: 1.662023E-01 | loss action: 1.767617E+00 | loss scale: 1.0 | grad norm: 13.562500 | number of skipped iterations:   0 | number of nan iterations:   0 |
[2026-08-28 17:57:30][INFO] iteration      989/    1000 | consumed samples:         7912 | elapsed time per iteration (ms): 813.9 | throughput (samples/sec/per_device): 1.229 | learning rate: 1.002220E-09 | global batch size:     8 | loss video: 4.914941E-01 | loss action: 2.638696E+00 | loss scale: 1.0 | grad norm: 23.375000 | number of skipped iterations:   0 | number of nan iterations:   0 |
[2026-08-28 17:57:30][INFO] iteration      990/    1000 | consumed samples:         7920 | elapsed time per iteration (ms): 806.6 | throughput (samples/sec/per_device): 1.240 | learning rate: 1.001799E-09 | global batch size:     8 | loss video: 4.629602E-01 | loss action: 1.110065E+00 | loss scale: 1.0 | grad norm: 9.562500 | number of skipped iterations:   0 | number of nan iterations:   0 |
[2026-08-28 17:57:31][INFO] iteration      991/    1000 | consumed samples:         7928 | elapsed time per iteration (ms): 810.6 | throughput (samples/sec/per_device): 1.234 | learning rate: 1.001421E-09 | global batch size:     8 | loss video: 5.281060E-01 | loss action: 2.513273E+00 | loss scale: 1.0 | grad norm: 16.250000 | number of skipped iterations:   0 | number of nan iterations:   0 |
[2026-08-28 17:57:32][INFO] iteration      992/    1000 | consumed samples:         7936 | elapsed time per iteration (ms): 828.1 | throughput (samples/sec/per_device): 1.208 | learning rate: 1.001088E-09 | global batch size:     8 | loss video: 8.473979E-01 | loss action: 7.237431E-01 | loss scale: 1.0 | grad norm: 11.000000 | number of skipped iterations:   0 | number of nan iterations:   0 |
[2026-08-28 17:57:33][INFO] iteration      993/    1000 | consumed samples:         7944 | elapsed time per iteration (ms): 801.3 | throughput (samples/sec/per_device): 1.248 | learning rate: 1.000799E-09 | global batch size:     8 | loss video: 5.048016E-02 | loss action: 0.000000E+00 | loss scale: 1.0 | grad norm: 1.125000 | number of skipped iterations:   0 | number of nan iterations:   0 |
[2026-08-28 17:57:34][INFO] iteration      994/    1000 | consumed samples:         7952 | elapsed time per iteration (ms): 802.4 | throughput (samples/sec/per_device): 1.246 | learning rate: 1.000555E-09 | global batch size:     8 | loss video: 2.966237E-01 | loss action: 1.556206E+00 | loss scale: 1.0 | grad norm: 9.437500 | number of skipped iterations:   0 | number of nan iterations:   0 |
[2026-08-28 17:57:35][INFO] iteration      995/    1000 | consumed samples:         7960 | elapsed time per iteration (ms): 815.8 | throughput (samples/sec/per_device): 1.226 | learning rate: 1.000355E-09 | global batch size:     8 | loss video: 7.507877E-01 | loss action: 3.108403E-02 | loss scale: 1.0 | grad norm: 11.125000 | number of skipped iterations:   0 | number of nan iterations:   0 |
[2026-08-28 17:57:35][INFO] iteration      996/    1000 | consumed samples:         7968 | elapsed time per iteration (ms): 813.6 | throughput (samples/sec/per_device): 1.229 | learning rate: 1.000200E-09 | global batch size:     8 | loss video: 4.036985E-01 | loss action: 1.388179E-01 | loss scale: 1.0 | grad norm: 1.398438 | number of skipped iterations:   0 | number of nan iterations:   0 |
[2026-08-28 17:57:36][INFO] iteration      997/    1000 | consumed samples:         7976 | elapsed time per iteration (ms): 809.1 | throughput (samples/sec/per_device): 1.236 | learning rate: 1.000089E-09 | global batch size:     8 | loss video: 5.748132E-01 | loss action: 1.565454E+00 | loss scale: 1.0 | grad norm: 10.062500 | number of skipped iterations:   0 | number of nan iterations:   0 |
[2026-08-28 17:57:37][INFO] iteration      998/    1000 | consumed samples:         7984 | elapsed time per iteration (ms): 808.5 | throughput (samples/sec/per_device): 1.237 | learning rate: 1.000022E-09 | global batch size:     8 | loss video: 8.059556E-02 | loss action: 2.048512E+00 | loss scale: 1.0 | grad norm: 15.937500 | number of skipped iterations:   0 | number of nan iterations:   0 |
[2026-08-28 17:57:38][INFO] iteration      999/    1000 | consumed samples:         7992 | elapsed time per iteration (ms): 797.1 | throughput (samples/sec/per_device): 1.255 | learning rate: 1.000000E-09 | global batch size:     8 | loss video: 9.272716E-01 | loss action: 1.417612E-01 | loss scale: 1.0 | grad norm: 11.687500 | number of skipped iterations:   0 | number of nan iterations:   0 |
[2026-08-28 17:57:39][INFO] iteration     1000/    1000 | consumed samples:         8000 | elapsed time per iteration (ms): 814.2 | throughput (samples/sec/per_device): 1.228 | learning rate: 1.000022E-09 | global batch size:     8 | loss video: 8.963466E-01 | loss action: 4.312264E-01 | loss scale: 1.0 | grad norm: 6.500000 | number of skipped iterations:   0 | number of nan iterations:   0 |
[2026-08-28 17:57:39][INFO] max time across ranks (ms):
    forward-backward................................: 653.65
    forward-compute.................................: 216.88
    backward-compute................................: 280.73
    batch-generator.................................: 171.90
    nan-grad-cleanup................................: 20.29
    grad-clip.......................................: 34.63
    optimizer.......................................: 103.42
    optimizer-inner-step............................: 103.32
    optimizer-scheduler-step........................: 0.05
    optimizer-zero-grad.............................: 1.10
