════════════════════════════════════════════════════════════
  LoongForge pi05 Training (DDP)
  GPUs:       8 x 1 node(s)
  Model:      pi05
  Checkpoint: /raid0/fastwam/vla_artifacts/pi05/models/pi05_base
  Data:       /raid0/fastwam/vla_artifacts/pi05/datasets/libero
  Output:     /raid0/fastwam/experiments/pi05_powersgd_plus_ablation_start300_a800_100_1000_v1/attempts/standard_powersgd_plus_start300/attempt_1/standard_powersgd_plus_start300
════════════════════════════════════════════════════════════
W0823 08:20:23.056000 1346707 torch/distributed/run.py:766] 
W0823 08:20:23.056000 1346707 torch/distributed/run.py:766] *****************************************
W0823 08:20:23.056000 1346707 torch/distributed/run.py:766] Setting OMP_NUM_THREADS environment variable for each process to be 1 in default, to avoid your system being overloaded, please further tune the variable for optimal performance in your application as needed. 
W0823 08:20:23.056000 1346707 torch/distributed/run.py:766] *****************************************
fused_indices_to_multihot has reached end of life. Please migrate to a non-experimental function.
fused_indices_to_multihot has reached end of life. Please migrate to a non-experimental function.
fused_indices_to_multihot has reached end of life. Please migrate to a non-experimental function.
fused_indices_to_multihot has reached end of life. Please migrate to a non-experimental function.
fused_indices_to_multihot has reached end of life. Please migrate to a non-experimental function.
fused_indices_to_multihot has reached end of life. Please migrate to a non-experimental function.
fused_indices_to_multihot has reached end of life. Please migrate to a non-experimental function.
fused_indices_to_multihot has reached end of life. Please migrate to a non-experimental function.
INFO:loongforge.embodied.data.datasets.groot_n1_6.transforms.eagle3_model.processing_eagle3_vl:set VIDEO_TOTAL_PIXELS: 90316800
INFO:loongforge.embodied.data.datasets.groot_n1_6.transforms.eagle3_model.processing_eagle3_vl:set VIDEO_TOTAL_PIXELS: 90316800
INFO:loongforge.embodied.data.datasets.groot_n1_6.transforms.eagle3_model.processing_eagle3_vl:set VIDEO_TOTAL_PIXELS: 90316800
INFO:loongforge.embodied.data.datasets.groot_n1_6.transforms.eagle3_model.processing_eagle3_vl:set VIDEO_TOTAL_PIXELS: 90316800
INFO:loongforge.embodied.data.datasets.groot_n1_6.transforms.eagle3_model.processing_eagle3_vl:set VIDEO_TOTAL_PIXELS: 90316800
INFO:loongforge.embodied.data.datasets.groot_n1_6.transforms.eagle3_model.processing_eagle3_vl:set VIDEO_TOTAL_PIXELS: 90316800
INFO:loongforge.embodied.data.datasets.groot_n1_6.transforms.eagle3_model.processing_eagle3_vl:set VIDEO_TOTAL_PIXELS: 90316800
INFO:loongforge.embodied.data.datasets.groot_n1_6.transforms.eagle3_model.processing_eagle3_vl:set VIDEO_TOTAL_PIXELS: 90316800
[Gloo] Rank 2 is connected to 7 peer ranks. Expected number of connected peer ranks is : 7
[Gloo] Rank 0[Gloo] Rank  is connected to [Gloo] Rank 137 is connected to  is connected to  peer ranks. 77Expected number of connected peer ranks is :  peer ranks.  peer ranks. 7Expected number of connected peer ranks is : Expected number of connected peer ranks is : 
77

[Gloo] Rank 5 is connected to 7 peer ranks. Expected number of connected peer ranks is : 7
[Gloo] Rank 6 is connected to 7 peer ranks. Expected number of connected peer ranks is : 7
[Gloo] Rank 4 is connected to 7 peer ranks. Expected number of connected peer ranks is : 7
[Gloo] Rank 7 is connected to 7 peer ranks. Expected number of connected peer ranks is : 7
bddx-inf-sci-k8s-a800-03849:1346775:1346775 [0] NCCL INFO NCCL_SOCKET_IFNAME set by environment to bond0
bddx-inf-sci-k8s-a800-03849:1346775:1346775 [0] NCCL INFO cudaDriverVersion 12090
bddx-inf-sci-k8s-a800-03849:1346775:1346775 [0] NCCL INFO NCCL version 2.27.3+cuda12.9
bddx-inf-sci-k8s-a800-03849:1346782:1346782 [7] NCCL INFO cudaDriverVersion 12090
bddx-inf-sci-k8s-a800-03849:1346781:1346781 [6] NCCL INFO cudaDriverVersion 12090
bddx-inf-sci-k8s-a800-03849:1346782:1346782 [7] NCCL INFO NCCL_SOCKET_IFNAME set by environment to bond0
bddx-inf-sci-k8s-a800-03849:1346782:1346782 [7] NCCL INFO NCCL version 2.27.3+cuda12.9
bddx-inf-sci-k8s-a800-03849:1346782:1346782 [7] NCCL INFO Comm config Blocking set to 1
bddx-inf-sci-k8s-a800-03849:1346777:1346777 [2] NCCL INFO cudaDriverVersion 12090
bddx-inf-sci-k8s-a800-03849:1346777:1346777 [2] NCCL INFO NCCL_SOCKET_IFNAME set by environment to bond0
bddx-inf-sci-k8s-a800-03849:1346777:1346777 [2] NCCL INFO NCCL version 2.27.3+cuda12.9
bddx-inf-sci-k8s-a800-03849:1346778:1346778 [3] NCCL INFO cudaDriverVersion 12090
bddx-inf-sci-k8s-a800-03849:1346778:1346778 [3] NCCL INFO NCCL_SOCKET_IFNAME set by environment to bond0
bddx-inf-sci-k8s-a800-03849:1346777:1346777 [2] NCCL INFO Comm config Blocking set to 1
bddx-inf-sci-k8s-a800-03849:1346778:1346778 [3] NCCL INFO NCCL version 2.27.3+cuda12.9
bddx-inf-sci-k8s-a800-03849:1346779:1346779 [4] NCCL INFO cudaDriverVersion 12090
bddx-inf-sci-k8s-a800-03849:1346776:1346776 [1] NCCL INFO cudaDriverVersion 12090
bddx-inf-sci-k8s-a800-03849:1346781:1346781 [6] NCCL INFO NCCL_SOCKET_IFNAME set by environment to bond0
bddx-inf-sci-k8s-a800-03849:1346780:1346780 [5] NCCL INFO cudaDriverVersion 12090
bddx-inf-sci-k8s-a800-03849:1346781:1346781 [6] NCCL INFO NCCL version 2.27.3+cuda12.9
bddx-inf-sci-k8s-a800-03849:1346779:1346779 [4] NCCL INFO NCCL_SOCKET_IFNAME set by environment to bond0
bddx-inf-sci-k8s-a800-03849:1346776:1346776 [1] NCCL INFO NCCL_SOCKET_IFNAME set by environment to bond0
bddx-inf-sci-k8s-a800-03849:1346780:1346780 [5] NCCL INFO NCCL_SOCKET_IFNAME set by environment to bond0
bddx-inf-sci-k8s-a800-03849:1346778:1346778 [3] NCCL INFO Comm config Blocking set to 1
bddx-inf-sci-k8s-a800-03849:1346781:1346781 [6] NCCL INFO Comm config Blocking set to 1
bddx-inf-sci-k8s-a800-03849:1346779:1346779 [4] NCCL INFO NCCL version 2.27.3+cuda12.9
bddx-inf-sci-k8s-a800-03849:1346776:1346776 [1] NCCL INFO NCCL version 2.27.3+cuda12.9
bddx-inf-sci-k8s-a800-03849:1346780:1346780 [5] NCCL INFO NCCL version 2.27.3+cuda12.9
bddx-inf-sci-k8s-a800-03849:1346776:1346776 [1] NCCL INFO Comm config Blocking set to 1
bddx-inf-sci-k8s-a800-03849:1346780:1346780 [5] NCCL INFO Comm config Blocking set to 1
bddx-inf-sci-k8s-a800-03849:1346779:1346779 [4] NCCL INFO Comm config Blocking set to 1
bddx-inf-sci-k8s-a800-03849:1346775:1346775 [0] NCCL INFO Comm config Blocking set to 1
bddx-inf-sci-k8s-a800-03849:1346782:1347767 [7] NCCL INFO NET/Plugin: Plugin name set by env to libnccl-net.so
bddx-inf-sci-k8s-a800-03849:1346782:1347767 [7] NCCL INFO NET/Plugin: Loaded net plugin NCCL RDMA Plugin v10 (v10)
bddx-inf-sci-k8s-a800-03849:1346782:1347767 [7] NCCL INFO NET/Plugin: Loaded collnet plugin NCCL RDMA Plugin v10 (v10)
bddx-inf-sci-k8s-a800-03849:1346782:1347767 [7] NCCL INFO Successfully loaded external plugin libnccl-net.so
bddx-inf-sci-k8s-a800-03849:1346782:1347767 [7] NCCL INFO Plugin Path : /opt/hpcx/nccl_rdma_sharp_plugin/lib/libnccl-net.so
bddx-inf-sci-k8s-a800-03849:1346782:1347767 [7] NCCL INFO P2P plugin v10 IBext_v10
bddx-inf-sci-k8s-a800-03849:1346782:1347767 [7] NCCL INFO NCCL_SOCKET_IFNAME set by environment to bond0
bddx-inf-sci-k8s-a800-03849:1346777:1347768 [2] NCCL INFO NET/Plugin: Plugin name set by env to libnccl-net.so
bddx-inf-sci-k8s-a800-03849:1346777:1347768 [2] NCCL INFO NET/Plugin: Loaded net plugin NCCL RDMA Plugin v10 (v10)
bddx-inf-sci-k8s-a800-03849:1346777:1347768 [2] NCCL INFO NET/Plugin: Loaded collnet plugin NCCL RDMA Plugin v10 (v10)
bddx-inf-sci-k8s-a800-03849:1346777:1347768 [2] NCCL INFO Successfully loaded external plugin libnccl-net.so
bddx-inf-sci-k8s-a800-03849:1346777:1347768 [2] NCCL INFO Plugin Path : /opt/hpcx/nccl_rdma_sharp_plugin/lib/libnccl-net.so
bddx-inf-sci-k8s-a800-03849:1346777:1347768 [2] NCCL INFO P2P plugin v10 IBext_v10
bddx-inf-sci-k8s-a800-03849:1346777:1347768 [2] NCCL INFO NCCL_SOCKET_IFNAME set by environment to bond0
bddx-inf-sci-k8s-a800-03849:1346776:1347771 [1] NCCL INFO NET/Plugin: Plugin name set by env to libnccl-net.so
bddx-inf-sci-k8s-a800-03849:1346776:1347771 [1] NCCL INFO NET/Plugin: Loaded net plugin NCCL RDMA Plugin v10 (v10)
bddx-inf-sci-k8s-a800-03849:1346776:1347771 [1] NCCL INFO NET/Plugin: Loaded collnet plugin NCCL RDMA Plugin v10 (v10)
bddx-inf-sci-k8s-a800-03849:1346776:1347771 [1] NCCL INFO Successfully loaded external plugin libnccl-net.so
bddx-inf-sci-k8s-a800-03849:1346776:1347771 [1] NCCL INFO Plugin Path : /opt/hpcx/nccl_rdma_sharp_plugin/lib/libnccl-net.so
bddx-inf-sci-k8s-a800-03849:1346776:1347771 [1] NCCL INFO P2P plugin v10 IBext_v10
bddx-inf-sci-k8s-a800-03849:1346776:1347771 [1] NCCL INFO NCCL_SOCKET_IFNAME set by environment to bond0
bddx-inf-sci-k8s-a800-03849:1346778:1347770 [3] NCCL INFO NET/Plugin: Plugin name set by env to libnccl-net.so
bddx-inf-sci-k8s-a800-03849:1346778:1347770 [3] NCCL INFO NET/Plugin: Loaded net plugin NCCL RDMA Plugin v10 (v10)
bddx-inf-sci-k8s-a800-03849:1346778:1347770 [3] NCCL INFO NET/Plugin: Loaded collnet plugin NCCL RDMA Plugin v10 (v10)
bddx-inf-sci-k8s-a800-03849:1346778:1347770 [3] NCCL INFO Successfully loaded external plugin libnccl-net.so
bddx-inf-sci-k8s-a800-03849:1346778:1347770 [3] NCCL INFO Plugin Path : /opt/hpcx/nccl_rdma_sharp_plugin/lib/libnccl-net.so
bddx-inf-sci-k8s-a800-03849:1346778:1347770 [3] NCCL INFO P2P plugin v10 IBext_v10
bddx-inf-sci-k8s-a800-03849:1346778:1347770 [3] NCCL INFO NCCL_SOCKET_IFNAME set by environment to bond0
bddx-inf-sci-k8s-a800-03849:1346780:1347772 [5] NCCL INFO NET/Plugin: Plugin name set by env to libnccl-net.so
bddx-inf-sci-k8s-a800-03849:1346780:1347772 [5] NCCL INFO NET/Plugin: Loaded net plugin NCCL RDMA Plugin v10 (v10)
bddx-inf-sci-k8s-a800-03849:1346780:1347772 [5] NCCL INFO NET/Plugin: Loaded collnet plugin NCCL RDMA Plugin v10 (v10)
bddx-inf-sci-k8s-a800-03849:1346780:1347772 [5] NCCL INFO Successfully loaded external plugin libnccl-net.so
bddx-inf-sci-k8s-a800-03849:1346780:1347772 [5] NCCL INFO Plugin Path : /opt/hpcx/nccl_rdma_sharp_plugin/lib/libnccl-net.so
bddx-inf-sci-k8s-a800-03849:1346780:1347772 [5] NCCL INFO P2P plugin v10 IBext_v10
bddx-inf-sci-k8s-a800-03849:1346780:1347772 [5] NCCL INFO NCCL_SOCKET_IFNAME set by environment to bond0
bddx-inf-sci-k8s-a800-03849:1346781:1347769 [6] NCCL INFO NET/Plugin: Plugin name set by env to libnccl-net.so
bddx-inf-sci-k8s-a800-03849:1346781:1347769 [6] NCCL INFO NET/Plugin: Loaded net plugin NCCL RDMA Plugin v10 (v10)
bddx-inf-sci-k8s-a800-03849:1346781:1347769 [6] NCCL INFO NET/Plugin: Loaded collnet plugin NCCL RDMA Plugin v10 (v10)
bddx-inf-sci-k8s-a800-03849:1346781:1347769 [6] NCCL INFO Successfully loaded external plugin libnccl-net.so
bddx-inf-sci-k8s-a800-03849:1346781:1347769 [6] NCCL INFO Plugin Path : /opt/hpcx/nccl_rdma_sharp_plugin/lib/libnccl-net.so
bddx-inf-sci-k8s-a800-03849:1346781:1347769 [6] NCCL INFO P2P plugin v10 IBext_v10
bddx-inf-sci-k8s-a800-03849:1346781:1347769 [6] NCCL INFO NCCL_SOCKET_IFNAME set by environment to bond0
bddx-inf-sci-k8s-a800-03849:1346779:1347773 [4] NCCL INFO NET/Plugin: Plugin name set by env to libnccl-net.so
bddx-inf-sci-k8s-a800-03849:1346779:1347773 [4] NCCL INFO NET/Plugin: Loaded net plugin NCCL RDMA Plugin v10 (v10)
bddx-inf-sci-k8s-a800-03849:1346779:1347773 [4] NCCL INFO NET/Plugin: Loaded collnet plugin NCCL RDMA Plugin v10 (v10)
bddx-inf-sci-k8s-a800-03849:1346779:1347773 [4] NCCL INFO Successfully loaded external plugin libnccl-net.so
bddx-inf-sci-k8s-a800-03849:1346779:1347773 [4] NCCL INFO Plugin Path : /opt/hpcx/nccl_rdma_sharp_plugin/lib/libnccl-net.so
bddx-inf-sci-k8s-a800-03849:1346779:1347773 [4] NCCL INFO P2P plugin v10 IBext_v10
bddx-inf-sci-k8s-a800-03849:1346779:1347773 [4] NCCL INFO NCCL_SOCKET_IFNAME set by environment to bond0
bddx-inf-sci-k8s-a800-03849:1346778:1347770 [3] NCCL INFO NCCL_IB_ADAPTIVE_ROUTING set by environment to 0.
bddx-inf-sci-k8s-a800-03849:1346781:1347769 [6] NCCL INFO NCCL_IB_ADAPTIVE_ROUTING set by environment to 0.
bddx-inf-sci-k8s-a800-03849:1346779:1347773 [4] NCCL INFO NCCL_IB_ADAPTIVE_ROUTING set by environment to 0.
bddx-inf-sci-k8s-a800-03849:1346780:1347772 [5] NCCL INFO NCCL_IB_ADAPTIVE_ROUTING set by environment to 0.
bddx-inf-sci-k8s-a800-03849:1346777:1347768 [2] NCCL INFO NCCL_IB_ADAPTIVE_ROUTING set by environment to 0.
bddx-inf-sci-k8s-a800-03849:1346782:1347767 [7] NCCL INFO NCCL_IB_ADAPTIVE_ROUTING set by environment to 0.
bddx-inf-sci-k8s-a800-03849:1346776:1347771 [1] NCCL INFO NCCL_IB_ADAPTIVE_ROUTING set by environment to 0.
bddx-inf-sci-k8s-a800-03849:1346775:1347774 [0] NCCL INFO NET/Plugin: Plugin name set by env to libnccl-net.so
bddx-inf-sci-k8s-a800-03849:1346775:1347774 [0] NCCL INFO NET/Plugin: Loaded net plugin NCCL RDMA Plugin v10 (v10)
bddx-inf-sci-k8s-a800-03849:1346775:1347774 [0] NCCL INFO NET/Plugin: Loaded collnet plugin NCCL RDMA Plugin v10 (v10)
bddx-inf-sci-k8s-a800-03849:1346775:1347774 [0] NCCL INFO Successfully loaded external plugin libnccl-net.so
bddx-inf-sci-k8s-a800-03849:1346775:1347774 [0] NCCL INFO Plugin Path : /opt/hpcx/nccl_rdma_sharp_plugin/lib/libnccl-net.so
bddx-inf-sci-k8s-a800-03849:1346775:1347774 [0] NCCL INFO P2P plugin v10 IBext_v10
bddx-inf-sci-k8s-a800-03849:1346775:1347774 [0] NCCL INFO NCCL_SOCKET_IFNAME set by environment to bond0
bddx-inf-sci-k8s-a800-03849:1346775:1347774 [0] NCCL INFO NCCL_IB_ADAPTIVE_ROUTING set by environment to 0.
bddx-inf-sci-k8s-a800-03849:1346778:1347770 [3] NCCL INFO NET/IB : Using [0]mlx5_2:1/RoCE [1]mlx5_3:1/RoCE [2]mlx5_4:1/RoCE [3]mlx5_5:1/RoCE [4]mlx5_6:1/RoCE [5]mlx5_7:1/RoCE [6]mlx5_8:1/RoCE [7]mlx5_9:1/RoCE [RO]; OOB bond0:10.206.118.11<0>
bddx-inf-sci-k8s-a800-03849:1346778:1347770 [3] NCCL INFO Initialized NET plugin IBext_v10
bddx-inf-sci-k8s-a800-03849:1346778:1347770 [3] NCCL INFO Assigned NET plugin IBext_v10 to comm
bddx-inf-sci-k8s-a800-03849:1346778:1347770 [3] NCCL INFO Using network IBext_v10
bddx-inf-sci-k8s-a800-03849:1346778:1347770 [3] NCCL INFO ncclCommInitRankConfig comm 0x1255ce10 rank 3 nranks 8 cudaDev 3 nvmlDev 3 busId 4d000 commId 0x7715be32be087f76 - Init START
bddx-inf-sci-k8s-a800-03849:1346779:1347773 [4] NCCL INFO NET/IB : Using [0]mlx5_2:1/RoCE [1]mlx5_3:1/RoCE [2]mlx5_4:1/RoCE [3]mlx5_5:1/RoCE [4]mlx5_6:1/RoCE [5]mlx5_7:1/RoCE [6]mlx5_8:1/RoCE [7]mlx5_9:1/RoCE [RO]; OOB bond0:10.206.118.11<0>
bddx-inf-sci-k8s-a800-03849:1346779:1347773 [4] NCCL INFO Initialized NET plugin IBext_v10
bddx-inf-sci-k8s-a800-03849:1346779:1347773 [4] NCCL INFO Assigned NET plugin IBext_v10 to comm
bddx-inf-sci-k8s-a800-03849:1346779:1347773 [4] NCCL INFO Using network IBext_v10
bddx-inf-sci-k8s-a800-03849:1346781:1347769 [6] NCCL INFO NET/IB : Using [0]mlx5_2:1/RoCE [1]mlx5_3:1/RoCE [2]mlx5_4:1/RoCE [3]mlx5_5:1/RoCE [4]mlx5_6:1/RoCE [5]mlx5_7:1/RoCE [6]mlx5_8:1/RoCE [7]mlx5_9:1/RoCE [RO]; OOB bond0:10.206.118.11<0>
bddx-inf-sci-k8s-a800-03849:1346781:1347769 [6] NCCL INFO Initialized NET plugin IBext_v10
bddx-inf-sci-k8s-a800-03849:1346781:1347769 [6] NCCL INFO Assigned NET plugin IBext_v10 to comm
bddx-inf-sci-k8s-a800-03849:1346781:1347769 [6] NCCL INFO Using network IBext_v10
bddx-inf-sci-k8s-a800-03849:1346777:1347768 [2] NCCL INFO NET/IB : Using [0]mlx5_2:1/RoCE [1]mlx5_3:1/RoCE [2]mlx5_4:1/RoCE [3]mlx5_5:1/RoCE [4]mlx5_6:1/RoCE [5]mlx5_7:1/RoCE [6]mlx5_8:1/RoCE [7]mlx5_9:1/RoCE [RO]; OOB bond0:10.206.118.11<0>
bddx-inf-sci-k8s-a800-03849:1346777:1347768 [2] NCCL INFO Initialized NET plugin IBext_v10
bddx-inf-sci-k8s-a800-03849:1346777:1347768 [2] NCCL INFO Assigned NET plugin IBext_v10 to comm
bddx-inf-sci-k8s-a800-03849:1346777:1347768 [2] NCCL INFO Using network IBext_v10
bddx-inf-sci-k8s-a800-03849:1346779:1347773 [4] NCCL INFO ncclCommInitRankConfig comm 0x12145b70 rank 4 nranks 8 cudaDev 4 nvmlDev 4 busId 89000 commId 0x7715be32be087f76 - Init START
bddx-inf-sci-k8s-a800-03849:1346781:1347769 [6] NCCL INFO ncclCommInitRankConfig comm 0x11b123e0 rank 6 nranks 8 cudaDev 6 nvmlDev 6 busId c5000 commId 0x7715be32be087f76 - Init START
bddx-inf-sci-k8s-a800-03849:1346777:1347768 [2] NCCL INFO ncclCommInitRankConfig comm 0x132de130 rank 2 nranks 8 cudaDev 2 nvmlDev 2 busId 49000 commId 0x7715be32be087f76 - Init START
bddx-inf-sci-k8s-a800-03849:1346780:1347772 [5] NCCL INFO NET/IB : Using [0]mlx5_2:1/RoCE [1]mlx5_3:1/RoCE [2]mlx5_4:1/RoCE [3]mlx5_5:1/RoCE [4]mlx5_6:1/RoCE [5]mlx5_7:1/RoCE [6]mlx5_8:1/RoCE [7]mlx5_9:1/RoCE [RO]; OOB bond0:10.206.118.11<0>
bddx-inf-sci-k8s-a800-03849:1346780:1347772 [5] NCCL INFO Initialized NET plugin IBext_v10
bddx-inf-sci-k8s-a800-03849:1346780:1347772 [5] NCCL INFO Assigned NET plugin IBext_v10 to comm
bddx-inf-sci-k8s-a800-03849:1346780:1347772 [5] NCCL INFO Using network IBext_v10
bddx-inf-sci-k8s-a800-03849:1346780:1347772 [5] NCCL INFO ncclCommInitRankConfig comm 0x11fa8c30 rank 5 nranks 8 cudaDev 5 nvmlDev 5 busId 8e000 commId 0x7715be32be087f76 - Init START
bddx-inf-sci-k8s-a800-03849:1346782:1347767 [7] NCCL INFO NET/IB : Using [0]mlx5_2:1/RoCE [1]mlx5_3:1/RoCE [2]mlx5_4:1/RoCE [3]mlx5_5:1/RoCE [4]mlx5_6:1/RoCE [5]mlx5_7:1/RoCE [6]mlx5_8:1/RoCE [7]mlx5_9:1/RoCE [RO]; OOB bond0:10.206.118.11<0>
bddx-inf-sci-k8s-a800-03849:1346782:1347767 [7] NCCL INFO Initialized NET plugin IBext_v10
bddx-inf-sci-k8s-a800-03849:1346782:1347767 [7] NCCL INFO Assigned NET plugin IBext_v10 to comm
bddx-inf-sci-k8s-a800-03849:1346782:1347767 [7] NCCL INFO Using network IBext_v10
bddx-inf-sci-k8s-a800-03849:1346782:1347767 [7] NCCL INFO ncclCommInitRankConfig comm 0x11c0d6d0 rank 7 nranks 8 cudaDev 7 nvmlDev 7 busId c9000 commId 0x7715be32be087f76 - Init START
bddx-inf-sci-k8s-a800-03849:1346778:1347770 [3] NCCL INFO RAS client listening socket at 127.0.0.1<28028>
bddx-inf-sci-k8s-a800-03849:1346775:1347774 [0] NCCL INFO NET/IB : Using [0]mlx5_2:1/RoCE [1]mlx5_3:1/RoCE [2]mlx5_4:1/RoCE [3]mlx5_5:1/RoCE [4]mlx5_6:1/RoCE [5]mlx5_7:1/RoCE [6]mlx5_8:1/RoCE [7]mlx5_9:1/RoCE [RO]; OOB bond0:10.206.118.11<0>
bddx-inf-sci-k8s-a800-03849:1346775:1347774 [0] NCCL INFO Initialized NET plugin IBext_v10
bddx-inf-sci-k8s-a800-03849:1346780:1347772 [5] NCCL INFO RAS client listening socket at 127.0.0.1<28028>
bddx-inf-sci-k8s-a800-03849:1346775:1347774 [0] NCCL INFO Assigned NET plugin IBext_v10 to comm
bddx-inf-sci-k8s-a800-03849:1346775:1347774 [0] NCCL INFO Using network IBext_v10
bddx-inf-sci-k8s-a800-03849:1346776:1347771 [1] NCCL INFO NET/IB : Using [0]mlx5_2:1/RoCE [1]mlx5_3:1/RoCE [2]mlx5_4:1/RoCE [3]mlx5_5:1/RoCE [4]mlx5_6:1/RoCE [5]mlx5_7:1/RoCE [6]mlx5_8:1/RoCE [7]mlx5_9:1/RoCE [RO]; OOB bond0:10.206.118.11<0>
bddx-inf-sci-k8s-a800-03849:1346776:1347771 [1] NCCL INFO Initialized NET plugin IBext_v10
bddx-inf-sci-k8s-a800-03849:1346776:1347771 [1] NCCL INFO Assigned NET plugin IBext_v10 to comm
bddx-inf-sci-k8s-a800-03849:1346776:1347771 [1] NCCL INFO Using network IBext_v10
bddx-inf-sci-k8s-a800-03849:1346779:1347773 [4] NCCL INFO RAS client listening socket at 127.0.0.1<28028>
bddx-inf-sci-k8s-a800-03849:1346775:1347774 [0] NCCL INFO ncclCommInitRankConfig comm 0x11ca6900 rank 0 nranks 8 cudaDev 0 nvmlDev 0 busId 12000 commId 0x7715be32be087f76 - Init START
bddx-inf-sci-k8s-a800-03849:1346776:1347771 [1] NCCL INFO ncclCommInitRankConfig comm 0x1239dab0 rank 1 nranks 8 cudaDev 1 nvmlDev 1 busId 18000 commId 0x7715be32be087f76 - Init START
bddx-inf-sci-k8s-a800-03849:1346781:1347769 [6] NCCL INFO RAS client listening socket at 127.0.0.1<28028>
bddx-inf-sci-k8s-a800-03849:1346782:1347767 [7] NCCL INFO RAS client listening socket at 127.0.0.1<28028>
bddx-inf-sci-k8s-a800-03849:1346775:1347774 [0] NCCL INFO RAS client listening socket at 127.0.0.1<28028>
bddx-inf-sci-k8s-a800-03849:1346777:1347768 [2] NCCL INFO RAS client listening socket at 127.0.0.1<28028>
bddx-inf-sci-k8s-a800-03849:1346776:1347771 [1] NCCL INFO RAS client listening socket at 127.0.0.1<28028>
bddx-inf-sci-k8s-a800-03849:1346781:1347769 [6] NCCL INFO TOPO/NET : Importing network plugins to topology
bddx-inf-sci-k8s-a800-03849:1346781:1347769 [6] NCCL INFO Retrieving state for IBext_v10
bddx-inf-sci-k8s-a800-03849:1346781:1347769 [6] NCCL INFO Initialized state 0 for IBext_v10
bddx-inf-sci-k8s-a800-03849:1346781:1347769 [6] NCCL INFO ncclTopoPopulateNics : Filled mlx5_2 in topo with pciPath=/sys/devices/pci0000:0b/0000:0b:02.0/0000:0c:00.0/0000:0d:08.0/0000:1d:00.0/0000:1e:00.0/0000:1f:00.0 keep=1 coll=(null)
bddx-inf-sci-k8s-a800-03849:1346781:1347769 [6] NCCL INFO ncclTopoPopulateNics : Filled mlx5_3 in topo with pciPath=/sys/devices/pci0000:0b/0000:0b:02.0/0000:0c:00.0/0000:0d:08.0/0000:1d:00.0/0000:1e:00.0/0000:1f:00.1 keep=1 coll=(null)
bddx-inf-sci-k8s-a800-03849:1346781:1347769 [6] NCCL INFO ncclTopoPopulateNics : Filled mlx5_4 in topo with pciPath=/sys/devices/pci0000:42/0000:42:02.0/0000:43:00.0/0000:44:08.0/0000:5d:00.0/0000:5e:00.0/0000:5f:00.0 keep=1 coll=(null)
bddx-inf-sci-k8s-a800-03849:1346781:1347769 [6] NCCL INFO ncclTopoPopulateNics : Filled mlx5_5 in topo with pciPath=/sys/devices/pci0000:42/0000:42:02.0/0000:43:00.0/0000:44:08.0/0000:5d:00.0/0000:5e:00.0/0000:5f:00.1 keep=1 coll=(null)
bddx-inf-sci-k8s-a800-03849:1346781:1347769 [6] NCCL INFO ncclTopoPopulateNics : Filled mlx5_6 in topo with pciPath=/sys/devices/pci0000:82/0000:82:02.0/0000:83:00.0/0000:84:08.0/0000:93:00.0/0000:94:00.0/0000:95:00.0 keep=1 coll=(null)
bddx-inf-sci-k8s-a800-03849:1346781:1347769 [6] NCCL INFO ncclTopoPopulateNics : Filled mlx5_7 in topo with pciPath=/sys/devices/pci0000:82/0000:82:02.0/0000:83:00.0/0000:84:08.0/0000:93:00.0/0000:94:00.0/0000:95:00.1 keep=1 coll=(null)
bddx-inf-sci-k8s-a800-03849:1346781:1347769 [6] NCCL INFO ncclTopoPopulateNics : Filled mlx5_8 in topo with pciPath=/sys/devices/pci0000:be/0000:be:02.0/0000:bf:00.0/0000:c0:04.0/0000:ca:00.0/0000:cb:10.0/0000:cc:00.0 keep=1 coll=(null)
bddx-inf-sci-k8s-a800-03849:1346781:1347769 [6] NCCL INFO ncclTopoPopulateNics : Filled mlx5_9 in topo with pciPath=/sys/devices/pci0000:be/0000:be:02.0/0000:bf:00.0/0000:c0:04.0/0000:ca:00.0/0000:cb:10.0/0000:cc:00.1 keep=1 coll=(null)
bddx-inf-sci-k8s-a800-03849:1346781:1347769 [6] NCCL INFO TOPO/NET : Made vNic 8
bddx-inf-sci-k8s-a800-03849:1346781:1347769 [6] NCCL INFO TOPO/NET : Made vNic 9
bddx-inf-sci-k8s-a800-03849:1346781:1347769 [6] NCCL INFO TOPO/NET : Made vNic 10
bddx-inf-sci-k8s-a800-03849:1346781:1347769 [6] NCCL INFO TOPO/NET : Made vNic 11
bddx-inf-sci-k8s-a800-03849:1346781:1347769 [6] NCCL INFO ncclTopoPopulateNics : Filled mlx5_2+mlx5_3 in topo with pciPath=/sys/devices/pci0000:0b/0000:0b:02.0/0000:0c:00.0/0000:0d:08.0/0000:1d:00.0/0000:1e:00.0/0000:1f:00.0 keep=1 coll=(null)
bddx-inf-sci-k8s-a800-03849:1346781:1347769 [6] NCCL INFO ncclTopoPopulateNics : Filled mlx5_4+mlx5_5 in topo with pciPath=/sys/devices/pci0000:42/0000:42:02.0/0000:43:00.0/0000:44:08.0/0000:5d:00.0/0000:5e:00.0/0000:5f:00.0 keep=1 coll=(null)
bddx-inf-sci-k8s-a800-03849:1346781:1347769 [6] NCCL INFO ncclTopoPopulateNics : Filled mlx5_6+mlx5_7 in topo with pciPath=/sys/devices/pci0000:82/0000:82:02.0/0000:83:00.0/0000:84:08.0/0000:93:00.0/0000:94:00.0/0000:95:00.0 keep=1 coll=(null)
bddx-inf-sci-k8s-a800-03849:1346781:1347769 [6] NCCL INFO ncclTopoPopulateNics : Filled mlx5_8+mlx5_9 in topo with pciPath=/sys/devices/pci0000:be/0000:be:02.0/0000:bf:00.0/0000:c0:04.0/0000:ca:00.0/0000:cb:10.0/0000:cc:00.0 keep=1 coll=(null)
bddx-inf-sci-k8s-a800-03849:1346775:1347774 [0] NCCL INFO TOPO/NET : Importing network plugins to topology
bddx-inf-sci-k8s-a800-03849:1346775:1347774 [0] NCCL INFO Retrieving state for IBext_v10
bddx-inf-sci-k8s-a800-03849:1346775:1347774 [0] NCCL INFO Initialized state 0 for IBext_v10
bddx-inf-sci-k8s-a800-03849:1346775:1347774 [0] NCCL INFO ncclTopoPopulateNics : Filled mlx5_2 in topo with pciPath=/sys/devices/pci0000:0b/0000:0b:02.0/0000:0c:00.0/0000:0d:08.0/0000:1d:00.0/0000:1e:00.0/0000:1f:00.0 keep=1 coll=(null)
bddx-inf-sci-k8s-a800-03849:1346782:1347767 [7] NCCL INFO TOPO/NET : Importing network plugins to topology
bddx-inf-sci-k8s-a800-03849:1346782:1347767 [7] NCCL INFO Retrieving state for IBext_v10
bddx-inf-sci-k8s-a800-03849:1346782:1347767 [7] NCCL INFO Initialized state 0 for IBext_v10
bddx-inf-sci-k8s-a800-03849:1346775:1347774 [0] NCCL INFO ncclTopoPopulateNics : Filled mlx5_3 in topo with pciPath=/sys/devices/pci0000:0b/0000:0b:02.0/0000:0c:00.0/0000:0d:08.0/0000:1d:00.0/0000:1e:00.0/0000:1f:00.1 keep=1 coll=(null)
bddx-inf-sci-k8s-a800-03849:1346782:1347767 [7] NCCL INFO ncclTopoPopulateNics : Filled mlx5_2 in topo with pciPath=/sys/devices/pci0000:0b/0000:0b:02.0/0000:0c:00.0/0000:0d:08.0/0000:1d:00.0/0000:1e:00.0/0000:1f:00.0 keep=1 coll=(null)
bddx-inf-sci-k8s-a800-03849:1346775:1347774 [0] NCCL INFO ncclTopoPopulateNics : Filled mlx5_4 in topo with pciPath=/sys/devices/pci0000:42/0000:42:02.0/0000:43:00.0/0000:44:08.0/0000:5d:00.0/0000:5e:00.0/0000:5f:00.0 keep=1 coll=(null)
bddx-inf-sci-k8s-a800-03849:1346782:1347767 [7] NCCL INFO ncclTopoPopulateNics : Filled mlx5_3 in topo with pciPath=/sys/devices/pci0000:0b/0000:0b:02.0/0000:0c:00.0/0000:0d:08.0/0000:1d:00.0/0000:1e:00.0/0000:1f:00.1 keep=1 coll=(null)
bddx-inf-sci-k8s-a800-03849:1346775:1347774 [0] NCCL INFO ncclTopoPopulateNics : Filled mlx5_5 in topo with pciPath=/sys/devices/pci0000:42/0000:42:02.0/0000:43:00.0/0000:44:08.0/0000:5d:00.0/0000:5e:00.0/0000:5f:00.1 keep=1 coll=(null)
bddx-inf-sci-k8s-a800-03849:1346782:1347767 [7] NCCL INFO ncclTopoPopulateNics : Filled mlx5_4 in topo with pciPath=/sys/devices/pci0000:42/0000:42:02.0/0000:43:00.0/0000:44:08.0/0000:5d:00.0/0000:5e:00.0/0000:5f:00.0 keep=1 coll=(null)
bddx-inf-sci-k8s-a800-03849:1346775:1347774 [0] NCCL INFO ncclTopoPopulateNics : Filled mlx5_6 in topo with pciPath=/sys/devices/pci0000:82/0000:82:02.0/0000:83:00.0/0000:84:08.0/0000:93:00.0/0000:94:00.0/0000:95:00.0 keep=1 coll=(null)
bddx-inf-sci-k8s-a800-03849:1346782:1347767 [7] NCCL INFO ncclTopoPopulateNics : Filled mlx5_5 in topo with pciPath=/sys/devices/pci0000:42/0000:42:02.0/0000:43:00.0/0000:44:08.0/0000:5d:00.0/0000:5e:00.0/0000:5f:00.1 keep=1 coll=(null)
bddx-inf-sci-k8s-a800-03849:1346775:1347774 [0] NCCL INFO ncclTopoPopulateNics : Filled mlx5_7 in topo with pciPath=/sys/devices/pci0000:82/0000:82:02.0/0000:83:00.0/0000:84:08.0/0000:93:00.0/0000:94:00.0/0000:95:00.1 keep=1 coll=(null)
bddx-inf-sci-k8s-a800-03849:1346782:1347767 [7] NCCL INFO ncclTopoPopulateNics : Filled mlx5_6 in topo with pciPath=/sys/devices/pci0000:82/0000:82:02.0/0000:83:00.0/0000:84:08.0/0000:93:00.0/0000:94:00.0/0000:95:00.0 keep=1 coll=(null)
bddx-inf-sci-k8s-a800-03849:1346775:1347774 [0] NCCL INFO ncclTopoPopulateNics : Filled mlx5_8 in topo with pciPath=/sys/devices/pci0000:be/0000:be:02.0/0000:bf:00.0/0000:c0:04.0/0000:ca:00.0/0000:cb:10.0/0000:cc:00.0 keep=1 coll=(null)
bddx-inf-sci-k8s-a800-03849:1346782:1347767 [7] NCCL INFO ncclTopoPopulateNics : Filled mlx5_7 in topo with pciPath=/sys/devices/pci0000:82/0000:82:02.0/0000:83:00.0/0000:84:08.0/0000:93:00.0/0000:94:00.0/0000:95:00.1 keep=1 coll=(null)
bddx-inf-sci-k8s-a800-03849:1346775:1347774 [0] NCCL INFO ncclTopoPopulateNics : Filled mlx5_9 in topo with pciPath=/sys/devices/pci0000:be/0000:be:02.0/0000:bf:00.0/0000:c0:04.0/0000:ca:00.0/0000:cb:10.0/0000:cc:00.1 keep=1 coll=(null)
bddx-inf-sci-k8s-a800-03849:1346775:1347774 [0] NCCL INFO TOPO/NET : Made vNic 8
bddx-inf-sci-k8s-a800-03849:1346775:1347774 [0] NCCL INFO TOPO/NET : Made vNic 9
bddx-inf-sci-k8s-a800-03849:1346775:1347774 [0] NCCL INFO TOPO/NET : Made vNic 10
bddx-inf-sci-k8s-a800-03849:1346775:1347774 [0] NCCL INFO TOPO/NET : Made vNic 11
bddx-inf-sci-k8s-a800-03849:1346775:1347774 [0] NCCL INFO ncclTopoPopulateNics : Filled mlx5_2+mlx5_3 in topo with pciPath=/sys/devices/pci0000:0b/0000:0b:02.0/0000:0c:00.0/0000:0d:08.0/0000:1d:00.0/0000:1e:00.0/0000:1f:00.0 keep=1 coll=(null)
bddx-inf-sci-k8s-a800-03849:1346775:1347774 [0] NCCL INFO ncclTopoPopulateNics : Filled mlx5_4+mlx5_5 in topo with pciPath=/sys/devices/pci0000:42/0000:42:02.0/0000:43:00.0/0000:44:08.0/0000:5d:00.0/0000:5e:00.0/0000:5f:00.0 keep=1 coll=(null)
bddx-inf-sci-k8s-a800-03849:1346775:1347774 [0] NCCL INFO ncclTopoPopulateNics : Filled mlx5_6+mlx5_7 in topo with pciPath=/sys/devices/pci0000:82/0000:82:02.0/0000:83:00.0/0000:84:08.0/0000:93:00.0/0000:94:00.0/0000:95:00.0 keep=1 coll=(null)
bddx-inf-sci-k8s-a800-03849:1346775:1347774 [0] NCCL INFO ncclTopoPopulateNics : Filled mlx5_8+mlx5_9 in topo with pciPath=/sys/devices/pci0000:be/0000:be:02.0/0000:bf:00.0/0000:c0:04.0/0000:ca:00.0/0000:cb:10.0/0000:cc:00.0 keep=1 coll=(null)
bddx-inf-sci-k8s-a800-03849:1346782:1347767 [7] NCCL INFO ncclTopoPopulateNics : Filled mlx5_8 in topo with pciPath=/sys/devices/pci0000:be/0000:be:02.0/0000:bf:00.0/0000:c0:04.0/0000:ca:00.0/0000:cb:10.0/0000:cc:00.0 keep=1 coll=(null)
bddx-inf-sci-k8s-a800-03849:1346782:1347767 [7] NCCL INFO ncclTopoPopulateNics : Filled mlx5_9 in topo with pciPath=/sys/devices/pci0000:be/0000:be:02.0/0000:bf:00.0/0000:c0:04.0/0000:ca:00.0/0000:cb:10.0/0000:cc:00.1 keep=1 coll=(null)
bddx-inf-sci-k8s-a800-03849:1346782:1347767 [7] NCCL INFO TOPO/NET : Made vNic 8
bddx-inf-sci-k8s-a800-03849:1346782:1347767 [7] NCCL INFO TOPO/NET : Made vNic 9
bddx-inf-sci-k8s-a800-03849:1346782:1347767 [7] NCCL INFO TOPO/NET : Made vNic 10
bddx-inf-sci-k8s-a800-03849:1346782:1347767 [7] NCCL INFO TOPO/NET : Made vNic 11
bddx-inf-sci-k8s-a800-03849:1346782:1347767 [7] NCCL INFO ncclTopoPopulateNics : Filled mlx5_2+mlx5_3 in topo with pciPath=/sys/devices/pci0000:0b/0000:0b:02.0/0000:0c:00.0/0000:0d:08.0/0000:1d:00.0/0000:1e:00.0/0000:1f:00.0 keep=1 coll=(null)
bddx-inf-sci-k8s-a800-03849:1346782:1347767 [7] NCCL INFO ncclTopoPopulateNics : Filled mlx5_4+mlx5_5 in topo with pciPath=/sys/devices/pci0000:42/0000:42:02.0/0000:43:00.0/0000:44:08.0/0000:5d:00.0/0000:5e:00.0/0000:5f:00.0 keep=1 coll=(null)
bddx-inf-sci-k8s-a800-03849:1346782:1347767 [7] NCCL INFO ncclTopoPopulateNics : Filled mlx5_6+mlx5_7 in topo with pciPath=/sys/devices/pci0000:82/0000:82:02.0/0000:83:00.0/0000:84:08.0/0000:93:00.0/0000:94:00.0/0000:95:00.0 keep=1 coll=(null)
bddx-inf-sci-k8s-a800-03849:1346782:1347767 [7] NCCL INFO ncclTopoPopulateNics : Filled mlx5_8+mlx5_9 in topo with pciPath=/sys/devices/pci0000:be/0000:be:02.0/0000:bf:00.0/0000:c0:04.0/0000:ca:00.0/0000:cb:10.0/0000:cc:00.0 keep=1 coll=(null)
bddx-inf-sci-k8s-a800-03849:1346778:1347770 [3] NCCL INFO TOPO/NET : Importing network plugins to topology
bddx-inf-sci-k8s-a800-03849:1346778:1347770 [3] NCCL INFO Retrieving state for IBext_v10
bddx-inf-sci-k8s-a800-03849:1346778:1347770 [3] NCCL INFO Initialized state 0 for IBext_v10
bddx-inf-sci-k8s-a800-03849:1346778:1347770 [3] NCCL INFO ncclTopoPopulateNics : Filled mlx5_2 in topo with pciPath=/sys/devices/pci0000:0b/0000:0b:02.0/0000:0c:00.0/0000:0d:08.0/0000:1d:00.0/0000:1e:00.0/0000:1f:00.0 keep=1 coll=(null)
bddx-inf-sci-k8s-a800-03849:1346778:1347770 [3] NCCL INFO ncclTopoPopulateNics : Filled mlx5_3 in topo with pciPath=/sys/devices/pci0000:0b/0000:0b:02.0/0000:0c:00.0/0000:0d:08.0/0000:1d:00.0/0000:1e:00.0/0000:1f:00.1 keep=1 coll=(null)
bddx-inf-sci-k8s-a800-03849:1346778:1347770 [3] NCCL INFO ncclTopoPopulateNics : Filled mlx5_4 in topo with pciPath=/sys/devices/pci0000:42/0000:42:02.0/0000:43:00.0/0000:44:08.0/0000:5d:00.0/0000:5e:00.0/0000:5f:00.0 keep=1 coll=(null)
bddx-inf-sci-k8s-a800-03849:1346779:1347773 [4] NCCL INFO TOPO/NET : Importing network plugins to topology
bddx-inf-sci-k8s-a800-03849:1346779:1347773 [4] NCCL INFO Retrieving state for IBext_v10
bddx-inf-sci-k8s-a800-03849:1346779:1347773 [4] NCCL INFO Initialized state 0 for IBext_v10
bddx-inf-sci-k8s-a800-03849:1346778:1347770 [3] NCCL INFO ncclTopoPopulateNics : Filled mlx5_5 in topo with pciPath=/sys/devices/pci0000:42/0000:42:02.0/0000:43:00.0/0000:44:08.0/0000:5d:00.0/0000:5e:00.0/0000:5f:00.1 keep=1 coll=(null)
bddx-inf-sci-k8s-a800-03849:1346779:1347773 [4] NCCL INFO ncclTopoPopulateNics : Filled mlx5_2 in topo with pciPath=/sys/devices/pci0000:0b/0000:0b:02.0/0000:0c:00.0/0000:0d:08.0/0000:1d:00.0/0000:1e:00.0/0000:1f:00.0 keep=1 coll=(null)
bddx-inf-sci-k8s-a800-03849:1346780:1347772 [5] NCCL INFO TOPO/NET : Importing network plugins to topology
bddx-inf-sci-k8s-a800-03849:1346780:1347772 [5] NCCL INFO Retrieving state for IBext_v10
bddx-inf-sci-k8s-a800-03849:1346780:1347772 [5] NCCL INFO Initialized state 0 for IBext_v10
bddx-inf-sci-k8s-a800-03849:1346776:1347771 [1] NCCL INFO TOPO/NET : Importing network plugins to topology
bddx-inf-sci-k8s-a800-03849:1346776:1347771 [1] NCCL INFO Retrieving state for IBext_v10
bddx-inf-sci-k8s-a800-03849:1346776:1347771 [1] NCCL INFO Initialized state 0 for IBext_v10
bddx-inf-sci-k8s-a800-03849:1346779:1347773 [4] NCCL INFO ncclTopoPopulateNics : Filled mlx5_3 in topo with pciPath=/sys/devices/pci0000:0b/0000:0b:02.0/0000:0c:00.0/0000:0d:08.0/0000:1d:00.0/0000:1e:00.0/0000:1f:00.1 keep=1 coll=(null)
bddx-inf-sci-k8s-a800-03849:1346778:1347770 [3] NCCL INFO ncclTopoPopulateNics : Filled mlx5_6 in topo with pciPath=/sys/devices/pci0000:82/0000:82:02.0/0000:83:00.0/0000:84:08.0/0000:93:00.0/0000:94:00.0/0000:95:00.0 keep=1 coll=(null)
bddx-inf-sci-k8s-a800-03849:1346780:1347772 [5] NCCL INFO ncclTopoPopulateNics : Filled mlx5_2 in topo with pciPath=/sys/devices/pci0000:0b/0000:0b:02.0/0000:0c:00.0/0000:0d:08.0/0000:1d:00.0/0000:1e:00.0/0000:1f:00.0 keep=1 coll=(null)
bddx-inf-sci-k8s-a800-03849:1346777:1347768 [2] NCCL INFO TOPO/NET : Importing network plugins to topology
bddx-inf-sci-k8s-a800-03849:1346777:1347768 [2] NCCL INFO Retrieving state for IBext_v10
bddx-inf-sci-k8s-a800-03849:1346776:1347771 [1] NCCL INFO ncclTopoPopulateNics : Filled mlx5_2 in topo with pciPath=/sys/devices/pci0000:0b/0000:0b:02.0/0000:0c:00.0/0000:0d:08.0/0000:1d:00.0/0000:1e:00.0/0000:1f:00.0 keep=1 coll=(null)
bddx-inf-sci-k8s-a800-03849:1346777:1347768 [2] NCCL INFO Initialized state 0 for IBext_v10
bddx-inf-sci-k8s-a800-03849:1346778:1347770 [3] NCCL INFO ncclTopoPopulateNics : Filled mlx5_7 in topo with pciPath=/sys/devices/pci0000:82/0000:82:02.0/0000:83:00.0/0000:84:08.0/0000:93:00.0/0000:94:00.0/0000:95:00.1 keep=1 coll=(null)
bddx-inf-sci-k8s-a800-03849:1346780:1347772 [5] NCCL INFO ncclTopoPopulateNics : Filled mlx5_3 in topo with pciPath=/sys/devices/pci0000:0b/0000:0b:02.0/0000:0c:00.0/0000:0d:08.0/0000:1d:00.0/0000:1e:00.0/0000:1f:00.1 keep=1 coll=(null)
bddx-inf-sci-k8s-a800-03849:1346779:1347773 [4] NCCL INFO ncclTopoPopulateNics : Filled mlx5_4 in topo with pciPath=/sys/devices/pci0000:42/0000:42:02.0/0000:43:00.0/0000:44:08.0/0000:5d:00.0/0000:5e:00.0/0000:5f:00.0 keep=1 coll=(null)
bddx-inf-sci-k8s-a800-03849:1346776:1347771 [1] NCCL INFO ncclTopoPopulateNics : Filled mlx5_3 in topo with pciPath=/sys/devices/pci0000:0b/0000:0b:02.0/0000:0c:00.0/0000:0d:08.0/0000:1d:00.0/0000:1e:00.0/0000:1f:00.1 keep=1 coll=(null)
bddx-inf-sci-k8s-a800-03849:1346777:1347768 [2] NCCL INFO ncclTopoPopulateNics : Filled mlx5_2 in topo with pciPath=/sys/devices/pci0000:0b/0000:0b:02.0/0000:0c:00.0/0000:0d:08.0/0000:1d:00.0/0000:1e:00.0/0000:1f:00.0 keep=1 coll=(null)
bddx-inf-sci-k8s-a800-03849:1346779:1347773 [4] NCCL INFO ncclTopoPopulateNics : Filled mlx5_5 in topo with pciPath=/sys/devices/pci0000:42/0000:42:02.0/0000:43:00.0/0000:44:08.0/0000:5d:00.0/0000:5e:00.0/0000:5f:00.1 keep=1 coll=(null)
bddx-inf-sci-k8s-a800-03849:1346778:1347770 [3] NCCL INFO ncclTopoPopulateNics : Filled mlx5_8 in topo with pciPath=/sys/devices/pci0000:be/0000:be:02.0/0000:bf:00.0/0000:c0:04.0/0000:ca:00.0/0000:cb:10.0/0000:cc:00.0 keep=1 coll=(null)
bddx-inf-sci-k8s-a800-03849:1346780:1347772 [5] NCCL INFO ncclTopoPopulateNics : Filled mlx5_4 in topo with pciPath=/sys/devices/pci0000:42/0000:42:02.0/0000:43:00.0/0000:44:08.0/0000:5d:00.0/0000:5e:00.0/0000:5f:00.0 keep=1 coll=(null)
bddx-inf-sci-k8s-a800-03849:1346777:1347768 [2] NCCL INFO ncclTopoPopulateNics : Filled mlx5_3 in topo with pciPath=/sys/devices/pci0000:0b/0000:0b:02.0/0000:0c:00.0/0000:0d:08.0/0000:1d:00.0/0000:1e:00.0/0000:1f:00.1 keep=1 coll=(null)
bddx-inf-sci-k8s-a800-03849:1346776:1347771 [1] NCCL INFO ncclTopoPopulateNics : Filled mlx5_4 in topo with pciPath=/sys/devices/pci0000:42/0000:42:02.0/0000:43:00.0/0000:44:08.0/0000:5d:00.0/0000:5e:00.0/0000:5f:00.0 keep=1 coll=(null)
bddx-inf-sci-k8s-a800-03849:1346779:1347773 [4] NCCL INFO ncclTopoPopulateNics : Filled mlx5_6 in topo with pciPath=/sys/devices/pci0000:82/0000:82:02.0/0000:83:00.0/0000:84:08.0/0000:93:00.0/0000:94:00.0/0000:95:00.0 keep=1 coll=(null)
bddx-inf-sci-k8s-a800-03849:1346778:1347770 [3] NCCL INFO ncclTopoPopulateNics : Filled mlx5_9 in topo with pciPath=/sys/devices/pci0000:be/0000:be:02.0/0000:bf:00.0/0000:c0:04.0/0000:ca:00.0/0000:cb:10.0/0000:cc:00.1 keep=1 coll=(null)
bddx-inf-sci-k8s-a800-03849:1346778:1347770 [3] NCCL INFO TOPO/NET : Made vNic 8
bddx-inf-sci-k8s-a800-03849:1346778:1347770 [3] NCCL INFO TOPO/NET : Made vNic 9
bddx-inf-sci-k8s-a800-03849:1346778:1347770 [3] NCCL INFO TOPO/NET : Made vNic 10
bddx-inf-sci-k8s-a800-03849:1346778:1347770 [3] NCCL INFO TOPO/NET : Made vNic 11
bddx-inf-sci-k8s-a800-03849:1346778:1347770 [3] NCCL INFO ncclTopoPopulateNics : Filled mlx5_2+mlx5_3 in topo with pciPath=/sys/devices/pci0000:0b/0000:0b:02.0/0000:0c:00.0/0000:0d:08.0/0000:1d:00.0/0000:1e:00.0/0000:1f:00.0 keep=1 coll=(null)
bddx-inf-sci-k8s-a800-03849:1346780:1347772 [5] NCCL INFO ncclTopoPopulateNics : Filled mlx5_5 in topo with pciPath=/sys/devices/pci0000:42/0000:42:02.0/0000:43:00.0/0000:44:08.0/0000:5d:00.0/0000:5e:00.0/0000:5f:00.1 keep=1 coll=(null)
bddx-inf-sci-k8s-a800-03849:1346778:1347770 [3] NCCL INFO ncclTopoPopulateNics : Filled mlx5_4+mlx5_5 in topo with pciPath=/sys/devices/pci0000:42/0000:42:02.0/0000:43:00.0/0000:44:08.0/0000:5d:00.0/0000:5e:00.0/0000:5f:00.0 keep=1 coll=(null)
bddx-inf-sci-k8s-a800-03849:1346776:1347771 [1] NCCL INFO ncclTopoPopulateNics : Filled mlx5_5 in topo with pciPath=/sys/devices/pci0000:42/0000:42:02.0/0000:43:00.0/0000:44:08.0/0000:5d:00.0/0000:5e:00.0/0000:5f:00.1 keep=1 coll=(null)
bddx-inf-sci-k8s-a800-03849:1346778:1347770 [3] NCCL INFO ncclTopoPopulateNics : Filled mlx5_6+mlx5_7 in topo with pciPath=/sys/devices/pci0000:82/0000:82:02.0/0000:83:00.0/0000:84:08.0/0000:93:00.0/0000:94:00.0/0000:95:00.0 keep=1 coll=(null)
bddx-inf-sci-k8s-a800-03849:1346778:1347770 [3] NCCL INFO ncclTopoPopulateNics : Filled mlx5_8+mlx5_9 in topo with pciPath=/sys/devices/pci0000:be/0000:be:02.0/0000:bf:00.0/0000:c0:04.0/0000:ca:00.0/0000:cb:10.0/0000:cc:00.0 keep=1 coll=(null)
bddx-inf-sci-k8s-a800-03849:1346777:1347768 [2] NCCL INFO ncclTopoPopulateNics : Filled mlx5_4 in topo with pciPath=/sys/devices/pci0000:42/0000:42:02.0/0000:43:00.0/0000:44:08.0/0000:5d:00.0/0000:5e:00.0/0000:5f:00.0 keep=1 coll=(null)
bddx-inf-sci-k8s-a800-03849:1346779:1347773 [4] NCCL INFO ncclTopoPopulateNics : Filled mlx5_7 in topo with pciPath=/sys/devices/pci0000:82/0000:82:02.0/0000:83:00.0/0000:84:08.0/0000:93:00.0/0000:94:00.0/0000:95:00.1 keep=1 coll=(null)
bddx-inf-sci-k8s-a800-03849:1346780:1347772 [5] NCCL INFO ncclTopoPopulateNics : Filled mlx5_6 in topo with pciPath=/sys/devices/pci0000:82/0000:82:02.0/0000:83:00.0/0000:84:08.0/0000:93:00.0/0000:94:00.0/0000:95:00.0 keep=1 coll=(null)
bddx-inf-sci-k8s-a800-03849:1346777:1347768 [2] NCCL INFO ncclTopoPopulateNics : Filled mlx5_5 in topo with pciPath=/sys/devices/pci0000:42/0000:42:02.0/0000:43:00.0/0000:44:08.0/0000:5d:00.0/0000:5e:00.0/0000:5f:00.1 keep=1 coll=(null)
bddx-inf-sci-k8s-a800-03849:1346776:1347771 [1] NCCL INFO ncclTopoPopulateNics : Filled mlx5_6 in topo with pciPath=/sys/devices/pci0000:82/0000:82:02.0/0000:83:00.0/0000:84:08.0/0000:93:00.0/0000:94:00.0/0000:95:00.0 keep=1 coll=(null)
bddx-inf-sci-k8s-a800-03849:1346779:1347773 [4] NCCL INFO ncclTopoPopulateNics : Filled mlx5_8 in topo with pciPath=/sys/devices/pci0000:be/0000:be:02.0/0000:bf:00.0/0000:c0:04.0/0000:ca:00.0/0000:cb:10.0/0000:cc:00.0 keep=1 coll=(null)
bddx-inf-sci-k8s-a800-03849:1346780:1347772 [5] NCCL INFO ncclTopoPopulateNics : Filled mlx5_7 in topo with pciPath=/sys/devices/pci0000:82/0000:82:02.0/0000:83:00.0/0000:84:08.0/0000:93:00.0/0000:94:00.0/0000:95:00.1 keep=1 coll=(null)
bddx-inf-sci-k8s-a800-03849:1346776:1347771 [1] NCCL INFO ncclTopoPopulateNics : Filled mlx5_7 in topo with pciPath=/sys/devices/pci0000:82/0000:82:02.0/0000:83:00.0/0000:84:08.0/0000:93:00.0/0000:94:00.0/0000:95:00.1 keep=1 coll=(null)
bddx-inf-sci-k8s-a800-03849:1346779:1347773 [4] NCCL INFO ncclTopoPopulateNics : Filled mlx5_9 in topo with pciPath=/sys/devices/pci0000:be/0000:be:02.0/0000:bf:00.0/0000:c0:04.0/0000:ca:00.0/0000:cb:10.0/0000:cc:00.1 keep=1 coll=(null)
bddx-inf-sci-k8s-a800-03849:1346779:1347773 [4] NCCL INFO TOPO/NET : Made vNic 8
bddx-inf-sci-k8s-a800-03849:1346779:1347773 [4] NCCL INFO TOPO/NET : Made vNic 9
bddx-inf-sci-k8s-a800-03849:1346779:1347773 [4] NCCL INFO TOPO/NET : Made vNic 10
bddx-inf-sci-k8s-a800-03849:1346779:1347773 [4] NCCL INFO TOPO/NET : Made vNic 11
bddx-inf-sci-k8s-a800-03849:1346777:1347768 [2] NCCL INFO ncclTopoPopulateNics : Filled mlx5_6 in topo with pciPath=/sys/devices/pci0000:82/0000:82:02.0/0000:83:00.0/0000:84:08.0/0000:93:00.0/0000:94:00.0/0000:95:00.0 keep=1 coll=(null)
bddx-inf-sci-k8s-a800-03849:1346779:1347773 [4] NCCL INFO ncclTopoPopulateNics : Filled mlx5_2+mlx5_3 in topo with pciPath=/sys/devices/pci0000:0b/0000:0b:02.0/0000:0c:00.0/0000:0d:08.0/0000:1d:00.0/0000:1e:00.0/0000:1f:00.0 keep=1 coll=(null)
bddx-inf-sci-k8s-a800-03849:1346779:1347773 [4] NCCL INFO ncclTopoPopulateNics : Filled mlx5_4+mlx5_5 in topo with pciPath=/sys/devices/pci0000:42/0000:42:02.0/0000:43:00.0/0000:44:08.0/0000:5d:00.0/0000:5e:00.0/0000:5f:00.0 keep=1 coll=(null)
bddx-inf-sci-k8s-a800-03849:1346779:1347773 [4] NCCL INFO ncclTopoPopulateNics : Filled mlx5_6+mlx5_7 in topo with pciPath=/sys/devices/pci0000:82/0000:82:02.0/0000:83:00.0/0000:84:08.0/0000:93:00.0/0000:94:00.0/0000:95:00.0 keep=1 coll=(null)
bddx-inf-sci-k8s-a800-03849:1346779:1347773 [4] NCCL INFO ncclTopoPopulateNics : Filled mlx5_8+mlx5_9 in topo with pciPath=/sys/devices/pci0000:be/0000:be:02.0/0000:bf:00.0/0000:c0:04.0/0000:ca:00.0/0000:cb:10.0/0000:cc:00.0 keep=1 coll=(null)
bddx-inf-sci-k8s-a800-03849:1346780:1347772 [5] NCCL INFO ncclTopoPopulateNics : Filled mlx5_8 in topo with pciPath=/sys/devices/pci0000:be/0000:be:02.0/0000:bf:00.0/0000:c0:04.0/0000:ca:00.0/0000:cb:10.0/0000:cc:00.0 keep=1 coll=(null)
bddx-inf-sci-k8s-a800-03849:1346777:1347768 [2] NCCL INFO ncclTopoPopulateNics : Filled mlx5_7 in topo with pciPath=/sys/devices/pci0000:82/0000:82:02.0/0000:83:00.0/0000:84:08.0/0000:93:00.0/0000:94:00.0/0000:95:00.1 keep=1 coll=(null)
bddx-inf-sci-k8s-a800-03849:1346776:1347771 [1] NCCL INFO ncclTopoPopulateNics : Filled mlx5_8 in topo with pciPath=/sys/devices/pci0000:be/0000:be:02.0/0000:bf:00.0/0000:c0:04.0/0000:ca:00.0/0000:cb:10.0/0000:cc:00.0 keep=1 coll=(null)
bddx-inf-sci-k8s-a800-03849:1346780:1347772 [5] NCCL INFO ncclTopoPopulateNics : Filled mlx5_9 in topo with pciPath=/sys/devices/pci0000:be/0000:be:02.0/0000:bf:00.0/0000:c0:04.0/0000:ca:00.0/0000:cb:10.0/0000:cc:00.1 keep=1 coll=(null)
bddx-inf-sci-k8s-a800-03849:1346780:1347772 [5] NCCL INFO TOPO/NET : Made vNic 8
bddx-inf-sci-k8s-a800-03849:1346780:1347772 [5] NCCL INFO TOPO/NET : Made vNic 9
bddx-inf-sci-k8s-a800-03849:1346780:1347772 [5] NCCL INFO TOPO/NET : Made vNic 10
bddx-inf-sci-k8s-a800-03849:1346780:1347772 [5] NCCL INFO TOPO/NET : Made vNic 11
bddx-inf-sci-k8s-a800-03849:1346780:1347772 [5] NCCL INFO ncclTopoPopulateNics : Filled mlx5_2+mlx5_3 in topo with pciPath=/sys/devices/pci0000:0b/0000:0b:02.0/0000:0c:00.0/0000:0d:08.0/0000:1d:00.0/0000:1e:00.0/0000:1f:00.0 keep=1 coll=(null)
bddx-inf-sci-k8s-a800-03849:1346780:1347772 [5] NCCL INFO ncclTopoPopulateNics : Filled mlx5_4+mlx5_5 in topo with pciPath=/sys/devices/pci0000:42/0000:42:02.0/0000:43:00.0/0000:44:08.0/0000:5d:00.0/0000:5e:00.0/0000:5f:00.0 keep=1 coll=(null)
bddx-inf-sci-k8s-a800-03849:1346780:1347772 [5] NCCL INFO ncclTopoPopulateNics : Filled mlx5_6+mlx5_7 in topo with pciPath=/sys/devices/pci0000:82/0000:82:02.0/0000:83:00.0/0000:84:08.0/0000:93:00.0/0000:94:00.0/0000:95:00.0 keep=1 coll=(null)
bddx-inf-sci-k8s-a800-03849:1346780:1347772 [5] NCCL INFO ncclTopoPopulateNics : Filled mlx5_8+mlx5_9 in topo with pciPath=/sys/devices/pci0000:be/0000:be:02.0/0000:bf:00.0/0000:c0:04.0/0000:ca:00.0/0000:cb:10.0/0000:cc:00.0 keep=1 coll=(null)
bddx-inf-sci-k8s-a800-03849:1346776:1347771 [1] NCCL INFO ncclTopoPopulateNics : Filled mlx5_9 in topo with pciPath=/sys/devices/pci0000:be/0000:be:02.0/0000:bf:00.0/0000:c0:04.0/0000:ca:00.0/0000:cb:10.0/0000:cc:00.1 keep=1 coll=(null)
bddx-inf-sci-k8s-a800-03849:1346776:1347771 [1] NCCL INFO TOPO/NET : Made vNic 8
bddx-inf-sci-k8s-a800-03849:1346776:1347771 [1] NCCL INFO TOPO/NET : Made vNic 9
bddx-inf-sci-k8s-a800-03849:1346776:1347771 [1] NCCL INFO TOPO/NET : Made vNic 10
bddx-inf-sci-k8s-a800-03849:1346776:1347771 [1] NCCL INFO TOPO/NET : Made vNic 11
bddx-inf-sci-k8s-a800-03849:1346777:1347768 [2] NCCL INFO ncclTopoPopulateNics : Filled mlx5_8 in topo with pciPath=/sys/devices/pci0000:be/0000:be:02.0/0000:bf:00.0/0000:c0:04.0/0000:ca:00.0/0000:cb:10.0/0000:cc:00.0 keep=1 coll=(null)
bddx-inf-sci-k8s-a800-03849:1346776:1347771 [1] NCCL INFO ncclTopoPopulateNics : Filled mlx5_2+mlx5_3 in topo with pciPath=/sys/devices/pci0000:0b/0000:0b:02.0/0000:0c:00.0/0000:0d:08.0/0000:1d:00.0/0000:1e:00.0/0000:1f:00.0 keep=1 coll=(null)
bddx-inf-sci-k8s-a800-03849:1346776:1347771 [1] NCCL INFO ncclTopoPopulateNics : Filled mlx5_4+mlx5_5 in topo with pciPath=/sys/devices/pci0000:42/0000:42:02.0/0000:43:00.0/0000:44:08.0/0000:5d:00.0/0000:5e:00.0/0000:5f:00.0 keep=1 coll=(null)
bddx-inf-sci-k8s-a800-03849:1346776:1347771 [1] NCCL INFO ncclTopoPopulateNics : Filled mlx5_6+mlx5_7 in topo with pciPath=/sys/devices/pci0000:82/0000:82:02.0/0000:83:00.0/0000:84:08.0/0000:93:00.0/0000:94:00.0/0000:95:00.0 keep=1 coll=(null)
bddx-inf-sci-k8s-a800-03849:1346776:1347771 [1] NCCL INFO ncclTopoPopulateNics : Filled mlx5_8+mlx5_9 in topo with pciPath=/sys/devices/pci0000:be/0000:be:02.0/0000:bf:00.0/0000:c0:04.0/0000:ca:00.0/0000:cb:10.0/0000:cc:00.0 keep=1 coll=(null)
bddx-inf-sci-k8s-a800-03849:1346777:1347768 [2] NCCL INFO ncclTopoPopulateNics : Filled mlx5_9 in topo with pciPath=/sys/devices/pci0000:be/0000:be:02.0/0000:bf:00.0/0000:c0:04.0/0000:ca:00.0/0000:cb:10.0/0000:cc:00.1 keep=1 coll=(null)
bddx-inf-sci-k8s-a800-03849:1346777:1347768 [2] NCCL INFO TOPO/NET : Made vNic 8
bddx-inf-sci-k8s-a800-03849:1346777:1347768 [2] NCCL INFO TOPO/NET : Made vNic 9
bddx-inf-sci-k8s-a800-03849:1346777:1347768 [2] NCCL INFO TOPO/NET : Made vNic 10
bddx-inf-sci-k8s-a800-03849:1346777:1347768 [2] NCCL INFO TOPO/NET : Made vNic 11
bddx-inf-sci-k8s-a800-03849:1346777:1347768 [2] NCCL INFO ncclTopoPopulateNics : Filled mlx5_2+mlx5_3 in topo with pciPath=/sys/devices/pci0000:0b/0000:0b:02.0/0000:0c:00.0/0000:0d:08.0/0000:1d:00.0/0000:1e:00.0/0000:1f:00.0 keep=1 coll=(null)
bddx-inf-sci-k8s-a800-03849:1346777:1347768 [2] NCCL INFO ncclTopoPopulateNics : Filled mlx5_4+mlx5_5 in topo with pciPath=/sys/devices/pci0000:42/0000:42:02.0/0000:43:00.0/0000:44:08.0/0000:5d:00.0/0000:5e:00.0/0000:5f:00.0 keep=1 coll=(null)
bddx-inf-sci-k8s-a800-03849:1346777:1347768 [2] NCCL INFO ncclTopoPopulateNics : Filled mlx5_6+mlx5_7 in topo with pciPath=/sys/devices/pci0000:82/0000:82:02.0/0000:83:00.0/0000:84:08.0/0000:93:00.0/0000:94:00.0/0000:95:00.0 keep=1 coll=(null)
bddx-inf-sci-k8s-a800-03849:1346777:1347768 [2] NCCL INFO ncclTopoPopulateNics : Filled mlx5_8+mlx5_9 in topo with pciPath=/sys/devices/pci0000:be/0000:be:02.0/0000:bf:00.0/0000:c0:04.0/0000:ca:00.0/0000:cb:10.0/0000:cc:00.0 keep=1 coll=(null)
bddx-inf-sci-k8s-a800-03849:1346780:1347772 [5] NCCL INFO GPU Direct RDMA Enabled for GPU 0 / HCA 8 (distance 5 <= 5), read 0 mode Default
bddx-inf-sci-k8s-a800-03849:1346780:1347772 [5] NCCL INFO GPU Direct RDMA Enabled for GPU 1 / HCA 8 (distance 5 <= 5), read 0 mode Default
bddx-inf-sci-k8s-a800-03849:1346780:1347772 [5] NCCL INFO GPU Direct RDMA Enabled for GPU 2 / HCA 8 (distance 5 <= 5), read 0 mode Default
bddx-inf-sci-k8s-a800-03849:1346780:1347772 [5] NCCL INFO GPU Direct RDMA Enabled for GPU 3 / HCA 8 (distance 5 <= 5), read 0 mode Default
bddx-inf-sci-k8s-a800-03849:1346780:1347772 [5] NCCL INFO GPU Direct RDMA Enabled for GPU 4 / HCA 8 (distance 5 <= 5), read 0 mode Default
bddx-inf-sci-k8s-a800-03849:1346780:1347772 [5] NCCL INFO GPU Direct RDMA Enabled for GPU 5 / HCA 8 (distance 5 <= 5), read 0 mode Default
bddx-inf-sci-k8s-a800-03849:1346780:1347772 [5] NCCL INFO GPU Direct RDMA Enabled for GPU 6 / HCA 8 (distance 5 <= 5), read 0 mode Default
bddx-inf-sci-k8s-a800-03849:1346780:1347772 [5] NCCL INFO GPU Direct RDMA Enabled for GPU 7 / HCA 8 (distance 5 <= 5), read 0 mode Default
bddx-inf-sci-k8s-a800-03849:1346780:1347772 [5] NCCL INFO GPU Direct RDMA Enabled for GPU 0 / HCA 9 (distance 5 <= 5), read 0 mode Default
bddx-inf-sci-k8s-a800-03849:1346780:1347772 [5] NCCL INFO GPU Direct RDMA Enabled for GPU 1 / HCA 9 (distance 5 <= 5), read 0 mode Default
bddx-inf-sci-k8s-a800-03849:1346780:1347772 [5] NCCL INFO GPU Direct RDMA Enabled for GPU 2 / HCA 9 (distance 5 <= 5), read 0 mode Default
bddx-inf-sci-k8s-a800-03849:1346780:1347772 [5] NCCL INFO GPU Direct RDMA Enabled for GPU 3 / HCA 9 (distance 5 <= 5), read 0 mode Default
bddx-inf-sci-k8s-a800-03849:1346780:1347772 [5] NCCL INFO GPU Direct RDMA Enabled for GPU 4 / HCA 9 (distance 5 <= 5), read 0 mode Default
bddx-inf-sci-k8s-a800-03849:1346780:1347772 [5] NCCL INFO GPU Direct RDMA Enabled for GPU 5 / HCA 9 (distance 5 <= 5), read 0 mode Default
bddx-inf-sci-k8s-a800-03849:1346780:1347772 [5] NCCL INFO GPU Direct RDMA Enabled for GPU 6 / HCA 9 (distance 5 <= 5), read 0 mode Default
bddx-inf-sci-k8s-a800-03849:1346780:1347772 [5] NCCL INFO GPU Direct RDMA Enabled for GPU 7 / HCA 9 (distance 5 <= 5), read 0 mode Default
bddx-inf-sci-k8s-a800-03849:1346780:1347772 [5] NCCL INFO GPU Direct RDMA Enabled for GPU 0 / HCA a (distance 5 <= 5), read 0 mode Default
bddx-inf-sci-k8s-a800-03849:1346780:1347772 [5] NCCL INFO GPU Direct RDMA Enabled for GPU 1 / HCA a (distance 5 <= 5), read 0 mode Default
bddx-inf-sci-k8s-a800-03849:1346780:1347772 [5] NCCL INFO GPU Direct RDMA Enabled for GPU 2 / HCA a (distance 5 <= 5), read 0 mode Default
bddx-inf-sci-k8s-a800-03849:1346780:1347772 [5] NCCL INFO GPU Direct RDMA Enabled for GPU 3 / HCA a (distance 5 <= 5), read 0 mode Default
bddx-inf-sci-k8s-a800-03849:1346780:1347772 [5] NCCL INFO GPU Direct RDMA Enabled for GPU 4 / HCA a (distance 5 <= 5), read 0 mode Default
bddx-inf-sci-k8s-a800-03849:1346780:1347772 [5] NCCL INFO GPU Direct RDMA Enabled for GPU 5 / HCA a (distance 5 <= 5), read 0 mode Default
bddx-inf-sci-k8s-a800-03849:1346780:1347772 [5] NCCL INFO GPU Direct RDMA Enabled for GPU 6 / HCA a (distance 5 <= 5), read 0 mode Default
bddx-inf-sci-k8s-a800-03849:1346780:1347772 [5] NCCL INFO GPU Direct RDMA Enabled for GPU 7 / HCA a (distance 5 <= 5), read 0 mode Default
bddx-inf-sci-k8s-a800-03849:1346780:1347772 [5] NCCL INFO GPU Direct RDMA Enabled for GPU 0 / HCA b (distance 5 <= 5), read 0 mode Default
bddx-inf-sci-k8s-a800-03849:1346780:1347772 [5] NCCL INFO GPU Direct RDMA Enabled for GPU 1 / HCA b (distance 5 <= 5), read 0 mode Default
bddx-inf-sci-k8s-a800-03849:1346780:1347772 [5] NCCL INFO GPU Direct RDMA Enabled for GPU 2 / HCA b (distance 5 <= 5), read 0 mode Default
bddx-inf-sci-k8s-a800-03849:1346780:1347772 [5] NCCL INFO GPU Direct RDMA Enabled for GPU 3 / HCA b (distance 5 <= 5), read 0 mode Default
bddx-inf-sci-k8s-a800-03849:1346780:1347772 [5] NCCL INFO GPU Direct RDMA Enabled for GPU 4 / HCA b (distance 5 <= 5), read 0 mode Default
bddx-inf-sci-k8s-a800-03849:1346780:1347772 [5] NCCL INFO GPU Direct RDMA Enabled for GPU 5 / HCA b (distance 5 <= 5), read 0 mode Default
bddx-inf-sci-k8s-a800-03849:1346780:1347772 [5] NCCL INFO GPU Direct RDMA Enabled for GPU 6 / HCA b (distance 5 <= 5), read 0 mode Default
bddx-inf-sci-k8s-a800-03849:1346780:1347772 [5] NCCL INFO GPU Direct RDMA Enabled for GPU 7 / HCA b (distance 5 <= 5), read 0 mode Default
bddx-inf-sci-k8s-a800-03849:1346779:1347773 [4] NCCL INFO GPU Direct RDMA Enabled for GPU 0 / HCA 8 (distance 5 <= 5), read 0 mode Default
bddx-inf-sci-k8s-a800-03849:1346779:1347773 [4] NCCL INFO GPU Direct RDMA Enabled for GPU 1 / HCA 8 (distance 5 <= 5), read 0 mode Default
bddx-inf-sci-k8s-a800-03849:1346779:1347773 [4] NCCL INFO GPU Direct RDMA Enabled for GPU 2 / HCA 8 (distance 5 <= 5), read 0 mode Default
bddx-inf-sci-k8s-a800-03849:1346779:1347773 [4] NCCL INFO GPU Direct RDMA Enabled for GPU 3 / HCA 8 (distance 5 <= 5), read 0 mode Default
bddx-inf-sci-k8s-a800-03849:1346779:1347773 [4] NCCL INFO GPU Direct RDMA Enabled for GPU 4 / HCA 8 (distance 5 <= 5), read 0 mode Default
bddx-inf-sci-k8s-a800-03849:1346779:1347773 [4] NCCL INFO GPU Direct RDMA Enabled for GPU 5 / HCA 8 (distance 5 <= 5), read 0 mode Default
bddx-inf-sci-k8s-a800-03849:1346779:1347773 [4] NCCL INFO GPU Direct RDMA Enabled for GPU 6 / HCA 8 (distance 5 <= 5), read 0 mode Default
bddx-inf-sci-k8s-a800-03849:1346779:1347773 [4] NCCL INFO GPU Direct RDMA Enabled for GPU 7 / HCA 8 (distance 5 <= 5), read 0 mode Default
bddx-inf-sci-k8s-a800-03849:1346779:1347773 [4] NCCL INFO GPU Direct RDMA Enabled for GPU 0 / HCA 9 (distance 5 <= 5), read 0 mode Default
bddx-inf-sci-k8s-a800-03849:1346779:1347773 [4] NCCL INFO GPU Direct RDMA Enabled for GPU 1 / HCA 9 (distance 5 <= 5), read 0 mode Default
bddx-inf-sci-k8s-a800-03849:1346779:1347773 [4] NCCL INFO GPU Direct RDMA Enabled for GPU 2 / HCA 9 (distance 5 <= 5), read 0 mode Default
bddx-inf-sci-k8s-a800-03849:1346779:1347773 [4] NCCL INFO GPU Direct RDMA Enabled for GPU 3 / HCA 9 (distance 5 <= 5), read 0 mode Default
bddx-inf-sci-k8s-a800-03849:1346779:1347773 [4] NCCL INFO GPU Direct RDMA Enabled for GPU 4 / HCA 9 (distance 5 <= 5), read 0 mode Default
bddx-inf-sci-k8s-a800-03849:1346779:1347773 [4] NCCL INFO GPU Direct RDMA Enabled for GPU 5 / HCA 9 (distance 5 <= 5), read 0 mode Default
bddx-inf-sci-k8s-a800-03849:1346779:1347773 [4] NCCL INFO GPU Direct RDMA Enabled for GPU 6 / HCA 9 (distance 5 <= 5), read 0 mode Default
bddx-inf-sci-k8s-a800-03849:1346779:1347773 [4] NCCL INFO GPU Direct RDMA Enabled for GPU 7 / HCA 9 (distance 5 <= 5), read 0 mode Default
bddx-inf-sci-k8s-a800-03849:1346779:1347773 [4] NCCL INFO GPU Direct RDMA Enabled for GPU 0 / HCA a (distance 5 <= 5), read 0 mode Default
bddx-inf-sci-k8s-a800-03849:1346779:1347773 [4] NCCL INFO GPU Direct RDMA Enabled for GPU 1 / HCA a (distance 5 <= 5), read 0 mode Default
bddx-inf-sci-k8s-a800-03849:1346779:1347773 [4] NCCL INFO GPU Direct RDMA Enabled for GPU 2 / HCA a (distance 5 <= 5), read 0 mode Default
bddx-inf-sci-k8s-a800-03849:1346779:1347773 [4] NCCL INFO GPU Direct RDMA Enabled for GPU 3 / HCA a (distance 5 <= 5), read 0 mode Default
bddx-inf-sci-k8s-a800-03849:1346779:1347773 [4] NCCL INFO GPU Direct RDMA Enabled for GPU 4 / HCA a (distance 5 <= 5), read 0 mode Default
bddx-inf-sci-k8s-a800-03849:1346779:1347773 [4] NCCL INFO GPU Direct RDMA Enabled for GPU 5 / HCA a (distance 5 <= 5), read 0 mode Default
bddx-inf-sci-k8s-a800-03849:1346779:1347773 [4] NCCL INFO GPU Direct RDMA Enabled for GPU 6 / HCA a (distance 5 <= 5), read 0 mode Default
bddx-inf-sci-k8s-a800-03849:1346779:1347773 [4] NCCL INFO GPU Direct RDMA Enabled for GPU 7 / HCA a (distance 5 <= 5), read 0 mode Default
bddx-inf-sci-k8s-a800-03849:1346779:1347773 [4] NCCL INFO GPU Direct RDMA Enabled for GPU 0 / HCA b (distance 5 <= 5), read 0 mode Default
bddx-inf-sci-k8s-a800-03849:1346779:1347773 [4] NCCL INFO GPU Direct RDMA Enabled for GPU 1 / HCA b (distance 5 <= 5), read 0 mode Default
bddx-inf-sci-k8s-a800-03849:1346779:1347773 [4] NCCL INFO GPU Direct RDMA Enabled for GPU 2 / HCA b (distance 5 <= 5), read 0 mode Default
bddx-inf-sci-k8s-a800-03849:1346779:1347773 [4] NCCL INFO GPU Direct RDMA Enabled for GPU 3 / HCA b (distance 5 <= 5), read 0 mode Default
bddx-inf-sci-k8s-a800-03849:1346779:1347773 [4] NCCL INFO GPU Direct RDMA Enabled for GPU 4 / HCA b (distance 5 <= 5), read 0 mode Default
bddx-inf-sci-k8s-a800-03849:1346779:1347773 [4] NCCL INFO GPU Direct RDMA Enabled for GPU 5 / HCA b (distance 5 <= 5), read 0 mode Default
bddx-inf-sci-k8s-a800-03849:1346779:1347773 [4] NCCL INFO GPU Direct RDMA Enabled for GPU 6 / HCA b (distance 5 <= 5), read 0 mode Default
bddx-inf-sci-k8s-a800-03849:1346779:1347773 [4] NCCL INFO GPU Direct RDMA Enabled for GPU 7 / HCA b (distance 5 <= 5), read 0 mode Default
bddx-inf-sci-k8s-a800-03849:1346776:1347771 [1] NCCL INFO GPU Direct RDMA Enabled for GPU 0 / HCA 8 (distance 5 <= 5), read 0 mode Default
bddx-inf-sci-k8s-a800-03849:1346776:1347771 [1] NCCL INFO GPU Direct RDMA Enabled for GPU 1 / HCA 8 (distance 5 <= 5), read 0 mode Default
bddx-inf-sci-k8s-a800-03849:1346776:1347771 [1] NCCL INFO GPU Direct RDMA Enabled for GPU 2 / HCA 8 (distance 5 <= 5), read 0 mode Default
bddx-inf-sci-k8s-a800-03849:1346776:1347771 [1] NCCL INFO GPU Direct RDMA Enabled for GPU 3 / HCA 8 (distance 5 <= 5), read 0 mode Default
bddx-inf-sci-k8s-a800-03849:1346776:1347771 [1] NCCL INFO GPU Direct RDMA Enabled for GPU 4 / HCA 8 (distance 5 <= 5), read 0 mode Default
bddx-inf-sci-k8s-a800-03849:1346776:1347771 [1] NCCL INFO GPU Direct RDMA Enabled for GPU 5 / HCA 8 (distance 5 <= 5), read 0 mode Default
bddx-inf-sci-k8s-a800-03849:1346776:1347771 [1] NCCL INFO GPU Direct RDMA Enabled for GPU 6 / HCA 8 (distance 5 <= 5), read 0 mode Default
bddx-inf-sci-k8s-a800-03849:1346776:1347771 [1] NCCL INFO GPU Direct RDMA Enabled for GPU 7 / HCA 8 (distance 5 <= 5), read 0 mode Default
bddx-inf-sci-k8s-a800-03849:1346776:1347771 [1] NCCL INFO GPU Direct RDMA Enabled for GPU 0 / HCA 9 (distance 5 <= 5), read 0 mode Default
bddx-inf-sci-k8s-a800-03849:1346776:1347771 [1] NCCL INFO GPU Direct RDMA Enabled for GPU 1 / HCA 9 (distance 5 <= 5), read 0 mode Default
bddx-inf-sci-k8s-a800-03849:1346776:1347771 [1] NCCL INFO GPU Direct RDMA Enabled for GPU 2 / HCA 9 (distance 5 <= 5), read 0 mode Default
bddx-inf-sci-k8s-a800-03849:1346776:1347771 [1] NCCL INFO GPU Direct RDMA Enabled for GPU 3 / HCA 9 (distance 5 <= 5), read 0 mode Default
bddx-inf-sci-k8s-a800-03849:1346776:1347771 [1] NCCL INFO GPU Direct RDMA Enabled for GPU 4 / HCA 9 (distance 5 <= 5), read 0 mode Default
bddx-inf-sci-k8s-a800-03849:1346776:1347771 [1] NCCL INFO GPU Direct RDMA Enabled for GPU 5 / HCA 9 (distance 5 <= 5), read 0 mode Default
bddx-inf-sci-k8s-a800-03849:1346776:1347771 [1] NCCL INFO GPU Direct RDMA Enabled for GPU 6 / HCA 9 (distance 5 <= 5), read 0 mode Default
bddx-inf-sci-k8s-a800-03849:1346776:1347771 [1] NCCL INFO GPU Direct RDMA Enabled for GPU 7 / HCA 9 (distance 5 <= 5), read 0 mode Default
bddx-inf-sci-k8s-a800-03849:1346776:1347771 [1] NCCL INFO GPU Direct RDMA Enabled for GPU 0 / HCA a (distance 5 <= 5), read 0 mode Default
bddx-inf-sci-k8s-a800-03849:1346776:1347771 [1] NCCL INFO GPU Direct RDMA Enabled for GPU 1 / HCA a (distance 5 <= 5), read 0 mode Default
bddx-inf-sci-k8s-a800-03849:1346776:1347771 [1] NCCL INFO GPU Direct RDMA Enabled for GPU 2 / HCA a (distance 5 <= 5), read 0 mode Default
bddx-inf-sci-k8s-a800-03849:1346776:1347771 [1] NCCL INFO GPU Direct RDMA Enabled for GPU 3 / HCA a (distance 5 <= 5), read 0 mode Default
bddx-inf-sci-k8s-a800-03849:1346776:1347771 [1] NCCL INFO GPU Direct RDMA Enabled for GPU 4 / HCA a (distance 5 <= 5), read 0 mode Default
bddx-inf-sci-k8s-a800-03849:1346776:1347771 [1] NCCL INFO GPU Direct RDMA Enabled for GPU 5 / HCA a (distance 5 <= 5), read 0 mode Default
bddx-inf-sci-k8s-a800-03849:1346776:1347771 [1] NCCL INFO GPU Direct RDMA Enabled for GPU 6 / HCA a (distance 5 <= 5), read 0 mode Default
bddx-inf-sci-k8s-a800-03849:1346776:1347771 [1] NCCL INFO GPU Direct RDMA Enabled for GPU 7 / HCA a (distance 5 <= 5), read 0 mode Default
bddx-inf-sci-k8s-a800-03849:1346776:1347771 [1] NCCL INFO GPU Direct RDMA Enabled for GPU 0 / HCA b (distance 5 <= 5), read 0 mode Default
bddx-inf-sci-k8s-a800-03849:1346776:1347771 [1] NCCL INFO GPU Direct RDMA Enabled for GPU 1 / HCA b (distance 5 <= 5), read 0 mode Default
bddx-inf-sci-k8s-a800-03849:1346776:1347771 [1] NCCL INFO GPU Direct RDMA Enabled for GPU 2 / HCA b (distance 5 <= 5), read 0 mode Default
bddx-inf-sci-k8s-a800-03849:1346776:1347771 [1] NCCL INFO GPU Direct RDMA Enabled for GPU 3 / HCA b (distance 5 <= 5), read 0 mode Default
bddx-inf-sci-k8s-a800-03849:1346776:1347771 [1] NCCL INFO GPU Direct RDMA Enabled for GPU 4 / HCA b (distance 5 <= 5), read 0 mode Default
bddx-inf-sci-k8s-a800-03849:1346776:1347771 [1] NCCL INFO GPU Direct RDMA Enabled for GPU 5 / HCA b (distance 5 <= 5), read 0 mode Default
bddx-inf-sci-k8s-a800-03849:1346776:1347771 [1] NCCL INFO GPU Direct RDMA Enabled for GPU 6 / HCA b (distance 5 <= 5), read 0 mode Default
bddx-inf-sci-k8s-a800-03849:1346776:1347771 [1] NCCL INFO GPU Direct RDMA Enabled for GPU 7 / HCA b (distance 5 <= 5), read 0 mode Default
bddx-inf-sci-k8s-a800-03849:1346777:1347768 [2] NCCL INFO GPU Direct RDMA Enabled for GPU 0 / HCA 8 (distance 5 <= 5), read 0 mode Default
bddx-inf-sci-k8s-a800-03849:1346777:1347768 [2] NCCL INFO GPU Direct RDMA Enabled for GPU 1 / HCA 8 (distance 5 <= 5), read 0 mode Default
bddx-inf-sci-k8s-a800-03849:1346777:1347768 [2] NCCL INFO GPU Direct RDMA Enabled for GPU 2 / HCA 8 (distance 5 <= 5), read 0 mode Default
bddx-inf-sci-k8s-a800-03849:1346777:1347768 [2] NCCL INFO GPU Direct RDMA Enabled for GPU 3 / HCA 8 (distance 5 <= 5), read 0 mode Default
bddx-inf-sci-k8s-a800-03849:1346777:1347768 [2] NCCL INFO GPU Direct RDMA Enabled for GPU 4 / HCA 8 (distance 5 <= 5), read 0 mode Default
bddx-inf-sci-k8s-a800-03849:1346777:1347768 [2] NCCL INFO GPU Direct RDMA Enabled for GPU 5 / HCA 8 (distance 5 <= 5), read 0 mode Default
bddx-inf-sci-k8s-a800-03849:1346777:1347768 [2] NCCL INFO GPU Direct RDMA Enabled for GPU 6 / HCA 8 (distance 5 <= 5), read 0 mode Default
bddx-inf-sci-k8s-a800-03849:1346777:1347768 [2] NCCL INFO GPU Direct RDMA Enabled for GPU 7 / HCA 8 (distance 5 <= 5), read 0 mode Default
bddx-inf-sci-k8s-a800-03849:1346777:1347768 [2] NCCL INFO GPU Direct RDMA Enabled for GPU 0 / HCA 9 (distance 5 <= 5), read 0 mode Default
bddx-inf-sci-k8s-a800-03849:1346777:1347768 [2] NCCL INFO GPU Direct RDMA Enabled for GPU 1 / HCA 9 (distance 5 <= 5), read 0 mode Default
bddx-inf-sci-k8s-a800-03849:1346777:1347768 [2] NCCL INFO GPU Direct RDMA Enabled for GPU 2 / HCA 9 (distance 5 <= 5), read 0 mode Default
bddx-inf-sci-k8s-a800-03849:1346777:1347768 [2] NCCL INFO GPU Direct RDMA Enabled for GPU 3 / HCA 9 (distance 5 <= 5), read 0 mode Default
bddx-inf-sci-k8s-a800-03849:1346777:1347768 [2] NCCL INFO GPU Direct RDMA Enabled for GPU 4 / HCA 9 (distance 5 <= 5), read 0 mode Default
bddx-inf-sci-k8s-a800-03849:1346777:1347768 [2] NCCL INFO GPU Direct RDMA Enabled for GPU 5 / HCA 9 (distance 5 <= 5), read 0 mode Default
bddx-inf-sci-k8s-a800-03849:1346777:1347768 [2] NCCL INFO GPU Direct RDMA Enabled for GPU 6 / HCA 9 (distance 5 <= 5), read 0 mode Default
bddx-inf-sci-k8s-a800-03849:1346777:1347768 [2] NCCL INFO GPU Direct RDMA Enabled for GPU 7 / HCA 9 (distance 5 <= 5), read 0 mode Default
bddx-inf-sci-k8s-a800-03849:1346777:1347768 [2] NCCL INFO GPU Direct RDMA Enabled for GPU 0 / HCA a (distance 5 <= 5), read 0 mode Default
bddx-inf-sci-k8s-a800-03849:1346777:1347768 [2] NCCL INFO GPU Direct RDMA Enabled for GPU 1 / HCA a (distance 5 <= 5), read 0 mode Default
bddx-inf-sci-k8s-a800-03849:1346777:1347768 [2] NCCL INFO GPU Direct RDMA Enabled for GPU 2 / HCA a (distance 5 <= 5), read 0 mode Default
bddx-inf-sci-k8s-a800-03849:1346777:1347768 [2] NCCL INFO GPU Direct RDMA Enabled for GPU 3 / HCA a (distance 5 <= 5), read 0 mode Default
bddx-inf-sci-k8s-a800-03849:1346777:1347768 [2] NCCL INFO GPU Direct RDMA Enabled for GPU 4 / HCA a (distance 5 <= 5), read 0 mode Default
bddx-inf-sci-k8s-a800-03849:1346777:1347768 [2] NCCL INFO GPU Direct RDMA Enabled for GPU 5 / HCA a (distance 5 <= 5), read 0 mode Default
bddx-inf-sci-k8s-a800-03849:1346777:1347768 [2] NCCL INFO GPU Direct RDMA Enabled for GPU 6 / HCA a (distance 5 <= 5), read 0 mode Default
bddx-inf-sci-k8s-a800-03849:1346777:1347768 [2] NCCL INFO GPU Direct RDMA Enabled for GPU 7 / HCA a (distance 5 <= 5), read 0 mode Default
bddx-inf-sci-k8s-a800-03849:1346777:1347768 [2] NCCL INFO GPU Direct RDMA Enabled for GPU 0 / HCA b (distance 5 <= 5), read 0 mode Default
bddx-inf-sci-k8s-a800-03849:1346777:1347768 [2] NCCL INFO GPU Direct RDMA Enabled for GPU 1 / HCA b (distance 5 <= 5), read 0 mode Default
bddx-inf-sci-k8s-a800-03849:1346777:1347768 [2] NCCL INFO GPU Direct RDMA Enabled for GPU 2 / HCA b (distance 5 <= 5), read 0 mode Default
bddx-inf-sci-k8s-a800-03849:1346777:1347768 [2] NCCL INFO GPU Direct RDMA Enabled for GPU 3 / HCA b (distance 5 <= 5), read 0 mode Default
bddx-inf-sci-k8s-a800-03849:1346777:1347768 [2] NCCL INFO GPU Direct RDMA Enabled for GPU 4 / HCA b (distance 5 <= 5), read 0 mode Default
bddx-inf-sci-k8s-a800-03849:1346777:1347768 [2] NCCL INFO GPU Direct RDMA Enabled for GPU 5 / HCA b (distance 5 <= 5), read 0 mode Default
bddx-inf-sci-k8s-a800-03849:1346777:1347768 [2] NCCL INFO GPU Direct RDMA Enabled for GPU 6 / HCA b (distance 5 <= 5), read 0 mode Default
bddx-inf-sci-k8s-a800-03849:1346777:1347768 [2] NCCL INFO GPU Direct RDMA Enabled for GPU 7 / HCA b (distance 5 <= 5), read 0 mode Default
bddx-inf-sci-k8s-a800-03849:1346780:1347772 [5] NCCL INFO === System : maxBw 160.0 totalBw 160.0 ===
bddx-inf-sci-k8s-a800-03849:1346780:1347772 [5] NCCL INFO CPU/0-0 (1/1/2)
bddx-inf-sci-k8s-a800-03849:1346780:1347772 [5] NCCL INFO + PCI[24.0] - PCI/0-c000 (1000c0101000ffff)
bddx-inf-sci-k8s-a800-03849:1346780:1347772 [5] NCCL INFO               + PCI[24.0] - PCI/0-10000 (1000c01010de13b8)
bddx-inf-sci-k8s-a800-03849:1346780:1347772 [5] NCCL INFO                             + PCI[24.0] - GPU/0-12000 (0)
bddx-inf-sci-k8s-a800-03849:1346780:1347772 [5] NCCL INFO                                           + NVL[160.0] - NVS/0-0
bddx-inf-sci-k8s-a800-03849:1346782:1347767 [7] NCCL INFO GPU Direct RDMA Enabled for GPU 0 / HCA 8 (distance 5 <= 5), read 0 mode Default
bddx-inf-sci-k8s-a800-03849:1346780:1347772 [5] NCCL INFO               + PCI[24.0] - NIC/0-1f002
bddx-inf-sci-k8s-a800-03849:1346782:1347767 [7] NCCL INFO GPU Direct RDMA Enabled for GPU 1 / HCA 8 (distance 5 <= 5), read 0 mode Default
bddx-inf-sci-k8s-a800-03849:1346780:1347772 [5] NCCL INFO               + PCI[24.0] - PCI/0-16000 (1000c01010de13b8)
bddx-inf-sci-k8s-a800-03849:1346782:1347767 [7] NCCL INFO GPU Direct RDMA Enabled for GPU 2 / HCA 8 (distance 5 <= 5), read 0 mode Default
bddx-inf-sci-k8s-a800-03849:1346780:1347772 [5] NCCL INFO                             + PCI[24.0] - GPU/0-18000 (1)
bddx-inf-sci-k8s-a800-03849:1346782:1347767 [7] NCCL INFO GPU Direct RDMA Enabled for GPU 3 / HCA 8 (distance 5 <= 5), read 0 mode Default
bddx-inf-sci-k8s-a800-03849:1346780:1347772 [5] NCCL INFO                                           + NVL[160.0] - NVS/0-0
bddx-inf-sci-k8s-a800-03849:1346782:1347767 [7] NCCL INFO GPU Direct RDMA Enabled for GPU 4 / HCA 8 (distance 5 <= 5), read 0 mode Default
bddx-inf-sci-k8s-a800-03849:1346780:1347772 [5] NCCL INFO + PCI[24.0] - PCI/0-43000 (1000c0101000ffff)
bddx-inf-sci-k8s-a800-03849:1346782:1347767 [7] NCCL INFO GPU Direct RDMA Enabled for GPU 5 / HCA 8 (distance 5 <= 5), read 0 mode Default
bddx-inf-sci-k8s-a800-03849:1346780:1347772 [5] NCCL INFO               + PCI[24.0] - NIC/0-5f002
bddx-inf-sci-k8s-a800-03849:1346782:1347767 [7] NCCL INFO GPU Direct RDMA Enabled for GPU 6 / HCA 8 (distance 5 <= 5), read 0 mode Default
bddx-inf-sci-k8s-a800-03849:1346780:1347772 [5] NCCL INFO               + PCI[24.0] - PCI/0-47000 (1000c01010de13b8)
bddx-inf-sci-k8s-a800-03849:1346782:1347767 [7] NCCL INFO GPU Direct RDMA Enabled for GPU 7 / HCA 8 (distance 5 <= 5), read 0 mode Default
bddx-inf-sci-k8s-a800-03849:1346780:1347772 [5] NCCL INFO                             + PCI[24.0] - GPU/0-49000 (2)
bddx-inf-sci-k8s-a800-03849:1346782:1347767 [7] NCCL INFO GPU Direct RDMA Enabled for GPU 0 / HCA 9 (distance 5 <= 5), read 0 mode Default
bddx-inf-sci-k8s-a800-03849:1346780:1347772 [5] NCCL INFO                                           + NVL[160.0] - NVS/0-0
bddx-inf-sci-k8s-a800-03849:1346782:1347767 [7] NCCL INFO GPU Direct RDMA Enabled for GPU 1 / HCA 9 (distance 5 <= 5), read 0 mode Default
bddx-inf-sci-k8s-a800-03849:1346780:1347772 [5] NCCL INFO               + PCI[24.0] - PCI/0-4b000 (1000c01010de13b8)
bddx-inf-sci-k8s-a800-03849:1346782:1347767 [7] NCCL INFO GPU Direct RDMA Enabled for GPU 2 / HCA 9 (distance 5 <= 5), read 0 mode Default
bddx-inf-sci-k8s-a800-03849:1346780:1347772 [5] NCCL INFO                             + PCI[24.0] - GPU/0-4d000 (3)
bddx-inf-sci-k8s-a800-03849:1346782:1347767 [7] NCCL INFO GPU Direct RDMA Enabled for GPU 3 / HCA 9 (distance 5 <= 5), read 0 mode Default
bddx-inf-sci-k8s-a800-03849:1346780:1347772 [5] NCCL INFO                                           + NVL[160.0] - NVS/0-0
bddx-inf-sci-k8s-a800-03849:1346782:1347767 [7] NCCL INFO GPU Direct RDMA Enabled for GPU 4 / HCA 9 (distance 5 <= 5), read 0 mode Default
bddx-inf-sci-k8s-a800-03849:1346780:1347772 [5] NCCL INFO + SYS[10.0] - CPU/0-1
bddx-inf-sci-k8s-a800-03849:1346782:1347767 [7] NCCL INFO GPU Direct RDMA Enabled for GPU 5 / HCA 9 (distance 5 <= 5), read 0 mode Default
bddx-inf-sci-k8s-a800-03849:1346780:1347772 [5] NCCL INFO CPU/0-1 (1/1/2)
bddx-inf-sci-k8s-a800-03849:1346782:1347767 [7] NCCL INFO GPU Direct RDMA Enabled for GPU 6 / HCA 9 (distance 5 <= 5), read 0 mode Default
bddx-inf-sci-k8s-a800-03849:1346780:1347772 [5] NCCL INFO + PCI[24.0] - PCI/0-83000 (1000c0101000ffff)
bddx-inf-sci-k8s-a800-03849:1346782:1347767 [7] NCCL INFO GPU Direct RDMA Enabled for GPU 7 / HCA 9 (distance 5 <= 5), read 0 mode Default
bddx-inf-sci-k8s-a800-03849:1346780:1347772 [5] NCCL INFO               + PCI[24.0] - NIC/0-95002
bddx-inf-sci-k8s-a800-03849:1346782:1347767 [7] NCCL INFO GPU Direct RDMA Enabled for GPU 0 / HCA a (distance 5 <= 5), read 0 mode Default
bddx-inf-sci-k8s-a800-03849:1346780:1347772 [5] NCCL INFO               + PCI[24.0] - PCI/0-87000 (1000c01010de13b8)
bddx-inf-sci-k8s-a800-03849:1346782:1347767 [7] NCCL INFO GPU Direct RDMA Enabled for GPU 1 / HCA a (distance 5 <= 5), read 0 mode Default
bddx-inf-sci-k8s-a800-03849:1346780:1347772 [5] NCCL INFO                             + PCI[24.0] - GPU/0-89000 (4)
bddx-inf-sci-k8s-a800-03849:1346782:1347767 [7] NCCL INFO GPU Direct RDMA Enabled for GPU 2 / HCA a (distance 5 <= 5), read 0 mode Default
bddx-inf-sci-k8s-a800-03849:1346780:1347772 [5] NCCL INFO                                           + NVL[160.0] - NVS/0-0
bddx-inf-sci-k8s-a800-03849:1346782:1347767 [7] NCCL INFO GPU Direct RDMA Enabled for GPU 3 / HCA a (distance 5 <= 5), read 0 mode Default
bddx-inf-sci-k8s-a800-03849:1346780:1347772 [5] NCCL INFO               + PCI[24.0] - PCI/0-8c000 (1000c01010de13b8)
bddx-inf-sci-k8s-a800-03849:1346782:1347767 [7] NCCL INFO GPU Direct RDMA Enabled for GPU 4 / HCA a (distance 5 <= 5), read 0 mode Default
bddx-inf-sci-k8s-a800-03849:1346780:1347772 [5] NCCL INFO                             + PCI[24.0] - GPU/0-8e000 (5)
bddx-inf-sci-k8s-a800-03849:1346782:1347767 [7] NCCL INFO GPU Direct RDMA Enabled for GPU 5 / HCA a (distance 5 <= 5), read 0 mode Default
bddx-inf-sci-k8s-a800-03849:1346780:1347772 [5] NCCL INFO                                           + NVL[160.0] - NVS/0-0
bddx-inf-sci-k8s-a800-03849:1346782:1347767 [7] NCCL INFO GPU Direct RDMA Enabled for GPU 6 / HCA a (distance 5 <= 5), read 0 mode Default
bddx-inf-sci-k8s-a800-03849:1346780:1347772 [5] NCCL INFO + PCI[24.0] - PCI/0-bf000 (1000c0101000ffff)
bddx-inf-sci-k8s-a800-03849:1346782:1347767 [7] NCCL INFO GPU Direct RDMA Enabled for GPU 7 / HCA a (distance 5 <= 5), read 0 mode Default
bddx-inf-sci-k8s-a800-03849:1346780:1347772 [5] NCCL INFO               + PCI[24.0] - NIC/0-cc002
bddx-inf-sci-k8s-a800-03849:1346782:1347767 [7] NCCL INFO GPU Direct RDMA Enabled for GPU 0 / HCA b (distance 5 <= 5), read 0 mode Default
bddx-inf-sci-k8s-a800-03849:1346780:1347772 [5] NCCL INFO               + PCI[24.0] - PCI/0-c3000 (1000c01010de13b8)
bddx-inf-sci-k8s-a800-03849:1346782:1347767 [7] NCCL INFO GPU Direct RDMA Enabled for GPU 1 / HCA b (distance 5 <= 5), read 0 mode Default
bddx-inf-sci-k8s-a800-03849:1346780:1347772 [5] NCCL INFO                             + PCI[24.0] - GPU/0-c5000 (6)
bddx-inf-sci-k8s-a800-03849:1346782:1347767 [7] NCCL INFO GPU Direct RDMA Enabled for GPU 2 / HCA b (distance 5 <= 5), read 0 mode Default
bddx-inf-sci-k8s-a800-03849:1346780:1347772 [5] NCCL INFO                                           + NVL[160.0] - NVS/0-0
bddx-inf-sci-k8s-a800-03849:1346782:1347767 [7] NCCL INFO GPU Direct RDMA Enabled for GPU 3 / HCA b (distance 5 <= 5), read 0 mode Default
bddx-inf-sci-k8s-a800-03849:1346780:1347772 [5] NCCL INFO               + PCI[24.0] - PCI/0-c7000 (1000c01010de13b8)
bddx-inf-sci-k8s-a800-03849:1346782:1347767 [7] NCCL INFO GPU Direct RDMA Enabled for GPU 4 / HCA b (distance 5 <= 5), read 0 mode Default
bddx-inf-sci-k8s-a800-03849:1346780:1347772 [5] NCCL INFO                             + PCI[24.0] - GPU/0-c9000 (7)
bddx-inf-sci-k8s-a800-03849:1346782:1347767 [7] NCCL INFO GPU Direct RDMA Enabled for GPU 5 / HCA b (distance 5 <= 5), read 0 mode Default
bddx-inf-sci-k8s-a800-03849:1346780:1347772 [5] NCCL INFO                                           + NVL[160.0] - NVS/0-0
bddx-inf-sci-k8s-a800-03849:1346782:1347767 [7] NCCL INFO GPU Direct RDMA Enabled for GPU 6 / HCA b (distance 5 <= 5), read 0 mode Default
bddx-inf-sci-k8s-a800-03849:1346780:1347772 [5] NCCL INFO + SYS[10.0] - CPU/0-0
bddx-inf-sci-k8s-a800-03849:1346782:1347767 [7] NCCL INFO GPU Direct RDMA Enabled for GPU 7 / HCA b (distance 5 <= 5), read 0 mode Default
bddx-inf-sci-k8s-a800-03849:1346780:1347772 [5] NCCL INFO ==========================================
bddx-inf-sci-k8s-a800-03849:1346780:1347772 [5] NCCL INFO GPU/0-12000 :GPU/0-12000 (0/5000.0/LOC) GPU/0-18000 (2/160.0/NVL) GPU/0-49000 (2/160.0/NVL) GPU/0-4d000 (2/160.0/NVL) GPU/0-89000 (2/160.0/NVL) GPU/0-8e000 (2/160.0/NVL) GPU/0-c5000 (2/160.0/NVL) GPU/0-c9000 (2/160.0/NVL) NVS/0-0 (1/160.0/NVL) CPU/0-0 (3/24.0/PHB) CPU/0-1 (4/10.0/SYS) 
bddx-inf-sci-k8s-a800-03849:1346780:1347772 [5] NCCL INFO GPU/0-18000 :GPU/0-12000 (2/160.0/NVL) GPU/0-18000 (0/5000.0/LOC) GPU/0-49000 (2/160.0/NVL) GPU/0-4d000 (2/160.0/NVL) GPU/0-89000 (2/160.0/NVL) GPU/0-8e000 (2/160.0/NVL) GPU/0-c5000 (2/160.0/NVL) GPU/0-c9000 (2/160.0/NVL) NVS/0-0 (1/160.0/NVL) CPU/0-0 (3/24.0/PHB) CPU/0-1 (4/10.0/SYS) 
bddx-inf-sci-k8s-a800-03849:1346780:1347772 [5] NCCL INFO GPU/0-49000 :GPU/0-12000 (2/160.0/NVL) GPU/0-18000 (2/160.0/NVL) GPU/0-49000 (0/5000.0/LOC) GPU/0-4d000 (2/160.0/NVL) GPU/0-89000 (2/160.0/NVL) GPU/0-8e000 (2/160.0/NVL) GPU/0-c5000 (2/160.0/NVL) GPU/0-c9000 (2/160.0/NVL) NVS/0-0 (1/160.0/NVL) CPU/0-0 (3/24.0/PHB) CPU/0-1 (4/10.0/SYS) 
bddx-inf-sci-k8s-a800-03849:1346780:1347772 [5] NCCL INFO GPU/0-4d000 :GPU/0-12000 (2/160.0/NVL) GPU/0-18000 (2/160.0/NVL) GPU/0-49000 (2/160.0/NVL) GPU/0-4d000 (0/5000.0/LOC) GPU/0-89000 (2/160.0/NVL) GPU/0-8e000 (2/160.0/NVL) GPU/0-c5000 (2/160.0/NVL) GPU/0-c9000 (2/160.0/NVL) NVS/0-0 (1/160.0/NVL) CPU/0-0 (3/24.0/PHB) CPU/0-1 (4/10.0/SYS) 
bddx-inf-sci-k8s-a800-03849:1346780:1347772 [5] NCCL INFO GPU/0-89000 :GPU/0-12000 (2/160.0/NVL) GPU/0-18000 (2/160.0/NVL) GPU/0-49000 (2/160.0/NVL) GPU/0-4d000 (2/160.0/NVL) GPU/0-89000 (0/5000.0/LOC) GPU/0-8e000 (2/160.0/NVL) GPU/0-c5000 (2/160.0/NVL) GPU/0-c9000 (2/160.0/NVL) NVS/0-0 (1/160.0/NVL) CPU/0-0 (4/10.0/SYS) CPU/0-1 (3/24.0/PHB) 
bddx-inf-sci-k8s-a800-03849:1346780:1347772 [5] NCCL INFO GPU/0-8e000 :GPU/0-12000 (2/160.0/NVL) GPU/0-18000 (2/160.0/NVL) GPU/0-49000 (2/160.0/NVL) GPU/0-4d000 (2/160.0/NVL) GPU/0-89000 (2/160.0/NVL) GPU/0-8e000 (0/5000.0/LOC) GPU/0-c5000 (2/160.0/NVL) GPU/0-c9000 (2/160.0/NVL) NVS/0-0 (1/160.0/NVL) CPU/0-0 (4/10.0/SYS) CPU/0-1 (3/24.0/PHB) 
bddx-inf-sci-k8s-a800-03849:1346780:1347772 [5] NCCL INFO GPU/0-c5000 :GPU/0-12000 (2/160.0/NVL) GPU/0-18000 (2/160.0/NVL) GPU/0-49000 (2/160.0/NVL) GPU/0-4d000 (2/160.0/NVL) GPU/0-89000 (2/160.0/NVL) GPU/0-8e000 (2/160.0/NVL) GPU/0-c5000 (0/5000.0/LOC) GPU/0-c9000 (2/160.0/NVL) NVS/0-0 (1/160.0/NVL) CPU/0-0 (4/10.0/SYS) CPU/0-1 (3/24.0/PHB) 
bddx-inf-sci-k8s-a800-03849:1346780:1347772 [5] NCCL INFO GPU/0-c9000 :GPU/0-12000 (2/160.0/NVL) GPU/0-18000 (2/160.0/NVL) GPU/0-49000 (2/160.0/NVL) GPU/0-4d000 (2/160.0/NVL) GPU/0-89000 (2/160.0/NVL) GPU/0-8e000 (2/160.0/NVL) GPU/0-c5000 (2/160.0/NVL) GPU/0-c9000 (0/5000.0/LOC) NVS/0-0 (1/160.0/NVL) CPU/0-0 (4/10.0/SYS) CPU/0-1 (3/24.0/PHB) 
bddx-inf-sci-k8s-a800-03849:1346780:1347772 [5] NCCL INFO Setting affinity for GPU 5 to 32-63,96-127
bddx-inf-sci-k8s-a800-03849:1346780:1347772 [5] NCCL INFO NVLS multicast support is not available on dev 5 (NVLS_NCHANNELS 0)
bddx-inf-sci-k8s-a800-03849:1346775:1347774 [0] NCCL INFO GPU Direct RDMA Enabled for GPU 0 / HCA 8 (distance 5 <= 5), read 0 mode Default
bddx-inf-sci-k8s-a800-03849:1346775:1347774 [0] NCCL INFO GPU Direct RDMA Enabled for GPU 1 / HCA 8 (distance 5 <= 5), read 0 mode Default
bddx-inf-sci-k8s-a800-03849:1346775:1347774 [0] NCCL INFO GPU Direct RDMA Enabled for GPU 2 / HCA 8 (distance 5 <= 5), read 0 mode Default
bddx-inf-sci-k8s-a800-03849:1346775:1347774 [0] NCCL INFO GPU Direct RDMA Enabled for GPU 3 / HCA 8 (distance 5 <= 5), read 0 mode Default
bddx-inf-sci-k8s-a800-03849:1346775:1347774 [0] NCCL INFO GPU Direct RDMA Enabled for GPU 4 / HCA 8 (distance 5 <= 5), read 0 mode Default
bddx-inf-sci-k8s-a800-03849:1346775:1347774 [0] NCCL INFO GPU Direct RDMA Enabled for GPU 5 / HCA 8 (distance 5 <= 5), read 0 mode Default
bddx-inf-sci-k8s-a800-03849:1346775:1347774 [0] NCCL INFO GPU Direct RDMA Enabled for GPU 6 / HCA 8 (distance 5 <= 5), read 0 mode Default
bddx-inf-sci-k8s-a800-03849:1346775:1347774 [0] NCCL INFO GPU Direct RDMA Enabled for GPU 7 / HCA 8 (distance 5 <= 5), read 0 mode Default
bddx-inf-sci-k8s-a800-03849:1346775:1347774 [0] NCCL INFO GPU Direct RDMA Enabled for GPU 0 / HCA 9 (distance 5 <= 5), read 0 mode Default
bddx-inf-sci-k8s-a800-03849:1346775:1347774 [0] NCCL INFO GPU Direct RDMA Enabled for GPU 1 / HCA 9 (distance 5 <= 5), read 0 mode Default
bddx-inf-sci-k8s-a800-03849:1346775:1347774 [0] NCCL INFO GPU Direct RDMA Enabled for GPU 2 / HCA 9 (distance 5 <= 5), read 0 mode Default
bddx-inf-sci-k8s-a800-03849:1346775:1347774 [0] NCCL INFO GPU Direct RDMA Enabled for GPU 3 / HCA 9 (distance 5 <= 5), read 0 mode Default
bddx-inf-sci-k8s-a800-03849:1346775:1347774 [0] NCCL INFO GPU Direct RDMA Enabled for GPU 4 / HCA 9 (distance 5 <= 5), read 0 mode Default
bddx-inf-sci-k8s-a800-03849:1346775:1347774 [0] NCCL INFO GPU Direct RDMA Enabled for GPU 5 / HCA 9 (distance 5 <= 5), read 0 mode Default
bddx-inf-sci-k8s-a800-03849:1346775:1347774 [0] NCCL INFO GPU Direct RDMA Enabled for GPU 6 / HCA 9 (distance 5 <= 5), read 0 mode Default
bddx-inf-sci-k8s-a800-03849:1346775:1347774 [0] NCCL INFO GPU Direct RDMA Enabled for GPU 7 / HCA 9 (distance 5 <= 5), read 0 mode Default
bddx-inf-sci-k8s-a800-03849:1346775:1347774 [0] NCCL INFO GPU Direct RDMA Enabled for GPU 0 / HCA a (distance 5 <= 5), read 0 mode Default
bddx-inf-sci-k8s-a800-03849:1346775:1347774 [0] NCCL INFO GPU Direct RDMA Enabled for GPU 1 / HCA a (distance 5 <= 5), read 0 mode Default
bddx-inf-sci-k8s-a800-03849:1346775:1347774 [0] NCCL INFO GPU Direct RDMA Enabled for GPU 2 / HCA a (distance 5 <= 5), read 0 mode Default
bddx-inf-sci-k8s-a800-03849:1346775:1347774 [0] NCCL INFO GPU Direct RDMA Enabled for GPU 3 / HCA a (distance 5 <= 5), read 0 mode Default
bddx-inf-sci-k8s-a800-03849:1346775:1347774 [0] NCCL INFO GPU Direct RDMA Enabled for GPU 4 / HCA a (distance 5 <= 5), read 0 mode Default
bddx-inf-sci-k8s-a800-03849:1346775:1347774 [0] NCCL INFO GPU Direct RDMA Enabled for GPU 5 / HCA a (distance 5 <= 5), read 0 mode Default
bddx-inf-sci-k8s-a800-03849:1346775:1347774 [0] NCCL INFO GPU Direct RDMA Enabled for GPU 6 / HCA a (distance 5 <= 5), read 0 mode Default
bddx-inf-sci-k8s-a800-03849:1346775:1347774 [0] NCCL INFO GPU Direct RDMA Enabled for GPU 7 / HCA a (distance 5 <= 5), read 0 mode Default
bddx-inf-sci-k8s-a800-03849:1346775:1347774 [0] NCCL INFO GPU Direct RDMA Enabled for GPU 0 / HCA b (distance 5 <= 5), read 0 mode Default
bddx-inf-sci-k8s-a800-03849:1346775:1347774 [0] NCCL INFO GPU Direct RDMA Enabled for GPU 1 / HCA b (distance 5 <= 5), read 0 mode Default
bddx-inf-sci-k8s-a800-03849:1346775:1347774 [0] NCCL INFO GPU Direct RDMA Enabled for GPU 2 / HCA b (distance 5 <= 5), read 0 mode Default
bddx-inf-sci-k8s-a800-03849:1346775:1347774 [0] NCCL INFO GPU Direct RDMA Enabled for GPU 3 / HCA b (distance 5 <= 5), read 0 mode Default
bddx-inf-sci-k8s-a800-03849:1346775:1347774 [0] NCCL INFO GPU Direct RDMA Enabled for GPU 4 / HCA b (distance 5 <= 5), read 0 mode Default
bddx-inf-sci-k8s-a800-03849:1346775:1347774 [0] NCCL INFO GPU Direct RDMA Enabled for GPU 5 / HCA b (distance 5 <= 5), read 0 mode Default
bddx-inf-sci-k8s-a800-03849:1346775:1347774 [0] NCCL INFO GPU Direct RDMA Enabled for GPU 6 / HCA b (distance 5 <= 5), read 0 mode Default
bddx-inf-sci-k8s-a800-03849:1346775:1347774 [0] NCCL INFO GPU Direct RDMA Enabled for GPU 7 / HCA b (distance 5 <= 5), read 0 mode Default
bddx-inf-sci-k8s-a800-03849:1346780:1347772 [5] NCCL INFO Pattern 4, crossNic 0, nChannels 8, bw 20.000000/20.000000, type NVL/PIX, sameChannels 1
bddx-inf-sci-k8s-a800-03849:1346780:1347772 [5] NCCL INFO  0 : GPU/0 GPU/1 GPU/2 GPU/3 GPU/4 GPU/5 GPU/6 GPU/7
bddx-inf-sci-k8s-a800-03849:1346780:1347772 [5] NCCL INFO  1 : GPU/0 GPU/1 GPU/2 GPU/3 GPU/4 GPU/5 GPU/6 GPU/7
bddx-inf-sci-k8s-a800-03849:1346780:1347772 [5] NCCL INFO  2 : GPU/0 GPU/1 GPU/2 GPU/3 GPU/4 GPU/5 GPU/6 GPU/7
bddx-inf-sci-k8s-a800-03849:1346780:1347772 [5] NCCL INFO  3 : GPU/0 GPU/1 GPU/2 GPU/3 GPU/4 GPU/5 GPU/6 GPU/7
bddx-inf-sci-k8s-a800-03849:1346780:1347772 [5] NCCL INFO  4 : GPU/0 GPU/1 GPU/2 GPU/3 GPU/4 GPU/5 GPU/6 GPU/7
bddx-inf-sci-k8s-a800-03849:1346780:1347772 [5] NCCL INFO  5 : GPU/0 GPU/1 GPU/2 GPU/3 GPU/4 GPU/5 GPU/6 GPU/7
bddx-inf-sci-k8s-a800-03849:1346780:1347772 [5] NCCL INFO  6 : GPU/0 GPU/1 GPU/2 GPU/3 GPU/4 GPU/5 GPU/6 GPU/7
bddx-inf-sci-k8s-a800-03849:1346780:1347772 [5] NCCL INFO  7 : GPU/0 GPU/1 GPU/2 GPU/3 GPU/4 GPU/5 GPU/6 GPU/7
bddx-inf-sci-k8s-a800-03849:1346779:1347773 [4] NCCL INFO === System : maxBw 160.0 totalBw 160.0 ===
bddx-inf-sci-k8s-a800-03849:1346779:1347773 [4] NCCL INFO CPU/0-0 (1/1/2)
bddx-inf-sci-k8s-a800-03849:1346781:1347769 [6] NCCL INFO GPU Direct RDMA Enabled for GPU 0 / HCA 8 (distance 5 <= 5), read 0 mode Default
bddx-inf-sci-k8s-a800-03849:1346779:1347773 [4] NCCL INFO + PCI[24.0] - PCI/0-c000 (1000c0101000ffff)
bddx-inf-sci-k8s-a800-03849:1346781:1347769 [6] NCCL INFO GPU Direct RDMA Enabled for GPU 1 / HCA 8 (distance 5 <= 5), read 0 mode Default
bddx-inf-sci-k8s-a800-03849:1346779:1347773 [4] NCCL INFO               + PCI[24.0] - PCI/0-10000 (1000c01010de13b8)
bddx-inf-sci-k8s-a800-03849:1346781:1347769 [6] NCCL INFO GPU Direct RDMA Enabled for GPU 2 / HCA 8 (distance 5 <= 5), read 0 mode Default
bddx-inf-sci-k8s-a800-03849:1346779:1347773 [4] NCCL INFO                             + PCI[24.0] - GPU/0-12000 (0)
bddx-inf-sci-k8s-a800-03849:1346781:1347769 [6] NCCL INFO GPU Direct RDMA Enabled for GPU 3 / HCA 8 (distance 5 <= 5), read 0 mode Default
bddx-inf-sci-k8s-a800-03849:1346779:1347773 [4] NCCL INFO                                           + NVL[160.0] - NVS/0-0
bddx-inf-sci-k8s-a800-03849:1346781:1347769 [6] NCCL INFO GPU Direct RDMA Enabled for GPU 4 / HCA 8 (distance 5 <= 5), read 0 mode Default
bddx-inf-sci-k8s-a800-03849:1346779:1347773 [4] NCCL INFO               + PCI[24.0] - NIC/0-1f002
bddx-inf-sci-k8s-a800-03849:1346781:1347769 [6] NCCL INFO GPU Direct RDMA Enabled for GPU 5 / HCA 8 (distance 5 <= 5), read 0 mode Default
bddx-inf-sci-k8s-a800-03849:1346779:1347773 [4] NCCL INFO               + PCI[24.0] - PCI/0-16000 (1000c01010de13b8)
bddx-inf-sci-k8s-a800-03849:1346781:1347769 [6] NCCL INFO GPU Direct RDMA Enabled for GPU 6 / HCA 8 (distance 5 <= 5), read 0 mode Default
bddx-inf-sci-k8s-a800-03849:1346779:1347773 [4] NCCL INFO                             + PCI[24.0] - GPU/0-18000 (1)
bddx-inf-sci-k8s-a800-03849:1346781:1347769 [6] NCCL INFO GPU Direct RDMA Enabled for GPU 7 / HCA 8 (distance 5 <= 5), read 0 mode Default
bddx-inf-sci-k8s-a800-03849:1346779:1347773 [4] NCCL INFO                                           + NVL[160.0] - NVS/0-0
bddx-inf-sci-k8s-a800-03849:1346781:1347769 [6] NCCL INFO GPU Direct RDMA Enabled for GPU 0 / HCA 9 (distance 5 <= 5), read 0 mode Default
bddx-inf-sci-k8s-a800-03849:1346779:1347773 [4] NCCL INFO + PCI[24.0] - PCI/0-43000 (1000c0101000ffff)
bddx-inf-sci-k8s-a800-03849:1346781:1347769 [6] NCCL INFO GPU Direct RDMA Enabled for GPU 1 / HCA 9 (distance 5 <= 5), read 0 mode Default
bddx-inf-sci-k8s-a800-03849:1346779:1347773 [4] NCCL INFO               + PCI[24.0] - NIC/0-5f002
bddx-inf-sci-k8s-a800-03849:1346781:1347769 [6] NCCL INFO GPU Direct RDMA Enabled for GPU 2 / HCA 9 (distance 5 <= 5), read 0 mode Default
bddx-inf-sci-k8s-a800-03849:1346779:1347773 [4] NCCL INFO               + PCI[24.0] - PCI/0-47000 (1000c01010de13b8)
bddx-inf-sci-k8s-a800-03849:1346781:1347769 [6] NCCL INFO GPU Direct RDMA Enabled for GPU 3 / HCA 9 (distance 5 <= 5), read 0 mode Default
bddx-inf-sci-k8s-a800-03849:1346779:1347773 [4] NCCL INFO                             + PCI[24.0] - GPU/0-49000 (2)
bddx-inf-sci-k8s-a800-03849:1346781:1347769 [6] NCCL INFO GPU Direct RDMA Enabled for GPU 4 / HCA 9 (distance 5 <= 5), read 0 mode Default
bddx-inf-sci-k8s-a800-03849:1346779:1347773 [4] NCCL INFO                                           + NVL[160.0] - NVS/0-0
bddx-inf-sci-k8s-a800-03849:1346781:1347769 [6] NCCL INFO GPU Direct RDMA Enabled for GPU 5 / HCA 9 (distance 5 <= 5), read 0 mode Default
bddx-inf-sci-k8s-a800-03849:1346779:1347773 [4] NCCL INFO               + PCI[24.0] - PCI/0-4b000 (1000c01010de13b8)
bddx-inf-sci-k8s-a800-03849:1346781:1347769 [6] NCCL INFO GPU Direct RDMA Enabled for GPU 6 / HCA 9 (distance 5 <= 5), read 0 mode Default
bddx-inf-sci-k8s-a800-03849:1346779:1347773 [4] NCCL INFO                             + PCI[24.0] - GPU/0-4d000 (3)
bddx-inf-sci-k8s-a800-03849:1346780:1347772 [5] NCCL INFO Pattern 1, crossNic 0, nChannels 8, bw 20.000000/20.000000, type NVL/PIX, sameChannels 1
bddx-inf-sci-k8s-a800-03849:1346781:1347769 [6] NCCL INFO GPU Direct RDMA Enabled for GPU 7 / HCA 9 (distance 5 <= 5), read 0 mode Default
bddx-inf-sci-k8s-a800-03849:1346779:1347773 [4] NCCL INFO                                           + NVL[160.0] - NVS/0-0
bddx-inf-sci-k8s-a800-03849:1346780:1347772 [5] NCCL INFO  0 : GPU/0 GPU/1 GPU/2 GPU/3 GPU/4 GPU/5 GPU/6 GPU/7
bddx-inf-sci-k8s-a800-03849:1346781:1347769 [6] NCCL INFO GPU Direct RDMA Enabled for GPU 0 / HCA a (distance 5 <= 5), read 0 mode Default
bddx-inf-sci-k8s-a800-03849:1346779:1347773 [4] NCCL INFO + SYS[10.0] - CPU/0-1
bddx-inf-sci-k8s-a800-03849:1346780:1347772 [5] NCCL INFO  1 : GPU/0 GPU/1 GPU/2 GPU/3 GPU/4 GPU/5 GPU/6 GPU/7
bddx-inf-sci-k8s-a800-03849:1346781:1347769 [6] NCCL INFO GPU Direct RDMA Enabled for GPU 1 / HCA a (distance 5 <= 5), read 0 mode Default
bddx-inf-sci-k8s-a800-03849:1346779:1347773 [4] NCCL INFO CPU/0-1 (1/1/2)
bddx-inf-sci-k8s-a800-03849:1346780:1347772 [5] NCCL INFO  2 : GPU/0 GPU/1 GPU/2 GPU/3 GPU/4 GPU/5 GPU/6 GPU/7
bddx-inf-sci-k8s-a800-03849:1346781:1347769 [6] NCCL INFO GPU Direct RDMA Enabled for GPU 2 / HCA a (distance 5 <= 5), read 0 mode Default
bddx-inf-sci-k8s-a800-03849:1346779:1347773 [4] NCCL INFO + PCI[24.0] - PCI/0-83000 (1000c0101000ffff)
bddx-inf-sci-k8s-a800-03849:1346780:1347772 [5] NCCL INFO  3 : GPU/0 GPU/1 GPU/2 GPU/3 GPU/4 GPU/5 GPU/6 GPU/7
bddx-inf-sci-k8s-a800-03849:1346781:1347769 [6] NCCL INFO GPU Direct RDMA Enabled for GPU 3 / HCA a (distance 5 <= 5), read 0 mode Default
bddx-inf-sci-k8s-a800-03849:1346779:1347773 [4] NCCL INFO               + PCI[24.0] - NIC/0-95002
bddx-inf-sci-k8s-a800-03849:1346780:1347772 [5] NCCL INFO  4 : GPU/0 GPU/1 GPU/2 GPU/3 GPU/4 GPU/5 GPU/6 GPU/7
bddx-inf-sci-k8s-a800-03849:1346779:1347773 [4] NCCL INFO               + PCI[24.0] - PCI/0-87000 (1000c01010de13b8)
bddx-inf-sci-k8s-a800-03849:1346781:1347769 [6] NCCL INFO GPU Direct RDMA Enabled for GPU 4 / HCA a (distance 5 <= 5), read 0 mode Default
bddx-inf-sci-k8s-a800-03849:1346780:1347772 [5] NCCL INFO  5 : GPU/0 GPU/1 GPU/2 GPU/3 GPU/4 GPU/5 GPU/6 GPU/7
bddx-inf-sci-k8s-a800-03849:1346779:1347773 [4] NCCL INFO                             + PCI[24.0] - GPU/0-89000 (4)
bddx-inf-sci-k8s-a800-03849:1346781:1347769 [6] NCCL INFO GPU Direct RDMA Enabled for GPU 5 / HCA a (distance 5 <= 5), read 0 mode Default
bddx-inf-sci-k8s-a800-03849:1346780:1347772 [5] NCCL INFO  6 : GPU/0 GPU/1 GPU/2 GPU/3 GPU/4 GPU/5 GPU/6 GPU/7
bddx-inf-sci-k8s-a800-03849:1346779:1347773 [4] NCCL INFO                                           + NVL[160.0] - NVS/0-0
bddx-inf-sci-k8s-a800-03849:1346781:1347769 [6] NCCL INFO GPU Direct RDMA Enabled for GPU 6 / HCA a (distance 5 <= 5), read 0 mode Default
bddx-inf-sci-k8s-a800-03849:1346780:1347772 [5] NCCL INFO  7 : GPU/0 GPU/1 GPU/2 GPU/3 GPU/4 GPU/5 GPU/6 GPU/7
bddx-inf-sci-k8s-a800-03849:1346779:1347773 [4] NCCL INFO               + PCI[24.0] - PCI/0-8c000 (1000c01010de13b8)
bddx-inf-sci-k8s-a800-03849:1346781:1347769 [6] NCCL INFO GPU Direct RDMA Enabled for GPU 7 / HCA a (distance 5 <= 5), read 0 mode Default
bddx-inf-sci-k8s-a800-03849:1346779:1347773 [4] NCCL INFO                             + PCI[24.0] - GPU/0-8e000 (5)
bddx-inf-sci-k8s-a800-03849:1346781:1347769 [6] NCCL INFO GPU Direct RDMA Enabled for GPU 0 / HCA b (distance 5 <= 5), read 0 mode Default
bddx-inf-sci-k8s-a800-03849:1346779:1347773 [4] NCCL INFO                                           + NVL[160.0] - NVS/0-0
bddx-inf-sci-k8s-a800-03849:1346781:1347769 [6] NCCL INFO GPU Direct RDMA Enabled for GPU 1 / HCA b (distance 5 <= 5), read 0 mode Default
bddx-inf-sci-k8s-a800-03849:1346779:1347773 [4] NCCL INFO + PCI[24.0] - PCI/0-bf000 (1000c0101000ffff)
bddx-inf-sci-k8s-a800-03849:1346781:1347769 [6] NCCL INFO GPU Direct RDMA Enabled for GPU 2 / HCA b (distance 5 <= 5), read 0 mode Default
bddx-inf-sci-k8s-a800-03849:1346779:1347773 [4] NCCL INFO               + PCI[24.0] - NIC/0-cc002
bddx-inf-sci-k8s-a800-03849:1346781:1347769 [6] NCCL INFO GPU Direct RDMA Enabled for GPU 3 / HCA b (distance 5 <= 5), read 0 mode Default
bddx-inf-sci-k8s-a800-03849:1346779:1347773 [4] NCCL INFO               + PCI[24.0] - PCI/0-c3000 (1000c01010de13b8)
bddx-inf-sci-k8s-a800-03849:1346781:1347769 [6] NCCL INFO GPU Direct RDMA Enabled for GPU 4 / HCA b (distance 5 <= 5), read 0 mode Default
bddx-inf-sci-k8s-a800-03849:1346779:1347773 [4] NCCL INFO                             + PCI[24.0] - GPU/0-c5000 (6)
bddx-inf-sci-k8s-a800-03849:1346781:1347769 [6] NCCL INFO GPU Direct RDMA Enabled for GPU 5 / HCA b (distance 5 <= 5), read 0 mode Default
bddx-inf-sci-k8s-a800-03849:1346779:1347773 [4] NCCL INFO                                           + NVL[160.0] - NVS/0-0
bddx-inf-sci-k8s-a800-03849:1346781:1347769 [6] NCCL INFO GPU Direct RDMA Enabled for GPU 6 / HCA b (distance 5 <= 5), read 0 mode Default
bddx-inf-sci-k8s-a800-03849:1346779:1347773 [4] NCCL INFO               + PCI[24.0] - PCI/0-c7000 (1000c01010de13b8)
bddx-inf-sci-k8s-a800-03849:1346781:1347769 [6] NCCL INFO GPU Direct RDMA Enabled for GPU 7 / HCA b (distance 5 <= 5), read 0 mode Default
bddx-inf-sci-k8s-a800-03849:1346779:1347773 [4] NCCL INFO                             + PCI[24.0] - GPU/0-c9000 (7)
bddx-inf-sci-k8s-a800-03849:1346779:1347773 [4] NCCL INFO                                           + NVL[160.0] - NVS/0-0
bddx-inf-sci-k8s-a800-03849:1346779:1347773 [4] NCCL INFO + SYS[10.0] - CPU/0-0
bddx-inf-sci-k8s-a800-03849:1346779:1347773 [4] NCCL INFO ==========================================
bddx-inf-sci-k8s-a800-03849:1346779:1347773 [4] NCCL INFO GPU/0-12000 :GPU/0-12000 (0/5000.0/LOC) GPU/0-18000 (2/160.0/NVL) GPU/0-49000 (2/160.0/NVL) GPU/0-4d000 (2/160.0/NVL) GPU/0-89000 (2/160.0/NVL) GPU/0-8e000 (2/160.0/NVL) GPU/0-c5000 (2/160.0/NVL) GPU/0-c9000 (2/160.0/NVL) NVS/0-0 (1/160.0/NVL) CPU/0-0 (3/24.0/PHB) CPU/0-1 (4/10.0/SYS) 
bddx-inf-sci-k8s-a800-03849:1346776:1347771 [1] NCCL INFO === System : maxBw 160.0 totalBw 160.0 ===
bddx-inf-sci-k8s-a800-03849:1346776:1347771 [1] NCCL INFO CPU/0-0 (1/1/2)
bddx-inf-sci-k8s-a800-03849:1346779:1347773 [4] NCCL INFO GPU/0-18000 :GPU/0-12000 (2/160.0/NVL) GPU/0-18000 (0/5000.0/LOC) GPU/0-49000 (2/160.0/NVL) GPU/0-4d000 (2/160.0/NVL) GPU/0-89000 (2/160.0/NVL) GPU/0-8e000 (2/160.0/NVL) GPU/0-c5000 (2/160.0/NVL) GPU/0-c9000 (2/160.0/NVL) NVS/0-0 (1/160.0/NVL) CPU/0-0 (3/24.0/PHB) CPU/0-1 (4/10.0/SYS) 
bddx-inf-sci-k8s-a800-03849:1346776:1347771 [1] NCCL INFO + PCI[24.0] - PCI/0-c000 (1000c0101000ffff)
bddx-inf-sci-k8s-a800-03849:1346776:1347771 [1] NCCL INFO               + PCI[24.0] - PCI/0-10000 (1000c01010de13b8)
bddx-inf-sci-k8s-a800-03849:1346776:1347771 [1] NCCL INFO                             + PCI[24.0] - GPU/0-12000 (0)
bddx-inf-sci-k8s-a800-03849:1346779:1347773 [4] NCCL INFO GPU/0-49000 :GPU/0-12000 (2/160.0/NVL) GPU/0-18000 (2/160.0/NVL) GPU/0-49000 (0/5000.0/LOC) GPU/0-4d000 (2/160.0/NVL) GPU/0-89000 (2/160.0/NVL) GPU/0-8e000 (2/160.0/NVL) GPU/0-c5000 (2/160.0/NVL) GPU/0-c9000 (2/160.0/NVL) NVS/0-0 (1/160.0/NVL) CPU/0-0 (3/24.0/PHB) CPU/0-1 (4/10.0/SYS) 
bddx-inf-sci-k8s-a800-03849:1346776:1347771 [1] NCCL INFO                                           + NVL[160.0] - NVS/0-0
bddx-inf-sci-k8s-a800-03849:1346776:1347771 [1] NCCL INFO               + PCI[24.0] - NIC/0-1f002
bddx-inf-sci-k8s-a800-03849:1346779:1347773 [4] NCCL INFO GPU/0-4d000 :GPU/0-12000 (2/160.0/NVL) GPU/0-18000 (2/160.0/NVL) GPU/0-49000 (2/160.0/NVL) GPU/0-4d000 (0/5000.0/LOC) GPU/0-89000 (2/160.0/NVL) GPU/0-8e000 (2/160.0/NVL) GPU/0-c5000 (2/160.0/NVL) GPU/0-c9000 (2/160.0/NVL) NVS/0-0 (1/160.0/NVL) CPU/0-0 (3/24.0/PHB) CPU/0-1 (4/10.0/SYS) 
bddx-inf-sci-k8s-a800-03849:1346778:1347770 [3] NCCL INFO GPU Direct RDMA Enabled for GPU 0 / HCA 8 (distance 5 <= 5), read 0 mode Default
bddx-inf-sci-k8s-a800-03849:1346776:1347771 [1] NCCL INFO               + PCI[24.0] - PCI/0-16000 (1000c01010de13b8)
bddx-inf-sci-k8s-a800-03849:1346779:1347773 [4] NCCL INFO GPU/0-89000 :GPU/0-12000 (2/160.0/NVL) GPU/0-18000 (2/160.0/NVL) GPU/0-49000 (2/160.0/NVL) GPU/0-4d000 (2/160.0/NVL) GPU/0-89000 (0/5000.0/LOC) GPU/0-8e000 (2/160.0/NVL) GPU/0-c5000 (2/160.0/NVL) GPU/0-c9000 (2/160.0/NVL) NVS/0-0 (1/160.0/NVL) CPU/0-0 (4/10.0/SYS) CPU/0-1 (3/24.0/PHB) 
bddx-inf-sci-k8s-a800-03849:1346778:1347770 [3] NCCL INFO GPU Direct RDMA Enabled for GPU 1 / HCA 8 (distance 5 <= 5), read 0 mode Default
bddx-inf-sci-k8s-a800-03849:1346776:1347771 [1] NCCL INFO                             + PCI[24.0] - GPU/0-18000 (1)
bddx-inf-sci-k8s-a800-03849:1346778:1347770 [3] NCCL INFO GPU Direct RDMA Enabled for GPU 2 / HCA 8 (distance 5 <= 5), read 0 mode Default
bddx-inf-sci-k8s-a800-03849:1346776:1347771 [1] NCCL INFO                                           + NVL[160.0] - NVS/0-0
bddx-inf-sci-k8s-a800-03849:1346779:1347773 [4] NCCL INFO GPU/0-8e000 :GPU/0-12000 (2/160.0/NVL) GPU/0-18000 (2/160.0/NVL) GPU/0-49000 (2/160.0/NVL) GPU/0-4d000 (2/160.0/NVL) GPU/0-89000 (2/160.0/NVL) GPU/0-8e000 (0/5000.0/LOC) GPU/0-c5000 (2/160.0/NVL) GPU/0-c9000 (2/160.0/NVL) NVS/0-0 (1/160.0/NVL) CPU/0-0 (4/10.0/SYS) CPU/0-1 (3/24.0/PHB) 
bddx-inf-sci-k8s-a800-03849:1346778:1347770 [3] NCCL INFO GPU Direct RDMA Enabled for GPU 3 / HCA 8 (distance 5 <= 5), read 0 mode Default
bddx-inf-sci-k8s-a800-03849:1346776:1347771 [1] NCCL INFO + PCI[24.0] - PCI/0-43000 (1000c0101000ffff)
bddx-inf-sci-k8s-a800-03849:1346778:1347770 [3] NCCL INFO GPU Direct RDMA Enabled for GPU 4 / HCA 8 (distance 5 <= 5), read 0 mode Default
bddx-inf-sci-k8s-a800-03849:1346776:1347771 [1] NCCL INFO               + PCI[24.0] - NIC/0-5f002
bddx-inf-sci-k8s-a800-03849:1346778:1347770 [3] NCCL INFO GPU Direct RDMA Enabled for GPU 5 / HCA 8 (distance 5 <= 5), read 0 mode Default
bddx-inf-sci-k8s-a800-03849:1346779:1347773 [4] NCCL INFO GPU/0-c5000 :GPU/0-12000 (2/160.0/NVL) GPU/0-18000 (2/160.0/NVL) GPU/0-49000 (2/160.0/NVL) GPU/0-4d000 (2/160.0/NVL) GPU/0-89000 (2/160.0/NVL) GPU/0-8e000 (2/160.0/NVL) GPU/0-c5000 (0/5000.0/LOC) GPU/0-c9000 (2/160.0/NVL) NVS/0-0 (1/160.0/NVL) CPU/0-0 (4/10.0/SYS) CPU/0-1 (3/24.0/PHB) 
bddx-inf-sci-k8s-a800-03849:1346776:1347771 [1] NCCL INFO               + PCI[24.0] - PCI/0-47000 (1000c01010de13b8)
bddx-inf-sci-k8s-a800-03849:1346778:1347770 [3] NCCL INFO GPU Direct RDMA Enabled for GPU 6 / HCA 8 (distance 5 <= 5), read 0 mode Default
bddx-inf-sci-k8s-a800-03849:1346776:1347771 [1] NCCL INFO                             + PCI[24.0] - GPU/0-49000 (2)
bddx-inf-sci-k8s-a800-03849:1346778:1347770 [3] NCCL INFO GPU Direct RDMA Enabled for GPU 7 / HCA 8 (distance 5 <= 5), read 0 mode Default
bddx-inf-sci-k8s-a800-03849:1346779:1347773 [4] NCCL INFO GPU/0-c9000 :GPU/0-12000 (2/160.0/NVL) GPU/0-18000 (2/160.0/NVL) GPU/0-49000 (2/160.0/NVL) GPU/0-4d000 (2/160.0/NVL) GPU/0-89000 (2/160.0/NVL) GPU/0-8e000 (2/160.0/NVL) GPU/0-c5000 (2/160.0/NVL) GPU/0-c9000 (0/5000.0/LOC) NVS/0-0 (1/160.0/NVL) CPU/0-0 (4/10.0/SYS) CPU/0-1 (3/24.0/PHB) 
bddx-inf-sci-k8s-a800-03849:1346776:1347771 [1] NCCL INFO                                           + NVL[160.0] - NVS/0-0
bddx-inf-sci-k8s-a800-03849:1346778:1347770 [3] NCCL INFO GPU Direct RDMA Enabled for GPU 0 / HCA 9 (distance 5 <= 5), read 0 mode Default
bddx-inf-sci-k8s-a800-03849:1346776:1347771 [1] NCCL INFO               + PCI[24.0] - PCI/0-4b000 (1000c01010de13b8)
bddx-inf-sci-k8s-a800-03849:1346778:1347770 [3] NCCL INFO GPU Direct RDMA Enabled for GPU 1 / HCA 9 (distance 5 <= 5), read 0 mode Default
bddx-inf-sci-k8s-a800-03849:1346776:1347771 [1] NCCL INFO                             + PCI[24.0] - GPU/0-4d000 (3)
bddx-inf-sci-k8s-a800-03849:1346779:1347773 [4] NCCL INFO Setting affinity for GPU 4 to 32-63,96-127
bddx-inf-sci-k8s-a800-03849:1346778:1347770 [3] NCCL INFO GPU Direct RDMA Enabled for GPU 2 / HCA 9 (distance 5 <= 5), read 0 mode Default
bddx-inf-sci-k8s-a800-03849:1346776:1347771 [1] NCCL INFO                                           + NVL[160.0] - NVS/0-0
bddx-inf-sci-k8s-a800-03849:1346778:1347770 [3] NCCL INFO GPU Direct RDMA Enabled for GPU 3 / HCA 9 (distance 5 <= 5), read 0 mode Default
bddx-inf-sci-k8s-a800-03849:1346776:1347771 [1] NCCL INFO + SYS[10.0] - CPU/0-1
bddx-inf-sci-k8s-a800-03849:1346778:1347770 [3] NCCL INFO GPU Direct RDMA Enabled for GPU 4 / HCA 9 (distance 5 <= 5), read 0 mode Default
bddx-inf-sci-k8s-a800-03849:1346776:1347771 [1] NCCL INFO CPU/0-1 (1/1/2)
bddx-inf-sci-k8s-a800-03849:1346778:1347770 [3] NCCL INFO GPU Direct RDMA Enabled for GPU 5 / HCA 9 (distance 5 <= 5), read 0 mode Default
bddx-inf-sci-k8s-a800-03849:1346776:1347771 [1] NCCL INFO + PCI[24.0] - PCI/0-83000 (1000c0101000ffff)
bddx-inf-sci-k8s-a800-03849:1346779:1347773 [4] NCCL INFO NVLS multicast support is not available on dev 4 (NVLS_NCHANNELS 0)
bddx-inf-sci-k8s-a800-03849:1346778:1347770 [3] NCCL INFO GPU Direct RDMA Enabled for GPU 6 / HCA 9 (distance 5 <= 5), read 0 mode Default
bddx-inf-sci-k8s-a800-03849:1346776:1347771 [1] NCCL INFO               + PCI[24.0] - NIC/0-95002
bddx-inf-sci-k8s-a800-03849:1346778:1347770 [3] NCCL INFO GPU Direct RDMA Enabled for GPU 7 / HCA 9 (distance 5 <= 5), read 0 mode Default
bddx-inf-sci-k8s-a800-03849:1346776:1347771 [1] NCCL INFO               + PCI[24.0] - PCI/0-87000 (1000c01010de13b8)
bddx-inf-sci-k8s-a800-03849:1346778:1347770 [3] NCCL INFO GPU Direct RDMA Enabled for GPU 0 / HCA a (distance 5 <= 5), read 0 mode Default
bddx-inf-sci-k8s-a800-03849:1346776:1347771 [1] NCCL INFO                             + PCI[24.0] - GPU/0-89000 (4)
bddx-inf-sci-k8s-a800-03849:1346778:1347770 [3] NCCL INFO GPU Direct RDMA Enabled for GPU 1 / HCA a (distance 5 <= 5), read 0 mode Default
bddx-inf-sci-k8s-a800-03849:1346776:1347771 [1] NCCL INFO                                           + NVL[160.0] - NVS/0-0
bddx-inf-sci-k8s-a800-03849:1346778:1347770 [3] NCCL INFO GPU Direct RDMA Enabled for GPU 2 / HCA a (distance 5 <= 5), read 0 mode Default
bddx-inf-sci-k8s-a800-03849:1346776:1347771 [1] NCCL INFO               + PCI[24.0] - PCI/0-8c000 (1000c01010de13b8)
bddx-inf-sci-k8s-a800-03849:1346778:1347770 [3] NCCL INFO GPU Direct RDMA Enabled for GPU 3 / HCA a (distance 5 <= 5), read 0 mode Default
bddx-inf-sci-k8s-a800-03849:1346776:1347771 [1] NCCL INFO                             + PCI[24.0] - GPU/0-8e000 (5)
bddx-inf-sci-k8s-a800-03849:1346778:1347770 [3] NCCL INFO GPU Direct RDMA Enabled for GPU 4 / HCA a (distance 5 <= 5), read 0 mode Default
bddx-inf-sci-k8s-a800-03849:1346776:1347771 [1] NCCL INFO                                           + NVL[160.0] - NVS/0-0
bddx-inf-sci-k8s-a800-03849:1346778:1347770 [3] NCCL INFO GPU Direct RDMA Enabled for GPU 5 / HCA a (distance 5 <= 5), read 0 mode Default
bddx-inf-sci-k8s-a800-03849:1346776:1347771 [1] NCCL INFO + PCI[24.0] - PCI/0-bf000 (1000c0101000ffff)
bddx-inf-sci-k8s-a800-03849:1346778:1347770 [3] NCCL INFO GPU Direct RDMA Enabled for GPU 6 / HCA a (distance 5 <= 5), read 0 mode Default
bddx-inf-sci-k8s-a800-03849:1346776:1347771 [1] NCCL INFO               + PCI[24.0] - NIC/0-cc002
bddx-inf-sci-k8s-a800-03849:1346778:1347770 [3] NCCL INFO GPU Direct RDMA Enabled for GPU 7 / HCA a (distance 5 <= 5), read 0 mode Default
bddx-inf-sci-k8s-a800-03849:1346776:1347771 [1] NCCL INFO               + PCI[24.0] - PCI/0-c3000 (1000c01010de13b8)
bddx-inf-sci-k8s-a800-03849:1346778:1347770 [3] NCCL INFO GPU Direct RDMA Enabled for GPU 0 / HCA b (distance 5 <= 5), read 0 mode Default
bddx-inf-sci-k8s-a800-03849:1346776:1347771 [1] NCCL INFO                             + PCI[24.0] - GPU/0-c5000 (6)
bddx-inf-sci-k8s-a800-03849:1346778:1347770 [3] NCCL INFO GPU Direct RDMA Enabled for GPU 1 / HCA b (distance 5 <= 5), read 0 mode Default
bddx-inf-sci-k8s-a800-03849:1346776:1347771 [1] NCCL INFO                                           + NVL[160.0] - NVS/0-0
bddx-inf-sci-k8s-a800-03849:1346778:1347770 [3] NCCL INFO GPU Direct RDMA Enabled for GPU 2 / HCA b (distance 5 <= 5), read 0 mode Default
bddx-inf-sci-k8s-a800-03849:1346776:1347771 [1] NCCL INFO               + PCI[24.0] - PCI/0-c7000 (1000c01010de13b8)
bddx-inf-sci-k8s-a800-03849:1346778:1347770 [3] NCCL INFO GPU Direct RDMA Enabled for GPU 3 / HCA b (distance 5 <= 5), read 0 mode Default
bddx-inf-sci-k8s-a800-03849:1346776:1347771 [1] NCCL INFO                             + PCI[24.0] - GPU/0-c9000 (7)
bddx-inf-sci-k8s-a800-03849:1346778:1347770 [3] NCCL INFO GPU Direct RDMA Enabled for GPU 4 / HCA b (distance 5 <= 5), read 0 mode Default
bddx-inf-sci-k8s-a800-03849:1346776:1347771 [1] NCCL INFO                                           + NVL[160.0] - NVS/0-0
bddx-inf-sci-k8s-a800-03849:1346778:1347770 [3] NCCL INFO GPU Direct RDMA Enabled for GPU 5 / HCA b (distance 5 <= 5), read 0 mode Default
bddx-inf-sci-k8s-a800-03849:1346776:1347771 [1] NCCL INFO + SYS[10.0] - CPU/0-0
bddx-inf-sci-k8s-a800-03849:1346778:1347770 [3] NCCL INFO GPU Direct RDMA Enabled for GPU 6 / HCA b (distance 5 <= 5), read 0 mode Default
bddx-inf-sci-k8s-a800-03849:1346776:1347771 [1] NCCL INFO ==========================================
bddx-inf-sci-k8s-a800-03849:1346778:1347770 [3] NCCL INFO GPU Direct RDMA Enabled for GPU 7 / HCA b (distance 5 <= 5), read 0 mode Default
bddx-inf-sci-k8s-a800-03849:1346776:1347771 [1] NCCL INFO GPU/0-12000 :GPU/0-12000 (0/5000.0/LOC) GPU/0-18000 (2/160.0/NVL) GPU/0-49000 (2/160.0/NVL) GPU/0-4d000 (2/160.0/NVL) GPU/0-89000 (2/160.0/NVL) GPU/0-8e000 (2/160.0/NVL) GPU/0-c5000 (2/160.0/NVL) GPU/0-c9000 (2/160.0/NVL) NVS/0-0 (1/160.0/NVL) CPU/0-0 (3/24.0/PHB) CPU/0-1 (4/10.0/SYS) 
bddx-inf-sci-k8s-a800-03849:1346776:1347771 [1] NCCL INFO GPU/0-18000 :GPU/0-12000 (2/160.0/NVL) GPU/0-18000 (0/5000.0/LOC) GPU/0-49000 (2/160.0/NVL) GPU/0-4d000 (2/160.0/NVL) GPU/0-89000 (2/160.0/NVL) GPU/0-8e000 (2/160.0/NVL) GPU/0-c5000 (2/160.0/NVL) GPU/0-c9000 (2/160.0/NVL) NVS/0-0 (1/160.0/NVL) CPU/0-0 (3/24.0/PHB) CPU/0-1 (4/10.0/SYS) 
bddx-inf-sci-k8s-a800-03849:1346776:1347771 [1] NCCL INFO GPU/0-49000 :GPU/0-12000 (2/160.0/NVL) GPU/0-18000 (2/160.0/NVL) GPU/0-49000 (0/5000.0/LOC) GPU/0-4d000 (2/160.0/NVL) GPU/0-89000 (2/160.0/NVL) GPU/0-8e000 (2/160.0/NVL) GPU/0-c5000 (2/160.0/NVL) GPU/0-c9000 (2/160.0/NVL) NVS/0-0 (1/160.0/NVL) CPU/0-0 (3/24.0/PHB) CPU/0-1 (4/10.0/SYS) 
bddx-inf-sci-k8s-a800-03849:1346776:1347771 [1] NCCL INFO GPU/0-4d000 :GPU/0-12000 (2/160.0/NVL) GPU/0-18000 (2/160.0/NVL) GPU/0-49000 (2/160.0/NVL) GPU/0-4d000 (0/5000.0/LOC) GPU/0-89000 (2/160.0/NVL) GPU/0-8e000 (2/160.0/NVL) GPU/0-c5000 (2/160.0/NVL) GPU/0-c9000 (2/160.0/NVL) NVS/0-0 (1/160.0/NVL) CPU/0-0 (3/24.0/PHB) CPU/0-1 (4/10.0/SYS) 
bddx-inf-sci-k8s-a800-03849:1346776:1347771 [1] NCCL INFO GPU/0-89000 :GPU/0-12000 (2/160.0/NVL) GPU/0-18000 (2/160.0/NVL) GPU/0-49000 (2/160.0/NVL) GPU/0-4d000 (2/160.0/NVL) GPU/0-89000 (0/5000.0/LOC) GPU/0-8e000 (2/160.0/NVL) GPU/0-c5000 (2/160.0/NVL) GPU/0-c9000 (2/160.0/NVL) NVS/0-0 (1/160.0/NVL) CPU/0-0 (4/10.0/SYS) CPU/0-1 (3/24.0/PHB) 
bddx-inf-sci-k8s-a800-03849:1346776:1347771 [1] NCCL INFO GPU/0-8e000 :GPU/0-12000 (2/160.0/NVL) GPU/0-18000 (2/160.0/NVL) GPU/0-49000 (2/160.0/NVL) GPU/0-4d000 (2/160.0/NVL) GPU/0-89000 (2/160.0/NVL) GPU/0-8e000 (0/5000.0/LOC) GPU/0-c5000 (2/160.0/NVL) GPU/0-c9000 (2/160.0/NVL) NVS/0-0 (1/160.0/NVL) CPU/0-0 (4/10.0/SYS) CPU/0-1 (3/24.0/PHB) 
bddx-inf-sci-k8s-a800-03849:1346776:1347771 [1] NCCL INFO GPU/0-c5000 :GPU/0-12000 (2/160.0/NVL) GPU/0-18000 (2/160.0/NVL) GPU/0-49000 (2/160.0/NVL) GPU/0-4d000 (2/160.0/NVL) GPU/0-89000 (2/160.0/NVL) GPU/0-8e000 (2/160.0/NVL) GPU/0-c5000 (0/5000.0/LOC) GPU/0-c9000 (2/160.0/NVL) NVS/0-0 (1/160.0/NVL) CPU/0-0 (4/10.0/SYS) CPU/0-1 (3/24.0/PHB) 
bddx-inf-sci-k8s-a800-03849:1346776:1347771 [1] NCCL INFO GPU/0-c9000 :GPU/0-12000 (2/160.0/NVL) GPU/0-18000 (2/160.0/NVL) GPU/0-49000 (2/160.0/NVL) GPU/0-4d000 (2/160.0/NVL) GPU/0-89000 (2/160.0/NVL) GPU/0-8e000 (2/160.0/NVL) GPU/0-c5000 (2/160.0/NVL) GPU/0-c9000 (0/5000.0/LOC) NVS/0-0 (1/160.0/NVL) CPU/0-0 (4/10.0/SYS) CPU/0-1 (3/24.0/PHB) 
bddx-inf-sci-k8s-a800-03849:1346776:1347771 [1] NCCL INFO Setting affinity for GPU 1 to 0-31,64-95
bddx-inf-sci-k8s-a800-03849:1346776:1347771 [1] NCCL INFO NVLS multicast support is not available on dev 1 (NVLS_NCHANNELS 0)
bddx-inf-sci-k8s-a800-03849:1346777:1347768 [2] NCCL INFO === System : maxBw 160.0 totalBw 160.0 ===
bddx-inf-sci-k8s-a800-03849:1346779:1347773 [4] NCCL INFO Pattern 4, crossNic 0, nChannels 8, bw 20.000000/20.000000, type NVL/PIX, sameChannels 1
bddx-inf-sci-k8s-a800-03849:1346777:1347768 [2] NCCL INFO CPU/0-0 (1/1/2)
bddx-inf-sci-k8s-a800-03849:1346779:1347773 [4] NCCL INFO  0 : GPU/0 GPU/1 GPU/2 GPU/3 GPU/4 GPU/5 GPU/6 GPU/7
bddx-inf-sci-k8s-a800-03849:1346777:1347768 [2] NCCL INFO + PCI[24.0] - PCI/0-c000 (1000c0101000ffff)
bddx-inf-sci-k8s-a800-03849:1346779:1347773 [4] NCCL INFO  1 : GPU/0 GPU/1 GPU/2 GPU/3 GPU/4 GPU/5 GPU/6 GPU/7
bddx-inf-sci-k8s-a800-03849:1346777:1347768 [2] NCCL INFO               + PCI[24.0] - PCI/0-10000 (1000c01010de13b8)
bddx-inf-sci-k8s-a800-03849:1346779:1347773 [4] NCCL INFO  2 : GPU/0 GPU/1 GPU/2 GPU/3 GPU/4 GPU/5 GPU/6 GPU/7
bddx-inf-sci-k8s-a800-03849:1346777:1347768 [2] NCCL INFO                             + PCI[24.0] - GPU/0-12000 (0)
bddx-inf-sci-k8s-a800-03849:1346779:1347773 [4] NCCL INFO  3 : GPU/0 GPU/1 GPU/2 GPU/3 GPU/4 GPU/5 GPU/6 GPU/7
bddx-inf-sci-k8s-a800-03849:1346777:1347768 [2] NCCL INFO                                           + NVL[160.0] - NVS/0-0
bddx-inf-sci-k8s-a800-03849:1346779:1347773 [4] NCCL INFO  4 : GPU/0 GPU/1 GPU/2 GPU/3 GPU/4 GPU/5 GPU/6 GPU/7
bddx-inf-sci-k8s-a800-03849:1346777:1347768 [2] NCCL INFO               + PCI[24.0] - NIC/0-1f002
bddx-inf-sci-k8s-a800-03849:1346779:1347773 [4] NCCL INFO  5 : GPU/0 GPU/1 GPU/2 GPU/3 GPU/4 GPU/5 GPU/6 GPU/7
bddx-inf-sci-k8s-a800-03849:1346777:1347768 [2] NCCL INFO               + PCI[24.0] - PCI/0-16000 (1000c01010de13b8)
bddx-inf-sci-k8s-a800-03849:1346779:1347773 [4] NCCL INFO  6 : GPU/0 GPU/1 GPU/2 GPU/3 GPU/4 GPU/5 GPU/6 GPU/7
bddx-inf-sci-k8s-a800-03849:1346777:1347768 [2] NCCL INFO                             + PCI[24.0] - GPU/0-18000 (1)
bddx-inf-sci-k8s-a800-03849:1346779:1347773 [4] NCCL INFO  7 : GPU/0 GPU/1 GPU/2 GPU/3 GPU/4 GPU/5 GPU/6 GPU/7
bddx-inf-sci-k8s-a800-03849:1346777:1347768 [2] NCCL INFO                                           + NVL[160.0] - NVS/0-0
bddx-inf-sci-k8s-a800-03849:1346777:1347768 [2] NCCL INFO + PCI[24.0] - PCI/0-43000 (1000c0101000ffff)
bddx-inf-sci-k8s-a800-03849:1346777:1347768 [2] NCCL INFO               + PCI[24.0] - NIC/0-5f002
bddx-inf-sci-k8s-a800-03849:1346777:1347768 [2] NCCL INFO               + PCI[24.0] - PCI/0-47000 (1000c01010de13b8)
bddx-inf-sci-k8s-a800-03849:1346777:1347768 [2] NCCL INFO                             + PCI[24.0] - GPU/0-49000 (2)
bddx-inf-sci-k8s-a800-03849:1346777:1347768 [2] NCCL INFO                                           + NVL[160.0] - NVS/0-0
bddx-inf-sci-k8s-a800-03849:1346777:1347768 [2] NCCL INFO               + PCI[24.0] - PCI/0-4b000 (1000c01010de13b8)
bddx-inf-sci-k8s-a800-03849:1346777:1347768 [2] NCCL INFO                             + PCI[24.0] - GPU/0-4d000 (3)
bddx-inf-sci-k8s-a800-03849:1346777:1347768 [2] NCCL INFO                                           + NVL[160.0] - NVS/0-0
bddx-inf-sci-k8s-a800-03849:1346777:1347768 [2] NCCL INFO + SYS[10.0] - CPU/0-1
bddx-inf-sci-k8s-a800-03849:1346777:1347768 [2] NCCL INFO CPU/0-1 (1/1/2)
bddx-inf-sci-k8s-a800-03849:1346777:1347768 [2] NCCL INFO + PCI[24.0] - PCI/0-83000 (1000c0101000ffff)
bddx-inf-sci-k8s-a800-03849:1346777:1347768 [2] NCCL INFO               + PCI[24.0] - NIC/0-95002
bddx-inf-sci-k8s-a800-03849:1346777:1347768 [2] NCCL INFO               + PCI[24.0] - PCI/0-87000 (1000c01010de13b8)
bddx-inf-sci-k8s-a800-03849:1346777:1347768 [2] NCCL INFO                             + PCI[24.0] - GPU/0-89000 (4)
bddx-inf-sci-k8s-a800-03849:1346777:1347768 [2] NCCL INFO                                           + NVL[160.0] - NVS/0-0
bddx-inf-sci-k8s-a800-03849:1346777:1347768 [2] NCCL INFO               + PCI[24.0] - PCI/0-8c000 (1000c01010de13b8)
bddx-inf-sci-k8s-a800-03849:1346777:1347768 [2] NCCL INFO                             + PCI[24.0] - GPU/0-8e000 (5)
bddx-inf-sci-k8s-a800-03849:1346777:1347768 [2] NCCL INFO                                           + NVL[160.0] - NVS/0-0
bddx-inf-sci-k8s-a800-03849:1346777:1347768 [2] NCCL INFO + PCI[24.0] - PCI/0-bf000 (1000c0101000ffff)
bddx-inf-sci-k8s-a800-03849:1346777:1347768 [2] NCCL INFO               + PCI[24.0] - NIC/0-cc002
bddx-inf-sci-k8s-a800-03849:1346777:1347768 [2] NCCL INFO               + PCI[24.0] - PCI/0-c3000 (1000c01010de13b8)
bddx-inf-sci-k8s-a800-03849:1346777:1347768 [2] NCCL INFO                             + PCI[24.0] - GPU/0-c5000 (6)
bddx-inf-sci-k8s-a800-03849:1346777:1347768 [2] NCCL INFO                                           + NVL[160.0] - NVS/0-0
bddx-inf-sci-k8s-a800-03849:1346777:1347768 [2] NCCL INFO               + PCI[24.0] - PCI/0-c7000 (1000c01010de13b8)
bddx-inf-sci-k8s-a800-03849:1346777:1347768 [2] NCCL INFO                             + PCI[24.0] - GPU/0-c9000 (7)
bddx-inf-sci-k8s-a800-03849:1346777:1347768 [2] NCCL INFO                                           + NVL[160.0] - NVS/0-0
bddx-inf-sci-k8s-a800-03849:1346777:1347768 [2] NCCL INFO + SYS[10.0] - CPU/0-0
bddx-inf-sci-k8s-a800-03849:1346777:1347768 [2] NCCL INFO ==========================================
bddx-inf-sci-k8s-a800-03849:1346777:1347768 [2] NCCL INFO GPU/0-12000 :GPU/0-12000 (0/5000.0/LOC) GPU/0-18000 (2/160.0/NVL) GPU/0-49000 (2/160.0/NVL) GPU/0-4d000 (2/160.0/NVL) GPU/0-89000 (2/160.0/NVL) GPU/0-8e000 (2/160.0/NVL) GPU/0-c5000 (2/160.0/NVL) GPU/0-c9000 (2/160.0/NVL) NVS/0-0 (1/160.0/NVL) CPU/0-0 (3/24.0/PHB) CPU/0-1 (4/10.0/SYS) 
bddx-inf-sci-k8s-a800-03849:1346777:1347768 [2] NCCL INFO GPU/0-18000 :GPU/0-12000 (2/160.0/NVL) GPU/0-18000 (0/5000.0/LOC) GPU/0-49000 (2/160.0/NVL) GPU/0-4d000 (2/160.0/NVL) GPU/0-89000 (2/160.0/NVL) GPU/0-8e000 (2/160.0/NVL) GPU/0-c5000 (2/160.0/NVL) GPU/0-c9000 (2/160.0/NVL) NVS/0-0 (1/160.0/NVL) CPU/0-0 (3/24.0/PHB) CPU/0-1 (4/10.0/SYS) 
bddx-inf-sci-k8s-a800-03849:1346777:1347768 [2] NCCL INFO GPU/0-49000 :GPU/0-12000 (2/160.0/NVL) GPU/0-18000 (2/160.0/NVL) GPU/0-49000 (0/5000.0/LOC) GPU/0-4d000 (2/160.0/NVL) GPU/0-89000 (2/160.0/NVL) GPU/0-8e000 (2/160.0/NVL) GPU/0-c5000 (2/160.0/NVL) GPU/0-c9000 (2/160.0/NVL) NVS/0-0 (1/160.0/NVL) CPU/0-0 (3/24.0/PHB) CPU/0-1 (4/10.0/SYS) 
bddx-inf-sci-k8s-a800-03849:1346779:1347773 [4] NCCL INFO Pattern 1, crossNic 0, nChannels 8, bw 20.000000/20.000000, type NVL/PIX, sameChannels 1
bddx-inf-sci-k8s-a800-03849:1346779:1347773 [4] NCCL INFO  0 : GPU/0 GPU/1 GPU/2 GPU/3 GPU/4 GPU/5 GPU/6 GPU/7
bddx-inf-sci-k8s-a800-03849:1346779:1347773 [4] NCCL INFO  1 : GPU/0 GPU/1 GPU/2 GPU/3 GPU/4 GPU/5 GPU/6 GPU/7
bddx-inf-sci-k8s-a800-03849:1346779:1347773 [4] NCCL INFO  2 : GPU/0 GPU/1 GPU/2 GPU/3 GPU/4 GPU/5 GPU/6 GPU/7
bddx-inf-sci-k8s-a800-03849:1346777:1347768 [2] NCCL INFO GPU/0-4d000 :GPU/0-12000 (2/160.0/NVL) GPU/0-18000 (2/160.0/NVL) GPU/0-49000 (2/160.0/NVL) GPU/0-4d000 (0/5000.0/LOC) GPU/0-89000 (2/160.0/NVL) GPU/0-8e000 (2/160.0/NVL) GPU/0-c5000 (2/160.0/NVL) GPU/0-c9000 (2/160.0/NVL) NVS/0-0 (1/160.0/NVL) CPU/0-0 (3/24.0/PHB) CPU/0-1 (4/10.0/SYS) 
bddx-inf-sci-k8s-a800-03849:1346779:1347773 [4] NCCL INFO  3 : GPU/0 GPU/1 GPU/2 GPU/3 GPU/4 GPU/5 GPU/6 GPU/7
bddx-inf-sci-k8s-a800-03849:1346776:1347771 [1] NCCL INFO Pattern 4, crossNic 0, nChannels 8, bw 20.000000/20.000000, type NVL/PIX, sameChannels 1
bddx-inf-sci-k8s-a800-03849:1346779:1347773 [4] NCCL INFO  4 : GPU/0 GPU/1 GPU/2 GPU/3 GPU/4 GPU/5 GPU/6 GPU/7
bddx-inf-sci-k8s-a800-03849:1346777:1347768 [2] NCCL INFO GPU/0-89000 :GPU/0-12000 (2/160.0/NVL) GPU/0-18000 (2/160.0/NVL) GPU/0-49000 (2/160.0/NVL) GPU/0-4d000 (2/160.0/NVL) GPU/0-89000 (0/5000.0/LOC) GPU/0-8e000 (2/160.0/NVL) GPU/0-c5000 (2/160.0/NVL) GPU/0-c9000 (2/160.0/NVL) NVS/0-0 (1/160.0/NVL) CPU/0-0 (4/10.0/SYS) CPU/0-1 (3/24.0/PHB) 
bddx-inf-sci-k8s-a800-03849:1346776:1347771 [1] NCCL INFO  0 : GPU/0 GPU/1 GPU/2 GPU/3 GPU/4 GPU/5 GPU/6 GPU/7
bddx-inf-sci-k8s-a800-03849:1346779:1347773 [4] NCCL INFO  5 : GPU/0 GPU/1 GPU/2 GPU/3 GPU/4 GPU/5 GPU/6 GPU/7
bddx-inf-sci-k8s-a800-03849:1346776:1347771 [1] NCCL INFO  1 : GPU/0 GPU/1 GPU/2 GPU/3 GPU/4 GPU/5 GPU/6 GPU/7
bddx-inf-sci-k8s-a800-03849:1346777:1347768 [2] NCCL INFO GPU/0-8e000 :GPU/0-12000 (2/160.0/NVL) GPU/0-18000 (2/160.0/NVL) GPU/0-49000 (2/160.0/NVL) GPU/0-4d000 (2/160.0/NVL) GPU/0-89000 (2/160.0/NVL) GPU/0-8e000 (0/5000.0/LOC) GPU/0-c5000 (2/160.0/NVL) GPU/0-c9000 (2/160.0/NVL) NVS/0-0 (1/160.0/NVL) CPU/0-0 (4/10.0/SYS) CPU/0-1 (3/24.0/PHB) 
bddx-inf-sci-k8s-a800-03849:1346779:1347773 [4] NCCL INFO  6 : GPU/0 GPU/1 GPU/2 GPU/3 GPU/4 GPU/5 GPU/6 GPU/7
bddx-inf-sci-k8s-a800-03849:1346776:1347771 [1] NCCL INFO  2 : GPU/0 GPU/1 GPU/2 GPU/3 GPU/4 GPU/5 GPU/6 GPU/7
bddx-inf-sci-k8s-a800-03849:1346779:1347773 [4] NCCL INFO  7 : GPU/0 GPU/1 GPU/2 GPU/3 GPU/4 GPU/5 GPU/6 GPU/7
bddx-inf-sci-k8s-a800-03849:1346777:1347768 [2] NCCL INFO GPU/0-c5000 :GPU/0-12000 (2/160.0/NVL) GPU/0-18000 (2/160.0/NVL) GPU/0-49000 (2/160.0/NVL) GPU/0-4d000 (2/160.0/NVL) GPU/0-89000 (2/160.0/NVL) GPU/0-8e000 (2/160.0/NVL) GPU/0-c5000 (0/5000.0/LOC) GPU/0-c9000 (2/160.0/NVL) NVS/0-0 (1/160.0/NVL) CPU/0-0 (4/10.0/SYS) CPU/0-1 (3/24.0/PHB) 
bddx-inf-sci-k8s-a800-03849:1346776:1347771 [1] NCCL INFO  3 : GPU/0 GPU/1 GPU/2 GPU/3 GPU/4 GPU/5 GPU/6 GPU/7
bddx-inf-sci-k8s-a800-03849:1346776:1347771 [1] NCCL INFO  4 : GPU/0 GPU/1 GPU/2 GPU/3 GPU/4 GPU/5 GPU/6 GPU/7
bddx-inf-sci-k8s-a800-03849:1346777:1347768 [2] NCCL INFO GPU/0-c9000 :GPU/0-12000 (2/160.0/NVL) GPU/0-18000 (2/160.0/NVL) GPU/0-49000 (2/160.0/NVL) GPU/0-4d000 (2/160.0/NVL) GPU/0-89000 (2/160.0/NVL) GPU/0-8e000 (2/160.0/NVL) GPU/0-c5000 (2/160.0/NVL) GPU/0-c9000 (0/5000.0/LOC) NVS/0-0 (1/160.0/NVL) CPU/0-0 (4/10.0/SYS) CPU/0-1 (3/24.0/PHB) 
bddx-inf-sci-k8s-a800-03849:1346776:1347771 [1] NCCL INFO  5 : GPU/0 GPU/1 GPU/2 GPU/3 GPU/4 GPU/5 GPU/6 GPU/7
bddx-inf-sci-k8s-a800-03849:1346776:1347771 [1] NCCL INFO  6 : GPU/0 GPU/1 GPU/2 GPU/3 GPU/4 GPU/5 GPU/6 GPU/7
bddx-inf-sci-k8s-a800-03849:1346776:1347771 [1] NCCL INFO  7 : GPU/0 GPU/1 GPU/2 GPU/3 GPU/4 GPU/5 GPU/6 GPU/7
bddx-inf-sci-k8s-a800-03849:1346777:1347768 [2] NCCL INFO Setting affinity for GPU 2 to 0-31,64-95
bddx-inf-sci-k8s-a800-03849:1346782:1347767 [7] NCCL INFO === System : maxBw 160.0 totalBw 160.0 ===
bddx-inf-sci-k8s-a800-03849:1346782:1347767 [7] NCCL INFO CPU/0-0 (1/1/2)
bddx-inf-sci-k8s-a800-03849:1346782:1347767 [7] NCCL INFO + PCI[24.0] - PCI/0-c000 (1000c0101000ffff)
bddx-inf-sci-k8s-a800-03849:1346782:1347767 [7] NCCL INFO               + PCI[24.0] - PCI/0-10000 (1000c01010de13b8)
bddx-inf-sci-k8s-a800-03849:1346782:1347767 [7] NCCL INFO                             + PCI[24.0] - GPU/0-12000 (0)
bddx-inf-sci-k8s-a800-03849:1346782:1347767 [7] NCCL INFO                                           + NVL[160.0] - NVS/0-0
bddx-inf-sci-k8s-a800-03849:1346782:1347767 [7] NCCL INFO               + PCI[24.0] - NIC/0-1f002
bddx-inf-sci-k8s-a800-03849:1346782:1347767 [7] NCCL INFO               + PCI[24.0] - PCI/0-16000 (1000c01010de13b8)
bddx-inf-sci-k8s-a800-03849:1346782:1347767 [7] NCCL INFO                             + PCI[24.0] - GPU/0-18000 (1)
bddx-inf-sci-k8s-a800-03849:1346782:1347767 [7] NCCL INFO                                           + NVL[160.0] - NVS/0-0
bddx-inf-sci-k8s-a800-03849:1346777:1347768 [2] NCCL INFO NVLS multicast support is not available on dev 2 (NVLS_NCHANNELS 0)
bddx-inf-sci-k8s-a800-03849:1346782:1347767 [7] NCCL INFO + PCI[24.0] - PCI/0-43000 (1000c0101000ffff)
bddx-inf-sci-k8s-a800-03849:1346776:1347771 [1] NCCL INFO Pattern 1, crossNic 0, nChannels 8, bw 20.000000/20.000000, type NVL/PIX, sameChannels 1
bddx-inf-sci-k8s-a800-03849:1346782:1347767 [7] NCCL INFO               + PCI[24.0] - NIC/0-5f002
bddx-inf-sci-k8s-a800-03849:1346776:1347771 [1] NCCL INFO  0 : GPU/0 GPU/1 GPU/2 GPU/3 GPU/4 GPU/5 GPU/6 GPU/7
bddx-inf-sci-k8s-a800-03849:1346782:1347767 [7] NCCL INFO               + PCI[24.0] - PCI/0-47000 (1000c01010de13b8)
bddx-inf-sci-k8s-a800-03849:1346776:1347771 [1] NCCL INFO  1 : GPU/0 GPU/1 GPU/2 GPU/3 GPU/4 GPU/5 GPU/6 GPU/7
bddx-inf-sci-k8s-a800-03849:1346782:1347767 [7] NCCL INFO                             + PCI[24.0] - GPU/0-49000 (2)
bddx-inf-sci-k8s-a800-03849:1346776:1347771 [1] NCCL INFO  2 : GPU/0 GPU/1 GPU/2 GPU/3 GPU/4 GPU/5 GPU/6 GPU/7
bddx-inf-sci-k8s-a800-03849:1346782:1347767 [7] NCCL INFO                                           + NVL[160.0] - NVS/0-0
bddx-inf-sci-k8s-a800-03849:1346776:1347771 [1] NCCL INFO  3 : GPU/0 GPU/1 GPU/2 GPU/3 GPU/4 GPU/5 GPU/6 GPU/7
bddx-inf-sci-k8s-a800-03849:1346782:1347767 [7] NCCL INFO               + PCI[24.0] - PCI/0-4b000 (1000c01010de13b8)
bddx-inf-sci-k8s-a800-03849:1346776:1347771 [1] NCCL INFO  4 : GPU/0 GPU/1 GPU/2 GPU/3 GPU/4 GPU/5 GPU/6 GPU/7
bddx-inf-sci-k8s-a800-03849:1346782:1347767 [7] NCCL INFO                             + PCI[24.0] - GPU/0-4d000 (3)
bddx-inf-sci-k8s-a800-03849:1346776:1347771 [1] NCCL INFO  5 : GPU/0 GPU/1 GPU/2 GPU/3 GPU/4 GPU/5 GPU/6 GPU/7
bddx-inf-sci-k8s-a800-03849:1346782:1347767 [7] NCCL INFO                                           + NVL[160.0] - NVS/0-0
bddx-inf-sci-k8s-a800-03849:1346776:1347771 [1] NCCL INFO  6 : GPU/0 GPU/1 GPU/2 GPU/3 GPU/4 GPU/5 GPU/6 GPU/7
bddx-inf-sci-k8s-a800-03849:1346782:1347767 [7] NCCL INFO + SYS[10.0] - CPU/0-1
bddx-inf-sci-k8s-a800-03849:1346776:1347771 [1] NCCL INFO  7 : GPU/0 GPU/1 GPU/2 GPU/3 GPU/4 GPU/5 GPU/6 GPU/7
bddx-inf-sci-k8s-a800-03849:1346782:1347767 [7] NCCL INFO CPU/0-1 (1/1/2)
bddx-inf-sci-k8s-a800-03849:1346782:1347767 [7] NCCL INFO + PCI[24.0] - PCI/0-83000 (1000c0101000ffff)
bddx-inf-sci-k8s-a800-03849:1346782:1347767 [7] NCCL INFO               + PCI[24.0] - NIC/0-95002
bddx-inf-sci-k8s-a800-03849:1346782:1347767 [7] NCCL INFO               + PCI[24.0] - PCI/0-87000 (1000c01010de13b8)
bddx-inf-sci-k8s-a800-03849:1346782:1347767 [7] NCCL INFO                             + PCI[24.0] - GPU/0-89000 (4)
bddx-inf-sci-k8s-a800-03849:1346782:1347767 [7] NCCL INFO                                           + NVL[160.0] - NVS/0-0
bddx-inf-sci-k8s-a800-03849:1346782:1347767 [7] NCCL INFO               + PCI[24.0] - PCI/0-8c000 (1000c01010de13b8)
bddx-inf-sci-k8s-a800-03849:1346782:1347767 [7] NCCL INFO                             + PCI[24.0] - GPU/0-8e000 (5)
bddx-inf-sci-k8s-a800-03849:1346782:1347767 [7] NCCL INFO                                           + NVL[160.0] - NVS/0-0
bddx-inf-sci-k8s-a800-03849:1346782:1347767 [7] NCCL INFO + PCI[24.0] - PCI/0-bf000 (1000c0101000ffff)
bddx-inf-sci-k8s-a800-03849:1346782:1347767 [7] NCCL INFO               + PCI[24.0] - NIC/0-cc002
bddx-inf-sci-k8s-a800-03849:1346782:1347767 [7] NCCL INFO               + PCI[24.0] - PCI/0-c3000 (1000c01010de13b8)
bddx-inf-sci-k8s-a800-03849:1346782:1347767 [7] NCCL INFO                             + PCI[24.0] - GPU/0-c5000 (6)
bddx-inf-sci-k8s-a800-03849:1346782:1347767 [7] NCCL INFO                                           + NVL[160.0] - NVS/0-0
bddx-inf-sci-k8s-a800-03849:1346782:1347767 [7] NCCL INFO               + PCI[24.0] - PCI/0-c7000 (1000c01010de13b8)
bddx-inf-sci-k8s-a800-03849:1346782:1347767 [7] NCCL INFO                             + PCI[24.0] - GPU/0-c9000 (7)
bddx-inf-sci-k8s-a800-03849:1346782:1347767 [7] NCCL INFO                                           + NVL[160.0] - NVS/0-0
bddx-inf-sci-k8s-a800-03849:1346782:1347767 [7] NCCL INFO + SYS[10.0] - CPU/0-0
bddx-inf-sci-k8s-a800-03849:1346782:1347767 [7] NCCL INFO ==========================================
bddx-inf-sci-k8s-a800-03849:1346782:1347767 [7] NCCL INFO GPU/0-12000 :GPU/0-12000 (0/5000.0/LOC) GPU/0-18000 (2/160.0/NVL) GPU/0-49000 (2/160.0/NVL) GPU/0-4d000 (2/160.0/NVL) GPU/0-89000 (2/160.0/NVL) GPU/0-8e000 (2/160.0/NVL) GPU/0-c5000 (2/160.0/NVL) GPU/0-c9000 (2/160.0/NVL) NVS/0-0 (1/160.0/NVL) CPU/0-0 (3/24.0/PHB) CPU/0-1 (4/10.0/SYS) 
bddx-inf-sci-k8s-a800-03849:1346782:1347767 [7] NCCL INFO GPU/0-18000 :GPU/0-12000 (2/160.0/NVL) GPU/0-18000 (0/5000.0/LOC) GPU/0-49000 (2/160.0/NVL) GPU/0-4d000 (2/160.0/NVL) GPU/0-89000 (2/160.0/NVL) GPU/0-8e000 (2/160.0/NVL) GPU/0-c5000 (2/160.0/NVL) GPU/0-c9000 (2/160.0/NVL) NVS/0-0 (1/160.0/NVL) CPU/0-0 (3/24.0/PHB) CPU/0-1 (4/10.0/SYS) 
bddx-inf-sci-k8s-a800-03849:1346782:1347767 [7] NCCL INFO GPU/0-49000 :GPU/0-12000 (2/160.0/NVL) GPU/0-18000 (2/160.0/NVL) GPU/0-49000 (0/5000.0/LOC) GPU/0-4d000 (2/160.0/NVL) GPU/0-89000 (2/160.0/NVL) GPU/0-8e000 (2/160.0/NVL) GPU/0-c5000 (2/160.0/NVL) GPU/0-c9000 (2/160.0/NVL) NVS/0-0 (1/160.0/NVL) CPU/0-0 (3/24.0/PHB) CPU/0-1 (4/10.0/SYS) 
bddx-inf-sci-k8s-a800-03849:1346782:1347767 [7] NCCL INFO GPU/0-4d000 :GPU/0-12000 (2/160.0/NVL) GPU/0-18000 (2/160.0/NVL) GPU/0-49000 (2/160.0/NVL) GPU/0-4d000 (0/5000.0/LOC) GPU/0-89000 (2/160.0/NVL) GPU/0-8e000 (2/160.0/NVL) GPU/0-c5000 (2/160.0/NVL) GPU/0-c9000 (2/160.0/NVL) NVS/0-0 (1/160.0/NVL) CPU/0-0 (3/24.0/PHB) CPU/0-1 (4/10.0/SYS) 
bddx-inf-sci-k8s-a800-03849:1346782:1347767 [7] NCCL INFO GPU/0-89000 :GPU/0-12000 (2/160.0/NVL) GPU/0-18000 (2/160.0/NVL) GPU/0-49000 (2/160.0/NVL) GPU/0-4d000 (2/160.0/NVL) GPU/0-89000 (0/5000.0/LOC) GPU/0-8e000 (2/160.0/NVL) GPU/0-c5000 (2/160.0/NVL) GPU/0-c9000 (2/160.0/NVL) NVS/0-0 (1/160.0/NVL) CPU/0-0 (4/10.0/SYS) CPU/0-1 (3/24.0/PHB) 
bddx-inf-sci-k8s-a800-03849:1346782:1347767 [7] NCCL INFO GPU/0-8e000 :GPU/0-12000 (2/160.0/NVL) GPU/0-18000 (2/160.0/NVL) GPU/0-49000 (2/160.0/NVL) GPU/0-4d000 (2/160.0/NVL) GPU/0-89000 (2/160.0/NVL) GPU/0-8e000 (0/5000.0/LOC) GPU/0-c5000 (2/160.0/NVL) GPU/0-c9000 (2/160.0/NVL) NVS/0-0 (1/160.0/NVL) CPU/0-0 (4/10.0/SYS) CPU/0-1 (3/24.0/PHB) 
bddx-inf-sci-k8s-a800-03849:1346782:1347767 [7] NCCL INFO GPU/0-c5000 :GPU/0-12000 (2/160.0/NVL) GPU/0-18000 (2/160.0/NVL) GPU/0-49000 (2/160.0/NVL) GPU/0-4d000 (2/160.0/NVL) GPU/0-89000 (2/160.0/NVL) GPU/0-8e000 (2/160.0/NVL) GPU/0-c5000 (0/5000.0/LOC) GPU/0-c9000 (2/160.0/NVL) NVS/0-0 (1/160.0/NVL) CPU/0-0 (4/10.0/SYS) CPU/0-1 (3/24.0/PHB) 
bddx-inf-sci-k8s-a800-03849:1346782:1347767 [7] NCCL INFO GPU/0-c9000 :GPU/0-12000 (2/160.0/NVL) GPU/0-18000 (2/160.0/NVL) GPU/0-49000 (2/160.0/NVL) GPU/0-4d000 (2/160.0/NVL) GPU/0-89000 (2/160.0/NVL) GPU/0-8e000 (2/160.0/NVL) GPU/0-c5000 (2/160.0/NVL) GPU/0-c9000 (0/5000.0/LOC) NVS/0-0 (1/160.0/NVL) CPU/0-0 (4/10.0/SYS) CPU/0-1 (3/24.0/PHB) 
bddx-inf-sci-k8s-a800-03849:1346775:1347774 [0] NCCL INFO === System : maxBw 160.0 totalBw 160.0 ===
bddx-inf-sci-k8s-a800-03849:1346782:1347767 [7] NCCL INFO Setting affinity for GPU 7 to 32-63,96-127
bddx-inf-sci-k8s-a800-03849:1346775:1347774 [0] NCCL INFO CPU/0-0 (1/1/2)
bddx-inf-sci-k8s-a800-03849:1346775:1347774 [0] NCCL INFO + PCI[24.0] - PCI/0-c000 (1000c0101000ffff)
bddx-inf-sci-k8s-a800-03849:1346775:1347774 [0] NCCL INFO               + PCI[24.0] - PCI/0-10000 (1000c01010de13b8)
bddx-inf-sci-k8s-a800-03849:1346775:1347774 [0] NCCL INFO                             + PCI[24.0] - GPU/0-12000 (0)
bddx-inf-sci-k8s-a800-03849:1346775:1347774 [0] NCCL INFO                                           + NVL[160.0] - NVS/0-0
bddx-inf-sci-k8s-a800-03849:1346775:1347774 [0] NCCL INFO               + PCI[24.0] - NIC/0-1f002
bddx-inf-sci-k8s-a800-03849:1346782:1347767 [7] NCCL INFO NVLS multicast support is not available on dev 7 (NVLS_NCHANNELS 0)
bddx-inf-sci-k8s-a800-03849:1346775:1347774 [0] NCCL INFO               + PCI[24.0] - PCI/0-16000 (1000c01010de13b8)
bddx-inf-sci-k8s-a800-03849:1346775:1347774 [0] NCCL INFO                             + PCI[24.0] - GPU/0-18000 (1)
bddx-inf-sci-k8s-a800-03849:1346775:1347774 [0] NCCL INFO                                           + NVL[160.0] - NVS/0-0
bddx-inf-sci-k8s-a800-03849:1346775:1347774 [0] NCCL INFO + PCI[24.0] - PCI/0-43000 (1000c0101000ffff)
bddx-inf-sci-k8s-a800-03849:1346775:1347774 [0] NCCL INFO               + PCI[24.0] - NIC/0-5f002
bddx-inf-sci-k8s-a800-03849:1346775:1347774 [0] NCCL INFO               + PCI[24.0] - PCI/0-47000 (1000c01010de13b8)
bddx-inf-sci-k8s-a800-03849:1346775:1347774 [0] NCCL INFO                             + PCI[24.0] - GPU/0-49000 (2)
bddx-inf-sci-k8s-a800-03849:1346775:1347774 [0] NCCL INFO                                           + NVL[160.0] - NVS/0-0
bddx-inf-sci-k8s-a800-03849:1346775:1347774 [0] NCCL INFO               + PCI[24.0] - PCI/0-4b000 (1000c01010de13b8)
bddx-inf-sci-k8s-a800-03849:1346775:1347774 [0] NCCL INFO                             + PCI[24.0] - GPU/0-4d000 (3)
bddx-inf-sci-k8s-a800-03849:1346775:1347774 [0] NCCL INFO                                           + NVL[160.0] - NVS/0-0
bddx-inf-sci-k8s-a800-03849:1346775:1347774 [0] NCCL INFO + SYS[10.0] - CPU/0-1
bddx-inf-sci-k8s-a800-03849:1346775:1347774 [0] NCCL INFO CPU/0-1 (1/1/2)
bddx-inf-sci-k8s-a800-03849:1346775:1347774 [0] NCCL INFO + PCI[24.0] - PCI/0-83000 (1000c0101000ffff)
bddx-inf-sci-k8s-a800-03849:1346775:1347774 [0] NCCL INFO               + PCI[24.0] - NIC/0-95002
bddx-inf-sci-k8s-a800-03849:1346775:1347774 [0] NCCL INFO               + PCI[24.0] - PCI/0-87000 (1000c01010de13b8)
bddx-inf-sci-k8s-a800-03849:1346775:1347774 [0] NCCL INFO                             + PCI[24.0] - GPU/0-89000 (4)
bddx-inf-sci-k8s-a800-03849:1346775:1347774 [0] NCCL INFO                                           + NVL[160.0] - NVS/0-0
bddx-inf-sci-k8s-a800-03849:1346775:1347774 [0] NCCL INFO               + PCI[24.0] - PCI/0-8c000 (1000c01010de13b8)
bddx-inf-sci-k8s-a800-03849:1346775:1347774 [0] NCCL INFO                             + PCI[24.0] - GPU/0-8e000 (5)
bddx-inf-sci-k8s-a800-03849:1346775:1347774 [0] NCCL INFO                                           + NVL[160.0] - NVS/0-0
bddx-inf-sci-k8s-a800-03849:1346775:1347774 [0] NCCL INFO + PCI[24.0] - PCI/0-bf000 (1000c0101000ffff)
bddx-inf-sci-k8s-a800-03849:1346775:1347774 [0] NCCL INFO               + PCI[24.0] - NIC/0-cc002
bddx-inf-sci-k8s-a800-03849:1346775:1347774 [0] NCCL INFO               + PCI[24.0] - PCI/0-c3000 (1000c01010de13b8)
bddx-inf-sci-k8s-a800-03849:1346775:1347774 [0] NCCL INFO                             + PCI[24.0] - GPU/0-c5000 (6)
bddx-inf-sci-k8s-a800-03849:1346775:1347774 [0] NCCL INFO                                           + NVL[160.0] - NVS/0-0
bddx-inf-sci-k8s-a800-03849:1346775:1347774 [0] NCCL INFO               + PCI[24.0] - PCI/0-c7000 (1000c01010de13b8)
bddx-inf-sci-k8s-a800-03849:1346775:1347774 [0] NCCL INFO                             + PCI[24.0] - GPU/0-c9000 (7)
bddx-inf-sci-k8s-a800-03849:1346777:1347768 [2] NCCL INFO Pattern 4, crossNic 0, nChannels 8, bw 20.000000/20.000000, type NVL/PIX, sameChannels 1
bddx-inf-sci-k8s-a800-03849:1346775:1347774 [0] NCCL INFO                                           + NVL[160.0] - NVS/0-0
bddx-inf-sci-k8s-a800-03849:1346775:1347774 [0] NCCL INFO + SYS[10.0] - CPU/0-0
bddx-inf-sci-k8s-a800-03849:1346777:1347768 [2] NCCL INFO  0 : GPU/0 GPU/1 GPU/2 GPU/3 GPU/4 GPU/5 GPU/6 GPU/7
bddx-inf-sci-k8s-a800-03849:1346775:1347774 [0] NCCL INFO ==========================================
bddx-inf-sci-k8s-a800-03849:1346777:1347768 [2] NCCL INFO  1 : GPU/0 GPU/1 GPU/2 GPU/3 GPU/4 GPU/5 GPU/6 GPU/7
bddx-inf-sci-k8s-a800-03849:1346777:1347768 [2] NCCL INFO  2 : GPU/0 GPU/1 GPU/2 GPU/3 GPU/4 GPU/5 GPU/6 GPU/7
bddx-inf-sci-k8s-a800-03849:1346777:1347768 [2] NCCL INFO  3 : GPU/0 GPU/1 GPU/2 GPU/3 GPU/4 GPU/5 GPU/6 GPU/7
bddx-inf-sci-k8s-a800-03849:1346775:1347774 [0] NCCL INFO GPU/0-12000 :GPU/0-12000 (0/5000.0/LOC) GPU/0-18000 (2/160.0/NVL) GPU/0-49000 (2/160.0/NVL) GPU/0-4d000 (2/160.0/NVL) GPU/0-89000 (2/160.0/NVL) GPU/0-8e000 (2/160.0/NVL) GPU/0-c5000 (2/160.0/NVL) GPU/0-c9000 (2/160.0/NVL) NVS/0-0 (1/160.0/NVL) CPU/0-0 (3/24.0/PHB) CPU/0-1 (4/10.0/SYS) 
bddx-inf-sci-k8s-a800-03849:1346777:1347768 [2] NCCL INFO  4 : GPU/0 GPU/1 GPU/2 GPU/3 GPU/4 GPU/5 GPU/6 GPU/7
bddx-inf-sci-k8s-a800-03849:1346777:1347768 [2] NCCL INFO  5 : GPU/0 GPU/1 GPU/2 GPU/3 GPU/4 GPU/5 GPU/6 GPU/7
bddx-inf-sci-k8s-a800-03849:1346777:1347768 [2] NCCL INFO  6 : GPU/0 GPU/1 GPU/2 GPU/3 GPU/4 GPU/5 GPU/6 GPU/7
bddx-inf-sci-k8s-a800-03849:1346775:1347774 [0] NCCL INFO GPU/0-18000 :GPU/0-12000 (2/160.0/NVL) GPU/0-18000 (0/5000.0/LOC) GPU/0-49000 (2/160.0/NVL) GPU/0-4d000 (2/160.0/NVL) GPU/0-89000 (2/160.0/NVL) GPU/0-8e000 (2/160.0/NVL) GPU/0-c5000 (2/160.0/NVL) GPU/0-c9000 (2/160.0/NVL) NVS/0-0 (1/160.0/NVL) CPU/0-0 (3/24.0/PHB) CPU/0-1 (4/10.0/SYS) 
bddx-inf-sci-k8s-a800-03849:1346777:1347768 [2] NCCL INFO  7 : GPU/0 GPU/1 GPU/2 GPU/3 GPU/4 GPU/5 GPU/6 GPU/7
bddx-inf-sci-k8s-a800-03849:1346775:1347774 [0] NCCL INFO GPU/0-49000 :GPU/0-12000 (2/160.0/NVL) GPU/0-18000 (2/160.0/NVL) GPU/0-49000 (0/5000.0/LOC) GPU/0-4d000 (2/160.0/NVL) GPU/0-89000 (2/160.0/NVL) GPU/0-8e000 (2/160.0/NVL) GPU/0-c5000 (2/160.0/NVL) GPU/0-c9000 (2/160.0/NVL) NVS/0-0 (1/160.0/NVL) CPU/0-0 (3/24.0/PHB) CPU/0-1 (4/10.0/SYS) 
bddx-inf-sci-k8s-a800-03849:1346775:1347774 [0] NCCL INFO GPU/0-4d000 :GPU/0-12000 (2/160.0/NVL) GPU/0-18000 (2/160.0/NVL) GPU/0-49000 (2/160.0/NVL) GPU/0-4d000 (0/5000.0/LOC) GPU/0-89000 (2/160.0/NVL) GPU/0-8e000 (2/160.0/NVL) GPU/0-c5000 (2/160.0/NVL) GPU/0-c9000 (2/160.0/NVL) NVS/0-0 (1/160.0/NVL) CPU/0-0 (3/24.0/PHB) CPU/0-1 (4/10.0/SYS) 
bddx-inf-sci-k8s-a800-03849:1346775:1347774 [0] NCCL INFO GPU/0-89000 :GPU/0-12000 (2/160.0/NVL) GPU/0-18000 (2/160.0/NVL) GPU/0-49000 (2/160.0/NVL) GPU/0-4d000 (2/160.0/NVL) GPU/0-89000 (0/5000.0/LOC) GPU/0-8e000 (2/160.0/NVL) GPU/0-c5000 (2/160.0/NVL) GPU/0-c9000 (2/160.0/NVL) NVS/0-0 (1/160.0/NVL) CPU/0-0 (4/10.0/SYS) CPU/0-1 (3/24.0/PHB) 
bddx-inf-sci-k8s-a800-03849:1346775:1347774 [0] NCCL INFO GPU/0-8e000 :GPU/0-12000 (2/160.0/NVL) GPU/0-18000 (2/160.0/NVL) GPU/0-49000 (2/160.0/NVL) GPU/0-4d000 (2/160.0/NVL) GPU/0-89000 (2/160.0/NVL) GPU/0-8e000 (0/5000.0/LOC) GPU/0-c5000 (2/160.0/NVL) GPU/0-c9000 (2/160.0/NVL) NVS/0-0 (1/160.0/NVL) CPU/0-0 (4/10.0/SYS) CPU/0-1 (3/24.0/PHB) 
bddx-inf-sci-k8s-a800-03849:1346775:1347774 [0] NCCL INFO GPU/0-c5000 :GPU/0-12000 (2/160.0/NVL) GPU/0-18000 (2/160.0/NVL) GPU/0-49000 (2/160.0/NVL) GPU/0-4d000 (2/160.0/NVL) GPU/0-89000 (2/160.0/NVL) GPU/0-8e000 (2/160.0/NVL) GPU/0-c5000 (0/5000.0/LOC) GPU/0-c9000 (2/160.0/NVL) NVS/0-0 (1/160.0/NVL) CPU/0-0 (4/10.0/SYS) CPU/0-1 (3/24.0/PHB) 
bddx-inf-sci-k8s-a800-03849:1346775:1347774 [0] NCCL INFO GPU/0-c9000 :GPU/0-12000 (2/160.0/NVL) GPU/0-18000 (2/160.0/NVL) GPU/0-49000 (2/160.0/NVL) GPU/0-4d000 (2/160.0/NVL) GPU/0-89000 (2/160.0/NVL) GPU/0-8e000 (2/160.0/NVL) GPU/0-c5000 (2/160.0/NVL) GPU/0-c9000 (0/5000.0/LOC) NVS/0-0 (1/160.0/NVL) CPU/0-0 (4/10.0/SYS) CPU/0-1 (3/24.0/PHB) 
bddx-inf-sci-k8s-a800-03849:1346775:1347774 [0] NCCL INFO Setting affinity for GPU 0 to 0-31,64-95
bddx-inf-sci-k8s-a800-03849:1346775:1347774 [0] NCCL INFO NVLS multicast support is not available on dev 0 (NVLS_NCHANNELS 0)
bddx-inf-sci-k8s-a800-03849:1346782:1347767 [7] NCCL INFO Pattern 4, crossNic 0, nChannels 8, bw 20.000000/20.000000, type NVL/PIX, sameChannels 1
bddx-inf-sci-k8s-a800-03849:1346777:1347768 [2] NCCL INFO Pattern 1, crossNic 0, nChannels 8, bw 20.000000/20.000000, type NVL/PIX, sameChannels 1
bddx-inf-sci-k8s-a800-03849:1346782:1347767 [7] NCCL INFO  0 : GPU/0 GPU/1 GPU/2 GPU/3 GPU/4 GPU/5 GPU/6 GPU/7
bddx-inf-sci-k8s-a800-03849:1346777:1347768 [2] NCCL INFO  0 : GPU/0 GPU/1 GPU/2 GPU/3 GPU/4 GPU/5 GPU/6 GPU/7
bddx-inf-sci-k8s-a800-03849:1346782:1347767 [7] NCCL INFO  1 : GPU/0 GPU/1 GPU/2 GPU/3 GPU/4 GPU/5 GPU/6 GPU/7
bddx-inf-sci-k8s-a800-03849:1346777:1347768 [2] NCCL INFO  1 : GPU/0 GPU/1 GPU/2 GPU/3 GPU/4 GPU/5 GPU/6 GPU/7
bddx-inf-sci-k8s-a800-03849:1346782:1347767 [7] NCCL INFO  2 : GPU/0 GPU/1 GPU/2 GPU/3 GPU/4 GPU/5 GPU/6 GPU/7
bddx-inf-sci-k8s-a800-03849:1346777:1347768 [2] NCCL INFO  2 : GPU/0 GPU/1 GPU/2 GPU/3 GPU/4 GPU/5 GPU/6 GPU/7
bddx-inf-sci-k8s-a800-03849:1346782:1347767 [7] NCCL INFO  3 : GPU/0 GPU/1 GPU/2 GPU/3 GPU/4 GPU/5 GPU/6 GPU/7
bddx-inf-sci-k8s-a800-03849:1346777:1347768 [2] NCCL INFO  3 : GPU/0 GPU/1 GPU/2 GPU/3 GPU/4 GPU/5 GPU/6 GPU/7
bddx-inf-sci-k8s-a800-03849:1346782:1347767 [7] NCCL INFO  4 : GPU/0 GPU/1 GPU/2 GPU/3 GPU/4 GPU/5 GPU/6 GPU/7
bddx-inf-sci-k8s-a800-03849:1346777:1347768 [2] NCCL INFO  4 : GPU/0 GPU/1 GPU/2 GPU/3 GPU/4 GPU/5 GPU/6 GPU/7
bddx-inf-sci-k8s-a800-03849:1346782:1347767 [7] NCCL INFO  5 : GPU/0 GPU/1 GPU/2 GPU/3 GPU/4 GPU/5 GPU/6 GPU/7
bddx-inf-sci-k8s-a800-03849:1346777:1347768 [2] NCCL INFO  5 : GPU/0 GPU/1 GPU/2 GPU/3 GPU/4 GPU/5 GPU/6 GPU/7
bddx-inf-sci-k8s-a800-03849:1346782:1347767 [7] NCCL INFO  6 : GPU/0 GPU/1 GPU/2 GPU/3 GPU/4 GPU/5 GPU/6 GPU/7
bddx-inf-sci-k8s-a800-03849:1346777:1347768 [2] NCCL INFO  6 : GPU/0 GPU/1 GPU/2 GPU/3 GPU/4 GPU/5 GPU/6 GPU/7
bddx-inf-sci-k8s-a800-03849:1346782:1347767 [7] NCCL INFO  7 : GPU/0 GPU/1 GPU/2 GPU/3 GPU/4 GPU/5 GPU/6 GPU/7
bddx-inf-sci-k8s-a800-03849:1346777:1347768 [2] NCCL INFO  7 : GPU/0 GPU/1 GPU/2 GPU/3 GPU/4 GPU/5 GPU/6 GPU/7
bddx-inf-sci-k8s-a800-03849:1346775:1347774 [0] NCCL INFO Pattern 4, crossNic 0, nChannels 8, bw 20.000000/20.000000, type NVL/PIX, sameChannels 1
bddx-inf-sci-k8s-a800-03849:1346775:1347774 [0] NCCL INFO  0 : GPU/0 GPU/1 GPU/2 GPU/3 GPU/4 GPU/5 GPU/6 GPU/7
bddx-inf-sci-k8s-a800-03849:1346775:1347774 [0] NCCL INFO  1 : GPU/0 GPU/1 GPU/2 GPU/3 GPU/4 GPU/5 GPU/6 GPU/7
bddx-inf-sci-k8s-a800-03849:1346775:1347774 [0] NCCL INFO  2 : GPU/0 GPU/1 GPU/2 GPU/3 GPU/4 GPU/5 GPU/6 GPU/7
bddx-inf-sci-k8s-a800-03849:1346782:1347767 [7] NCCL INFO Pattern 1, crossNic 0, nChannels 8, bw 20.000000/20.000000, type NVL/PIX, sameChannels 1
bddx-inf-sci-k8s-a800-03849:1346775:1347774 [0] NCCL INFO  3 : GPU/0 GPU/1 GPU/2 GPU/3 GPU/4 GPU/5 GPU/6 GPU/7
bddx-inf-sci-k8s-a800-03849:1346782:1347767 [7] NCCL INFO  0 : GPU/0 GPU/1 GPU/2 GPU/3 GPU/4 GPU/5 GPU/6 GPU/7
bddx-inf-sci-k8s-a800-03849:1346775:1347774 [0] NCCL INFO  4 : GPU/0 GPU/1 GPU/2 GPU/3 GPU/4 GPU/5 GPU/6 GPU/7
bddx-inf-sci-k8s-a800-03849:1346782:1347767 [7] NCCL INFO  1 : GPU/0 GPU/1 GPU/2 GPU/3 GPU/4 GPU/5 GPU/6 GPU/7
bddx-inf-sci-k8s-a800-03849:1346775:1347774 [0] NCCL INFO  5 : GPU/0 GPU/1 GPU/2 GPU/3 GPU/4 GPU/5 GPU/6 GPU/7
bddx-inf-sci-k8s-a800-03849:1346782:1347767 [7] NCCL INFO  2 : GPU/0 GPU/1 GPU/2 GPU/3 GPU/4 GPU/5 GPU/6 GPU/7
bddx-inf-sci-k8s-a800-03849:1346775:1347774 [0] NCCL INFO  6 : GPU/0 GPU/1 GPU/2 GPU/3 GPU/4 GPU/5 GPU/6 GPU/7
bddx-inf-sci-k8s-a800-03849:1346782:1347767 [7] NCCL INFO  3 : GPU/0 GPU/1 GPU/2 GPU/3 GPU/4 GPU/5 GPU/6 GPU/7
bddx-inf-sci-k8s-a800-03849:1346775:1347774 [0] NCCL INFO  7 : GPU/0 GPU/1 GPU/2 GPU/3 GPU/4 GPU/5 GPU/6 GPU/7
bddx-inf-sci-k8s-a800-03849:1346782:1347767 [7] NCCL INFO  4 : GPU/0 GPU/1 GPU/2 GPU/3 GPU/4 GPU/5 GPU/6 GPU/7
bddx-inf-sci-k8s-a800-03849:1346782:1347767 [7] NCCL INFO  5 : GPU/0 GPU/1 GPU/2 GPU/3 GPU/4 GPU/5 GPU/6 GPU/7
bddx-inf-sci-k8s-a800-03849:1346782:1347767 [7] NCCL INFO  6 : GPU/0 GPU/1 GPU/2 GPU/3 GPU/4 GPU/5 GPU/6 GPU/7
bddx-inf-sci-k8s-a800-03849:1346782:1347767 [7] NCCL INFO  7 : GPU/0 GPU/1 GPU/2 GPU/3 GPU/4 GPU/5 GPU/6 GPU/7
bddx-inf-sci-k8s-a800-03849:1346775:1347774 [0] NCCL INFO Pattern 1, crossNic 0, nChannels 8, bw 20.000000/20.000000, type NVL/PIX, sameChannels 1
bddx-inf-sci-k8s-a800-03849:1346775:1347774 [0] NCCL INFO  0 : GPU/0 GPU/1 GPU/2 GPU/3 GPU/4 GPU/5 GPU/6 GPU/7
bddx-inf-sci-k8s-a800-03849:1346775:1347774 [0] NCCL INFO  1 : GPU/0 GPU/1 GPU/2 GPU/3 GPU/4 GPU/5 GPU/6 GPU/7
bddx-inf-sci-k8s-a800-03849:1346775:1347774 [0] NCCL INFO  2 : GPU/0 GPU/1 GPU/2 GPU/3 GPU/4 GPU/5 GPU/6 GPU/7
bddx-inf-sci-k8s-a800-03849:1346775:1347774 [0] NCCL INFO  3 : GPU/0 GPU/1 GPU/2 GPU/3 GPU/4 GPU/5 GPU/6 GPU/7
bddx-inf-sci-k8s-a800-03849:1346775:1347774 [0] NCCL INFO  4 : GPU/0 GPU/1 GPU/2 GPU/3 GPU/4 GPU/5 GPU/6 GPU/7
bddx-inf-sci-k8s-a800-03849:1346775:1347774 [0] NCCL INFO  5 : GPU/0 GPU/1 GPU/2 GPU/3 GPU/4 GPU/5 GPU/6 GPU/7
bddx-inf-sci-k8s-a800-03849:1346775:1347774 [0] NCCL INFO  6 : GPU/0 GPU/1 GPU/2 GPU/3 GPU/4 GPU/5 GPU/6 GPU/7
bddx-inf-sci-k8s-a800-03849:1346775:1347774 [0] NCCL INFO  7 : GPU/0 GPU/1 GPU/2 GPU/3 GPU/4 GPU/5 GPU/6 GPU/7
bddx-inf-sci-k8s-a800-03849:1346778:1347770 [3] NCCL INFO === System : maxBw 160.0 totalBw 160.0 ===
bddx-inf-sci-k8s-a800-03849:1346778:1347770 [3] NCCL INFO CPU/0-0 (1/1/2)
bddx-inf-sci-k8s-a800-03849:1346778:1347770 [3] NCCL INFO + PCI[24.0] - PCI/0-c000 (1000c0101000ffff)
bddx-inf-sci-k8s-a800-03849:1346778:1347770 [3] NCCL INFO               + PCI[24.0] - PCI/0-10000 (1000c01010de13b8)
bddx-inf-sci-k8s-a800-03849:1346778:1347770 [3] NCCL INFO                             + PCI[24.0] - GPU/0-12000 (0)
bddx-inf-sci-k8s-a800-03849:1346778:1347770 [3] NCCL INFO                                           + NVL[160.0] - NVS/0-0
bddx-inf-sci-k8s-a800-03849:1346778:1347770 [3] NCCL INFO               + PCI[24.0] - NIC/0-1f002
bddx-inf-sci-k8s-a800-03849:1346778:1347770 [3] NCCL INFO               + PCI[24.0] - PCI/0-16000 (1000c01010de13b8)
bddx-inf-sci-k8s-a800-03849:1346778:1347770 [3] NCCL INFO                             + PCI[24.0] - GPU/0-18000 (1)
bddx-inf-sci-k8s-a800-03849:1346778:1347770 [3] NCCL INFO                                           + NVL[160.0] - NVS/0-0
bddx-inf-sci-k8s-a800-03849:1346778:1347770 [3] NCCL INFO + PCI[24.0] - PCI/0-43000 (1000c0101000ffff)
bddx-inf-sci-k8s-a800-03849:1346778:1347770 [3] NCCL INFO               + PCI[24.0] - NIC/0-5f002
bddx-inf-sci-k8s-a800-03849:1346778:1347770 [3] NCCL INFO               + PCI[24.0] - PCI/0-47000 (1000c01010de13b8)
bddx-inf-sci-k8s-a800-03849:1346778:1347770 [3] NCCL INFO                             + PCI[24.0] - GPU/0-49000 (2)
bddx-inf-sci-k8s-a800-03849:1346778:1347770 [3] NCCL INFO                                           + NVL[160.0] - NVS/0-0
bddx-inf-sci-k8s-a800-03849:1346778:1347770 [3] NCCL INFO               + PCI[24.0] - PCI/0-4b000 (1000c01010de13b8)
bddx-inf-sci-k8s-a800-03849:1346778:1347770 [3] NCCL INFO                             + PCI[24.0] - GPU/0-4d000 (3)
bddx-inf-sci-k8s-a800-03849:1346778:1347770 [3] NCCL INFO                                           + NVL[160.0] - NVS/0-0
bddx-inf-sci-k8s-a800-03849:1346778:1347770 [3] NCCL INFO + SYS[10.0] - CPU/0-1
bddx-inf-sci-k8s-a800-03849:1346778:1347770 [3] NCCL INFO CPU/0-1 (1/1/2)
bddx-inf-sci-k8s-a800-03849:1346778:1347770 [3] NCCL INFO + PCI[24.0] - PCI/0-83000 (1000c0101000ffff)
bddx-inf-sci-k8s-a800-03849:1346778:1347770 [3] NCCL INFO               + PCI[24.0] - NIC/0-95002
bddx-inf-sci-k8s-a800-03849:1346778:1347770 [3] NCCL INFO               + PCI[24.0] - PCI/0-87000 (1000c01010de13b8)
bddx-inf-sci-k8s-a800-03849:1346778:1347770 [3] NCCL INFO                             + PCI[24.0] - GPU/0-89000 (4)
bddx-inf-sci-k8s-a800-03849:1346778:1347770 [3] NCCL INFO                                           + NVL[160.0] - NVS/0-0
bddx-inf-sci-k8s-a800-03849:1346778:1347770 [3] NCCL INFO               + PCI[24.0] - PCI/0-8c000 (1000c01010de13b8)
bddx-inf-sci-k8s-a800-03849:1346778:1347770 [3] NCCL INFO                             + PCI[24.0] - GPU/0-8e000 (5)
bddx-inf-sci-k8s-a800-03849:1346778:1347770 [3] NCCL INFO                                           + NVL[160.0] - NVS/0-0
bddx-inf-sci-k8s-a800-03849:1346778:1347770 [3] NCCL INFO + PCI[24.0] - PCI/0-bf000 (1000c0101000ffff)
bddx-inf-sci-k8s-a800-03849:1346778:1347770 [3] NCCL INFO               + PCI[24.0] - NIC/0-cc002
bddx-inf-sci-k8s-a800-03849:1346778:1347770 [3] NCCL INFO               + PCI[24.0] - PCI/0-c3000 (1000c01010de13b8)
bddx-inf-sci-k8s-a800-03849:1346778:1347770 [3] NCCL INFO                             + PCI[24.0] - GPU/0-c5000 (6)
bddx-inf-sci-k8s-a800-03849:1346778:1347770 [3] NCCL INFO                                           + NVL[160.0] - NVS/0-0
bddx-inf-sci-k8s-a800-03849:1346778:1347770 [3] NCCL INFO               + PCI[24.0] - PCI/0-c7000 (1000c01010de13b8)
bddx-inf-sci-k8s-a800-03849:1346778:1347770 [3] NCCL INFO                             + PCI[24.0] - GPU/0-c9000 (7)
bddx-inf-sci-k8s-a800-03849:1346778:1347770 [3] NCCL INFO                                           + NVL[160.0] - NVS/0-0
bddx-inf-sci-k8s-a800-03849:1346778:1347770 [3] NCCL INFO + SYS[10.0] - CPU/0-0
bddx-inf-sci-k8s-a800-03849:1346778:1347770 [3] NCCL INFO ==========================================
bddx-inf-sci-k8s-a800-03849:1346778:1347770 [3] NCCL INFO GPU/0-12000 :GPU/0-12000 (0/5000.0/LOC) GPU/0-18000 (2/160.0/NVL) GPU/0-49000 (2/160.0/NVL) GPU/0-4d000 (2/160.0/NVL) GPU/0-89000 (2/160.0/NVL) GPU/0-8e000 (2/160.0/NVL) GPU/0-c5000 (2/160.0/NVL) GPU/0-c9000 (2/160.0/NVL) NVS/0-0 (1/160.0/NVL) CPU/0-0 (3/24.0/PHB) CPU/0-1 (4/10.0/SYS) 
bddx-inf-sci-k8s-a800-03849:1346778:1347770 [3] NCCL INFO GPU/0-18000 :GPU/0-12000 (2/160.0/NVL) GPU/0-18000 (0/5000.0/LOC) GPU/0-49000 (2/160.0/NVL) GPU/0-4d000 (2/160.0/NVL) GPU/0-89000 (2/160.0/NVL) GPU/0-8e000 (2/160.0/NVL) GPU/0-c5000 (2/160.0/NVL) GPU/0-c9000 (2/160.0/NVL) NVS/0-0 (1/160.0/NVL) CPU/0-0 (3/24.0/PHB) CPU/0-1 (4/10.0/SYS) 
bddx-inf-sci-k8s-a800-03849:1346778:1347770 [3] NCCL INFO GPU/0-49000 :GPU/0-12000 (2/160.0/NVL) GPU/0-18000 (2/160.0/NVL) GPU/0-49000 (0/5000.0/LOC) GPU/0-4d000 (2/160.0/NVL) GPU/0-89000 (2/160.0/NVL) GPU/0-8e000 (2/160.0/NVL) GPU/0-c5000 (2/160.0/NVL) GPU/0-c9000 (2/160.0/NVL) NVS/0-0 (1/160.0/NVL) CPU/0-0 (3/24.0/PHB) CPU/0-1 (4/10.0/SYS) 
bddx-inf-sci-k8s-a800-03849:1346778:1347770 [3] NCCL INFO GPU/0-4d000 :GPU/0-12000 (2/160.0/NVL) GPU/0-18000 (2/160.0/NVL) GPU/0-49000 (2/160.0/NVL) GPU/0-4d000 (0/5000.0/LOC) GPU/0-89000 (2/160.0/NVL) GPU/0-8e000 (2/160.0/NVL) GPU/0-c5000 (2/160.0/NVL) GPU/0-c9000 (2/160.0/NVL) NVS/0-0 (1/160.0/NVL) CPU/0-0 (3/24.0/PHB) CPU/0-1 (4/10.0/SYS) 
bddx-inf-sci-k8s-a800-03849:1346778:1347770 [3] NCCL INFO GPU/0-89000 :GPU/0-12000 (2/160.0/NVL) GPU/0-18000 (2/160.0/NVL) GPU/0-49000 (2/160.0/NVL) GPU/0-4d000 (2/160.0/NVL) GPU/0-89000 (0/5000.0/LOC) GPU/0-8e000 (2/160.0/NVL) GPU/0-c5000 (2/160.0/NVL) GPU/0-c9000 (2/160.0/NVL) NVS/0-0 (1/160.0/NVL) CPU/0-0 (4/10.0/SYS) CPU/0-1 (3/24.0/PHB) 
bddx-inf-sci-k8s-a800-03849:1346778:1347770 [3] NCCL INFO GPU/0-8e000 :GPU/0-12000 (2/160.0/NVL) GPU/0-18000 (2/160.0/NVL) GPU/0-49000 (2/160.0/NVL) GPU/0-4d000 (2/160.0/NVL) GPU/0-89000 (2/160.0/NVL) GPU/0-8e000 (0/5000.0/LOC) GPU/0-c5000 (2/160.0/NVL) GPU/0-c9000 (2/160.0/NVL) NVS/0-0 (1/160.0/NVL) CPU/0-0 (4/10.0/SYS) CPU/0-1 (3/24.0/PHB) 
bddx-inf-sci-k8s-a800-03849:1346778:1347770 [3] NCCL INFO GPU/0-c5000 :GPU/0-12000 (2/160.0/NVL) GPU/0-18000 (2/160.0/NVL) GPU/0-49000 (2/160.0/NVL) GPU/0-4d000 (2/160.0/NVL) GPU/0-89000 (2/160.0/NVL) GPU/0-8e000 (2/160.0/NVL) GPU/0-c5000 (0/5000.0/LOC) GPU/0-c9000 (2/160.0/NVL) NVS/0-0 (1/160.0/NVL) CPU/0-0 (4/10.0/SYS) CPU/0-1 (3/24.0/PHB) 
bddx-inf-sci-k8s-a800-03849:1346778:1347770 [3] NCCL INFO GPU/0-c9000 :GPU/0-12000 (2/160.0/NVL) GPU/0-18000 (2/160.0/NVL) GPU/0-49000 (2/160.0/NVL) GPU/0-4d000 (2/160.0/NVL) GPU/0-89000 (2/160.0/NVL) GPU/0-8e000 (2/160.0/NVL) GPU/0-c5000 (2/160.0/NVL) GPU/0-c9000 (0/5000.0/LOC) NVS/0-0 (1/160.0/NVL) CPU/0-0 (4/10.0/SYS) CPU/0-1 (3/24.0/PHB) 
bddx-inf-sci-k8s-a800-03849:1346778:1347770 [3] NCCL INFO Setting affinity for GPU 3 to 0-31,64-95
bddx-inf-sci-k8s-a800-03849:1346778:1347770 [3] NCCL INFO NVLS multicast support is not available on dev 3 (NVLS_NCHANNELS 0)
bddx-inf-sci-k8s-a800-03849:1346781:1347769 [6] NCCL INFO === System : maxBw 160.0 totalBw 160.0 ===
bddx-inf-sci-k8s-a800-03849:1346781:1347769 [6] NCCL INFO CPU/0-0 (1/1/2)
bddx-inf-sci-k8s-a800-03849:1346781:1347769 [6] NCCL INFO + PCI[24.0] - PCI/0-c000 (1000c0101000ffff)
bddx-inf-sci-k8s-a800-03849:1346781:1347769 [6] NCCL INFO               + PCI[24.0] - PCI/0-10000 (1000c01010de13b8)
bddx-inf-sci-k8s-a800-03849:1346781:1347769 [6] NCCL INFO                             + PCI[24.0] - GPU/0-12000 (0)
bddx-inf-sci-k8s-a800-03849:1346781:1347769 [6] NCCL INFO                                           + NVL[160.0] - NVS/0-0
bddx-inf-sci-k8s-a800-03849:1346781:1347769 [6] NCCL INFO               + PCI[24.0] - NIC/0-1f002
bddx-inf-sci-k8s-a800-03849:1346781:1347769 [6] NCCL INFO               + PCI[24.0] - PCI/0-16000 (1000c01010de13b8)
bddx-inf-sci-k8s-a800-03849:1346781:1347769 [6] NCCL INFO                             + PCI[24.0] - GPU/0-18000 (1)
bddx-inf-sci-k8s-a800-03849:1346781:1347769 [6] NCCL INFO                                           + NVL[160.0] - NVS/0-0
bddx-inf-sci-k8s-a800-03849:1346781:1347769 [6] NCCL INFO + PCI[24.0] - PCI/0-43000 (1000c0101000ffff)
bddx-inf-sci-k8s-a800-03849:1346781:1347769 [6] NCCL INFO               + PCI[24.0] - NIC/0-5f002
bddx-inf-sci-k8s-a800-03849:1346781:1347769 [6] NCCL INFO               + PCI[24.0] - PCI/0-47000 (1000c01010de13b8)
bddx-inf-sci-k8s-a800-03849:1346781:1347769 [6] NCCL INFO                             + PCI[24.0] - GPU/0-49000 (2)
bddx-inf-sci-k8s-a800-03849:1346781:1347769 [6] NCCL INFO                                           + NVL[160.0] - NVS/0-0
bddx-inf-sci-k8s-a800-03849:1346781:1347769 [6] NCCL INFO               + PCI[24.0] - PCI/0-4b000 (1000c01010de13b8)
bddx-inf-sci-k8s-a800-03849:1346781:1347769 [6] NCCL INFO                             + PCI[24.0] - GPU/0-4d000 (3)
bddx-inf-sci-k8s-a800-03849:1346781:1347769 [6] NCCL INFO                                           + NVL[160.0] - NVS/0-0
bddx-inf-sci-k8s-a800-03849:1346781:1347769 [6] NCCL INFO + SYS[10.0] - CPU/0-1
bddx-inf-sci-k8s-a800-03849:1346781:1347769 [6] NCCL INFO CPU/0-1 (1/1/2)
bddx-inf-sci-k8s-a800-03849:1346781:1347769 [6] NCCL INFO + PCI[24.0] - PCI/0-83000 (1000c0101000ffff)
bddx-inf-sci-k8s-a800-03849:1346781:1347769 [6] NCCL INFO               + PCI[24.0] - NIC/0-95002
bddx-inf-sci-k8s-a800-03849:1346781:1347769 [6] NCCL INFO               + PCI[24.0] - PCI/0-87000 (1000c01010de13b8)
bddx-inf-sci-k8s-a800-03849:1346781:1347769 [6] NCCL INFO                             + PCI[24.0] - GPU/0-89000 (4)
bddx-inf-sci-k8s-a800-03849:1346781:1347769 [6] NCCL INFO                                           + NVL[160.0] - NVS/0-0
bddx-inf-sci-k8s-a800-03849:1346781:1347769 [6] NCCL INFO               + PCI[24.0] - PCI/0-8c000 (1000c01010de13b8)
bddx-inf-sci-k8s-a800-03849:1346781:1347769 [6] NCCL INFO                             + PCI[24.0] - GPU/0-8e000 (5)
bddx-inf-sci-k8s-a800-03849:1346781:1347769 [6] NCCL INFO                                           + NVL[160.0] - NVS/0-0
bddx-inf-sci-k8s-a800-03849:1346781:1347769 [6] NCCL INFO + PCI[24.0] - PCI/0-bf000 (1000c0101000ffff)
bddx-inf-sci-k8s-a800-03849:1346781:1347769 [6] NCCL INFO               + PCI[24.0] - NIC/0-cc002
bddx-inf-sci-k8s-a800-03849:1346781:1347769 [6] NCCL INFO               + PCI[24.0] - PCI/0-c3000 (1000c01010de13b8)
bddx-inf-sci-k8s-a800-03849:1346781:1347769 [6] NCCL INFO                             + PCI[24.0] - GPU/0-c5000 (6)
bddx-inf-sci-k8s-a800-03849:1346781:1347769 [6] NCCL INFO                                           + NVL[160.0] - NVS/0-0
bddx-inf-sci-k8s-a800-03849:1346781:1347769 [6] NCCL INFO               + PCI[24.0] - PCI/0-c7000 (1000c01010de13b8)
bddx-inf-sci-k8s-a800-03849:1346781:1347769 [6] NCCL INFO                             + PCI[24.0] - GPU/0-c9000 (7)
bddx-inf-sci-k8s-a800-03849:1346781:1347769 [6] NCCL INFO                                           + NVL[160.0] - NVS/0-0
bddx-inf-sci-k8s-a800-03849:1346781:1347769 [6] NCCL INFO + SYS[10.0] - CPU/0-0
bddx-inf-sci-k8s-a800-03849:1346781:1347769 [6] NCCL INFO ==========================================
bddx-inf-sci-k8s-a800-03849:1346781:1347769 [6] NCCL INFO GPU/0-12000 :GPU/0-12000 (0/5000.0/LOC) GPU/0-18000 (2/160.0/NVL) GPU/0-49000 (2/160.0/NVL) GPU/0-4d000 (2/160.0/NVL) GPU/0-89000 (2/160.0/NVL) GPU/0-8e000 (2/160.0/NVL) GPU/0-c5000 (2/160.0/NVL) GPU/0-c9000 (2/160.0/NVL) NVS/0-0 (1/160.0/NVL) CPU/0-0 (3/24.0/PHB) CPU/0-1 (4/10.0/SYS) 
bddx-inf-sci-k8s-a800-03849:1346781:1347769 [6] NCCL INFO GPU/0-18000 :GPU/0-12000 (2/160.0/NVL) GPU/0-18000 (0/5000.0/LOC) GPU/0-49000 (2/160.0/NVL) GPU/0-4d000 (2/160.0/NVL) GPU/0-89000 (2/160.0/NVL) GPU/0-8e000 (2/160.0/NVL) GPU/0-c5000 (2/160.0/NVL) GPU/0-c9000 (2/160.0/NVL) NVS/0-0 (1/160.0/NVL) CPU/0-0 (3/24.0/PHB) CPU/0-1 (4/10.0/SYS) 
bddx-inf-sci-k8s-a800-03849:1346778:1347770 [3] NCCL INFO Pattern 4, crossNic 0, nChannels 8, bw 20.000000/20.000000, type NVL/PIX, sameChannels 1
bddx-inf-sci-k8s-a800-03849:1346781:1347769 [6] NCCL INFO GPU/0-49000 :GPU/0-12000 (2/160.0/NVL) GPU/0-18000 (2/160.0/NVL) GPU/0-49000 (0/5000.0/LOC) GPU/0-4d000 (2/160.0/NVL) GPU/0-89000 (2/160.0/NVL) GPU/0-8e000 (2/160.0/NVL) GPU/0-c5000 (2/160.0/NVL) GPU/0-c9000 (2/160.0/NVL) NVS/0-0 (1/160.0/NVL) CPU/0-0 (3/24.0/PHB) CPU/0-1 (4/10.0/SYS) 
bddx-inf-sci-k8s-a800-03849:1346778:1347770 [3] NCCL INFO  0 : GPU/0 GPU/1 GPU/2 GPU/3 GPU/4 GPU/5 GPU/6 GPU/7
bddx-inf-sci-k8s-a800-03849:1346778:1347770 [3] NCCL INFO  1 : GPU/0 GPU/1 GPU/2 GPU/3 GPU/4 GPU/5 GPU/6 GPU/7
bddx-inf-sci-k8s-a800-03849:1346778:1347770 [3] NCCL INFO  2 : GPU/0 GPU/1 GPU/2 GPU/3 GPU/4 GPU/5 GPU/6 GPU/7
bddx-inf-sci-k8s-a800-03849:1346781:1347769 [6] NCCL INFO GPU/0-4d000 :GPU/0-12000 (2/160.0/NVL) GPU/0-18000 (2/160.0/NVL) GPU/0-49000 (2/160.0/NVL) GPU/0-4d000 (0/5000.0/LOC) GPU/0-89000 (2/160.0/NVL) GPU/0-8e000 (2/160.0/NVL) GPU/0-c5000 (2/160.0/NVL) GPU/0-c9000 (2/160.0/NVL) NVS/0-0 (1/160.0/NVL) CPU/0-0 (3/24.0/PHB) CPU/0-1 (4/10.0/SYS) 
bddx-inf-sci-k8s-a800-03849:1346778:1347770 [3] NCCL INFO  3 : GPU/0 GPU/1 GPU/2 GPU/3 GPU/4 GPU/5 GPU/6 GPU/7
bddx-inf-sci-k8s-a800-03849:1346778:1347770 [3] NCCL INFO  4 : GPU/0 GPU/1 GPU/2 GPU/3 GPU/4 GPU/5 GPU/6 GPU/7
bddx-inf-sci-k8s-a800-03849:1346778:1347770 [3] NCCL INFO  5 : GPU/0 GPU/1 GPU/2 GPU/3 GPU/4 GPU/5 GPU/6 GPU/7
bddx-inf-sci-k8s-a800-03849:1346778:1347770 [3] NCCL INFO  6 : GPU/0 GPU/1 GPU/2 GPU/3 GPU/4 GPU/5 GPU/6 GPU/7
bddx-inf-sci-k8s-a800-03849:1346781:1347769 [6] NCCL INFO GPU/0-89000 :GPU/0-12000 (2/160.0/NVL) GPU/0-18000 (2/160.0/NVL) GPU/0-49000 (2/160.0/NVL) GPU/0-4d000 (2/160.0/NVL) GPU/0-89000 (0/5000.0/LOC) GPU/0-8e000 (2/160.0/NVL) GPU/0-c5000 (2/160.0/NVL) GPU/0-c9000 (2/160.0/NVL) NVS/0-0 (1/160.0/NVL) CPU/0-0 (4/10.0/SYS) CPU/0-1 (3/24.0/PHB) 
bddx-inf-sci-k8s-a800-03849:1346778:1347770 [3] NCCL INFO  7 : GPU/0 GPU/1 GPU/2 GPU/3 GPU/4 GPU/5 GPU/6 GPU/7
bddx-inf-sci-k8s-a800-03849:1346781:1347769 [6] NCCL INFO GPU/0-8e000 :GPU/0-12000 (2/160.0/NVL) GPU/0-18000 (2/160.0/NVL) GPU/0-49000 (2/160.0/NVL) GPU/0-4d000 (2/160.0/NVL) GPU/0-89000 (2/160.0/NVL) GPU/0-8e000 (0/5000.0/LOC) GPU/0-c5000 (2/160.0/NVL) GPU/0-c9000 (2/160.0/NVL) NVS/0-0 (1/160.0/NVL) CPU/0-0 (4/10.0/SYS) CPU/0-1 (3/24.0/PHB) 
bddx-inf-sci-k8s-a800-03849:1346781:1347769 [6] NCCL INFO GPU/0-c5000 :GPU/0-12000 (2/160.0/NVL) GPU/0-18000 (2/160.0/NVL) GPU/0-49000 (2/160.0/NVL) GPU/0-4d000 (2/160.0/NVL) GPU/0-89000 (2/160.0/NVL) GPU/0-8e000 (2/160.0/NVL) GPU/0-c5000 (0/5000.0/LOC) GPU/0-c9000 (2/160.0/NVL) NVS/0-0 (1/160.0/NVL) CPU/0-0 (4/10.0/SYS) CPU/0-1 (3/24.0/PHB) 
bddx-inf-sci-k8s-a800-03849:1346781:1347769 [6] NCCL INFO GPU/0-c9000 :GPU/0-12000 (2/160.0/NVL) GPU/0-18000 (2/160.0/NVL) GPU/0-49000 (2/160.0/NVL) GPU/0-4d000 (2/160.0/NVL) GPU/0-89000 (2/160.0/NVL) GPU/0-8e000 (2/160.0/NVL) GPU/0-c5000 (2/160.0/NVL) GPU/0-c9000 (0/5000.0/LOC) NVS/0-0 (1/160.0/NVL) CPU/0-0 (4/10.0/SYS) CPU/0-1 (3/24.0/PHB) 
bddx-inf-sci-k8s-a800-03849:1346781:1347769 [6] NCCL INFO Setting affinity for GPU 6 to 32-63,96-127
bddx-inf-sci-k8s-a800-03849:1346781:1347769 [6] NCCL INFO NVLS multicast support is not available on dev 6 (NVLS_NCHANNELS 0)
bddx-inf-sci-k8s-a800-03849:1346778:1347770 [3] NCCL INFO Pattern 1, crossNic 0, nChannels 8, bw 20.000000/20.000000, type NVL/PIX, sameChannels 1
bddx-inf-sci-k8s-a800-03849:1346778:1347770 [3] NCCL INFO  0 : GPU/0 GPU/1 GPU/2 GPU/3 GPU/4 GPU/5 GPU/6 GPU/7
bddx-inf-sci-k8s-a800-03849:1346778:1347770 [3] NCCL INFO  1 : GPU/0 GPU/1 GPU/2 GPU/3 GPU/4 GPU/5 GPU/6 GPU/7
bddx-inf-sci-k8s-a800-03849:1346778:1347770 [3] NCCL INFO  2 : GPU/0 GPU/1 GPU/2 GPU/3 GPU/4 GPU/5 GPU/6 GPU/7
bddx-inf-sci-k8s-a800-03849:1346778:1347770 [3] NCCL INFO  3 : GPU/0 GPU/1 GPU/2 GPU/3 GPU/4 GPU/5 GPU/6 GPU/7
bddx-inf-sci-k8s-a800-03849:1346778:1347770 [3] NCCL INFO  4 : GPU/0 GPU/1 GPU/2 GPU/3 GPU/4 GPU/5 GPU/6 GPU/7
bddx-inf-sci-k8s-a800-03849:1346778:1347770 [3] NCCL INFO  5 : GPU/0 GPU/1 GPU/2 GPU/3 GPU/4 GPU/5 GPU/6 GPU/7
bddx-inf-sci-k8s-a800-03849:1346778:1347770 [3] NCCL INFO  6 : GPU/0 GPU/1 GPU/2 GPU/3 GPU/4 GPU/5 GPU/6 GPU/7
bddx-inf-sci-k8s-a800-03849:1346778:1347770 [3] NCCL INFO  7 : GPU/0 GPU/1 GPU/2 GPU/3 GPU/4 GPU/5 GPU/6 GPU/7
bddx-inf-sci-k8s-a800-03849:1346781:1347769 [6] NCCL INFO Pattern 4, crossNic 0, nChannels 8, bw 20.000000/20.000000, type NVL/PIX, sameChannels 1
bddx-inf-sci-k8s-a800-03849:1346781:1347769 [6] NCCL INFO  0 : GPU/0 GPU/1 GPU/2 GPU/3 GPU/4 GPU/5 GPU/6 GPU/7
bddx-inf-sci-k8s-a800-03849:1346781:1347769 [6] NCCL INFO  1 : GPU/0 GPU/1 GPU/2 GPU/3 GPU/4 GPU/5 GPU/6 GPU/7
bddx-inf-sci-k8s-a800-03849:1346781:1347769 [6] NCCL INFO  2 : GPU/0 GPU/1 GPU/2 GPU/3 GPU/4 GPU/5 GPU/6 GPU/7
bddx-inf-sci-k8s-a800-03849:1346781:1347769 [6] NCCL INFO  3 : GPU/0 GPU/1 GPU/2 GPU/3 GPU/4 GPU/5 GPU/6 GPU/7
bddx-inf-sci-k8s-a800-03849:1346781:1347769 [6] NCCL INFO  4 : GPU/0 GPU/1 GPU/2 GPU/3 GPU/4 GPU/5 GPU/6 GPU/7
bddx-inf-sci-k8s-a800-03849:1346781:1347769 [6] NCCL INFO  5 : GPU/0 GPU/1 GPU/2 GPU/3 GPU/4 GPU/5 GPU/6 GPU/7
bddx-inf-sci-k8s-a800-03849:1346781:1347769 [6] NCCL INFO  6 : GPU/0 GPU/1 GPU/2 GPU/3 GPU/4 GPU/5 GPU/6 GPU/7
bddx-inf-sci-k8s-a800-03849:1346781:1347769 [6] NCCL INFO  7 : GPU/0 GPU/1 GPU/2 GPU/3 GPU/4 GPU/5 GPU/6 GPU/7
bddx-inf-sci-k8s-a800-03849:1346781:1347769 [6] NCCL INFO Pattern 1, crossNic 0, nChannels 8, bw 20.000000/20.000000, type NVL/PIX, sameChannels 1
bddx-inf-sci-k8s-a800-03849:1346781:1347769 [6] NCCL INFO  0 : GPU/0 GPU/1 GPU/2 GPU/3 GPU/4 GPU/5 GPU/6 GPU/7
bddx-inf-sci-k8s-a800-03849:1346781:1347769 [6] NCCL INFO  1 : GPU/0 GPU/1 GPU/2 GPU/3 GPU/4 GPU/5 GPU/6 GPU/7
bddx-inf-sci-k8s-a800-03849:1346781:1347769 [6] NCCL INFO  2 : GPU/0 GPU/1 GPU/2 GPU/3 GPU/4 GPU/5 GPU/6 GPU/7
bddx-inf-sci-k8s-a800-03849:1346781:1347769 [6] NCCL INFO  3 : GPU/0 GPU/1 GPU/2 GPU/3 GPU/4 GPU/5 GPU/6 GPU/7
bddx-inf-sci-k8s-a800-03849:1346781:1347769 [6] NCCL INFO  4 : GPU/0 GPU/1 GPU/2 GPU/3 GPU/4 GPU/5 GPU/6 GPU/7
bddx-inf-sci-k8s-a800-03849:1346781:1347769 [6] NCCL INFO  5 : GPU/0 GPU/1 GPU/2 GPU/3 GPU/4 GPU/5 GPU/6 GPU/7
bddx-inf-sci-k8s-a800-03849:1346781:1347769 [6] NCCL INFO  6 : GPU/0 GPU/1 GPU/2 GPU/3 GPU/4 GPU/5 GPU/6 GPU/7
bddx-inf-sci-k8s-a800-03849:1346781:1347769 [6] NCCL INFO  7 : GPU/0 GPU/1 GPU/2 GPU/3 GPU/4 GPU/5 GPU/6 GPU/7
bddx-inf-sci-k8s-a800-03849:1346778:1347770 [3] NCCL INFO comm 0x1255ce10 rank 3 nRanks 8 nNodes 1 localRanks 8 localRank 3 MNNVL 0
bddx-inf-sci-k8s-a800-03849:1346779:1347773 [4] NCCL INFO comm 0x12145b70 rank 4 nRanks 8 nNodes 1 localRanks 8 localRank 4 MNNVL 0
bddx-inf-sci-k8s-a800-03849:1346781:1347769 [6] NCCL INFO comm 0x11b123e0 rank 6 nRanks 8 nNodes 1 localRanks 8 localRank 6 MNNVL 0
bddx-inf-sci-k8s-a800-03849:1346780:1347772 [5] NCCL INFO comm 0x11fa8c30 rank 5 nRanks 8 nNodes 1 localRanks 8 localRank 5 MNNVL 0
bddx-inf-sci-k8s-a800-03849:1346777:1347768 [2] NCCL INFO comm 0x132de130 rank 2 nRanks 8 nNodes 1 localRanks 8 localRank 2 MNNVL 0
bddx-inf-sci-k8s-a800-03849:1346776:1347771 [1] NCCL INFO comm 0x1239dab0 rank 1 nRanks 8 nNodes 1 localRanks 8 localRank 1 MNNVL 0
bddx-inf-sci-k8s-a800-03849:1346782:1347767 [7] NCCL INFO comm 0x11c0d6d0 rank 7 nRanks 8 nNodes 1 localRanks 8 localRank 7 MNNVL 0
bddx-inf-sci-k8s-a800-03849:1346775:1347774 [0] NCCL INFO comm 0x11ca6900 rank 0 nRanks 8 nNodes 1 localRanks 8 localRank 0 MNNVL 0
bddx-inf-sci-k8s-a800-03849:1346776:1347771 [1] NCCL INFO Tree 0 : 0 -> 1 -> 2/-1/-1
bddx-inf-sci-k8s-a800-03849:1346778:1347770 [3] NCCL INFO Ring 00 : 2 -> 3 -> 4
bddx-inf-sci-k8s-a800-03849:1346779:1347773 [4] NCCL INFO Ring 00 : 3 -> 4 -> 5
bddx-inf-sci-k8s-a800-03849:1346776:1347771 [1] NCCL INFO Tree 8 : 0 -> 1 -> 2/-1/-1
bddx-inf-sci-k8s-a800-03849:1346781:1347769 [6] NCCL INFO Ring 00 : 5 -> 6 -> 7
bddx-inf-sci-k8s-a800-03849:1346775:1347774 [0] NCCL INFO Tree 0 : -1 -> 0 -> 1/-1/-1
bddx-inf-sci-k8s-a800-03849:1346778:1347770 [3] NCCL INFO Ring 01 : 2 -> 3 -> 4
bddx-inf-sci-k8s-a800-03849:1346780:1347772 [5] NCCL INFO Ring 00 : 4 -> 5 -> 6
bddx-inf-sci-k8s-a800-03849:1346779:1347773 [4] NCCL INFO Ring 01 : 3 -> 4 -> 5
bddx-inf-sci-k8s-a800-03849:1346780:1347772 [5] NCCL INFO Ring 01 : 4 -> 5 -> 6
bddx-inf-sci-k8s-a800-03849:1346777:1347768 [2] NCCL INFO Ring 00 : 1 -> 2 -> 3
bddx-inf-sci-k8s-a800-03849:1346776:1347771 [1] NCCL INFO Tree 1 : 0 -> 1 -> 2/-1/-1
bddx-inf-sci-k8s-a800-03849:1346782:1347767 [7] NCCL INFO Ring 00 : 6 -> 7 -> 0
bddx-inf-sci-k8s-a800-03849:1346781:1347769 [6] NCCL INFO Ring 01 : 5 -> 6 -> 7
bddx-inf-sci-k8s-a800-03849:1346775:1347774 [0] NCCL INFO Tree 8 : -1 -> 0 -> 1/-1/-1
bddx-inf-sci-k8s-a800-03849:1346778:1347770 [3] NCCL INFO Ring 02 : 2 -> 3 -> 4
bddx-inf-sci-k8s-a800-03849:1346779:1347773 [4] NCCL INFO Ring 02 : 3 -> 4 -> 5
bddx-inf-sci-k8s-a800-03849:1346780:1347772 [5] NCCL INFO Ring 02 : 4 -> 5 -> 6
bddx-inf-sci-k8s-a800-03849:1346777:1347768 [2] NCCL INFO Ring 01 : 1 -> 2 -> 3
bddx-inf-sci-k8s-a800-03849:1346776:1347771 [1] NCCL INFO Tree 9 : 0 -> 1 -> 2/-1/-1
bddx-inf-sci-k8s-a800-03849:1346782:1347767 [7] NCCL INFO Ring 01 : 6 -> 7 -> 0
bddx-inf-sci-k8s-a800-03849:1346781:1347769 [6] NCCL INFO Ring 02 : 5 -> 6 -> 7
bddx-inf-sci-k8s-a800-03849:1346775:1347774 [0] NCCL INFO Tree 1 : -1 -> 0 -> 1/-1/-1
bddx-inf-sci-k8s-a800-03849:1346778:1347770 [3] NCCL INFO Ring 03 : 2 -> 3 -> 4
bddx-inf-sci-k8s-a800-03849:1346779:1347773 [4] NCCL INFO Ring 03 : 3 -> 4 -> 5
bddx-inf-sci-k8s-a800-03849:1346780:1347772 [5] NCCL INFO Ring 03 : 4 -> 5 -> 6
bddx-inf-sci-k8s-a800-03849:1346777:1347768 [2] NCCL INFO Ring 02 : 1 -> 2 -> 3
bddx-inf-sci-k8s-a800-03849:1346776:1347771 [1] NCCL INFO Tree 2 : 0 -> 1 -> 2/-1/-1
bddx-inf-sci-k8s-a800-03849:1346782:1347767 [7] NCCL INFO Ring 02 : 6 -> 7 -> 0
bddx-inf-sci-k8s-a800-03849:1346781:1347769 [6] NCCL INFO Ring 03 : 5 -> 6 -> 7
bddx-inf-sci-k8s-a800-03849:1346775:1347774 [0] NCCL INFO Tree 9 : -1 -> 0 -> 1/-1/-1
bddx-inf-sci-k8s-a800-03849:1346778:1347770 [3] NCCL INFO Ring 04 : 2 -> 3 -> 4
bddx-inf-sci-k8s-a800-03849:1346779:1347773 [4] NCCL INFO Ring 04 : 3 -> 4 -> 5
bddx-inf-sci-k8s-a800-03849:1346780:1347772 [5] NCCL INFO Ring 04 : 4 -> 5 -> 6
bddx-inf-sci-k8s-a800-03849:1346777:1347768 [2] NCCL INFO Ring 03 : 1 -> 2 -> 3
bddx-inf-sci-k8s-a800-03849:1346780:1347772 [5] NCCL INFO Ring 05 : 4 -> 5 -> 6
bddx-inf-sci-k8s-a800-03849:1346776:1347771 [1] NCCL INFO Tree 10 : 0 -> 1 -> 2/-1/-1
bddx-inf-sci-k8s-a800-03849:1346782:1347767 [7] NCCL INFO Ring 03 : 6 -> 7 -> 0
bddx-inf-sci-k8s-a800-03849:1346781:1347769 [6] NCCL INFO Ring 04 : 5 -> 6 -> 7
bddx-inf-sci-k8s-a800-03849:1346775:1347774 [0] NCCL INFO Tree 2 : -1 -> 0 -> 1/-1/-1
bddx-inf-sci-k8s-a800-03849:1346781:1347769 [6] NCCL INFO Ring 05 : 5 -> 6 -> 7
bddx-inf-sci-k8s-a800-03849:1346778:1347770 [3] NCCL INFO Ring 05 : 2 -> 3 -> 4
bddx-inf-sci-k8s-a800-03849:1346779:1347773 [4] NCCL INFO Ring 05 : 3 -> 4 -> 5
bddx-inf-sci-k8s-a800-03849:1346777:1347768 [2] NCCL INFO Ring 04 : 1 -> 2 -> 3
bddx-inf-sci-k8s-a800-03849:1346780:1347772 [5] NCCL INFO Ring 06 : 4 -> 5 -> 6
bddx-inf-sci-k8s-a800-03849:1346776:1347771 [1] NCCL INFO Tree 3 : 0 -> 1 -> 2/-1/-1
bddx-inf-sci-k8s-a800-03849:1346782:1347767 [7] NCCL INFO Ring 04 : 6 -> 7 -> 0
bddx-inf-sci-k8s-a800-03849:1346775:1347774 [0] NCCL INFO Tree 10 : -1 -> 0 -> 1/-1/-1
bddx-inf-sci-k8s-a800-03849:1346782:1347767 [7] NCCL INFO Ring 05 : 6 -> 7 -> 0
bddx-inf-sci-k8s-a800-03849:1346781:1347769 [6] NCCL INFO Ring 06 : 5 -> 6 -> 7
bddx-inf-sci-k8s-a800-03849:1346778:1347770 [3] NCCL INFO Ring 06 : 2 -> 3 -> 4
bddx-inf-sci-k8s-a800-03849:1346779:1347773 [4] NCCL INFO Ring 06 : 3 -> 4 -> 5
bddx-inf-sci-k8s-a800-03849:1346777:1347768 [2] NCCL INFO Ring 05 : 1 -> 2 -> 3
bddx-inf-sci-k8s-a800-03849:1346780:1347772 [5] NCCL INFO Ring 07 : 4 -> 5 -> 6
bddx-inf-sci-k8s-a800-03849:1346776:1347771 [1] NCCL INFO Tree 11 : 0 -> 1 -> 2/-1/-1
bddx-inf-sci-k8s-a800-03849:1346775:1347774 [0] NCCL INFO Tree 3 : -1 -> 0 -> 1/-1/-1
bddx-inf-sci-k8s-a800-03849:1346782:1347767 [7] NCCL INFO Ring 06 : 6 -> 7 -> 0
bddx-inf-sci-k8s-a800-03849:1346781:1347769 [6] NCCL INFO Ring 07 : 5 -> 6 -> 7
bddx-inf-sci-k8s-a800-03849:1346778:1347770 [3] NCCL INFO Ring 07 : 2 -> 3 -> 4
bddx-inf-sci-k8s-a800-03849:1346779:1347773 [4] NCCL INFO Ring 07 : 3 -> 4 -> 5
bddx-inf-sci-k8s-a800-03849:1346777:1347768 [2] NCCL INFO Ring 06 : 1 -> 2 -> 3
bddx-inf-sci-k8s-a800-03849:1346780:1347772 [5] NCCL INFO Ring 08 : 4 -> 5 -> 6
bddx-inf-sci-k8s-a800-03849:1346776:1347771 [1] NCCL INFO Tree 4 : 0 -> 1 -> 2/-1/-1
bddx-inf-sci-k8s-a800-03849:1346775:1347774 [0] NCCL INFO Tree 11 : -1 -> 0 -> 1/-1/-1
bddx-inf-sci-k8s-a800-03849:1346782:1347767 [7] NCCL INFO Ring 07 : 6 -> 7 -> 0
bddx-inf-sci-k8s-a800-03849:1346781:1347769 [6] NCCL INFO Ring 08 : 5 -> 6 -> 7
bddx-inf-sci-k8s-a800-03849:1346782:1347767 [7] NCCL INFO Ring 08 : 6 -> 7 -> 0
bddx-inf-sci-k8s-a800-03849:1346778:1347770 [3] NCCL INFO Ring 08 : 2 -> 3 -> 4
bddx-inf-sci-k8s-a800-03849:1346779:1347773 [4] NCCL INFO Ring 08 : 3 -> 4 -> 5
bddx-inf-sci-k8s-a800-03849:1346777:1347768 [2] NCCL INFO Ring 07 : 1 -> 2 -> 3
bddx-inf-sci-k8s-a800-03849:1346780:1347772 [5] NCCL INFO Ring 09 : 4 -> 5 -> 6
bddx-inf-sci-k8s-a800-03849:1346776:1347771 [1] NCCL INFO Tree 12 : 0 -> 1 -> 2/-1/-1
bddx-inf-sci-k8s-a800-03849:1346775:1347774 [0] NCCL INFO Tree 4 : -1 -> 0 -> 1/-1/-1
bddx-inf-sci-k8s-a800-03849:1346781:1347769 [6] NCCL INFO Ring 09 : 5 -> 6 -> 7
bddx-inf-sci-k8s-a800-03849:1346782:1347767 [7] NCCL INFO Ring 09 : 6 -> 7 -> 0
bddx-inf-sci-k8s-a800-03849:1346778:1347770 [3] NCCL INFO Ring 09 : 2 -> 3 -> 4
bddx-inf-sci-k8s-a800-03849:1346782:1347767 [7] NCCL INFO Ring 10 : 6 -> 7 -> 0
bddx-inf-sci-k8s-a800-03849:1346779:1347773 [4] NCCL INFO Ring 09 : 3 -> 4 -> 5
bddx-inf-sci-k8s-a800-03849:1346777:1347768 [2] NCCL INFO Ring 08 : 1 -> 2 -> 3
bddx-inf-sci-k8s-a800-03849:1346780:1347772 [5] NCCL INFO Ring 10 : 4 -> 5 -> 6
bddx-inf-sci-k8s-a800-03849:1346776:1347771 [1] NCCL INFO Tree 5 : 0 -> 1 -> 2/-1/-1
bddx-inf-sci-k8s-a800-03849:1346775:1347774 [0] NCCL INFO Tree 12 : -1 -> 0 -> 1/-1/-1
bddx-inf-sci-k8s-a800-03849:1346781:1347769 [6] NCCL INFO Ring 10 : 5 -> 6 -> 7
bddx-inf-sci-k8s-a800-03849:1346778:1347770 [3] NCCL INFO Ring 10 : 2 -> 3 -> 4
bddx-inf-sci-k8s-a800-03849:1346782:1347767 [7] NCCL INFO Ring 11 : 6 -> 7 -> 0
bddx-inf-sci-k8s-a800-03849:1346779:1347773 [4] NCCL INFO Ring 10 : 3 -> 4 -> 5
bddx-inf-sci-k8s-a800-03849:1346777:1347768 [2] NCCL INFO Ring 09 : 1 -> 2 -> 3
bddx-inf-sci-k8s-a800-03849:1346780:1347772 [5] NCCL INFO Ring 11 : 4 -> 5 -> 6
bddx-inf-sci-k8s-a800-03849:1346776:1347771 [1] NCCL INFO Tree 13 : 0 -> 1 -> 2/-1/-1
bddx-inf-sci-k8s-a800-03849:1346775:1347774 [0] NCCL INFO Tree 5 : -1 -> 0 -> 1/-1/-1
bddx-inf-sci-k8s-a800-03849:1346781:1347769 [6] NCCL INFO Ring 11 : 5 -> 6 -> 7
bddx-inf-sci-k8s-a800-03849:1346778:1347770 [3] NCCL INFO Ring 11 : 2 -> 3 -> 4
bddx-inf-sci-k8s-a800-03849:1346782:1347767 [7] NCCL INFO Ring 12 : 6 -> 7 -> 0
bddx-inf-sci-k8s-a800-03849:1346779:1347773 [4] NCCL INFO Ring 11 : 3 -> 4 -> 5
bddx-inf-sci-k8s-a800-03849:1346777:1347768 [2] NCCL INFO Ring 10 : 1 -> 2 -> 3
bddx-inf-sci-k8s-a800-03849:1346780:1347772 [5] NCCL INFO Ring 12 : 4 -> 5 -> 6
bddx-inf-sci-k8s-a800-03849:1346776:1347771 [1] NCCL INFO Tree 6 : 0 -> 1 -> 2/-1/-1
bddx-inf-sci-k8s-a800-03849:1346775:1347774 [0] NCCL INFO Tree 13 : -1 -> 0 -> 1/-1/-1
bddx-inf-sci-k8s-a800-03849:1346781:1347769 [6] NCCL INFO Ring 12 : 5 -> 6 -> 7
bddx-inf-sci-k8s-a800-03849:1346778:1347770 [3] NCCL INFO Ring 12 : 2 -> 3 -> 4
bddx-inf-sci-k8s-a800-03849:1346782:1347767 [7] NCCL INFO Ring 13 : 6 -> 7 -> 0
bddx-inf-sci-k8s-a800-03849:1346779:1347773 [4] NCCL INFO Ring 12 : 3 -> 4 -> 5
bddx-inf-sci-k8s-a800-03849:1346782:1347767 [7] NCCL INFO Ring 14 : 6 -> 7 -> 0
bddx-inf-sci-k8s-a800-03849:1346777:1347768 [2] NCCL INFO Ring 11 : 1 -> 2 -> 3
bddx-inf-sci-k8s-a800-03849:1346780:1347772 [5] NCCL INFO Ring 13 : 4 -> 5 -> 6
bddx-inf-sci-k8s-a800-03849:1346776:1347771 [1] NCCL INFO Tree 14 : 0 -> 1 -> 2/-1/-1
bddx-inf-sci-k8s-a800-03849:1346775:1347774 [0] NCCL INFO Tree 6 : -1 -> 0 -> 1/-1/-1
bddx-inf-sci-k8s-a800-03849:1346781:1347769 [6] NCCL INFO Ring 13 : 5 -> 6 -> 7
bddx-inf-sci-k8s-a800-03849:1346778:1347770 [3] NCCL INFO Ring 13 : 2 -> 3 -> 4
bddx-inf-sci-k8s-a800-03849:1346779:1347773 [4] NCCL INFO Ring 13 : 3 -> 4 -> 5
bddx-inf-sci-k8s-a800-03849:1346782:1347767 [7] NCCL INFO Ring 15 : 6 -> 7 -> 0
bddx-inf-sci-k8s-a800-03849:1346777:1347768 [2] NCCL INFO Ring 12 : 1 -> 2 -> 3
bddx-inf-sci-k8s-a800-03849:1346780:1347772 [5] NCCL INFO Ring 14 : 4 -> 5 -> 6
bddx-inf-sci-k8s-a800-03849:1346776:1347771 [1] NCCL INFO Tree 7 : 0 -> 1 -> 2/-1/-1
bddx-inf-sci-k8s-a800-03849:1346775:1347774 [0] NCCL INFO Tree 14 : -1 -> 0 -> 1/-1/-1
bddx-inf-sci-k8s-a800-03849:1346781:1347769 [6] NCCL INFO Ring 14 : 5 -> 6 -> 7
bddx-inf-sci-k8s-a800-03849:1346778:1347770 [3] NCCL INFO Ring 14 : 2 -> 3 -> 4
bddx-inf-sci-k8s-a800-03849:1346779:1347773 [4] NCCL INFO Ring 14 : 3 -> 4 -> 5
bddx-inf-sci-k8s-a800-03849:1346782:1347767 [7] NCCL INFO Trees [0] -1/-1/-1->7->6 [1] -1/-1/-1->7->6 [2] -1/-1/-1->7->6 [3] -1/-1/-1->7->6 [4] -1/-1/-1->7->6 [5] -1/-1/-1->7->6 [6] -1/-1/-1->7->6 [7] -1/-1/-1->7->6 [8] -1/-1/-1->7->6 [9] -1/-1/-1->7->6 [10] -1/-1/-1->7->6 [11] -1/-1/-1->7->6 [12] -1/-1/-1->7->6 [13] -1/-1/-1->7->6 [14] -1/-1/-1->7->6 [15] -1/-1/-1->7->6
bddx-inf-sci-k8s-a800-03849:1346777:1347768 [2] NCCL INFO Ring 13 : 1 -> 2 -> 3
bddx-inf-sci-k8s-a800-03849:1346780:1347772 [5] NCCL INFO Ring 15 : 4 -> 5 -> 6
bddx-inf-sci-k8s-a800-03849:1346776:1347771 [1] NCCL INFO Tree 15 : 0 -> 1 -> 2/-1/-1
bddx-inf-sci-k8s-a800-03849:1346775:1347774 [0] NCCL INFO Tree 7 : -1 -> 0 -> 1/-1/-1
bddx-inf-sci-k8s-a800-03849:1346781:1347769 [6] NCCL INFO Ring 15 : 5 -> 6 -> 7
bddx-inf-sci-k8s-a800-03849:1346778:1347770 [3] NCCL INFO Ring 15 : 2 -> 3 -> 4
bddx-inf-sci-k8s-a800-03849:1346779:1347773 [4] NCCL INFO Ring 15 : 3 -> 4 -> 5
bddx-inf-sci-k8s-a800-03849:1346782:1347767 [7] NCCL INFO P2P Chunksize set to 524288
bddx-inf-sci-k8s-a800-03849:1346777:1347768 [2] NCCL INFO Ring 14 : 1 -> 2 -> 3
bddx-inf-sci-k8s-a800-03849:1346780:1347772 [5] NCCL INFO Trees [0] 6/-1/-1->5->4 [1] 6/-1/-1->5->4 [2] 6/-1/-1->5->4 [3] 6/-1/-1->5->4 [4] 6/-1/-1->5->4 [5] 6/-1/-1->5->4 [6] 6/-1/-1->5->4 [7] 6/-1/-1->5->4 [8] 6/-1/-1->5->4 [9] 6/-1/-1->5->4 [10] 6/-1/-1->5->4 [11] 6/-1/-1->5->4 [12] 6/-1/-1->5->4 [13] 6/-1/-1->5->4 [14] 6/-1/-1->5->4 [15] 6/-1/-1->5->4
bddx-inf-sci-k8s-a800-03849:1346775:1347774 [0] NCCL INFO Tree 15 : -1 -> 0 -> 1/-1/-1
bddx-inf-sci-k8s-a800-03849:1346781:1347769 [6] NCCL INFO Trees [0] 7/-1/-1->6->5 [1] 7/-1/-1->6->5 [2] 7/-1/-1->6->5 [3] 7/-1/-1->6->5 [4] 7/-1/-1->6->5 [5] 7/-1/-1->6->5 [6] 7/-1/-1->6->5 [7] 7/-1/-1->6->5 [8] 7/-1/-1->6->5 [9] 7/-1/-1->6->5 [10] 7/-1/-1->6->5 [11] 7/-1/-1->6->5 [12] 7/-1/-1->6->5 [13] 7/-1/-1->6->5 [14] 7/-1/-1->6->5 [15] 7/-1/-1->6->5
bddx-inf-sci-k8s-a800-03849:1346776:1347771 [1] NCCL INFO Ring 00 : 0 -> 1 -> 2
bddx-inf-sci-k8s-a800-03849:1346778:1347770 [3] NCCL INFO Trees [0] 4/-1/-1->3->2 [1] 4/-1/-1->3->2 [2] 4/-1/-1->3->2 [3] 4/-1/-1->3->2 [4] 4/-1/-1->3->2 [5] 4/-1/-1->3->2 [6] 4/-1/-1->3->2 [7] 4/-1/-1->3->2 [8] 4/-1/-1->3->2 [9] 4/-1/-1->3->2 [10] 4/-1/-1->3->2 [11] 4/-1/-1->3->2 [12] 4/-1/-1->3->2 [13] 4/-1/-1->3->2 [14] 4/-1/-1->3->2 [15] 4/-1/-1->3->2
bddx-inf-sci-k8s-a800-03849:1346779:1347773 [4] NCCL INFO Trees [0] 5/-1/-1->4->3 [1] 5/-1/-1->4->3 [2] 5/-1/-1->4->3 [3] 5/-1/-1->4->3 [4] 5/-1/-1->4->3 [5] 5/-1/-1->4->3 [6] 5/-1/-1->4->3 [7] 5/-1/-1->4->3 [8] 5/-1/-1->4->3 [9] 5/-1/-1->4->3 [10] 5/-1/-1->4->3 [11] 5/-1/-1->4->3 [12] 5/-1/-1->4->3 [13] 5/-1/-1->4->3 [14] 5/-1/-1->4->3 [15] 5/-1/-1->4->3
bddx-inf-sci-k8s-a800-03849:1346777:1347768 [2] NCCL INFO Ring 15 : 1 -> 2 -> 3
bddx-inf-sci-k8s-a800-03849:1346780:1347772 [5] NCCL INFO P2P Chunksize set to 524288
bddx-inf-sci-k8s-a800-03849:1346775:1347774 [0] NCCL INFO Channel 00/16 : 0 1 2 3 4 5 6 7
bddx-inf-sci-k8s-a800-03849:1346781:1347769 [6] NCCL INFO P2P Chunksize set to 524288
bddx-inf-sci-k8s-a800-03849:1346776:1347771 [1] NCCL INFO Ring 01 : 0 -> 1 -> 2
bddx-inf-sci-k8s-a800-03849:1346778:1347770 [3] NCCL INFO P2P Chunksize set to 524288
bddx-inf-sci-k8s-a800-03849:1346779:1347773 [4] NCCL INFO P2P Chunksize set to 524288
bddx-inf-sci-k8s-a800-03849:1346777:1347768 [2] NCCL INFO Trees [0] 3/-1/-1->2->1 [1] 3/-1/-1->2->1 [2] 3/-1/-1->2->1 [3] 3/-1/-1->2->1 [4] 3/-1/-1->2->1 [5] 3/-1/-1->2->1 [6] 3/-1/-1->2->1 [7] 3/-1/-1->2->1 [8] 3/-1/-1->2->1 [9] 3/-1/-1->2->1 [10] 3/-1/-1->2->1 [11] 3/-1/-1->2->1 [12] 3/-1/-1->2->1 [13] 3/-1/-1->2->1 [14] 3/-1/-1->2->1 [15] 3/-1/-1->2->1
bddx-inf-sci-k8s-a800-03849:1346775:1347774 [0] NCCL INFO Channel 01/16 : 0 1 2 3 4 5 6 7
bddx-inf-sci-k8s-a800-03849:1346776:1347771 [1] NCCL INFO Ring 02 : 0 -> 1 -> 2
bddx-inf-sci-k8s-a800-03849:1346777:1347768 [2] NCCL INFO P2P Chunksize set to 524288
bddx-inf-sci-k8s-a800-03849:1346775:1347774 [0] NCCL INFO Channel 02/16 : 0 1 2 3 4 5 6 7
bddx-inf-sci-k8s-a800-03849:1346776:1347771 [1] NCCL INFO Ring 03 : 0 -> 1 -> 2
bddx-inf-sci-k8s-a800-03849:1346775:1347774 [0] NCCL INFO Channel 03/16 : 0 1 2 3 4 5 6 7
bddx-inf-sci-k8s-a800-03849:1346776:1347771 [1] NCCL INFO Ring 04 : 0 -> 1 -> 2
bddx-inf-sci-k8s-a800-03849:1346775:1347774 [0] NCCL INFO Channel 04/16 : 0 1 2 3 4 5 6 7
bddx-inf-sci-k8s-a800-03849:1346776:1347771 [1] NCCL INFO Ring 05 : 0 -> 1 -> 2
bddx-inf-sci-k8s-a800-03849:1346775:1347774 [0] NCCL INFO Channel 05/16 : 0 1 2 3 4 5 6 7
bddx-inf-sci-k8s-a800-03849:1346776:1347771 [1] NCCL INFO Ring 06 : 0 -> 1 -> 2
bddx-inf-sci-k8s-a800-03849:1346775:1347774 [0] NCCL INFO Channel 06/16 : 0 1 2 3 4 5 6 7
bddx-inf-sci-k8s-a800-03849:1346776:1347771 [1] NCCL INFO Ring 07 : 0 -> 1 -> 2
bddx-inf-sci-k8s-a800-03849:1346775:1347774 [0] NCCL INFO Channel 07/16 : 0 1 2 3 4 5 6 7
bddx-inf-sci-k8s-a800-03849:1346776:1347771 [1] NCCL INFO Ring 08 : 0 -> 1 -> 2
bddx-inf-sci-k8s-a800-03849:1346775:1347774 [0] NCCL INFO Channel 08/16 : 0 1 2 3 4 5 6 7
bddx-inf-sci-k8s-a800-03849:1346776:1347771 [1] NCCL INFO Ring 09 : 0 -> 1 -> 2
bddx-inf-sci-k8s-a800-03849:1346775:1347774 [0] NCCL INFO Channel 09/16 : 0 1 2 3 4 5 6 7
bddx-inf-sci-k8s-a800-03849:1346776:1347771 [1] NCCL INFO Ring 10 : 0 -> 1 -> 2
bddx-inf-sci-k8s-a800-03849:1346775:1347774 [0] NCCL INFO Channel 10/16 : 0 1 2 3 4 5 6 7
bddx-inf-sci-k8s-a800-03849:1346776:1347771 [1] NCCL INFO Ring 11 : 0 -> 1 -> 2
bddx-inf-sci-k8s-a800-03849:1346775:1347774 [0] NCCL INFO Channel 11/16 : 0 1 2 3 4 5 6 7
bddx-inf-sci-k8s-a800-03849:1346776:1347771 [1] NCCL INFO Ring 12 : 0 -> 1 -> 2
bddx-inf-sci-k8s-a800-03849:1346775:1347774 [0] NCCL INFO Channel 12/16 : 0 1 2 3 4 5 6 7
bddx-inf-sci-k8s-a800-03849:1346776:1347771 [1] NCCL INFO Ring 13 : 0 -> 1 -> 2
bddx-inf-sci-k8s-a800-03849:1346775:1347774 [0] NCCL INFO Channel 13/16 : 0 1 2 3 4 5 6 7
bddx-inf-sci-k8s-a800-03849:1346776:1347771 [1] NCCL INFO Ring 14 : 0 -> 1 -> 2
bddx-inf-sci-k8s-a800-03849:1346775:1347774 [0] NCCL INFO Channel 14/16 : 0 1 2 3 4 5 6 7
bddx-inf-sci-k8s-a800-03849:1346776:1347771 [1] NCCL INFO Ring 15 : 0 -> 1 -> 2
bddx-inf-sci-k8s-a800-03849:1346775:1347774 [0] NCCL INFO Channel 15/16 : 0 1 2 3 4 5 6 7
bddx-inf-sci-k8s-a800-03849:1346776:1347771 [1] NCCL INFO Trees [0] 2/-1/-1->1->0 [1] 2/-1/-1->1->0 [2] 2/-1/-1->1->0 [3] 2/-1/-1->1->0 [4] 2/-1/-1->1->0 [5] 2/-1/-1->1->0 [6] 2/-1/-1->1->0 [7] 2/-1/-1->1->0 [8] 2/-1/-1->1->0 [9] 2/-1/-1->1->0 [10] 2/-1/-1->1->0 [11] 2/-1/-1->1->0 [12] 2/-1/-1->1->0 [13] 2/-1/-1->1->0 [14] 2/-1/-1->1->0 [15] 2/-1/-1->1->0
bddx-inf-sci-k8s-a800-03849:1346775:1347774 [0] NCCL INFO Ring 00 : 7 -> 0 -> 1
bddx-inf-sci-k8s-a800-03849:1346776:1347771 [1] NCCL INFO P2P Chunksize set to 524288
bddx-inf-sci-k8s-a800-03849:1346775:1347774 [0] NCCL INFO Ring 01 : 7 -> 0 -> 1
bddx-inf-sci-k8s-a800-03849:1346775:1347774 [0] NCCL INFO Ring 02 : 7 -> 0 -> 1
bddx-inf-sci-k8s-a800-03849:1346775:1347774 [0] NCCL INFO Ring 03 : 7 -> 0 -> 1
bddx-inf-sci-k8s-a800-03849:1346775:1347774 [0] NCCL INFO Ring 04 : 7 -> 0 -> 1
bddx-inf-sci-k8s-a800-03849:1346775:1347774 [0] NCCL INFO Ring 05 : 7 -> 0 -> 1
bddx-inf-sci-k8s-a800-03849:1346775:1347774 [0] NCCL INFO Ring 06 : 7 -> 0 -> 1
bddx-inf-sci-k8s-a800-03849:1346775:1347774 [0] NCCL INFO Ring 07 : 7 -> 0 -> 1
bddx-inf-sci-k8s-a800-03849:1346775:1347774 [0] NCCL INFO Ring 08 : 7 -> 0 -> 1
bddx-inf-sci-k8s-a800-03849:1346775:1347774 [0] NCCL INFO Ring 09 : 7 -> 0 -> 1
bddx-inf-sci-k8s-a800-03849:1346775:1347774 [0] NCCL INFO Ring 10 : 7 -> 0 -> 1
bddx-inf-sci-k8s-a800-03849:1346775:1347774 [0] NCCL INFO Ring 11 : 7 -> 0 -> 1
bddx-inf-sci-k8s-a800-03849:1346775:1347774 [0] NCCL INFO Ring 12 : 7 -> 0 -> 1
bddx-inf-sci-k8s-a800-03849:1346775:1347774 [0] NCCL INFO Ring 13 : 7 -> 0 -> 1
bddx-inf-sci-k8s-a800-03849:1346775:1347774 [0] NCCL INFO Ring 14 : 7 -> 0 -> 1
bddx-inf-sci-k8s-a800-03849:1346775:1347774 [0] NCCL INFO Ring 15 : 7 -> 0 -> 1
bddx-inf-sci-k8s-a800-03849:1346775:1347774 [0] NCCL INFO Trees [0] 1/-1/-1->0->-1 [1] 1/-1/-1->0->-1 [2] 1/-1/-1->0->-1 [3] 1/-1/-1->0->-1 [4] 1/-1/-1->0->-1 [5] 1/-1/-1->0->-1 [6] 1/-1/-1->0->-1 [7] 1/-1/-1->0->-1 [8] 1/-1/-1->0->-1 [9] 1/-1/-1->0->-1 [10] 1/-1/-1->0->-1 [11] 1/-1/-1->0->-1 [12] 1/-1/-1->0->-1 [13] 1/-1/-1->0->-1 [14] 1/-1/-1->0->-1 [15] 1/-1/-1->0->-1
bddx-inf-sci-k8s-a800-03849:1346775:1347774 [0] NCCL INFO P2P Chunksize set to 524288
bddx-inf-sci-k8s-a800-03849:1346778:1347770 [3] NCCL INFO PROFILER/Plugin: Could not find: libnccl-profiler.so. 
bddx-inf-sci-k8s-a800-03849:1346779:1347773 [4] NCCL INFO PROFILER/Plugin: Could not find: libnccl-profiler.so. 
bddx-inf-sci-k8s-a800-03849:1346782:1347767 [7] NCCL INFO PROFILER/Plugin: Could not find: libnccl-profiler.so. 
bddx-inf-sci-k8s-a800-03849:1346780:1347772 [5] NCCL INFO PROFILER/Plugin: Could not find: libnccl-profiler.so. 
bddx-inf-sci-k8s-a800-03849:1346776:1347771 [1] NCCL INFO PROFILER/Plugin: Could not find: libnccl-profiler.so. 
bddx-inf-sci-k8s-a800-03849:1346777:1347768 [2] NCCL INFO PROFILER/Plugin: Could not find: libnccl-profiler.so. 
bddx-inf-sci-k8s-a800-03849:1346775:1347774 [0] NCCL INFO PROFILER/Plugin: Could not find: libnccl-profiler.so. 
bddx-inf-sci-k8s-a800-03849:1346775:1347774 [0] NCCL INFO Check P2P Type isAllDirectP2p 1 directMode 0
bddx-inf-sci-k8s-a800-03849:1346781:1347769 [6] NCCL INFO PROFILER/Plugin: Could not find: libnccl-profiler.so. 
bddx-inf-sci-k8s-a800-03849:1346776:1347851 [1] NCCL INFO [Proxy Service] Device 1 CPU core 70
bddx-inf-sci-k8s-a800-03849:1346775:1347855 [0] NCCL INFO [Proxy Service] Device 0 CPU core 15
bddx-inf-sci-k8s-a800-03849:1346782:1347850 [7] NCCL INFO [Proxy Service] Device 7 CPU core 44
bddx-inf-sci-k8s-a800-03849:1346776:1347856 [1] NCCL INFO [Proxy Service UDS] Device 1 CPU core 12
bddx-inf-sci-k8s-a800-03849:1346780:1347852 [5] NCCL INFO [Proxy Service] Device 5 CPU core 116
bddx-inf-sci-k8s-a800-03849:1346778:1347848 [3] NCCL INFO [Proxy Service] Device 3 CPU core 30
bddx-inf-sci-k8s-a800-03849:1346780:1347860 [5] NCCL INFO [Proxy Service UDS] Device 5 CPU core 97
bddx-inf-sci-k8s-a800-03849:1346775:1347862 [0] NCCL INFO [Proxy Service UDS] Device 0 CPU core 30
bddx-inf-sci-k8s-a800-03849:1346782:1347857 [7] NCCL INFO [Proxy Service UDS] Device 7 CPU core 102
bddx-inf-sci-k8s-a800-03849:1346779:1347849 [4] NCCL INFO [Proxy Service] Device 4 CPU core 43
bddx-inf-sci-k8s-a800-03849:1346777:1347861 [2] NCCL INFO [Proxy Service UDS] Device 2 CPU core 17
bddx-inf-sci-k8s-a800-03849:1346778:1347854 [3] NCCL INFO [Proxy Service UDS] Device 3 CPU core 71
bddx-inf-sci-k8s-a800-03849:1346781:1347858 [6] NCCL INFO [Proxy Service] Device 6 CPU core 42
bddx-inf-sci-k8s-a800-03849:1346779:1347859 [4] NCCL INFO [Proxy Service UDS] Device 4 CPU core 33
bddx-inf-sci-k8s-a800-03849:1346777:1347853 [2] NCCL INFO [Proxy Service] Device 2 CPU core 84
bddx-inf-sci-k8s-a800-03849:1346781:1347863 [6] NCCL INFO [Proxy Service UDS] Device 6 CPU core 109
bddx-inf-sci-k8s-a800-03849:1346776:1347771 [1] NCCL INFO threadThresholds 8/8/64 | 64/8/64 | 512 | 512
bddx-inf-sci-k8s-a800-03849:1346776:1347771 [1] NCCL INFO 16 coll channels, 16 collnet channels, 0 nvls channels, 16 p2p channels, 16 p2p channels per peer
bddx-inf-sci-k8s-a800-03849:1346782:1347767 [7] NCCL INFO threadThresholds 8/8/64 | 64/8/64 | 512 | 512
bddx-inf-sci-k8s-a800-03849:1346782:1347767 [7] NCCL INFO 16 coll channels, 16 collnet channels, 0 nvls channels, 16 p2p channels, 16 p2p channels per peer
bddx-inf-sci-k8s-a800-03849:1346780:1347772 [5] NCCL INFO threadThresholds 8/8/64 | 64/8/64 | 512 | 512
bddx-inf-sci-k8s-a800-03849:1346780:1347772 [5] NCCL INFO 16 coll channels, 16 collnet channels, 0 nvls channels, 16 p2p channels, 16 p2p channels per peer
bddx-inf-sci-k8s-a800-03849:1346775:1347774 [0] NCCL INFO threadThresholds 8/8/64 | 64/8/64 | 512 | 512
bddx-inf-sci-k8s-a800-03849:1346775:1347774 [0] NCCL INFO 16 coll channels, 16 collnet channels, 0 nvls channels, 16 p2p channels, 16 p2p channels per peer
bddx-inf-sci-k8s-a800-03849:1346779:1347773 [4] NCCL INFO threadThresholds 8/8/64 | 64/8/64 | 512 | 512
bddx-inf-sci-k8s-a800-03849:1346779:1347773 [4] NCCL INFO 16 coll channels, 16 collnet channels, 0 nvls channels, 16 p2p channels, 16 p2p channels per peer
bddx-inf-sci-k8s-a800-03849:1346781:1347769 [6] NCCL INFO threadThresholds 8/8/64 | 64/8/64 | 512 | 512
bddx-inf-sci-k8s-a800-03849:1346781:1347769 [6] NCCL INFO 16 coll channels, 16 collnet channels, 0 nvls channels, 16 p2p channels, 16 p2p channels per peer
bddx-inf-sci-k8s-a800-03849:1346775:1347774 [0] NCCL INFO CC Off, workFifoBytes 1048576
bddx-inf-sci-k8s-a800-03849:1346778:1347770 [3] NCCL INFO threadThresholds 8/8/64 | 64/8/64 | 512 | 512
bddx-inf-sci-k8s-a800-03849:1346778:1347770 [3] NCCL INFO 16 coll channels, 16 collnet channels, 0 nvls channels, 16 p2p channels, 16 p2p channels per peer
bddx-inf-sci-k8s-a800-03849:1346777:1347768 [2] NCCL INFO threadThresholds 8/8/64 | 64/8/64 | 512 | 512
bddx-inf-sci-k8s-a800-03849:1346777:1347768 [2] NCCL INFO 16 coll channels, 16 collnet channels, 0 nvls channels, 16 p2p channels, 16 p2p channels per peer
bddx-inf-sci-k8s-a800-03849:1346778:1347770 [3] NCCL INFO TUNER/Plugin: Could not find: libnccl-tuner.so. Using internal tuner plugin.
bddx-inf-sci-k8s-a800-03849:1346775:1347774 [0] NCCL INFO TUNER/Plugin: Could not find: libnccl-tuner.so. Using internal tuner plugin.
bddx-inf-sci-k8s-a800-03849:1346776:1347771 [1] NCCL INFO TUNER/Plugin: Could not find: libnccl-tuner.so. Using internal tuner plugin.
bddx-inf-sci-k8s-a800-03849:1346778:1347770 [3] NCCL INFO TUNER/Plugin: Failed to find ncclTunerPlugin_v4 symbol.
bddx-inf-sci-k8s-a800-03849:1346780:1347772 [5] NCCL INFO TUNER/Plugin: Could not find: libnccl-tuner.so. Using internal tuner plugin.
bddx-inf-sci-k8s-a800-03849:1346779:1347773 [4] NCCL INFO TUNER/Plugin: Could not find: libnccl-tuner.so. Using internal tuner plugin.
bddx-inf-sci-k8s-a800-03849:1346775:1347774 [0] NCCL INFO TUNER/Plugin: Failed to find ncclTunerPlugin_v4 symbol.
bddx-inf-sci-k8s-a800-03849:1346778:1347770 [3] NCCL INFO TUNER/Plugin: Failed to find ncclTunerPlugin_v3 symbol.
bddx-inf-sci-k8s-a800-03849:1346776:1347771 [1] NCCL INFO TUNER/Plugin: Failed to find ncclTunerPlugin_v4 symbol.
bddx-inf-sci-k8s-a800-03849:1346782:1347767 [7] NCCL INFO TUNER/Plugin: Could not find: libnccl-tuner.so. Using internal tuner plugin.
bddx-inf-sci-k8s-a800-03849:1346780:1347772 [5] NCCL INFO TUNER/Plugin: Failed to find ncclTunerPlugin_v4 symbol.
bddx-inf-sci-k8s-a800-03849:1346775:1347774 [0] NCCL INFO TUNER/Plugin: Failed to find ncclTunerPlugin_v3 symbol.
bddx-inf-sci-k8s-a800-03849:1346781:1347769 [6] NCCL INFO TUNER/Plugin: Could not find: libnccl-tuner.so. Using internal tuner plugin.
bddx-inf-sci-k8s-a800-03849:1346778:1347770 [3] NCCL INFO TUNER/Plugin: Failed to find ncclTunerPlugin_v2 symbol, using internal tuner instead.
bddx-inf-sci-k8s-a800-03849:1346779:1347773 [4] NCCL INFO TUNER/Plugin: Failed to find ncclTunerPlugin_v4 symbol.
bddx-inf-sci-k8s-a800-03849:1346776:1347771 [1] NCCL INFO TUNER/Plugin: Failed to find ncclTunerPlugin_v3 symbol.
bddx-inf-sci-k8s-a800-03849:1346780:1347772 [5] NCCL INFO TUNER/Plugin: Failed to find ncclTunerPlugin_v3 symbol.
bddx-inf-sci-k8s-a800-03849:1346782:1347767 [7] NCCL INFO TUNER/Plugin: Failed to find ncclTunerPlugin_v4 symbol.
bddx-inf-sci-k8s-a800-03849:1346775:1347774 [0] NCCL INFO TUNER/Plugin: Failed to find ncclTunerPlugin_v2 symbol, using internal tuner instead.
bddx-inf-sci-k8s-a800-03849:1346778:1347770 [3] NCCL INFO ncclCommInitRankConfig comm 0x1255ce10 rank 3 nranks 8 cudaDev 3 nvmlDev 3 busId 4d000 commId 0x7715be32be087f76 - Init COMPLETE
bddx-inf-sci-k8s-a800-03849:1346781:1347769 [6] NCCL INFO TUNER/Plugin: Failed to find ncclTunerPlugin_v4 symbol.
bddx-inf-sci-k8s-a800-03849:1346779:1347773 [4] NCCL INFO TUNER/Plugin: Failed to find ncclTunerPlugin_v3 symbol.
bddx-inf-sci-k8s-a800-03849:1346776:1347771 [1] NCCL INFO TUNER/Plugin: Failed to find ncclTunerPlugin_v2 symbol, using internal tuner instead.
bddx-inf-sci-k8s-a800-03849:1346780:1347772 [5] NCCL INFO TUNER/Plugin: Failed to find ncclTunerPlugin_v2 symbol, using internal tuner instead.
bddx-inf-sci-k8s-a800-03849:1346782:1347767 [7] NCCL INFO TUNER/Plugin: Failed to find ncclTunerPlugin_v3 symbol.
bddx-inf-sci-k8s-a800-03849:1346775:1347774 [0] NCCL INFO ncclCommInitRankConfig comm 0x11ca6900 rank 0 nranks 8 cudaDev 0 nvmlDev 0 busId 12000 commId 0x7715be32be087f76 - Init COMPLETE
bddx-inf-sci-k8s-a800-03849:1346781:1347769 [6] NCCL INFO TUNER/Plugin: Failed to find ncclTunerPlugin_v3 symbol.
bddx-inf-sci-k8s-a800-03849:1346778:1347770 [3] NCCL INFO Init timings - ncclCommInitRankConfig: rank 3 nranks 8 total 0.44 (kernels 0.12, alloc 0.06, bootstrap 0.09, allgathers 0.00, topo 0.12, graphs 0.00, connections 0.04, rest 0.00)
bddx-inf-sci-k8s-a800-03849:1346779:1347773 [4] NCCL INFO TUNER/Plugin: Failed to find ncclTunerPlugin_v2 symbol, using internal tuner instead.
bddx-inf-sci-k8s-a800-03849:1346776:1347771 [1] NCCL INFO ncclCommInitRankConfig comm 0x1239dab0 rank 1 nranks 8 cudaDev 1 nvmlDev 1 busId 18000 commId 0x7715be32be087f76 - Init COMPLETE
bddx-inf-sci-k8s-a800-03849:1346780:1347772 [5] NCCL INFO ncclCommInitRankConfig comm 0x11fa8c30 rank 5 nranks 8 cudaDev 5 nvmlDev 5 busId 8e000 commId 0x7715be32be087f76 - Init COMPLETE
bddx-inf-sci-k8s-a800-03849:1346782:1347767 [7] NCCL INFO TUNER/Plugin: Failed to find ncclTunerPlugin_v2 symbol, using internal tuner instead.
bddx-inf-sci-k8s-a800-03849:1346777:1347768 [2] NCCL INFO TUNER/Plugin: Could not find: libnccl-tuner.so. Using internal tuner plugin.
bddx-inf-sci-k8s-a800-03849:1346781:1347769 [6] NCCL INFO TUNER/Plugin: Failed to find ncclTunerPlugin_v2 symbol, using internal tuner instead.
bddx-inf-sci-k8s-a800-03849:1346775:1347774 [0] NCCL INFO Init timings - ncclCommInitRankConfig: rank 0 nranks 8 total 0.40 (kernels 0.12, alloc 0.08, bootstrap 0.03, allgathers 0.00, topo 0.12, graphs 0.00, connections 0.04, rest 0.00)
bddx-inf-sci-k8s-a800-03849:1346779:1347773 [4] NCCL INFO ncclCommInitRankConfig comm 0x12145b70 rank 4 nranks 8 cudaDev 4 nvmlDev 4 busId 89000 commId 0x7715be32be087f76 - Init COMPLETE
bddx-inf-sci-k8s-a800-03849:1346776:1347771 [1] NCCL INFO Init timings - ncclCommInitRankConfig: rank 1 nranks 8 total 0.44 (kernels 0.12, alloc 0.12, bootstrap 0.03, allgathers 0.00, topo 0.12, graphs 0.00, connections 0.03, rest 0.01)
bddx-inf-sci-k8s-a800-03849:1346780:1347772 [5] NCCL INFO Init timings - ncclCommInitRankConfig: rank 5 nranks 8 total 0.44 (kernels 0.12, alloc 0.09, bootstrap 0.06, allgathers 0.00, topo 0.12, graphs 0.00, connections 0.04, rest 0.00)
bddx-inf-sci-k8s-a800-03849:1346782:1347767 [7] NCCL INFO ncclCommInitRankConfig comm 0x11c0d6d0 rank 7 nranks 8 cudaDev 7 nvmlDev 7 busId c9000 commId 0x7715be32be087f76 - Init COMPLETE
bddx-inf-sci-k8s-a800-03849:1346781:1347769 [6] NCCL INFO ncclCommInitRankConfig comm 0x11b123e0 rank 6 nranks 8 cudaDev 6 nvmlDev 6 busId c5000 commId 0x7715be32be087f76 - Init COMPLETE
bddx-inf-sci-k8s-a800-03849:1346777:1347768 [2] NCCL INFO TUNER/Plugin: Failed to find ncclTunerPlugin_v4 symbol.
bddx-inf-sci-k8s-a800-03849:1346779:1347773 [4] NCCL INFO Init timings - ncclCommInitRankConfig: rank 4 nranks 8 total 0.44 (kernels 0.12, alloc 0.07, bootstrap 0.08, allgathers 0.00, topo 0.12, graphs 0.00, connections 0.04, rest 0.00)
bddx-inf-sci-k8s-a800-03849:1346782:1347767 [7] NCCL INFO Init timings - ncclCommInitRankConfig: rank 7 nranks 8 total 0.45 (kernels 0.12, alloc 0.10, bootstrap 0.05, allgathers 0.00, topo 0.12, graphs 0.00, connections 0.03, rest 0.01)
bddx-inf-sci-k8s-a800-03849:1346777:1347768 [2] NCCL INFO TUNER/Plugin: Failed to find ncclTunerPlugin_v3 symbol.
bddx-inf-sci-k8s-a800-03849:1346781:1347769 [6] NCCL INFO Init timings - ncclCommInitRankConfig: rank 6 nranks 8 total 0.44 (kernels 0.12, alloc 0.07, bootstrap 0.07, allgathers 0.00, topo 0.13, graphs 0.00, connections 0.04, rest 0.00)
bddx-inf-sci-k8s-a800-03849:1346777:1347768 [2] NCCL INFO TUNER/Plugin: Failed to find ncclTunerPlugin_v2 symbol, using internal tuner instead.
bddx-inf-sci-k8s-a800-03849:1346777:1347768 [2] NCCL INFO ncclCommInitRankConfig comm 0x132de130 rank 2 nranks 8 cudaDev 2 nvmlDev 2 busId 49000 commId 0x7715be32be087f76 - Init COMPLETE
bddx-inf-sci-k8s-a800-03849:1346777:1347768 [2] NCCL INFO Init timings - ncclCommInitRankConfig: rank 2 nranks 8 total 0.44 (kernels 0.12, alloc 0.08, bootstrap 0.07, allgathers 0.00, topo 0.12, graphs 0.00, connections 0.04, rest 0.00)
INFO:loongforge.embodied.train.utils.utils:Using random seed 42.
INFO:loongforge.embodied.train.utils.utils:Using random seed 42.
INFO:loongforge.embodied.train.utils.utils:Using random seed 42.
INFO:loongforge.embodied.train.utils.utils:Using random seed 42.
INFO:loongforge.embodied.train.utils.utils:Using random seed 42.
INFO:loongforge.embodied.train.utils.utils:Using random seed 42.
INFO:loongforge.embodied.train.utils.utils:Using random seed 42.
INFO:loongforge.embodied.train.utils.utils:Using random seed 42.
2026-08-23 08:20:35 [INFO] 
------------------------ training training_args ------------------------
  activation_checkpoint_module_patterns ........... None
  activation_checkpoint_skip_modules .............. None
  adam_beta1 ...................................... 0.9
  adam_beta2 ...................................... 0.95
  adam_eps ........................................ 1e-08
  async_save ...................................... False
  batch_drop_last ................................. True
  check_for_nan_in_loss_and_grad .................. True
  clip_grad ....................................... 1.0
  config_file ..................................... None
  cuda_graph_ddp_sync_in_graph .................... False
  cuda_graph_grad_sync_bucket_mb .................. 200.0
  cuda_graph_grad_sync_dtype ...................... fp32
  cuda_graph_grad_sync_impl ....................... coalesced
  cuda_graph_impl ................................. none
  cuda_graph_pad_length ........................... None
  cuda_graph_scope ................................ full_iteration
  cuda_graph_warmup_steps ......................... 3
  cudnn_benchmark ................................. False
  data_root_dir ................................... None
  dataloader_multiprocessing_context .............. None
  dataloader_seed_workers ......................... False
  dataset_format .................................. lerobot_datasets
  dataset_path .................................... /raid0/fastwam/vla_artifacts/pi05/datasets/libero
  dataset_strategy ................................ default
  ddp_batched_grad_copy ........................... False
  ddp_broadcast_buffers ........................... True
  ddp_bucket_cap_mb ............................... None
  ddp_bucket_cap_mb_list .......................... None
  ddp_comm_hook ................................... powersgd_plus_hook
  ddp_comm_hook_logging ........................... False
  ddp_dynamic_powersgd_adapt_interval ............. 5
  ddp_dynamic_powersgd_high_rank .................. 4
  ddp_dynamic_powersgd_low_rank ................... 1
  ddp_dynamic_powersgd_relative_change_threshold .. 0.1
  ddp_find_unused_parameters ...................... True
  ddp_gradient_as_bucket_view ..................... True
  ddp_init_sync ................................... True
  ddp_layerwise_powersgd_candidate_ranks .......... 1,2,4,8,16
  ddp_layerwise_powersgd_log_tensor_stats ......... False
  ddp_layerwise_powersgd_power_iterations ......... 2
  ddp_layerwise_powersgd_refresh_period ........... 50
  ddp_layerwise_powersgd_relative_error ........... 0.1
  ddp_layerwise_powersgd_uncompressed_patterns .... 
  ddp_powersgd_global_step_offset ................. 100
  ddp_powersgd_lr_high_rank ....................... 2
  ddp_powersgd_lr_high_rank_end_step .............. 452
  ddp_powersgd_matrix_approximation_rank .......... 1
  ddp_powersgd_min_compression_rate ............... 4.0
  ddp_powersgd_period_schedule .................... 300-452:25,453-734:50,735-1000:100
  ddp_powersgd_plus_restart_method ................ approximate
  ddp_powersgd_plus_restart_period ................ 50
  ddp_powersgd_scheduled_start_step ............... 300
  ddp_powersgd_start_iter ......................... 199
  ddp_powersgd_window_ranges ...................... 
  ddp_separate_compression_ratio .................. 16.0
  ddp_separate_error_feedback_beta ................ 0.95
  ddp_separate_error_reset_interval ............... 128
  ddp_skip_all_reduce_unused_params ............... False
  ddp_static_graph ................................ True
  detail_log_interval ............................. 20
  deterministic_mode .............................. False
  disable_tf32 .................................... False
  distributed_sampler_mode ........................ cyclic
  distributed_strategy ............................ ddp
  dtype ........................................... bfloat16
  dynamo_optimize_ddp ............................. False
  freeze_modules .................................. 
  fsdp_backward_prefetch_distance ................. 0
  fsdp_cast_forward_inputs ........................ True
  fsdp_forward_prefetch_distance .................. 0
  fsdp_leftover_min_num_params .................... 1000000
  fsdp_min_num_params ............................. 1000000
  fsdp_no_wrap_modules ............................ None
  fsdp_original_param_dtype ....................... None
  fsdp_reduce_dtype ............................... fp32
  fsdp_reshard_default ............................ None
  fsdp_reshard_module_overrides ................... None
  fsdp_reshard_root ............................... False
  fsdp_unsharded_param_dtype ...................... None
  fsdp_wrap_modules ............................... None
  gradient_accumulation_steps ..................... 1
  hsdp_shard_size ................................. None
  init_on_meta .................................... False
  lambda_cycle_length ............................. 10000
  lambda_f_max .................................... 0.4
  lambda_f_min .................................... 0.0
  lambda_f_start .................................. 0.0
  lerobotdataset_version .......................... v3.0
  log_interval .................................... 1
  lora_alpha ...................................... 32
  lora_bias ....................................... none
  lora_dropout .................................... 0.0
  lora_init ....................................... true
  lora_modules_to_save ............................ None
  lora_r .......................................... 16
  lora_target_modules ............................. None
  loss_log_rank ................................... [-1]
  loss_spike_threshold ............................ 100.0
  lr_base ......................................... 2.5e-05
  lr_decay_iters .................................. 1000
  lr_decay_style .................................. cosine_with_min_lr
  lr_end .......................................... 1e-07
  lr_group ........................................ None
  lr_warmup_iters ................................. 10
  manual_gc ....................................... False
  manual_gc_interval .............................. 0
  min_lr .......................................... 1e-06
  model_name ...................................... pi05
  num_cycles ...................................... 1.0
  num_samples ..................................... 100
  num_workers ..................................... 4
  optimizer ....................................... AdamW
  output_dir ...................................... /raid0/fastwam/experiments/pi05_powersgd_plus_ablation_start300_a800_100_1000_v1/attempts/standard_powersgd_plus_start300/attempt_1/standard_powersgd_plus_start300
  per_device_batch_size ........................... 12
  polynomial_power ................................ 1.0
  pretrained_checkpoint ........................... /raid0/fastwam/vla_artifacts/pi05/models/pi05_base
  profile_output_dir .............................. None
  profile_ranks ................................... [0]
  profile_step_end ................................ 12
  profile_step_start .............................. 10
  resume .......................................... True
  robot_type ...................................... libero_franka
  sampler_shuffle ................................. True
  save_format ..................................... dcp
  save_interval ................................... 0
  save_lr_thresholds .............................. 
  save_steps ...................................... 
  save_training_state ............................. True
  seed ............................................ 42
  set_seed_by_rank ................................ False
  split ........................................... train
  streaming ....................................... False
  task_name ....................................... perform the task
  tensorboard_dir ................................. /raid0/fastwam/experiments/pi05_powersgd_plus_ablation_start300_a800_100_1000_v1/attempts/standard_powersgd_plus_start300/attempt_1/standard_powersgd_plus_start300/tensorboard
  tensorboard_queue_size .......................... 1000
  timing_log_level ................................ 0
  tokenizer_path .................................. /raid0/fastwam/vla_artifacts/pi05/tokenizers/paligemma-3b-pt-224
  train_iters ..................................... 1000
  trainer_type .................................... FinetuneTrainer
  use_lora ........................................ False
  use_nsys_profiler ............................... False
  use_pytorch_profiler ............................ False
  video_backend ................................... torchcodec
  wandb_mode ...................................... disabled
  wandb_project ................................... loongforge-vla
  weight_decay .................................... 0.01
  weight_decay_grouping ........................... all
  zero_master_param_dtype ......................... none
  zero_optimizer .................................. True
  zero_parameters_as_bucket_view .................. True
-------------------- end of training training_args ---------------------
2026-08-23 08:20:35 [INFO] 
------------------------ model config ------------------------
  action_dim ...................................... 7
  action_horizon .................................. 50
  compile_dynamic ................................. False
  compile_fullgraph ............................... True
  compile_mode .................................... max-autotune
  compile_model ................................... False
  compile_scope ................................... multi_group
  freeze_vision_encoder ........................... False
  gradient_checkpointing .......................... False
  max_action_dim .................................. 32
  max_state_dim ................................... 32
  model_type ...................................... pi05
  state_dim ....................................... 7
  train_expert_only ............................... False
-------------------- end of model config ---------------------
2026-08-23 08:20:35 [INFO] 
------------------------ data config ------------------------
  action_apply_to ................................. ['action']
  action_padding_strategy ......................... zero
  action_transform_horizon ........................ None
  action_transform_max_action_dim ................. None
  action_use_statistics ........................... True
  image_mask ...................................... None
  image_normalize_mode ............................ identity
  image_resize_strategy ........................... resize_with_pad
  image_size ...................................... 224
  max_token_len ................................... 200
  normalization_mode .............................. q99
  num_images ...................................... 2
  observation_delta_indices ....................... None
  use_action_transform ............................ True
  use_image_transform ............................. True
-------------------- end of data config ---------------------
2026-08-23 08:20:35 [INFO] TensorBoard enabled: /raid0/fastwam/experiments/pi05_powersgd_plus_ablation_start300_a800_100_1000_v1/attempts/standard_powersgd_plus_start300/attempt_1/standard_powersgd_plus_start300/tensorboard
2026-08-23 08:20:35 [INFO] [model] start building model: model_type=pi05, class=Pi05ModelConfig
bddx-inf-sci-k8s-a800-03849:1346779:1348260 [4] NCCL INFO Channel 00/0 : 4[4] -> 5[5] via P2P/CUMEM/read
bddx-inf-sci-k8s-a800-03849:1346779:1348260 [4] NCCL INFO Channel 01/0 : 4[4] -> 5[5] via P2P/CUMEM/read
bddx-inf-sci-k8s-a800-03849:1346779:1348260 [4] NCCL INFO Channel 02/0 : 4[4] -> 5[5] via P2P/CUMEM/read
bddx-inf-sci-k8s-a800-03849:1346779:1348260 [4] NCCL INFO Channel 03/0 : 4[4] -> 5[5] via P2P/CUMEM/read
bddx-inf-sci-k8s-a800-03849:1346779:1348260 [4] NCCL INFO Channel 04/0 : 4[4] -> 5[5] via P2P/CUMEM/read
bddx-inf-sci-k8s-a800-03849:1346779:1348260 [4] NCCL INFO Channel 05/0 : 4[4] -> 5[5] via P2P/CUMEM/read
bddx-inf-sci-k8s-a800-03849:1346779:1348260 [4] NCCL INFO Channel 06/0 : 4[4] -> 5[5] via P2P/CUMEM/read
bddx-inf-sci-k8s-a800-03849:1346779:1348260 [4] NCCL INFO Channel 07/0 : 4[4] -> 5[5] via P2P/CUMEM/read
bddx-inf-sci-k8s-a800-03849:1346779:1348260 [4] NCCL INFO Channel 08/0 : 4[4] -> 5[5] via P2P/CUMEM/read
bddx-inf-sci-k8s-a800-03849:1346779:1348260 [4] NCCL INFO Channel 09/0 : 4[4] -> 5[5] via P2P/CUMEM/read
bddx-inf-sci-k8s-a800-03849:1346779:1348260 [4] NCCL INFO Channel 10/0 : 4[4] -> 5[5] via P2P/CUMEM/read
bddx-inf-sci-k8s-a800-03849:1346779:1348260 [4] NCCL INFO Channel 11/0 : 4[4] -> 5[5] via P2P/CUMEM/read
bddx-inf-sci-k8s-a800-03849:1346779:1348260 [4] NCCL INFO Channel 12/0 : 4[4] -> 5[5] via P2P/CUMEM/read
bddx-inf-sci-k8s-a800-03849:1346779:1348260 [4] NCCL INFO Channel 13/0 : 4[4] -> 5[5] via P2P/CUMEM/read
bddx-inf-sci-k8s-a800-03849:1346779:1348260 [4] NCCL INFO Channel 14/0 : 4[4] -> 5[5] via P2P/CUMEM/read
bddx-inf-sci-k8s-a800-03849:1346779:1348260 [4] NCCL INFO Channel 15/0 : 4[4] -> 5[5] via P2P/CUMEM/read
2026-08-23 08:22:58 [INFO] [model] model built in 142.20s
2026-08-23 08:22:58 [INFO] [ckpt] resume requested: dir==/raid0/fastwam/experiments/pi05_powersgd_plus_ablation_start300_a800_100_1000_v1/attempts/standard_powersgd_plus_start300/attempt_1/standard_powersgd_plus_start300/checkpoints/steps_100
2026-08-23 08:22:58 [INFO] resume: detected DCP checkpoint at /raid0/fastwam/experiments/pi05_powersgd_plus_ablation_start300_a800_100_1000_v1/attempts/standard_powersgd_plus_start300/attempt_1/standard_powersgd_plus_start300/checkpoints/steps_100 — deferring weight load until after wrap_model.
2026-08-23 08:22:58 [INFO] Resumed model weights from step 100
2026-08-23 08:22:58 [INFO] [ckpt] resume done in 0.00s
2026-08-23 08:22:58 [INFO] [wrap_model] wrap_model: strategy=ddp, dtype=bfloat16
bddx-inf-sci-k8s-a800-03849:1346780:1348262 [5] NCCL INFO Channel 00/0 : 5[5] -> 6[6] via P2P/CUMEM/read
bddx-inf-sci-k8s-a800-03849:1346780:1348262 [5] NCCL INFO Channel 01/0 : 5[5] -> 6[6] via P2P/CUMEM/read
bddx-inf-sci-k8s-a800-03849:1346780:1348262 [5] NCCL INFO Channel 02/0 : 5[5] -> 6[6] via P2P/CUMEM/read
bddx-inf-sci-k8s-a800-03849:1346780:1348262 [5] NCCL INFO Channel 03/0 : 5[5] -> 6[6] via P2P/CUMEM/read
bddx-inf-sci-k8s-a800-03849:1346780:1348262 [5] NCCL INFO Channel 04/0 : 5[5] -> 6[6] via P2P/CUMEM/read
bddx-inf-sci-k8s-a800-03849:1346780:1348262 [5] NCCL INFO Channel 05/0 : 5[5] -> 6[6] via P2P/CUMEM/read
bddx-inf-sci-k8s-a800-03849:1346780:1348262 [5] NCCL INFO Channel 06/0 : 5[5] -> 6[6] via P2P/CUMEM/read
bddx-inf-sci-k8s-a800-03849:1346780:1348262 [5] NCCL INFO Channel 07/0 : 5[5] -> 6[6] via P2P/CUMEM/read
bddx-inf-sci-k8s-a800-03849:1346780:1348262 [5] NCCL INFO Channel 08/0 : 5[5] -> 6[6] via P2P/CUMEM/read
bddx-inf-sci-k8s-a800-03849:1346780:1348262 [5] NCCL INFO Channel 09/0 : 5[5] -> 6[6] via P2P/CUMEM/read
bddx-inf-sci-k8s-a800-03849:1346780:1348262 [5] NCCL INFO Channel 10/0 : 5[5] -> 6[6] via P2P/CUMEM/read
bddx-inf-sci-k8s-a800-03849:1346780:1348262 [5] NCCL INFO Channel 11/0 : 5[5] -> 6[6] via P2P/CUMEM/read
bddx-inf-sci-k8s-a800-03849:1346780:1348262 [5] NCCL INFO Channel 12/0 : 5[5] -> 6[6] via P2P/CUMEM/read
bddx-inf-sci-k8s-a800-03849:1346780:1348262 [5] NCCL INFO Channel 13/0 : 5[5] -> 6[6] via P2P/CUMEM/read
bddx-inf-sci-k8s-a800-03849:1346780:1348262 [5] NCCL INFO Channel 14/0 : 5[5] -> 6[6] via P2P/CUMEM/read
bddx-inf-sci-k8s-a800-03849:1346780:1348262 [5] NCCL INFO Channel 15/0 : 5[5] -> 6[6] via P2P/CUMEM/read
bddx-inf-sci-k8s-a800-03849:1346777:1348263 [2] NCCL INFO Channel 00/0 : 2[2] -> 3[3] via P2P/CUMEM/read
bddx-inf-sci-k8s-a800-03849:1346777:1348263 [2] NCCL INFO Channel 01/0 : 2[2] -> 3[3] via P2P/CUMEM/read
bddx-inf-sci-k8s-a800-03849:1346777:1348263 [2] NCCL INFO Channel 02/0 : 2[2] -> 3[3] via P2P/CUMEM/read
bddx-inf-sci-k8s-a800-03849:1346777:1348263 [2] NCCL INFO Channel 03/0 : 2[2] -> 3[3] via P2P/CUMEM/read
bddx-inf-sci-k8s-a800-03849:1346777:1348263 [2] NCCL INFO Channel 04/0 : 2[2] -> 3[3] via P2P/CUMEM/read
bddx-inf-sci-k8s-a800-03849:1346777:1348263 [2] NCCL INFO Channel 05/0 : 2[2] -> 3[3] via P2P/CUMEM/read
bddx-inf-sci-k8s-a800-03849:1346777:1348263 [2] NCCL INFO Channel 06/0 : 2[2] -> 3[3] via P2P/CUMEM/read
bddx-inf-sci-k8s-a800-03849:1346777:1348263 [2] NCCL INFO Channel 07/0 : 2[2] -> 3[3] via P2P/CUMEM/read
bddx-inf-sci-k8s-a800-03849:1346777:1348263 [2] NCCL INFO Channel 08/0 : 2[2] -> 3[3] via P2P/CUMEM/read
bddx-inf-sci-k8s-a800-03849:1346777:1348263 [2] NCCL INFO Channel 09/0 : 2[2] -> 3[3] via P2P/CUMEM/read
bddx-inf-sci-k8s-a800-03849:1346777:1348263 [2] NCCL INFO Channel 10/0 : 2[2] -> 3[3] via P2P/CUMEM/read
bddx-inf-sci-k8s-a800-03849:1346777:1348263 [2] NCCL INFO Channel 11/0 : 2[2] -> 3[3] via P2P/CUMEM/read
bddx-inf-sci-k8s-a800-03849:1346777:1348263 [2] NCCL INFO Channel 12/0 : 2[2] -> 3[3] via P2P/CUMEM/read
bddx-inf-sci-k8s-a800-03849:1346777:1348263 [2] NCCL INFO Channel 13/0 : 2[2] -> 3[3] via P2P/CUMEM/read
bddx-inf-sci-k8s-a800-03849:1346777:1348263 [2] NCCL INFO Channel 14/0 : 2[2] -> 3[3] via P2P/CUMEM/read
bddx-inf-sci-k8s-a800-03849:1346777:1348263 [2] NCCL INFO Channel 15/0 : 2[2] -> 3[3] via P2P/CUMEM/read
bddx-inf-sci-k8s-a800-03849:1346781:1348265 [6] NCCL INFO Channel 00/0 : 6[6] -> 7[7] via P2P/CUMEM/read
bddx-inf-sci-k8s-a800-03849:1346781:1348265 [6] NCCL INFO Channel 01/0 : 6[6] -> 7[7] via P2P/CUMEM/read
bddx-inf-sci-k8s-a800-03849:1346781:1348265 [6] NCCL INFO Channel 02/0 : 6[6] -> 7[7] via P2P/CUMEM/read
bddx-inf-sci-k8s-a800-03849:1346781:1348265 [6] NCCL INFO Channel 03/0 : 6[6] -> 7[7] via P2P/CUMEM/read
bddx-inf-sci-k8s-a800-03849:1346781:1348265 [6] NCCL INFO Channel 04/0 : 6[6] -> 7[7] via P2P/CUMEM/read
bddx-inf-sci-k8s-a800-03849:1346781:1348265 [6] NCCL INFO Channel 05/0 : 6[6] -> 7[7] via P2P/CUMEM/read
bddx-inf-sci-k8s-a800-03849:1346781:1348265 [6] NCCL INFO Channel 06/0 : 6[6] -> 7[7] via P2P/CUMEM/read
bddx-inf-sci-k8s-a800-03849:1346781:1348265 [6] NCCL INFO Channel 07/0 : 6[6] -> 7[7] via P2P/CUMEM/read
bddx-inf-sci-k8s-a800-03849:1346781:1348265 [6] NCCL INFO Channel 08/0 : 6[6] -> 7[7] via P2P/CUMEM/read
bddx-inf-sci-k8s-a800-03849:1346781:1348265 [6] NCCL INFO Channel 09/0 : 6[6] -> 7[7] via P2P/CUMEM/read
bddx-inf-sci-k8s-a800-03849:1346781:1348265 [6] NCCL INFO Channel 10/0 : 6[6] -> 7[7] via P2P/CUMEM/read
bddx-inf-sci-k8s-a800-03849:1346781:1348265 [6] NCCL INFO Channel 11/0 : 6[6] -> 7[7] via P2P/CUMEM/read
bddx-inf-sci-k8s-a800-03849:1346781:1348265 [6] NCCL INFO Channel 12/0 : 6[6] -> 7[7] via P2P/CUMEM/read
bddx-inf-sci-k8s-a800-03849:1346781:1348265 [6] NCCL INFO Channel 13/0 : 6[6] -> 7[7] via P2P/CUMEM/read
bddx-inf-sci-k8s-a800-03849:1346781:1348265 [6] NCCL INFO Channel 14/0 : 6[6] -> 7[7] via P2P/CUMEM/read
bddx-inf-sci-k8s-a800-03849:1346781:1348265 [6] NCCL INFO Channel 15/0 : 6[6] -> 7[7] via P2P/CUMEM/read
bddx-inf-sci-k8s-a800-03849:1346778:1348266 [3] NCCL INFO Channel 00/0 : 3[3] -> 4[4] via P2P/CUMEM/read
bddx-inf-sci-k8s-a800-03849:1346778:1348266 [3] NCCL INFO Channel 01/0 : 3[3] -> 4[4] via P2P/CUMEM/read
bddx-inf-sci-k8s-a800-03849:1346778:1348266 [3] NCCL INFO Channel 02/0 : 3[3] -> 4[4] via P2P/CUMEM/read
bddx-inf-sci-k8s-a800-03849:1346778:1348266 [3] NCCL INFO Channel 03/0 : 3[3] -> 4[4] via P2P/CUMEM/read
bddx-inf-sci-k8s-a800-03849:1346778:1348266 [3] NCCL INFO Channel 04/0 : 3[3] -> 4[4] via P2P/CUMEM/read
bddx-inf-sci-k8s-a800-03849:1346778:1348266 [3] NCCL INFO Channel 05/0 : 3[3] -> 4[4] via P2P/CUMEM/read
bddx-inf-sci-k8s-a800-03849:1346778:1348266 [3] NCCL INFO Channel 06/0 : 3[3] -> 4[4] via P2P/CUMEM/read
bddx-inf-sci-k8s-a800-03849:1346778:1348266 [3] NCCL INFO Channel 07/0 : 3[3] -> 4[4] via P2P/CUMEM/read
bddx-inf-sci-k8s-a800-03849:1346778:1348266 [3] NCCL INFO Channel 08/0 : 3[3] -> 4[4] via P2P/CUMEM/read
bddx-inf-sci-k8s-a800-03849:1346778:1348266 [3] NCCL INFO Channel 09/0 : 3[3] -> 4[4] via P2P/CUMEM/read
bddx-inf-sci-k8s-a800-03849:1346778:1348266 [3] NCCL INFO Channel 10/0 : 3[3] -> 4[4] via P2P/CUMEM/read
bddx-inf-sci-k8s-a800-03849:1346778:1348266 [3] NCCL INFO Channel 11/0 : 3[3] -> 4[4] via P2P/CUMEM/read
bddx-inf-sci-k8s-a800-03849:1346778:1348266 [3] NCCL INFO Channel 12/0 : 3[3] -> 4[4] via P2P/CUMEM/read
bddx-inf-sci-k8s-a800-03849:1346778:1348266 [3] NCCL INFO Channel 13/0 : 3[3] -> 4[4] via P2P/CUMEM/read
bddx-inf-sci-k8s-a800-03849:1346778:1348266 [3] NCCL INFO Channel 14/0 : 3[3] -> 4[4] via P2P/CUMEM/read
bddx-inf-sci-k8s-a800-03849:1346778:1348266 [3] NCCL INFO Channel 15/0 : 3[3] -> 4[4] via P2P/CUMEM/read
bddx-inf-sci-k8s-a800-03849:1346776:1348267 [1] NCCL INFO Channel 00/0 : 1[1] -> 2[2] via P2P/CUMEM/read
bddx-inf-sci-k8s-a800-03849:1346776:1348267 [1] NCCL INFO Channel 01/0 : 1[1] -> 2[2] via P2P/CUMEM/read
bddx-inf-sci-k8s-a800-03849:1346776:1348267 [1] NCCL INFO Channel 02/0 : 1[1] -> 2[2] via P2P/CUMEM/read
bddx-inf-sci-k8s-a800-03849:1346776:1348267 [1] NCCL INFO Channel 03/0 : 1[1] -> 2[2] via P2P/CUMEM/read
bddx-inf-sci-k8s-a800-03849:1346776:1348267 [1] NCCL INFO Channel 04/0 : 1[1] -> 2[2] via P2P/CUMEM/read
bddx-inf-sci-k8s-a800-03849:1346776:1348267 [1] NCCL INFO Channel 05/0 : 1[1] -> 2[2] via P2P/CUMEM/read
bddx-inf-sci-k8s-a800-03849:1346776:1348267 [1] NCCL INFO Channel 06/0 : 1[1] -> 2[2] via P2P/CUMEM/read
bddx-inf-sci-k8s-a800-03849:1346776:1348267 [1] NCCL INFO Channel 07/0 : 1[1] -> 2[2] via P2P/CUMEM/read
bddx-inf-sci-k8s-a800-03849:1346776:1348267 [1] NCCL INFO Channel 08/0 : 1[1] -> 2[2] via P2P/CUMEM/read
bddx-inf-sci-k8s-a800-03849:1346776:1348267 [1] NCCL INFO Channel 09/0 : 1[1] -> 2[2] via P2P/CUMEM/read
bddx-inf-sci-k8s-a800-03849:1346776:1348267 [1] NCCL INFO Channel 10/0 : 1[1] -> 2[2] via P2P/CUMEM/read
bddx-inf-sci-k8s-a800-03849:1346776:1348267 [1] NCCL INFO Channel 11/0 : 1[1] -> 2[2] via P2P/CUMEM/read
bddx-inf-sci-k8s-a800-03849:1346776:1348267 [1] NCCL INFO Channel 12/0 : 1[1] -> 2[2] via P2P/CUMEM/read
bddx-inf-sci-k8s-a800-03849:1346776:1348267 [1] NCCL INFO Channel 13/0 : 1[1] -> 2[2] via P2P/CUMEM/read
bddx-inf-sci-k8s-a800-03849:1346776:1348267 [1] NCCL INFO Channel 14/0 : 1[1] -> 2[2] via P2P/CUMEM/read
bddx-inf-sci-k8s-a800-03849:1346776:1348267 [1] NCCL INFO Channel 15/0 : 1[1] -> 2[2] via P2P/CUMEM/read
bddx-inf-sci-k8s-a800-03849:1346775:1348268 [0] NCCL INFO Channel 00/0 : 0[0] -> 1[1] via P2P/CUMEM/read
bddx-inf-sci-k8s-a800-03849:1346775:1348268 [0] NCCL INFO Channel 01/0 : 0[0] -> 1[1] via P2P/CUMEM/read
bddx-inf-sci-k8s-a800-03849:1346775:1348268 [0] NCCL INFO Channel 02/0 : 0[0] -> 1[1] via P2P/CUMEM/read
bddx-inf-sci-k8s-a800-03849:1346775:1348268 [0] NCCL INFO Channel 03/0 : 0[0] -> 1[1] via P2P/CUMEM/read
bddx-inf-sci-k8s-a800-03849:1346775:1348268 [0] NCCL INFO Channel 04/0 : 0[0] -> 1[1] via P2P/CUMEM/read
bddx-inf-sci-k8s-a800-03849:1346775:1348268 [0] NCCL INFO Channel 05/0 : 0[0] -> 1[1] via P2P/CUMEM/read
bddx-inf-sci-k8s-a800-03849:1346775:1348268 [0] NCCL INFO Channel 06/0 : 0[0] -> 1[1] via P2P/CUMEM/read
bddx-inf-sci-k8s-a800-03849:1346775:1348268 [0] NCCL INFO Channel 07/0 : 0[0] -> 1[1] via P2P/CUMEM/read
bddx-inf-sci-k8s-a800-03849:1346775:1348268 [0] NCCL INFO Channel 08/0 : 0[0] -> 1[1] via P2P/CUMEM/read
bddx-inf-sci-k8s-a800-03849:1346775:1348268 [0] NCCL INFO Channel 09/0 : 0[0] -> 1[1] via P2P/CUMEM/read
bddx-inf-sci-k8s-a800-03849:1346775:1348268 [0] NCCL INFO Channel 10/0 : 0[0] -> 1[1] via P2P/CUMEM/read
bddx-inf-sci-k8s-a800-03849:1346775:1348268 [0] NCCL INFO Channel 11/0 : 0[0] -> 1[1] via P2P/CUMEM/read
bddx-inf-sci-k8s-a800-03849:1346775:1348268 [0] NCCL INFO Channel 12/0 : 0[0] -> 1[1] via P2P/CUMEM/read
bddx-inf-sci-k8s-a800-03849:1346775:1348268 [0] NCCL INFO Channel 13/0 : 0[0] -> 1[1] via P2P/CUMEM/read
bddx-inf-sci-k8s-a800-03849:1346775:1348268 [0] NCCL INFO Channel 14/0 : 0[0] -> 1[1] via P2P/CUMEM/read
bddx-inf-sci-k8s-a800-03849:1346775:1348268 [0] NCCL INFO Channel 15/0 : 0[0] -> 1[1] via P2P/CUMEM/read
bddx-inf-sci-k8s-a800-03849:1346782:1348272 [7] NCCL INFO Channel 00/0 : 7[7] -> 0[0] via P2P/CUMEM/read
bddx-inf-sci-k8s-a800-03849:1346782:1348272 [7] NCCL INFO Channel 01/0 : 7[7] -> 0[0] via P2P/CUMEM/read
bddx-inf-sci-k8s-a800-03849:1346782:1348272 [7] NCCL INFO Channel 02/0 : 7[7] -> 0[0] via P2P/CUMEM/read
bddx-inf-sci-k8s-a800-03849:1346782:1348272 [7] NCCL INFO Channel 03/0 : 7[7] -> 0[0] via P2P/CUMEM/read
bddx-inf-sci-k8s-a800-03849:1346782:1348272 [7] NCCL INFO Channel 04/0 : 7[7] -> 0[0] via P2P/CUMEM/read
bddx-inf-sci-k8s-a800-03849:1346782:1348272 [7] NCCL INFO Channel 05/0 : 7[7] -> 0[0] via P2P/CUMEM/read
bddx-inf-sci-k8s-a800-03849:1346782:1348272 [7] NCCL INFO Channel 06/0 : 7[7] -> 0[0] via P2P/CUMEM/read
bddx-inf-sci-k8s-a800-03849:1346782:1348272 [7] NCCL INFO Channel 07/0 : 7[7] -> 0[0] via P2P/CUMEM/read
bddx-inf-sci-k8s-a800-03849:1346782:1348272 [7] NCCL INFO Channel 08/0 : 7[7] -> 0[0] via P2P/CUMEM/read
bddx-inf-sci-k8s-a800-03849:1346782:1348272 [7] NCCL INFO Channel 09/0 : 7[7] -> 0[0] via P2P/CUMEM/read
bddx-inf-sci-k8s-a800-03849:1346782:1348272 [7] NCCL INFO Channel 10/0 : 7[7] -> 0[0] via P2P/CUMEM/read
bddx-inf-sci-k8s-a800-03849:1346782:1348272 [7] NCCL INFO Channel 11/0 : 7[7] -> 0[0] via P2P/CUMEM/read
bddx-inf-sci-k8s-a800-03849:1346782:1348272 [7] NCCL INFO Channel 12/0 : 7[7] -> 0[0] via P2P/CUMEM/read
bddx-inf-sci-k8s-a800-03849:1346782:1348272 [7] NCCL INFO Channel 13/0 : 7[7] -> 0[0] via P2P/CUMEM/read
bddx-inf-sci-k8s-a800-03849:1346782:1348272 [7] NCCL INFO Channel 14/0 : 7[7] -> 0[0] via P2P/CUMEM/read
bddx-inf-sci-k8s-a800-03849:1346782:1348272 [7] NCCL INFO Channel 15/0 : 7[7] -> 0[0] via P2P/CUMEM/read
bddx-inf-sci-k8s-a800-03849:1346780:1348262 [5] NCCL INFO Connected all rings, use ring PXN 0 GDR 1
bddx-inf-sci-k8s-a800-03849:1346776:1348267 [1] NCCL INFO Connected all rings, use ring PXN 0 GDR 1
bddx-inf-sci-k8s-a800-03849:1346781:1348265 [6] NCCL INFO Connected all rings, use ring PXN 0 GDR 1
bddx-inf-sci-k8s-a800-03849:1346775:1348268 [0] NCCL INFO Connected all rings, use ring PXN 0 GDR 1
bddx-inf-sci-k8s-a800-03849:1346782:1348272 [7] NCCL INFO Connected all rings, use ring PXN 0 GDR 1
bddx-inf-sci-k8s-a800-03849:1346777:1348263 [2] NCCL INFO Connected all rings, use ring PXN 0 GDR 1
bddx-inf-sci-k8s-a800-03849:1346778:1348266 [3] NCCL INFO Connected all rings, use ring PXN 0 GDR 1
bddx-inf-sci-k8s-a800-03849:1346779:1348260 [4] NCCL INFO Connected all rings, use ring PXN 0 GDR 1
/usr/local/lib/python3.12/dist-packages/torch/nn/parallel/distributed.py:2348: UserWarning: You passed find_unused_parameters=true to DistributedDataParallel, `_set_static_graph` will detect unused parameters automatically, so you do not need to set find_unused_parameters=true, just be sure these unused parameters will not change during training loop while calling `_set_static_graph`.
  warnings.warn(
/usr/local/lib/python3.12/dist-packages/torch/nn/parallel/distributed.py:2348: UserWarning: You passed find_unused_parameters=true to DistributedDataParallel, `_set_static_graph` will detect unused parameters automatically, so you do not need to set find_unused_parameters=true, just be sure these unused parameters will not change during training loop while calling `_set_static_graph`.
  warnings.warn(
/usr/local/lib/python3.12/dist-packages/torch/nn/parallel/distributed.py:2348: UserWarning: You passed find_unused_parameters=true to DistributedDataParallel, `_set_static_graph` will detect unused parameters automatically, so you do not need to set find_unused_parameters=true, just be sure these unused parameters will not change during training loop while calling `_set_static_graph`.
  warnings.warn(
2026-08-23 08:23:02 [INFO] [wrap_model] done in 4.59s
2026-08-23 08:23:02 [INFO] [optimizer] building optimizer
2026-08-23 08:23:02 [INFO] [LR Groups] Model modules (use paths below with --lr-group to set per-module LR):
  model                                                         (4143.4M trainable params)
    model.paligemma_with_expert                                   (4141.2M trainable params)
      model.paligemma_with_expert.paligemma                         (3450.0M trainable params)
      model.paligemma_with_expert.gemma_expert                      (691.3M trainable params)
    model.action_in_proj                                          (33.8K trainable params)
    model.action_out_proj                                         (32.8K trainable params)
    model.time_mlp_in                                             (1.0M trainable params)
    model.time_mlp_out                                            (1.0M trainable params)
2026-08-23 08:23:02 [INFO] [LR Groups] Model modules with LR assignment:
  model                                                         (4143.4M trainable params)  lr=2.50e-05
    model.paligemma_with_expert                                   (4141.2M trainable params)  lr=2.50e-05
      model.paligemma_with_expert.paligemma                         (3450.0M trainable params)  lr=2.50e-05
      model.paligemma_with_expert.gemma_expert                      (691.3M trainable params)  lr=2.50e-05
    model.action_in_proj                                          (33.8K trainable params)  lr=2.50e-05
    model.action_out_proj                                         (32.8K trainable params)  lr=2.50e-05
    model.time_mlp_in                                             (1.0M trainable params)  lr=2.50e-05
    model.time_mlp_out                                            (1.0M trainable params)  lr=2.50e-05
2026-08-23 08:23:02 [INFO] Optimizer trainable parameter dtypes: torch.bfloat16: 255 tensors/3609853952 elems, torch.float32: 558 tensors/533550864 elems
2026-08-23 08:23:02 [INFO] Mixed dtype params {torch.bfloat16, torch.float32}: using per-dtype ZeroRedundancyOptimizer
/usr/local/lib/python3.12/dist-packages/torch/nn/parallel/distributed.py:2348: UserWarning: You passed find_unused_parameters=true to DistributedDataParallel, `_set_static_graph` will detect unused parameters automatically, so you do not need to set find_unused_parameters=true, just be sure these unused parameters will not change during training loop while calling `_set_static_graph`.
  warnings.warn(
/usr/local/lib/python3.12/dist-packages/torch/nn/parallel/distributed.py:2348: UserWarning: You passed find_unused_parameters=true to DistributedDataParallel, `_set_static_graph` will detect unused parameters automatically, so you do not need to set find_unused_parameters=true, just be sure these unused parameters will not change during training loop while calling `_set_static_graph`.
  warnings.warn(
/usr/local/lib/python3.12/dist-packages/torch/nn/parallel/distributed.py:2348: UserWarning: You passed find_unused_parameters=true to DistributedDataParallel, `_set_static_graph` will detect unused parameters automatically, so you do not need to set find_unused_parameters=true, just be sure these unused parameters will not change during training loop while calling `_set_static_graph`.
  warnings.warn(
/usr/local/lib/python3.12/dist-packages/torch/nn/parallel/distributed.py:2348: UserWarning: You passed find_unused_parameters=true to DistributedDataParallel, `_set_static_graph` will detect unused parameters automatically, so you do not need to set find_unused_parameters=true, just be sure these unused parameters will not change during training loop while calling `_set_static_graph`.
  warnings.warn(
/usr/local/lib/python3.12/dist-packages/torch/nn/parallel/distributed.py:2348: UserWarning: You passed find_unused_parameters=true to DistributedDataParallel, `_set_static_graph` will detect unused parameters automatically, so you do not need to set find_unused_parameters=true, just be sure these unused parameters will not change during training loop while calling `_set_static_graph`.
  warnings.warn(
2026-08-23 08:23:02 [INFO] [optimizer] optimizer built in 0.17s
2026-08-23 08:23:02 [INFO] [ckpt] restoring optimizer/scheduler/RNG state from /raid0/fastwam/experiments/pi05_powersgd_plus_ablation_start300_a800_100_1000_v1/attempts/standard_powersgd_plus_start300/attempt_1/standard_powersgd_plus_start300/checkpoints/steps_100
2026-08-23 08:23:12 [INFO] model resumed via DCP (strict)
2026-08-23 08:23:14 [INFO] optimizer resumed from rank-local ZeRO state
2026-08-23 08:23:14 [INFO] scheduler resumed successfully
2026-08-23 08:23:14 [INFO] [ckpt] optimizer/scheduler/RNG state restored in 11.52s
2026-08-23 08:23:14 [INFO] [data] building dataloaders
2026-08-23 08:23:14 [INFO] Using video codec: libsvtav1
2026-08-23 08:23:14 [INFO] LeRobotV3Dataset: repo_id=libero, len=273465, action_horizon=50, fps=10.0, video_backend=torchcodec
2026-08-23 08:23:14 [INFO] Using preprocessor: pi05
2026-08-23 08:23:14 [INFO] Restored dataloader state: vla
2026-08-23 08:23:14 [INFO] [data] done in 0.42s
2026-08-23 08:23:14 [INFO] Parameters: 4143.4M total, 4143.4M trainable (100.0%)
2026-08-23 08:23:14 [INFO] Model: PI05Policy
/usr/local/lib/python3.12/dist-packages/torch/utils/cpp_extension.py:2407: UserWarning: TORCH_CUDA_ARCH_LIST is not set, all archs for visible cards are included for compilation. 
If this is not desired, please set os.environ['TORCH_CUDA_ARCH_LIST'].
  warnings.warn(
fused_indices_to_multihot has reached end of life. Please migrate to a non-experimental function.
/usr/local/lib/python3.12/dist-packages/torch/utils/cpp_extension.py:2407: UserWarning: TORCH_CUDA_ARCH_LIST is not set, all archs for visible cards are included for compilation. 
If this is not desired, please set os.environ['TORCH_CUDA_ARCH_LIST'].
  warnings.warn(
fused_indices_to_multihot has reached end of life. Please migrate to a non-experimental function.
/usr/local/lib/python3.12/dist-packages/torch/utils/cpp_extension.py:2407: UserWarning: TORCH_CUDA_ARCH_LIST is not set, all archs for visible cards are included for compilation. 
If this is not desired, please set os.environ['TORCH_CUDA_ARCH_LIST'].
  warnings.warn(
fused_indices_to_multihot has reached end of life. Please migrate to a non-experimental function.
/usr/local/lib/python3.12/dist-packages/torch/utils/cpp_extension.py:2407: UserWarning: TORCH_CUDA_ARCH_LIST is not set, all archs for visible cards are included for compilation. 
If this is not desired, please set os.environ['TORCH_CUDA_ARCH_LIST'].
  warnings.warn(
fused_indices_to_multihot has reached end of life. Please migrate to a non-experimental function.
/usr/local/lib/python3.12/dist-packages/torch/utils/cpp_extension.py:2407: UserWarning: TORCH_CUDA_ARCH_LIST is not set, all archs for visible cards are included for compilation. 
If this is not desired, please set os.environ['TORCH_CUDA_ARCH_LIST'].
  warnings.warn(
fused_indices_to_multihot has reached end of life. Please migrate to a non-experimental function.
/usr/local/lib/python3.12/dist-packages/torch/utils/cpp_extension.py:2407: UserWarning: TORCH_CUDA_ARCH_LIST is not set, all archs for visible cards are included for compilation. 
If this is not desired, please set os.environ['TORCH_CUDA_ARCH_LIST'].
  warnings.warn(
/usr/local/lib/python3.12/dist-packages/torch/utils/cpp_extension.py:2407: UserWarning: TORCH_CUDA_ARCH_LIST is not set, all archs for visible cards are included for compilation. 
If this is not desired, please set os.environ['TORCH_CUDA_ARCH_LIST'].
  warnings.warn(
fused_indices_to_multihot has reached end of life. Please migrate to a non-experimental function.
fused_indices_to_multihot has reached end of life. Please migrate to a non-experimental function.
/usr/local/lib/python3.12/dist-packages/torch/utils/cpp_extension.py:2407: UserWarning: TORCH_CUDA_ARCH_LIST is not set, all archs for visible cards are included for compilation. 
If this is not desired, please set os.environ['TORCH_CUDA_ARCH_LIST'].
  warnings.warn(
fused_indices_to_multihot has reached end of life. Please migrate to a non-experimental function.
/usr/local/lib/python3.12/dist-packages/torch/utils/cpp_extension.py:2407: UserWarning: TORCH_CUDA_ARCH_LIST is not set, all archs for visible cards are included for compilation. 
If this is not desired, please set os.environ['TORCH_CUDA_ARCH_LIST'].
  warnings.warn(
fused_indices_to_multihot has reached end of life. Please migrate to a non-experimental function.
fused_indices_to_multihot has reached end of life. Please migrate to a non-experimental function.
fused_indices_to_multihot has reached end of life. Please migrate to a non-experimental function.
fused_indices_to_multihot has reached end of life. Please migrate to a non-experimental function.
/usr/local/lib/python3.12/dist-packages/torch/utils/cpp_extension.py:2407: UserWarning: TORCH_CUDA_ARCH_LIST is not set, all archs for visible cards are included for compilation. 
If this is not desired, please set os.environ['TORCH_CUDA_ARCH_LIST'].
  warnings.warn(
fused_indices_to_multihot has reached end of life. Please migrate to a non-experimental function.
/usr/local/lib/python3.12/dist-packages/torch/utils/cpp_extension.py:2407: UserWarning: TORCH_CUDA_ARCH_LIST is not set, all archs for visible cards are included for compilation. 
If this is not desired, please set os.environ['TORCH_CUDA_ARCH_LIST'].
  warnings.warn(
fused_indices_to_multihot has reached end of life. Please migrate to a non-experimental function.
/usr/local/lib/python3.12/dist-packages/torch/utils/cpp_extension.py:2407: UserWarning: TORCH_CUDA_ARCH_LIST is not set, all archs for visible cards are included for compilation. 
If this is not desired, please set os.environ['TORCH_CUDA_ARCH_LIST'].
  warnings.warn(
fused_indices_to_multihot has reached end of life. Please migrate to a non-experimental function.
/usr/local/lib/python3.12/dist-packages/torch/utils/cpp_extension.py:2407: UserWarning: TORCH_CUDA_ARCH_LIST is not set, all archs for visible cards are included for compilation. 
If this is not desired, please set os.environ['TORCH_CUDA_ARCH_LIST'].
  warnings.warn(
fused_indices_to_multihot has reached end of life. Please migrate to a non-experimental function.
fused_indices_to_multihot has reached end of life. Please migrate to a non-experimental function.
fused_indices_to_multihot has reached end of life. Please migrate to a non-experimental function.
/usr/local/lib/python3.12/dist-packages/torch/utils/cpp_extension.py:2407: UserWarning: TORCH_CUDA_ARCH_LIST is not set, all archs for visible cards are included for compilation. 
If this is not desired, please set os.environ['TORCH_CUDA_ARCH_LIST'].
  warnings.warn(
fused_indices_to_multihot has reached end of life. Please migrate to a non-experimental function.
fused_indices_to_multihot has reached end of life. Please migrate to a non-experimental function.
fused_indices_to_multihot has reached end of life. Please migrate to a non-experimental function.
fused_indices_to_multihot has reached end of life. Please migrate to a non-experimental function.
/usr/local/lib/python3.12/dist-packages/torch/utils/cpp_extension.py:2407: UserWarning: TORCH_CUDA_ARCH_LIST is not set, all archs for visible cards are included for compilation. 
If this is not desired, please set os.environ['TORCH_CUDA_ARCH_LIST'].
  warnings.warn(
fused_indices_to_multihot has reached end of life. Please migrate to a non-experimental function.
/usr/local/lib/python3.12/dist-packages/torch/utils/cpp_extension.py:2407: UserWarning: TORCH_CUDA_ARCH_LIST is not set, all archs for visible cards are included for compilation. 
If this is not desired, please set os.environ['TORCH_CUDA_ARCH_LIST'].
  warnings.warn(
fused_indices_to_multihot has reached end of life. Please migrate to a non-experimental function.
/usr/local/lib/python3.12/dist-packages/torch/utils/cpp_extension.py:2407: UserWarning: TORCH_CUDA_ARCH_LIST is not set, all archs for visible cards are included for compilation. 
If this is not desired, please set os.environ['TORCH_CUDA_ARCH_LIST'].
  warnings.warn(
fused_indices_to_multihot has reached end of life. Please migrate to a non-experimental function.
/usr/local/lib/python3.12/dist-packages/torch/utils/cpp_extension.py:2407: UserWarning: TORCH_CUDA_ARCH_LIST is not set, all archs for visible cards are included for compilation. 
If this is not desired, please set os.environ['TORCH_CUDA_ARCH_LIST'].
  warnings.warn(
fused_indices_to_multihot has reached end of life. Please migrate to a non-experimental function.
fused_indices_to_multihot has reached end of life. Please migrate to a non-experimental function.
fused_indices_to_multihot has reached end of life. Please migrate to a non-experimental function.
/usr/local/lib/python3.12/dist-packages/torch/utils/cpp_extension.py:2407: UserWarning: TORCH_CUDA_ARCH_LIST is not set, all archs for visible cards are included for compilation. 
If this is not desired, please set os.environ['TORCH_CUDA_ARCH_LIST'].
  warnings.warn(
fused_indices_to_multihot has reached end of life. Please migrate to a non-experimental function.
/usr/local/lib/python3.12/dist-packages/torch/utils/cpp_extension.py:2407: UserWarning: TORCH_CUDA_ARCH_LIST is not set, all archs for visible cards are included for compilation. 
If this is not desired, please set os.environ['TORCH_CUDA_ARCH_LIST'].
  warnings.warn(
fused_indices_to_multihot has reached end of life. Please migrate to a non-experimental function.
/usr/local/lib/python3.12/dist-packages/torch/utils/cpp_extension.py:2407: UserWarning: TORCH_CUDA_ARCH_LIST is not set, all archs for visible cards are included for compilation. 
If this is not desired, please set os.environ['TORCH_CUDA_ARCH_LIST'].
  warnings.warn(
fused_indices_to_multihot has reached end of life. Please migrate to a non-experimental function.
/usr/local/lib/python3.12/dist-packages/torch/utils/cpp_extension.py:2407: UserWarning: TORCH_CUDA_ARCH_LIST is not set, all archs for visible cards are included for compilation. 
If this is not desired, please set os.environ['TORCH_CUDA_ARCH_LIST'].
  warnings.warn(
fused_indices_to_multihot has reached end of life. Please migrate to a non-experimental function.
INFO:loongforge.embodied.data.datasets.groot_n1_6.transforms.eagle3_model.processing_eagle3_vl:set VIDEO_TOTAL_PIXELS: 90316800
INFO:loongforge.embodied.data.datasets.groot_n1_6.transforms.eagle3_model.processing_eagle3_vl:set VIDEO_TOTAL_PIXELS: 90316800
INFO:loongforge.embodied.data.datasets.groot_n1_6.transforms.eagle3_model.processing_eagle3_vl:set VIDEO_TOTAL_PIXELS: 90316800
INFO:loongforge.embodied.data.datasets.groot_n1_6.transforms.eagle3_model.processing_eagle3_vl:set VIDEO_TOTAL_PIXELS: 90316800
INFO:loongforge.embodied.data.datasets.groot_n1_6.transforms.eagle3_model.processing_eagle3_vl:set VIDEO_TOTAL_PIXELS: 90316800
INFO:loongforge.embodied.data.datasets.groot_n1_6.transforms.eagle3_model.processing_eagle3_vl:set VIDEO_TOTAL_PIXELS: 90316800
INFO:loongforge.embodied.data.datasets.groot_n1_6.transforms.eagle3_model.processing_eagle3_vl:set VIDEO_TOTAL_PIXELS: 90316800
INFO:loongforge.embodied.data.datasets.groot_n1_6.transforms.eagle3_model.processing_eagle3_vl:set VIDEO_TOTAL_PIXELS: 90316800
INFO:loongforge.embodied.data.datasets.groot_n1_6.transforms.eagle3_model.processing_eagle3_vl:set VIDEO_TOTAL_PIXELS: 90316800
INFO:loongforge.embodied.data.datasets.groot_n1_6.transforms.eagle3_model.processing_eagle3_vl:set VIDEO_TOTAL_PIXELS: 90316800
INFO:loongforge.embodied.data.datasets.groot_n1_6.transforms.eagle3_model.processing_eagle3_vl:set VIDEO_TOTAL_PIXELS: 90316800
INFO:loongforge.embodied.data.datasets.groot_n1_6.transforms.eagle3_model.processing_eagle3_vl:set VIDEO_TOTAL_PIXELS: 90316800
INFO:loongforge.embodied.data.datasets.groot_n1_6.transforms.eagle3_model.processing_eagle3_vl:set VIDEO_TOTAL_PIXELS: 90316800
INFO:loongforge.embodied.data.datasets.groot_n1_6.transforms.eagle3_model.processing_eagle3_vl:set VIDEO_TOTAL_PIXELS: 90316800
INFO:loongforge.embodied.data.datasets.groot_n1_6.transforms.eagle3_model.processing_eagle3_vl:set VIDEO_TOTAL_PIXELS: 90316800
INFO:loongforge.embodied.data.datasets.groot_n1_6.transforms.eagle3_model.processing_eagle3_vl:set VIDEO_TOTAL_PIXELS: 90316800
INFO:loongforge.embodied.data.datasets.groot_n1_6.transforms.eagle3_model.processing_eagle3_vl:set VIDEO_TOTAL_PIXELS: 90316800
INFO:loongforge.embodied.data.datasets.groot_n1_6.transforms.eagle3_model.processing_eagle3_vl:set VIDEO_TOTAL_PIXELS: 90316800
INFO:loongforge.embodied.data.datasets.groot_n1_6.transforms.eagle3_model.processing_eagle3_vl:set VIDEO_TOTAL_PIXELS: 90316800
INFO:loongforge.embodied.data.datasets.groot_n1_6.transforms.eagle3_model.processing_eagle3_vl:set VIDEO_TOTAL_PIXELS: 90316800
INFO:loongforge.embodied.data.datasets.groot_n1_6.transforms.eagle3_model.processing_eagle3_vl:set VIDEO_TOTAL_PIXELS: 90316800
INFO:loongforge.embodied.data.datasets.groot_n1_6.transforms.eagle3_model.processing_eagle3_vl:set VIDEO_TOTAL_PIXELS: 90316800
INFO:loongforge.embodied.data.datasets.groot_n1_6.transforms.eagle3_model.processing_eagle3_vl:set VIDEO_TOTAL_PIXELS: 90316800
INFO:loongforge.embodied.data.datasets.groot_n1_6.transforms.eagle3_model.processing_eagle3_vl:set VIDEO_TOTAL_PIXELS: 90316800
INFO:loongforge.embodied.data.datasets.groot_n1_6.transforms.eagle3_model.processing_eagle3_vl:set VIDEO_TOTAL_PIXELS: 90316800
INFO:loongforge.embodied.data.datasets.groot_n1_6.transforms.eagle3_model.processing_eagle3_vl:set VIDEO_TOTAL_PIXELS: 90316800
INFO:loongforge.embodied.data.datasets.groot_n1_6.transforms.eagle3_model.processing_eagle3_vl:set VIDEO_TOTAL_PIXELS: 90316800
INFO:loongforge.embodied.data.datasets.groot_n1_6.transforms.eagle3_model.processing_eagle3_vl:set VIDEO_TOTAL_PIXELS: 90316800
INFO:loongforge.embodied.data.datasets.groot_n1_6.transforms.eagle3_model.processing_eagle3_vl:set VIDEO_TOTAL_PIXELS: 90316800
INFO:loongforge.embodied.data.datasets.groot_n1_6.transforms.eagle3_model.processing_eagle3_vl:set VIDEO_TOTAL_PIXELS: 90316800
INFO:loongforge.embodied.data.datasets.groot_n1_6.transforms.eagle3_model.processing_eagle3_vl:set VIDEO_TOTAL_PIXELS: 90316800
INFO:loongforge.embodied.data.datasets.groot_n1_6.transforms.eagle3_model.processing_eagle3_vl:set VIDEO_TOTAL_PIXELS: 90316800
2026-08-23 08:23:28 [INFO] RNG state resumed successfully after dataloader iterator init
2026-08-23 08:23:28 [INFO] Dataloader 'vla' positioned at epoch=0
2026-08-23 08:23:36 [INFO] iteration      101/    1000 | consumed samples:         9696 | elapsed time per iteration (ms): 7753.6 | throughput (samples/sec/per_device): 1.548 | learning rate: 2.450313E-05 | global batch size:    96 | action loss: 1.913847E-01 | loss scale: 1.0 | grad norm: 0.448261 | number of skipped iterations:   0 | number of nan iterations:   0 |
2026-08-23 08:23:37 [INFO] iteration      102/    1000 | consumed samples:         9792 | elapsed time per iteration (ms): 978.1 | throughput (samples/sec/per_device): 12.269 | learning rate: 2.449223E-05 | global batch size:    96 | action loss: 1.999459E-01 | loss scale: 1.0 | grad norm: 0.455408 | number of skipped iterations:   0 | number of nan iterations:   0 |
2026-08-23 08:23:38 [INFO] iteration      103/    1000 | consumed samples:         9888 | elapsed time per iteration (ms): 985.6 | throughput (samples/sec/per_device): 12.175 | learning rate: 2.448121E-05 | global batch size:    96 | action loss: 1.988113E-01 | loss scale: 1.0 | grad norm: 0.481722 | number of skipped iterations:   0 | number of nan iterations:   0 |
2026-08-23 08:23:39 [INFO] iteration      104/    1000 | consumed samples:         9984 | elapsed time per iteration (ms): 979.0 | throughput (samples/sec/per_device): 12.257 | learning rate: 2.447008E-05 | global batch size:    96 | action loss: 1.837718E-01 | loss scale: 1.0 | grad norm: 0.593508 | number of skipped iterations:   0 | number of nan iterations:   0 |
2026-08-23 08:23:40 [INFO] iteration      105/    1000 | consumed samples:        10080 | elapsed time per iteration (ms): 977.0 | throughput (samples/sec/per_device): 12.282 | learning rate: 2.445883E-05 | global batch size:    96 | action loss: 1.946732E-01 | loss scale: 1.0 | grad norm: 0.773145 | number of skipped iterations:   0 | number of nan iterations:   0 |
2026-08-23 08:23:41 [INFO] iteration      106/    1000 | consumed samples:        10176 | elapsed time per iteration (ms): 977.7 | throughput (samples/sec/per_device): 12.273 | learning rate: 2.444746E-05 | global batch size:    96 | action loss: 2.031545E-01 | loss scale: 1.0 | grad norm: 0.487095 | number of skipped iterations:   0 | number of nan iterations:   0 |
2026-08-23 08:23:42 [INFO] iteration      107/    1000 | consumed samples:        10272 | elapsed time per iteration (ms): 979.9 | throughput (samples/sec/per_device): 12.246 | learning rate: 2.443598E-05 | global batch size:    96 | action loss: 1.982350E-01 | loss scale: 1.0 | grad norm: 0.589103 | number of skipped iterations:   0 | number of nan iterations:   0 |
2026-08-23 08:23:43 [INFO] iteration      108/    1000 | consumed samples:        10368 | elapsed time per iteration (ms): 981.0 | throughput (samples/sec/per_device): 12.232 | learning rate: 2.442439E-05 | global batch size:    96 | action loss: 1.872422E-01 | loss scale: 1.0 | grad norm: 0.466138 | number of skipped iterations:   0 | number of nan iterations:   0 |
2026-08-23 08:23:44 [INFO] iteration      109/    1000 | consumed samples:        10464 | elapsed time per iteration (ms): 978.3 | throughput (samples/sec/per_device): 12.266 | learning rate: 2.441268E-05 | global batch size:    96 | action loss: 1.976818E-01 | loss scale: 1.0 | grad norm: 0.604724 | number of skipped iterations:   0 | number of nan iterations:   0 |
2026-08-23 08:23:45 [INFO] iteration      110/    1000 | consumed samples:        10560 | elapsed time per iteration (ms): 980.0 | throughput (samples/sec/per_device): 12.245 | learning rate: 2.440085E-05 | global batch size:    96 | action loss: 2.159864E-01 | loss scale: 1.0 | grad norm: 0.723146 | number of skipped iterations:   0 | number of nan iterations:   0 |
2026-08-23 08:23:46 [INFO] iteration      111/    1000 | consumed samples:        10656 | elapsed time per iteration (ms): 978.9 | throughput (samples/sec/per_device): 12.259 | learning rate: 2.438891E-05 | global batch size:    96 | action loss: 1.714398E-01 | loss scale: 1.0 | grad norm: 0.619195 | number of skipped iterations:   0 | number of nan iterations:   0 |
2026-08-23 08:23:47 [INFO] iteration      112/    1000 | consumed samples:        10752 | elapsed time per iteration (ms): 979.8 | throughput (samples/sec/per_device): 12.247 | learning rate: 2.437686E-05 | global batch size:    96 | action loss: 1.822729E-01 | loss scale: 1.0 | grad norm: 1.058286 | number of skipped iterations:   0 | number of nan iterations:   0 |
2026-08-23 08:23:48 [INFO] iteration      113/    1000 | consumed samples:        10848 | elapsed time per iteration (ms): 979.3 | throughput (samples/sec/per_device): 12.254 | learning rate: 2.436469E-05 | global batch size:    96 | action loss: 1.742899E-01 | loss scale: 1.0 | grad norm: 0.605742 | number of skipped iterations:   0 | number of nan iterations:   0 |
2026-08-23 08:23:49 [INFO] iteration      114/    1000 | consumed samples:        10944 | elapsed time per iteration (ms): 978.9 | throughput (samples/sec/per_device): 12.259 | learning rate: 2.435241E-05 | global batch size:    96 | action loss: 2.191105E-01 | loss scale: 1.0 | grad norm: 0.571233 | number of skipped iterations:   0 | number of nan iterations:   0 |
2026-08-23 08:23:50 [INFO] iteration      115/    1000 | consumed samples:        11040 | elapsed time per iteration (ms): 981.0 | throughput (samples/sec/per_device): 12.233 | learning rate: 2.434001E-05 | global batch size:    96 | action loss: 1.866189E-01 | loss scale: 1.0 | grad norm: 0.621457 | number of skipped iterations:   0 | number of nan iterations:   0 |
2026-08-23 08:23:51 [INFO] iteration      116/    1000 | consumed samples:        11136 | elapsed time per iteration (ms): 979.9 | throughput (samples/sec/per_device): 12.246 | learning rate: 2.432750E-05 | global batch size:    96 | action loss: 1.857434E-01 | loss scale: 1.0 | grad norm: 0.379926 | number of skipped iterations:   0 | number of nan iterations:   0 |
2026-08-23 08:23:52 [INFO] iteration      117/    1000 | consumed samples:        11232 | elapsed time per iteration (ms): 980.4 | throughput (samples/sec/per_device): 12.240 | learning rate: 2.431487E-05 | global batch size:    96 | action loss: 1.991757E-01 | loss scale: 1.0 | grad norm: 0.560236 | number of skipped iterations:   0 | number of nan iterations:   0 |
2026-08-23 08:23:53 [INFO] iteration      118/    1000 | consumed samples:        11328 | elapsed time per iteration (ms): 979.6 | throughput (samples/sec/per_device): 12.250 | learning rate: 2.430213E-05 | global batch size:    96 | action loss: 1.906870E-01 | loss scale: 1.0 | grad norm: 0.440675 | number of skipped iterations:   0 | number of nan iterations:   0 |
2026-08-23 08:23:54 [INFO] iteration      119/    1000 | consumed samples:        11424 | elapsed time per iteration (ms): 980.1 | throughput (samples/sec/per_device): 12.244 | learning rate: 2.428928E-05 | global batch size:    96 | action loss: 2.261505E-01 | loss scale: 1.0 | grad norm: 0.767452 | number of skipped iterations:   0 | number of nan iterations:   0 |
2026-08-23 08:23:55 [INFO] iteration      120/    1000 | consumed samples:        11520 | elapsed time per iteration (ms): 989.6 | throughput (samples/sec/per_device): 12.126 | learning rate: 2.427631E-05 | global batch size:    96 | action loss: 2.424984E-01 | loss scale: 1.0 | grad norm: 0.588707 | number of skipped iterations:   0 | number of nan iterations:   0 |
2026-08-23 08:23:55 [INFO] max time across ranks (ms):
    forward-backward................................: 858.54
    forward-compute.................................: 275.33
    backward-compute................................: 581.08
    batch-generator.................................: 1.47
    nan-grad-cleanup................................: 12.80
    grad-clip.......................................: 32.64
    optimizer.......................................: 83.60
    optimizer-inner-step............................: 83.50
    optimizer-scheduler-step........................: 0.05
    optimizer-zero-grad.............................: 0.86
2026-08-23 08:23:56 [INFO] iteration      121/    1000 | consumed samples:        11616 | elapsed time per iteration (ms): 981.6 | throughput (samples/sec/per_device): 12.225 | learning rate: 2.426323E-05 | global batch size:    96 | action loss: 2.052913E-01 | loss scale: 1.0 | grad norm: 0.577552 | number of skipped iterations:   0 | number of nan iterations:   0 |
2026-08-23 08:23:57 [INFO] iteration      122/    1000 | consumed samples:        11712 | elapsed time per iteration (ms): 979.8 | throughput (samples/sec/per_device): 12.247 | learning rate: 2.425004E-05 | global batch size:    96 | action loss: 1.849661E-01 | loss scale: 1.0 | grad norm: 0.536687 | number of skipped iterations:   0 | number of nan iterations:   0 |
2026-08-23 08:23:58 [INFO] iteration      123/    1000 | consumed samples:        11808 | elapsed time per iteration (ms): 980.3 | throughput (samples/sec/per_device): 12.242 | learning rate: 2.423673E-05 | global batch size:    96 | action loss: 1.913534E-01 | loss scale: 1.0 | grad norm: 0.542187 | number of skipped iterations:   0 | number of nan iterations:   0 |
2026-08-23 08:23:59 [INFO] iteration      124/    1000 | consumed samples:        11904 | elapsed time per iteration (ms): 983.8 | throughput (samples/sec/per_device): 12.198 | learning rate: 2.422331E-05 | global batch size:    96 | action loss: 1.853779E-01 | loss scale: 1.0 | grad norm: 0.687968 | number of skipped iterations:   0 | number of nan iterations:   0 |
2026-08-23 08:24:00 [INFO] iteration      125/    1000 | consumed samples:        12000 | elapsed time per iteration (ms): 985.4 | throughput (samples/sec/per_device): 12.178 | learning rate: 2.420977E-05 | global batch size:    96 | action loss: 2.062825E-01 | loss scale: 1.0 | grad norm: 0.556177 | number of skipped iterations:   0 | number of nan iterations:   0 |
2026-08-23 08:24:01 [INFO] iteration      126/    1000 | consumed samples:        12096 | elapsed time per iteration (ms): 986.1 | throughput (samples/sec/per_device): 12.169 | learning rate: 2.419613E-05 | global batch size:    96 | action loss: 1.984771E-01 | loss scale: 1.0 | grad norm: 0.580847 | number of skipped iterations:   0 | number of nan iterations:   0 |
2026-08-23 08:24:01 [INFO] iteration      127/    1000 | consumed samples:        12192 | elapsed time per iteration (ms): 982.4 | throughput (samples/sec/per_device): 12.215 | learning rate: 2.418237E-05 | global batch size:    96 | action loss: 1.892873E-01 | loss scale: 1.0 | grad norm: 0.460374 | number of skipped iterations:   0 | number of nan iterations:   0 |
2026-08-23 08:24:02 [INFO] iteration      128/    1000 | consumed samples:        12288 | elapsed time per iteration (ms): 1004.7 | throughput (samples/sec/per_device): 11.944 | learning rate: 2.416850E-05 | global batch size:    96 | action loss: 2.155083E-01 | loss scale: 1.0 | grad norm: 0.831289 | number of skipped iterations:   0 | number of nan iterations:   0 |
2026-08-23 08:24:03 [INFO] iteration      129/    1000 | consumed samples:        12384 | elapsed time per iteration (ms): 981.8 | throughput (samples/sec/per_device): 12.223 | learning rate: 2.415451E-05 | global batch size:    96 | action loss: 1.872911E-01 | loss scale: 1.0 | grad norm: 0.514309 | number of skipped iterations:   0 | number of nan iterations:   0 |
2026-08-23 08:24:04 [INFO] iteration      130/    1000 | consumed samples:        12480 | elapsed time per iteration (ms): 985.3 | throughput (samples/sec/per_device): 12.180 | learning rate: 2.414042E-05 | global batch size:    96 | action loss: 2.369627E-01 | loss scale: 1.0 | grad norm: 0.659850 | number of skipped iterations:   0 | number of nan iterations:   0 |
2026-08-23 08:24:05 [INFO] iteration      131/    1000 | consumed samples:        12576 | elapsed time per iteration (ms): 988.3 | throughput (samples/sec/per_device): 12.142 | learning rate: 2.412621E-05 | global batch size:    96 | action loss: 1.966260E-01 | loss scale: 1.0 | grad norm: 0.567177 | number of skipped iterations:   0 | number of nan iterations:   0 |
2026-08-23 08:24:06 [INFO] iteration      132/    1000 | consumed samples:        12672 | elapsed time per iteration (ms): 985.7 | throughput (samples/sec/per_device): 12.174 | learning rate: 2.411189E-05 | global batch size:    96 | action loss: 1.764869E-01 | loss scale: 1.0 | grad norm: 0.465661 | number of skipped iterations:   0 | number of nan iterations:   0 |
2026-08-23 08:24:07 [INFO] iteration      133/    1000 | consumed samples:        12768 | elapsed time per iteration (ms): 982.7 | throughput (samples/sec/per_device): 12.211 | learning rate: 2.409745E-05 | global batch size:    96 | action loss: 2.023460E-01 | loss scale: 1.0 | grad norm: 0.562707 | number of skipped iterations:   0 | number of nan iterations:   0 |
2026-08-23 08:24:08 [INFO] iteration      134/    1000 | consumed samples:        12864 | elapsed time per iteration (ms): 982.8 | throughput (samples/sec/per_device): 12.210 | learning rate: 2.408291E-05 | global batch size:    96 | action loss: 1.993882E-01 | loss scale: 1.0 | grad norm: 0.676125 | number of skipped iterations:   0 | number of nan iterations:   0 |
2026-08-23 08:24:09 [INFO] iteration      135/    1000 | consumed samples:        12960 | elapsed time per iteration (ms): 982.8 | throughput (samples/sec/per_device): 12.210 | learning rate: 2.406825E-05 | global batch size:    96 | action loss: 2.095360E-01 | loss scale: 1.0 | grad norm: 0.769817 | number of skipped iterations:   0 | number of nan iterations:   0 |
2026-08-23 08:24:10 [INFO] iteration      136/    1000 | consumed samples:        13056 | elapsed time per iteration (ms): 982.8 | throughput (samples/sec/per_device): 12.210 | learning rate: 2.405348E-05 | global batch size:    96 | action loss: 2.094529E-01 | loss scale: 1.0 | grad norm: 0.614826 | number of skipped iterations:   0 | number of nan iterations:   0 |
2026-08-23 08:24:11 [INFO] iteration      137/    1000 | consumed samples:        13152 | elapsed time per iteration (ms): 983.6 | throughput (samples/sec/per_device): 12.201 | learning rate: 2.403860E-05 | global batch size:    96 | action loss: 1.797796E-01 | loss scale: 1.0 | grad norm: 0.557733 | number of skipped iterations:   0 | number of nan iterations:   0 |
2026-08-23 08:24:12 [INFO] iteration      138/    1000 | consumed samples:        13248 | elapsed time per iteration (ms): 984.2 | throughput (samples/sec/per_device): 12.193 | learning rate: 2.402361E-05 | global batch size:    96 | action loss: 1.842895E-01 | loss scale: 1.0 | grad norm: 0.724238 | number of skipped iterations:   0 | number of nan iterations:   0 |
2026-08-23 08:24:13 [INFO] iteration      139/    1000 | consumed samples:        13344 | elapsed time per iteration (ms): 986.6 | throughput (samples/sec/per_device): 12.163 | learning rate: 2.400851E-05 | global batch size:    96 | action loss: 2.019935E-01 | loss scale: 1.0 | grad norm: 0.788883 | number of skipped iterations:   0 | number of nan iterations:   0 |
2026-08-23 08:24:14 [INFO] iteration      140/    1000 | consumed samples:        13440 | elapsed time per iteration (ms): 993.8 | throughput (samples/sec/per_device): 12.075 | learning rate: 2.399330E-05 | global batch size:    96 | action loss: 1.827026E-01 | loss scale: 1.0 | grad norm: 0.533223 | number of skipped iterations:   0 | number of nan iterations:   0 |
2026-08-23 08:24:14 [INFO] max time across ranks (ms):
    forward-backward................................: 860.58
    forward-compute.................................: 276.28
    backward-compute................................: 582.66
    batch-generator.................................: 1.44
    nan-grad-cleanup................................: 13.72
    grad-clip.......................................: 33.68
    optimizer.......................................: 85.35
    optimizer-inner-step............................: 85.24
    optimizer-scheduler-step........................: 0.05
    optimizer-zero-grad.............................: 0.89
2026-08-23 08:24:15 [INFO] iteration      141/    1000 | consumed samples:        13536 | elapsed time per iteration (ms): 984.6 | throughput (samples/sec/per_device): 12.188 | learning rate: 2.397798E-05 | global batch size:    96 | action loss: 2.013841E-01 | loss scale: 1.0 | grad norm: 0.627927 | number of skipped iterations:   0 | number of nan iterations:   0 |
2026-08-23 08:24:16 [INFO] iteration      142/    1000 | consumed samples:        13632 | elapsed time per iteration (ms): 986.3 | throughput (samples/sec/per_device): 12.167 | learning rate: 2.396255E-05 | global batch size:    96 | action loss: 1.855176E-01 | loss scale: 1.0 | grad norm: 0.565274 | number of skipped iterations:   0 | number of nan iterations:   0 |
2026-08-23 08:24:17 [INFO] iteration      143/    1000 | consumed samples:        13728 | elapsed time per iteration (ms): 986.8 | throughput (samples/sec/per_device): 12.160 | learning rate: 2.394700E-05 | global batch size:    96 | action loss: 1.828114E-01 | loss scale: 1.0 | grad norm: 0.454912 | number of skipped iterations:   0 | number of nan iterations:   0 |
2026-08-23 08:24:18 [INFO] iteration      144/    1000 | consumed samples:        13824 | elapsed time per iteration (ms): 985.0 | throughput (samples/sec/per_device): 12.183 | learning rate: 2.393135E-05 | global batch size:    96 | action loss: 1.958038E-01 | loss scale: 1.0 | grad norm: 0.585918 | number of skipped iterations:   0 | number of nan iterations:   0 |
2026-08-23 08:24:19 [INFO] iteration      145/    1000 | consumed samples:        13920 | elapsed time per iteration (ms): 984.6 | throughput (samples/sec/per_device): 12.188 | learning rate: 2.391558E-05 | global batch size:    96 | action loss: 1.919981E-01 | loss scale: 1.0 | grad norm: 0.537890 | number of skipped iterations:   0 | number of nan iterations:   0 |
2026-08-23 08:24:20 [INFO] iteration      146/    1000 | consumed samples:        14016 | elapsed time per iteration (ms): 984.6 | throughput (samples/sec/per_device): 12.187 | learning rate: 2.389971E-05 | global batch size:    96 | action loss: 1.887368E-01 | loss scale: 1.0 | grad norm: 0.547779 | number of skipped iterations:   0 | number of nan iterations:   0 |
2026-08-23 08:24:21 [INFO] iteration      147/    1000 | consumed samples:        14112 | elapsed time per iteration (ms): 985.0 | throughput (samples/sec/per_device): 12.183 | learning rate: 2.388373E-05 | global batch size:    96 | action loss: 2.017538E-01 | loss scale: 1.0 | grad norm: 0.619768 | number of skipped iterations:   0 | number of nan iterations:   0 |
2026-08-23 08:24:22 [INFO] iteration      148/    1000 | consumed samples:        14208 | elapsed time per iteration (ms): 985.4 | throughput (samples/sec/per_device): 12.178 | learning rate: 2.386763E-05 | global batch size:    96 | action loss: 1.833536E-01 | loss scale: 1.0 | grad norm: 0.534836 | number of skipped iterations:   0 | number of nan iterations:   0 |
2026-08-23 08:24:23 [INFO] iteration      149/    1000 | consumed samples:        14304 | elapsed time per iteration (ms): 985.4 | throughput (samples/sec/per_device): 12.177 | learning rate: 2.385143E-05 | global batch size:    96 | action loss: 1.949075E-01 | loss scale: 1.0 | grad norm: 0.622720 | number of skipped iterations:   0 | number of nan iterations:   0 |
2026-08-23 08:24:24 [INFO] iteration      150/    1000 | consumed samples:        14400 | elapsed time per iteration (ms): 985.1 | throughput (samples/sec/per_device): 12.181 | learning rate: 2.383512E-05 | global batch size:    96 | action loss: 1.915504E-01 | loss scale: 1.0 | grad norm: 0.584079 | number of skipped iterations:   0 | number of nan iterations:   0 |
2026-08-23 08:24:25 [INFO] iteration      151/    1000 | consumed samples:        14496 | elapsed time per iteration (ms): 984.0 | throughput (samples/sec/per_device): 12.195 | learning rate: 2.381870E-05 | global batch size:    96 | action loss: 1.829176E-01 | loss scale: 1.0 | grad norm: 0.825065 | number of skipped iterations:   0 | number of nan iterations:   0 |
2026-08-23 08:24:26 [INFO] iteration      152/    1000 | consumed samples:        14592 | elapsed time per iteration (ms): 986.2 | throughput (samples/sec/per_device): 12.168 | learning rate: 2.380217E-05 | global batch size:    96 | action loss: 1.741336E-01 | loss scale: 1.0 | grad norm: 0.748379 | number of skipped iterations:   0 | number of nan iterations:   0 |
2026-08-23 08:24:27 [INFO] iteration      153/    1000 | consumed samples:        14688 | elapsed time per iteration (ms): 984.3 | throughput (samples/sec/per_device): 12.191 | learning rate: 2.378553E-05 | global batch size:    96 | action loss: 2.015028E-01 | loss scale: 1.0 | grad norm: 0.567083 | number of skipped iterations:   0 | number of nan iterations:   0 |
2026-08-23 08:24:28 [INFO] iteration      154/    1000 | consumed samples:        14784 | elapsed time per iteration (ms): 985.2 | throughput (samples/sec/per_device): 12.180 | learning rate: 2.376878E-05 | global batch size:    96 | action loss: 1.881886E-01 | loss scale: 1.0 | grad norm: 0.634841 | number of skipped iterations:   0 | number of nan iterations:   0 |
2026-08-23 08:24:29 [INFO] iteration      155/    1000 | consumed samples:        14880 | elapsed time per iteration (ms): 984.8 | throughput (samples/sec/per_device): 12.185 | learning rate: 2.375193E-05 | global batch size:    96 | action loss: 2.015443E-01 | loss scale: 1.0 | grad norm: 0.751697 | number of skipped iterations:   0 | number of nan iterations:   0 |
2026-08-23 08:24:30 [INFO] iteration      156/    1000 | consumed samples:        14976 | elapsed time per iteration (ms): 985.7 | throughput (samples/sec/per_device): 12.174 | learning rate: 2.373496E-05 | global batch size:    96 | action loss: 2.089597E-01 | loss scale: 1.0 | grad norm: 0.694318 | number of skipped iterations:   0 | number of nan iterations:   0 |
2026-08-23 08:24:31 [INFO] iteration      157/    1000 | consumed samples:        15072 | elapsed time per iteration (ms): 987.0 | throughput (samples/sec/per_device): 12.158 | learning rate: 2.371789E-05 | global batch size:    96 | action loss: 1.642102E-01 | loss scale: 1.0 | grad norm: 0.481585 | number of skipped iterations:   0 | number of nan iterations:   0 |
2026-08-23 08:24:32 [INFO] iteration      158/    1000 | consumed samples:        15168 | elapsed time per iteration (ms): 985.8 | throughput (samples/sec/per_device): 12.173 | learning rate: 2.370071E-05 | global batch size:    96 | action loss: 2.083988E-01 | loss scale: 1.0 | grad norm: 0.611174 | number of skipped iterations:   0 | number of nan iterations:   0 |
2026-08-23 08:24:33 [INFO] iteration      159/    1000 | consumed samples:        15264 | elapsed time per iteration (ms): 985.4 | throughput (samples/sec/per_device): 12.178 | learning rate: 2.368342E-05 | global batch size:    96 | action loss: 1.923640E-01 | loss scale: 1.0 | grad norm: 0.449616 | number of skipped iterations:   0 | number of nan iterations:   0 |
2026-08-23 08:24:34 [INFO] iteration      160/    1000 | consumed samples:        15360 | elapsed time per iteration (ms): 1000.5 | throughput (samples/sec/per_device): 11.994 | learning rate: 2.366603E-05 | global batch size:    96 | action loss: 1.728485E-01 | loss scale: 1.0 | grad norm: 0.605314 | number of skipped iterations:   0 | number of nan iterations:   0 |
2026-08-23 08:24:34 [INFO] max time across ranks (ms):
    forward-backward................................: 865.98
    forward-compute.................................: 278.61
    backward-compute................................: 586.39
    batch-generator.................................: 1.46
    nan-grad-cleanup................................: 13.35
    grad-clip.......................................: 34.04
    optimizer.......................................: 87.21
    optimizer-inner-step............................: 87.11
    optimizer-scheduler-step........................: 0.09
    optimizer-zero-grad.............................: 0.93
2026-08-23 08:24:35 [INFO] iteration      161/    1000 | consumed samples:        15456 | elapsed time per iteration (ms): 987.1 | throughput (samples/sec/per_device): 12.156 | learning rate: 2.364852E-05 | global batch size:    96 | action loss: 1.923805E-01 | loss scale: 1.0 | grad norm: 0.548587 | number of skipped iterations:   0 | number of nan iterations:   0 |
2026-08-23 08:24:36 [INFO] iteration      162/    1000 | consumed samples:        15552 | elapsed time per iteration (ms): 987.4 | throughput (samples/sec/per_device): 12.153 | learning rate: 2.363091E-05 | global batch size:    96 | action loss: 1.904441E-01 | loss scale: 1.0 | grad norm: 0.557741 | number of skipped iterations:   0 | number of nan iterations:   0 |
2026-08-23 08:24:37 [INFO] iteration      163/    1000 | consumed samples:        15648 | elapsed time per iteration (ms): 986.0 | throughput (samples/sec/per_device): 12.170 | learning rate: 2.361320E-05 | global batch size:    96 | action loss: 1.804006E-01 | loss scale: 1.0 | grad norm: 0.543225 | number of skipped iterations:   0 | number of nan iterations:   0 |
2026-08-23 08:24:38 [INFO] iteration      164/    1000 | consumed samples:        15744 | elapsed time per iteration (ms): 987.4 | throughput (samples/sec/per_device): 12.153 | learning rate: 2.359537E-05 | global batch size:    96 | action loss: 1.926090E-01 | loss scale: 1.0 | grad norm: 0.566306 | number of skipped iterations:   0 | number of nan iterations:   0 |
2026-08-23 08:24:39 [INFO] iteration      165/    1000 | consumed samples:        15840 | elapsed time per iteration (ms): 987.3 | throughput (samples/sec/per_device): 12.155 | learning rate: 2.357744E-05 | global batch size:    96 | action loss: 1.827656E-01 | loss scale: 1.0 | grad norm: 0.493567 | number of skipped iterations:   0 | number of nan iterations:   0 |
2026-08-23 08:24:40 [INFO] iteration      166/    1000 | consumed samples:        15936 | elapsed time per iteration (ms): 986.2 | throughput (samples/sec/per_device): 12.168 | learning rate: 2.355940E-05 | global batch size:    96 | action loss: 1.710070E-01 | loss scale: 1.0 | grad norm: 0.471550 | number of skipped iterations:   0 | number of nan iterations:   0 |
2026-08-23 08:24:41 [INFO] iteration      167/    1000 | consumed samples:        16032 | elapsed time per iteration (ms): 990.8 | throughput (samples/sec/per_device): 12.112 | learning rate: 2.354126E-05 | global batch size:    96 | action loss: 1.911213E-01 | loss scale: 1.0 | grad norm: 0.586293 | number of skipped iterations:   0 | number of nan iterations:   0 |
2026-08-23 08:24:42 [INFO] iteration      168/    1000 | consumed samples:        16128 | elapsed time per iteration (ms): 994.1 | throughput (samples/sec/per_device): 12.071 | learning rate: 2.352301E-05 | global batch size:    96 | action loss: 2.098030E-01 | loss scale: 1.0 | grad norm: 0.527392 | number of skipped iterations:   0 | number of nan iterations:   0 |
2026-08-23 08:24:43 [INFO] iteration      169/    1000 | consumed samples:        16224 | elapsed time per iteration (ms): 990.4 | throughput (samples/sec/per_device): 12.116 | learning rate: 2.350465E-05 | global batch size:    96 | action loss: 2.127124E-01 | loss scale: 1.0 | grad norm: 0.569924 | number of skipped iterations:   0 | number of nan iterations:   0 |
2026-08-23 08:24:44 [INFO] iteration      170/    1000 | consumed samples:        16320 | elapsed time per iteration (ms): 987.8 | throughput (samples/sec/per_device): 12.148 | learning rate: 2.348619E-05 | global batch size:    96 | action loss: 1.699188E-01 | loss scale: 1.0 | grad norm: 0.456204 | number of skipped iterations:   0 | number of nan iterations:   0 |
2026-08-23 08:24:45 [INFO] iteration      171/    1000 | consumed samples:        16416 | elapsed time per iteration (ms): 989.3 | throughput (samples/sec/per_device): 12.130 | learning rate: 2.346763E-05 | global batch size:    96 | action loss: 1.991327E-01 | loss scale: 1.0 | grad norm: 0.588204 | number of skipped iterations:   0 | number of nan iterations:   0 |
2026-08-23 08:24:46 [INFO] iteration      172/    1000 | consumed samples:        16512 | elapsed time per iteration (ms): 990.2 | throughput (samples/sec/per_device): 12.119 | learning rate: 2.344895E-05 | global batch size:    96 | action loss: 1.745051E-01 | loss scale: 1.0 | grad norm: 0.526561 | number of skipped iterations:   0 | number of nan iterations:   0 |
2026-08-23 08:24:47 [INFO] iteration      173/    1000 | consumed samples:        16608 | elapsed time per iteration (ms): 988.9 | throughput (samples/sec/per_device): 12.134 | learning rate: 2.343018E-05 | global batch size:    96 | action loss: 1.840671E-01 | loss scale: 1.0 | grad norm: 0.404455 | number of skipped iterations:   0 | number of nan iterations:   0 |
2026-08-23 08:24:48 [INFO] iteration      174/    1000 | consumed samples:        16704 | elapsed time per iteration (ms): 987.0 | throughput (samples/sec/per_device): 12.158 | learning rate: 2.341129E-05 | global batch size:    96 | action loss: 1.812109E-01 | loss scale: 1.0 | grad norm: 0.461823 | number of skipped iterations:   0 | number of nan iterations:   0 |
2026-08-23 08:24:49 [INFO] iteration      175/    1000 | consumed samples:        16800 | elapsed time per iteration (ms): 988.0 | throughput (samples/sec/per_device): 12.146 | learning rate: 2.339230E-05 | global batch size:    96 | action loss: 2.126988E-01 | loss scale: 1.0 | grad norm: 0.510639 | number of skipped iterations:   0 | number of nan iterations:   0 |
2026-08-23 08:24:50 [INFO] iteration      176/    1000 | consumed samples:        16896 | elapsed time per iteration (ms): 990.9 | throughput (samples/sec/per_device): 12.110 | learning rate: 2.337321E-05 | global batch size:    96 | action loss: 1.811635E-01 | loss scale: 1.0 | grad norm: 0.481506 | number of skipped iterations:   0 | number of nan iterations:   0 |
2026-08-23 08:24:51 [INFO] iteration      177/    1000 | consumed samples:        16992 | elapsed time per iteration (ms): 992.8 | throughput (samples/sec/per_device): 12.087 | learning rate: 2.335402E-05 | global batch size:    96 | action loss: 1.982855E-01 | loss scale: 1.0 | grad norm: 0.562821 | number of skipped iterations:   0 | number of nan iterations:   0 |
2026-08-23 08:24:52 [INFO] iteration      178/    1000 | consumed samples:        17088 | elapsed time per iteration (ms): 990.7 | throughput (samples/sec/per_device): 12.113 | learning rate: 2.333471E-05 | global batch size:    96 | action loss: 1.618256E-01 | loss scale: 1.0 | grad norm: 0.505971 | number of skipped iterations:   0 | number of nan iterations:   0 |
2026-08-23 08:24:53 [INFO] iteration      179/    1000 | consumed samples:        17184 | elapsed time per iteration (ms): 986.6 | throughput (samples/sec/per_device): 12.163 | learning rate: 2.331531E-05 | global batch size:    96 | action loss: 1.918230E-01 | loss scale: 1.0 | grad norm: 0.495314 | number of skipped iterations:   0 | number of nan iterations:   0 |
2026-08-23 08:24:54 [INFO] iteration      180/    1000 | consumed samples:        17280 | elapsed time per iteration (ms): 1003.1 | throughput (samples/sec/per_device): 11.963 | learning rate: 2.329580E-05 | global batch size:    96 | action loss: 1.856642E-01 | loss scale: 1.0 | grad norm: 0.507808 | number of skipped iterations:   0 | number of nan iterations:   0 |
2026-08-23 08:24:54 [INFO] max time across ranks (ms):
    forward-backward................................: 868.55
    forward-compute.................................: 277.96
    backward-compute................................: 589.38
    batch-generator.................................: 1.38
    nan-grad-cleanup................................: 13.18
    grad-clip.......................................: 33.91
    optimizer.......................................: 86.32
    optimizer-inner-step............................: 86.22
    optimizer-scheduler-step........................: 0.08
    optimizer-zero-grad.............................: 0.92
2026-08-23 08:24:55 [INFO] iteration      181/    1000 | consumed samples:        17376 | elapsed time per iteration (ms): 989.1 | throughput (samples/sec/per_device): 12.132 | learning rate: 2.327619E-05 | global batch size:    96 | action loss: 1.734107E-01 | loss scale: 1.0 | grad norm: 0.542762 | number of skipped iterations:   0 | number of nan iterations:   0 |
2026-08-23 08:24:56 [INFO] iteration      182/    1000 | consumed samples:        17472 | elapsed time per iteration (ms): 988.4 | throughput (samples/sec/per_device): 12.141 | learning rate: 2.325647E-05 | global batch size:    96 | action loss: 1.753467E-01 | loss scale: 1.0 | grad norm: 0.502704 | number of skipped iterations:   0 | number of nan iterations:   0 |
2026-08-23 08:24:57 [INFO] iteration      183/    1000 | consumed samples:        17568 | elapsed time per iteration (ms): 989.7 | throughput (samples/sec/per_device): 12.125 | learning rate: 2.323665E-05 | global batch size:    96 | action loss: 1.914295E-01 | loss scale: 1.0 | grad norm: 0.541703 | number of skipped iterations:   0 | number of nan iterations:   0 |
2026-08-23 08:24:58 [INFO] iteration      184/    1000 | consumed samples:        17664 | elapsed time per iteration (ms): 988.2 | throughput (samples/sec/per_device): 12.143 | learning rate: 2.321673E-05 | global batch size:    96 | action loss: 1.895078E-01 | loss scale: 1.0 | grad norm: 0.497956 | number of skipped iterations:   0 | number of nan iterations:   0 |
2026-08-23 08:24:59 [INFO] iteration      185/    1000 | consumed samples:        17760 | elapsed time per iteration (ms): 989.9 | throughput (samples/sec/per_device): 12.122 | learning rate: 2.319671E-05 | global batch size:    96 | action loss: 1.801039E-01 | loss scale: 1.0 | grad norm: 0.557191 | number of skipped iterations:   0 | number of nan iterations:   0 |
2026-08-23 08:25:00 [INFO] iteration      186/    1000 | consumed samples:        17856 | elapsed time per iteration (ms): 995.6 | throughput (samples/sec/per_device): 12.054 | learning rate: 2.317658E-05 | global batch size:    96 | action loss: 1.757911E-01 | loss scale: 1.0 | grad norm: 0.610227 | number of skipped iterations:   0 | number of nan iterations:   0 |
2026-08-23 08:25:01 [INFO] iteration      187/    1000 | consumed samples:        17952 | elapsed time per iteration (ms): 990.0 | throughput (samples/sec/per_device): 12.122 | learning rate: 2.315635E-05 | global batch size:    96 | action loss: 1.758185E-01 | loss scale: 1.0 | grad norm: 0.439724 | number of skipped iterations:   0 | number of nan iterations:   0 |
2026-08-23 08:25:02 [INFO] iteration      188/    1000 | consumed samples:        18048 | elapsed time per iteration (ms): 990.0 | throughput (samples/sec/per_device): 12.121 | learning rate: 2.313601E-05 | global batch size:    96 | action loss: 1.755304E-01 | loss scale: 1.0 | grad norm: 0.538397 | number of skipped iterations:   0 | number of nan iterations:   0 |
2026-08-23 08:25:03 [INFO] iteration      189/    1000 | consumed samples:        18144 | elapsed time per iteration (ms): 989.5 | throughput (samples/sec/per_device): 12.127 | learning rate: 2.311558E-05 | global batch size:    96 | action loss: 1.808146E-01 | loss scale: 1.0 | grad norm: 0.454291 | number of skipped iterations:   0 | number of nan iterations:   0 |
2026-08-23 08:25:04 [INFO] iteration      190/    1000 | consumed samples:        18240 | elapsed time per iteration (ms): 987.5 | throughput (samples/sec/per_device): 12.151 | learning rate: 2.309504E-05 | global batch size:    96 | action loss: 1.796039E-01 | loss scale: 1.0 | grad norm: 0.624964 | number of skipped iterations:   0 | number of nan iterations:   0 |
2026-08-23 08:25:05 [INFO] iteration      191/    1000 | consumed samples:        18336 | elapsed time per iteration (ms): 987.1 | throughput (samples/sec/per_device): 12.157 | learning rate: 2.307440E-05 | global batch size:    96 | action loss: 2.130183E-01 | loss scale: 1.0 | grad norm: 0.590608 | number of skipped iterations:   0 | number of nan iterations:   0 |
2026-08-23 08:25:06 [INFO] iteration      192/    1000 | consumed samples:        18432 | elapsed time per iteration (ms): 987.5 | throughput (samples/sec/per_device): 12.152 | learning rate: 2.305366E-05 | global batch size:    96 | action loss: 1.695078E-01 | loss scale: 1.0 | grad norm: 0.570426 | number of skipped iterations:   0 | number of nan iterations:   0 |
2026-08-23 08:25:07 [INFO] iteration      193/    1000 | consumed samples:        18528 | elapsed time per iteration (ms): 988.8 | throughput (samples/sec/per_device): 12.135 | learning rate: 2.303282E-05 | global batch size:    96 | action loss: 1.845423E-01 | loss scale: 1.0 | grad norm: 0.977593 | number of skipped iterations:   0 | number of nan iterations:   0 |
2026-08-23 08:25:08 [INFO] iteration      194/    1000 | consumed samples:        18624 | elapsed time per iteration (ms): 989.1 | throughput (samples/sec/per_device): 12.132 | learning rate: 2.301188E-05 | global batch size:    96 | action loss: 1.932098E-01 | loss scale: 1.0 | grad norm: 0.702551 | number of skipped iterations:   0 | number of nan iterations:   0 |
2026-08-23 08:25:09 [INFO] iteration      195/    1000 | consumed samples:        18720 | elapsed time per iteration (ms): 992.0 | throughput (samples/sec/per_device): 12.097 | learning rate: 2.299084E-05 | global batch size:    96 | action loss: 1.745954E-01 | loss scale: 1.0 | grad norm: 0.589778 | number of skipped iterations:   0 | number of nan iterations:   0 |
2026-08-23 08:25:10 [INFO] iteration      196/    1000 | consumed samples:        18816 | elapsed time per iteration (ms): 991.0 | throughput (samples/sec/per_device): 12.109 | learning rate: 2.296969E-05 | global batch size:    96 | action loss: 1.753037E-01 | loss scale: 1.0 | grad norm: 0.462254 | number of skipped iterations:   0 | number of nan iterations:   0 |
2026-08-23 08:25:11 [INFO] iteration      197/    1000 | consumed samples:        18912 | elapsed time per iteration (ms): 990.0 | throughput (samples/sec/per_device): 12.121 | learning rate: 2.294845E-05 | global batch size:    96 | action loss: 1.790584E-01 | loss scale: 1.0 | grad norm: 0.457690 | number of skipped iterations:   0 | number of nan iterations:   0 |
2026-08-23 08:25:12 [INFO] iteration      198/    1000 | consumed samples:        19008 | elapsed time per iteration (ms): 988.7 | throughput (samples/sec/per_device): 12.138 | learning rate: 2.292711E-05 | global batch size:    96 | action loss: 1.645354E-01 | loss scale: 1.0 | grad norm: 0.537005 | number of skipped iterations:   0 | number of nan iterations:   0 |
2026-08-23 08:25:13 [INFO] iteration      199/    1000 | consumed samples:        19104 | elapsed time per iteration (ms): 991.5 | throughput (samples/sec/per_device): 12.103 | learning rate: 2.290566E-05 | global batch size:    96 | action loss: 1.964748E-01 | loss scale: 1.0 | grad norm: 0.576297 | number of skipped iterations:   0 | number of nan iterations:   0 |
2026-08-23 08:25:14 [INFO] iteration      200/    1000 | consumed samples:        19200 | elapsed time per iteration (ms): 1002.6 | throughput (samples/sec/per_device): 11.969 | learning rate: 2.288412E-05 | global batch size:    96 | action loss: 2.042562E-01 | loss scale: 1.0 | grad norm: 0.551906 | number of skipped iterations:   0 | number of nan iterations:   0 |
2026-08-23 08:25:14 [INFO] max time across ranks (ms):
    forward-backward................................: 868.05
    forward-compute.................................: 279.11
    backward-compute................................: 588.21
    batch-generator.................................: 1.52
    nan-grad-cleanup................................: 13.29
    grad-clip.......................................: 34.11
    optimizer.......................................: 86.43
    optimizer-inner-step............................: 86.33
    optimizer-scheduler-step........................: 0.05
    optimizer-zero-grad.............................: 1.07
2026-08-23 08:25:15 [INFO] iteration      201/    1000 | consumed samples:        19296 | elapsed time per iteration (ms): 991.5 | throughput (samples/sec/per_device): 12.103 | learning rate: 2.286248E-05 | global batch size:    96 | action loss: 2.071772E-01 | loss scale: 1.0 | grad norm: 0.463302 | number of skipped iterations:   0 | number of nan iterations:   0 |
2026-08-23 08:25:16 [INFO] iteration      202/    1000 | consumed samples:        19392 | elapsed time per iteration (ms): 988.7 | throughput (samples/sec/per_device): 12.137 | learning rate: 2.284073E-05 | global batch size:    96 | action loss: 1.984689E-01 | loss scale: 1.0 | grad norm: 0.527835 | number of skipped iterations:   0 | number of nan iterations:   0 |
2026-08-23 08:25:17 [INFO] iteration      203/    1000 | consumed samples:        19488 | elapsed time per iteration (ms): 988.4 | throughput (samples/sec/per_device): 12.140 | learning rate: 2.281889E-05 | global batch size:    96 | action loss: 1.720492E-01 | loss scale: 1.0 | grad norm: 0.455581 | number of skipped iterations:   0 | number of nan iterations:   0 |
2026-08-23 08:25:18 [INFO] iteration      204/    1000 | consumed samples:        19584 | elapsed time per iteration (ms): 989.3 | throughput (samples/sec/per_device): 12.130 | learning rate: 2.279695E-05 | global batch size:    96 | action loss: 1.678973E-01 | loss scale: 1.0 | grad norm: 0.784221 | number of skipped iterations:   0 | number of nan iterations:   0 |
2026-08-23 08:25:19 [INFO] iteration      205/    1000 | consumed samples:        19680 | elapsed time per iteration (ms): 986.0 | throughput (samples/sec/per_device): 12.170 | learning rate: 2.277491E-05 | global batch size:    96 | action loss: 1.932277E-01 | loss scale: 1.0 | grad norm: 0.489526 | number of skipped iterations:   0 | number of nan iterations:   0 |
2026-08-23 08:25:20 [INFO] iteration      206/    1000 | consumed samples:        19776 | elapsed time per iteration (ms): 988.8 | throughput (samples/sec/per_device): 12.136 | learning rate: 2.275277E-05 | global batch size:    96 | action loss: 1.824894E-01 | loss scale: 1.0 | grad norm: 0.514600 | number of skipped iterations:   0 | number of nan iterations:   0 |
2026-08-23 08:25:21 [INFO] iteration      207/    1000 | consumed samples:        19872 | elapsed time per iteration (ms): 990.9 | throughput (samples/sec/per_device): 12.110 | learning rate: 2.273054E-05 | global batch size:    96 | action loss: 1.782400E-01 | loss scale: 1.0 | grad norm: 0.521960 | number of skipped iterations:   0 | number of nan iterations:   0 |
2026-08-23 08:25:22 [INFO] iteration      208/    1000 | consumed samples:        19968 | elapsed time per iteration (ms): 991.1 | throughput (samples/sec/per_device): 12.107 | learning rate: 2.270820E-05 | global batch size:    96 | action loss: 1.895487E-01 | loss scale: 1.0 | grad norm: 0.509150 | number of skipped iterations:   0 | number of nan iterations:   0 |
2026-08-23 08:25:23 [INFO] iteration      209/    1000 | consumed samples:        20064 | elapsed time per iteration (ms): 996.9 | throughput (samples/sec/per_device): 12.038 | learning rate: 2.268577E-05 | global batch size:    96 | action loss: 1.764060E-01 | loss scale: 1.0 | grad norm: 0.553408 | number of skipped iterations:   0 | number of nan iterations:   0 |
2026-08-23 08:25:24 [INFO] iteration      210/    1000 | consumed samples:        20160 | elapsed time per iteration (ms): 989.8 | throughput (samples/sec/per_device): 12.123 | learning rate: 2.266324E-05 | global batch size:    96 | action loss: 1.527700E-01 | loss scale: 1.0 | grad norm: 0.486684 | number of skipped iterations:   0 | number of nan iterations:   0 |
2026-08-23 08:25:25 [INFO] iteration      211/    1000 | consumed samples:        20256 | elapsed time per iteration (ms): 994.2 | throughput (samples/sec/per_device): 12.070 | learning rate: 2.264062E-05 | global batch size:    96 | action loss: 1.624090E-01 | loss scale: 1.0 | grad norm: 0.559143 | number of skipped iterations:   0 | number of nan iterations:   0 |
2026-08-23 08:25:26 [INFO] iteration      212/    1000 | consumed samples:        20352 | elapsed time per iteration (ms): 991.3 | throughput (samples/sec/per_device): 12.105 | learning rate: 2.261789E-05 | global batch size:    96 | action loss: 1.930975E-01 | loss scale: 1.0 | grad norm: 0.686230 | number of skipped iterations:   0 | number of nan iterations:   0 |
2026-08-23 08:25:27 [INFO] iteration      213/    1000 | consumed samples:        20448 | elapsed time per iteration (ms): 991.6 | throughput (samples/sec/per_device): 12.102 | learning rate: 2.259507E-05 | global batch size:    96 | action loss: 1.846798E-01 | loss scale: 1.0 | grad norm: 0.738176 | number of skipped iterations:   0 | number of nan iterations:   0 |
2026-08-23 08:25:28 [INFO] iteration      214/    1000 | consumed samples:        20544 | elapsed time per iteration (ms): 993.9 | throughput (samples/sec/per_device): 12.074 | learning rate: 2.257216E-05 | global batch size:    96 | action loss: 1.924879E-01 | loss scale: 1.0 | grad norm: 0.735958 | number of skipped iterations:   0 | number of nan iterations:   0 |
2026-08-23 08:25:29 [INFO] iteration      215/    1000 | consumed samples:        20640 | elapsed time per iteration (ms): 988.8 | throughput (samples/sec/per_device): 12.136 | learning rate: 2.254914E-05 | global batch size:    96 | action loss: 1.757800E-01 | loss scale: 1.0 | grad norm: 0.635408 | number of skipped iterations:   0 | number of nan iterations:   0 |
2026-08-23 08:25:30 [INFO] iteration      216/    1000 | consumed samples:        20736 | elapsed time per iteration (ms): 988.8 | throughput (samples/sec/per_device): 12.137 | learning rate: 2.252603E-05 | global batch size:    96 | action loss: 1.826281E-01 | loss scale: 1.0 | grad norm: 0.812915 | number of skipped iterations:   0 | number of nan iterations:   0 |
2026-08-23 08:25:31 [INFO] iteration      217/    1000 | consumed samples:        20832 | elapsed time per iteration (ms): 995.2 | throughput (samples/sec/per_device): 12.058 | learning rate: 2.250283E-05 | global batch size:    96 | action loss: 1.954174E-01 | loss scale: 1.0 | grad norm: 0.575592 | number of skipped iterations:   0 | number of nan iterations:   0 |
2026-08-23 08:25:32 [INFO] iteration      218/    1000 | consumed samples:        20928 | elapsed time per iteration (ms): 988.2 | throughput (samples/sec/per_device): 12.143 | learning rate: 2.247953E-05 | global batch size:    96 | action loss: 1.995177E-01 | loss scale: 1.0 | grad norm: 0.678026 | number of skipped iterations:   0 | number of nan iterations:   0 |
2026-08-23 08:25:33 [INFO] iteration      219/    1000 | consumed samples:        21024 | elapsed time per iteration (ms): 990.0 | throughput (samples/sec/per_device): 12.122 | learning rate: 2.245613E-05 | global batch size:    96 | action loss: 2.012360E-01 | loss scale: 1.0 | grad norm: 0.570784 | number of skipped iterations:   0 | number of nan iterations:   0 |
2026-08-23 08:25:34 [INFO] iteration      220/    1000 | consumed samples:        21120 | elapsed time per iteration (ms): 1009.9 | throughput (samples/sec/per_device): 11.882 | learning rate: 2.243264E-05 | global batch size:    96 | action loss: 1.961040E-01 | loss scale: 1.0 | grad norm: 0.532786 | number of skipped iterations:   0 | number of nan iterations:   0 |
2026-08-23 08:25:34 [INFO] max time across ranks (ms):
    forward-backward................................: 877.02
    forward-compute.................................: 287.50
    backward-compute................................: 597.40
    batch-generator.................................: 1.42
    nan-grad-cleanup................................: 13.48
    grad-clip.......................................: 33.33
    optimizer.......................................: 85.31
    optimizer-inner-step............................: 85.22
    optimizer-scheduler-step........................: 0.09
    optimizer-zero-grad.............................: 1.26
2026-08-23 08:25:35 [INFO] iteration      221/    1000 | consumed samples:        21216 | elapsed time per iteration (ms): 989.6 | throughput (samples/sec/per_device): 12.126 | learning rate: 2.240905E-05 | global batch size:    96 | action loss: 1.880167E-01 | loss scale: 1.0 | grad norm: 0.598713 | number of skipped iterations:   0 | number of nan iterations:   0 |
2026-08-23 08:25:36 [INFO] iteration      222/    1000 | consumed samples:        21312 | elapsed time per iteration (ms): 988.2 | throughput (samples/sec/per_device): 12.144 | learning rate: 2.238537E-05 | global batch size:    96 | action loss: 1.798606E-01 | loss scale: 1.0 | grad norm: 0.561673 | number of skipped iterations:   0 | number of nan iterations:   0 |
2026-08-23 08:25:37 [INFO] iteration      223/    1000 | consumed samples:        21408 | elapsed time per iteration (ms): 987.5 | throughput (samples/sec/per_device): 12.152 | learning rate: 2.236159E-05 | global batch size:    96 | action loss: 1.882470E-01 | loss scale: 1.0 | grad norm: 0.556247 | number of skipped iterations:   0 | number of nan iterations:   0 |
2026-08-23 08:25:38 [INFO] iteration      224/    1000 | consumed samples:        21504 | elapsed time per iteration (ms): 990.6 | throughput (samples/sec/per_device): 12.113 | learning rate: 2.233772E-05 | global batch size:    96 | action loss: 2.043068E-01 | loss scale: 1.0 | grad norm: 0.639419 | number of skipped iterations:   0 | number of nan iterations:   0 |
2026-08-23 08:25:39 [INFO] iteration      225/    1000 | consumed samples:        21600 | elapsed time per iteration (ms): 987.9 | throughput (samples/sec/per_device): 12.147 | learning rate: 2.231376E-05 | global batch size:    96 | action loss: 1.868006E-01 | loss scale: 1.0 | grad norm: 0.626446 | number of skipped iterations:   0 | number of nan iterations:   0 |
2026-08-23 08:25:40 [INFO] iteration      226/    1000 | consumed samples:        21696 | elapsed time per iteration (ms): 989.1 | throughput (samples/sec/per_device): 12.133 | learning rate: 2.228970E-05 | global batch size:    96 | action loss: 1.746224E-01 | loss scale: 1.0 | grad norm: 0.482605 | number of skipped iterations:   0 | number of nan iterations:   0 |
2026-08-23 08:25:41 [INFO] iteration      227/    1000 | consumed samples:        21792 | elapsed time per iteration (ms): 989.7 | throughput (samples/sec/per_device): 12.125 | learning rate: 2.226555E-05 | global batch size:    96 | action loss: 1.636376E-01 | loss scale: 1.0 | grad norm: 0.536537 | number of skipped iterations:   0 | number of nan iterations:   0 |
2026-08-23 08:25:42 [INFO] iteration      228/    1000 | consumed samples:        21888 | elapsed time per iteration (ms): 990.1 | throughput (samples/sec/per_device): 12.120 | learning rate: 2.224130E-05 | global batch size:    96 | action loss: 1.812221E-01 | loss scale: 1.0 | grad norm: 0.528400 | number of skipped iterations:   0 | number of nan iterations:   0 |
2026-08-23 08:25:42 [INFO] iteration      229/    1000 | consumed samples:        21984 | elapsed time per iteration (ms): 997.2 | throughput (samples/sec/per_device): 12.034 | learning rate: 2.221696E-05 | global batch size:    96 | action loss: 1.874696E-01 | loss scale: 1.0 | grad norm: 0.696625 | number of skipped iterations:   0 | number of nan iterations:   0 |
2026-08-23 08:25:43 [INFO] iteration      230/    1000 | consumed samples:        22080 | elapsed time per iteration (ms): 988.2 | throughput (samples/sec/per_device): 12.144 | learning rate: 2.219253E-05 | global batch size:    96 | action loss: 1.825110E-01 | loss scale: 1.0 | grad norm: 0.560027 | number of skipped iterations:   0 | number of nan iterations:   0 |
2026-08-23 08:25:44 [INFO] iteration      231/    1000 | consumed samples:        22176 | elapsed time per iteration (ms): 992.8 | throughput (samples/sec/per_device): 12.088 | learning rate: 2.216801E-05 | global batch size:    96 | action loss: 1.525956E-01 | loss scale: 1.0 | grad norm: 0.455810 | number of skipped iterations:   0 | number of nan iterations:   0 |
2026-08-23 08:25:45 [INFO] iteration      232/    1000 | consumed samples:        22272 | elapsed time per iteration (ms): 989.5 | throughput (samples/sec/per_device): 12.127 | learning rate: 2.214339E-05 | global batch size:    96 | action loss: 1.687996E-01 | loss scale: 1.0 | grad norm: 0.552469 | number of skipped iterations:   0 | number of nan iterations:   0 |
2026-08-23 08:25:46 [INFO] iteration      233/    1000 | consumed samples:        22368 | elapsed time per iteration (ms): 993.2 | throughput (samples/sec/per_device): 12.082 | learning rate: 2.211869E-05 | global batch size:    96 | action loss: 1.704499E-01 | loss scale: 1.0 | grad norm: 0.557496 | number of skipped iterations:   0 | number of nan iterations:   0 |
2026-08-23 08:25:47 [INFO] iteration      234/    1000 | consumed samples:        22464 | elapsed time per iteration (ms): 989.0 | throughput (samples/sec/per_device): 12.133 | learning rate: 2.209389E-05 | global batch size:    96 | action loss: 1.733248E-01 | loss scale: 1.0 | grad norm: 0.510457 | number of skipped iterations:   0 | number of nan iterations:   0 |
2026-08-23 08:25:48 [INFO] iteration      235/    1000 | consumed samples:        22560 | elapsed time per iteration (ms): 989.3 | throughput (samples/sec/per_device): 12.129 | learning rate: 2.206899E-05 | global batch size:    96 | action loss: 1.662935E-01 | loss scale: 1.0 | grad norm: 0.541837 | number of skipped iterations:   0 | number of nan iterations:   0 |
2026-08-23 08:25:49 [INFO] iteration      236/    1000 | consumed samples:        22656 | elapsed time per iteration (ms): 989.6 | throughput (samples/sec/per_device): 12.126 | learning rate: 2.204401E-05 | global batch size:    96 | action loss: 1.773735E-01 | loss scale: 1.0 | grad norm: 0.521473 | number of skipped iterations:   0 | number of nan iterations:   0 |
2026-08-23 08:25:50 [INFO] iteration      237/    1000 | consumed samples:        22752 | elapsed time per iteration (ms): 987.7 | throughput (samples/sec/per_device): 12.149 | learning rate: 2.201894E-05 | global batch size:    96 | action loss: 1.801527E-01 | loss scale: 1.0 | grad norm: 0.614820 | number of skipped iterations:   0 | number of nan iterations:   0 |
2026-08-23 08:25:51 [INFO] iteration      238/    1000 | consumed samples:        22848 | elapsed time per iteration (ms): 987.3 | throughput (samples/sec/per_device): 12.155 | learning rate: 2.199377E-05 | global batch size:    96 | action loss: 1.767164E-01 | loss scale: 1.0 | grad norm: 0.472047 | number of skipped iterations:   0 | number of nan iterations:   0 |
2026-08-23 08:25:52 [INFO] iteration      239/    1000 | consumed samples:        22944 | elapsed time per iteration (ms): 987.6 | throughput (samples/sec/per_device): 12.150 | learning rate: 2.196852E-05 | global batch size:    96 | action loss: 1.863907E-01 | loss scale: 1.0 | grad norm: 0.695049 | number of skipped iterations:   0 | number of nan iterations:   0 |
2026-08-23 08:25:53 [INFO] iteration      240/    1000 | consumed samples:        23040 | elapsed time per iteration (ms): 1004.4 | throughput (samples/sec/per_device): 11.948 | learning rate: 2.194317E-05 | global batch size:    96 | action loss: 1.678170E-01 | loss scale: 1.0 | grad norm: 0.578778 | number of skipped iterations:   0 | number of nan iterations:   0 |
2026-08-23 08:25:53 [INFO] max time across ranks (ms):
    forward-backward................................: 868.35
    forward-compute.................................: 278.85
    backward-compute................................: 589.01
    batch-generator.................................: 1.62
    nan-grad-cleanup................................: 13.31
    grad-clip.......................................: 35.81
    optimizer.......................................: 88.13
    optimizer-inner-step............................: 88.03
    optimizer-scheduler-step........................: 0.09
    optimizer-zero-grad.............................: 1.36
2026-08-23 08:25:54 [INFO] iteration      241/    1000 | consumed samples:        23136 | elapsed time per iteration (ms): 989.5 | throughput (samples/sec/per_device): 12.128 | learning rate: 2.191774E-05 | global batch size:    96 | action loss: 1.644960E-01 | loss scale: 1.0 | grad norm: 0.544431 | number of skipped iterations:   0 | number of nan iterations:   0 |
2026-08-23 08:25:55 [INFO] iteration      242/    1000 | consumed samples:        23232 | elapsed time per iteration (ms): 985.9 | throughput (samples/sec/per_device): 12.172 | learning rate: 2.189221E-05 | global batch size:    96 | action loss: 1.622211E-01 | loss scale: 1.0 | grad norm: 0.445257 | number of skipped iterations:   0 | number of nan iterations:   0 |
2026-08-23 08:25:56 [INFO] iteration      243/    1000 | consumed samples:        23328 | elapsed time per iteration (ms): 986.3 | throughput (samples/sec/per_device): 12.167 | learning rate: 2.186660E-05 | global batch size:    96 | action loss: 1.790757E-01 | loss scale: 1.0 | grad norm: 0.581161 | number of skipped iterations:   0 | number of nan iterations:   0 |
2026-08-23 08:25:57 [INFO] iteration      244/    1000 | consumed samples:        23424 | elapsed time per iteration (ms): 988.9 | throughput (samples/sec/per_device): 12.135 | learning rate: 2.184089E-05 | global batch size:    96 | action loss: 1.710041E-01 | loss scale: 1.0 | grad norm: 0.517496 | number of skipped iterations:   0 | number of nan iterations:   0 |
2026-08-23 08:25:58 [INFO] iteration      245/    1000 | consumed samples:        23520 | elapsed time per iteration (ms): 987.1 | throughput (samples/sec/per_device): 12.156 | learning rate: 2.181510E-05 | global batch size:    96 | action loss: 1.742106E-01 | loss scale: 1.0 | grad norm: 0.480987 | number of skipped iterations:   0 | number of nan iterations:   0 |
2026-08-23 08:25:59 [INFO] iteration      246/    1000 | consumed samples:        23616 | elapsed time per iteration (ms): 989.0 | throughput (samples/sec/per_device): 12.134 | learning rate: 2.178922E-05 | global batch size:    96 | action loss: 1.689039E-01 | loss scale: 1.0 | grad norm: 0.430143 | number of skipped iterations:   0 | number of nan iterations:   0 |
2026-08-23 08:26:00 [INFO] iteration      247/    1000 | consumed samples:        23712 | elapsed time per iteration (ms): 988.1 | throughput (samples/sec/per_device): 12.145 | learning rate: 2.176325E-05 | global batch size:    96 | action loss: 1.661747E-01 | loss scale: 1.0 | grad norm: 0.459146 | number of skipped iterations:   0 | number of nan iterations:   0 |
2026-08-23 08:26:01 [INFO] iteration      248/    1000 | consumed samples:        23808 | elapsed time per iteration (ms): 989.4 | throughput (samples/sec/per_device): 12.128 | learning rate: 2.173719E-05 | global batch size:    96 | action loss: 1.857082E-01 | loss scale: 1.0 | grad norm: 0.518975 | number of skipped iterations:   0 | number of nan iterations:   0 |
2026-08-23 08:26:02 [INFO] iteration      249/    1000 | consumed samples:        23904 | elapsed time per iteration (ms): 992.3 | throughput (samples/sec/per_device): 12.093 | learning rate: 2.171104E-05 | global batch size:    96 | action loss: 1.728291E-01 | loss scale: 1.0 | grad norm: 0.550551 | number of skipped iterations:   0 | number of nan iterations:   0 |
2026-08-23 08:26:03 [INFO] iteration      250/    1000 | consumed samples:        24000 | elapsed time per iteration (ms): 986.2 | throughput (samples/sec/per_device): 12.168 | learning rate: 2.168481E-05 | global batch size:    96 | action loss: 1.866259E-01 | loss scale: 1.0 | grad norm: 0.682512 | number of skipped iterations:   0 | number of nan iterations:   0 |
2026-08-23 08:26:04 [INFO] iteration      251/    1000 | consumed samples:        24096 | elapsed time per iteration (ms): 985.4 | throughput (samples/sec/per_device): 12.178 | learning rate: 2.165849E-05 | global batch size:    96 | action loss: 1.785024E-01 | loss scale: 1.0 | grad norm: 0.586642 | number of skipped iterations:   0 | number of nan iterations:   0 |
2026-08-23 08:26:05 [INFO] iteration      252/    1000 | consumed samples:        24192 | elapsed time per iteration (ms): 986.4 | throughput (samples/sec/per_device): 12.166 | learning rate: 2.163208E-05 | global batch size:    96 | action loss: 1.740843E-01 | loss scale: 1.0 | grad norm: 0.528586 | number of skipped iterations:   0 | number of nan iterations:   0 |
2026-08-23 08:26:06 [INFO] iteration      253/    1000 | consumed samples:        24288 | elapsed time per iteration (ms): 986.5 | throughput (samples/sec/per_device): 12.164 | learning rate: 2.160558E-05 | global batch size:    96 | action loss: 1.447341E-01 | loss scale: 1.0 | grad norm: 0.527872 | number of skipped iterations:   0 | number of nan iterations:   0 |
2026-08-23 08:26:07 [INFO] iteration      254/    1000 | consumed samples:        24384 | elapsed time per iteration (ms): 984.6 | throughput (samples/sec/per_device): 12.188 | learning rate: 2.157900E-05 | global batch size:    96 | action loss: 2.107315E-01 | loss scale: 1.0 | grad norm: 0.609790 | number of skipped iterations:   0 | number of nan iterations:   0 |
2026-08-23 08:26:08 [INFO] iteration      255/    1000 | consumed samples:        24480 | elapsed time per iteration (ms): 983.7 | throughput (samples/sec/per_device): 12.199 | learning rate: 2.155233E-05 | global batch size:    96 | action loss: 1.666008E-01 | loss scale: 1.0 | grad norm: 0.522333 | number of skipped iterations:   0 | number of nan iterations:   0 |
2026-08-23 08:26:09 [INFO] iteration      256/    1000 | consumed samples:        24576 | elapsed time per iteration (ms): 984.5 | throughput (samples/sec/per_device): 12.188 | learning rate: 2.152557E-05 | global batch size:    96 | action loss: 1.615724E-01 | loss scale: 1.0 | grad norm: 0.421727 | number of skipped iterations:   0 | number of nan iterations:   0 |
2026-08-23 08:26:10 [INFO] iteration      257/    1000 | consumed samples:        24672 | elapsed time per iteration (ms): 988.5 | throughput (samples/sec/per_device): 12.139 | learning rate: 2.149873E-05 | global batch size:    96 | action loss: 1.592436E-01 | loss scale: 1.0 | grad norm: 0.636500 | number of skipped iterations:   0 | number of nan iterations:   0 |
2026-08-23 08:26:11 [INFO] iteration      258/    1000 | consumed samples:        24768 | elapsed time per iteration (ms): 987.8 | throughput (samples/sec/per_device): 12.148 | learning rate: 2.147181E-05 | global batch size:    96 | action loss: 1.505403E-01 | loss scale: 1.0 | grad norm: 0.409224 | number of skipped iterations:   0 | number of nan iterations:   0 |
2026-08-23 08:26:12 [INFO] iteration      259/    1000 | consumed samples:        24864 | elapsed time per iteration (ms): 985.1 | throughput (samples/sec/per_device): 12.182 | learning rate: 2.144480E-05 | global batch size:    96 | action loss: 1.577570E-01 | loss scale: 1.0 | grad norm: 0.574646 | number of skipped iterations:   0 | number of nan iterations:   0 |
2026-08-23 08:26:13 [INFO] iteration      260/    1000 | consumed samples:        24960 | elapsed time per iteration (ms): 1007.2 | throughput (samples/sec/per_device): 11.915 | learning rate: 2.141770E-05 | global batch size:    96 | action loss: 1.881113E-01 | loss scale: 1.0 | grad norm: 0.493226 | number of skipped iterations:   0 | number of nan iterations:   0 |
2026-08-23 08:26:13 [INFO] max time across ranks (ms):
    forward-backward................................: 865.00
    forward-compute.................................: 278.86
    backward-compute................................: 584.57
    batch-generator.................................: 1.47
    nan-grad-cleanup................................: 16.57
    grad-clip.......................................: 39.84
    optimizer.......................................: 93.73
    optimizer-inner-step............................: 93.64
    optimizer-scheduler-step........................: 0.06
    optimizer-zero-grad.............................: 0.91
2026-08-23 08:26:14 [INFO] iteration      261/    1000 | consumed samples:        25056 | elapsed time per iteration (ms): 997.4 | throughput (samples/sec/per_device): 12.032 | learning rate: 2.139052E-05 | global batch size:    96 | action loss: 1.592984E-01 | loss scale: 1.0 | grad norm: 0.562705 | number of skipped iterations:   0 | number of nan iterations:   0 |
2026-08-23 08:26:15 [INFO] iteration      262/    1000 | consumed samples:        25152 | elapsed time per iteration (ms): 985.7 | throughput (samples/sec/per_device): 12.174 | learning rate: 2.136325E-05 | global batch size:    96 | action loss: 1.796204E-01 | loss scale: 1.0 | grad norm: 0.572374 | number of skipped iterations:   0 | number of nan iterations:   0 |
2026-08-23 08:26:16 [INFO] iteration      263/    1000 | consumed samples:        25248 | elapsed time per iteration (ms): 982.8 | throughput (samples/sec/per_device): 12.210 | learning rate: 2.133590E-05 | global batch size:    96 | action loss: 1.740620E-01 | loss scale: 1.0 | grad norm: 0.561921 | number of skipped iterations:   0 | number of nan iterations:   0 |
2026-08-23 08:26:17 [INFO] iteration      264/    1000 | consumed samples:        25344 | elapsed time per iteration (ms): 988.1 | throughput (samples/sec/per_device): 12.144 | learning rate: 2.130847E-05 | global batch size:    96 | action loss: 1.618471E-01 | loss scale: 1.0 | grad norm: 0.619914 | number of skipped iterations:   0 | number of nan iterations:   0 |
2026-08-23 08:26:18 [INFO] iteration      265/    1000 | consumed samples:        25440 | elapsed time per iteration (ms): 982.1 | throughput (samples/sec/per_device): 12.218 | learning rate: 2.128095E-05 | global batch size:    96 | action loss: 1.776141E-01 | loss scale: 1.0 | grad norm: 0.654957 | number of skipped iterations:   0 | number of nan iterations:   0 |
2026-08-23 08:26:19 [INFO] iteration      266/    1000 | consumed samples:        25536 | elapsed time per iteration (ms): 988.3 | throughput (samples/sec/per_device): 12.142 | learning rate: 2.125335E-05 | global batch size:    96 | action loss: 2.085453E-01 | loss scale: 1.0 | grad norm: 0.702260 | number of skipped iterations:   0 | number of nan iterations:   0 |
2026-08-23 08:26:20 [INFO] iteration      267/    1000 | consumed samples:        25632 | elapsed time per iteration (ms): 983.0 | throughput (samples/sec/per_device): 12.208 | learning rate: 2.122566E-05 | global batch size:    96 | action loss: 1.768283E-01 | loss scale: 1.0 | grad norm: 0.396560 | number of skipped iterations:   0 | number of nan iterations:   0 |
2026-08-23 08:26:21 [INFO] iteration      268/    1000 | consumed samples:        25728 | elapsed time per iteration (ms): 982.4 | throughput (samples/sec/per_device): 12.215 | learning rate: 2.119789E-05 | global batch size:    96 | action loss: 1.688594E-01 | loss scale: 1.0 | grad norm: 0.478297 | number of skipped iterations:   0 | number of nan iterations:   0 |
2026-08-23 08:26:22 [INFO] iteration      269/    1000 | consumed samples:        25824 | elapsed time per iteration (ms): 986.4 | throughput (samples/sec/per_device): 12.165 | learning rate: 2.117005E-05 | global batch size:    96 | action loss: 1.539825E-01 | loss scale: 1.0 | grad norm: 0.444906 | number of skipped iterations:   0 | number of nan iterations:   0 |
2026-08-23 08:26:23 [INFO] iteration      270/    1000 | consumed samples:        25920 | elapsed time per iteration (ms): 984.2 | throughput (samples/sec/per_device): 12.193 | learning rate: 2.114211E-05 | global batch size:    96 | action loss: 1.654563E-01 | loss scale: 1.0 | grad norm: 0.530563 | number of skipped iterations:   0 | number of nan iterations:   0 |
2026-08-23 08:26:24 [INFO] iteration      271/    1000 | consumed samples:        26016 | elapsed time per iteration (ms): 983.8 | throughput (samples/sec/per_device): 12.197 | learning rate: 2.111410E-05 | global batch size:    96 | action loss: 1.835847E-01 | loss scale: 1.0 | grad norm: 0.510619 | number of skipped iterations:   0 | number of nan iterations:   0 |
2026-08-23 08:26:25 [INFO] iteration      272/    1000 | consumed samples:        26112 | elapsed time per iteration (ms): 983.0 | throughput (samples/sec/per_device): 12.207 | learning rate: 2.108600E-05 | global batch size:    96 | action loss: 1.633058E-01 | loss scale: 1.0 | grad norm: 0.530403 | number of skipped iterations:   0 | number of nan iterations:   0 |
2026-08-23 08:26:26 [INFO] iteration      273/    1000 | consumed samples:        26208 | elapsed time per iteration (ms): 983.4 | throughput (samples/sec/per_device): 12.203 | learning rate: 2.105783E-05 | global batch size:    96 | action loss: 2.174243E-01 | loss scale: 1.0 | grad norm: 0.864500 | number of skipped iterations:   0 | number of nan iterations:   0 |
2026-08-23 08:26:27 [INFO] iteration      274/    1000 | consumed samples:        26304 | elapsed time per iteration (ms): 987.4 | throughput (samples/sec/per_device): 12.154 | learning rate: 2.102957E-05 | global batch size:    96 | action loss: 2.064493E-01 | loss scale: 1.0 | grad norm: 0.458472 | number of skipped iterations:   0 | number of nan iterations:   0 |
2026-08-23 08:26:28 [INFO] iteration      275/    1000 | consumed samples:        26400 | elapsed time per iteration (ms): 987.4 | throughput (samples/sec/per_device): 12.153 | learning rate: 2.100123E-05 | global batch size:    96 | action loss: 2.028670E-01 | loss scale: 1.0 | grad norm: 0.448044 | number of skipped iterations:   0 | number of nan iterations:   0 |
2026-08-23 08:26:29 [INFO] iteration      276/    1000 | consumed samples:        26496 | elapsed time per iteration (ms): 981.6 | throughput (samples/sec/per_device): 12.225 | learning rate: 2.097281E-05 | global batch size:    96 | action loss: 1.915177E-01 | loss scale: 1.0 | grad norm: 0.706902 | number of skipped iterations:   0 | number of nan iterations:   0 |
2026-08-23 08:26:30 [INFO] iteration      277/    1000 | consumed samples:        26592 | elapsed time per iteration (ms): 983.7 | throughput (samples/sec/per_device): 12.199 | learning rate: 2.094431E-05 | global batch size:    96 | action loss: 2.074988E-01 | loss scale: 1.0 | grad norm: 0.467972 | number of skipped iterations:   0 | number of nan iterations:   0 |
2026-08-23 08:26:31 [INFO] iteration      278/    1000 | consumed samples:        26688 | elapsed time per iteration (ms): 982.0 | throughput (samples/sec/per_device): 12.220 | learning rate: 2.091573E-05 | global batch size:    96 | action loss: 1.733480E-01 | loss scale: 1.0 | grad norm: 0.574931 | number of skipped iterations:   0 | number of nan iterations:   0 |
2026-08-23 08:26:32 [INFO] iteration      279/    1000 | consumed samples:        26784 | elapsed time per iteration (ms): 982.3 | throughput (samples/sec/per_device): 12.216 | learning rate: 2.088707E-05 | global batch size:    96 | action loss: 1.704585E-01 | loss scale: 1.0 | grad norm: 0.680366 | number of skipped iterations:   0 | number of nan iterations:   0 |
2026-08-23 08:26:33 [INFO] iteration      280/    1000 | consumed samples:        26880 | elapsed time per iteration (ms): 999.3 | throughput (samples/sec/per_device): 12.008 | learning rate: 2.085833E-05 | global batch size:    96 | action loss: 1.481789E-01 | loss scale: 1.0 | grad norm: 0.691379 | number of skipped iterations:   0 | number of nan iterations:   0 |
2026-08-23 08:26:33 [INFO] max time across ranks (ms):
    forward-backward................................: 866.42
    forward-compute.................................: 279.72
    backward-compute................................: 586.81
    batch-generator.................................: 1.40
    nan-grad-cleanup................................: 13.36
    grad-clip.......................................: 34.16
    optimizer.......................................: 84.80
    optimizer-inner-step............................: 84.69
    optimizer-scheduler-step........................: 0.09
    optimizer-zero-grad.............................: 0.80
2026-08-23 08:26:34 [INFO] iteration      281/    1000 | consumed samples:        26976 | elapsed time per iteration (ms): 982.5 | throughput (samples/sec/per_device): 12.214 | learning rate: 2.082951E-05 | global batch size:    96 | action loss: 1.423414E-01 | loss scale: 1.0 | grad norm: 0.522718 | number of skipped iterations:   0 | number of nan iterations:   0 |
2026-08-23 08:26:35 [INFO] iteration      282/    1000 | consumed samples:        27072 | elapsed time per iteration (ms): 981.9 | throughput (samples/sec/per_device): 12.221 | learning rate: 2.080061E-05 | global batch size:    96 | action loss: 1.595936E-01 | loss scale: 1.0 | grad norm: 0.356152 | number of skipped iterations:   0 | number of nan iterations:   0 |
2026-08-23 08:26:36 [INFO] iteration      283/    1000 | consumed samples:        27168 | elapsed time per iteration (ms): 983.5 | throughput (samples/sec/per_device): 12.202 | learning rate: 2.077164E-05 | global batch size:    96 | action loss: 1.835758E-01 | loss scale: 1.0 | grad norm: 0.521090 | number of skipped iterations:   0 | number of nan iterations:   0 |
2026-08-23 08:26:37 [INFO] iteration      284/    1000 | consumed samples:        27264 | elapsed time per iteration (ms): 982.9 | throughput (samples/sec/per_device): 12.209 | learning rate: 2.074258E-05 | global batch size:    96 | action loss: 1.854417E-01 | loss scale: 1.0 | grad norm: 0.455694 | number of skipped iterations:   0 | number of nan iterations:   0 |
2026-08-23 08:26:38 [INFO] iteration      285/    1000 | consumed samples:        27360 | elapsed time per iteration (ms): 982.4 | throughput (samples/sec/per_device): 12.215 | learning rate: 2.071345E-05 | global batch size:    96 | action loss: 1.765307E-01 | loss scale: 1.0 | grad norm: 0.457448 | number of skipped iterations:   0 | number of nan iterations:   0 |
2026-08-23 08:26:39 [INFO] iteration      286/    1000 | consumed samples:        27456 | elapsed time per iteration (ms): 982.2 | throughput (samples/sec/per_device): 12.218 | learning rate: 2.068424E-05 | global batch size:    96 | action loss: 1.607336E-01 | loss scale: 1.0 | grad norm: 0.398295 | number of skipped iterations:   0 | number of nan iterations:   0 |
2026-08-23 08:26:40 [INFO] iteration      287/    1000 | consumed samples:        27552 | elapsed time per iteration (ms): 982.5 | throughput (samples/sec/per_device): 12.214 | learning rate: 2.065495E-05 | global batch size:    96 | action loss: 1.470597E-01 | loss scale: 1.0 | grad norm: 0.447751 | number of skipped iterations:   0 | number of nan iterations:   0 |
2026-08-23 08:26:41 [INFO] iteration      288/    1000 | consumed samples:        27648 | elapsed time per iteration (ms): 981.5 | throughput (samples/sec/per_device): 12.226 | learning rate: 2.062559E-05 | global batch size:    96 | action loss: 1.802445E-01 | loss scale: 1.0 | grad norm: 0.579980 | number of skipped iterations:   0 | number of nan iterations:   0 |
2026-08-23 08:26:42 [INFO] iteration      289/    1000 | consumed samples:        27744 | elapsed time per iteration (ms): 981.9 | throughput (samples/sec/per_device): 12.221 | learning rate: 2.059615E-05 | global batch size:    96 | action loss: 1.841243E-01 | loss scale: 1.0 | grad norm: 0.711051 | number of skipped iterations:   0 | number of nan iterations:   0 |
2026-08-23 08:26:43 [INFO] iteration      290/    1000 | consumed samples:        27840 | elapsed time per iteration (ms): 1090.2 | throughput (samples/sec/per_device): 11.007 | learning rate: 2.056663E-05 | global batch size:    96 | action loss: 1.861334E-01 | loss scale: 1.0 | grad norm: 0.469648 | number of skipped iterations:   0 | number of nan iterations:   0 |
2026-08-23 08:26:44 [INFO] iteration      291/    1000 | consumed samples:        27936 | elapsed time per iteration (ms): 984.9 | throughput (samples/sec/per_device): 12.184 | learning rate: 2.053704E-05 | global batch size:    96 | action loss: 1.654168E-01 | loss scale: 1.0 | grad norm: 0.435077 | number of skipped iterations:   0 | number of nan iterations:   0 |
2026-08-23 08:26:45 [INFO] iteration      292/    1000 | consumed samples:        28032 | elapsed time per iteration (ms): 983.5 | throughput (samples/sec/per_device): 12.201 | learning rate: 2.050737E-05 | global batch size:    96 | action loss: 1.550305E-01 | loss scale: 1.0 | grad norm: 0.442191 | number of skipped iterations:   0 | number of nan iterations:   0 |
2026-08-23 08:26:46 [INFO] iteration      293/    1000 | consumed samples:        28128 | elapsed time per iteration (ms): 983.0 | throughput (samples/sec/per_device): 12.208 | learning rate: 2.047762E-05 | global batch size:    96 | action loss: 1.478239E-01 | loss scale: 1.0 | grad norm: 0.463304 | number of skipped iterations:   0 | number of nan iterations:   0 |
2026-08-23 08:26:47 [INFO] iteration      294/    1000 | consumed samples:        28224 | elapsed time per iteration (ms): 983.4 | throughput (samples/sec/per_device): 12.203 | learning rate: 2.044780E-05 | global batch size:    96 | action loss: 1.828656E-01 | loss scale: 1.0 | grad norm: 0.477724 | number of skipped iterations:   0 | number of nan iterations:   0 |
2026-08-23 08:26:48 [INFO] iteration      295/    1000 | consumed samples:        28320 | elapsed time per iteration (ms): 981.9 | throughput (samples/sec/per_device): 12.222 | learning rate: 2.041791E-05 | global batch size:    96 | action loss: 1.712170E-01 | loss scale: 1.0 | grad norm: 0.438236 | number of skipped iterations:   0 | number of nan iterations:   0 |
2026-08-23 08:26:49 [INFO] iteration      296/    1000 | consumed samples:        28416 | elapsed time per iteration (ms): 983.1 | throughput (samples/sec/per_device): 12.206 | learning rate: 2.038794E-05 | global batch size:    96 | action loss: 1.603473E-01 | loss scale: 1.0 | grad norm: 0.595423 | number of skipped iterations:   0 | number of nan iterations:   0 |
2026-08-23 08:26:50 [INFO] iteration      297/    1000 | consumed samples:        28512 | elapsed time per iteration (ms): 980.7 | throughput (samples/sec/per_device): 12.236 | learning rate: 2.035789E-05 | global batch size:    96 | action loss: 1.813232E-01 | loss scale: 1.0 | grad norm: 0.454115 | number of skipped iterations:   0 | number of nan iterations:   0 |
2026-08-23 08:26:51 [INFO] iteration      298/    1000 | consumed samples:        28608 | elapsed time per iteration (ms): 981.6 | throughput (samples/sec/per_device): 12.225 | learning rate: 2.032777E-05 | global batch size:    96 | action loss: 1.690910E-01 | loss scale: 1.0 | grad norm: 0.489609 | number of skipped iterations:   0 | number of nan iterations:   0 |
2026-08-23 08:26:52 [INFO] iteration      299/    1000 | consumed samples:        28704 | elapsed time per iteration (ms): 981.4 | throughput (samples/sec/per_device): 12.228 | learning rate: 2.029758E-05 | global batch size:    96 | action loss: 1.566204E-01 | loss scale: 1.0 | grad norm: 0.433611 | number of skipped iterations:   0 | number of nan iterations:   0 |
2026-08-23 08:26:53 [INFO] iteration      300/    1000 | consumed samples:        28800 | elapsed time per iteration (ms): 991.2 | throughput (samples/sec/per_device): 12.106 | learning rate: 2.026732E-05 | global batch size:    96 | action loss: 1.583398E-01 | loss scale: 1.0 | grad norm: 0.398253 | number of skipped iterations:   0 | number of nan iterations:   0 |
2026-08-23 08:26:53 [INFO] max time across ranks (ms):
    forward-backward................................: 859.28
    forward-compute.................................: 276.25
    backward-compute................................: 581.61
    batch-generator.................................: 1.47
    nan-grad-cleanup................................: 12.93
    grad-clip.......................................: 33.33
    optimizer.......................................: 83.88
    optimizer-inner-step............................: 83.74
    optimizer-scheduler-step........................: 0.05
    optimizer-zero-grad.............................: 0.82
2026-08-23 08:26:53 [INFO] PowerSGDPlusState restart: iter=199 compressed_iter=0 method=approximate rank=1 apply_exact=False
2026-08-23 08:26:59 [INFO] iteration      301/    1000 | consumed samples:        28896 | elapsed time per iteration (ms): 6437.7 | throughput (samples/sec/per_device): 1.864 | learning rate: 2.023698E-05 | global batch size:    96 | action loss: 1.531705E-01 | loss scale: 1.0 | grad norm: 0.263841 | number of skipped iterations:   0 | number of nan iterations:   0 |
2026-08-23 08:27:03 [INFO] iteration      302/    1000 | consumed samples:        28992 | elapsed time per iteration (ms): 3616.8 | throughput (samples/sec/per_device): 3.318 | learning rate: 2.020657E-05 | global batch size:    96 | action loss: 1.630885E-01 | loss scale: 1.0 | grad norm: 0.430002 | number of skipped iterations:   0 | number of nan iterations:   0 |
2026-08-23 08:27:06 [INFO] iteration      303/    1000 | consumed samples:        29088 | elapsed time per iteration (ms): 3091.7 | throughput (samples/sec/per_device): 3.881 | learning rate: 2.017608E-05 | global batch size:    96 | action loss: 1.864641E-01 | loss scale: 1.0 | grad norm: 0.368944 | number of skipped iterations:   0 | number of nan iterations:   0 |
2026-08-23 08:27:09 [INFO] iteration      304/    1000 | consumed samples:        29184 | elapsed time per iteration (ms): 2756.5 | throughput (samples/sec/per_device): 4.353 | learning rate: 2.014552E-05 | global batch size:    96 | action loss: 1.764437E-01 | loss scale: 1.0 | grad norm: 0.432959 | number of skipped iterations:   0 | number of nan iterations:   0 |
2026-08-23 08:27:11 [INFO] iteration      305/    1000 | consumed samples:        29280 | elapsed time per iteration (ms): 2467.8 | throughput (samples/sec/per_device): 4.863 | learning rate: 2.011490E-05 | global batch size:    96 | action loss: 1.738275E-01 | loss scale: 1.0 | grad norm: 0.433641 | number of skipped iterations:   0 | number of nan iterations:   0 |
2026-08-23 08:27:13 [INFO] iteration      306/    1000 | consumed samples:        29376 | elapsed time per iteration (ms): 2245.5 | throughput (samples/sec/per_device): 5.344 | learning rate: 2.008419E-05 | global batch size:    96 | action loss: 1.679992E-01 | loss scale: 1.0 | grad norm: 0.441080 | number of skipped iterations:   0 | number of nan iterations:   0 |
2026-08-23 08:27:16 [INFO] iteration      307/    1000 | consumed samples:        29472 | elapsed time per iteration (ms): 2827.2 | throughput (samples/sec/per_device): 4.244 | learning rate: 2.005342E-05 | global batch size:    96 | action loss: 1.778685E-01 | loss scale: 1.0 | grad norm: 0.396310 | number of skipped iterations:   0 | number of nan iterations:   0 |
2026-08-23 08:27:19 [INFO] iteration      308/    1000 | consumed samples:        29568 | elapsed time per iteration (ms): 2958.8 | throughput (samples/sec/per_device): 4.056 | learning rate: 2.002258E-05 | global batch size:    96 | action loss: 1.711674E-01 | loss scale: 1.0 | grad norm: 0.455940 | number of skipped iterations:   0 | number of nan iterations:   0 |
2026-08-23 08:27:23 [INFO] iteration      309/    1000 | consumed samples:        29664 | elapsed time per iteration (ms): 4081.9 | throughput (samples/sec/per_device): 2.940 | learning rate: 1.999167E-05 | global batch size:    96 | action loss: 1.877709E-01 | loss scale: 1.0 | grad norm: 0.402646 | number of skipped iterations:   0 | number of nan iterations:   0 |
2026-08-23 08:27:26 [INFO] iteration      310/    1000 | consumed samples:        29760 | elapsed time per iteration (ms): 3141.4 | throughput (samples/sec/per_device): 3.820 | learning rate: 1.996068E-05 | global batch size:    96 | action loss: 1.503865E-01 | loss scale: 1.0 | grad norm: 0.477041 | number of skipped iterations:   0 | number of nan iterations:   0 |
2026-08-23 08:27:28 [INFO] iteration      311/    1000 | consumed samples:        29856 | elapsed time per iteration (ms): 2112.6 | throughput (samples/sec/per_device): 5.680 | learning rate: 1.992963E-05 | global batch size:    96 | action loss: 1.678419E-01 | loss scale: 1.0 | grad norm: 0.519109 | number of skipped iterations:   0 | number of nan iterations:   0 |
2026-08-23 08:27:32 [INFO] iteration      312/    1000 | consumed samples:        29952 | elapsed time per iteration (ms): 3702.4 | throughput (samples/sec/per_device): 3.241 | learning rate: 1.989851E-05 | global batch size:    96 | action loss: 1.608002E-01 | loss scale: 1.0 | grad norm: 0.405429 | number of skipped iterations:   0 | number of nan iterations:   0 |
2026-08-23 08:27:35 [INFO] iteration      313/    1000 | consumed samples:        30048 | elapsed time per iteration (ms): 2384.3 | throughput (samples/sec/per_device): 5.033 | learning rate: 1.986731E-05 | global batch size:    96 | action loss: 1.797354E-01 | loss scale: 1.0 | grad norm: 0.495976 | number of skipped iterations:   0 | number of nan iterations:   0 |
2026-08-23 08:27:37 [INFO] iteration      314/    1000 | consumed samples:        30144 | elapsed time per iteration (ms): 2611.6 | throughput (samples/sec/per_device): 4.595 | learning rate: 1.983605E-05 | global batch size:    96 | action loss: 1.571512E-01 | loss scale: 1.0 | grad norm: 0.454413 | number of skipped iterations:   0 | number of nan iterations:   0 |
2026-08-23 08:27:40 [INFO] iteration      315/    1000 | consumed samples:        30240 | elapsed time per iteration (ms): 3056.5 | throughput (samples/sec/per_device): 3.926 | learning rate: 1.980472E-05 | global batch size:    96 | action loss: 1.487869E-01 | loss scale: 1.0 | grad norm: 0.434276 | number of skipped iterations:   0 | number of nan iterations:   0 |
2026-08-23 08:27:44 [INFO] iteration      316/    1000 | consumed samples:        30336 | elapsed time per iteration (ms): 4044.5 | throughput (samples/sec/per_device): 2.967 | learning rate: 1.977332E-05 | global batch size:    96 | action loss: 1.711628E-01 | loss scale: 1.0 | grad norm: 0.446144 | number of skipped iterations:   0 | number of nan iterations:   0 |
2026-08-23 08:27:47 [INFO] iteration      317/    1000 | consumed samples:        30432 | elapsed time per iteration (ms): 3020.0 | throughput (samples/sec/per_device): 3.973 | learning rate: 1.974185E-05 | global batch size:    96 | action loss: 1.335512E-01 | loss scale: 1.0 | grad norm: 0.497819 | number of skipped iterations:   0 | number of nan iterations:   0 |
2026-08-23 08:27:50 [INFO] iteration      318/    1000 | consumed samples:        30528 | elapsed time per iteration (ms): 2735.0 | throughput (samples/sec/per_device): 4.388 | learning rate: 1.971031E-05 | global batch size:    96 | action loss: 1.684476E-01 | loss scale: 1.0 | grad norm: 0.490311 | number of skipped iterations:   0 | number of nan iterations:   0 |
2026-08-23 08:27:53 [INFO] iteration      319/    1000 | consumed samples:        30624 | elapsed time per iteration (ms): 2730.4 | throughput (samples/sec/per_device): 4.395 | learning rate: 1.967871E-05 | global batch size:    96 | action loss: 1.680379E-01 | loss scale: 1.0 | grad norm: 0.494974 | number of skipped iterations:   0 | number of nan iterations:   0 |
2026-08-23 08:27:57 [INFO] iteration      320/    1000 | consumed samples:        30720 | elapsed time per iteration (ms): 4053.1 | throughput (samples/sec/per_device): 2.961 | learning rate: 1.964704E-05 | global batch size:    96 | action loss: 2.271399E-01 | loss scale: 1.0 | grad norm: 0.492402 | number of skipped iterations:   0 | number of nan iterations:   0 |
2026-08-23 08:27:57 [INFO] max time across ranks (ms):
    forward-backward................................: 3921.83
    forward-compute.................................: 1978.40
    backward-compute................................: 3645.59
    batch-generator.................................: 2.60
    nan-grad-cleanup................................: 13.44
    grad-clip.......................................: 32.43
    optimizer.......................................: 84.64
    optimizer-inner-step............................: 84.52
    optimizer-scheduler-step........................: 0.08
    optimizer-zero-grad.............................: 0.70
2026-08-23 08:28:00 [INFO] iteration      321/    1000 | consumed samples:        30816 | elapsed time per iteration (ms): 3026.0 | throughput (samples/sec/per_device): 3.966 | learning rate: 1.961530E-05 | global batch size:    96 | action loss: 1.633268E-01 | loss scale: 1.0 | grad norm: 0.417926 | number of skipped iterations:   0 | number of nan iterations:   0 |
2026-08-23 08:28:03 [INFO] iteration      322/    1000 | consumed samples:        30912 | elapsed time per iteration (ms): 2936.7 | throughput (samples/sec/per_device): 4.086 | learning rate: 1.958350E-05 | global batch size:    96 | action loss: 1.580193E-01 | loss scale: 1.0 | grad norm: 0.433219 | number of skipped iterations:   0 | number of nan iterations:   0 |
2026-08-23 08:28:06 [INFO] iteration      323/    1000 | consumed samples:        31008 | elapsed time per iteration (ms): 3511.9 | throughput (samples/sec/per_device): 3.417 | learning rate: 1.955163E-05 | global batch size:    96 | action loss: 1.827463E-01 | loss scale: 1.0 | grad norm: 0.447803 | number of skipped iterations:   0 | number of nan iterations:   0 |
2026-08-23 08:28:09 [INFO] iteration      324/    1000 | consumed samples:        31104 | elapsed time per iteration (ms): 2359.1 | throughput (samples/sec/per_device): 5.087 | learning rate: 1.951969E-05 | global batch size:    96 | action loss: 1.693706E-01 | loss scale: 1.0 | grad norm: 0.546899 | number of skipped iterations:   0 | number of nan iterations:   0 |
2026-08-23 08:28:11 [INFO] iteration      325/    1000 | consumed samples:        31200 | elapsed time per iteration (ms): 2707.6 | throughput (samples/sec/per_device): 4.432 | learning rate: 1.948769E-05 | global batch size:    96 | action loss: 1.712276E-01 | loss scale: 1.0 | grad norm: 0.524049 | number of skipped iterations:   0 | number of nan iterations:   0 |
2026-08-23 08:28:14 [INFO] iteration      326/    1000 | consumed samples:        31296 | elapsed time per iteration (ms): 2396.2 | throughput (samples/sec/per_device): 5.008 | learning rate: 1.945562E-05 | global batch size:    96 | action loss: 1.751133E-01 | loss scale: 1.0 | grad norm: 0.508501 | number of skipped iterations:   0 | number of nan iterations:   0 |
2026-08-23 08:28:16 [INFO] iteration      327/    1000 | consumed samples:        31392 | elapsed time per iteration (ms): 2190.9 | throughput (samples/sec/per_device): 5.477 | learning rate: 1.942349E-05 | global batch size:    96 | action loss: 1.752581E-01 | loss scale: 1.0 | grad norm: 0.470160 | number of skipped iterations:   0 | number of nan iterations:   0 |
2026-08-23 08:28:20 [INFO] iteration      328/    1000 | consumed samples:        31488 | elapsed time per iteration (ms): 3760.5 | throughput (samples/sec/per_device): 3.191 | learning rate: 1.939129E-05 | global batch size:    96 | action loss: 2.158507E-01 | loss scale: 1.0 | grad norm: 0.513834 | number of skipped iterations:   0 | number of nan iterations:   0 |
2026-08-23 08:28:23 [INFO] iteration      329/    1000 | consumed samples:        31584 | elapsed time per iteration (ms): 2830.8 | throughput (samples/sec/per_device): 4.239 | learning rate: 1.935903E-05 | global batch size:    96 | action loss: 1.607854E-01 | loss scale: 1.0 | grad norm: 0.508019 | number of skipped iterations:   0 | number of nan iterations:   0 |
2026-08-23 08:28:27 [INFO] iteration      330/    1000 | consumed samples:        31680 | elapsed time per iteration (ms): 4195.7 | throughput (samples/sec/per_device): 2.860 | learning rate: 1.932671E-05 | global batch size:    96 | action loss: 1.722379E-01 | loss scale: 1.0 | grad norm: 0.470297 | number of skipped iterations:   0 | number of nan iterations:   0 |
2026-08-23 08:28:31 [INFO] iteration      331/    1000 | consumed samples:        31776 | elapsed time per iteration (ms): 3935.0 | throughput (samples/sec/per_device): 3.050 | learning rate: 1.929432E-05 | global batch size:    96 | action loss: 1.503030E-01 | loss scale: 1.0 | grad norm: 0.479557 | number of skipped iterations:   0 | number of nan iterations:   0 |
2026-08-23 08:28:33 [INFO] iteration      332/    1000 | consumed samples:        31872 | elapsed time per iteration (ms): 2767.3 | throughput (samples/sec/per_device): 4.336 | learning rate: 1.926186E-05 | global batch size:    96 | action loss: 1.746805E-01 | loss scale: 1.0 | grad norm: 0.501316 | number of skipped iterations:   0 | number of nan iterations:   0 |
2026-08-23 08:28:36 [INFO] iteration      333/    1000 | consumed samples:        31968 | elapsed time per iteration (ms): 2321.5 | throughput (samples/sec/per_device): 5.169 | learning rate: 1.922935E-05 | global batch size:    96 | action loss: 2.024033E-01 | loss scale: 1.0 | grad norm: 0.567526 | number of skipped iterations:   0 | number of nan iterations:   0 |
2026-08-23 08:28:38 [INFO] iteration      334/    1000 | consumed samples:        32064 | elapsed time per iteration (ms): 2388.4 | throughput (samples/sec/per_device): 5.024 | learning rate: 1.919677E-05 | global batch size:    96 | action loss: 1.983218E-01 | loss scale: 1.0 | grad norm: 0.518356 | number of skipped iterations:   0 | number of nan iterations:   0 |
2026-08-23 08:28:42 [INFO] iteration      335/    1000 | consumed samples:        32160 | elapsed time per iteration (ms): 3451.4 | throughput (samples/sec/per_device): 3.477 | learning rate: 1.916413E-05 | global batch size:    96 | action loss: 1.540651E-01 | loss scale: 1.0 | grad norm: 0.494990 | number of skipped iterations:   0 | number of nan iterations:   0 |
2026-08-23 08:28:44 [INFO] iteration      336/    1000 | consumed samples:        32256 | elapsed time per iteration (ms): 2756.5 | throughput (samples/sec/per_device): 4.353 | learning rate: 1.913143E-05 | global batch size:    96 | action loss: 1.935100E-01 | loss scale: 1.0 | grad norm: 0.476007 | number of skipped iterations:   0 | number of nan iterations:   0 |
2026-08-23 08:28:47 [INFO] iteration      337/    1000 | consumed samples:        32352 | elapsed time per iteration (ms): 2969.8 | throughput (samples/sec/per_device): 4.041 | learning rate: 1.909866E-05 | global batch size:    96 | action loss: 1.717682E-01 | loss scale: 1.0 | grad norm: 0.594017 | number of skipped iterations:   0 | number of nan iterations:   0 |
2026-08-23 08:28:50 [INFO] iteration      338/    1000 | consumed samples:        32448 | elapsed time per iteration (ms): 2775.7 | throughput (samples/sec/per_device): 4.323 | learning rate: 1.906584E-05 | global batch size:    96 | action loss: 1.758737E-01 | loss scale: 1.0 | grad norm: 0.633205 | number of skipped iterations:   0 | number of nan iterations:   0 |
2026-08-23 08:28:54 [INFO] iteration      339/    1000 | consumed samples:        32544 | elapsed time per iteration (ms): 3782.4 | throughput (samples/sec/per_device): 3.173 | learning rate: 1.903295E-05 | global batch size:    96 | action loss: 1.732607E-01 | loss scale: 1.0 | grad norm: 0.516018 | number of skipped iterations:   0 | number of nan iterations:   0 |
2026-08-23 08:28:57 [INFO] iteration      340/    1000 | consumed samples:        32640 | elapsed time per iteration (ms): 2772.9 | throughput (samples/sec/per_device): 4.328 | learning rate: 1.900000E-05 | global batch size:    96 | action loss: 1.808873E-01 | loss scale: 1.0 | grad norm: 0.537432 | number of skipped iterations:   0 | number of nan iterations:   0 |
2026-08-23 08:28:57 [INFO] max time across ranks (ms):
    forward-backward................................: 2630.67
    forward-compute.................................: 1120.16
    backward-compute................................: 2353.96
    batch-generator.................................: 1.92
    nan-grad-cleanup................................: 15.71
    grad-clip.......................................: 39.86
    optimizer.......................................: 95.83
    optimizer-inner-step............................: 95.72
    optimizer-scheduler-step........................: 0.06
    optimizer-zero-grad.............................: 0.53
2026-08-23 08:28:59 [INFO] iteration      341/    1000 | consumed samples:        32736 | elapsed time per iteration (ms): 2653.6 | throughput (samples/sec/per_device): 4.522 | learning rate: 1.896699E-05 | global batch size:    96 | action loss: 1.944985E-01 | loss scale: 1.0 | grad norm: 0.640967 | number of skipped iterations:   0 | number of nan iterations:   0 |
2026-08-23 08:29:04 [INFO] iteration      342/    1000 | consumed samples:        32832 | elapsed time per iteration (ms): 4182.5 | throughput (samples/sec/per_device): 2.869 | learning rate: 1.893392E-05 | global batch size:    96 | action loss: 2.082247E-01 | loss scale: 1.0 | grad norm: 0.659202 | number of skipped iterations:   0 | number of nan iterations:   0 |
2026-08-23 08:29:06 [INFO] iteration      343/    1000 | consumed samples:        32928 | elapsed time per iteration (ms): 2718.1 | throughput (samples/sec/per_device): 4.415 | learning rate: 1.890080E-05 | global batch size:    96 | action loss: 1.779645E-01 | loss scale: 1.0 | grad norm: 0.511871 | number of skipped iterations:   0 | number of nan iterations:   0 |
2026-08-23 08:29:09 [INFO] iteration      344/    1000 | consumed samples:        33024 | elapsed time per iteration (ms): 3108.6 | throughput (samples/sec/per_device): 3.860 | learning rate: 1.886761E-05 | global batch size:    96 | action loss: 1.520023E-01 | loss scale: 1.0 | grad norm: 0.556664 | number of skipped iterations:   0 | number of nan iterations:   0 |
2026-08-23 08:29:12 [INFO] iteration      345/    1000 | consumed samples:        33120 | elapsed time per iteration (ms): 2488.0 | throughput (samples/sec/per_device): 4.823 | learning rate: 1.883436E-05 | global batch size:    96 | action loss: 1.869238E-01 | loss scale: 1.0 | grad norm: 0.621618 | number of skipped iterations:   0 | number of nan iterations:   0 |
2026-08-23 08:29:15 [INFO] iteration      346/    1000 | consumed samples:        33216 | elapsed time per iteration (ms): 3347.6 | throughput (samples/sec/per_device): 3.585 | learning rate: 1.880106E-05 | global batch size:    96 | action loss: 1.672489E-01 | loss scale: 1.0 | grad norm: 0.568016 | number of skipped iterations:   0 | number of nan iterations:   0 |
2026-08-23 08:29:18 [INFO] iteration      347/    1000 | consumed samples:        33312 | elapsed time per iteration (ms): 2857.0 | throughput (samples/sec/per_device): 4.200 | learning rate: 1.876769E-05 | global batch size:    96 | action loss: 1.826023E-01 | loss scale: 1.0 | grad norm: 0.485739 | number of skipped iterations:   0 | number of nan iterations:   0 |
2026-08-23 08:29:21 [INFO] iteration      348/    1000 | consumed samples:        33408 | elapsed time per iteration (ms): 2729.6 | throughput (samples/sec/per_device): 4.396 | learning rate: 1.873427E-05 | global batch size:    96 | action loss: 1.590325E-01 | loss scale: 1.0 | grad norm: 0.511484 | number of skipped iterations:   0 | number of nan iterations:   0 |
2026-08-23 08:29:24 [INFO] iteration      349/    1000 | consumed samples:        33504 | elapsed time per iteration (ms): 3441.5 | throughput (samples/sec/per_device): 3.487 | learning rate: 1.870079E-05 | global batch size:    96 | action loss: 1.858576E-01 | loss scale: 1.0 | grad norm: 0.566624 | number of skipped iterations:   0 | number of nan iterations:   0 |
2026-08-23 08:29:28 [INFO] iteration      350/    1000 | consumed samples:        33600 | elapsed time per iteration (ms): 3709.6 | throughput (samples/sec/per_device): 3.235 | learning rate: 1.866725E-05 | global batch size:    96 | action loss: 1.635883E-01 | loss scale: 1.0 | grad norm: 0.597323 | number of skipped iterations:   0 | number of nan iterations:   0 |
2026-08-23 08:29:29 [INFO] PowerSGDPlusState restart: iter=249 compressed_iter=50 method=approximate rank=1 apply_exact=False
2026-08-23 08:29:35 [INFO] iteration      351/    1000 | consumed samples:        33696 | elapsed time per iteration (ms): 7452.3 | throughput (samples/sec/per_device): 1.610 | learning rate: 1.863366E-05 | global batch size:    96 | action loss: 1.687181E-01 | loss scale: 1.0 | grad norm: 0.665150 | number of skipped iterations:   0 | number of nan iterations:   0 |
2026-08-23 08:29:40 [INFO] iteration      352/    1000 | consumed samples:        33792 | elapsed time per iteration (ms): 4525.8 | throughput (samples/sec/per_device): 2.651 | learning rate: 1.860001E-05 | global batch size:    96 | action loss: 1.566535E-01 | loss scale: 1.0 | grad norm: 0.523604 | number of skipped iterations:   0 | number of nan iterations:   0 |
2026-08-23 08:29:44 [INFO] iteration      353/    1000 | consumed samples:        33888 | elapsed time per iteration (ms): 3803.2 | throughput (samples/sec/per_device): 3.155 | learning rate: 1.856630E-05 | global batch size:    96 | action loss: 1.694690E-01 | loss scale: 1.0 | grad norm: 0.682712 | number of skipped iterations:   0 | number of nan iterations:   0 |
2026-08-23 08:29:46 [INFO] iteration      354/    1000 | consumed samples:        33984 | elapsed time per iteration (ms): 2040.5 | throughput (samples/sec/per_device): 5.881 | learning rate: 1.853254E-05 | global batch size:    96 | action loss: 1.877049E-01 | loss scale: 1.0 | grad norm: 0.597697 | number of skipped iterations:   0 | number of nan iterations:   0 |
2026-08-23 08:29:49 [INFO] iteration      355/    1000 | consumed samples:        34080 | elapsed time per iteration (ms): 3271.4 | throughput (samples/sec/per_device): 3.668 | learning rate: 1.849872E-05 | global batch size:    96 | action loss: 1.451808E-01 | loss scale: 1.0 | grad norm: 0.552643 | number of skipped iterations:   0 | number of nan iterations:   0 |
2026-08-23 08:29:51 [INFO] iteration      356/    1000 | consumed samples:        34176 | elapsed time per iteration (ms): 1988.3 | throughput (samples/sec/per_device): 6.035 | learning rate: 1.846484E-05 | global batch size:    96 | action loss: 1.833078E-01 | loss scale: 1.0 | grad norm: 0.533854 | number of skipped iterations:   0 | number of nan iterations:   0 |
2026-08-23 08:29:54 [INFO] iteration      357/    1000 | consumed samples:        34272 | elapsed time per iteration (ms): 3277.4 | throughput (samples/sec/per_device): 3.661 | learning rate: 1.843091E-05 | global batch size:    96 | action loss: 1.689253E-01 | loss scale: 1.0 | grad norm: 0.526949 | number of skipped iterations:   0 | number of nan iterations:   0 |
2026-08-23 08:29:57 [INFO] iteration      358/    1000 | consumed samples:        34368 | elapsed time per iteration (ms): 2560.9 | throughput (samples/sec/per_device): 4.686 | learning rate: 1.839693E-05 | global batch size:    96 | action loss: 1.663300E-01 | loss scale: 1.0 | grad norm: 0.575727 | number of skipped iterations:   0 | number of nan iterations:   0 |
2026-08-23 08:30:01 [INFO] iteration      359/    1000 | consumed samples:        34464 | elapsed time per iteration (ms): 3705.3 | throughput (samples/sec/per_device): 3.239 | learning rate: 1.836289E-05 | global batch size:    96 | action loss: 1.851200E-01 | loss scale: 1.0 | grad norm: 0.693583 | number of skipped iterations:   0 | number of nan iterations:   0 |
2026-08-23 08:30:04 [INFO] iteration      360/    1000 | consumed samples:        34560 | elapsed time per iteration (ms): 3339.3 | throughput (samples/sec/per_device): 3.594 | learning rate: 1.832880E-05 | global batch size:    96 | action loss: 1.652743E-01 | loss scale: 1.0 | grad norm: 0.660030 | number of skipped iterations:   0 | number of nan iterations:   0 |
2026-08-23 08:30:04 [INFO] max time across ranks (ms):
    forward-backward................................: 3209.77
    forward-compute.................................: 1079.10
    backward-compute................................: 2931.12
    batch-generator.................................: 1.94
    nan-grad-cleanup................................: 13.21
    grad-clip.......................................: 32.21
    optimizer.......................................: 84.12
    optimizer-inner-step............................: 84.02
    optimizer-scheduler-step........................: 0.07
    optimizer-zero-grad.............................: 0.59
2026-08-23 08:30:06 [INFO] iteration      361/    1000 | consumed samples:        34656 | elapsed time per iteration (ms): 2320.7 | throughput (samples/sec/per_device): 5.171 | learning rate: 1.829465E-05 | global batch size:    96 | action loss: 1.718236E-01 | loss scale: 1.0 | grad norm: 0.600030 | number of skipped iterations:   0 | number of nan iterations:   0 |
2026-08-23 08:30:09 [INFO] iteration      362/    1000 | consumed samples:        34752 | elapsed time per iteration (ms): 3069.3 | throughput (samples/sec/per_device): 3.910 | learning rate: 1.826045E-05 | global batch size:    96 | action loss: 1.624260E-01 | loss scale: 1.0 | grad norm: 0.527781 | number of skipped iterations:   0 | number of nan iterations:   0 |
2026-08-23 08:30:13 [INFO] iteration      363/    1000 | consumed samples:        34848 | elapsed time per iteration (ms): 3516.3 | throughput (samples/sec/per_device): 3.413 | learning rate: 1.822620E-05 | global batch size:    96 | action loss: 1.715848E-01 | loss scale: 1.0 | grad norm: 0.553277 | number of skipped iterations:   0 | number of nan iterations:   0 |
2026-08-23 08:30:16 [INFO] iteration      364/    1000 | consumed samples:        34944 | elapsed time per iteration (ms): 2781.0 | throughput (samples/sec/per_device): 4.315 | learning rate: 1.819190E-05 | global batch size:    96 | action loss: 2.009823E-01 | loss scale: 1.0 | grad norm: 0.567006 | number of skipped iterations:   0 | number of nan iterations:   0 |
2026-08-23 08:30:18 [INFO] iteration      365/    1000 | consumed samples:        35040 | elapsed time per iteration (ms): 2518.0 | throughput (samples/sec/per_device): 4.766 | learning rate: 1.815754E-05 | global batch size:    96 | action loss: 1.534919E-01 | loss scale: 1.0 | grad norm: 0.511346 | number of skipped iterations:   0 | number of nan iterations:   0 |
2026-08-23 08:30:21 [INFO] iteration      366/    1000 | consumed samples:        35136 | elapsed time per iteration (ms): 2637.4 | throughput (samples/sec/per_device): 4.550 | learning rate: 1.812313E-05 | global batch size:    96 | action loss: 1.771977E-01 | loss scale: 1.0 | grad norm: 0.562859 | number of skipped iterations:   0 | number of nan iterations:   0 |
2026-08-23 08:30:25 [INFO] iteration      367/    1000 | consumed samples:        35232 | elapsed time per iteration (ms): 3819.7 | throughput (samples/sec/per_device): 3.142 | learning rate: 1.808867E-05 | global batch size:    96 | action loss: 1.559488E-01 | loss scale: 1.0 | grad norm: 0.618426 | number of skipped iterations:   0 | number of nan iterations:   0 |
2026-08-23 08:30:28 [INFO] iteration      368/    1000 | consumed samples:        35328 | elapsed time per iteration (ms): 3000.7 | throughput (samples/sec/per_device): 3.999 | learning rate: 1.805416E-05 | global batch size:    96 | action loss: 1.633791E-01 | loss scale: 1.0 | grad norm: 0.575540 | number of skipped iterations:   0 | number of nan iterations:   0 |
2026-08-23 08:30:31 [INFO] iteration      369/    1000 | consumed samples:        35424 | elapsed time per iteration (ms): 3160.8 | throughput (samples/sec/per_device): 3.796 | learning rate: 1.801959E-05 | global batch size:    96 | action loss: 1.834185E-01 | loss scale: 1.0 | grad norm: 0.538608 | number of skipped iterations:   0 | number of nan iterations:   0 |
2026-08-23 08:30:36 [INFO] iteration      370/    1000 | consumed samples:        35520 | elapsed time per iteration (ms): 4939.5 | throughput (samples/sec/per_device): 2.429 | learning rate: 1.798498E-05 | global batch size:    96 | action loss: 1.767438E-01 | loss scale: 1.0 | grad norm: 0.549330 | number of skipped iterations:   0 | number of nan iterations:   0 |
2026-08-23 08:30:39 [INFO] iteration      371/    1000 | consumed samples:        35616 | elapsed time per iteration (ms): 2839.7 | throughput (samples/sec/per_device): 4.226 | learning rate: 1.795032E-05 | global batch size:    96 | action loss: 1.645756E-01 | loss scale: 1.0 | grad norm: 0.595717 | number of skipped iterations:   0 | number of nan iterations:   0 |
2026-08-23 08:30:41 [INFO] iteration      372/    1000 | consumed samples:        35712 | elapsed time per iteration (ms): 2840.0 | throughput (samples/sec/per_device): 4.225 | learning rate: 1.791560E-05 | global batch size:    96 | action loss: 1.622767E-01 | loss scale: 1.0 | grad norm: 0.595628 | number of skipped iterations:   0 | number of nan iterations:   0 |
2026-08-23 08:30:45 [INFO] iteration      373/    1000 | consumed samples:        35808 | elapsed time per iteration (ms): 4061.0 | throughput (samples/sec/per_device): 2.955 | learning rate: 1.788084E-05 | global batch size:    96 | action loss: 1.614484E-01 | loss scale: 1.0 | grad norm: 0.527280 | number of skipped iterations:   0 | number of nan iterations:   0 |
2026-08-23 08:30:48 [INFO] iteration      374/    1000 | consumed samples:        35904 | elapsed time per iteration (ms): 2713.6 | throughput (samples/sec/per_device): 4.422 | learning rate: 1.784603E-05 | global batch size:    96 | action loss: 1.810212E-01 | loss scale: 1.0 | grad norm: 0.512178 | number of skipped iterations:   0 | number of nan iterations:   0 |
2026-08-23 08:30:51 [INFO] iteration      375/    1000 | consumed samples:        36000 | elapsed time per iteration (ms): 2400.7 | throughput (samples/sec/per_device): 4.999 | learning rate: 1.781117E-05 | global batch size:    96 | action loss: 1.489828E-01 | loss scale: 1.0 | grad norm: 0.560634 | number of skipped iterations:   0 | number of nan iterations:   0 |
2026-08-23 08:30:53 [INFO] iteration      376/    1000 | consumed samples:        36096 | elapsed time per iteration (ms): 2773.0 | throughput (samples/sec/per_device): 4.327 | learning rate: 1.777626E-05 | global batch size:    96 | action loss: 1.709913E-01 | loss scale: 1.0 | grad norm: 0.620636 | number of skipped iterations:   0 | number of nan iterations:   0 |
2026-08-23 08:30:57 [INFO] iteration      377/    1000 | consumed samples:        36192 | elapsed time per iteration (ms): 3673.7 | throughput (samples/sec/per_device): 3.266 | learning rate: 1.774130E-05 | global batch size:    96 | action loss: 1.738465E-01 | loss scale: 1.0 | grad norm: 0.572110 | number of skipped iterations:   0 | number of nan iterations:   0 |
2026-08-23 08:31:00 [INFO] iteration      378/    1000 | consumed samples:        36288 | elapsed time per iteration (ms): 2555.9 | throughput (samples/sec/per_device): 4.695 | learning rate: 1.770629E-05 | global batch size:    96 | action loss: 1.602540E-01 | loss scale: 1.0 | grad norm: 0.579316 | number of skipped iterations:   0 | number of nan iterations:   0 |
2026-08-23 08:31:02 [INFO] iteration      379/    1000 | consumed samples:        36384 | elapsed time per iteration (ms): 2862.0 | throughput (samples/sec/per_device): 4.193 | learning rate: 1.767124E-05 | global batch size:    96 | action loss: 1.550597E-01 | loss scale: 1.0 | grad norm: 0.540005 | number of skipped iterations:   0 | number of nan iterations:   0 |
2026-08-23 08:31:05 [INFO] iteration      380/    1000 | consumed samples:        36480 | elapsed time per iteration (ms): 2376.6 | throughput (samples/sec/per_device): 5.049 | learning rate: 1.763614E-05 | global batch size:    96 | action loss: 1.876817E-01 | loss scale: 1.0 | grad norm: 0.598872 | number of skipped iterations:   0 | number of nan iterations:   0 |
2026-08-23 08:31:05 [INFO] max time across ranks (ms):
    forward-backward................................: 2246.64
    forward-compute.................................: 1207.89
    backward-compute................................: 1968.77
    batch-generator.................................: 1.83
    nan-grad-cleanup................................: 13.05
    grad-clip.......................................: 32.43
    optimizer.......................................: 84.14
    optimizer-inner-step............................: 84.02
    optimizer-scheduler-step........................: 0.08
    optimizer-zero-grad.............................: 0.89
2026-08-23 08:31:08 [INFO] iteration      381/    1000 | consumed samples:        36576 | elapsed time per iteration (ms): 3385.8 | throughput (samples/sec/per_device): 3.544 | learning rate: 1.760100E-05 | global batch size:    96 | action loss: 1.635242E-01 | loss scale: 1.0 | grad norm: 0.594931 | number of skipped iterations:   0 | number of nan iterations:   0 |
2026-08-23 08:31:11 [INFO] iteration      382/    1000 | consumed samples:        36672 | elapsed time per iteration (ms): 2789.3 | throughput (samples/sec/per_device): 4.302 | learning rate: 1.756580E-05 | global batch size:    96 | action loss: 1.806504E-01 | loss scale: 1.0 | grad norm: 0.559670 | number of skipped iterations:   0 | number of nan iterations:   0 |
2026-08-23 08:31:14 [INFO] iteration      383/    1000 | consumed samples:        36768 | elapsed time per iteration (ms): 2646.1 | throughput (samples/sec/per_device): 4.535 | learning rate: 1.753056E-05 | global batch size:    96 | action loss: 1.521784E-01 | loss scale: 1.0 | grad norm: 0.552899 | number of skipped iterations:   0 | number of nan iterations:   0 |
2026-08-23 08:31:16 [INFO] iteration      384/    1000 | consumed samples:        36864 | elapsed time per iteration (ms): 2640.9 | throughput (samples/sec/per_device): 4.544 | learning rate: 1.749528E-05 | global batch size:    96 | action loss: 1.647474E-01 | loss scale: 1.0 | grad norm: 0.577128 | number of skipped iterations:   0 | number of nan iterations:   0 |
2026-08-23 08:31:20 [INFO] iteration      385/    1000 | consumed samples:        36960 | elapsed time per iteration (ms): 3660.5 | throughput (samples/sec/per_device): 3.278 | learning rate: 1.745995E-05 | global batch size:    96 | action loss: 1.798147E-01 | loss scale: 1.0 | grad norm: 0.541247 | number of skipped iterations:   0 | number of nan iterations:   0 |
2026-08-23 08:31:23 [INFO] iteration      386/    1000 | consumed samples:        37056 | elapsed time per iteration (ms): 2999.8 | throughput (samples/sec/per_device): 4.000 | learning rate: 1.742457E-05 | global batch size:    96 | action loss: 1.709967E-01 | loss scale: 1.0 | grad norm: 0.563128 | number of skipped iterations:   0 | number of nan iterations:   0 |
2026-08-23 08:31:26 [INFO] iteration      387/    1000 | consumed samples:        37152 | elapsed time per iteration (ms): 2760.1 | throughput (samples/sec/per_device): 4.348 | learning rate: 1.738916E-05 | global batch size:    96 | action loss: 1.588389E-01 | loss scale: 1.0 | grad norm: 0.595193 | number of skipped iterations:   0 | number of nan iterations:   0 |
2026-08-23 08:31:28 [INFO] iteration      388/    1000 | consumed samples:        37248 | elapsed time per iteration (ms): 2465.9 | throughput (samples/sec/per_device): 4.866 | learning rate: 1.735369E-05 | global batch size:    96 | action loss: 1.622265E-01 | loss scale: 1.0 | grad norm: 0.658995 | number of skipped iterations:   0 | number of nan iterations:   0 |
2026-08-23 08:31:32 [INFO] iteration      389/    1000 | consumed samples:        37344 | elapsed time per iteration (ms): 3921.5 | throughput (samples/sec/per_device): 3.060 | learning rate: 1.731819E-05 | global batch size:    96 | action loss: 2.031203E-01 | loss scale: 1.0 | grad norm: 0.641733 | number of skipped iterations:   0 | number of nan iterations:   0 |
2026-08-23 08:31:36 [INFO] iteration      390/    1000 | consumed samples:        37440 | elapsed time per iteration (ms): 3784.1 | throughput (samples/sec/per_device): 3.171 | learning rate: 1.728263E-05 | global batch size:    96 | action loss: 1.621897E-01 | loss scale: 1.0 | grad norm: 0.599422 | number of skipped iterations:   0 | number of nan iterations:   0 |
2026-08-23 08:31:39 [INFO] iteration      391/    1000 | consumed samples:        37536 | elapsed time per iteration (ms): 3244.4 | throughput (samples/sec/per_device): 3.699 | learning rate: 1.724704E-05 | global batch size:    96 | action loss: 1.627587E-01 | loss scale: 1.0 | grad norm: 0.597325 | number of skipped iterations:   0 | number of nan iterations:   0 |
2026-08-23 08:31:43 [INFO] iteration      392/    1000 | consumed samples:        37632 | elapsed time per iteration (ms): 3648.8 | throughput (samples/sec/per_device): 3.289 | learning rate: 1.721140E-05 | global batch size:    96 | action loss: 1.609350E-01 | loss scale: 1.0 | grad norm: 0.581208 | number of skipped iterations:   0 | number of nan iterations:   0 |
2026-08-23 08:31:45 [INFO] iteration      393/    1000 | consumed samples:        37728 | elapsed time per iteration (ms): 2612.9 | throughput (samples/sec/per_device): 4.593 | learning rate: 1.717573E-05 | global batch size:    96 | action loss: 1.724209E-01 | loss scale: 1.0 | grad norm: 0.590004 | number of skipped iterations:   0 | number of nan iterations:   0 |
2026-08-23 08:31:48 [INFO] iteration      394/    1000 | consumed samples:        37824 | elapsed time per iteration (ms): 2540.1 | throughput (samples/sec/per_device): 4.724 | learning rate: 1.714000E-05 | global batch size:    96 | action loss: 1.708339E-01 | loss scale: 1.0 | grad norm: 0.566257 | number of skipped iterations:   0 | number of nan iterations:   0 |
2026-08-23 08:31:50 [INFO] iteration      395/    1000 | consumed samples:        37920 | elapsed time per iteration (ms): 2368.9 | throughput (samples/sec/per_device): 5.066 | learning rate: 1.710424E-05 | global batch size:    96 | action loss: 1.477397E-01 | loss scale: 1.0 | grad norm: 0.533616 | number of skipped iterations:   0 | number of nan iterations:   0 |
2026-08-23 08:31:54 [INFO] iteration      396/    1000 | consumed samples:        38016 | elapsed time per iteration (ms): 3698.4 | throughput (samples/sec/per_device): 3.245 | learning rate: 1.706844E-05 | global batch size:    96 | action loss: 1.637473E-01 | loss scale: 1.0 | grad norm: 0.609058 | number of skipped iterations:   0 | number of nan iterations:   0 |
2026-08-23 08:31:57 [INFO] iteration      397/    1000 | consumed samples:        38112 | elapsed time per iteration (ms): 2592.7 | throughput (samples/sec/per_device): 4.628 | learning rate: 1.703259E-05 | global batch size:    96 | action loss: 1.715613E-01 | loss scale: 1.0 | grad norm: 0.650896 | number of skipped iterations:   0 | number of nan iterations:   0 |
2026-08-23 08:32:00 [INFO] iteration      398/    1000 | consumed samples:        38208 | elapsed time per iteration (ms): 3058.6 | throughput (samples/sec/per_device): 3.923 | learning rate: 1.699671E-05 | global batch size:    96 | action loss: 1.864657E-01 | loss scale: 1.0 | grad norm: 0.573187 | number of skipped iterations:   0 | number of nan iterations:   0 |
2026-08-23 08:32:03 [INFO] iteration      399/    1000 | consumed samples:        38304 | elapsed time per iteration (ms): 3055.0 | throughput (samples/sec/per_device): 3.928 | learning rate: 1.696078E-05 | global batch size:    96 | action loss: 1.845192E-01 | loss scale: 1.0 | grad norm: 0.551221 | number of skipped iterations:   0 | number of nan iterations:   0 |
2026-08-23 08:32:06 [INFO] iteration      400/    1000 | consumed samples:        38400 | elapsed time per iteration (ms): 3731.5 | throughput (samples/sec/per_device): 3.216 | learning rate: 1.692482E-05 | global batch size:    96 | action loss: 1.822462E-01 | loss scale: 1.0 | grad norm: 0.559069 | number of skipped iterations:   0 | number of nan iterations:   0 |
2026-08-23 08:32:06 [INFO] max time across ranks (ms):
    forward-backward................................: 3601.76
    forward-compute.................................: 2118.05
    backward-compute................................: 3321.73
    batch-generator.................................: 1.69
    nan-grad-cleanup................................: 13.33
    grad-clip.......................................: 32.33
    optimizer.......................................: 84.72
    optimizer-inner-step............................: 84.63
    optimizer-scheduler-step........................: 0.08
    optimizer-zero-grad.............................: 0.54
2026-08-23 08:32:07 [INFO] PowerSGDPlusState restart: iter=299 compressed_iter=100 method=approximate rank=1 apply_exact=False
2026-08-23 08:32:13 [INFO] iteration      401/    1000 | consumed samples:        38496 | elapsed time per iteration (ms): 6376.5 | throughput (samples/sec/per_device): 1.882 | learning rate: 1.688881E-05 | global batch size:    96 | action loss: 1.576515E-01 | loss scale: 1.0 | grad norm: 0.632231 | number of skipped iterations:   0 | number of nan iterations:   0 |
2026-08-23 08:32:18 [INFO] iteration      402/    1000 | consumed samples:        38592 | elapsed time per iteration (ms): 4812.0 | throughput (samples/sec/per_device): 2.494 | learning rate: 1.685277E-05 | global batch size:    96 | action loss: 1.716811E-01 | loss scale: 1.0 | grad norm: 0.524881 | number of skipped iterations:   0 | number of nan iterations:   0 |
2026-08-23 08:32:21 [INFO] iteration      403/    1000 | consumed samples:        38688 | elapsed time per iteration (ms): 3555.2 | throughput (samples/sec/per_device): 3.375 | learning rate: 1.681668E-05 | global batch size:    96 | action loss: 1.579803E-01 | loss scale: 1.0 | grad norm: 0.645802 | number of skipped iterations:   0 | number of nan iterations:   0 |
2026-08-23 08:32:23 [INFO] iteration      404/    1000 | consumed samples:        38784 | elapsed time per iteration (ms): 2149.9 | throughput (samples/sec/per_device): 5.582 | learning rate: 1.678056E-05 | global batch size:    96 | action loss: 1.665038E-01 | loss scale: 1.0 | grad norm: 0.660020 | number of skipped iterations:   0 | number of nan iterations:   0 |
2026-08-23 08:32:26 [INFO] iteration      405/    1000 | consumed samples:        38880 | elapsed time per iteration (ms): 2289.4 | throughput (samples/sec/per_device): 5.242 | learning rate: 1.674440E-05 | global batch size:    96 | action loss: 1.566637E-01 | loss scale: 1.0 | grad norm: 0.587788 | number of skipped iterations:   0 | number of nan iterations:   0 |
2026-08-23 08:32:28 [INFO] iteration      406/    1000 | consumed samples:        38976 | elapsed time per iteration (ms): 2670.6 | throughput (samples/sec/per_device): 4.493 | learning rate: 1.670820E-05 | global batch size:    96 | action loss: 1.482547E-01 | loss scale: 1.0 | grad norm: 0.566957 | number of skipped iterations:   0 | number of nan iterations:   0 |
2026-08-23 08:32:31 [INFO] iteration      407/    1000 | consumed samples:        39072 | elapsed time per iteration (ms): 2313.9 | throughput (samples/sec/per_device): 5.186 | learning rate: 1.667197E-05 | global batch size:    96 | action loss: 1.754102E-01 | loss scale: 1.0 | grad norm: 0.557271 | number of skipped iterations:   0 | number of nan iterations:   0 |
2026-08-23 08:32:33 [INFO] iteration      408/    1000 | consumed samples:        39168 | elapsed time per iteration (ms): 2221.7 | throughput (samples/sec/per_device): 5.401 | learning rate: 1.663570E-05 | global batch size:    96 | action loss: 1.623318E-01 | loss scale: 1.0 | grad norm: 0.588600 | number of skipped iterations:   0 | number of nan iterations:   0 |
2026-08-23 08:32:35 [INFO] iteration      409/    1000 | consumed samples:        39264 | elapsed time per iteration (ms): 2656.8 | throughput (samples/sec/per_device): 4.517 | learning rate: 1.659939E-05 | global batch size:    96 | action loss: 1.579505E-01 | loss scale: 1.0 | grad norm: 0.605289 | number of skipped iterations:   0 | number of nan iterations:   0 |
2026-08-23 08:32:40 [INFO] iteration      410/    1000 | consumed samples:        39360 | elapsed time per iteration (ms): 4095.7 | throughput (samples/sec/per_device): 2.930 | learning rate: 1.656304E-05 | global batch size:    96 | action loss: 1.669328E-01 | loss scale: 1.0 | grad norm: 0.596560 | number of skipped iterations:   0 | number of nan iterations:   0 |
2026-08-23 08:32:43 [INFO] iteration      411/    1000 | consumed samples:        39456 | elapsed time per iteration (ms): 3186.1 | throughput (samples/sec/per_device): 3.766 | learning rate: 1.652666E-05 | global batch size:    96 | action loss: 1.580063E-01 | loss scale: 1.0 | grad norm: 0.573544 | number of skipped iterations:   0 | number of nan iterations:   0 |
2026-08-23 08:32:46 [INFO] iteration      412/    1000 | consumed samples:        39552 | elapsed time per iteration (ms): 2999.6 | throughput (samples/sec/per_device): 4.001 | learning rate: 1.649025E-05 | global batch size:    96 | action loss: 1.565064E-01 | loss scale: 1.0 | grad norm: 0.552962 | number of skipped iterations:   0 | number of nan iterations:   0 |
2026-08-23 08:32:49 [INFO] iteration      413/    1000 | consumed samples:        39648 | elapsed time per iteration (ms): 2818.4 | throughput (samples/sec/per_device): 4.258 | learning rate: 1.645380E-05 | global batch size:    96 | action loss: 1.580177E-01 | loss scale: 1.0 | grad norm: 0.496611 | number of skipped iterations:   0 | number of nan iterations:   0 |
2026-08-23 08:32:52 [INFO] iteration      414/    1000 | consumed samples:        39744 | elapsed time per iteration (ms): 3075.5 | throughput (samples/sec/per_device): 3.902 | learning rate: 1.641731E-05 | global batch size:    96 | action loss: 1.692975E-01 | loss scale: 1.0 | grad norm: 0.534811 | number of skipped iterations:   0 | number of nan iterations:   0 |
2026-08-23 08:32:54 [INFO] iteration      415/    1000 | consumed samples:        39840 | elapsed time per iteration (ms): 2757.8 | throughput (samples/sec/per_device): 4.351 | learning rate: 1.638079E-05 | global batch size:    96 | action loss: 1.408959E-01 | loss scale: 1.0 | grad norm: 0.510996 | number of skipped iterations:   0 | number of nan iterations:   0 |
2026-08-23 08:32:57 [INFO] iteration      416/    1000 | consumed samples:        39936 | elapsed time per iteration (ms): 2309.1 | throughput (samples/sec/per_device): 5.197 | learning rate: 1.634424E-05 | global batch size:    96 | action loss: 1.464615E-01 | loss scale: 1.0 | grad norm: 0.492404 | number of skipped iterations:   0 | number of nan iterations:   0 |
2026-08-23 08:32:59 [INFO] iteration      417/    1000 | consumed samples:        40032 | elapsed time per iteration (ms): 2447.0 | throughput (samples/sec/per_device): 4.904 | learning rate: 1.630765E-05 | global batch size:    96 | action loss: 1.735620E-01 | loss scale: 1.0 | grad norm: 0.500102 | number of skipped iterations:   0 | number of nan iterations:   0 |
2026-08-23 08:33:03 [INFO] iteration      418/    1000 | consumed samples:        40128 | elapsed time per iteration (ms): 3552.2 | throughput (samples/sec/per_device): 3.378 | learning rate: 1.627103E-05 | global batch size:    96 | action loss: 1.594326E-01 | loss scale: 1.0 | grad norm: 0.510966 | number of skipped iterations:   0 | number of nan iterations:   0 |
2026-08-23 08:33:06 [INFO] iteration      419/    1000 | consumed samples:        40224 | elapsed time per iteration (ms): 3244.0 | throughput (samples/sec/per_device): 3.699 | learning rate: 1.623437E-05 | global batch size:    96 | action loss: 1.552738E-01 | loss scale: 1.0 | grad norm: 0.538855 | number of skipped iterations:   0 | number of nan iterations:   0 |
2026-08-23 08:33:09 [INFO] iteration      420/    1000 | consumed samples:        40320 | elapsed time per iteration (ms): 2938.8 | throughput (samples/sec/per_device): 4.083 | learning rate: 1.619769E-05 | global batch size:    96 | action loss: 1.651052E-01 | loss scale: 1.0 | grad norm: 0.590522 | number of skipped iterations:   0 | number of nan iterations:   0 |
2026-08-23 08:33:09 [INFO] max time across ranks (ms):
    forward-backward................................: 2807.65
    forward-compute.................................: 1041.50
    backward-compute................................: 2527.45
    batch-generator.................................: 1.78
    nan-grad-cleanup................................: 13.07
    grad-clip.......................................: 32.61
    optimizer.......................................: 84.72
    optimizer-inner-step............................: 84.58
    optimizer-scheduler-step........................: 0.06
    optimizer-zero-grad.............................: 0.66
2026-08-23 08:33:13 [INFO] iteration      421/    1000 | consumed samples:        40416 | elapsed time per iteration (ms): 3596.7 | throughput (samples/sec/per_device): 3.336 | learning rate: 1.616097E-05 | global batch size:    96 | action loss: 1.582896E-01 | loss scale: 1.0 | grad norm: 0.541744 | number of skipped iterations:   0 | number of nan iterations:   0 |
2026-08-23 08:33:15 [INFO] iteration      422/    1000 | consumed samples:        40512 | elapsed time per iteration (ms): 2673.2 | throughput (samples/sec/per_device): 4.489 | learning rate: 1.612422E-05 | global batch size:    96 | action loss: 1.608137E-01 | loss scale: 1.0 | grad norm: 0.518165 | number of skipped iterations:   0 | number of nan iterations:   0 |
2026-08-23 08:33:19 [INFO] iteration      423/    1000 | consumed samples:        40608 | elapsed time per iteration (ms): 3440.9 | throughput (samples/sec/per_device): 3.487 | learning rate: 1.608743E-05 | global batch size:    96 | action loss: 1.602916E-01 | loss scale: 1.0 | grad norm: 0.507339 | number of skipped iterations:   0 | number of nan iterations:   0 |
2026-08-23 08:33:21 [INFO] iteration      424/    1000 | consumed samples:        40704 | elapsed time per iteration (ms): 2854.1 | throughput (samples/sec/per_device): 4.205 | learning rate: 1.605062E-05 | global batch size:    96 | action loss: 1.695660E-01 | loss scale: 1.0 | grad norm: 0.555865 | number of skipped iterations:   0 | number of nan iterations:   0 |
2026-08-23 08:33:26 [INFO] iteration      425/    1000 | consumed samples:        40800 | elapsed time per iteration (ms): 4082.4 | throughput (samples/sec/per_device): 2.939 | learning rate: 1.601378E-05 | global batch size:    96 | action loss: 1.874529E-01 | loss scale: 1.0 | grad norm: 0.588114 | number of skipped iterations:   0 | number of nan iterations:   0 |
2026-08-23 08:33:29 [INFO] iteration      426/    1000 | consumed samples:        40896 | elapsed time per iteration (ms): 3026.3 | throughput (samples/sec/per_device): 3.965 | learning rate: 1.597690E-05 | global batch size:    96 | action loss: 1.712926E-01 | loss scale: 1.0 | grad norm: 0.576616 | number of skipped iterations:   0 | number of nan iterations:   0 |
2026-08-23 08:33:32 [INFO] iteration      427/    1000 | consumed samples:        40992 | elapsed time per iteration (ms): 3085.4 | throughput (samples/sec/per_device): 3.889 | learning rate: 1.594000E-05 | global batch size:    96 | action loss: 1.608749E-01 | loss scale: 1.0 | grad norm: 0.523077 | number of skipped iterations:   0 | number of nan iterations:   0 |
2026-08-23 08:33:35 [INFO] iteration      428/    1000 | consumed samples:        41088 | elapsed time per iteration (ms): 3578.0 | throughput (samples/sec/per_device): 3.354 | learning rate: 1.590306E-05 | global batch size:    96 | action loss: 1.836068E-01 | loss scale: 1.0 | grad norm: 0.549653 | number of skipped iterations:   0 | number of nan iterations:   0 |
2026-08-23 08:33:38 [INFO] iteration      429/    1000 | consumed samples:        41184 | elapsed time per iteration (ms): 2776.3 | throughput (samples/sec/per_device): 4.322 | learning rate: 1.586610E-05 | global batch size:    96 | action loss: 1.835217E-01 | loss scale: 1.0 | grad norm: 0.570275 | number of skipped iterations:   0 | number of nan iterations:   0 |
2026-08-23 08:33:41 [INFO] iteration      430/    1000 | consumed samples:        41280 | elapsed time per iteration (ms): 2766.4 | throughput (samples/sec/per_device): 4.338 | learning rate: 1.582911E-05 | global batch size:    96 | action loss: 1.800033E-01 | loss scale: 1.0 | grad norm: 0.523407 | number of skipped iterations:   0 | number of nan iterations:   0 |
2026-08-23 08:33:47 [INFO] iteration      431/    1000 | consumed samples:        41376 | elapsed time per iteration (ms): 5689.0 | throughput (samples/sec/per_device): 2.109 | learning rate: 1.579209E-05 | global batch size:    96 | action loss: 1.609305E-01 | loss scale: 1.0 | grad norm: 0.560068 | number of skipped iterations:   0 | number of nan iterations:   0 |
2026-08-23 08:33:49 [INFO] iteration      432/    1000 | consumed samples:        41472 | elapsed time per iteration (ms): 2213.9 | throughput (samples/sec/per_device): 5.420 | learning rate: 1.575504E-05 | global batch size:    96 | action loss: 1.716432E-01 | loss scale: 1.0 | grad norm: 0.535324 | number of skipped iterations:   0 | number of nan iterations:   0 |
2026-08-23 08:33:51 [INFO] iteration      433/    1000 | consumed samples:        41568 | elapsed time per iteration (ms): 2744.1 | throughput (samples/sec/per_device): 4.373 | learning rate: 1.571796E-05 | global batch size:    96 | action loss: 1.646818E-01 | loss scale: 1.0 | grad norm: 0.503957 | number of skipped iterations:   0 | number of nan iterations:   0 |
2026-08-23 08:33:54 [INFO] iteration      434/    1000 | consumed samples:        41664 | elapsed time per iteration (ms): 2662.5 | throughput (samples/sec/per_device): 4.507 | learning rate: 1.568086E-05 | global batch size:    96 | action loss: 1.636412E-01 | loss scale: 1.0 | grad norm: 0.543532 | number of skipped iterations:   0 | number of nan iterations:   0 |
2026-08-23 08:33:58 [INFO] iteration      435/    1000 | consumed samples:        41760 | elapsed time per iteration (ms): 4093.8 | throughput (samples/sec/per_device): 2.931 | learning rate: 1.564373E-05 | global batch size:    96 | action loss: 1.686921E-01 | loss scale: 1.0 | grad norm: 0.502598 | number of skipped iterations:   0 | number of nan iterations:   0 |
2026-08-23 08:34:01 [INFO] iteration      436/    1000 | consumed samples:        41856 | elapsed time per iteration (ms): 2531.6 | throughput (samples/sec/per_device): 4.740 | learning rate: 1.560657E-05 | global batch size:    96 | action loss: 1.642935E-01 | loss scale: 1.0 | grad norm: 0.513466 | number of skipped iterations:   0 | number of nan iterations:   0 |
2026-08-23 08:34:03 [INFO] iteration      437/    1000 | consumed samples:        41952 | elapsed time per iteration (ms): 2645.4 | throughput (samples/sec/per_device): 4.536 | learning rate: 1.556939E-05 | global batch size:    96 | action loss: 1.619818E-01 | loss scale: 1.0 | grad norm: 0.530562 | number of skipped iterations:   0 | number of nan iterations:   0 |
2026-08-23 08:34:06 [INFO] iteration      438/    1000 | consumed samples:        42048 | elapsed time per iteration (ms): 3088.8 | throughput (samples/sec/per_device): 3.885 | learning rate: 1.553218E-05 | global batch size:    96 | action loss: 1.691021E-01 | loss scale: 1.0 | grad norm: 0.526938 | number of skipped iterations:   0 | number of nan iterations:   0 |
2026-08-23 08:34:10 [INFO] iteration      439/    1000 | consumed samples:        42144 | elapsed time per iteration (ms): 3728.6 | throughput (samples/sec/per_device): 3.218 | learning rate: 1.549494E-05 | global batch size:    96 | action loss: 1.565774E-01 | loss scale: 1.0 | grad norm: 0.498523 | number of skipped iterations:   0 | number of nan iterations:   0 |
2026-08-23 08:34:13 [INFO] iteration      440/    1000 | consumed samples:        42240 | elapsed time per iteration (ms): 3055.9 | throughput (samples/sec/per_device): 3.927 | learning rate: 1.545768E-05 | global batch size:    96 | action loss: 1.725704E-01 | loss scale: 1.0 | grad norm: 0.496140 | number of skipped iterations:   0 | number of nan iterations:   0 |
2026-08-23 08:34:13 [INFO] max time across ranks (ms):
    forward-backward................................: 2924.06
    forward-compute.................................: 1122.06
    backward-compute................................: 2644.72
    batch-generator.................................: 2.06
    nan-grad-cleanup................................: 13.75
    grad-clip.......................................: 33.44
    optimizer.......................................: 87.46
    optimizer-inner-step............................: 87.37
    optimizer-scheduler-step........................: 0.06
    optimizer-zero-grad.............................: 0.50
2026-08-23 08:34:16 [INFO] iteration      441/    1000 | consumed samples:        42336 | elapsed time per iteration (ms): 2966.0 | throughput (samples/sec/per_device): 4.046 | learning rate: 1.542039E-05 | global batch size:    96 | action loss: 1.723705E-01 | loss scale: 1.0 | grad norm: 0.473219 | number of skipped iterations:   0 | number of nan iterations:   0 |
2026-08-23 08:34:20 [INFO] iteration      442/    1000 | consumed samples:        42432 | elapsed time per iteration (ms): 3376.1 | throughput (samples/sec/per_device): 3.554 | learning rate: 1.538309E-05 | global batch size:    96 | action loss: 1.565325E-01 | loss scale: 1.0 | grad norm: 0.515633 | number of skipped iterations:   0 | number of nan iterations:   0 |
2026-08-23 08:34:22 [INFO] iteration      443/    1000 | consumed samples:        42528 | elapsed time per iteration (ms): 2223.4 | throughput (samples/sec/per_device): 5.397 | learning rate: 1.534575E-05 | global batch size:    96 | action loss: 1.468958E-01 | loss scale: 1.0 | grad norm: 0.559614 | number of skipped iterations:   0 | number of nan iterations:   0 |
2026-08-23 08:34:25 [INFO] iteration      444/    1000 | consumed samples:        42624 | elapsed time per iteration (ms): 2743.7 | throughput (samples/sec/per_device): 4.374 | learning rate: 1.530840E-05 | global batch size:    96 | action loss: 1.796766E-01 | loss scale: 1.0 | grad norm: 0.566025 | number of skipped iterations:   0 | number of nan iterations:   0 |
2026-08-23 08:34:27 [INFO] iteration      445/    1000 | consumed samples:        42720 | elapsed time per iteration (ms): 2627.3 | throughput (samples/sec/per_device): 4.567 | learning rate: 1.527101E-05 | global batch size:    96 | action loss: 1.395818E-01 | loss scale: 1.0 | grad norm: 0.549914 | number of skipped iterations:   0 | number of nan iterations:   0 |
2026-08-23 08:34:31 [INFO] iteration      446/    1000 | consumed samples:        42816 | elapsed time per iteration (ms): 3817.4 | throughput (samples/sec/per_device): 3.143 | learning rate: 1.523361E-05 | global batch size:    96 | action loss: 1.645022E-01 | loss scale: 1.0 | grad norm: 0.589915 | number of skipped iterations:   0 | number of nan iterations:   0 |
2026-08-23 08:34:34 [INFO] iteration      447/    1000 | consumed samples:        42912 | elapsed time per iteration (ms): 2562.4 | throughput (samples/sec/per_device): 4.683 | learning rate: 1.519619E-05 | global batch size:    96 | action loss: 1.532473E-01 | loss scale: 1.0 | grad norm: 0.572808 | number of skipped iterations:   0 | number of nan iterations:   0 |
2026-08-23 08:34:37 [INFO] iteration      448/    1000 | consumed samples:        43008 | elapsed time per iteration (ms): 2919.4 | throughput (samples/sec/per_device): 4.110 | learning rate: 1.515874E-05 | global batch size:    96 | action loss: 1.839455E-01 | loss scale: 1.0 | grad norm: 0.562697 | number of skipped iterations:   0 | number of nan iterations:   0 |
2026-08-23 08:34:39 [INFO] iteration      449/    1000 | consumed samples:        43104 | elapsed time per iteration (ms): 2682.3 | throughput (samples/sec/per_device): 4.474 | learning rate: 1.512127E-05 | global batch size:    96 | action loss: 1.584803E-01 | loss scale: 1.0 | grad norm: 0.546439 | number of skipped iterations:   0 | number of nan iterations:   0 |
2026-08-23 08:34:43 [INFO] iteration      450/    1000 | consumed samples:        43200 | elapsed time per iteration (ms): 3815.6 | throughput (samples/sec/per_device): 3.145 | learning rate: 1.508378E-05 | global batch size:    96 | action loss: 1.542549E-01 | loss scale: 1.0 | grad norm: 0.497201 | number of skipped iterations:   0 | number of nan iterations:   0 |
2026-08-23 08:34:44 [INFO] PowerSGDPlusState restart: iter=349 compressed_iter=150 method=approximate rank=1 apply_exact=False
2026-08-23 08:34:51 [INFO] iteration      451/    1000 | consumed samples:        43296 | elapsed time per iteration (ms): 8281.8 | throughput (samples/sec/per_device): 1.449 | learning rate: 1.504627E-05 | global batch size:    96 | action loss: 1.463175E-01 | loss scale: 1.0 | grad norm: 0.636758 | number of skipped iterations:   0 | number of nan iterations:   0 |
2026-08-23 08:34:56 [INFO] iteration      452/    1000 | consumed samples:        43392 | elapsed time per iteration (ms): 4640.5 | throughput (samples/sec/per_device): 2.586 | learning rate: 1.500873E-05 | global batch size:    96 | action loss: 1.823450E-01 | loss scale: 1.0 | grad norm: 0.515813 | number of skipped iterations:   0 | number of nan iterations:   0 |
2026-08-23 08:35:00 [INFO] iteration      453/    1000 | consumed samples:        43488 | elapsed time per iteration (ms): 3558.4 | throughput (samples/sec/per_device): 3.372 | learning rate: 1.497118E-05 | global batch size:    96 | action loss: 1.784939E-01 | loss scale: 1.0 | grad norm: 0.526190 | number of skipped iterations:   0 | number of nan iterations:   0 |
2026-08-23 08:35:02 [INFO] iteration      454/    1000 | consumed samples:        43584 | elapsed time per iteration (ms): 2051.7 | throughput (samples/sec/per_device): 5.849 | learning rate: 1.493361E-05 | global batch size:    96 | action loss: 1.449109E-01 | loss scale: 1.0 | grad norm: 0.547860 | number of skipped iterations:   0 | number of nan iterations:   0 |
2026-08-23 08:35:05 [INFO] iteration      455/    1000 | consumed samples:        43680 | elapsed time per iteration (ms): 3797.0 | throughput (samples/sec/per_device): 3.160 | learning rate: 1.489602E-05 | global batch size:    96 | action loss: 1.591920E-01 | loss scale: 1.0 | grad norm: 0.566491 | number of skipped iterations:   0 | number of nan iterations:   0 |
2026-08-23 08:35:08 [INFO] iteration      456/    1000 | consumed samples:        43776 | elapsed time per iteration (ms): 2137.6 | throughput (samples/sec/per_device): 5.614 | learning rate: 1.485841E-05 | global batch size:    96 | action loss: 1.798620E-01 | loss scale: 1.0 | grad norm: 0.507365 | number of skipped iterations:   0 | number of nan iterations:   0 |
2026-08-23 08:35:10 [INFO] iteration      457/    1000 | consumed samples:        43872 | elapsed time per iteration (ms): 2244.0 | throughput (samples/sec/per_device): 5.348 | learning rate: 1.482078E-05 | global batch size:    96 | action loss: 1.719439E-01 | loss scale: 1.0 | grad norm: 0.564853 | number of skipped iterations:   0 | number of nan iterations:   0 |
2026-08-23 08:35:12 [INFO] iteration      458/    1000 | consumed samples:        43968 | elapsed time per iteration (ms): 2550.8 | throughput (samples/sec/per_device): 4.704 | learning rate: 1.478313E-05 | global batch size:    96 | action loss: 1.436447E-01 | loss scale: 1.0 | grad norm: 0.529033 | number of skipped iterations:   0 | number of nan iterations:   0 |
2026-08-23 08:35:15 [INFO] iteration      459/    1000 | consumed samples:        44064 | elapsed time per iteration (ms): 2337.2 | throughput (samples/sec/per_device): 5.134 | learning rate: 1.474546E-05 | global batch size:    96 | action loss: 1.812828E-01 | loss scale: 1.0 | grad norm: 0.509462 | number of skipped iterations:   0 | number of nan iterations:   0 |
2026-08-23 08:35:18 [INFO] iteration      460/    1000 | consumed samples:        44160 | elapsed time per iteration (ms): 3315.5 | throughput (samples/sec/per_device): 3.619 | learning rate: 1.470778E-05 | global batch size:    96 | action loss: 1.618385E-01 | loss scale: 1.0 | grad norm: 0.544374 | number of skipped iterations:   0 | number of nan iterations:   0 |
2026-08-23 08:35:18 [INFO] max time across ranks (ms):
    forward-backward................................: 3185.34
    forward-compute.................................: 275.99
    backward-compute................................: 2905.23
    batch-generator.................................: 1.50
    nan-grad-cleanup................................: 13.29
    grad-clip.......................................: 32.05
    optimizer.......................................: 87.40
    optimizer-inner-step............................: 87.28
    optimizer-scheduler-step........................: 0.07
    optimizer-zero-grad.............................: 0.88
2026-08-23 08:35:21 [INFO] iteration      461/    1000 | consumed samples:        44256 | elapsed time per iteration (ms): 2633.3 | throughput (samples/sec/per_device): 4.557 | learning rate: 1.467008E-05 | global batch size:    96 | action loss: 1.440846E-01 | loss scale: 1.0 | grad norm: 0.533343 | number of skipped iterations:   0 | number of nan iterations:   0 |
2026-08-23 08:35:23 [INFO] iteration      462/    1000 | consumed samples:        44352 | elapsed time per iteration (ms): 2726.6 | throughput (samples/sec/per_device): 4.401 | learning rate: 1.463236E-05 | global batch size:    96 | action loss: 1.653675E-01 | loss scale: 1.0 | grad norm: 0.573568 | number of skipped iterations:   0 | number of nan iterations:   0 |
2026-08-23 08:35:26 [INFO] iteration      463/    1000 | consumed samples:        44448 | elapsed time per iteration (ms): 2592.2 | throughput (samples/sec/per_device): 4.629 | learning rate: 1.459463E-05 | global batch size:    96 | action loss: 1.603061E-01 | loss scale: 1.0 | grad norm: 0.605564 | number of skipped iterations:   0 | number of nan iterations:   0 |
2026-08-23 08:35:30 [INFO] iteration      464/    1000 | consumed samples:        44544 | elapsed time per iteration (ms): 3912.7 | throughput (samples/sec/per_device): 3.067 | learning rate: 1.455688E-05 | global batch size:    96 | action loss: 1.557008E-01 | loss scale: 1.0 | grad norm: 0.606992 | number of skipped iterations:   0 | number of nan iterations:   0 |
2026-08-23 08:35:32 [INFO] iteration      465/    1000 | consumed samples:        44640 | elapsed time per iteration (ms): 2542.3 | throughput (samples/sec/per_device): 4.720 | learning rate: 1.451911E-05 | global batch size:    96 | action loss: 1.843604E-01 | loss scale: 1.0 | grad norm: 0.587335 | number of skipped iterations:   0 | number of nan iterations:   0 |
2026-08-23 08:35:35 [INFO] iteration      466/    1000 | consumed samples:        44736 | elapsed time per iteration (ms): 2609.3 | throughput (samples/sec/per_device): 4.599 | learning rate: 1.448133E-05 | global batch size:    96 | action loss: 1.726426E-01 | loss scale: 1.0 | grad norm: 0.590106 | number of skipped iterations:   0 | number of nan iterations:   0 |
2026-08-23 08:35:38 [INFO] iteration      467/    1000 | consumed samples:        44832 | elapsed time per iteration (ms): 2771.3 | throughput (samples/sec/per_device): 4.330 | learning rate: 1.444353E-05 | global batch size:    96 | action loss: 2.121638E-01 | loss scale: 1.0 | grad norm: 0.579215 | number of skipped iterations:   0 | number of nan iterations:   0 |
2026-08-23 08:35:41 [INFO] iteration      468/    1000 | consumed samples:        44928 | elapsed time per iteration (ms): 3585.5 | throughput (samples/sec/per_device): 3.347 | learning rate: 1.440572E-05 | global batch size:    96 | action loss: 1.647573E-01 | loss scale: 1.0 | grad norm: 0.567446 | number of skipped iterations:   0 | number of nan iterations:   0 |
2026-08-23 08:35:44 [INFO] iteration      469/    1000 | consumed samples:        45024 | elapsed time per iteration (ms): 2983.7 | throughput (samples/sec/per_device): 4.022 | learning rate: 1.436790E-05 | global batch size:    96 | action loss: 1.812772E-01 | loss scale: 1.0 | grad norm: 0.563139 | number of skipped iterations:   0 | number of nan iterations:   0 |
2026-08-23 08:35:47 [INFO] iteration      470/    1000 | consumed samples:        45120 | elapsed time per iteration (ms): 2657.9 | throughput (samples/sec/per_device): 4.515 | learning rate: 1.433006E-05 | global batch size:    96 | action loss: 1.484970E-01 | loss scale: 1.0 | grad norm: 0.554662 | number of skipped iterations:   0 | number of nan iterations:   0 |
2026-08-23 08:35:53 [INFO] iteration      471/    1000 | consumed samples:        45216 | elapsed time per iteration (ms): 5930.6 | throughput (samples/sec/per_device): 2.023 | learning rate: 1.429221E-05 | global batch size:    96 | action loss: 1.810421E-01 | loss scale: 1.0 | grad norm: 0.544724 | number of skipped iterations:   0 | number of nan iterations:   0 |
2026-08-23 08:35:56 [INFO] iteration      472/    1000 | consumed samples:        45312 | elapsed time per iteration (ms): 2944.6 | throughput (samples/sec/per_device): 4.075 | learning rate: 1.425434E-05 | global batch size:    96 | action loss: 1.835820E-01 | loss scale: 1.0 | grad norm: 0.539150 | number of skipped iterations:   0 | number of nan iterations:   0 |
2026-08-23 08:35:58 [INFO] iteration      473/    1000 | consumed samples:        45408 | elapsed time per iteration (ms): 2390.3 | throughput (samples/sec/per_device): 5.020 | learning rate: 1.421646E-05 | global batch size:    96 | action loss: 1.420143E-01 | loss scale: 1.0 | grad norm: 0.571826 | number of skipped iterations:   0 | number of nan iterations:   0 |
2026-08-23 08:36:02 [INFO] iteration      474/    1000 | consumed samples:        45504 | elapsed time per iteration (ms): 3759.4 | throughput (samples/sec/per_device): 3.192 | learning rate: 1.417857E-05 | global batch size:    96 | action loss: 1.564131E-01 | loss scale: 1.0 | grad norm: 0.736255 | number of skipped iterations:   0 | number of nan iterations:   0 |
2026-08-23 08:36:05 [INFO] iteration      475/    1000 | consumed samples:        45600 | elapsed time per iteration (ms): 2655.1 | throughput (samples/sec/per_device): 4.520 | learning rate: 1.414067E-05 | global batch size:    96 | action loss: 1.761158E-01 | loss scale: 1.0 | grad norm: 0.632517 | number of skipped iterations:   0 | number of nan iterations:   0 |
2026-08-23 08:36:08 [INFO] iteration      476/    1000 | consumed samples:        45696 | elapsed time per iteration (ms): 3097.7 | throughput (samples/sec/per_device): 3.874 | learning rate: 1.410276E-05 | global batch size:    96 | action loss: 1.650323E-01 | loss scale: 1.0 | grad norm: 0.573625 | number of skipped iterations:   0 | number of nan iterations:   0 |
2026-08-23 08:36:10 [INFO] iteration      477/    1000 | consumed samples:        45792 | elapsed time per iteration (ms): 2650.7 | throughput (samples/sec/per_device): 4.527 | learning rate: 1.406484E-05 | global batch size:    96 | action loss: 1.715918E-01 | loss scale: 1.0 | grad norm: 0.593950 | number of skipped iterations:   0 | number of nan iterations:   0 |
2026-08-23 08:36:14 [INFO] iteration      478/    1000 | consumed samples:        45888 | elapsed time per iteration (ms): 3443.1 | throughput (samples/sec/per_device): 3.485 | learning rate: 1.402690E-05 | global batch size:    96 | action loss: 1.972489E-01 | loss scale: 1.0 | grad norm: 0.644206 | number of skipped iterations:   0 | number of nan iterations:   0 |
2026-08-23 08:36:17 [INFO] iteration      479/    1000 | consumed samples:        45984 | elapsed time per iteration (ms): 2870.1 | throughput (samples/sec/per_device): 4.181 | learning rate: 1.398895E-05 | global batch size:    96 | action loss: 1.619886E-01 | loss scale: 1.0 | grad norm: 0.638282 | number of skipped iterations:   0 | number of nan iterations:   0 |
2026-08-23 08:36:19 [INFO] iteration      480/    1000 | consumed samples:        46080 | elapsed time per iteration (ms): 2338.6 | throughput (samples/sec/per_device): 5.131 | learning rate: 1.395100E-05 | global batch size:    96 | action loss: 1.734775E-01 | loss scale: 1.0 | grad norm: 0.638914 | number of skipped iterations:   0 | number of nan iterations:   0 |
2026-08-23 08:36:19 [INFO] max time across ranks (ms):
    forward-backward................................: 2209.22
    forward-compute.................................: 742.13
    backward-compute................................: 1927.73
    batch-generator.................................: 1.58
    nan-grad-cleanup................................: 13.28
    grad-clip.......................................: 32.73
    optimizer.......................................: 84.13
    optimizer-inner-step............................: 84.02
    optimizer-scheduler-step........................: 0.07
    optimizer-zero-grad.............................: 0.87
2026-08-23 08:36:22 [INFO] iteration      481/    1000 | consumed samples:        46176 | elapsed time per iteration (ms): 2833.0 | throughput (samples/sec/per_device): 4.236 | learning rate: 1.391303E-05 | global batch size:    96 | action loss: 1.757641E-01 | loss scale: 1.0 | grad norm: 0.569086 | number of skipped iterations:   0 | number of nan iterations:   0 |
2026-08-23 08:36:26 [INFO] iteration      482/    1000 | consumed samples:        46272 | elapsed time per iteration (ms): 3826.0 | throughput (samples/sec/per_device): 3.136 | learning rate: 1.387506E-05 | global batch size:    96 | action loss: 1.555313E-01 | loss scale: 1.0 | grad norm: 0.590288 | number of skipped iterations:   0 | number of nan iterations:   0 |
2026-08-23 08:36:28 [INFO] iteration      483/    1000 | consumed samples:        46368 | elapsed time per iteration (ms): 1948.9 | throughput (samples/sec/per_device): 6.157 | learning rate: 1.383708E-05 | global batch size:    96 | action loss: 1.629485E-01 | loss scale: 1.0 | grad norm: 0.595581 | number of skipped iterations:   0 | number of nan iterations:   0 |
2026-08-23 08:36:30 [INFO] iteration      484/    1000 | consumed samples:        46464 | elapsed time per iteration (ms): 2196.0 | throughput (samples/sec/per_device): 5.465 | learning rate: 1.379909E-05 | global batch size:    96 | action loss: 1.576403E-01 | loss scale: 1.0 | grad norm: 0.551366 | number of skipped iterations:   0 | number of nan iterations:   0 |
2026-08-23 08:36:32 [INFO] iteration      485/    1000 | consumed samples:        46560 | elapsed time per iteration (ms): 2355.3 | throughput (samples/sec/per_device): 5.095 | learning rate: 1.376109E-05 | global batch size:    96 | action loss: 1.839542E-01 | loss scale: 1.0 | grad norm: 0.548217 | number of skipped iterations:   0 | number of nan iterations:   0 |
2026-08-23 08:36:36 [INFO] iteration      486/    1000 | consumed samples:        46656 | elapsed time per iteration (ms): 3323.6 | throughput (samples/sec/per_device): 3.611 | learning rate: 1.372308E-05 | global batch size:    96 | action loss: 1.647927E-01 | loss scale: 1.0 | grad norm: 0.583318 | number of skipped iterations:   0 | number of nan iterations:   0 |
2026-08-23 08:36:38 [INFO] iteration      487/    1000 | consumed samples:        46752 | elapsed time per iteration (ms): 2507.3 | throughput (samples/sec/per_device): 4.786 | learning rate: 1.368507E-05 | global batch size:    96 | action loss: 1.665199E-01 | loss scale: 1.0 | grad norm: 0.528074 | number of skipped iterations:   0 | number of nan iterations:   0 |
2026-08-23 08:36:41 [INFO] iteration      488/    1000 | consumed samples:        46848 | elapsed time per iteration (ms): 2680.0 | throughput (samples/sec/per_device): 4.478 | learning rate: 1.364704E-05 | global batch size:    96 | action loss: 1.443579E-01 | loss scale: 1.0 | grad norm: 0.544375 | number of skipped iterations:   0 | number of nan iterations:   0 |
2026-08-23 08:36:44 [INFO] iteration      489/    1000 | consumed samples:        46944 | elapsed time per iteration (ms): 2997.3 | throughput (samples/sec/per_device): 4.004 | learning rate: 1.360902E-05 | global batch size:    96 | action loss: 1.509039E-01 | loss scale: 1.0 | grad norm: 0.574456 | number of skipped iterations:   0 | number of nan iterations:   0 |
2026-08-23 08:36:47 [INFO] iteration      490/    1000 | consumed samples:        47040 | elapsed time per iteration (ms): 3324.7 | throughput (samples/sec/per_device): 3.609 | learning rate: 1.357098E-05 | global batch size:    96 | action loss: 1.552609E-01 | loss scale: 1.0 | grad norm: 0.551367 | number of skipped iterations:   0 | number of nan iterations:   0 |
2026-08-23 08:36:51 [INFO] iteration      491/    1000 | consumed samples:        47136 | elapsed time per iteration (ms): 3584.5 | throughput (samples/sec/per_device): 3.348 | learning rate: 1.353294E-05 | global batch size:    96 | action loss: 1.481244E-01 | loss scale: 1.0 | grad norm: 0.532171 | number of skipped iterations:   0 | number of nan iterations:   0 |
2026-08-23 08:36:55 [INFO] iteration      492/    1000 | consumed samples:        47232 | elapsed time per iteration (ms): 4342.2 | throughput (samples/sec/per_device): 2.764 | learning rate: 1.349490E-05 | global batch size:    96 | action loss: 1.483693E-01 | loss scale: 1.0 | grad norm: 0.638436 | number of skipped iterations:   0 | number of nan iterations:   0 |
2026-08-23 08:36:59 [INFO] iteration      493/    1000 | consumed samples:        47328 | elapsed time per iteration (ms): 4137.5 | throughput (samples/sec/per_device): 2.900 | learning rate: 1.345685E-05 | global batch size:    96 | action loss: 1.773748E-01 | loss scale: 1.0 | grad norm: 0.575142 | number of skipped iterations:   0 | number of nan iterations:   0 |
2026-08-23 08:37:02 [INFO] iteration      494/    1000 | consumed samples:        47424 | elapsed time per iteration (ms): 3099.6 | throughput (samples/sec/per_device): 3.872 | learning rate: 1.341879E-05 | global batch size:    96 | action loss: 1.566218E-01 | loss scale: 1.0 | grad norm: 0.546938 | number of skipped iterations:   0 | number of nan iterations:   0 |
2026-08-23 08:37:05 [INFO] iteration      495/    1000 | consumed samples:        47520 | elapsed time per iteration (ms): 3068.5 | throughput (samples/sec/per_device): 3.911 | learning rate: 1.338074E-05 | global batch size:    96 | action loss: 1.733576E-01 | loss scale: 1.0 | grad norm: 0.557683 | number of skipped iterations:   0 | number of nan iterations:   0 |
2026-08-23 08:37:09 [INFO] iteration      496/    1000 | consumed samples:        47616 | elapsed time per iteration (ms): 3981.4 | throughput (samples/sec/per_device): 3.014 | learning rate: 1.334267E-05 | global batch size:    96 | action loss: 1.707883E-01 | loss scale: 1.0 | grad norm: 0.628199 | number of skipped iterations:   0 | number of nan iterations:   0 |
2026-08-23 08:37:12 [INFO] iteration      497/    1000 | consumed samples:        47712 | elapsed time per iteration (ms): 3053.1 | throughput (samples/sec/per_device): 3.930 | learning rate: 1.330461E-05 | global batch size:    96 | action loss: 1.593302E-01 | loss scale: 1.0 | grad norm: 0.595017 | number of skipped iterations:   0 | number of nan iterations:   0 |
2026-08-23 08:37:15 [INFO] iteration      498/    1000 | consumed samples:        47808 | elapsed time per iteration (ms): 2534.6 | throughput (samples/sec/per_device): 4.734 | learning rate: 1.326654E-05 | global batch size:    96 | action loss: 2.023215E-01 | loss scale: 1.0 | grad norm: 0.590910 | number of skipped iterations:   0 | number of nan iterations:   0 |
2026-08-23 08:37:18 [INFO] iteration      499/    1000 | consumed samples:        47904 | elapsed time per iteration (ms): 2891.5 | throughput (samples/sec/per_device): 4.150 | learning rate: 1.322847E-05 | global batch size:    96 | action loss: 1.440684E-01 | loss scale: 1.0 | grad norm: 0.580263 | number of skipped iterations:   0 | number of nan iterations:   0 |
2026-08-23 08:37:22 [INFO] iteration      500/    1000 | consumed samples:        48000 | elapsed time per iteration (ms): 3712.7 | throughput (samples/sec/per_device): 3.232 | learning rate: 1.319039E-05 | global batch size:    96 | action loss: 1.743023E-01 | loss scale: 1.0 | grad norm: 0.565948 | number of skipped iterations:   0 | number of nan iterations:   0 |
2026-08-23 08:37:22 [INFO] max time across ranks (ms):
    forward-backward................................: 3583.03
    forward-compute.................................: 1062.29
    backward-compute................................: 3305.80
    batch-generator.................................: 2.48
    nan-grad-cleanup................................: 12.93
    grad-clip.......................................: 32.25
    optimizer.......................................: 83.35
    optimizer-inner-step............................: 83.26
    optimizer-scheduler-step........................: 0.05
    optimizer-zero-grad.............................: 0.82
2026-08-23 08:37:22 [INFO] PowerSGDPlusState restart: iter=399 compressed_iter=200 method=approximate rank=1 apply_exact=False
2026-08-23 08:37:28 [INFO] iteration      501/    1000 | consumed samples:        48096 | elapsed time per iteration (ms): 6014.2 | throughput (samples/sec/per_device): 1.995 | learning rate: 1.315232E-05 | global batch size:    96 | action loss: 1.669612E-01 | loss scale: 1.0 | grad norm: 0.643137 | number of skipped iterations:   0 | number of nan iterations:   0 |
2026-08-23 08:37:32 [INFO] iteration      502/    1000 | consumed samples:        48192 | elapsed time per iteration (ms): 4530.3 | throughput (samples/sec/per_device): 2.649 | learning rate: 1.311424E-05 | global batch size:    96 | action loss: 1.435348E-01 | loss scale: 1.0 | grad norm: 0.562357 | number of skipped iterations:   0 | number of nan iterations:   0 |
2026-08-23 08:37:35 [INFO] iteration      503/    1000 | consumed samples:        48288 | elapsed time per iteration (ms): 3417.3 | throughput (samples/sec/per_device): 3.512 | learning rate: 1.307616E-05 | global batch size:    96 | action loss: 1.658303E-01 | loss scale: 1.0 | grad norm: 0.573424 | number of skipped iterations:   0 | number of nan iterations:   0 |
2026-08-23 08:37:38 [INFO] iteration      504/    1000 | consumed samples:        48384 | elapsed time per iteration (ms): 2053.1 | throughput (samples/sec/per_device): 5.845 | learning rate: 1.303808E-05 | global batch size:    96 | action loss: 1.409552E-01 | loss scale: 1.0 | grad norm: 0.587929 | number of skipped iterations:   0 | number of nan iterations:   0 |
2026-08-23 08:37:40 [INFO] iteration      505/    1000 | consumed samples:        48480 | elapsed time per iteration (ms): 2328.8 | throughput (samples/sec/per_device): 5.153 | learning rate: 1.300000E-05 | global batch size:    96 | action loss: 1.788175E-01 | loss scale: 1.0 | grad norm: 0.551010 | number of skipped iterations:   0 | number of nan iterations:   0 |
2026-08-23 08:37:42 [INFO] iteration      506/    1000 | consumed samples:        48576 | elapsed time per iteration (ms): 2063.1 | throughput (samples/sec/per_device): 5.817 | learning rate: 1.296192E-05 | global batch size:    96 | action loss: 1.457756E-01 | loss scale: 1.0 | grad norm: 0.527415 | number of skipped iterations:   0 | number of nan iterations:   0 |
2026-08-23 08:37:46 [INFO] iteration      507/    1000 | consumed samples:        48672 | elapsed time per iteration (ms): 3861.5 | throughput (samples/sec/per_device): 3.108 | learning rate: 1.292384E-05 | global batch size:    96 | action loss: 1.683575E-01 | loss scale: 1.0 | grad norm: 0.570991 | number of skipped iterations:   0 | number of nan iterations:   0 |
2026-08-23 08:37:48 [INFO] iteration      508/    1000 | consumed samples:        48768 | elapsed time per iteration (ms): 2565.0 | throughput (samples/sec/per_device): 4.678 | learning rate: 1.288576E-05 | global batch size:    96 | action loss: 1.748960E-01 | loss scale: 1.0 | grad norm: 0.613839 | number of skipped iterations:   0 | number of nan iterations:   0 |
2026-08-23 08:37:51 [INFO] iteration      509/    1000 | consumed samples:        48864 | elapsed time per iteration (ms): 2538.8 | throughput (samples/sec/per_device): 4.727 | learning rate: 1.284768E-05 | global batch size:    96 | action loss: 1.692412E-01 | loss scale: 1.0 | grad norm: 0.608948 | number of skipped iterations:   0 | number of nan iterations:   0 |
2026-08-23 08:37:53 [INFO] iteration      510/    1000 | consumed samples:        48960 | elapsed time per iteration (ms): 2411.6 | throughput (samples/sec/per_device): 4.976 | learning rate: 1.280961E-05 | global batch size:    96 | action loss: 1.454341E-01 | loss scale: 1.0 | grad norm: 0.573214 | number of skipped iterations:   0 | number of nan iterations:   0 |
2026-08-23 08:37:59 [INFO] iteration      511/    1000 | consumed samples:        49056 | elapsed time per iteration (ms): 5558.1 | throughput (samples/sec/per_device): 2.159 | learning rate: 1.277153E-05 | global batch size:    96 | action loss: 1.546946E-01 | loss scale: 1.0 | grad norm: 0.578085 | number of skipped iterations:   0 | number of nan iterations:   0 |
2026-08-23 08:38:01 [INFO] iteration      512/    1000 | consumed samples:        49152 | elapsed time per iteration (ms): 2469.4 | throughput (samples/sec/per_device): 4.859 | learning rate: 1.273346E-05 | global batch size:    96 | action loss: 1.783781E-01 | loss scale: 1.0 | grad norm: 0.559163 | number of skipped iterations:   0 | number of nan iterations:   0 |
2026-08-23 08:38:04 [INFO] iteration      513/    1000 | consumed samples:        49248 | elapsed time per iteration (ms): 3098.5 | throughput (samples/sec/per_device): 3.873 | learning rate: 1.269539E-05 | global batch size:    96 | action loss: 1.641078E-01 | loss scale: 1.0 | grad norm: 0.618101 | number of skipped iterations:   0 | number of nan iterations:   0 |
2026-08-23 08:38:08 [INFO] iteration      514/    1000 | consumed samples:        49344 | elapsed time per iteration (ms): 3354.7 | throughput (samples/sec/per_device): 3.577 | learning rate: 1.265733E-05 | global batch size:    96 | action loss: 1.560967E-01 | loss scale: 1.0 | grad norm: 0.590950 | number of skipped iterations:   0 | number of nan iterations:   0 |
2026-08-23 08:38:10 [INFO] iteration      515/    1000 | consumed samples:        49440 | elapsed time per iteration (ms): 2238.0 | throughput (samples/sec/per_device): 5.362 | learning rate: 1.261926E-05 | global batch size:    96 | action loss: 1.561329E-01 | loss scale: 1.0 | grad norm: 0.599392 | number of skipped iterations:   0 | number of nan iterations:   0 |
2026-08-23 08:38:13 [INFO] iteration      516/    1000 | consumed samples:        49536 | elapsed time per iteration (ms): 2700.7 | throughput (samples/sec/per_device): 4.443 | learning rate: 1.258121E-05 | global batch size:    96 | action loss: 1.988125E-01 | loss scale: 1.0 | grad norm: 0.597713 | number of skipped iterations:   0 | number of nan iterations:   0 |
2026-08-23 08:38:15 [INFO] iteration      517/    1000 | consumed samples:        49632 | elapsed time per iteration (ms): 2657.7 | throughput (samples/sec/per_device): 4.515 | learning rate: 1.254315E-05 | global batch size:    96 | action loss: 1.800573E-01 | loss scale: 1.0 | grad norm: 0.566321 | number of skipped iterations:   0 | number of nan iterations:   0 |
2026-08-23 08:38:19 [INFO] iteration      518/    1000 | consumed samples:        49728 | elapsed time per iteration (ms): 3214.9 | throughput (samples/sec/per_device): 3.733 | learning rate: 1.250510E-05 | global batch size:    96 | action loss: 1.649275E-01 | loss scale: 1.0 | grad norm: 0.535168 | number of skipped iterations:   0 | number of nan iterations:   0 |
2026-08-23 08:38:21 [INFO] iteration      519/    1000 | consumed samples:        49824 | elapsed time per iteration (ms): 2311.2 | throughput (samples/sec/per_device): 5.192 | learning rate: 1.246706E-05 | global batch size:    96 | action loss: 1.575062E-01 | loss scale: 1.0 | grad norm: 0.520826 | number of skipped iterations:   0 | number of nan iterations:   0 |
2026-08-23 08:38:24 [INFO] iteration      520/    1000 | consumed samples:        49920 | elapsed time per iteration (ms): 2941.7 | throughput (samples/sec/per_device): 4.079 | learning rate: 1.242902E-05 | global batch size:    96 | action loss: 1.559777E-01 | loss scale: 1.0 | grad norm: 0.517459 | number of skipped iterations:   0 | number of nan iterations:   0 |
2026-08-23 08:38:24 [INFO] max time across ranks (ms):
    forward-backward................................: 2810.64
    forward-compute.................................: 663.11
    backward-compute................................: 2531.10
    batch-generator.................................: 2.01
    nan-grad-cleanup................................: 13.23
    grad-clip.......................................: 33.20
    optimizer.......................................: 86.25
    optimizer-inner-step............................: 86.15
    optimizer-scheduler-step........................: 0.05
    optimizer-zero-grad.............................: 0.75
2026-08-23 08:38:27 [INFO] iteration      521/    1000 | consumed samples:        50016 | elapsed time per iteration (ms): 2712.4 | throughput (samples/sec/per_device): 4.424 | learning rate: 1.239098E-05 | global batch size:    96 | action loss: 1.478381E-01 | loss scale: 1.0 | grad norm: 0.542007 | number of skipped iterations:   0 | number of nan iterations:   0 |
2026-08-23 08:38:30 [INFO] iteration      522/    1000 | consumed samples:        50112 | elapsed time per iteration (ms): 3328.4 | throughput (samples/sec/per_device): 3.605 | learning rate: 1.235296E-05 | global batch size:    96 | action loss: 1.372036E-01 | loss scale: 1.0 | grad norm: 0.539876 | number of skipped iterations:   0 | number of nan iterations:   0 |
2026-08-23 08:38:32 [INFO] iteration      523/    1000 | consumed samples:        50208 | elapsed time per iteration (ms): 2448.0 | throughput (samples/sec/per_device): 4.902 | learning rate: 1.231493E-05 | global batch size:    96 | action loss: 1.841572E-01 | loss scale: 1.0 | grad norm: 0.535693 | number of skipped iterations:   0 | number of nan iterations:   0 |
2026-08-23 08:38:35 [INFO] iteration      524/    1000 | consumed samples:        50304 | elapsed time per iteration (ms): 2246.3 | throughput (samples/sec/per_device): 5.342 | learning rate: 1.227692E-05 | global batch size:    96 | action loss: 1.454062E-01 | loss scale: 1.0 | grad norm: 0.504408 | number of skipped iterations:   0 | number of nan iterations:   0 |
2026-08-23 08:38:37 [INFO] iteration      525/    1000 | consumed samples:        50400 | elapsed time per iteration (ms): 2797.1 | throughput (samples/sec/per_device): 4.290 | learning rate: 1.223891E-05 | global batch size:    96 | action loss: 1.675066E-01 | loss scale: 1.0 | grad norm: 0.567034 | number of skipped iterations:   0 | number of nan iterations:   0 |
2026-08-23 08:38:42 [INFO] iteration      526/    1000 | consumed samples:        50496 | elapsed time per iteration (ms): 4236.1 | throughput (samples/sec/per_device): 2.833 | learning rate: 1.220091E-05 | global batch size:    96 | action loss: 1.527278E-01 | loss scale: 1.0 | grad norm: 0.553062 | number of skipped iterations:   0 | number of nan iterations:   0 |
2026-08-23 08:38:45 [INFO] iteration      527/    1000 | consumed samples:        50592 | elapsed time per iteration (ms): 3045.8 | throughput (samples/sec/per_device): 3.940 | learning rate: 1.216292E-05 | global batch size:    96 | action loss: 1.544991E-01 | loss scale: 1.0 | grad norm: 0.549508 | number of skipped iterations:   0 | number of nan iterations:   0 |
2026-08-23 08:38:48 [INFO] iteration      528/    1000 | consumed samples:        50688 | elapsed time per iteration (ms): 2870.0 | throughput (samples/sec/per_device): 4.181 | learning rate: 1.212494E-05 | global batch size:    96 | action loss: 1.675780E-01 | loss scale: 1.0 | grad norm: 0.528486 | number of skipped iterations:   0 | number of nan iterations:   0 |
2026-08-23 08:38:51 [INFO] iteration      529/    1000 | consumed samples:        50784 | elapsed time per iteration (ms): 3468.9 | throughput (samples/sec/per_device): 3.459 | learning rate: 1.208697E-05 | global batch size:    96 | action loss: 1.688217E-01 | loss scale: 1.0 | grad norm: 0.541322 | number of skipped iterations:   0 | number of nan iterations:   0 |
2026-08-23 08:38:54 [INFO] iteration      530/    1000 | consumed samples:        50880 | elapsed time per iteration (ms): 2844.1 | throughput (samples/sec/per_device): 4.219 | learning rate: 1.204900E-05 | global batch size:    96 | action loss: 1.972791E-01 | loss scale: 1.0 | grad norm: 0.530725 | number of skipped iterations:   0 | number of nan iterations:   0 |
2026-08-23 08:38:57 [INFO] iteration      531/    1000 | consumed samples:        50976 | elapsed time per iteration (ms): 2857.7 | throughput (samples/sec/per_device): 4.199 | learning rate: 1.201105E-05 | global batch size:    96 | action loss: 1.533538E-01 | loss scale: 1.0 | grad norm: 0.529141 | number of skipped iterations:   0 | number of nan iterations:   0 |
2026-08-23 08:39:02 [INFO] iteration      532/    1000 | consumed samples:        51072 | elapsed time per iteration (ms): 4814.1 | throughput (samples/sec/per_device): 2.493 | learning rate: 1.197310E-05 | global batch size:    96 | action loss: 1.802116E-01 | loss scale: 1.0 | grad norm: 0.563345 | number of skipped iterations:   0 | number of nan iterations:   0 |
2026-08-23 08:39:04 [INFO] iteration      533/    1000 | consumed samples:        51168 | elapsed time per iteration (ms): 2807.7 | throughput (samples/sec/per_device): 4.274 | learning rate: 1.193516E-05 | global batch size:    96 | action loss: 1.626418E-01 | loss scale: 1.0 | grad norm: 0.584983 | number of skipped iterations:   0 | number of nan iterations:   0 |
2026-08-23 08:39:08 [INFO] iteration      534/    1000 | consumed samples:        51264 | elapsed time per iteration (ms): 3215.6 | throughput (samples/sec/per_device): 3.732 | learning rate: 1.189724E-05 | global batch size:    96 | action loss: 1.436728E-01 | loss scale: 1.0 | grad norm: 0.533346 | number of skipped iterations:   0 | number of nan iterations:   0 |
2026-08-23 08:39:10 [INFO] iteration      535/    1000 | consumed samples:        51360 | elapsed time per iteration (ms): 2520.9 | throughput (samples/sec/per_device): 4.760 | learning rate: 1.185933E-05 | global batch size:    96 | action loss: 1.557640E-01 | loss scale: 1.0 | grad norm: 0.518748 | number of skipped iterations:   0 | number of nan iterations:   0 |
2026-08-23 08:39:12 [INFO] iteration      536/    1000 | consumed samples:        51456 | elapsed time per iteration (ms): 2048.4 | throughput (samples/sec/per_device): 5.858 | learning rate: 1.182143E-05 | global batch size:    96 | action loss: 1.601030E-01 | loss scale: 1.0 | grad norm: 0.557761 | number of skipped iterations:   0 | number of nan iterations:   0 |
2026-08-23 08:39:16 [INFO] iteration      537/    1000 | consumed samples:        51552 | elapsed time per iteration (ms): 3407.0 | throughput (samples/sec/per_device): 3.522 | learning rate: 1.178354E-05 | global batch size:    96 | action loss: 1.800564E-01 | loss scale: 1.0 | grad norm: 0.543789 | number of skipped iterations:   0 | number of nan iterations:   0 |
2026-08-23 08:39:18 [INFO] iteration      538/    1000 | consumed samples:        51648 | elapsed time per iteration (ms): 2566.5 | throughput (samples/sec/per_device): 4.676 | learning rate: 1.174566E-05 | global batch size:    96 | action loss: 1.609264E-01 | loss scale: 1.0 | grad norm: 0.587283 | number of skipped iterations:   0 | number of nan iterations:   0 |
2026-08-23 08:39:21 [INFO] iteration      539/    1000 | consumed samples:        51744 | elapsed time per iteration (ms): 2476.4 | throughput (samples/sec/per_device): 4.846 | learning rate: 1.170779E-05 | global batch size:    96 | action loss: 1.601662E-01 | loss scale: 1.0 | grad norm: 0.560242 | number of skipped iterations:   0 | number of nan iterations:   0 |
2026-08-23 08:39:23 [INFO] iteration      540/    1000 | consumed samples:        51840 | elapsed time per iteration (ms): 2537.6 | throughput (samples/sec/per_device): 4.729 | learning rate: 1.166994E-05 | global batch size:    96 | action loss: 1.601112E-01 | loss scale: 1.0 | grad norm: 0.559691 | number of skipped iterations:   0 | number of nan iterations:   0 |
2026-08-23 08:39:23 [INFO] max time across ranks (ms):
    forward-backward................................: 2406.98
    forward-compute.................................: 1056.99
    backward-compute................................: 2128.26
    batch-generator.................................: 1.54
    nan-grad-cleanup................................: 13.20
    grad-clip.......................................: 32.45
    optimizer.......................................: 84.16
    optimizer-inner-step............................: 84.01
    optimizer-scheduler-step........................: 0.06
    optimizer-zero-grad.............................: 0.82
2026-08-23 08:39:27 [INFO] iteration      541/    1000 | consumed samples:        51936 | elapsed time per iteration (ms): 3591.5 | throughput (samples/sec/per_device): 3.341 | learning rate: 1.163210E-05 | global batch size:    96 | action loss: 1.503778E-01 | loss scale: 1.0 | grad norm: 0.541332 | number of skipped iterations:   0 | number of nan iterations:   0 |
2026-08-23 08:39:29 [INFO] iteration      542/    1000 | consumed samples:        52032 | elapsed time per iteration (ms): 2651.0 | throughput (samples/sec/per_device): 4.527 | learning rate: 1.159428E-05 | global batch size:    96 | action loss: 1.649557E-01 | loss scale: 1.0 | grad norm: 0.532120 | number of skipped iterations:   0 | number of nan iterations:   0 |
2026-08-23 08:39:32 [INFO] iteration      543/    1000 | consumed samples:        52128 | elapsed time per iteration (ms): 2374.4 | throughput (samples/sec/per_device): 5.054 | learning rate: 1.155647E-05 | global batch size:    96 | action loss: 1.517148E-01 | loss scale: 1.0 | grad norm: 0.542863 | number of skipped iterations:   0 | number of nan iterations:   0 |
2026-08-23 08:39:34 [INFO] iteration      544/    1000 | consumed samples:        52224 | elapsed time per iteration (ms): 2569.2 | throughput (samples/sec/per_device): 4.671 | learning rate: 1.151867E-05 | global batch size:    96 | action loss: 1.591168E-01 | loss scale: 1.0 | grad norm: 0.548983 | number of skipped iterations:   0 | number of nan iterations:   0 |
2026-08-23 08:39:38 [INFO] iteration      545/    1000 | consumed samples:        52320 | elapsed time per iteration (ms): 3717.5 | throughput (samples/sec/per_device): 3.228 | learning rate: 1.148089E-05 | global batch size:    96 | action loss: 1.621290E-01 | loss scale: 1.0 | grad norm: 0.679052 | number of skipped iterations:   0 | number of nan iterations:   0 |
2026-08-23 08:39:41 [INFO] iteration      546/    1000 | consumed samples:        52416 | elapsed time per iteration (ms): 2953.8 | throughput (samples/sec/per_device): 4.063 | learning rate: 1.144312E-05 | global batch size:    96 | action loss: 1.442319E-01 | loss scale: 1.0 | grad norm: 0.631023 | number of skipped iterations:   0 | number of nan iterations:   0 |
2026-08-23 08:39:43 [INFO] iteration      547/    1000 | consumed samples:        52512 | elapsed time per iteration (ms): 2270.5 | throughput (samples/sec/per_device): 5.285 | learning rate: 1.140537E-05 | global batch size:    96 | action loss: 1.708726E-01 | loss scale: 1.0 | grad norm: 0.552134 | number of skipped iterations:   0 | number of nan iterations:   0 |
2026-08-23 08:39:46 [INFO] iteration      548/    1000 | consumed samples:        52608 | elapsed time per iteration (ms): 2668.2 | throughput (samples/sec/per_device): 4.497 | learning rate: 1.136764E-05 | global batch size:    96 | action loss: 1.494456E-01 | loss scale: 1.0 | grad norm: 0.577838 | number of skipped iterations:   0 | number of nan iterations:   0 |
2026-08-23 08:39:50 [INFO] iteration      549/    1000 | consumed samples:        52704 | elapsed time per iteration (ms): 3724.4 | throughput (samples/sec/per_device): 3.222 | learning rate: 1.132992E-05 | global batch size:    96 | action loss: 1.898855E-01 | loss scale: 1.0 | grad norm: 0.587571 | number of skipped iterations:   0 | number of nan iterations:   0 |
2026-08-23 08:39:52 [INFO] iteration      550/    1000 | consumed samples:        52800 | elapsed time per iteration (ms): 2545.9 | throughput (samples/sec/per_device): 4.713 | learning rate: 1.129222E-05 | global batch size:    96 | action loss: 1.515894E-01 | loss scale: 1.0 | grad norm: 0.616334 | number of skipped iterations:   0 | number of nan iterations:   0 |
2026-08-23 08:39:53 [INFO] PowerSGDPlusState restart: iter=449 compressed_iter=250 method=approximate rank=1 apply_exact=False
2026-08-23 08:39:59 [INFO] iteration      551/    1000 | consumed samples:        52896 | elapsed time per iteration (ms): 7204.4 | throughput (samples/sec/per_device): 1.666 | learning rate: 1.125454E-05 | global batch size:    96 | action loss: 1.592842E-01 | loss scale: 1.0 | grad norm: 0.650493 | number of skipped iterations:   0 | number of nan iterations:   0 |
2026-08-23 08:40:06 [INFO] iteration      552/    1000 | consumed samples:        52992 | elapsed time per iteration (ms): 6114.6 | throughput (samples/sec/per_device): 1.963 | learning rate: 1.121687E-05 | global batch size:    96 | action loss: 1.367869E-01 | loss scale: 1.0 | grad norm: 0.529696 | number of skipped iterations:   0 | number of nan iterations:   0 |
2026-08-23 08:40:10 [INFO] iteration      553/    1000 | consumed samples:        53088 | elapsed time per iteration (ms): 4509.6 | throughput (samples/sec/per_device): 2.661 | learning rate: 1.117922E-05 | global batch size:    96 | action loss: 1.507737E-01 | loss scale: 1.0 | grad norm: 0.533407 | number of skipped iterations:   0 | number of nan iterations:   0 |
2026-08-23 08:40:12 [INFO] iteration      554/    1000 | consumed samples:        53184 | elapsed time per iteration (ms): 2067.6 | throughput (samples/sec/per_device): 5.804 | learning rate: 1.114159E-05 | global batch size:    96 | action loss: 1.502611E-01 | loss scale: 1.0 | grad norm: 0.551222 | number of skipped iterations:   0 | number of nan iterations:   0 |
2026-08-23 08:40:14 [INFO] iteration      555/    1000 | consumed samples:        53280 | elapsed time per iteration (ms): 2365.7 | throughput (samples/sec/per_device): 5.073 | learning rate: 1.110398E-05 | global batch size:    96 | action loss: 1.507206E-01 | loss scale: 1.0 | grad norm: 0.538263 | number of skipped iterations:   0 | number of nan iterations:   0 |
2026-08-23 08:40:16 [INFO] iteration      556/    1000 | consumed samples:        53376 | elapsed time per iteration (ms): 1938.4 | throughput (samples/sec/per_device): 6.191 | learning rate: 1.106639E-05 | global batch size:    96 | action loss: 1.380001E-01 | loss scale: 1.0 | grad norm: 0.494906 | number of skipped iterations:   0 | number of nan iterations:   0 |
2026-08-23 08:40:19 [INFO] iteration      557/    1000 | consumed samples:        53472 | elapsed time per iteration (ms): 2381.3 | throughput (samples/sec/per_device): 5.039 | learning rate: 1.102882E-05 | global batch size:    96 | action loss: 1.493349E-01 | loss scale: 1.0 | grad norm: 0.504879 | number of skipped iterations:   0 | number of nan iterations:   0 |
2026-08-23 08:40:22 [INFO] iteration      558/    1000 | consumed samples:        53568 | elapsed time per iteration (ms): 3234.7 | throughput (samples/sec/per_device): 3.710 | learning rate: 1.099127E-05 | global batch size:    96 | action loss: 1.530068E-01 | loss scale: 1.0 | grad norm: 0.537446 | number of skipped iterations:   0 | number of nan iterations:   0 |
2026-08-23 08:40:25 [INFO] iteration      559/    1000 | consumed samples:        53664 | elapsed time per iteration (ms): 2569.7 | throughput (samples/sec/per_device): 4.670 | learning rate: 1.095373E-05 | global batch size:    96 | action loss: 1.578583E-01 | loss scale: 1.0 | grad norm: 0.519561 | number of skipped iterations:   0 | number of nan iterations:   0 |
2026-08-23 08:40:27 [INFO] iteration      560/    1000 | consumed samples:        53760 | elapsed time per iteration (ms): 2431.3 | throughput (samples/sec/per_device): 4.936 | learning rate: 1.091622E-05 | global batch size:    96 | action loss: 1.760629E-01 | loss scale: 1.0 | grad norm: 0.516055 | number of skipped iterations:   0 | number of nan iterations:   0 |
2026-08-23 08:40:27 [INFO] max time across ranks (ms):
    forward-backward................................: 2298.31
    forward-compute.................................: 305.94
    backward-compute................................: 2019.92
    batch-generator.................................: 1.44
    nan-grad-cleanup................................: 14.89
    grad-clip.......................................: 33.56
    optimizer.......................................: 86.50
    optimizer-inner-step............................: 86.39
    optimizer-scheduler-step........................: 0.05
    optimizer-zero-grad.............................: 0.75
2026-08-23 08:40:30 [INFO] iteration      561/    1000 | consumed samples:        53856 | elapsed time per iteration (ms): 3237.6 | throughput (samples/sec/per_device): 3.706 | learning rate: 1.087873E-05 | global batch size:    96 | action loss: 1.467927E-01 | loss scale: 1.0 | grad norm: 0.536369 | number of skipped iterations:   0 | number of nan iterations:   0 |
2026-08-23 08:40:34 [INFO] iteration      562/    1000 | consumed samples:        53952 | elapsed time per iteration (ms): 3370.0 | throughput (samples/sec/per_device): 3.561 | learning rate: 1.084126E-05 | global batch size:    96 | action loss: 1.437642E-01 | loss scale: 1.0 | grad norm: 0.505863 | number of skipped iterations:   0 | number of nan iterations:   0 |
2026-08-23 08:40:36 [INFO] iteration      563/    1000 | consumed samples:        54048 | elapsed time per iteration (ms): 2528.6 | throughput (samples/sec/per_device): 4.746 | learning rate: 1.080381E-05 | global batch size:    96 | action loss: 1.544777E-01 | loss scale: 1.0 | grad norm: 0.506188 | number of skipped iterations:   0 | number of nan iterations:   0 |
2026-08-23 08:40:39 [INFO] iteration      564/    1000 | consumed samples:        54144 | elapsed time per iteration (ms): 2687.8 | throughput (samples/sec/per_device): 4.465 | learning rate: 1.076639E-05 | global batch size:    96 | action loss: 1.511567E-01 | loss scale: 1.0 | grad norm: 0.533475 | number of skipped iterations:   0 | number of nan iterations:   0 |
2026-08-23 08:40:42 [INFO] iteration      565/    1000 | consumed samples:        54240 | elapsed time per iteration (ms): 3009.8 | throughput (samples/sec/per_device): 3.987 | learning rate: 1.072899E-05 | global batch size:    96 | action loss: 1.790136E-01 | loss scale: 1.0 | grad norm: 0.526831 | number of skipped iterations:   0 | number of nan iterations:   0 |
2026-08-23 08:40:46 [INFO] iteration      566/    1000 | consumed samples:        54336 | elapsed time per iteration (ms): 3917.3 | throughput (samples/sec/per_device): 3.063 | learning rate: 1.069160E-05 | global batch size:    96 | action loss: 1.609711E-01 | loss scale: 1.0 | grad norm: 0.540902 | number of skipped iterations:   0 | number of nan iterations:   0 |
2026-08-23 08:40:48 [INFO] iteration      567/    1000 | consumed samples:        54432 | elapsed time per iteration (ms): 2172.4 | throughput (samples/sec/per_device): 5.524 | learning rate: 1.065425E-05 | global batch size:    96 | action loss: 1.627530E-01 | loss scale: 1.0 | grad norm: 0.539207 | number of skipped iterations:   0 | number of nan iterations:   0 |
2026-08-23 08:40:50 [INFO] iteration      568/    1000 | consumed samples:        54528 | elapsed time per iteration (ms): 2219.2 | throughput (samples/sec/per_device): 5.407 | learning rate: 1.061691E-05 | global batch size:    96 | action loss: 1.556988E-01 | loss scale: 1.0 | grad norm: 0.493269 | number of skipped iterations:   0 | number of nan iterations:   0 |
2026-08-23 08:40:53 [INFO] iteration      569/    1000 | consumed samples:        54624 | elapsed time per iteration (ms): 2909.3 | throughput (samples/sec/per_device): 4.125 | learning rate: 1.057961E-05 | global batch size:    96 | action loss: 1.345646E-01 | loss scale: 1.0 | grad norm: 0.465662 | number of skipped iterations:   0 | number of nan iterations:   0 |
2026-08-23 08:40:57 [INFO] iteration      570/    1000 | consumed samples:        54720 | elapsed time per iteration (ms): 4088.5 | throughput (samples/sec/per_device): 2.935 | learning rate: 1.054232E-05 | global batch size:    96 | action loss: 1.394127E-01 | loss scale: 1.0 | grad norm: 0.480496 | number of skipped iterations:   0 | number of nan iterations:   0 |
2026-08-23 08:41:00 [INFO] iteration      571/    1000 | consumed samples:        54816 | elapsed time per iteration (ms): 2467.8 | throughput (samples/sec/per_device): 4.863 | learning rate: 1.050506E-05 | global batch size:    96 | action loss: 1.543861E-01 | loss scale: 1.0 | grad norm: 0.499456 | number of skipped iterations:   0 | number of nan iterations:   0 |
2026-08-23 08:41:03 [INFO] iteration      572/    1000 | consumed samples:        54912 | elapsed time per iteration (ms): 2852.3 | throughput (samples/sec/per_device): 4.207 | learning rate: 1.046782E-05 | global batch size:    96 | action loss: 1.693986E-01 | loss scale: 1.0 | grad norm: 0.502756 | number of skipped iterations:   0 | number of nan iterations:   0 |
2026-08-23 08:41:09 [INFO] iteration      573/    1000 | consumed samples:        55008 | elapsed time per iteration (ms): 6098.5 | throughput (samples/sec/per_device): 1.968 | learning rate: 1.043061E-05 | global batch size:    96 | action loss: 1.570207E-01 | loss scale: 1.0 | grad norm: 0.498908 | number of skipped iterations:   0 | number of nan iterations:   0 |
2026-08-23 08:41:12 [INFO] iteration      574/    1000 | consumed samples:        55104 | elapsed time per iteration (ms): 3133.7 | throughput (samples/sec/per_device): 3.829 | learning rate: 1.039343E-05 | global batch size:    96 | action loss: 1.793440E-01 | loss scale: 1.0 | grad norm: 0.526848 | number of skipped iterations:   0 | number of nan iterations:   0 |
2026-08-23 08:41:14 [INFO] iteration      575/    1000 | consumed samples:        55200 | elapsed time per iteration (ms): 2153.9 | throughput (samples/sec/per_device): 5.571 | learning rate: 1.035627E-05 | global batch size:    96 | action loss: 1.531237E-01 | loss scale: 1.0 | grad norm: 0.548115 | number of skipped iterations:   0 | number of nan iterations:   0 |
2026-08-23 08:41:16 [INFO] iteration      576/    1000 | consumed samples:        55296 | elapsed time per iteration (ms): 2189.7 | throughput (samples/sec/per_device): 5.480 | learning rate: 1.031914E-05 | global batch size:    96 | action loss: 1.569012E-01 | loss scale: 1.0 | grad norm: 0.502324 | number of skipped iterations:   0 | number of nan iterations:   0 |
2026-08-23 08:41:19 [INFO] iteration      577/    1000 | consumed samples:        55392 | elapsed time per iteration (ms): 3126.8 | throughput (samples/sec/per_device): 3.838 | learning rate: 1.028204E-05 | global batch size:    96 | action loss: 1.626224E-01 | loss scale: 1.0 | grad norm: 0.500589 | number of skipped iterations:   0 | number of nan iterations:   0 |
2026-08-23 08:41:22 [INFO] iteration      578/    1000 | consumed samples:        55488 | elapsed time per iteration (ms): 2777.4 | throughput (samples/sec/per_device): 4.321 | learning rate: 1.024496E-05 | global batch size:    96 | action loss: 1.482986E-01 | loss scale: 1.0 | grad norm: 0.521648 | number of skipped iterations:   0 | number of nan iterations:   0 |
2026-08-23 08:41:25 [INFO] iteration      579/    1000 | consumed samples:        55584 | elapsed time per iteration (ms): 2856.1 | throughput (samples/sec/per_device): 4.202 | learning rate: 1.020791E-05 | global batch size:    96 | action loss: 1.626068E-01 | loss scale: 1.0 | grad norm: 0.559271 | number of skipped iterations:   0 | number of nan iterations:   0 |
2026-08-23 08:41:27 [INFO] iteration      580/    1000 | consumed samples:        55680 | elapsed time per iteration (ms): 2384.5 | throughput (samples/sec/per_device): 5.032 | learning rate: 1.017089E-05 | global batch size:    96 | action loss: 1.550808E-01 | loss scale: 1.0 | grad norm: 0.591335 | number of skipped iterations:   0 | number of nan iterations:   0 |
2026-08-23 08:41:27 [INFO] max time across ranks (ms):
    forward-backward................................: 2221.00
    forward-compute.................................: 630.58
    backward-compute................................: 1943.47
    batch-generator.................................: 1.46
    nan-grad-cleanup................................: 15.55
    grad-clip.......................................: 32.44
    optimizer.......................................: 119.15
    optimizer-inner-step............................: 119.04
    optimizer-scheduler-step........................: 0.06
    optimizer-zero-grad.............................: 0.85
2026-08-23 08:41:31 [INFO] iteration      581/    1000 | consumed samples:        55776 | elapsed time per iteration (ms): 3814.3 | throughput (samples/sec/per_device): 3.146 | learning rate: 1.013390E-05 | global batch size:    96 | action loss: 1.650129E-01 | loss scale: 1.0 | grad norm: 0.516109 | number of skipped iterations:   0 | number of nan iterations:   0 |
2026-08-23 08:41:34 [INFO] iteration      582/    1000 | consumed samples:        55872 | elapsed time per iteration (ms): 2724.9 | throughput (samples/sec/per_device): 4.404 | learning rate: 1.009694E-05 | global batch size:    96 | action loss: 2.140551E-01 | loss scale: 1.0 | grad norm: 0.615444 | number of skipped iterations:   0 | number of nan iterations:   0 |
2026-08-23 08:41:37 [INFO] iteration      583/    1000 | consumed samples:        55968 | elapsed time per iteration (ms): 2736.5 | throughput (samples/sec/per_device): 4.385 | learning rate: 1.006000E-05 | global batch size:    96 | action loss: 1.529760E-01 | loss scale: 1.0 | grad norm: 0.528103 | number of skipped iterations:   0 | number of nan iterations:   0 |
2026-08-23 08:41:39 [INFO] iteration      584/    1000 | consumed samples:        56064 | elapsed time per iteration (ms): 2567.2 | throughput (samples/sec/per_device): 4.674 | learning rate: 1.002310E-05 | global batch size:    96 | action loss: 1.560532E-01 | loss scale: 1.0 | grad norm: 0.550480 | number of skipped iterations:   0 | number of nan iterations:   0 |
2026-08-23 08:41:43 [INFO] iteration      585/    1000 | consumed samples:        56160 | elapsed time per iteration (ms): 3485.0 | throughput (samples/sec/per_device): 3.443 | learning rate: 9.986224E-06 | global batch size:    96 | action loss: 1.427941E-01 | loss scale: 1.0 | grad norm: 0.535283 | number of skipped iterations:   0 | number of nan iterations:   0 |
2026-08-23 08:41:46 [INFO] iteration      586/    1000 | consumed samples:        56256 | elapsed time per iteration (ms): 3172.0 | throughput (samples/sec/per_device): 3.783 | learning rate: 9.949380E-06 | global batch size:    96 | action loss: 1.511276E-01 | loss scale: 1.0 | grad norm: 0.547034 | number of skipped iterations:   0 | number of nan iterations:   0 |
2026-08-23 08:41:49 [INFO] iteration      587/    1000 | consumed samples:        56352 | elapsed time per iteration (ms): 2902.2 | throughput (samples/sec/per_device): 4.135 | learning rate: 9.912567E-06 | global batch size:    96 | action loss: 1.764636E-01 | loss scale: 1.0 | grad norm: 0.552571 | number of skipped iterations:   0 | number of nan iterations:   0 |
2026-08-23 08:41:52 [INFO] iteration      588/    1000 | consumed samples:        56448 | elapsed time per iteration (ms): 3397.7 | throughput (samples/sec/per_device): 3.532 | learning rate: 9.875784E-06 | global batch size:    96 | action loss: 2.100553E-01 | loss scale: 1.0 | grad norm: 0.588826 | number of skipped iterations:   0 | number of nan iterations:   0 |
2026-08-23 08:41:55 [INFO] iteration      589/    1000 | consumed samples:        56544 | elapsed time per iteration (ms): 2697.0 | throughput (samples/sec/per_device): 4.449 | learning rate: 9.839033E-06 | global batch size:    96 | action loss: 1.529151E-01 | loss scale: 1.0 | grad norm: 0.580383 | number of skipped iterations:   0 | number of nan iterations:   0 |
2026-08-23 08:41:58 [INFO] iteration      590/    1000 | consumed samples:        56640 | elapsed time per iteration (ms): 2948.5 | throughput (samples/sec/per_device): 4.070 | learning rate: 9.802314E-06 | global batch size:    96 | action loss: 1.447711E-01 | loss scale: 1.0 | grad norm: 0.558131 | number of skipped iterations:   0 | number of nan iterations:   0 |
2026-08-23 08:42:01 [INFO] iteration      591/    1000 | consumed samples:        56736 | elapsed time per iteration (ms): 3184.2 | throughput (samples/sec/per_device): 3.769 | learning rate: 9.765627E-06 | global batch size:    96 | action loss: 1.646511E-01 | loss scale: 1.0 | grad norm: 0.562483 | number of skipped iterations:   0 | number of nan iterations:   0 |
2026-08-23 08:42:05 [INFO] iteration      592/    1000 | consumed samples:        56832 | elapsed time per iteration (ms): 4000.2 | throughput (samples/sec/per_device): 3.000 | learning rate: 9.728973E-06 | global batch size:    96 | action loss: 1.509484E-01 | loss scale: 1.0 | grad norm: 0.570758 | number of skipped iterations:   0 | number of nan iterations:   0 |
2026-08-23 08:42:07 [INFO] iteration      593/    1000 | consumed samples:        56928 | elapsed time per iteration (ms): 2505.8 | throughput (samples/sec/per_device): 4.789 | learning rate: 9.692352E-06 | global batch size:    96 | action loss: 1.602784E-01 | loss scale: 1.0 | grad norm: 0.551073 | number of skipped iterations:   0 | number of nan iterations:   0 |
2026-08-23 08:42:12 [INFO] iteration      594/    1000 | consumed samples:        57024 | elapsed time per iteration (ms): 4595.2 | throughput (samples/sec/per_device): 2.611 | learning rate: 9.655764E-06 | global batch size:    96 | action loss: 1.341148E-01 | loss scale: 1.0 | grad norm: 0.528189 | number of skipped iterations:   0 | number of nan iterations:   0 |
2026-08-23 08:42:16 [INFO] iteration      595/    1000 | consumed samples:        57120 | elapsed time per iteration (ms): 3523.2 | throughput (samples/sec/per_device): 3.406 | learning rate: 9.619209E-06 | global batch size:    96 | action loss: 1.519339E-01 | loss scale: 1.0 | grad norm: 0.528154 | number of skipped iterations:   0 | number of nan iterations:   0 |
2026-08-23 08:42:18 [INFO] iteration      596/    1000 | consumed samples:        57216 | elapsed time per iteration (ms): 2257.8 | throughput (samples/sec/per_device): 5.315 | learning rate: 9.582689E-06 | global batch size:    96 | action loss: 1.621976E-01 | loss scale: 1.0 | grad norm: 0.514539 | number of skipped iterations:   0 | number of nan iterations:   0 |
2026-08-23 08:42:20 [INFO] iteration      597/    1000 | consumed samples:        57312 | elapsed time per iteration (ms): 2215.0 | throughput (samples/sec/per_device): 5.418 | learning rate: 9.546203E-06 | global batch size:    96 | action loss: 1.736588E-01 | loss scale: 1.0 | grad norm: 0.547985 | number of skipped iterations:   0 | number of nan iterations:   0 |
2026-08-23 08:42:23 [INFO] iteration      598/    1000 | consumed samples:        57408 | elapsed time per iteration (ms): 2626.3 | throughput (samples/sec/per_device): 4.569 | learning rate: 9.509752E-06 | global batch size:    96 | action loss: 1.487051E-01 | loss scale: 1.0 | grad norm: 0.501738 | number of skipped iterations:   0 | number of nan iterations:   0 |
2026-08-23 08:42:27 [INFO] iteration      599/    1000 | consumed samples:        57504 | elapsed time per iteration (ms): 4001.0 | throughput (samples/sec/per_device): 2.999 | learning rate: 9.473336E-06 | global batch size:    96 | action loss: 1.628079E-01 | loss scale: 1.0 | grad norm: 0.531333 | number of skipped iterations:   0 | number of nan iterations:   0 |
2026-08-23 08:42:29 [INFO] iteration      600/    1000 | consumed samples:        57600 | elapsed time per iteration (ms): 2736.9 | throughput (samples/sec/per_device): 4.384 | learning rate: 9.436955E-06 | global batch size:    96 | action loss: 1.579333E-01 | loss scale: 1.0 | grad norm: 0.549706 | number of skipped iterations:   0 | number of nan iterations:   0 |
2026-08-23 08:42:29 [INFO] max time across ranks (ms):
    forward-backward................................: 2605.34
    forward-compute.................................: 928.15
    backward-compute................................: 2325.57
    batch-generator.................................: 1.51
    nan-grad-cleanup................................: 13.22
    grad-clip.......................................: 33.32
    optimizer.......................................: 87.11
    optimizer-inner-step............................: 87.01
    optimizer-scheduler-step........................: 0.10
    optimizer-zero-grad.............................: 0.48
2026-08-23 08:42:30 [INFO] PowerSGDPlusState restart: iter=499 compressed_iter=300 method=approximate rank=1 apply_exact=False
2026-08-23 08:42:36 [INFO] iteration      601/    1000 | consumed samples:        57696 | elapsed time per iteration (ms): 6311.0 | throughput (samples/sec/per_device): 1.901 | learning rate: 9.400611E-06 | global batch size:    96 | action loss: 1.569055E-01 | loss scale: 1.0 | grad norm: 0.571976 | number of skipped iterations:   0 | number of nan iterations:   0 |
2026-08-23 08:42:40 [INFO] iteration      602/    1000 | consumed samples:        57792 | elapsed time per iteration (ms): 4582.1 | throughput (samples/sec/per_device): 2.619 | learning rate: 9.364303E-06 | global batch size:    96 | action loss: 1.792485E-01 | loss scale: 1.0 | grad norm: 0.517374 | number of skipped iterations:   0 | number of nan iterations:   0 |
2026-08-23 08:42:44 [INFO] iteration      603/    1000 | consumed samples:        57888 | elapsed time per iteration (ms): 3953.4 | throughput (samples/sec/per_device): 3.035 | learning rate: 9.328031E-06 | global batch size:    96 | action loss: 1.667320E-01 | loss scale: 1.0 | grad norm: 0.560312 | number of skipped iterations:   0 | number of nan iterations:   0 |
2026-08-23 08:42:46 [INFO] iteration      604/    1000 | consumed samples:        57984 | elapsed time per iteration (ms): 2046.0 | throughput (samples/sec/per_device): 5.865 | learning rate: 9.291796E-06 | global batch size:    96 | action loss: 1.615436E-01 | loss scale: 1.0 | grad norm: 0.547283 | number of skipped iterations:   0 | number of nan iterations:   0 |
2026-08-23 08:42:50 [INFO] iteration      605/    1000 | consumed samples:        58080 | elapsed time per iteration (ms): 3495.6 | throughput (samples/sec/per_device): 3.433 | learning rate: 9.255599E-06 | global batch size:    96 | action loss: 1.471805E-01 | loss scale: 1.0 | grad norm: 0.535665 | number of skipped iterations:   0 | number of nan iterations:   0 |
2026-08-23 08:42:52 [INFO] iteration      606/    1000 | consumed samples:        58176 | elapsed time per iteration (ms): 2232.0 | throughput (samples/sec/per_device): 5.376 | learning rate: 9.219439E-06 | global batch size:    96 | action loss: 1.527881E-01 | loss scale: 1.0 | grad norm: 0.539200 | number of skipped iterations:   0 | number of nan iterations:   0 |
2026-08-23 08:42:55 [INFO] iteration      607/    1000 | consumed samples:        58272 | elapsed time per iteration (ms): 2657.1 | throughput (samples/sec/per_device): 4.516 | learning rate: 9.183317E-06 | global batch size:    96 | action loss: 1.503086E-01 | loss scale: 1.0 | grad norm: 0.522857 | number of skipped iterations:   0 | number of nan iterations:   0 |
2026-08-23 08:42:57 [INFO] iteration      608/    1000 | consumed samples:        58368 | elapsed time per iteration (ms): 2594.7 | throughput (samples/sec/per_device): 4.625 | learning rate: 9.147234E-06 | global batch size:    96 | action loss: 1.806468E-01 | loss scale: 1.0 | grad norm: 0.511306 | number of skipped iterations:   0 | number of nan iterations:   0 |
2026-08-23 08:43:01 [INFO] iteration      609/    1000 | consumed samples:        58464 | elapsed time per iteration (ms): 3754.6 | throughput (samples/sec/per_device): 3.196 | learning rate: 9.111190E-06 | global batch size:    96 | action loss: 1.586171E-01 | loss scale: 1.0 | grad norm: 0.530770 | number of skipped iterations:   0 | number of nan iterations:   0 |
2026-08-23 08:43:03 [INFO] iteration      610/    1000 | consumed samples:        58560 | elapsed time per iteration (ms): 2367.7 | throughput (samples/sec/per_device): 5.068 | learning rate: 9.075184E-06 | global batch size:    96 | action loss: 1.880276E-01 | loss scale: 1.0 | grad norm: 0.554548 | number of skipped iterations:   0 | number of nan iterations:   0 |
2026-08-23 08:43:06 [INFO] iteration      611/    1000 | consumed samples:        58656 | elapsed time per iteration (ms): 2836.1 | throughput (samples/sec/per_device): 4.231 | learning rate: 9.039219E-06 | global batch size:    96 | action loss: 1.697475E-01 | loss scale: 1.0 | grad norm: 0.581463 | number of skipped iterations:   0 | number of nan iterations:   0 |
2026-08-23 08:43:09 [INFO] iteration      612/    1000 | consumed samples:        58752 | elapsed time per iteration (ms): 2658.2 | throughput (samples/sec/per_device): 4.514 | learning rate: 9.003293E-06 | global batch size:    96 | action loss: 1.625180E-01 | loss scale: 1.0 | grad norm: 0.533809 | number of skipped iterations:   0 | number of nan iterations:   0 |
2026-08-23 08:43:15 [INFO] iteration      613/    1000 | consumed samples:        58848 | elapsed time per iteration (ms): 5792.4 | throughput (samples/sec/per_device): 2.072 | learning rate: 8.967407E-06 | global batch size:    96 | action loss: 1.469258E-01 | loss scale: 1.0 | grad norm: 0.521549 | number of skipped iterations:   0 | number of nan iterations:   0 |
2026-08-23 08:43:17 [INFO] iteration      614/    1000 | consumed samples:        58944 | elapsed time per iteration (ms): 2657.9 | throughput (samples/sec/per_device): 4.515 | learning rate: 8.931562E-06 | global batch size:    96 | action loss: 1.690465E-01 | loss scale: 1.0 | grad norm: 0.503892 | number of skipped iterations:   0 | number of nan iterations:   0 |
2026-08-23 08:43:20 [INFO] iteration      615/    1000 | consumed samples:        59040 | elapsed time per iteration (ms): 3138.5 | throughput (samples/sec/per_device): 3.823 | learning rate: 8.895758E-06 | global batch size:    96 | action loss: 1.316405E-01 | loss scale: 1.0 | grad norm: 0.513093 | number of skipped iterations:   0 | number of nan iterations:   0 |
2026-08-23 08:43:24 [INFO] iteration      616/    1000 | consumed samples:        59136 | elapsed time per iteration (ms): 3915.3 | throughput (samples/sec/per_device): 3.065 | learning rate: 8.859996E-06 | global batch size:    96 | action loss: 1.688719E-01 | loss scale: 1.0 | grad norm: 0.568693 | number of skipped iterations:   0 | number of nan iterations:   0 |
2026-08-23 08:43:27 [INFO] iteration      617/    1000 | consumed samples:        59232 | elapsed time per iteration (ms): 2713.8 | throughput (samples/sec/per_device): 4.422 | learning rate: 8.824275E-06 | global batch size:    96 | action loss: 1.700401E-01 | loss scale: 1.0 | grad norm: 0.521599 | number of skipped iterations:   0 | number of nan iterations:   0 |
2026-08-23 08:43:30 [INFO] iteration      618/    1000 | consumed samples:        59328 | elapsed time per iteration (ms): 3147.1 | throughput (samples/sec/per_device): 3.813 | learning rate: 8.788596E-06 | global batch size:    96 | action loss: 1.659809E-01 | loss scale: 1.0 | grad norm: 0.525444 | number of skipped iterations:   0 | number of nan iterations:   0 |
2026-08-23 08:43:34 [INFO] iteration      619/    1000 | consumed samples:        59424 | elapsed time per iteration (ms): 3482.4 | throughput (samples/sec/per_device): 3.446 | learning rate: 8.752959E-06 | global batch size:    96 | action loss: 1.428452E-01 | loss scale: 1.0 | grad norm: 0.465335 | number of skipped iterations:   0 | number of nan iterations:   0 |
2026-08-23 08:43:37 [INFO] iteration      620/    1000 | consumed samples:        59520 | elapsed time per iteration (ms): 3022.8 | throughput (samples/sec/per_device): 3.970 | learning rate: 8.717365E-06 | global batch size:    96 | action loss: 1.504503E-01 | loss scale: 1.0 | grad norm: 0.478015 | number of skipped iterations:   0 | number of nan iterations:   0 |
2026-08-23 08:43:37 [INFO] max time across ranks (ms):
    forward-backward................................: 2892.91
    forward-compute.................................: 1087.40
    backward-compute................................: 2615.14
    batch-generator.................................: 1.68
    nan-grad-cleanup................................: 13.88
    grad-clip.......................................: 33.11
    optimizer.......................................: 85.00
    optimizer-inner-step............................: 84.90
    optimizer-scheduler-step........................: 0.06
    optimizer-zero-grad.............................: 0.45
2026-08-23 08:43:40 [INFO] iteration      621/    1000 | consumed samples:        59616 | elapsed time per iteration (ms): 2841.6 | throughput (samples/sec/per_device): 4.223 | learning rate: 8.681815E-06 | global batch size:    96 | action loss: 1.568824E-01 | loss scale: 1.0 | grad norm: 0.493467 | number of skipped iterations:   0 | number of nan iterations:   0 |
2026-08-23 08:43:42 [INFO] iteration      622/    1000 | consumed samples:        59712 | elapsed time per iteration (ms): 2748.0 | throughput (samples/sec/per_device): 4.367 | learning rate: 8.646308E-06 | global batch size:    96 | action loss: 1.418932E-01 | loss scale: 1.0 | grad norm: 0.503982 | number of skipped iterations:   0 | number of nan iterations:   0 |
2026-08-23 08:43:46 [INFO] iteration      623/    1000 | consumed samples:        59808 | elapsed time per iteration (ms): 3572.4 | throughput (samples/sec/per_device): 3.359 | learning rate: 8.610844E-06 | global batch size:    96 | action loss: 1.333903E-01 | loss scale: 1.0 | grad norm: 0.519449 | number of skipped iterations:   0 | number of nan iterations:   0 |
2026-08-23 08:43:48 [INFO] iteration      624/    1000 | consumed samples:        59904 | elapsed time per iteration (ms): 2368.6 | throughput (samples/sec/per_device): 5.066 | learning rate: 8.575425E-06 | global batch size:    96 | action loss: 1.468127E-01 | loss scale: 1.0 | grad norm: 0.497831 | number of skipped iterations:   0 | number of nan iterations:   0 |
2026-08-23 08:43:51 [INFO] iteration      625/    1000 | consumed samples:        60000 | elapsed time per iteration (ms): 2307.6 | throughput (samples/sec/per_device): 5.200 | learning rate: 8.540051E-06 | global batch size:    96 | action loss: 1.842693E-01 | loss scale: 1.0 | grad norm: 0.537844 | number of skipped iterations:   0 | number of nan iterations:   0 |
2026-08-23 08:43:53 [INFO] iteration      626/    1000 | consumed samples:        60096 | elapsed time per iteration (ms): 2531.8 | throughput (samples/sec/per_device): 4.740 | learning rate: 8.504721E-06 | global batch size:    96 | action loss: 1.846468E-01 | loss scale: 1.0 | grad norm: 0.551226 | number of skipped iterations:   0 | number of nan iterations:   0 |
2026-08-23 08:43:57 [INFO] iteration      627/    1000 | consumed samples:        60192 | elapsed time per iteration (ms): 4317.6 | throughput (samples/sec/per_device): 2.779 | learning rate: 8.469436E-06 | global batch size:    96 | action loss: 1.540331E-01 | loss scale: 1.0 | grad norm: 0.500379 | number of skipped iterations:   0 | number of nan iterations:   0 |
2026-08-23 08:44:00 [INFO] iteration      628/    1000 | consumed samples:        60288 | elapsed time per iteration (ms): 2993.6 | throughput (samples/sec/per_device): 4.009 | learning rate: 8.434198E-06 | global batch size:    96 | action loss: 1.791729E-01 | loss scale: 1.0 | grad norm: 0.529668 | number of skipped iterations:   0 | number of nan iterations:   0 |
2026-08-23 08:44:03 [INFO] iteration      629/    1000 | consumed samples:        60384 | elapsed time per iteration (ms): 2746.0 | throughput (samples/sec/per_device): 4.370 | learning rate: 8.399005E-06 | global batch size:    96 | action loss: 1.568690E-01 | loss scale: 1.0 | grad norm: 0.559463 | number of skipped iterations:   0 | number of nan iterations:   0 |
2026-08-23 08:44:06 [INFO] iteration      630/    1000 | consumed samples:        60480 | elapsed time per iteration (ms): 2336.6 | throughput (samples/sec/per_device): 5.136 | learning rate: 8.363858E-06 | global batch size:    96 | action loss: 1.655465E-01 | loss scale: 1.0 | grad norm: 0.532711 | number of skipped iterations:   0 | number of nan iterations:   0 |
2026-08-23 08:44:09 [INFO] iteration      631/    1000 | consumed samples:        60576 | elapsed time per iteration (ms): 3673.1 | throughput (samples/sec/per_device): 3.267 | learning rate: 8.328759E-06 | global batch size:    96 | action loss: 1.645368E-01 | loss scale: 1.0 | grad norm: 0.610476 | number of skipped iterations:   0 | number of nan iterations:   0 |
2026-08-23 08:44:12 [INFO] iteration      632/    1000 | consumed samples:        60672 | elapsed time per iteration (ms): 2378.0 | throughput (samples/sec/per_device): 5.046 | learning rate: 8.293706E-06 | global batch size:    96 | action loss: 1.836103E-01 | loss scale: 1.0 | grad norm: 0.567297 | number of skipped iterations:   0 | number of nan iterations:   0 |
2026-08-23 08:44:15 [INFO] iteration      633/    1000 | consumed samples:        60768 | elapsed time per iteration (ms): 3425.6 | throughput (samples/sec/per_device): 3.503 | learning rate: 8.258701E-06 | global batch size:    96 | action loss: 1.619190E-01 | loss scale: 1.0 | grad norm: 0.544902 | number of skipped iterations:   0 | number of nan iterations:   0 |
2026-08-23 08:44:20 [INFO] iteration      634/    1000 | consumed samples:        60864 | elapsed time per iteration (ms): 4711.3 | throughput (samples/sec/per_device): 2.547 | learning rate: 8.223743E-06 | global batch size:    96 | action loss: 1.593609E-01 | loss scale: 1.0 | grad norm: 0.511039 | number of skipped iterations:   0 | number of nan iterations:   0 |
2026-08-23 08:44:23 [INFO] iteration      635/    1000 | consumed samples:        60960 | elapsed time per iteration (ms): 2978.4 | throughput (samples/sec/per_device): 4.029 | learning rate: 8.188834E-06 | global batch size:    96 | action loss: 1.587312E-01 | loss scale: 1.0 | grad norm: 0.516891 | number of skipped iterations:   0 | number of nan iterations:   0 |
2026-08-23 08:44:26 [INFO] iteration      636/    1000 | consumed samples:        61056 | elapsed time per iteration (ms): 3002.0 | throughput (samples/sec/per_device): 3.997 | learning rate: 8.153973E-06 | global batch size:    96 | action loss: 1.788251E-01 | loss scale: 1.0 | grad norm: 0.529779 | number of skipped iterations:   0 | number of nan iterations:   0 |
2026-08-23 08:44:29 [INFO] iteration      637/    1000 | consumed samples:        61152 | elapsed time per iteration (ms): 2805.1 | throughput (samples/sec/per_device): 4.278 | learning rate: 8.119160E-06 | global batch size:    96 | action loss: 1.450829E-01 | loss scale: 1.0 | grad norm: 0.537386 | number of skipped iterations:   0 | number of nan iterations:   0 |
2026-08-23 08:44:32 [INFO] iteration      638/    1000 | consumed samples:        61248 | elapsed time per iteration (ms): 3055.1 | throughput (samples/sec/per_device): 3.928 | learning rate: 8.084397E-06 | global batch size:    96 | action loss: 1.763252E-01 | loss scale: 1.0 | grad norm: 0.513312 | number of skipped iterations:   0 | number of nan iterations:   0 |
2026-08-23 08:44:34 [INFO] iteration      639/    1000 | consumed samples:        61344 | elapsed time per iteration (ms): 2030.3 | throughput (samples/sec/per_device): 5.911 | learning rate: 8.049684E-06 | global batch size:    96 | action loss: 1.604940E-01 | loss scale: 1.0 | grad norm: 0.509770 | number of skipped iterations:   0 | number of nan iterations:   0 |
2026-08-23 08:44:36 [INFO] iteration      640/    1000 | consumed samples:        61440 | elapsed time per iteration (ms): 2241.8 | throughput (samples/sec/per_device): 5.353 | learning rate: 8.015020E-06 | global batch size:    96 | action loss: 1.306324E-01 | loss scale: 1.0 | grad norm: 0.508123 | number of skipped iterations:   0 | number of nan iterations:   0 |
2026-08-23 08:44:36 [INFO] max time across ranks (ms):
    forward-backward................................: 2110.07
    forward-compute.................................: 578.67
    backward-compute................................: 1831.51
    batch-generator.................................: 1.64
    nan-grad-cleanup................................: 13.09
    grad-clip.......................................: 33.41
    optimizer.......................................: 85.07
    optimizer-inner-step............................: 84.96
    optimizer-scheduler-step........................: 0.05
    optimizer-zero-grad.............................: 0.69
2026-08-23 08:44:38 [INFO] iteration      641/    1000 | consumed samples:        61536 | elapsed time per iteration (ms): 2498.2 | throughput (samples/sec/per_device): 4.803 | learning rate: 7.980406E-06 | global batch size:    96 | action loss: 1.466659E-01 | loss scale: 1.0 | grad norm: 0.497873 | number of skipped iterations:   0 | number of nan iterations:   0 |
2026-08-23 08:44:42 [INFO] iteration      642/    1000 | consumed samples:        61632 | elapsed time per iteration (ms): 3870.7 | throughput (samples/sec/per_device): 3.100 | learning rate: 7.945843E-06 | global batch size:    96 | action loss: 1.668637E-01 | loss scale: 1.0 | grad norm: 0.502708 | number of skipped iterations:   0 | number of nan iterations:   0 |
2026-08-23 08:44:45 [INFO] iteration      643/    1000 | consumed samples:        61728 | elapsed time per iteration (ms): 3040.6 | throughput (samples/sec/per_device): 3.947 | learning rate: 7.911331E-06 | global batch size:    96 | action loss: 1.510160E-01 | loss scale: 1.0 | grad norm: 0.508314 | number of skipped iterations:   0 | number of nan iterations:   0 |
2026-08-23 08:44:48 [INFO] iteration      644/    1000 | consumed samples:        61824 | elapsed time per iteration (ms): 2828.7 | throughput (samples/sec/per_device): 4.242 | learning rate: 7.876870E-06 | global batch size:    96 | action loss: 1.539351E-01 | loss scale: 1.0 | grad norm: 0.505691 | number of skipped iterations:   0 | number of nan iterations:   0 |
2026-08-23 08:44:51 [INFO] iteration      645/    1000 | consumed samples:        61920 | elapsed time per iteration (ms): 2868.7 | throughput (samples/sec/per_device): 4.183 | learning rate: 7.842461E-06 | global batch size:    96 | action loss: 1.644753E-01 | loss scale: 1.0 | grad norm: 0.540893 | number of skipped iterations:   0 | number of nan iterations:   0 |
2026-08-23 08:44:55 [INFO] iteration      646/    1000 | consumed samples:        62016 | elapsed time per iteration (ms): 3783.6 | throughput (samples/sec/per_device): 3.172 | learning rate: 7.808104E-06 | global batch size:    96 | action loss: 1.781785E-01 | loss scale: 1.0 | grad norm: 0.530153 | number of skipped iterations:   0 | number of nan iterations:   0 |
2026-08-23 08:44:57 [INFO] iteration      647/    1000 | consumed samples:        62112 | elapsed time per iteration (ms): 2303.6 | throughput (samples/sec/per_device): 5.209 | learning rate: 7.773799E-06 | global batch size:    96 | action loss: 1.577094E-01 | loss scale: 1.0 | grad norm: 0.636129 | number of skipped iterations:   0 | number of nan iterations:   0 |
2026-08-23 08:45:00 [INFO] iteration      648/    1000 | consumed samples:        62208 | elapsed time per iteration (ms): 2668.3 | throughput (samples/sec/per_device): 4.497 | learning rate: 7.739546E-06 | global batch size:    96 | action loss: 1.490018E-01 | loss scale: 1.0 | grad norm: 0.516347 | number of skipped iterations:   0 | number of nan iterations:   0 |
2026-08-23 08:45:02 [INFO] iteration      649/    1000 | consumed samples:        62304 | elapsed time per iteration (ms): 2687.6 | throughput (samples/sec/per_device): 4.465 | learning rate: 7.705347E-06 | global batch size:    96 | action loss: 1.465728E-01 | loss scale: 1.0 | grad norm: 0.559907 | number of skipped iterations:   0 | number of nan iterations:   0 |
2026-08-23 08:45:06 [INFO] iteration      650/    1000 | consumed samples:        62400 | elapsed time per iteration (ms): 3757.2 | throughput (samples/sec/per_device): 3.194 | learning rate: 7.671201E-06 | global batch size:    96 | action loss: 1.604439E-01 | loss scale: 1.0 | grad norm: 0.523514 | number of skipped iterations:   0 | number of nan iterations:   0 |
2026-08-23 08:45:06 [INFO] PowerSGDPlusState restart: iter=549 compressed_iter=350 method=approximate rank=1 apply_exact=False
2026-08-23 08:45:12 [INFO] iteration      651/    1000 | consumed samples:        62496 | elapsed time per iteration (ms): 5802.0 | throughput (samples/sec/per_device): 2.068 | learning rate: 7.637108E-06 | global batch size:    96 | action loss: 1.520364E-01 | loss scale: 1.0 | grad norm: 0.590366 | number of skipped iterations:   0 | number of nan iterations:   0 |
2026-08-23 08:45:17 [INFO] iteration      652/    1000 | consumed samples:        62592 | elapsed time per iteration (ms): 4586.4 | throughput (samples/sec/per_device): 2.616 | learning rate: 7.603070E-06 | global batch size:    96 | action loss: 1.586072E-01 | loss scale: 1.0 | grad norm: 0.544842 | number of skipped iterations:   0 | number of nan iterations:   0 |
2026-08-23 08:45:22 [INFO] iteration      653/    1000 | consumed samples:        62688 | elapsed time per iteration (ms): 5654.9 | throughput (samples/sec/per_device): 2.122 | learning rate: 7.569086E-06 | global batch size:    96 | action loss: 1.541238E-01 | loss scale: 1.0 | grad norm: 0.516755 | number of skipped iterations:   0 | number of nan iterations:   0 |
2026-08-23 08:45:25 [INFO] iteration      654/    1000 | consumed samples:        62784 | elapsed time per iteration (ms): 2454.7 | throughput (samples/sec/per_device): 4.888 | learning rate: 7.535156E-06 | global batch size:    96 | action loss: 1.902900E-01 | loss scale: 1.0 | grad norm: 0.533322 | number of skipped iterations:   0 | number of nan iterations:   0 |
2026-08-23 08:45:28 [INFO] iteration      655/    1000 | consumed samples:        62880 | elapsed time per iteration (ms): 3275.2 | throughput (samples/sec/per_device): 3.664 | learning rate: 7.501282E-06 | global batch size:    96 | action loss: 1.500000E-01 | loss scale: 1.0 | grad norm: 0.512476 | number of skipped iterations:   0 | number of nan iterations:   0 |
2026-08-23 08:45:30 [INFO] iteration      656/    1000 | consumed samples:        62976 | elapsed time per iteration (ms): 2340.5 | throughput (samples/sec/per_device): 5.127 | learning rate: 7.467463E-06 | global batch size:    96 | action loss: 2.147347E-01 | loss scale: 1.0 | grad norm: 0.512020 | number of skipped iterations:   0 | number of nan iterations:   0 |
2026-08-23 08:45:33 [INFO] iteration      657/    1000 | consumed samples:        63072 | elapsed time per iteration (ms): 3078.0 | throughput (samples/sec/per_device): 3.899 | learning rate: 7.433699E-06 | global batch size:    96 | action loss: 1.649080E-01 | loss scale: 1.0 | grad norm: 0.513894 | number of skipped iterations:   0 | number of nan iterations:   0 |
2026-08-23 08:45:35 [INFO] iteration      658/    1000 | consumed samples:        63168 | elapsed time per iteration (ms): 1638.8 | throughput (samples/sec/per_device): 7.323 | learning rate: 7.399992E-06 | global batch size:    96 | action loss: 1.388348E-01 | loss scale: 1.0 | grad norm: 0.488835 | number of skipped iterations:   0 | number of nan iterations:   0 |
2026-08-23 08:45:37 [INFO] iteration      659/    1000 | consumed samples:        63264 | elapsed time per iteration (ms): 1855.1 | throughput (samples/sec/per_device): 6.469 | learning rate: 7.366341E-06 | global batch size:    96 | action loss: 1.833258E-01 | loss scale: 1.0 | grad norm: 0.487437 | number of skipped iterations:   0 | number of nan iterations:   0 |
2026-08-23 08:45:40 [INFO] iteration      660/    1000 | consumed samples:        63360 | elapsed time per iteration (ms): 3505.2 | throughput (samples/sec/per_device): 3.424 | learning rate: 7.332747E-06 | global batch size:    96 | action loss: 1.623032E-01 | loss scale: 1.0 | grad norm: 0.497973 | number of skipped iterations:   0 | number of nan iterations:   0 |
2026-08-23 08:45:40 [INFO] max time across ranks (ms):
    forward-backward................................: 3375.03
    forward-compute.................................: 1483.52
    backward-compute................................: 3098.04
    batch-generator.................................: 1.43
    nan-grad-cleanup................................: 13.42
    grad-clip.......................................: 32.35
    optimizer.......................................: 85.38
    optimizer-inner-step............................: 85.29
    optimizer-scheduler-step........................: 0.05
    optimizer-zero-grad.............................: 0.76
2026-08-23 08:45:44 [INFO] iteration      661/    1000 | consumed samples:        63456 | elapsed time per iteration (ms): 3419.1 | throughput (samples/sec/per_device): 3.510 | learning rate: 7.299210E-06 | global batch size:    96 | action loss: 1.587681E-01 | loss scale: 1.0 | grad norm: 0.488501 | number of skipped iterations:   0 | number of nan iterations:   0 |
2026-08-23 08:45:47 [INFO] iteration      662/    1000 | consumed samples:        63552 | elapsed time per iteration (ms): 2755.6 | throughput (samples/sec/per_device): 4.355 | learning rate: 7.265730E-06 | global batch size:    96 | action loss: 1.521015E-01 | loss scale: 1.0 | grad norm: 0.536681 | number of skipped iterations:   0 | number of nan iterations:   0 |
2026-08-23 08:45:50 [INFO] iteration      663/    1000 | consumed samples:        63648 | elapsed time per iteration (ms): 3547.1 | throughput (samples/sec/per_device): 3.383 | learning rate: 7.232308E-06 | global batch size:    96 | action loss: 1.490200E-01 | loss scale: 1.0 | grad norm: 0.534607 | number of skipped iterations:   0 | number of nan iterations:   0 |
2026-08-23 08:45:53 [INFO] iteration      664/    1000 | consumed samples:        63744 | elapsed time per iteration (ms): 3158.5 | throughput (samples/sec/per_device): 3.799 | learning rate: 7.198945E-06 | global batch size:    96 | action loss: 1.479879E-01 | loss scale: 1.0 | grad norm: 0.483649 | number of skipped iterations:   0 | number of nan iterations:   0 |
2026-08-23 08:45:56 [INFO] iteration      665/    1000 | consumed samples:        63840 | elapsed time per iteration (ms): 3009.3 | throughput (samples/sec/per_device): 3.988 | learning rate: 7.165639E-06 | global batch size:    96 | action loss: 1.874092E-01 | loss scale: 1.0 | grad norm: 0.522353 | number of skipped iterations:   0 | number of nan iterations:   0 |
2026-08-23 08:45:59 [INFO] iteration      666/    1000 | consumed samples:        63936 | elapsed time per iteration (ms): 2664.3 | throughput (samples/sec/per_device): 4.504 | learning rate: 7.132392E-06 | global batch size:    96 | action loss: 1.858365E-01 | loss scale: 1.0 | grad norm: 0.538542 | number of skipped iterations:   0 | number of nan iterations:   0 |
2026-08-23 08:46:03 [INFO] iteration      667/    1000 | consumed samples:        64032 | elapsed time per iteration (ms): 3676.6 | throughput (samples/sec/per_device): 3.264 | learning rate: 7.099205E-06 | global batch size:    96 | action loss: 1.866717E-01 | loss scale: 1.0 | grad norm: 0.550191 | number of skipped iterations:   0 | number of nan iterations:   0 |
2026-08-23 08:46:05 [INFO] iteration      668/    1000 | consumed samples:        64128 | elapsed time per iteration (ms): 2268.7 | throughput (samples/sec/per_device): 5.289 | learning rate: 7.066077E-06 | global batch size:    96 | action loss: 1.533073E-01 | loss scale: 1.0 | grad norm: 0.487193 | number of skipped iterations:   0 | number of nan iterations:   0 |
2026-08-23 08:46:08 [INFO] iteration      669/    1000 | consumed samples:        64224 | elapsed time per iteration (ms): 3204.7 | throughput (samples/sec/per_device): 3.744 | learning rate: 7.033008E-06 | global batch size:    96 | action loss: 1.531764E-01 | loss scale: 1.0 | grad norm: 0.478054 | number of skipped iterations:   0 | number of nan iterations:   0 |
2026-08-23 08:46:12 [INFO] iteration      670/    1000 | consumed samples:        64320 | elapsed time per iteration (ms): 4074.0 | throughput (samples/sec/per_device): 2.945 | learning rate: 7.000000E-06 | global batch size:    96 | action loss: 1.563057E-01 | loss scale: 1.0 | grad norm: 0.542062 | number of skipped iterations:   0 | number of nan iterations:   0 |
2026-08-23 08:46:14 [INFO] iteration      671/    1000 | consumed samples:        64416 | elapsed time per iteration (ms): 2289.0 | throughput (samples/sec/per_device): 5.242 | learning rate: 6.967052E-06 | global batch size:    96 | action loss: 1.535740E-01 | loss scale: 1.0 | grad norm: 0.538765 | number of skipped iterations:   0 | number of nan iterations:   0 |
2026-08-23 08:46:18 [INFO] iteration      672/    1000 | consumed samples:        64512 | elapsed time per iteration (ms): 3300.6 | throughput (samples/sec/per_device): 3.636 | learning rate: 6.934165E-06 | global batch size:    96 | action loss: 1.514755E-01 | loss scale: 1.0 | grad norm: 0.521382 | number of skipped iterations:   0 | number of nan iterations:   0 |
2026-08-23 08:46:21 [INFO] iteration      673/    1000 | consumed samples:        64608 | elapsed time per iteration (ms): 3493.9 | throughput (samples/sec/per_device): 3.435 | learning rate: 6.901339E-06 | global batch size:    96 | action loss: 1.634216E-01 | loss scale: 1.0 | grad norm: 0.555495 | number of skipped iterations:   0 | number of nan iterations:   0 |
2026-08-23 08:46:26 [INFO] iteration      674/    1000 | consumed samples:        64704 | elapsed time per iteration (ms): 4681.1 | throughput (samples/sec/per_device): 2.563 | learning rate: 6.868574E-06 | global batch size:    96 | action loss: 1.534856E-01 | loss scale: 1.0 | grad norm: 0.548023 | number of skipped iterations:   0 | number of nan iterations:   0 |
2026-08-23 08:46:29 [INFO] iteration      675/    1000 | consumed samples:        64800 | elapsed time per iteration (ms): 2903.0 | throughput (samples/sec/per_device): 4.134 | learning rate: 6.835871E-06 | global batch size:    96 | action loss: 1.642508E-01 | loss scale: 1.0 | grad norm: 0.527551 | number of skipped iterations:   0 | number of nan iterations:   0 |
2026-08-23 08:46:31 [INFO] iteration      676/    1000 | consumed samples:        64896 | elapsed time per iteration (ms): 2522.5 | throughput (samples/sec/per_device): 4.757 | learning rate: 6.803230E-06 | global batch size:    96 | action loss: 1.813117E-01 | loss scale: 1.0 | grad norm: 0.544848 | number of skipped iterations:   0 | number of nan iterations:   0 |
2026-08-23 08:46:34 [INFO] iteration      677/    1000 | consumed samples:        64992 | elapsed time per iteration (ms): 2510.5 | throughput (samples/sec/per_device): 4.780 | learning rate: 6.770652E-06 | global batch size:    96 | action loss: 1.842041E-01 | loss scale: 1.0 | grad norm: 0.547592 | number of skipped iterations:   0 | number of nan iterations:   0 |
2026-08-23 08:46:38 [INFO] iteration      678/    1000 | consumed samples:        65088 | elapsed time per iteration (ms): 3734.6 | throughput (samples/sec/per_device): 3.213 | learning rate: 6.738136E-06 | global batch size:    96 | action loss: 1.371987E-01 | loss scale: 1.0 | grad norm: 0.540528 | number of skipped iterations:   0 | number of nan iterations:   0 |
2026-08-23 08:46:40 [INFO] iteration      679/    1000 | consumed samples:        65184 | elapsed time per iteration (ms): 2848.9 | throughput (samples/sec/per_device): 4.212 | learning rate: 6.705684E-06 | global batch size:    96 | action loss: 1.754136E-01 | loss scale: 1.0 | grad norm: 0.565132 | number of skipped iterations:   0 | number of nan iterations:   0 |
2026-08-23 08:46:43 [INFO] iteration      680/    1000 | consumed samples:        65280 | elapsed time per iteration (ms): 2589.7 | throughput (samples/sec/per_device): 4.634 | learning rate: 6.673294E-06 | global batch size:    96 | action loss: 1.769728E-01 | loss scale: 1.0 | grad norm: 0.542031 | number of skipped iterations:   0 | number of nan iterations:   0 |
2026-08-23 08:46:43 [INFO] max time across ranks (ms):
    forward-backward................................: 2458.89
    forward-compute.................................: 993.95
    backward-compute................................: 2181.40
    batch-generator.................................: 1.84
    nan-grad-cleanup................................: 13.19
    grad-clip.......................................: 32.45
    optimizer.......................................: 84.11
    optimizer-inner-step............................: 83.99
    optimizer-scheduler-step........................: 0.05
    optimizer-zero-grad.............................: 0.72
2026-08-23 08:46:47 [INFO] iteration      681/    1000 | consumed samples:        65376 | elapsed time per iteration (ms): 3709.5 | throughput (samples/sec/per_device): 3.235 | learning rate: 6.640969E-06 | global batch size:    96 | action loss: 1.481040E-01 | loss scale: 1.0 | grad norm: 0.528463 | number of skipped iterations:   0 | number of nan iterations:   0 |
2026-08-23 08:46:49 [INFO] iteration      682/    1000 | consumed samples:        65472 | elapsed time per iteration (ms): 2255.8 | throughput (samples/sec/per_device): 5.320 | learning rate: 6.608707E-06 | global batch size:    96 | action loss: 1.511854E-01 | loss scale: 1.0 | grad norm: 0.504125 | number of skipped iterations:   0 | number of nan iterations:   0 |
2026-08-23 08:46:52 [INFO] iteration      683/    1000 | consumed samples:        65568 | elapsed time per iteration (ms): 2589.1 | throughput (samples/sec/per_device): 4.635 | learning rate: 6.576510E-06 | global batch size:    96 | action loss: 1.501358E-01 | loss scale: 1.0 | grad norm: 0.518307 | number of skipped iterations:   0 | number of nan iterations:   0 |
2026-08-23 08:46:54 [INFO] iteration      684/    1000 | consumed samples:        65664 | elapsed time per iteration (ms): 2676.1 | throughput (samples/sec/per_device): 4.484 | learning rate: 6.544378E-06 | global batch size:    96 | action loss: 2.066225E-01 | loss scale: 1.0 | grad norm: 0.533951 | number of skipped iterations:   0 | number of nan iterations:   0 |
2026-08-23 08:46:58 [INFO] iteration      685/    1000 | consumed samples:        65760 | elapsed time per iteration (ms): 3773.6 | throughput (samples/sec/per_device): 3.180 | learning rate: 6.512310E-06 | global batch size:    96 | action loss: 1.645886E-01 | loss scale: 1.0 | grad norm: 0.590575 | number of skipped iterations:   0 | number of nan iterations:   0 |
2026-08-23 08:47:01 [INFO] iteration      686/    1000 | consumed samples:        65856 | elapsed time per iteration (ms): 2574.9 | throughput (samples/sec/per_device): 4.660 | learning rate: 6.480308E-06 | global batch size:    96 | action loss: 1.426568E-01 | loss scale: 1.0 | grad norm: 0.599413 | number of skipped iterations:   0 | number of nan iterations:   0 |
2026-08-23 08:47:04 [INFO] iteration      687/    1000 | consumed samples:        65952 | elapsed time per iteration (ms): 2882.3 | throughput (samples/sec/per_device): 4.163 | learning rate: 6.448372E-06 | global batch size:    96 | action loss: 1.686220E-01 | loss scale: 1.0 | grad norm: 0.527822 | number of skipped iterations:   0 | number of nan iterations:   0 |
2026-08-23 08:47:06 [INFO] iteration      688/    1000 | consumed samples:        66048 | elapsed time per iteration (ms): 2335.1 | throughput (samples/sec/per_device): 5.139 | learning rate: 6.416501E-06 | global batch size:    96 | action loss: 1.576883E-01 | loss scale: 1.0 | grad norm: 0.589138 | number of skipped iterations:   0 | number of nan iterations:   0 |
2026-08-23 08:47:08 [INFO] iteration      689/    1000 | consumed samples:        66144 | elapsed time per iteration (ms): 2193.7 | throughput (samples/sec/per_device): 5.470 | learning rate: 6.384697E-06 | global batch size:    96 | action loss: 1.648141E-01 | loss scale: 1.0 | grad norm: 0.549272 | number of skipped iterations:   0 | number of nan iterations:   0 |
2026-08-23 08:47:11 [INFO] iteration      690/    1000 | consumed samples:        66240 | elapsed time per iteration (ms): 3323.6 | throughput (samples/sec/per_device): 3.611 | learning rate: 6.352959E-06 | global batch size:    96 | action loss: 1.599310E-01 | loss scale: 1.0 | grad norm: 0.548774 | number of skipped iterations:   0 | number of nan iterations:   0 |
2026-08-23 08:47:14 [INFO] iteration      691/    1000 | consumed samples:        66336 | elapsed time per iteration (ms): 2393.7 | throughput (samples/sec/per_device): 5.013 | learning rate: 6.321289E-06 | global batch size:    96 | action loss: 1.444162E-01 | loss scale: 1.0 | grad norm: 0.536224 | number of skipped iterations:   0 | number of nan iterations:   0 |
2026-08-23 08:47:16 [INFO] iteration      692/    1000 | consumed samples:        66432 | elapsed time per iteration (ms): 2542.5 | throughput (samples/sec/per_device): 4.720 | learning rate: 6.289685E-06 | global batch size:    96 | action loss: 1.550460E-01 | loss scale: 1.0 | grad norm: 0.515322 | number of skipped iterations:   0 | number of nan iterations:   0 |
2026-08-23 08:47:19 [INFO] iteration      693/    1000 | consumed samples:        66528 | elapsed time per iteration (ms): 2477.6 | throughput (samples/sec/per_device): 4.843 | learning rate: 6.258149E-06 | global batch size:    96 | action loss: 1.459670E-01 | loss scale: 1.0 | grad norm: 0.501820 | number of skipped iterations:   0 | number of nan iterations:   0 |
2026-08-23 08:47:22 [INFO] iteration      694/    1000 | consumed samples:        66624 | elapsed time per iteration (ms): 3533.0 | throughput (samples/sec/per_device): 3.397 | learning rate: 6.226681E-06 | global batch size:    96 | action loss: 1.671420E-01 | loss scale: 1.0 | grad norm: 0.507174 | number of skipped iterations:   0 | number of nan iterations:   0 |
2026-08-23 08:47:27 [INFO] iteration      695/    1000 | consumed samples:        66720 | elapsed time per iteration (ms): 4623.0 | throughput (samples/sec/per_device): 2.596 | learning rate: 6.195282E-06 | global batch size:    96 | action loss: 1.673680E-01 | loss scale: 1.0 | grad norm: 0.539128 | number of skipped iterations:   0 | number of nan iterations:   0 |
2026-08-23 08:47:29 [INFO] iteration      696/    1000 | consumed samples:        66816 | elapsed time per iteration (ms): 2205.1 | throughput (samples/sec/per_device): 5.442 | learning rate: 6.163950E-06 | global batch size:    96 | action loss: 1.523824E-01 | loss scale: 1.0 | grad norm: 0.544461 | number of skipped iterations:   0 | number of nan iterations:   0 |
2026-08-23 08:47:33 [INFO] iteration      697/    1000 | consumed samples:        66912 | elapsed time per iteration (ms): 3566.7 | throughput (samples/sec/per_device): 3.364 | learning rate: 6.132688E-06 | global batch size:    96 | action loss: 1.434173E-01 | loss scale: 1.0 | grad norm: 0.570809 | number of skipped iterations:   0 | number of nan iterations:   0 |
2026-08-23 08:47:35 [INFO] iteration      698/    1000 | consumed samples:        67008 | elapsed time per iteration (ms): 2417.6 | throughput (samples/sec/per_device): 4.964 | learning rate: 6.101495E-06 | global batch size:    96 | action loss: 1.505468E-01 | loss scale: 1.0 | grad norm: 0.572427 | number of skipped iterations:   0 | number of nan iterations:   0 |
2026-08-23 08:47:38 [INFO] iteration      699/    1000 | consumed samples:        67104 | elapsed time per iteration (ms): 2607.7 | throughput (samples/sec/per_device): 4.602 | learning rate: 6.070371E-06 | global batch size:    96 | action loss: 1.527500E-01 | loss scale: 1.0 | grad norm: 0.558272 | number of skipped iterations:   0 | number of nan iterations:   0 |
2026-08-23 08:47:40 [INFO] iteration      700/    1000 | consumed samples:        67200 | elapsed time per iteration (ms): 2561.9 | throughput (samples/sec/per_device): 4.684 | learning rate: 6.039317E-06 | global batch size:    96 | action loss: 1.572589E-01 | loss scale: 1.0 | grad norm: 0.530928 | number of skipped iterations:   0 | number of nan iterations:   0 |
2026-08-23 08:47:40 [INFO] max time across ranks (ms):
    forward-backward................................: 2430.37
    forward-compute.................................: 592.03
    backward-compute................................: 2154.10
    batch-generator.................................: 1.53
    nan-grad-cleanup................................: 13.18
    grad-clip.......................................: 33.97
    optimizer.......................................: 85.23
    optimizer-inner-step............................: 85.13
    optimizer-scheduler-step........................: 0.09
    optimizer-zero-grad.............................: 0.83
2026-08-23 08:47:41 [INFO] PowerSGDPlusState restart: iter=599 compressed_iter=400 method=approximate rank=1 apply_exact=False
2026-08-23 08:47:47 [INFO] iteration      701/    1000 | consumed samples:        67296 | elapsed time per iteration (ms): 7174.3 | throughput (samples/sec/per_device): 1.673 | learning rate: 6.008333E-06 | global batch size:    96 | action loss: 1.803841E-01 | loss scale: 1.0 | grad norm: 0.660944 | number of skipped iterations:   0 | number of nan iterations:   0 |
2026-08-23 08:47:51 [INFO] iteration      702/    1000 | consumed samples:        67392 | elapsed time per iteration (ms): 3592.7 | throughput (samples/sec/per_device): 3.340 | learning rate: 5.977420E-06 | global batch size:    96 | action loss: 1.646446E-01 | loss scale: 1.0 | grad norm: 0.562332 | number of skipped iterations:   0 | number of nan iterations:   0 |
2026-08-23 08:47:56 [INFO] iteration      703/    1000 | consumed samples:        67488 | elapsed time per iteration (ms): 4591.2 | throughput (samples/sec/per_device): 2.614 | learning rate: 5.946577E-06 | global batch size:    96 | action loss: 1.561986E-01 | loss scale: 1.0 | grad norm: 0.539304 | number of skipped iterations:   0 | number of nan iterations:   0 |
2026-08-23 08:47:58 [INFO] iteration      704/    1000 | consumed samples:        67584 | elapsed time per iteration (ms): 2028.3 | throughput (samples/sec/per_device): 5.916 | learning rate: 5.915805E-06 | global batch size:    96 | action loss: 1.447323E-01 | loss scale: 1.0 | grad norm: 0.554917 | number of skipped iterations:   0 | number of nan iterations:   0 |
2026-08-23 08:48:00 [INFO] iteration      705/    1000 | consumed samples:        67680 | elapsed time per iteration (ms): 2497.1 | throughput (samples/sec/per_device): 4.805 | learning rate: 5.885105E-06 | global batch size:    96 | action loss: 1.604670E-01 | loss scale: 1.0 | grad norm: 0.552176 | number of skipped iterations:   0 | number of nan iterations:   0 |
2026-08-23 08:48:02 [INFO] iteration      706/    1000 | consumed samples:        67776 | elapsed time per iteration (ms): 2168.0 | throughput (samples/sec/per_device): 5.535 | learning rate: 5.854476E-06 | global batch size:    96 | action loss: 1.604771E-01 | loss scale: 1.0 | grad norm: 0.529199 | number of skipped iterations:   0 | number of nan iterations:   0 |
2026-08-23 08:48:06 [INFO] iteration      707/    1000 | consumed samples:        67872 | elapsed time per iteration (ms): 3717.3 | throughput (samples/sec/per_device): 3.228 | learning rate: 5.823919E-06 | global batch size:    96 | action loss: 1.588989E-01 | loss scale: 1.0 | grad norm: 0.513756 | number of skipped iterations:   0 | number of nan iterations:   0 |
2026-08-23 08:48:09 [INFO] iteration      708/    1000 | consumed samples:        67968 | elapsed time per iteration (ms): 2781.5 | throughput (samples/sec/per_device): 4.314 | learning rate: 5.793435E-06 | global batch size:    96 | action loss: 1.476545E-01 | loss scale: 1.0 | grad norm: 0.496370 | number of skipped iterations:   0 | number of nan iterations:   0 |
2026-08-23 08:48:11 [INFO] iteration      709/    1000 | consumed samples:        68064 | elapsed time per iteration (ms): 2326.0 | throughput (samples/sec/per_device): 5.159 | learning rate: 5.763023E-06 | global batch size:    96 | action loss: 1.532942E-01 | loss scale: 1.0 | grad norm: 0.519117 | number of skipped iterations:   0 | number of nan iterations:   0 |
2026-08-23 08:48:14 [INFO] iteration      710/    1000 | consumed samples:        68160 | elapsed time per iteration (ms): 2620.4 | throughput (samples/sec/per_device): 4.580 | learning rate: 5.732684E-06 | global batch size:    96 | action loss: 1.481418E-01 | loss scale: 1.0 | grad norm: 0.549146 | number of skipped iterations:   0 | number of nan iterations:   0 |
2026-08-23 08:48:18 [INFO] iteration      711/    1000 | consumed samples:        68256 | elapsed time per iteration (ms): 3716.2 | throughput (samples/sec/per_device): 3.229 | learning rate: 5.702418E-06 | global batch size:    96 | action loss: 1.463063E-01 | loss scale: 1.0 | grad norm: 0.521778 | number of skipped iterations:   0 | number of nan iterations:   0 |
2026-08-23 08:48:20 [INFO] iteration      712/    1000 | consumed samples:        68352 | elapsed time per iteration (ms): 2221.7 | throughput (samples/sec/per_device): 5.401 | learning rate: 5.672225E-06 | global batch size:    96 | action loss: 1.536838E-01 | loss scale: 1.0 | grad norm: 0.549824 | number of skipped iterations:   0 | number of nan iterations:   0 |
2026-08-23 08:48:22 [INFO] iteration      713/    1000 | consumed samples:        68448 | elapsed time per iteration (ms): 2726.9 | throughput (samples/sec/per_device): 4.401 | learning rate: 5.642107E-06 | global batch size:    96 | action loss: 1.562849E-01 | loss scale: 1.0 | grad norm: 0.543175 | number of skipped iterations:   0 | number of nan iterations:   0 |
2026-08-23 08:48:25 [INFO] iteration      714/    1000 | consumed samples:        68544 | elapsed time per iteration (ms): 2697.1 | throughput (samples/sec/per_device): 4.449 | learning rate: 5.612062E-06 | global batch size:    96 | action loss: 1.591630E-01 | loss scale: 1.0 | grad norm: 0.510016 | number of skipped iterations:   0 | number of nan iterations:   0 |
2026-08-23 08:48:31 [INFO] iteration      715/    1000 | consumed samples:        68640 | elapsed time per iteration (ms): 5542.7 | throughput (samples/sec/per_device): 2.165 | learning rate: 5.582092E-06 | global batch size:    96 | action loss: 1.510650E-01 | loss scale: 1.0 | grad norm: 0.500310 | number of skipped iterations:   0 | number of nan iterations:   0 |
2026-08-23 08:48:33 [INFO] iteration      716/    1000 | consumed samples:        68736 | elapsed time per iteration (ms): 2603.0 | throughput (samples/sec/per_device): 4.610 | learning rate: 5.552197E-06 | global batch size:    96 | action loss: 1.638187E-01 | loss scale: 1.0 | grad norm: 0.512755 | number of skipped iterations:   0 | number of nan iterations:   0 |
2026-08-23 08:48:37 [INFO] iteration      717/    1000 | consumed samples:        68832 | elapsed time per iteration (ms): 3448.5 | throughput (samples/sec/per_device): 3.480 | learning rate: 5.522376E-06 | global batch size:    96 | action loss: 1.542245E-01 | loss scale: 1.0 | grad norm: 0.501359 | number of skipped iterations:   0 | number of nan iterations:   0 |
2026-08-23 08:48:40 [INFO] iteration      718/    1000 | consumed samples:        68928 | elapsed time per iteration (ms): 3374.8 | throughput (samples/sec/per_device): 3.556 | learning rate: 5.492631E-06 | global batch size:    96 | action loss: 1.610696E-01 | loss scale: 1.0 | grad norm: 0.507874 | number of skipped iterations:   0 | number of nan iterations:   0 |
2026-08-23 08:48:42 [INFO] iteration      719/    1000 | consumed samples:        69024 | elapsed time per iteration (ms): 2289.7 | throughput (samples/sec/per_device): 5.241 | learning rate: 5.462962E-06 | global batch size:    96 | action loss: 1.544462E-01 | loss scale: 1.0 | grad norm: 0.483460 | number of skipped iterations:   0 | number of nan iterations:   0 |
2026-08-23 08:48:46 [INFO] iteration      720/    1000 | consumed samples:        69120 | elapsed time per iteration (ms): 3259.7 | throughput (samples/sec/per_device): 3.681 | learning rate: 5.433368E-06 | global batch size:    96 | action loss: 1.641097E-01 | loss scale: 1.0 | grad norm: 0.518452 | number of skipped iterations:   0 | number of nan iterations:   0 |
2026-08-23 08:48:46 [INFO] max time across ranks (ms):
    forward-backward................................: 3129.35
    forward-compute.................................: 1240.72
    backward-compute................................: 2851.67
    batch-generator.................................: 2.99
    nan-grad-cleanup................................: 13.21
    grad-clip.......................................: 32.28
    optimizer.......................................: 84.23
    optimizer-inner-step............................: 84.15
    optimizer-scheduler-step........................: 0.07
    optimizer-zero-grad.............................: 2.39
2026-08-23 08:48:48 [INFO] iteration      721/    1000 | consumed samples:        69216 | elapsed time per iteration (ms): 2440.0 | throughput (samples/sec/per_device): 4.918 | learning rate: 5.403851E-06 | global batch size:    96 | action loss: 1.495247E-01 | loss scale: 1.0 | grad norm: 0.524270 | number of skipped iterations:   0 | number of nan iterations:   0 |
2026-08-23 08:48:52 [INFO] iteration      722/    1000 | consumed samples:        69312 | elapsed time per iteration (ms): 3865.8 | throughput (samples/sec/per_device): 3.104 | learning rate: 5.374410E-06 | global batch size:    96 | action loss: 1.586906E-01 | loss scale: 1.0 | grad norm: 0.532512 | number of skipped iterations:   0 | number of nan iterations:   0 |
2026-08-23 08:48:55 [INFO] iteration      723/    1000 | consumed samples:        69408 | elapsed time per iteration (ms): 2874.1 | throughput (samples/sec/per_device): 4.175 | learning rate: 5.345045E-06 | global batch size:    96 | action loss: 1.682674E-01 | loss scale: 1.0 | grad norm: 0.532248 | number of skipped iterations:   0 | number of nan iterations:   0 |
2026-08-23 08:48:57 [INFO] iteration      724/    1000 | consumed samples:        69504 | elapsed time per iteration (ms): 2422.5 | throughput (samples/sec/per_device): 4.954 | learning rate: 5.315758E-06 | global batch size:    96 | action loss: 1.441059E-01 | loss scale: 1.0 | grad norm: 0.501090 | number of skipped iterations:   0 | number of nan iterations:   0 |
2026-08-23 08:49:00 [INFO] iteration      725/    1000 | consumed samples:        69600 | elapsed time per iteration (ms): 2355.6 | throughput (samples/sec/per_device): 5.094 | learning rate: 5.286549E-06 | global batch size:    96 | action loss: 1.426044E-01 | loss scale: 1.0 | grad norm: 0.496495 | number of skipped iterations:   0 | number of nan iterations:   0 |
2026-08-23 08:49:03 [INFO] iteration      726/    1000 | consumed samples:        69696 | elapsed time per iteration (ms): 3690.6 | throughput (samples/sec/per_device): 3.251 | learning rate: 5.257417E-06 | global batch size:    96 | action loss: 1.588005E-01 | loss scale: 1.0 | grad norm: 0.593664 | number of skipped iterations:   0 | number of nan iterations:   0 |
2026-08-23 08:49:06 [INFO] iteration      727/    1000 | consumed samples:        69792 | elapsed time per iteration (ms): 2803.2 | throughput (samples/sec/per_device): 4.281 | learning rate: 5.228363E-06 | global batch size:    96 | action loss: 1.670705E-01 | loss scale: 1.0 | grad norm: 0.569080 | number of skipped iterations:   0 | number of nan iterations:   0 |
2026-08-23 08:49:09 [INFO] iteration      728/    1000 | consumed samples:        69888 | elapsed time per iteration (ms): 2882.4 | throughput (samples/sec/per_device): 4.163 | learning rate: 5.199387E-06 | global batch size:    96 | action loss: 1.457331E-01 | loss scale: 1.0 | grad norm: 0.595752 | number of skipped iterations:   0 | number of nan iterations:   0 |
2026-08-23 08:49:12 [INFO] iteration      729/    1000 | consumed samples:        69984 | elapsed time per iteration (ms): 3020.2 | throughput (samples/sec/per_device): 3.973 | learning rate: 5.170490E-06 | global batch size:    96 | action loss: 1.673390E-01 | loss scale: 1.0 | grad norm: 0.585440 | number of skipped iterations:   0 | number of nan iterations:   0 |
2026-08-23 08:49:16 [INFO] iteration      730/    1000 | consumed samples:        70080 | elapsed time per iteration (ms): 3985.3 | throughput (samples/sec/per_device): 3.011 | learning rate: 5.141671E-06 | global batch size:    96 | action loss: 1.585746E-01 | loss scale: 1.0 | grad norm: 0.558691 | number of skipped iterations:   0 | number of nan iterations:   0 |
2026-08-23 08:49:19 [INFO] iteration      731/    1000 | consumed samples:        70176 | elapsed time per iteration (ms): 2926.1 | throughput (samples/sec/per_device): 4.101 | learning rate: 5.112932E-06 | global batch size:    96 | action loss: 1.556146E-01 | loss scale: 1.0 | grad norm: 0.521862 | number of skipped iterations:   0 | number of nan iterations:   0 |
2026-08-23 08:49:22 [INFO] iteration      732/    1000 | consumed samples:        70272 | elapsed time per iteration (ms): 3116.5 | throughput (samples/sec/per_device): 3.850 | learning rate: 5.084272E-06 | global batch size:    96 | action loss: 1.711227E-01 | loss scale: 1.0 | grad norm: 0.538031 | number of skipped iterations:   0 | number of nan iterations:   0 |
2026-08-23 08:49:26 [INFO] iteration      733/    1000 | consumed samples:        70368 | elapsed time per iteration (ms): 4138.9 | throughput (samples/sec/per_device): 2.899 | learning rate: 5.055692E-06 | global batch size:    96 | action loss: 1.615256E-01 | loss scale: 1.0 | grad norm: 0.542048 | number of skipped iterations:   0 | number of nan iterations:   0 |
2026-08-23 08:49:29 [INFO] iteration      734/    1000 | consumed samples:        70464 | elapsed time per iteration (ms): 2245.2 | throughput (samples/sec/per_device): 5.345 | learning rate: 5.027192E-06 | global batch size:    96 | action loss: 1.392916E-01 | loss scale: 1.0 | grad norm: 0.498070 | number of skipped iterations:   0 | number of nan iterations:   0 |
2026-08-23 08:49:33 [INFO] iteration      735/    1000 | consumed samples:        70560 | elapsed time per iteration (ms): 4978.9 | throughput (samples/sec/per_device): 2.410 | learning rate: 4.998772E-06 | global batch size:    96 | action loss: 1.600895E-01 | loss scale: 1.0 | grad norm: 0.513340 | number of skipped iterations:   0 | number of nan iterations:   0 |
2026-08-23 08:49:37 [INFO] iteration      736/    1000 | consumed samples:        70656 | elapsed time per iteration (ms): 3888.9 | throughput (samples/sec/per_device): 3.086 | learning rate: 4.970433E-06 | global batch size:    96 | action loss: 1.484046E-01 | loss scale: 1.0 | grad norm: 0.532866 | number of skipped iterations:   0 | number of nan iterations:   0 |
2026-08-23 08:49:40 [INFO] iteration      737/    1000 | consumed samples:        70752 | elapsed time per iteration (ms): 2785.5 | throughput (samples/sec/per_device): 4.308 | learning rate: 4.942174E-06 | global batch size:    96 | action loss: 1.805739E-01 | loss scale: 1.0 | grad norm: 0.562085 | number of skipped iterations:   0 | number of nan iterations:   0 |
2026-08-23 08:49:43 [INFO] iteration      738/    1000 | consumed samples:        70848 | elapsed time per iteration (ms): 2884.7 | throughput (samples/sec/per_device): 4.160 | learning rate: 4.913997E-06 | global batch size:    96 | action loss: 1.664352E-01 | loss scale: 1.0 | grad norm: 0.598261 | number of skipped iterations:   0 | number of nan iterations:   0 |
2026-08-23 08:49:46 [INFO] iteration      739/    1000 | consumed samples:        70944 | elapsed time per iteration (ms): 3298.9 | throughput (samples/sec/per_device): 3.638 | learning rate: 4.885901E-06 | global batch size:    96 | action loss: 1.633766E-01 | loss scale: 1.0 | grad norm: 0.533433 | number of skipped iterations:   0 | number of nan iterations:   0 |
2026-08-23 08:49:50 [INFO] iteration      740/    1000 | consumed samples:        71040 | elapsed time per iteration (ms): 3607.2 | throughput (samples/sec/per_device): 3.327 | learning rate: 4.857887E-06 | global batch size:    96 | action loss: 1.578769E-01 | loss scale: 1.0 | grad norm: 0.529410 | number of skipped iterations:   0 | number of nan iterations:   0 |
2026-08-23 08:49:50 [INFO] max time across ranks (ms):
    forward-backward................................: 3476.34
    forward-compute.................................: 1931.31
    backward-compute................................: 3198.45
    batch-generator.................................: 1.83
    nan-grad-cleanup................................: 13.37
    grad-clip.......................................: 32.31
    optimizer.......................................: 85.96
    optimizer-inner-step............................: 85.73
    optimizer-scheduler-step........................: 0.16
    optimizer-zero-grad.............................: 0.56
2026-08-23 08:49:53 [INFO] iteration      741/    1000 | consumed samples:        71136 | elapsed time per iteration (ms): 2617.2 | throughput (samples/sec/per_device): 4.585 | learning rate: 4.829955E-06 | global batch size:    96 | action loss: 1.647782E-01 | loss scale: 1.0 | grad norm: 0.521558 | number of skipped iterations:   0 | number of nan iterations:   0 |
2026-08-23 08:49:55 [INFO] iteration      742/    1000 | consumed samples:        71232 | elapsed time per iteration (ms): 2730.4 | throughput (samples/sec/per_device): 4.395 | learning rate: 4.802105E-06 | global batch size:    96 | action loss: 1.647526E-01 | loss scale: 1.0 | grad norm: 0.530342 | number of skipped iterations:   0 | number of nan iterations:   0 |
2026-08-23 08:49:59 [INFO] iteration      743/    1000 | consumed samples:        71328 | elapsed time per iteration (ms): 3911.0 | throughput (samples/sec/per_device): 3.068 | learning rate: 4.774338E-06 | global batch size:    96 | action loss: 1.498844E-01 | loss scale: 1.0 | grad norm: 0.548323 | number of skipped iterations:   0 | number of nan iterations:   0 |
2026-08-23 08:50:02 [INFO] iteration      744/    1000 | consumed samples:        71424 | elapsed time per iteration (ms): 2362.7 | throughput (samples/sec/per_device): 5.079 | learning rate: 4.746653E-06 | global batch size:    96 | action loss: 1.553383E-01 | loss scale: 1.0 | grad norm: 0.571030 | number of skipped iterations:   0 | number of nan iterations:   0 |
2026-08-23 08:50:04 [INFO] iteration      745/    1000 | consumed samples:        71520 | elapsed time per iteration (ms): 2710.1 | throughput (samples/sec/per_device): 4.428 | learning rate: 4.719052E-06 | global batch size:    96 | action loss: 1.566734E-01 | loss scale: 1.0 | grad norm: 0.553623 | number of skipped iterations:   0 | number of nan iterations:   0 |
2026-08-23 08:50:07 [INFO] iteration      746/    1000 | consumed samples:        71616 | elapsed time per iteration (ms): 2626.7 | throughput (samples/sec/per_device): 4.568 | learning rate: 4.691534E-06 | global batch size:    96 | action loss: 1.862723E-01 | loss scale: 1.0 | grad norm: 0.553764 | number of skipped iterations:   0 | number of nan iterations:   0 |
2026-08-23 08:50:11 [INFO] iteration      747/    1000 | consumed samples:        71712 | elapsed time per iteration (ms): 4106.9 | throughput (samples/sec/per_device): 2.922 | learning rate: 4.664100E-06 | global batch size:    96 | action loss: 1.494215E-01 | loss scale: 1.0 | grad norm: 0.566637 | number of skipped iterations:   0 | number of nan iterations:   0 |
2026-08-23 08:50:14 [INFO] iteration      748/    1000 | consumed samples:        71808 | elapsed time per iteration (ms): 2917.7 | throughput (samples/sec/per_device): 4.113 | learning rate: 4.636749E-06 | global batch size:    96 | action loss: 1.589522E-01 | loss scale: 1.0 | grad norm: 0.513416 | number of skipped iterations:   0 | number of nan iterations:   0 |
2026-08-23 08:50:17 [INFO] iteration      749/    1000 | consumed samples:        71904 | elapsed time per iteration (ms): 3363.5 | throughput (samples/sec/per_device): 3.568 | learning rate: 4.609483E-06 | global batch size:    96 | action loss: 1.496549E-01 | loss scale: 1.0 | grad norm: 0.545922 | number of skipped iterations:   0 | number of nan iterations:   0 |
2026-08-23 08:50:20 [INFO] iteration      750/    1000 | consumed samples:        72000 | elapsed time per iteration (ms): 2597.7 | throughput (samples/sec/per_device): 4.619 | learning rate: 4.582301E-06 | global batch size:    96 | action loss: 1.560009E-01 | loss scale: 1.0 | grad norm: 0.551709 | number of skipped iterations:   0 | number of nan iterations:   0 |
2026-08-23 08:50:20 [INFO] PowerSGDPlusState restart: iter=649 compressed_iter=450 method=approximate rank=1 apply_exact=False
2026-08-23 08:50:27 [INFO] iteration      751/    1000 | consumed samples:        72096 | elapsed time per iteration (ms): 7248.6 | throughput (samples/sec/per_device): 1.655 | learning rate: 4.555204E-06 | global batch size:    96 | action loss: 1.551035E-01 | loss scale: 1.0 | grad norm: 0.606843 | number of skipped iterations:   0 | number of nan iterations:   0 |
2026-08-23 08:50:31 [INFO] iteration      752/    1000 | consumed samples:        72192 | elapsed time per iteration (ms): 3562.4 | throughput (samples/sec/per_device): 3.369 | learning rate: 4.528193E-06 | global batch size:    96 | action loss: 1.449766E-01 | loss scale: 1.0 | grad norm: 0.527509 | number of skipped iterations:   0 | number of nan iterations:   0 |
2026-08-23 08:50:37 [INFO] iteration      753/    1000 | consumed samples:        72288 | elapsed time per iteration (ms): 6316.9 | throughput (samples/sec/per_device): 1.900 | learning rate: 4.501266E-06 | global batch size:    96 | action loss: 1.858399E-01 | loss scale: 1.0 | grad norm: 0.517368 | number of skipped iterations:   0 | number of nan iterations:   0 |
2026-08-23 08:50:39 [INFO] iteration      754/    1000 | consumed samples:        72384 | elapsed time per iteration (ms): 2034.5 | throughput (samples/sec/per_device): 5.898 | learning rate: 4.474425E-06 | global batch size:    96 | action loss: 1.351964E-01 | loss scale: 1.0 | grad norm: 0.552364 | number of skipped iterations:   0 | number of nan iterations:   0 |
2026-08-23 08:50:42 [INFO] iteration      755/    1000 | consumed samples:        72480 | elapsed time per iteration (ms): 2479.7 | throughput (samples/sec/per_device): 4.839 | learning rate: 4.447670E-06 | global batch size:    96 | action loss: 1.547736E-01 | loss scale: 1.0 | grad norm: 0.559294 | number of skipped iterations:   0 | number of nan iterations:   0 |
2026-08-23 08:50:45 [INFO] iteration      756/    1000 | consumed samples:        72576 | elapsed time per iteration (ms): 3498.0 | throughput (samples/sec/per_device): 3.430 | learning rate: 4.421001E-06 | global batch size:    96 | action loss: 1.802832E-01 | loss scale: 1.0 | grad norm: 0.501186 | number of skipped iterations:   0 | number of nan iterations:   0 |
2026-08-23 08:50:48 [INFO] iteration      757/    1000 | consumed samples:        72672 | elapsed time per iteration (ms): 2551.4 | throughput (samples/sec/per_device): 4.703 | learning rate: 4.394418E-06 | global batch size:    96 | action loss: 1.483544E-01 | loss scale: 1.0 | grad norm: 0.506563 | number of skipped iterations:   0 | number of nan iterations:   0 |
2026-08-23 08:50:51 [INFO] iteration      758/    1000 | consumed samples:        72768 | elapsed time per iteration (ms): 3034.2 | throughput (samples/sec/per_device): 3.955 | learning rate: 4.367922E-06 | global batch size:    96 | action loss: 1.521312E-01 | loss scale: 1.0 | grad norm: 0.520534 | number of skipped iterations:   0 | number of nan iterations:   0 |
2026-08-23 08:50:53 [INFO] iteration      759/    1000 | consumed samples:        72864 | elapsed time per iteration (ms): 2779.8 | throughput (samples/sec/per_device): 4.317 | learning rate: 4.341513E-06 | global batch size:    96 | action loss: 1.444409E-01 | loss scale: 1.0 | grad norm: 0.539536 | number of skipped iterations:   0 | number of nan iterations:   0 |
2026-08-23 08:50:57 [INFO] iteration      760/    1000 | consumed samples:        72960 | elapsed time per iteration (ms): 3332.2 | throughput (samples/sec/per_device): 3.601 | learning rate: 4.315192E-06 | global batch size:    96 | action loss: 1.462405E-01 | loss scale: 1.0 | grad norm: 0.525969 | number of skipped iterations:   0 | number of nan iterations:   0 |
2026-08-23 08:50:57 [INFO] max time across ranks (ms):
    forward-backward................................: 3201.39
    forward-compute.................................: 587.15
    backward-compute................................: 2923.50
    batch-generator.................................: 1.56
    nan-grad-cleanup................................: 13.03
    grad-clip.......................................: 32.25
    optimizer.......................................: 85.38
    optimizer-inner-step............................: 85.29
    optimizer-scheduler-step........................: 0.04
    optimizer-zero-grad.............................: 0.79
2026-08-23 08:50:59 [INFO] iteration      761/    1000 | consumed samples:        73056 | elapsed time per iteration (ms): 2575.3 | throughput (samples/sec/per_device): 4.660 | learning rate: 4.288957E-06 | global batch size:    96 | action loss: 1.577418E-01 | loss scale: 1.0 | grad norm: 0.514031 | number of skipped iterations:   0 | number of nan iterations:   0 |
2026-08-23 08:51:02 [INFO] iteration      762/    1000 | consumed samples:        73152 | elapsed time per iteration (ms): 2558.7 | throughput (samples/sec/per_device): 4.690 | learning rate: 4.262811E-06 | global batch size:    96 | action loss: 1.777785E-01 | loss scale: 1.0 | grad norm: 0.564417 | number of skipped iterations:   0 | number of nan iterations:   0 |
2026-08-23 08:51:05 [INFO] iteration      763/    1000 | consumed samples:        73248 | elapsed time per iteration (ms): 2785.1 | throughput (samples/sec/per_device): 4.309 | learning rate: 4.236752E-06 | global batch size:    96 | action loss: 1.428260E-01 | loss scale: 1.0 | grad norm: 0.543406 | number of skipped iterations:   0 | number of nan iterations:   0 |
2026-08-23 08:51:09 [INFO] iteration      764/    1000 | consumed samples:        73344 | elapsed time per iteration (ms): 4255.4 | throughput (samples/sec/per_device): 2.820 | learning rate: 4.210781E-06 | global batch size:    96 | action loss: 1.724557E-01 | loss scale: 1.0 | grad norm: 0.654452 | number of skipped iterations:   0 | number of nan iterations:   0 |
2026-08-23 08:51:11 [INFO] iteration      765/    1000 | consumed samples:        73440 | elapsed time per iteration (ms): 2290.2 | throughput (samples/sec/per_device): 5.240 | learning rate: 4.184899E-06 | global batch size:    96 | action loss: 1.515680E-01 | loss scale: 1.0 | grad norm: 0.551396 | number of skipped iterations:   0 | number of nan iterations:   0 |
2026-08-23 08:51:13 [INFO] iteration      766/    1000 | consumed samples:        73536 | elapsed time per iteration (ms): 2258.6 | throughput (samples/sec/per_device): 5.313 | learning rate: 4.159106E-06 | global batch size:    96 | action loss: 1.704995E-01 | loss scale: 1.0 | grad norm: 0.526036 | number of skipped iterations:   0 | number of nan iterations:   0 |
2026-08-23 08:51:16 [INFO] iteration      767/    1000 | consumed samples:        73632 | elapsed time per iteration (ms): 2839.1 | throughput (samples/sec/per_device): 4.227 | learning rate: 4.133402E-06 | global batch size:    96 | action loss: 1.614806E-01 | loss scale: 1.0 | grad norm: 0.529135 | number of skipped iterations:   0 | number of nan iterations:   0 |
2026-08-23 08:51:20 [INFO] iteration      768/    1000 | consumed samples:        73728 | elapsed time per iteration (ms): 3246.8 | throughput (samples/sec/per_device): 3.696 | learning rate: 4.107787E-06 | global batch size:    96 | action loss: 1.560525E-01 | loss scale: 1.0 | grad norm: 0.600147 | number of skipped iterations:   0 | number of nan iterations:   0 |
2026-08-23 08:51:22 [INFO] iteration      769/    1000 | consumed samples:        73824 | elapsed time per iteration (ms): 2409.7 | throughput (samples/sec/per_device): 4.980 | learning rate: 4.082262E-06 | global batch size:    96 | action loss: 1.490108E-01 | loss scale: 1.0 | grad norm: 0.539600 | number of skipped iterations:   0 | number of nan iterations:   0 |
2026-08-23 08:51:25 [INFO] iteration      770/    1000 | consumed samples:        73920 | elapsed time per iteration (ms): 2984.1 | throughput (samples/sec/per_device): 4.021 | learning rate: 4.056827E-06 | global batch size:    96 | action loss: 1.365984E-01 | loss scale: 1.0 | grad norm: 0.529785 | number of skipped iterations:   0 | number of nan iterations:   0 |
2026-08-23 08:51:28 [INFO] iteration      771/    1000 | consumed samples:        74016 | elapsed time per iteration (ms): 2779.0 | throughput (samples/sec/per_device): 4.318 | learning rate: 4.031481E-06 | global batch size:    96 | action loss: 1.409697E-01 | loss scale: 1.0 | grad norm: 0.516952 | number of skipped iterations:   0 | number of nan iterations:   0 |
2026-08-23 08:51:32 [INFO] iteration      772/    1000 | consumed samples:        74112 | elapsed time per iteration (ms): 4018.0 | throughput (samples/sec/per_device): 2.987 | learning rate: 4.006226E-06 | global batch size:    96 | action loss: 1.630265E-01 | loss scale: 1.0 | grad norm: 0.500831 | number of skipped iterations:   0 | number of nan iterations:   0 |
2026-08-23 08:51:35 [INFO] iteration      773/    1000 | consumed samples:        74208 | elapsed time per iteration (ms): 2880.2 | throughput (samples/sec/per_device): 4.166 | learning rate: 3.981061E-06 | global batch size:    96 | action loss: 1.551538E-01 | loss scale: 1.0 | grad norm: 0.530894 | number of skipped iterations:   0 | number of nan iterations:   0 |
2026-08-23 08:51:38 [INFO] iteration      774/    1000 | consumed samples:        74304 | elapsed time per iteration (ms): 3154.8 | throughput (samples/sec/per_device): 3.804 | learning rate: 3.955988E-06 | global batch size:    96 | action loss: 1.594586E-01 | loss scale: 1.0 | grad norm: 0.541788 | number of skipped iterations:   0 | number of nan iterations:   0 |
2026-08-23 08:51:42 [INFO] iteration      775/    1000 | consumed samples:        74400 | elapsed time per iteration (ms): 4218.6 | throughput (samples/sec/per_device): 2.845 | learning rate: 3.931005E-06 | global batch size:    96 | action loss: 1.858359E-01 | loss scale: 1.0 | grad norm: 0.534498 | number of skipped iterations:   0 | number of nan iterations:   0 |
2026-08-23 08:51:45 [INFO] iteration      776/    1000 | consumed samples:        74496 | elapsed time per iteration (ms): 3018.5 | throughput (samples/sec/per_device): 3.975 | learning rate: 3.906114E-06 | global batch size:    96 | action loss: 1.432098E-01 | loss scale: 1.0 | grad norm: 0.520082 | number of skipped iterations:   0 | number of nan iterations:   0 |
2026-08-23 08:51:48 [INFO] iteration      777/    1000 | consumed samples:        74592 | elapsed time per iteration (ms): 3127.5 | throughput (samples/sec/per_device): 3.837 | learning rate: 3.881314E-06 | global batch size:    96 | action loss: 1.580442E-01 | loss scale: 1.0 | grad norm: 0.525097 | number of skipped iterations:   0 | number of nan iterations:   0 |
2026-08-23 08:51:51 [INFO] iteration      778/    1000 | consumed samples:        74688 | elapsed time per iteration (ms): 2904.4 | throughput (samples/sec/per_device): 4.132 | learning rate: 3.856606E-06 | global batch size:    96 | action loss: 1.503560E-01 | loss scale: 1.0 | grad norm: 0.500128 | number of skipped iterations:   0 | number of nan iterations:   0 |
2026-08-23 08:51:55 [INFO] iteration      779/    1000 | consumed samples:        74784 | elapsed time per iteration (ms): 3475.2 | throughput (samples/sec/per_device): 3.453 | learning rate: 3.831990E-06 | global batch size:    96 | action loss: 1.448998E-01 | loss scale: 1.0 | grad norm: 0.517328 | number of skipped iterations:   0 | number of nan iterations:   0 |
2026-08-23 08:51:57 [INFO] iteration      780/    1000 | consumed samples:        74880 | elapsed time per iteration (ms): 2631.4 | throughput (samples/sec/per_device): 4.560 | learning rate: 3.807467E-06 | global batch size:    96 | action loss: 1.491313E-01 | loss scale: 1.0 | grad norm: 0.496673 | number of skipped iterations:   0 | number of nan iterations:   0 |
2026-08-23 08:51:57 [INFO] max time across ranks (ms):
    forward-backward................................: 2500.56
    forward-compute.................................: 632.59
    backward-compute................................: 2224.09
    batch-generator.................................: 1.49
    nan-grad-cleanup................................: 13.12
    grad-clip.......................................: 32.69
    optimizer.......................................: 85.13
    optimizer-inner-step............................: 84.98
    optimizer-scheduler-step........................: 0.11
    optimizer-zero-grad.............................: 0.49
2026-08-23 08:52:01 [INFO] iteration      781/    1000 | consumed samples:        74976 | elapsed time per iteration (ms): 3314.8 | throughput (samples/sec/per_device): 3.620 | learning rate: 3.783036E-06 | global batch size:    96 | action loss: 1.336455E-01 | loss scale: 1.0 | grad norm: 0.513779 | number of skipped iterations:   0 | number of nan iterations:   0 |
2026-08-23 08:52:04 [INFO] iteration      782/    1000 | consumed samples:        75072 | elapsed time per iteration (ms): 3254.7 | throughput (samples/sec/per_device): 3.687 | learning rate: 3.758698E-06 | global batch size:    96 | action loss: 1.399852E-01 | loss scale: 1.0 | grad norm: 0.536224 | number of skipped iterations:   0 | number of nan iterations:   0 |
2026-08-23 08:52:06 [INFO] iteration      783/    1000 | consumed samples:        75168 | elapsed time per iteration (ms): 2258.3 | throughput (samples/sec/per_device): 5.314 | learning rate: 3.734452E-06 | global batch size:    96 | action loss: 1.486604E-01 | loss scale: 1.0 | grad norm: 0.554515 | number of skipped iterations:   0 | number of nan iterations:   0 |
2026-08-23 08:52:09 [INFO] iteration      784/    1000 | consumed samples:        75264 | elapsed time per iteration (ms): 2749.2 | throughput (samples/sec/per_device): 4.365 | learning rate: 3.710301E-06 | global batch size:    96 | action loss: 1.758852E-01 | loss scale: 1.0 | grad norm: 0.562947 | number of skipped iterations:   0 | number of nan iterations:   0 |
2026-08-23 08:52:11 [INFO] iteration      785/    1000 | consumed samples:        75360 | elapsed time per iteration (ms): 2330.3 | throughput (samples/sec/per_device): 5.150 | learning rate: 3.686242E-06 | global batch size:    96 | action loss: 1.840505E-01 | loss scale: 1.0 | grad norm: 0.566008 | number of skipped iterations:   0 | number of nan iterations:   0 |
2026-08-23 08:52:15 [INFO] iteration      786/    1000 | consumed samples:        75456 | elapsed time per iteration (ms): 4097.0 | throughput (samples/sec/per_device): 2.929 | learning rate: 3.662278E-06 | global batch size:    96 | action loss: 1.411569E-01 | loss scale: 1.0 | grad norm: 0.565392 | number of skipped iterations:   0 | number of nan iterations:   0 |
2026-08-23 08:52:18 [INFO] iteration      787/    1000 | consumed samples:        75552 | elapsed time per iteration (ms): 2413.8 | throughput (samples/sec/per_device): 4.971 | learning rate: 3.638408E-06 | global batch size:    96 | action loss: 1.478735E-01 | loss scale: 1.0 | grad norm: 0.580686 | number of skipped iterations:   0 | number of nan iterations:   0 |
2026-08-23 08:52:20 [INFO] iteration      788/    1000 | consumed samples:        75648 | elapsed time per iteration (ms): 2410.6 | throughput (samples/sec/per_device): 4.978 | learning rate: 3.614631E-06 | global batch size:    96 | action loss: 1.616967E-01 | loss scale: 1.0 | grad norm: 0.558614 | number of skipped iterations:   0 | number of nan iterations:   0 |
2026-08-23 08:52:22 [INFO] iteration      789/    1000 | consumed samples:        75744 | elapsed time per iteration (ms): 2073.2 | throughput (samples/sec/per_device): 5.788 | learning rate: 3.590950E-06 | global batch size:    96 | action loss: 1.780157E-01 | loss scale: 1.0 | grad norm: 0.550859 | number of skipped iterations:   0 | number of nan iterations:   0 |
2026-08-23 08:52:25 [INFO] iteration      790/    1000 | consumed samples:        75840 | elapsed time per iteration (ms): 2586.1 | throughput (samples/sec/per_device): 4.640 | learning rate: 3.567363E-06 | global batch size:    96 | action loss: 1.362575E-01 | loss scale: 1.0 | grad norm: 0.566708 | number of skipped iterations:   0 | number of nan iterations:   0 |
2026-08-23 08:52:28 [INFO] iteration      791/    1000 | consumed samples:        75936 | elapsed time per iteration (ms): 3759.3 | throughput (samples/sec/per_device): 3.192 | learning rate: 3.543871E-06 | global batch size:    96 | action loss: 1.606324E-01 | loss scale: 1.0 | grad norm: 0.537602 | number of skipped iterations:   0 | number of nan iterations:   0 |
2026-08-23 08:52:31 [INFO] iteration      792/    1000 | consumed samples:        76032 | elapsed time per iteration (ms): 2169.4 | throughput (samples/sec/per_device): 5.531 | learning rate: 3.520474E-06 | global batch size:    96 | action loss: 1.493333E-01 | loss scale: 1.0 | grad norm: 0.607742 | number of skipped iterations:   0 | number of nan iterations:   0 |
2026-08-23 08:52:33 [INFO] iteration      793/    1000 | consumed samples:        76128 | elapsed time per iteration (ms): 2238.7 | throughput (samples/sec/per_device): 5.360 | learning rate: 3.497173E-06 | global batch size:    96 | action loss: 1.590559E-01 | loss scale: 1.0 | grad norm: 0.586346 | number of skipped iterations:   0 | number of nan iterations:   0 |
2026-08-23 08:52:35 [INFO] iteration      794/    1000 | consumed samples:        76224 | elapsed time per iteration (ms): 2336.7 | throughput (samples/sec/per_device): 5.135 | learning rate: 3.473968E-06 | global batch size:    96 | action loss: 1.456026E-01 | loss scale: 1.0 | grad norm: 0.561882 | number of skipped iterations:   0 | number of nan iterations:   0 |
2026-08-23 08:52:39 [INFO] iteration      795/    1000 | consumed samples:        76320 | elapsed time per iteration (ms): 3936.9 | throughput (samples/sec/per_device): 3.048 | learning rate: 3.450858E-06 | global batch size:    96 | action loss: 1.674793E-01 | loss scale: 1.0 | grad norm: 0.535014 | number of skipped iterations:   0 | number of nan iterations:   0 |
2026-08-23 08:52:44 [INFO] iteration      796/    1000 | consumed samples:        76416 | elapsed time per iteration (ms): 4833.6 | throughput (samples/sec/per_device): 2.483 | learning rate: 3.427844E-06 | global batch size:    96 | action loss: 1.415397E-01 | loss scale: 1.0 | grad norm: 0.533043 | number of skipped iterations:   0 | number of nan iterations:   0 |
2026-08-23 08:52:46 [INFO] iteration      797/    1000 | consumed samples:        76512 | elapsed time per iteration (ms): 2266.8 | throughput (samples/sec/per_device): 5.294 | learning rate: 3.404927E-06 | global batch size:    96 | action loss: 1.573881E-01 | loss scale: 1.0 | grad norm: 0.551939 | number of skipped iterations:   0 | number of nan iterations:   0 |
2026-08-23 08:52:50 [INFO] iteration      798/    1000 | consumed samples:        76608 | elapsed time per iteration (ms): 3393.7 | throughput (samples/sec/per_device): 3.536 | learning rate: 3.382107E-06 | global batch size:    96 | action loss: 1.485988E-01 | loss scale: 1.0 | grad norm: 0.596752 | number of skipped iterations:   0 | number of nan iterations:   0 |
2026-08-23 08:52:52 [INFO] iteration      799/    1000 | consumed samples:        76704 | elapsed time per iteration (ms): 2784.1 | throughput (samples/sec/per_device): 4.310 | learning rate: 3.359383E-06 | global batch size:    96 | action loss: 1.417816E-01 | loss scale: 1.0 | grad norm: 0.567869 | number of skipped iterations:   0 | number of nan iterations:   0 |
2026-08-23 08:52:55 [INFO] iteration      800/    1000 | consumed samples:        76800 | elapsed time per iteration (ms): 2712.6 | throughput (samples/sec/per_device): 4.424 | learning rate: 3.336757E-06 | global batch size:    96 | action loss: 1.469955E-01 | loss scale: 1.0 | grad norm: 0.567026 | number of skipped iterations:   0 | number of nan iterations:   0 |
2026-08-23 08:52:55 [INFO] max time across ranks (ms):
    forward-backward................................: 2581.21
    forward-compute.................................: 586.37
    backward-compute................................: 2303.79
    batch-generator.................................: 1.54
    nan-grad-cleanup................................: 13.16
    grad-clip.......................................: 32.60
    optimizer.......................................: 84.74
    optimizer-inner-step............................: 84.64
    optimizer-scheduler-step........................: 0.09
    optimizer-zero-grad.............................: 0.80
2026-08-23 08:52:56 [INFO] PowerSGDPlusState restart: iter=699 compressed_iter=500 method=approximate rank=1 apply_exact=False
2026-08-23 08:53:02 [INFO] iteration      801/    1000 | consumed samples:        76896 | elapsed time per iteration (ms): 7144.5 | throughput (samples/sec/per_device): 1.680 | learning rate: 3.314228E-06 | global batch size:    96 | action loss: 1.411422E-01 | loss scale: 1.0 | grad norm: 0.620416 | number of skipped iterations:   0 | number of nan iterations:   0 |
2026-08-23 08:53:06 [INFO] iteration      802/    1000 | consumed samples:        76992 | elapsed time per iteration (ms): 3995.3 | throughput (samples/sec/per_device): 3.004 | learning rate: 3.291796E-06 | global batch size:    96 | action loss: 1.530807E-01 | loss scale: 1.0 | grad norm: 0.515456 | number of skipped iterations:   0 | number of nan iterations:   0 |
2026-08-23 08:53:10 [INFO] iteration      803/    1000 | consumed samples:        77088 | elapsed time per iteration (ms): 3580.5 | throughput (samples/sec/per_device): 3.351 | learning rate: 3.269462E-06 | global batch size:    96 | action loss: 1.371809E-01 | loss scale: 1.0 | grad norm: 0.483730 | number of skipped iterations:   0 | number of nan iterations:   0 |
2026-08-23 08:53:13 [INFO] iteration      804/    1000 | consumed samples:        77184 | elapsed time per iteration (ms): 3171.9 | throughput (samples/sec/per_device): 3.783 | learning rate: 3.247226E-06 | global batch size:    96 | action loss: 1.504747E-01 | loss scale: 1.0 | grad norm: 0.533014 | number of skipped iterations:   0 | number of nan iterations:   0 |
2026-08-23 08:53:15 [INFO] iteration      805/    1000 | consumed samples:        77280 | elapsed time per iteration (ms): 2407.7 | throughput (samples/sec/per_device): 4.984 | learning rate: 3.225089E-06 | global batch size:    96 | action loss: 1.479460E-01 | loss scale: 1.0 | grad norm: 0.565232 | number of skipped iterations:   0 | number of nan iterations:   0 |
2026-08-23 08:53:18 [INFO] iteration      806/    1000 | consumed samples:        77376 | elapsed time per iteration (ms): 2171.8 | throughput (samples/sec/per_device): 5.525 | learning rate: 3.203049E-06 | global batch size:    96 | action loss: 1.642518E-01 | loss scale: 1.0 | grad norm: 0.537193 | number of skipped iterations:   0 | number of nan iterations:   0 |
2026-08-23 08:53:20 [INFO] iteration      807/    1000 | consumed samples:        77472 | elapsed time per iteration (ms): 2518.6 | throughput (samples/sec/per_device): 4.764 | learning rate: 3.181109E-06 | global batch size:    96 | action loss: 1.706987E-01 | loss scale: 1.0 | grad norm: 0.531780 | number of skipped iterations:   0 | number of nan iterations:   0 |
2026-08-23 08:53:23 [INFO] iteration      808/    1000 | consumed samples:        77568 | elapsed time per iteration (ms): 3259.8 | throughput (samples/sec/per_device): 3.681 | learning rate: 3.159267E-06 | global batch size:    96 | action loss: 1.488996E-01 | loss scale: 1.0 | grad norm: 0.525023 | number of skipped iterations:   0 | number of nan iterations:   0 |
2026-08-23 08:53:26 [INFO] iteration      809/    1000 | consumed samples:        77664 | elapsed time per iteration (ms): 2331.1 | throughput (samples/sec/per_device): 5.148 | learning rate: 3.137524E-06 | global batch size:    96 | action loss: 1.817536E-01 | loss scale: 1.0 | grad norm: 0.545396 | number of skipped iterations:   0 | number of nan iterations:   0 |
2026-08-23 08:53:28 [INFO] iteration      810/    1000 | consumed samples:        77760 | elapsed time per iteration (ms): 2251.9 | throughput (samples/sec/per_device): 5.329 | learning rate: 3.115881E-06 | global batch size:    96 | action loss: 1.772178E-01 | loss scale: 1.0 | grad norm: 0.549367 | number of skipped iterations:   0 | number of nan iterations:   0 |
2026-08-23 08:53:30 [INFO] iteration      811/    1000 | consumed samples:        77856 | elapsed time per iteration (ms): 2236.0 | throughput (samples/sec/per_device): 5.367 | learning rate: 3.094337E-06 | global batch size:    96 | action loss: 1.567876E-01 | loss scale: 1.0 | grad norm: 0.546023 | number of skipped iterations:   0 | number of nan iterations:   0 |
2026-08-23 08:53:33 [INFO] iteration      812/    1000 | consumed samples:        77952 | elapsed time per iteration (ms): 2486.6 | throughput (samples/sec/per_device): 4.826 | learning rate: 3.072893E-06 | global batch size:    96 | action loss: 1.749335E-01 | loss scale: 1.0 | grad norm: 0.580303 | number of skipped iterations:   0 | number of nan iterations:   0 |
2026-08-23 08:53:36 [INFO] iteration      813/    1000 | consumed samples:        78048 | elapsed time per iteration (ms): 3286.0 | throughput (samples/sec/per_device): 3.652 | learning rate: 3.051549E-06 | global batch size:    96 | action loss: 1.497120E-01 | loss scale: 1.0 | grad norm: 0.574341 | number of skipped iterations:   0 | number of nan iterations:   0 |
2026-08-23 08:53:38 [INFO] iteration      814/    1000 | consumed samples:        78144 | elapsed time per iteration (ms): 2098.1 | throughput (samples/sec/per_device): 5.720 | learning rate: 3.030305E-06 | global batch size:    96 | action loss: 1.337654E-01 | loss scale: 1.0 | grad norm: 0.558339 | number of skipped iterations:   0 | number of nan iterations:   0 |
2026-08-23 08:53:41 [INFO] iteration      815/    1000 | consumed samples:        78240 | elapsed time per iteration (ms): 2485.0 | throughput (samples/sec/per_device): 4.829 | learning rate: 3.009162E-06 | global batch size:    96 | action loss: 1.533054E-01 | loss scale: 1.0 | grad norm: 0.547958 | number of skipped iterations:   0 | number of nan iterations:   0 |
2026-08-23 08:53:47 [INFO] iteration      816/    1000 | consumed samples:        78336 | elapsed time per iteration (ms): 5982.9 | throughput (samples/sec/per_device): 2.006 | learning rate: 2.988119E-06 | global batch size:    96 | action loss: 1.386343E-01 | loss scale: 1.0 | grad norm: 0.512258 | number of skipped iterations:   0 | number of nan iterations:   0 |
2026-08-23 08:53:49 [INFO] iteration      817/    1000 | consumed samples:        78432 | elapsed time per iteration (ms): 2179.9 | throughput (samples/sec/per_device): 5.505 | learning rate: 2.967177E-06 | global batch size:    96 | action loss: 1.512466E-01 | loss scale: 1.0 | grad norm: 0.508623 | number of skipped iterations:   0 | number of nan iterations:   0 |
2026-08-23 08:53:51 [INFO] iteration      818/    1000 | consumed samples:        78528 | elapsed time per iteration (ms): 2099.1 | throughput (samples/sec/per_device): 5.717 | learning rate: 2.946336E-06 | global batch size:    96 | action loss: 1.857803E-01 | loss scale: 1.0 | grad norm: 0.550434 | number of skipped iterations:   0 | number of nan iterations:   0 |
2026-08-23 08:53:54 [INFO] iteration      819/    1000 | consumed samples:        78624 | elapsed time per iteration (ms): 2785.5 | throughput (samples/sec/per_device): 4.308 | learning rate: 2.925596E-06 | global batch size:    96 | action loss: 1.695192E-01 | loss scale: 1.0 | grad norm: 0.585762 | number of skipped iterations:   0 | number of nan iterations:   0 |
2026-08-23 08:53:58 [INFO] iteration      820/    1000 | consumed samples:        78720 | elapsed time per iteration (ms): 4120.3 | throughput (samples/sec/per_device): 2.912 | learning rate: 2.904958E-06 | global batch size:    96 | action loss: 1.521468E-01 | loss scale: 1.0 | grad norm: 0.580814 | number of skipped iterations:   0 | number of nan iterations:   0 |
2026-08-23 08:53:58 [INFO] max time across ranks (ms):
    forward-backward................................: 3991.14
    forward-compute.................................: 1013.13
    backward-compute................................: 3712.22
    batch-generator.................................: 1.74
    nan-grad-cleanup................................: 12.97
    grad-clip.......................................: 32.45
    optimizer.......................................: 89.30
    optimizer-inner-step............................: 89.20
    optimizer-scheduler-step........................: 0.04
    optimizer-zero-grad.............................: 0.76
2026-08-23 08:54:00 [INFO] iteration      821/    1000 | consumed samples:        78816 | elapsed time per iteration (ms): 2485.6 | throughput (samples/sec/per_device): 4.828 | learning rate: 2.884421E-06 | global batch size:    96 | action loss: 1.492462E-01 | loss scale: 1.0 | grad norm: 0.573770 | number of skipped iterations:   0 | number of nan iterations:   0 |
2026-08-23 08:54:03 [INFO] iteration      822/    1000 | consumed samples:        78912 | elapsed time per iteration (ms): 2966.7 | throughput (samples/sec/per_device): 4.045 | learning rate: 2.863986E-06 | global batch size:    96 | action loss: 1.837692E-01 | loss scale: 1.0 | grad norm: 0.523845 | number of skipped iterations:   0 | number of nan iterations:   0 |
2026-08-23 08:54:06 [INFO] iteration      823/    1000 | consumed samples:        79008 | elapsed time per iteration (ms): 2601.8 | throughput (samples/sec/per_device): 4.612 | learning rate: 2.843653E-06 | global batch size:    96 | action loss: 1.407443E-01 | loss scale: 1.0 | grad norm: 0.560769 | number of skipped iterations:   0 | number of nan iterations:   0 |
2026-08-23 08:54:10 [INFO] iteration      824/    1000 | consumed samples:        79104 | elapsed time per iteration (ms): 4256.0 | throughput (samples/sec/per_device): 2.820 | learning rate: 2.823423E-06 | global batch size:    96 | action loss: 1.488929E-01 | loss scale: 1.0 | grad norm: 0.519692 | number of skipped iterations:   0 | number of nan iterations:   0 |
2026-08-23 08:54:13 [INFO] iteration      825/    1000 | consumed samples:        79200 | elapsed time per iteration (ms): 3019.1 | throughput (samples/sec/per_device): 3.975 | learning rate: 2.803295E-06 | global batch size:    96 | action loss: 1.646841E-01 | loss scale: 1.0 | grad norm: 0.519741 | number of skipped iterations:   0 | number of nan iterations:   0 |
2026-08-23 08:54:16 [INFO] iteration      826/    1000 | consumed samples:        79296 | elapsed time per iteration (ms): 2722.8 | throughput (samples/sec/per_device): 4.407 | learning rate: 2.783270E-06 | global batch size:    96 | action loss: 1.617122E-01 | loss scale: 1.0 | grad norm: 0.578063 | number of skipped iterations:   0 | number of nan iterations:   0 |
2026-08-23 08:54:18 [INFO] iteration      827/    1000 | consumed samples:        79392 | elapsed time per iteration (ms): 2587.6 | throughput (samples/sec/per_device): 4.637 | learning rate: 2.763347E-06 | global batch size:    96 | action loss: 1.654887E-01 | loss scale: 1.0 | grad norm: 0.522968 | number of skipped iterations:   0 | number of nan iterations:   0 |
2026-08-23 08:54:22 [INFO] iteration      828/    1000 | consumed samples:        79488 | elapsed time per iteration (ms): 3941.8 | throughput (samples/sec/per_device): 3.044 | learning rate: 2.743528E-06 | global batch size:    96 | action loss: 1.511840E-01 | loss scale: 1.0 | grad norm: 0.533894 | number of skipped iterations:   0 | number of nan iterations:   0 |
2026-08-23 08:54:25 [INFO] iteration      829/    1000 | consumed samples:        79584 | elapsed time per iteration (ms): 2775.4 | throughput (samples/sec/per_device): 4.324 | learning rate: 2.723812E-06 | global batch size:    96 | action loss: 1.539170E-01 | loss scale: 1.0 | grad norm: 0.532773 | number of skipped iterations:   0 | number of nan iterations:   0 |
2026-08-23 08:54:28 [INFO] iteration      830/    1000 | consumed samples:        79680 | elapsed time per iteration (ms): 2991.9 | throughput (samples/sec/per_device): 4.011 | learning rate: 2.704199E-06 | global batch size:    96 | action loss: 1.931038E-01 | loss scale: 1.0 | grad norm: 0.576109 | number of skipped iterations:   0 | number of nan iterations:   0 |
2026-08-23 08:54:30 [INFO] iteration      831/    1000 | consumed samples:        79776 | elapsed time per iteration (ms): 2288.8 | throughput (samples/sec/per_device): 5.243 | learning rate: 2.684690E-06 | global batch size:    96 | action loss: 1.478613E-01 | loss scale: 1.0 | grad norm: 0.525975 | number of skipped iterations:   0 | number of nan iterations:   0 |
2026-08-23 08:54:34 [INFO] iteration      832/    1000 | consumed samples:        79872 | elapsed time per iteration (ms): 3490.4 | throughput (samples/sec/per_device): 3.438 | learning rate: 2.665285E-06 | global batch size:    96 | action loss: 1.616158E-01 | loss scale: 1.0 | grad norm: 0.550256 | number of skipped iterations:   0 | number of nan iterations:   0 |
2026-08-23 08:54:37 [INFO] iteration      833/    1000 | consumed samples:        79968 | elapsed time per iteration (ms): 2737.2 | throughput (samples/sec/per_device): 4.384 | learning rate: 2.645984E-06 | global batch size:    96 | action loss: 1.637909E-01 | loss scale: 1.0 | grad norm: 0.556912 | number of skipped iterations:   0 | number of nan iterations:   0 |
2026-08-23 08:54:39 [INFO] iteration      834/    1000 | consumed samples:        80064 | elapsed time per iteration (ms): 2177.8 | throughput (samples/sec/per_device): 5.510 | learning rate: 2.626787E-06 | global batch size:    96 | action loss: 1.585535E-01 | loss scale: 1.0 | grad norm: 0.584030 | number of skipped iterations:   0 | number of nan iterations:   0 |
2026-08-23 08:54:41 [INFO] iteration      835/    1000 | consumed samples:        80160 | elapsed time per iteration (ms): 2636.4 | throughput (samples/sec/per_device): 4.552 | learning rate: 2.607695E-06 | global batch size:    96 | action loss: 1.684462E-01 | loss scale: 1.0 | grad norm: 0.592501 | number of skipped iterations:   0 | number of nan iterations:   0 |
2026-08-23 08:54:45 [INFO] iteration      836/    1000 | consumed samples:        80256 | elapsed time per iteration (ms): 3643.0 | throughput (samples/sec/per_device): 3.294 | learning rate: 2.588708E-06 | global batch size:    96 | action loss: 1.636261E-01 | loss scale: 1.0 | grad norm: 0.581783 | number of skipped iterations:   0 | number of nan iterations:   0 |
2026-08-23 08:54:50 [INFO] iteration      837/    1000 | consumed samples:        80352 | elapsed time per iteration (ms): 4395.7 | throughput (samples/sec/per_device): 2.730 | learning rate: 2.569825E-06 | global batch size:    96 | action loss: 1.647324E-01 | loss scale: 1.0 | grad norm: 0.566894 | number of skipped iterations:   0 | number of nan iterations:   0 |
2026-08-23 08:54:52 [INFO] iteration      838/    1000 | consumed samples:        80448 | elapsed time per iteration (ms): 2901.3 | throughput (samples/sec/per_device): 4.136 | learning rate: 2.551047E-06 | global batch size:    96 | action loss: 1.959867E-01 | loss scale: 1.0 | grad norm: 0.618331 | number of skipped iterations:   0 | number of nan iterations:   0 |
2026-08-23 08:54:56 [INFO] iteration      839/    1000 | consumed samples:        80544 | elapsed time per iteration (ms): 3359.7 | throughput (samples/sec/per_device): 3.572 | learning rate: 2.532375E-06 | global batch size:    96 | action loss: 1.544352E-01 | loss scale: 1.0 | grad norm: 0.578811 | number of skipped iterations:   0 | number of nan iterations:   0 |
2026-08-23 08:54:58 [INFO] iteration      840/    1000 | consumed samples:        80640 | elapsed time per iteration (ms): 2605.8 | throughput (samples/sec/per_device): 4.605 | learning rate: 2.513807E-06 | global batch size:    96 | action loss: 1.488726E-01 | loss scale: 1.0 | grad norm: 0.598462 | number of skipped iterations:   0 | number of nan iterations:   0 |
2026-08-23 08:54:58 [INFO] max time across ranks (ms):
    forward-backward................................: 2445.33
    forward-compute.................................: 673.29
    backward-compute................................: 2167.44
    batch-generator.................................: 1.75
    nan-grad-cleanup................................: 13.32
    grad-clip.......................................: 32.86
    optimizer.......................................: 114.50
    optimizer-inner-step............................: 114.40
    optimizer-scheduler-step........................: 0.10
    optimizer-zero-grad.............................: 0.43
2026-08-23 08:55:01 [INFO] iteration      841/    1000 | consumed samples:        80736 | elapsed time per iteration (ms): 2566.7 | throughput (samples/sec/per_device): 4.675 | learning rate: 2.495346E-06 | global batch size:    96 | action loss: 1.594586E-01 | loss scale: 1.0 | grad norm: 0.565382 | number of skipped iterations:   0 | number of nan iterations:   0 |
2026-08-23 08:55:03 [INFO] iteration      842/    1000 | consumed samples:        80832 | elapsed time per iteration (ms): 2273.4 | throughput (samples/sec/per_device): 5.278 | learning rate: 2.476990E-06 | global batch size:    96 | action loss: 1.577464E-01 | loss scale: 1.0 | grad norm: 0.566282 | number of skipped iterations:   0 | number of nan iterations:   0 |
2026-08-23 08:55:07 [INFO] iteration      843/    1000 | consumed samples:        80928 | elapsed time per iteration (ms): 3517.8 | throughput (samples/sec/per_device): 3.411 | learning rate: 2.458741E-06 | global batch size:    96 | action loss: 1.587308E-01 | loss scale: 1.0 | grad norm: 0.526396 | number of skipped iterations:   0 | number of nan iterations:   0 |
2026-08-23 08:55:09 [INFO] iteration      844/    1000 | consumed samples:        81024 | elapsed time per iteration (ms): 2497.5 | throughput (samples/sec/per_device): 4.805 | learning rate: 2.440597E-06 | global batch size:    96 | action loss: 1.675320E-01 | loss scale: 1.0 | grad norm: 0.537369 | number of skipped iterations:   0 | number of nan iterations:   0 |
2026-08-23 08:55:12 [INFO] iteration      845/    1000 | consumed samples:        81120 | elapsed time per iteration (ms): 2805.7 | throughput (samples/sec/per_device): 4.277 | learning rate: 2.422560E-06 | global batch size:    96 | action loss: 1.386012E-01 | loss scale: 1.0 | grad norm: 0.533620 | number of skipped iterations:   0 | number of nan iterations:   0 |
2026-08-23 08:55:15 [INFO] iteration      846/    1000 | consumed samples:        81216 | elapsed time per iteration (ms): 2702.5 | throughput (samples/sec/per_device): 4.440 | learning rate: 2.404629E-06 | global batch size:    96 | action loss: 1.678218E-01 | loss scale: 1.0 | grad norm: 0.552132 | number of skipped iterations:   0 | number of nan iterations:   0 |
2026-08-23 08:55:18 [INFO] iteration      847/    1000 | consumed samples:        81312 | elapsed time per iteration (ms): 3583.1 | throughput (samples/sec/per_device): 3.349 | learning rate: 2.386805E-06 | global batch size:    96 | action loss: 1.463986E-01 | loss scale: 1.0 | grad norm: 0.559298 | number of skipped iterations:   0 | number of nan iterations:   0 |
2026-08-23 08:55:21 [INFO] iteration      848/    1000 | consumed samples:        81408 | elapsed time per iteration (ms): 2963.4 | throughput (samples/sec/per_device): 4.049 | learning rate: 2.369088E-06 | global batch size:    96 | action loss: 1.511740E-01 | loss scale: 1.0 | grad norm: 0.542920 | number of skipped iterations:   0 | number of nan iterations:   0 |
2026-08-23 08:55:24 [INFO] iteration      849/    1000 | consumed samples:        81504 | elapsed time per iteration (ms): 2649.4 | throughput (samples/sec/per_device): 4.529 | learning rate: 2.351478E-06 | global batch size:    96 | action loss: 1.638410E-01 | loss scale: 1.0 | grad norm: 0.523231 | number of skipped iterations:   0 | number of nan iterations:   0 |
2026-08-23 08:55:27 [INFO] iteration      850/    1000 | consumed samples:        81600 | elapsed time per iteration (ms): 2871.5 | throughput (samples/sec/per_device): 4.179 | learning rate: 2.333975E-06 | global batch size:    96 | action loss: 1.863101E-01 | loss scale: 1.0 | grad norm: 0.552193 | number of skipped iterations:   0 | number of nan iterations:   0 |
2026-08-23 08:55:27 [INFO] PowerSGDPlusState restart: iter=749 compressed_iter=550 method=approximate rank=1 apply_exact=False
2026-08-23 08:55:34 [INFO] iteration      851/    1000 | consumed samples:        81696 | elapsed time per iteration (ms): 6805.7 | throughput (samples/sec/per_device): 1.763 | learning rate: 2.316579E-06 | global batch size:    96 | action loss: 1.583605E-01 | loss scale: 1.0 | grad norm: 0.627076 | number of skipped iterations:   0 | number of nan iterations:   0 |
2026-08-23 08:55:37 [INFO] iteration      852/    1000 | consumed samples:        81792 | elapsed time per iteration (ms): 3571.0 | throughput (samples/sec/per_device): 3.360 | learning rate: 2.299291E-06 | global batch size:    96 | action loss: 1.590354E-01 | loss scale: 1.0 | grad norm: 0.542905 | number of skipped iterations:   0 | number of nan iterations:   0 |
2026-08-23 08:55:42 [INFO] iteration      853/    1000 | consumed samples:        81888 | elapsed time per iteration (ms): 4365.2 | throughput (samples/sec/per_device): 2.749 | learning rate: 2.282111E-06 | global batch size:    96 | action loss: 1.607799E-01 | loss scale: 1.0 | grad norm: 0.556486 | number of skipped iterations:   0 | number of nan iterations:   0 |
2026-08-23 08:55:44 [INFO] iteration      854/    1000 | consumed samples:        81984 | elapsed time per iteration (ms): 2294.7 | throughput (samples/sec/per_device): 5.229 | learning rate: 2.265039E-06 | global batch size:    96 | action loss: 1.704129E-01 | loss scale: 1.0 | grad norm: 0.565522 | number of skipped iterations:   0 | number of nan iterations:   0 |
2026-08-23 08:55:46 [INFO] iteration      855/    1000 | consumed samples:        82080 | elapsed time per iteration (ms): 2342.0 | throughput (samples/sec/per_device): 5.124 | learning rate: 2.248075E-06 | global batch size:    96 | action loss: 1.554287E-01 | loss scale: 1.0 | grad norm: 0.544947 | number of skipped iterations:   0 | number of nan iterations:   0 |
2026-08-23 08:55:48 [INFO] iteration      856/    1000 | consumed samples:        82176 | elapsed time per iteration (ms): 1986.3 | throughput (samples/sec/per_device): 6.041 | learning rate: 2.231219E-06 | global batch size:    96 | action loss: 1.967575E-01 | loss scale: 1.0 | grad norm: 0.554553 | number of skipped iterations:   0 | number of nan iterations:   0 |
2026-08-23 08:55:54 [INFO] iteration      857/    1000 | consumed samples:        82272 | elapsed time per iteration (ms): 5698.5 | throughput (samples/sec/per_device): 2.106 | learning rate: 2.214471E-06 | global batch size:    96 | action loss: 1.457826E-01 | loss scale: 1.0 | grad norm: 0.564196 | number of skipped iterations:   0 | number of nan iterations:   0 |
2026-08-23 08:55:56 [INFO] iteration      858/    1000 | consumed samples:        82368 | elapsed time per iteration (ms): 2006.9 | throughput (samples/sec/per_device): 5.979 | learning rate: 2.197833E-06 | global batch size:    96 | action loss: 1.545600E-01 | loss scale: 1.0 | grad norm: 0.521346 | number of skipped iterations:   0 | number of nan iterations:   0 |
2026-08-23 08:55:58 [INFO] iteration      859/    1000 | consumed samples:        82464 | elapsed time per iteration (ms): 2254.4 | throughput (samples/sec/per_device): 5.323 | learning rate: 2.181303E-06 | global batch size:    96 | action loss: 1.717509E-01 | loss scale: 1.0 | grad norm: 0.513336 | number of skipped iterations:   0 | number of nan iterations:   0 |
2026-08-23 08:56:01 [INFO] iteration      860/    1000 | consumed samples:        82560 | elapsed time per iteration (ms): 2542.1 | throughput (samples/sec/per_device): 4.720 | learning rate: 2.164882E-06 | global batch size:    96 | action loss: 1.457899E-01 | loss scale: 1.0 | grad norm: 0.503625 | number of skipped iterations:   0 | number of nan iterations:   0 |
2026-08-23 08:56:01 [INFO] max time across ranks (ms):
    forward-backward................................: 2409.62
    forward-compute.................................: 566.42
    backward-compute................................: 2131.50
    batch-generator.................................: 2.59
    nan-grad-cleanup................................: 13.28
    grad-clip.......................................: 32.81
    optimizer.......................................: 86.52
    optimizer-inner-step............................: 86.42
    optimizer-scheduler-step........................: 0.10
    optimizer-zero-grad.............................: 0.77
2026-08-23 08:56:05 [INFO] iteration      861/    1000 | consumed samples:        82656 | elapsed time per iteration (ms): 4031.6 | throughput (samples/sec/per_device): 2.976 | learning rate: 2.148570E-06 | global batch size:    96 | action loss: 1.276290E-01 | loss scale: 1.0 | grad norm: 0.509483 | number of skipped iterations:   0 | number of nan iterations:   0 |
2026-08-23 08:56:08 [INFO] iteration      862/    1000 | consumed samples:        82752 | elapsed time per iteration (ms): 2846.2 | throughput (samples/sec/per_device): 4.216 | learning rate: 2.132367E-06 | global batch size:    96 | action loss: 1.408161E-01 | loss scale: 1.0 | grad norm: 0.498518 | number of skipped iterations:   0 | number of nan iterations:   0 |
2026-08-23 08:56:11 [INFO] iteration      863/    1000 | consumed samples:        82848 | elapsed time per iteration (ms): 2949.3 | throughput (samples/sec/per_device): 4.069 | learning rate: 2.116274E-06 | global batch size:    96 | action loss: 1.664850E-01 | loss scale: 1.0 | grad norm: 0.537058 | number of skipped iterations:   0 | number of nan iterations:   0 |
2026-08-23 08:56:14 [INFO] iteration      864/    1000 | consumed samples:        82944 | elapsed time per iteration (ms): 3571.3 | throughput (samples/sec/per_device): 3.360 | learning rate: 2.100290E-06 | global batch size:    96 | action loss: 1.545153E-01 | loss scale: 1.0 | grad norm: 0.541402 | number of skipped iterations:   0 | number of nan iterations:   0 |
2026-08-23 08:56:17 [INFO] iteration      865/    1000 | consumed samples:        83040 | elapsed time per iteration (ms): 2905.2 | throughput (samples/sec/per_device): 4.131 | learning rate: 2.084416E-06 | global batch size:    96 | action loss: 1.577491E-01 | loss scale: 1.0 | grad norm: 0.529983 | number of skipped iterations:   0 | number of nan iterations:   0 |
2026-08-23 08:56:20 [INFO] iteration      866/    1000 | consumed samples:        83136 | elapsed time per iteration (ms): 2718.9 | throughput (samples/sec/per_device): 4.414 | learning rate: 2.068652E-06 | global batch size:    96 | action loss: 1.490553E-01 | loss scale: 1.0 | grad norm: 0.500713 | number of skipped iterations:   0 | number of nan iterations:   0 |
2026-08-23 08:56:22 [INFO] iteration      867/    1000 | consumed samples:        83232 | elapsed time per iteration (ms): 2532.7 | throughput (samples/sec/per_device): 4.738 | learning rate: 2.052998E-06 | global batch size:    96 | action loss: 1.428297E-01 | loss scale: 1.0 | grad norm: 0.495056 | number of skipped iterations:   0 | number of nan iterations:   0 |
2026-08-23 08:56:27 [INFO] iteration      868/    1000 | consumed samples:        83328 | elapsed time per iteration (ms): 4761.3 | throughput (samples/sec/per_device): 2.520 | learning rate: 2.037455E-06 | global batch size:    96 | action loss: 1.442734E-01 | loss scale: 1.0 | grad norm: 0.542127 | number of skipped iterations:   0 | number of nan iterations:   0 |
2026-08-23 08:56:30 [INFO] iteration      869/    1000 | consumed samples:        83424 | elapsed time per iteration (ms): 2619.0 | throughput (samples/sec/per_device): 4.582 | learning rate: 2.022021E-06 | global batch size:    96 | action loss: 1.570947E-01 | loss scale: 1.0 | grad norm: 0.541368 | number of skipped iterations:   0 | number of nan iterations:   0 |
2026-08-23 08:56:32 [INFO] iteration      870/    1000 | consumed samples:        83520 | elapsed time per iteration (ms): 2665.8 | throughput (samples/sec/per_device): 4.501 | learning rate: 2.006699E-06 | global batch size:    96 | action loss: 1.557224E-01 | loss scale: 1.0 | grad norm: 0.519339 | number of skipped iterations:   0 | number of nan iterations:   0 |
2026-08-23 08:56:35 [INFO] iteration      871/    1000 | consumed samples:        83616 | elapsed time per iteration (ms): 2825.7 | throughput (samples/sec/per_device): 4.247 | learning rate: 1.991486E-06 | global batch size:    96 | action loss: 1.364756E-01 | loss scale: 1.0 | grad norm: 0.492637 | number of skipped iterations:   0 | number of nan iterations:   0 |
2026-08-23 08:56:39 [INFO] iteration      872/    1000 | consumed samples:        83712 | elapsed time per iteration (ms): 3553.5 | throughput (samples/sec/per_device): 3.377 | learning rate: 1.976385E-06 | global batch size:    96 | action loss: 1.462566E-01 | loss scale: 1.0 | grad norm: 0.503762 | number of skipped iterations:   0 | number of nan iterations:   0 |
2026-08-23 08:56:41 [INFO] iteration      873/    1000 | consumed samples:        83808 | elapsed time per iteration (ms): 2303.0 | throughput (samples/sec/per_device): 5.211 | learning rate: 1.961395E-06 | global batch size:    96 | action loss: 1.544336E-01 | loss scale: 1.0 | grad norm: 0.502774 | number of skipped iterations:   0 | number of nan iterations:   0 |
2026-08-23 08:56:44 [INFO] iteration      874/    1000 | consumed samples:        83904 | elapsed time per iteration (ms): 2680.5 | throughput (samples/sec/per_device): 4.477 | learning rate: 1.946516E-06 | global batch size:    96 | action loss: 1.459600E-01 | loss scale: 1.0 | grad norm: 0.516186 | number of skipped iterations:   0 | number of nan iterations:   0 |
2026-08-23 08:56:46 [INFO] iteration      875/    1000 | consumed samples:        84000 | elapsed time per iteration (ms): 2645.3 | throughput (samples/sec/per_device): 4.536 | learning rate: 1.931748E-06 | global batch size:    96 | action loss: 1.365879E-01 | loss scale: 1.0 | grad norm: 0.557566 | number of skipped iterations:   0 | number of nan iterations:   0 |
2026-08-23 08:56:50 [INFO] iteration      876/    1000 | consumed samples:        84096 | elapsed time per iteration (ms): 3317.8 | throughput (samples/sec/per_device): 3.617 | learning rate: 1.917092E-06 | global batch size:    96 | action loss: 1.632856E-01 | loss scale: 1.0 | grad norm: 0.523054 | number of skipped iterations:   0 | number of nan iterations:   0 |
2026-08-23 08:56:52 [INFO] iteration      877/    1000 | consumed samples:        84192 | elapsed time per iteration (ms): 2640.2 | throughput (samples/sec/per_device): 4.545 | learning rate: 1.902548E-06 | global batch size:    96 | action loss: 1.447742E-01 | loss scale: 1.0 | grad norm: 0.506401 | number of skipped iterations:   0 | number of nan iterations:   0 |
2026-08-23 08:56:57 [INFO] iteration      878/    1000 | consumed samples:        84288 | elapsed time per iteration (ms): 4471.4 | throughput (samples/sec/per_device): 2.684 | learning rate: 1.888115E-06 | global batch size:    96 | action loss: 1.479266E-01 | loss scale: 1.0 | grad norm: 0.512765 | number of skipped iterations:   0 | number of nan iterations:   0 |
2026-08-23 08:57:01 [INFO] iteration      879/    1000 | consumed samples:        84384 | elapsed time per iteration (ms): 3936.7 | throughput (samples/sec/per_device): 3.048 | learning rate: 1.873794E-06 | global batch size:    96 | action loss: 1.532002E-01 | loss scale: 1.0 | grad norm: 0.532190 | number of skipped iterations:   0 | number of nan iterations:   0 |
2026-08-23 08:57:03 [INFO] iteration      880/    1000 | consumed samples:        84480 | elapsed time per iteration (ms): 2708.7 | throughput (samples/sec/per_device): 4.430 | learning rate: 1.859585E-06 | global batch size:    96 | action loss: 1.523981E-01 | loss scale: 1.0 | grad norm: 0.531204 | number of skipped iterations:   0 | number of nan iterations:   0 |
2026-08-23 08:57:03 [INFO] max time across ranks (ms):
    forward-backward................................: 2577.66
    forward-compute.................................: 646.33
    backward-compute................................: 2298.29
    batch-generator.................................: 1.59
    nan-grad-cleanup................................: 13.27
    grad-clip.......................................: 33.25
    optimizer.......................................: 84.86
    optimizer-inner-step............................: 84.74
    optimizer-scheduler-step........................: 0.10
    optimizer-zero-grad.............................: 0.61
2026-08-23 08:57:06 [INFO] iteration      881/    1000 | consumed samples:        84576 | elapsed time per iteration (ms): 2579.6 | throughput (samples/sec/per_device): 4.652 | learning rate: 1.845488E-06 | global batch size:    96 | action loss: 1.657932E-01 | loss scale: 1.0 | grad norm: 0.541224 | number of skipped iterations:   0 | number of nan iterations:   0 |
2026-08-23 08:57:09 [INFO] iteration      882/    1000 | consumed samples:        84672 | elapsed time per iteration (ms): 3196.6 | throughput (samples/sec/per_device): 3.754 | learning rate: 1.831504E-06 | global batch size:    96 | action loss: 1.618707E-01 | loss scale: 1.0 | grad norm: 0.543098 | number of skipped iterations:   0 | number of nan iterations:   0 |
2026-08-23 08:57:13 [INFO] iteration      883/    1000 | consumed samples:        84768 | elapsed time per iteration (ms): 3609.9 | throughput (samples/sec/per_device): 3.324 | learning rate: 1.817632E-06 | global batch size:    96 | action loss: 1.475679E-01 | loss scale: 1.0 | grad norm: 0.518542 | number of skipped iterations:   0 | number of nan iterations:   0 |
2026-08-23 08:57:16 [INFO] iteration      884/    1000 | consumed samples:        84864 | elapsed time per iteration (ms): 2999.7 | throughput (samples/sec/per_device): 4.000 | learning rate: 1.803872E-06 | global batch size:    96 | action loss: 1.265928E-01 | loss scale: 1.0 | grad norm: 0.513255 | number of skipped iterations:   0 | number of nan iterations:   0 |
2026-08-23 08:57:18 [INFO] iteration      885/    1000 | consumed samples:        84960 | elapsed time per iteration (ms): 2268.3 | throughput (samples/sec/per_device): 5.290 | learning rate: 1.790226E-06 | global batch size:    96 | action loss: 1.528546E-01 | loss scale: 1.0 | grad norm: 0.510255 | number of skipped iterations:   0 | number of nan iterations:   0 |
2026-08-23 08:57:22 [INFO] iteration      886/    1000 | consumed samples:        85056 | elapsed time per iteration (ms): 4088.3 | throughput (samples/sec/per_device): 2.935 | learning rate: 1.776692E-06 | global batch size:    96 | action loss: 1.976592E-01 | loss scale: 1.0 | grad norm: 0.548285 | number of skipped iterations:   0 | number of nan iterations:   0 |
2026-08-23 08:57:25 [INFO] iteration      887/    1000 | consumed samples:        85152 | elapsed time per iteration (ms): 3118.1 | throughput (samples/sec/per_device): 3.849 | learning rate: 1.763271E-06 | global batch size:    96 | action loss: 1.766061E-01 | loss scale: 1.0 | grad norm: 0.544652 | number of skipped iterations:   0 | number of nan iterations:   0 |
2026-08-23 08:57:28 [INFO] iteration      888/    1000 | consumed samples:        85248 | elapsed time per iteration (ms): 2764.0 | throughput (samples/sec/per_device): 4.342 | learning rate: 1.749964E-06 | global batch size:    96 | action loss: 1.705696E-01 | loss scale: 1.0 | grad norm: 0.551994 | number of skipped iterations:   0 | number of nan iterations:   0 |
2026-08-23 08:57:31 [INFO] iteration      889/    1000 | consumed samples:        85344 | elapsed time per iteration (ms): 2910.9 | throughput (samples/sec/per_device): 4.122 | learning rate: 1.736769E-06 | global batch size:    96 | action loss: 1.301960E-01 | loss scale: 1.0 | grad norm: 0.516104 | number of skipped iterations:   0 | number of nan iterations:   0 |
2026-08-23 08:57:34 [INFO] iteration      890/    1000 | consumed samples:        85440 | elapsed time per iteration (ms): 3375.4 | throughput (samples/sec/per_device): 3.555 | learning rate: 1.723689E-06 | global batch size:    96 | action loss: 1.420660E-01 | loss scale: 1.0 | grad norm: 0.501245 | number of skipped iterations:   0 | number of nan iterations:   0 |
2026-08-23 08:57:37 [INFO] iteration      891/    1000 | consumed samples:        85536 | elapsed time per iteration (ms): 2621.0 | throughput (samples/sec/per_device): 4.578 | learning rate: 1.710721E-06 | global batch size:    96 | action loss: 1.471123E-01 | loss scale: 1.0 | grad norm: 0.511713 | number of skipped iterations:   0 | number of nan iterations:   0 |
2026-08-23 08:57:40 [INFO] iteration      892/    1000 | consumed samples:        85632 | elapsed time per iteration (ms): 3157.4 | throughput (samples/sec/per_device): 3.801 | learning rate: 1.697868E-06 | global batch size:    96 | action loss: 1.601604E-01 | loss scale: 1.0 | grad norm: 0.493455 | number of skipped iterations:   0 | number of nan iterations:   0 |
2026-08-23 08:57:43 [INFO] iteration      893/    1000 | consumed samples:        85728 | elapsed time per iteration (ms): 2727.4 | throughput (samples/sec/per_device): 4.400 | learning rate: 1.685128E-06 | global batch size:    96 | action loss: 1.553411E-01 | loss scale: 1.0 | grad norm: 0.547708 | number of skipped iterations:   0 | number of nan iterations:   0 |
2026-08-23 08:57:47 [INFO] iteration      894/    1000 | consumed samples:        85824 | elapsed time per iteration (ms): 3895.1 | throughput (samples/sec/per_device): 3.081 | learning rate: 1.672502E-06 | global batch size:    96 | action loss: 1.279668E-01 | loss scale: 1.0 | grad norm: 0.547702 | number of skipped iterations:   0 | number of nan iterations:   0 |
2026-08-23 08:57:49 [INFO] iteration      895/    1000 | consumed samples:        85920 | elapsed time per iteration (ms): 2712.7 | throughput (samples/sec/per_device): 4.424 | learning rate: 1.659990E-06 | global batch size:    96 | action loss: 1.436283E-01 | loss scale: 1.0 | grad norm: 0.562744 | number of skipped iterations:   0 | number of nan iterations:   0 |
2026-08-23 08:57:53 [INFO] iteration      896/    1000 | consumed samples:        86016 | elapsed time per iteration (ms): 3164.6 | throughput (samples/sec/per_device): 3.792 | learning rate: 1.647593E-06 | global batch size:    96 | action loss: 1.517822E-01 | loss scale: 1.0 | grad norm: 0.522501 | number of skipped iterations:   0 | number of nan iterations:   0 |
2026-08-23 08:57:57 [INFO] iteration      897/    1000 | consumed samples:        86112 | elapsed time per iteration (ms): 4698.3 | throughput (samples/sec/per_device): 2.554 | learning rate: 1.635309E-06 | global batch size:    96 | action loss: 1.766341E-01 | loss scale: 1.0 | grad norm: 0.514510 | number of skipped iterations:   0 | number of nan iterations:   0 |
2026-08-23 08:58:01 [INFO] iteration      898/    1000 | consumed samples:        86208 | elapsed time per iteration (ms): 3656.7 | throughput (samples/sec/per_device): 3.282 | learning rate: 1.623140E-06 | global batch size:    96 | action loss: 1.518459E-01 | loss scale: 1.0 | grad norm: 0.513123 | number of skipped iterations:   0 | number of nan iterations:   0 |
2026-08-23 08:58:04 [INFO] iteration      899/    1000 | consumed samples:        86304 | elapsed time per iteration (ms): 3158.4 | throughput (samples/sec/per_device): 3.799 | learning rate: 1.611086E-06 | global batch size:    96 | action loss: 1.459608E-01 | loss scale: 1.0 | grad norm: 0.499855 | number of skipped iterations:   0 | number of nan iterations:   0 |
2026-08-23 08:58:08 [INFO] iteration      900/    1000 | consumed samples:        86400 | elapsed time per iteration (ms): 3457.4 | throughput (samples/sec/per_device): 3.471 | learning rate: 1.599147E-06 | global batch size:    96 | action loss: 1.515989E-01 | loss scale: 1.0 | grad norm: 0.506894 | number of skipped iterations:   0 | number of nan iterations:   0 |
2026-08-23 08:58:08 [INFO] max time across ranks (ms):
    forward-backward................................: 3327.64
    forward-compute.................................: 1135.04
    backward-compute................................: 3050.66
    batch-generator.................................: 1.88
    nan-grad-cleanup................................: 12.99
    grad-clip.......................................: 32.14
    optimizer.......................................: 83.53
    optimizer-inner-step............................: 83.43
    optimizer-scheduler-step........................: 0.07
    optimizer-zero-grad.............................: 0.63
2026-08-23 08:58:08 [INFO] PowerSGDPlusState restart: iter=799 compressed_iter=600 method=approximate rank=1 apply_exact=False
2026-08-23 08:58:13 [INFO] iteration      901/    1000 | consumed samples:        86496 | elapsed time per iteration (ms): 5540.2 | throughput (samples/sec/per_device): 2.166 | learning rate: 1.587322E-06 | global batch size:    96 | action loss: 1.550648E-01 | loss scale: 1.0 | grad norm: 0.627597 | number of skipped iterations:   0 | number of nan iterations:   0 |
2026-08-23 08:58:17 [INFO] iteration      902/    1000 | consumed samples:        86592 | elapsed time per iteration (ms): 3561.7 | throughput (samples/sec/per_device): 3.369 | learning rate: 1.575612E-06 | global batch size:    96 | action loss: 1.771103E-01 | loss scale: 1.0 | grad norm: 0.595875 | number of skipped iterations:   0 | number of nan iterations:   0 |
2026-08-23 08:58:21 [INFO] iteration      903/    1000 | consumed samples:        86688 | elapsed time per iteration (ms): 4464.5 | throughput (samples/sec/per_device): 2.688 | learning rate: 1.564017E-06 | global batch size:    96 | action loss: 1.390428E-01 | loss scale: 1.0 | grad norm: 0.585845 | number of skipped iterations:   0 | number of nan iterations:   0 |
2026-08-23 08:58:23 [INFO] iteration      904/    1000 | consumed samples:        86784 | elapsed time per iteration (ms): 2121.0 | throughput (samples/sec/per_device): 5.658 | learning rate: 1.552537E-06 | global batch size:    96 | action loss: 1.858586E-01 | loss scale: 1.0 | grad norm: 0.573574 | number of skipped iterations:   0 | number of nan iterations:   0 |
2026-08-23 08:58:26 [INFO] iteration      905/    1000 | consumed samples:        86880 | elapsed time per iteration (ms): 2341.9 | throughput (samples/sec/per_device): 5.124 | learning rate: 1.541173E-06 | global batch size:    96 | action loss: 1.616464E-01 | loss scale: 1.0 | grad norm: 0.570365 | number of skipped iterations:   0 | number of nan iterations:   0 |
2026-08-23 08:58:27 [INFO] iteration      906/    1000 | consumed samples:        86976 | elapsed time per iteration (ms): 1839.3 | throughput (samples/sec/per_device): 6.524 | learning rate: 1.529924E-06 | global batch size:    96 | action loss: 1.677693E-01 | loss scale: 1.0 | grad norm: 0.548559 | number of skipped iterations:   0 | number of nan iterations:   0 |
2026-08-23 08:58:31 [INFO] iteration      907/    1000 | consumed samples:        87072 | elapsed time per iteration (ms): 3454.8 | throughput (samples/sec/per_device): 3.473 | learning rate: 1.518791E-06 | global batch size:    96 | action loss: 1.504554E-01 | loss scale: 1.0 | grad norm: 0.545535 | number of skipped iterations:   0 | number of nan iterations:   0 |
2026-08-23 08:58:34 [INFO] iteration      908/    1000 | consumed samples:        87168 | elapsed time per iteration (ms): 2690.2 | throughput (samples/sec/per_device): 4.461 | learning rate: 1.507773E-06 | global batch size:    96 | action loss: 1.247531E-01 | loss scale: 1.0 | grad norm: 0.513592 | number of skipped iterations:   0 | number of nan iterations:   0 |
2026-08-23 08:58:36 [INFO] iteration      909/    1000 | consumed samples:        87264 | elapsed time per iteration (ms): 2648.3 | throughput (samples/sec/per_device): 4.531 | learning rate: 1.496871E-06 | global batch size:    96 | action loss: 1.540983E-01 | loss scale: 1.0 | grad norm: 0.510443 | number of skipped iterations:   0 | number of nan iterations:   0 |
2026-08-23 08:58:39 [INFO] iteration      910/    1000 | consumed samples:        87360 | elapsed time per iteration (ms): 2985.2 | throughput (samples/sec/per_device): 4.020 | learning rate: 1.486084E-06 | global batch size:    96 | action loss: 1.602566E-01 | loss scale: 1.0 | grad norm: 0.515327 | number of skipped iterations:   0 | number of nan iterations:   0 |
2026-08-23 08:58:43 [INFO] iteration      911/    1000 | consumed samples:        87456 | elapsed time per iteration (ms): 3920.4 | throughput (samples/sec/per_device): 3.061 | learning rate: 1.475414E-06 | global batch size:    96 | action loss: 1.556963E-01 | loss scale: 1.0 | grad norm: 0.525439 | number of skipped iterations:   0 | number of nan iterations:   0 |
2026-08-23 08:58:46 [INFO] iteration      912/    1000 | consumed samples:        87552 | elapsed time per iteration (ms): 2339.7 | throughput (samples/sec/per_device): 5.129 | learning rate: 1.464860E-06 | global batch size:    96 | action loss: 1.751284E-01 | loss scale: 1.0 | grad norm: 0.538877 | number of skipped iterations:   0 | number of nan iterations:   0 |
2026-08-23 08:58:48 [INFO] iteration      913/    1000 | consumed samples:        87648 | elapsed time per iteration (ms): 2536.0 | throughput (samples/sec/per_device): 4.732 | learning rate: 1.454421E-06 | global batch size:    96 | action loss: 1.630470E-01 | loss scale: 1.0 | grad norm: 0.545778 | number of skipped iterations:   0 | number of nan iterations:   0 |
2026-08-23 08:58:51 [INFO] iteration      914/    1000 | consumed samples:        87744 | elapsed time per iteration (ms): 2773.4 | throughput (samples/sec/per_device): 4.327 | learning rate: 1.444100E-06 | global batch size:    96 | action loss: 1.274664E-01 | loss scale: 1.0 | grad norm: 0.513543 | number of skipped iterations:   0 | number of nan iterations:   0 |
2026-08-23 08:58:54 [INFO] iteration      915/    1000 | consumed samples:        87840 | elapsed time per iteration (ms): 3271.3 | throughput (samples/sec/per_device): 3.668 | learning rate: 1.433894E-06 | global batch size:    96 | action loss: 1.492765E-01 | loss scale: 1.0 | grad norm: 0.533865 | number of skipped iterations:   0 | number of nan iterations:   0 |
2026-08-23 08:58:56 [INFO] iteration      916/    1000 | consumed samples:        87936 | elapsed time per iteration (ms): 2154.2 | throughput (samples/sec/per_device): 5.570 | learning rate: 1.423805E-06 | global batch size:    96 | action loss: 1.790564E-01 | loss scale: 1.0 | grad norm: 0.516747 | number of skipped iterations:   0 | number of nan iterations:   0 |
2026-08-23 08:58:59 [INFO] iteration      917/    1000 | consumed samples:        88032 | elapsed time per iteration (ms): 2317.9 | throughput (samples/sec/per_device): 5.177 | learning rate: 1.413833E-06 | global batch size:    96 | action loss: 1.511552E-01 | loss scale: 1.0 | grad norm: 0.515660 | number of skipped iterations:   0 | number of nan iterations:   0 |
2026-08-23 08:59:04 [INFO] iteration      918/    1000 | consumed samples:        88128 | elapsed time per iteration (ms): 5572.8 | throughput (samples/sec/per_device): 2.153 | learning rate: 1.403977E-06 | global batch size:    96 | action loss: 1.785203E-01 | loss scale: 1.0 | grad norm: 0.536679 | number of skipped iterations:   0 | number of nan iterations:   0 |
2026-08-23 08:59:07 [INFO] iteration      919/    1000 | consumed samples:        88224 | elapsed time per iteration (ms): 2785.8 | throughput (samples/sec/per_device): 4.307 | learning rate: 1.394238E-06 | global batch size:    96 | action loss: 1.533864E-01 | loss scale: 1.0 | grad norm: 0.569046 | number of skipped iterations:   0 | number of nan iterations:   0 |
2026-08-23 08:59:10 [INFO] iteration      920/    1000 | consumed samples:        88320 | elapsed time per iteration (ms): 3256.1 | throughput (samples/sec/per_device): 3.685 | learning rate: 1.384616E-06 | global batch size:    96 | action loss: 1.328608E-01 | loss scale: 1.0 | grad norm: 0.547125 | number of skipped iterations:   0 | number of nan iterations:   0 |
2026-08-23 08:59:10 [INFO] max time across ranks (ms):
    forward-backward................................: 3125.51
    forward-compute.................................: 1131.09
    backward-compute................................: 2845.93
    batch-generator.................................: 1.72
    nan-grad-cleanup................................: 13.96
    grad-clip.......................................: 32.26
    optimizer.......................................: 85.40
    optimizer-inner-step............................: 85.31
    optimizer-scheduler-step........................: 0.07
    optimizer-zero-grad.............................: 0.78
2026-08-23 08:59:13 [INFO] iteration      921/    1000 | consumed samples:        88416 | elapsed time per iteration (ms): 2815.9 | throughput (samples/sec/per_device): 4.262 | learning rate: 1.375110E-06 | global batch size:    96 | action loss: 1.637321E-01 | loss scale: 1.0 | grad norm: 0.541935 | number of skipped iterations:   0 | number of nan iterations:   0 |
2026-08-23 08:59:16 [INFO] iteration      922/    1000 | consumed samples:        88512 | elapsed time per iteration (ms): 3421.1 | throughput (samples/sec/per_device): 3.508 | learning rate: 1.365722E-06 | global batch size:    96 | action loss: 1.602739E-01 | loss scale: 1.0 | grad norm: 0.545136 | number of skipped iterations:   0 | number of nan iterations:   0 |
2026-08-23 08:59:19 [INFO] iteration      923/    1000 | consumed samples:        88608 | elapsed time per iteration (ms): 2176.8 | throughput (samples/sec/per_device): 5.513 | learning rate: 1.356451E-06 | global batch size:    96 | action loss: 2.054581E-01 | loss scale: 1.0 | grad norm: 0.565847 | number of skipped iterations:   0 | number of nan iterations:   0 |
2026-08-23 08:59:21 [INFO] iteration      924/    1000 | consumed samples:        88704 | elapsed time per iteration (ms): 2398.1 | throughput (samples/sec/per_device): 5.004 | learning rate: 1.347298E-06 | global batch size:    96 | action loss: 1.512372E-01 | loss scale: 1.0 | grad norm: 0.503316 | number of skipped iterations:   0 | number of nan iterations:   0 |
2026-08-23 08:59:24 [INFO] iteration      925/    1000 | consumed samples:        88800 | elapsed time per iteration (ms): 3478.7 | throughput (samples/sec/per_device): 3.450 | learning rate: 1.338261E-06 | global batch size:    96 | action loss: 1.372160E-01 | loss scale: 1.0 | grad norm: 0.515895 | number of skipped iterations:   0 | number of nan iterations:   0 |
2026-08-23 08:59:28 [INFO] iteration      926/    1000 | consumed samples:        88896 | elapsed time per iteration (ms): 3417.2 | throughput (samples/sec/per_device): 3.512 | learning rate: 1.329342E-06 | global batch size:    96 | action loss: 1.424484E-01 | loss scale: 1.0 | grad norm: 0.513002 | number of skipped iterations:   0 | number of nan iterations:   0 |
2026-08-23 08:59:31 [INFO] iteration      927/    1000 | consumed samples:        88992 | elapsed time per iteration (ms): 2734.7 | throughput (samples/sec/per_device): 4.388 | learning rate: 1.320541E-06 | global batch size:    96 | action loss: 1.499379E-01 | loss scale: 1.0 | grad norm: 0.545965 | number of skipped iterations:   0 | number of nan iterations:   0 |
2026-08-23 08:59:33 [INFO] iteration      928/    1000 | consumed samples:        89088 | elapsed time per iteration (ms): 2266.3 | throughput (samples/sec/per_device): 5.295 | learning rate: 1.311857E-06 | global batch size:    96 | action loss: 1.573241E-01 | loss scale: 1.0 | grad norm: 0.567754 | number of skipped iterations:   0 | number of nan iterations:   0 |
2026-08-23 08:59:36 [INFO] iteration      929/    1000 | consumed samples:        89184 | elapsed time per iteration (ms): 3197.2 | throughput (samples/sec/per_device): 3.753 | learning rate: 1.303291E-06 | global batch size:    96 | action loss: 1.714080E-01 | loss scale: 1.0 | grad norm: 0.556212 | number of skipped iterations:   0 | number of nan iterations:   0 |
2026-08-23 08:59:40 [INFO] iteration      930/    1000 | consumed samples:        89280 | elapsed time per iteration (ms): 3883.2 | throughput (samples/sec/per_device): 3.090 | learning rate: 1.294843E-06 | global batch size:    96 | action loss: 1.652692E-01 | loss scale: 1.0 | grad norm: 0.547041 | number of skipped iterations:   0 | number of nan iterations:   0 |
2026-08-23 08:59:43 [INFO] iteration      931/    1000 | consumed samples:        89376 | elapsed time per iteration (ms): 2835.1 | throughput (samples/sec/per_device): 4.233 | learning rate: 1.286512E-06 | global batch size:    96 | action loss: 1.708143E-01 | loss scale: 1.0 | grad norm: 0.536153 | number of skipped iterations:   0 | number of nan iterations:   0 |
2026-08-23 08:59:46 [INFO] iteration      932/    1000 | consumed samples:        89472 | elapsed time per iteration (ms): 2921.9 | throughput (samples/sec/per_device): 4.107 | learning rate: 1.278300E-06 | global batch size:    96 | action loss: 1.471718E-01 | loss scale: 1.0 | grad norm: 0.522222 | number of skipped iterations:   0 | number of nan iterations:   0 |
2026-08-23 08:59:49 [INFO] iteration      933/    1000 | consumed samples:        89568 | elapsed time per iteration (ms): 3730.0 | throughput (samples/sec/per_device): 3.217 | learning rate: 1.270205E-06 | global batch size:    96 | action loss: 1.415833E-01 | loss scale: 1.0 | grad norm: 0.506718 | number of skipped iterations:   0 | number of nan iterations:   0 |
2026-08-23 08:59:52 [INFO] iteration      934/    1000 | consumed samples:        89664 | elapsed time per iteration (ms): 2908.9 | throughput (samples/sec/per_device): 4.125 | learning rate: 1.262229E-06 | global batch size:    96 | action loss: 1.396433E-01 | loss scale: 1.0 | grad norm: 0.541497 | number of skipped iterations:   0 | number of nan iterations:   0 |
2026-08-23 08:59:55 [INFO] iteration      935/    1000 | consumed samples:        89760 | elapsed time per iteration (ms): 2578.8 | throughput (samples/sec/per_device): 4.653 | learning rate: 1.254371E-06 | global batch size:    96 | action loss: 1.619223E-01 | loss scale: 1.0 | grad norm: 0.555260 | number of skipped iterations:   0 | number of nan iterations:   0 |
2026-08-23 08:59:58 [INFO] iteration      936/    1000 | consumed samples:        89856 | elapsed time per iteration (ms): 2535.0 | throughput (samples/sec/per_device): 4.734 | learning rate: 1.246631E-06 | global batch size:    96 | action loss: 1.637139E-01 | loss scale: 1.0 | grad norm: 0.555919 | number of skipped iterations:   0 | number of nan iterations:   0 |
2026-08-23 09:00:01 [INFO] iteration      937/    1000 | consumed samples:        89952 | elapsed time per iteration (ms): 3636.5 | throughput (samples/sec/per_device): 3.300 | learning rate: 1.239009E-06 | global batch size:    96 | action loss: 2.108609E-01 | loss scale: 1.0 | grad norm: 0.555386 | number of skipped iterations:   0 | number of nan iterations:   0 |
2026-08-23 09:00:07 [INFO] iteration      938/    1000 | consumed samples:        90048 | elapsed time per iteration (ms): 5462.2 | throughput (samples/sec/per_device): 2.197 | learning rate: 1.231506E-06 | global batch size:    96 | action loss: 1.754130E-01 | loss scale: 1.0 | grad norm: 0.585093 | number of skipped iterations:   0 | number of nan iterations:   0 |
2026-08-23 09:00:10 [INFO] iteration      939/    1000 | consumed samples:        90144 | elapsed time per iteration (ms): 2885.1 | throughput (samples/sec/per_device): 4.159 | learning rate: 1.224122E-06 | global batch size:    96 | action loss: 1.692357E-01 | loss scale: 1.0 | grad norm: 0.554895 | number of skipped iterations:   0 | number of nan iterations:   0 |
2026-08-23 09:00:13 [INFO] iteration      940/    1000 | consumed samples:        90240 | elapsed time per iteration (ms): 3666.8 | throughput (samples/sec/per_device): 3.273 | learning rate: 1.216856E-06 | global batch size:    96 | action loss: 1.667895E-01 | loss scale: 1.0 | grad norm: 0.532391 | number of skipped iterations:   0 | number of nan iterations:   0 |
2026-08-23 09:00:13 [INFO] max time across ranks (ms):
    forward-backward................................: 3536.25
    forward-compute.................................: 2059.76
    backward-compute................................: 3257.95
    batch-generator.................................: 1.69
    nan-grad-cleanup................................: 13.01
    grad-clip.......................................: 32.34
    optimizer.......................................: 84.38
    optimizer-inner-step............................: 84.28
    optimizer-scheduler-step........................: 0.05
    optimizer-zero-grad.............................: 0.87
2026-08-23 09:00:15 [INFO] iteration      941/    1000 | consumed samples:        90336 | elapsed time per iteration (ms): 1985.9 | throughput (samples/sec/per_device): 6.043 | learning rate: 1.209708E-06 | global batch size:    96 | action loss: 1.463222E-01 | loss scale: 1.0 | grad norm: 0.568302 | number of skipped iterations:   0 | number of nan iterations:   0 |
2026-08-23 09:00:18 [INFO] iteration      942/    1000 | consumed samples:        90432 | elapsed time per iteration (ms): 2558.9 | throughput (samples/sec/per_device): 4.690 | learning rate: 1.202680E-06 | global batch size:    96 | action loss: 2.016423E-01 | loss scale: 1.0 | grad norm: 0.608887 | number of skipped iterations:   0 | number of nan iterations:   0 |
2026-08-23 09:00:21 [INFO] iteration      943/    1000 | consumed samples:        90528 | elapsed time per iteration (ms): 2817.5 | throughput (samples/sec/per_device): 4.259 | learning rate: 1.195770E-06 | global batch size:    96 | action loss: 1.531369E-01 | loss scale: 1.0 | grad norm: 0.556563 | number of skipped iterations:   0 | number of nan iterations:   0 |
2026-08-23 09:00:25 [INFO] iteration      944/    1000 | consumed samples:        90624 | elapsed time per iteration (ms): 3966.4 | throughput (samples/sec/per_device): 3.025 | learning rate: 1.188979E-06 | global batch size:    96 | action loss: 1.392352E-01 | loss scale: 1.0 | grad norm: 0.536085 | number of skipped iterations:   0 | number of nan iterations:   0 |
2026-08-23 09:00:27 [INFO] iteration      945/    1000 | consumed samples:        90720 | elapsed time per iteration (ms): 2741.4 | throughput (samples/sec/per_device): 4.377 | learning rate: 1.182307E-06 | global batch size:    96 | action loss: 1.357206E-01 | loss scale: 1.0 | grad norm: 0.517369 | number of skipped iterations:   0 | number of nan iterations:   0 |
2026-08-23 09:00:30 [INFO] iteration      946/    1000 | consumed samples:        90816 | elapsed time per iteration (ms): 2433.3 | throughput (samples/sec/per_device): 4.932 | learning rate: 1.175754E-06 | global batch size:    96 | action loss: 1.585860E-01 | loss scale: 1.0 | grad norm: 0.549187 | number of skipped iterations:   0 | number of nan iterations:   0 |
2026-08-23 09:00:32 [INFO] iteration      947/    1000 | consumed samples:        90912 | elapsed time per iteration (ms): 2283.6 | throughput (samples/sec/per_device): 5.255 | learning rate: 1.169320E-06 | global batch size:    96 | action loss: 1.423836E-01 | loss scale: 1.0 | grad norm: 0.517170 | number of skipped iterations:   0 | number of nan iterations:   0 |
2026-08-23 09:00:35 [INFO] iteration      948/    1000 | consumed samples:        91008 | elapsed time per iteration (ms): 3506.6 | throughput (samples/sec/per_device): 3.422 | learning rate: 1.163005E-06 | global batch size:    96 | action loss: 1.460171E-01 | loss scale: 1.0 | grad norm: 0.511058 | number of skipped iterations:   0 | number of nan iterations:   0 |
2026-08-23 09:00:39 [INFO] iteration      949/    1000 | consumed samples:        91104 | elapsed time per iteration (ms): 3059.5 | throughput (samples/sec/per_device): 3.922 | learning rate: 1.156810E-06 | global batch size:    96 | action loss: 1.441994E-01 | loss scale: 1.0 | grad norm: 0.547640 | number of skipped iterations:   0 | number of nan iterations:   0 |
2026-08-23 09:00:41 [INFO] iteration      950/    1000 | consumed samples:        91200 | elapsed time per iteration (ms): 2290.0 | throughput (samples/sec/per_device): 5.240 | learning rate: 1.150733E-06 | global batch size:    96 | action loss: 1.644844E-01 | loss scale: 1.0 | grad norm: 0.548346 | number of skipped iterations:   0 | number of nan iterations:   0 |
2026-08-23 09:00:41 [INFO] PowerSGDPlusState restart: iter=849 compressed_iter=650 method=approximate rank=1 apply_exact=False
2026-08-23 09:00:49 [INFO] iteration      951/    1000 | consumed samples:        91296 | elapsed time per iteration (ms): 7820.4 | throughput (samples/sec/per_device): 1.534 | learning rate: 1.144776E-06 | global batch size:    96 | action loss: 1.569066E-01 | loss scale: 1.0 | grad norm: 0.629539 | number of skipped iterations:   0 | number of nan iterations:   0 |
2026-08-23 09:00:52 [INFO] iteration      952/    1000 | consumed samples:        91392 | elapsed time per iteration (ms): 3633.8 | throughput (samples/sec/per_device): 3.302 | learning rate: 1.138939E-06 | global batch size:    96 | action loss: 1.509855E-01 | loss scale: 1.0 | grad norm: 0.553216 | number of skipped iterations:   0 | number of nan iterations:   0 |
2026-08-23 09:00:56 [INFO] iteration      953/    1000 | consumed samples:        91488 | elapsed time per iteration (ms): 3583.2 | throughput (samples/sec/per_device): 3.349 | learning rate: 1.133221E-06 | global batch size:    96 | action loss: 1.496488E-01 | loss scale: 1.0 | grad norm: 0.575474 | number of skipped iterations:   0 | number of nan iterations:   0 |
2026-08-23 09:00:59 [INFO] iteration      954/    1000 | consumed samples:        91584 | elapsed time per iteration (ms): 3150.0 | throughput (samples/sec/per_device): 3.810 | learning rate: 1.127622E-06 | global batch size:    96 | action loss: 1.613266E-01 | loss scale: 1.0 | grad norm: 0.563547 | number of skipped iterations:   0 | number of nan iterations:   0 |
2026-08-23 09:01:01 [INFO] iteration      955/    1000 | consumed samples:        91680 | elapsed time per iteration (ms): 2409.0 | throughput (samples/sec/per_device): 4.981 | learning rate: 1.122143E-06 | global batch size:    96 | action loss: 1.601708E-01 | loss scale: 1.0 | grad norm: 0.566435 | number of skipped iterations:   0 | number of nan iterations:   0 |
2026-08-23 09:01:04 [INFO] iteration      956/    1000 | consumed samples:        91776 | elapsed time per iteration (ms): 2106.2 | throughput (samples/sec/per_device): 5.698 | learning rate: 1.116783E-06 | global batch size:    96 | action loss: 1.530570E-01 | loss scale: 1.0 | grad norm: 0.522746 | number of skipped iterations:   0 | number of nan iterations:   0 |
2026-08-23 09:01:08 [INFO] iteration      957/    1000 | consumed samples:        91872 | elapsed time per iteration (ms): 4490.6 | throughput (samples/sec/per_device): 2.672 | learning rate: 1.111543E-06 | global batch size:    96 | action loss: 1.519361E-01 | loss scale: 1.0 | grad norm: 0.507647 | number of skipped iterations:   0 | number of nan iterations:   0 |
2026-08-23 09:01:11 [INFO] iteration      958/    1000 | consumed samples:        91968 | elapsed time per iteration (ms): 2860.3 | throughput (samples/sec/per_device): 4.195 | learning rate: 1.106423E-06 | global batch size:    96 | action loss: 1.669024E-01 | loss scale: 1.0 | grad norm: 0.540941 | number of skipped iterations:   0 | number of nan iterations:   0 |
2026-08-23 09:01:13 [INFO] iteration      959/    1000 | consumed samples:        92064 | elapsed time per iteration (ms): 1950.1 | throughput (samples/sec/per_device): 6.153 | learning rate: 1.101423E-06 | global batch size:    96 | action loss: 1.656762E-01 | loss scale: 1.0 | grad norm: 0.547561 | number of skipped iterations:   0 | number of nan iterations:   0 |
2026-08-23 09:01:15 [INFO] iteration      960/    1000 | consumed samples:        92160 | elapsed time per iteration (ms): 2397.4 | throughput (samples/sec/per_device): 5.005 | learning rate: 1.096542E-06 | global batch size:    96 | action loss: 1.677364E-01 | loss scale: 1.0 | grad norm: 0.516593 | number of skipped iterations:   0 | number of nan iterations:   0 |
2026-08-23 09:01:15 [INFO] max time across ranks (ms):
    forward-backward................................: 2266.16
    forward-compute.................................: 276.30
    backward-compute................................: 1988.43
    batch-generator.................................: 1.44
    nan-grad-cleanup................................: 13.32
    grad-clip.......................................: 32.76
    optimizer.......................................: 85.88
    optimizer-inner-step............................: 85.76
    optimizer-scheduler-step........................: 0.10
    optimizer-zero-grad.............................: 0.86
2026-08-23 09:01:18 [INFO] iteration      961/    1000 | consumed samples:        92256 | elapsed time per iteration (ms): 2538.4 | throughput (samples/sec/per_device): 4.727 | learning rate: 1.091782E-06 | global batch size:    96 | action loss: 1.473247E-01 | loss scale: 1.0 | grad norm: 0.541626 | number of skipped iterations:   0 | number of nan iterations:   0 |
2026-08-23 09:01:21 [INFO] iteration      962/    1000 | consumed samples:        92352 | elapsed time per iteration (ms): 2991.3 | throughput (samples/sec/per_device): 4.012 | learning rate: 1.087141E-06 | global batch size:    96 | action loss: 1.738908E-01 | loss scale: 1.0 | grad norm: 0.536409 | number of skipped iterations:   0 | number of nan iterations:   0 |
2026-08-23 09:01:24 [INFO] iteration      963/    1000 | consumed samples:        92448 | elapsed time per iteration (ms): 3238.9 | throughput (samples/sec/per_device): 3.705 | learning rate: 1.082620E-06 | global batch size:    96 | action loss: 1.353108E-01 | loss scale: 1.0 | grad norm: 0.518229 | number of skipped iterations:   0 | number of nan iterations:   0 |
2026-08-23 09:01:26 [INFO] iteration      964/    1000 | consumed samples:        92544 | elapsed time per iteration (ms): 2167.1 | throughput (samples/sec/per_device): 5.537 | learning rate: 1.078219E-06 | global batch size:    96 | action loss: 1.456862E-01 | loss scale: 1.0 | grad norm: 0.530240 | number of skipped iterations:   0 | number of nan iterations:   0 |
2026-08-23 09:01:29 [INFO] iteration      965/    1000 | consumed samples:        92640 | elapsed time per iteration (ms): 2320.9 | throughput (samples/sec/per_device): 5.170 | learning rate: 1.073938E-06 | global batch size:    96 | action loss: 1.434067E-01 | loss scale: 1.0 | grad norm: 0.548394 | number of skipped iterations:   0 | number of nan iterations:   0 |
2026-08-23 09:01:32 [INFO] iteration      966/    1000 | consumed samples:        92736 | elapsed time per iteration (ms): 3751.7 | throughput (samples/sec/per_device): 3.199 | learning rate: 1.069778E-06 | global batch size:    96 | action loss: 1.535033E-01 | loss scale: 1.0 | grad norm: 0.547009 | number of skipped iterations:   0 | number of nan iterations:   0 |
2026-08-23 09:01:35 [INFO] iteration      967/    1000 | consumed samples:        92832 | elapsed time per iteration (ms): 2551.1 | throughput (samples/sec/per_device): 4.704 | learning rate: 1.065737E-06 | global batch size:    96 | action loss: 1.702274E-01 | loss scale: 1.0 | grad norm: 0.513210 | number of skipped iterations:   0 | number of nan iterations:   0 |
2026-08-23 09:01:37 [INFO] iteration      968/    1000 | consumed samples:        92928 | elapsed time per iteration (ms): 2586.2 | throughput (samples/sec/per_device): 4.640 | learning rate: 1.061817E-06 | global batch size:    96 | action loss: 1.422592E-01 | loss scale: 1.0 | grad norm: 0.544388 | number of skipped iterations:   0 | number of nan iterations:   0 |
2026-08-23 09:01:40 [INFO] iteration      969/    1000 | consumed samples:        93024 | elapsed time per iteration (ms): 2756.5 | throughput (samples/sec/per_device): 4.353 | learning rate: 1.058017E-06 | global batch size:    96 | action loss: 1.725646E-01 | loss scale: 1.0 | grad norm: 0.534128 | number of skipped iterations:   0 | number of nan iterations:   0 |
2026-08-23 09:01:44 [INFO] iteration      970/    1000 | consumed samples:        93120 | elapsed time per iteration (ms): 4185.9 | throughput (samples/sec/per_device): 2.867 | learning rate: 1.054337E-06 | global batch size:    96 | action loss: 1.540086E-01 | loss scale: 1.0 | grad norm: 0.530142 | number of skipped iterations:   0 | number of nan iterations:   0 |
2026-08-23 09:01:47 [INFO] iteration      971/    1000 | consumed samples:        93216 | elapsed time per iteration (ms): 2761.8 | throughput (samples/sec/per_device): 4.345 | learning rate: 1.050777E-06 | global batch size:    96 | action loss: 1.453469E-01 | loss scale: 1.0 | grad norm: 0.523634 | number of skipped iterations:   0 | number of nan iterations:   0 |
2026-08-23 09:01:50 [INFO] iteration      972/    1000 | consumed samples:        93312 | elapsed time per iteration (ms): 2698.1 | throughput (samples/sec/per_device): 4.448 | learning rate: 1.047338E-06 | global batch size:    96 | action loss: 1.557246E-01 | loss scale: 1.0 | grad norm: 0.552684 | number of skipped iterations:   0 | number of nan iterations:   0 |
2026-08-23 09:01:53 [INFO] iteration      973/    1000 | consumed samples:        93408 | elapsed time per iteration (ms): 2747.8 | throughput (samples/sec/per_device): 4.367 | learning rate: 1.044019E-06 | global batch size:    96 | action loss: 1.488847E-01 | loss scale: 1.0 | grad norm: 0.544025 | number of skipped iterations:   0 | number of nan iterations:   0 |
2026-08-23 09:01:56 [INFO] iteration      974/    1000 | consumed samples:        93504 | elapsed time per iteration (ms): 3831.3 | throughput (samples/sec/per_device): 3.132 | learning rate: 1.040821E-06 | global batch size:    96 | action loss: 1.351094E-01 | loss scale: 1.0 | grad norm: 0.543374 | number of skipped iterations:   0 | number of nan iterations:   0 |
2026-08-23 09:01:59 [INFO] iteration      975/    1000 | consumed samples:        93600 | elapsed time per iteration (ms): 2678.4 | throughput (samples/sec/per_device): 4.480 | learning rate: 1.037743E-06 | global batch size:    96 | action loss: 1.637653E-01 | loss scale: 1.0 | grad norm: 0.613303 | number of skipped iterations:   0 | number of nan iterations:   0 |
2026-08-23 09:02:02 [INFO] iteration      976/    1000 | consumed samples:        93696 | elapsed time per iteration (ms): 2624.2 | throughput (samples/sec/per_device): 4.573 | learning rate: 1.034785E-06 | global batch size:    96 | action loss: 1.551977E-01 | loss scale: 1.0 | grad norm: 0.569432 | number of skipped iterations:   0 | number of nan iterations:   0 |
2026-08-23 09:02:06 [INFO] iteration      977/    1000 | consumed samples:        93792 | elapsed time per iteration (ms): 4163.5 | throughput (samples/sec/per_device): 2.882 | learning rate: 1.031948E-06 | global batch size:    96 | action loss: 1.580503E-01 | loss scale: 1.0 | grad norm: 0.517131 | number of skipped iterations:   0 | number of nan iterations:   0 |
2026-08-23 09:02:10 [INFO] iteration      978/    1000 | consumed samples:        93888 | elapsed time per iteration (ms): 3763.4 | throughput (samples/sec/per_device): 3.189 | learning rate: 1.029231E-06 | global batch size:    96 | action loss: 1.425729E-01 | loss scale: 1.0 | grad norm: 0.494364 | number of skipped iterations:   0 | number of nan iterations:   0 |
2026-08-23 09:02:13 [INFO] iteration      979/    1000 | consumed samples:        93984 | elapsed time per iteration (ms): 3534.9 | throughput (samples/sec/per_device): 3.395 | learning rate: 1.026635E-06 | global batch size:    96 | action loss: 1.617617E-01 | loss scale: 1.0 | grad norm: 0.519592 | number of skipped iterations:   0 | number of nan iterations:   0 |
2026-08-23 09:02:16 [INFO] iteration      980/    1000 | consumed samples:        94080 | elapsed time per iteration (ms): 2464.7 | throughput (samples/sec/per_device): 4.869 | learning rate: 1.024160E-06 | global batch size:    96 | action loss: 1.482879E-01 | loss scale: 1.0 | grad norm: 0.523089 | number of skipped iterations:   0 | number of nan iterations:   0 |
2026-08-23 09:02:16 [INFO] max time across ranks (ms):
    forward-backward................................: 2334.01
    forward-compute.................................: 533.53
    backward-compute................................: 2054.03
    batch-generator.................................: 2.06
    nan-grad-cleanup................................: 13.24
    grad-clip.......................................: 33.23
    optimizer.......................................: 84.22
    optimizer-inner-step............................: 84.07
    optimizer-scheduler-step........................: 0.05
    optimizer-zero-grad.............................: 0.99
2026-08-23 09:02:19 [INFO] iteration      981/    1000 | consumed samples:        94176 | elapsed time per iteration (ms): 3488.6 | throughput (samples/sec/per_device): 3.440 | learning rate: 1.021805E-06 | global batch size:    96 | action loss: 1.583781E-01 | loss scale: 1.0 | grad norm: 0.560988 | number of skipped iterations:   0 | number of nan iterations:   0 |
2026-08-23 09:02:22 [INFO] iteration      982/    1000 | consumed samples:        94272 | elapsed time per iteration (ms): 2996.0 | throughput (samples/sec/per_device): 4.005 | learning rate: 1.019571E-06 | global batch size:    96 | action loss: 1.398426E-01 | loss scale: 1.0 | grad norm: 0.537652 | number of skipped iterations:   0 | number of nan iterations:   0 |
2026-08-23 09:02:25 [INFO] iteration      983/    1000 | consumed samples:        94368 | elapsed time per iteration (ms): 3304.8 | throughput (samples/sec/per_device): 3.631 | learning rate: 1.017457E-06 | global batch size:    96 | action loss: 1.579636E-01 | loss scale: 1.0 | grad norm: 0.542024 | number of skipped iterations:   0 | number of nan iterations:   0 |
2026-08-23 09:02:29 [INFO] iteration      984/    1000 | consumed samples:        94464 | elapsed time per iteration (ms): 3445.2 | throughput (samples/sec/per_device): 3.483 | learning rate: 1.015464E-06 | global batch size:    96 | action loss: 1.502091E-01 | loss scale: 1.0 | grad norm: 0.581623 | number of skipped iterations:   0 | number of nan iterations:   0 |
2026-08-23 09:02:31 [INFO] iteration      985/    1000 | consumed samples:        94560 | elapsed time per iteration (ms): 2244.1 | throughput (samples/sec/per_device): 5.347 | learning rate: 1.013592E-06 | global batch size:    96 | action loss: 1.562727E-01 | loss scale: 1.0 | grad norm: 0.523797 | number of skipped iterations:   0 | number of nan iterations:   0 |
2026-08-23 09:02:34 [INFO] iteration      986/    1000 | consumed samples:        94656 | elapsed time per iteration (ms): 2604.4 | throughput (samples/sec/per_device): 4.608 | learning rate: 1.011840E-06 | global batch size:    96 | action loss: 1.556732E-01 | loss scale: 1.0 | grad norm: 0.522331 | number of skipped iterations:   0 | number of nan iterations:   0 |
2026-08-23 09:02:37 [INFO] iteration      987/    1000 | consumed samples:        94752 | elapsed time per iteration (ms): 2855.7 | throughput (samples/sec/per_device): 4.202 | learning rate: 1.010210E-06 | global batch size:    96 | action loss: 1.649201E-01 | loss scale: 1.0 | grad norm: 0.537505 | number of skipped iterations:   0 | number of nan iterations:   0 |
2026-08-23 09:02:40 [INFO] iteration      988/    1000 | consumed samples:        94848 | elapsed time per iteration (ms): 3644.1 | throughput (samples/sec/per_device): 3.293 | learning rate: 1.008699E-06 | global batch size:    96 | action loss: 1.660046E-01 | loss scale: 1.0 | grad norm: 0.539686 | number of skipped iterations:   0 | number of nan iterations:   0 |
2026-08-23 09:02:43 [INFO] iteration      989/    1000 | consumed samples:        94944 | elapsed time per iteration (ms): 2383.5 | throughput (samples/sec/per_device): 5.035 | learning rate: 1.007310E-06 | global batch size:    96 | action loss: 1.413903E-01 | loss scale: 1.0 | grad norm: 0.542614 | number of skipped iterations:   0 | number of nan iterations:   0 |
2026-08-23 09:02:46 [INFO] iteration      990/    1000 | consumed samples:        95040 | elapsed time per iteration (ms): 3072.9 | throughput (samples/sec/per_device): 3.905 | learning rate: 1.006041E-06 | global batch size:    96 | action loss: 1.492786E-01 | loss scale: 1.0 | grad norm: 0.544677 | number of skipped iterations:   0 | number of nan iterations:   0 |
2026-08-23 09:02:48 [INFO] iteration      991/    1000 | consumed samples:        95136 | elapsed time per iteration (ms): 2512.3 | throughput (samples/sec/per_device): 4.777 | learning rate: 1.004894E-06 | global batch size:    96 | action loss: 1.440609E-01 | loss scale: 1.0 | grad norm: 0.547490 | number of skipped iterations:   0 | number of nan iterations:   0 |
2026-08-23 09:02:52 [INFO] iteration      992/    1000 | consumed samples:        95232 | elapsed time per iteration (ms): 3743.4 | throughput (samples/sec/per_device): 3.206 | learning rate: 1.003867E-06 | global batch size:    96 | action loss: 1.501199E-01 | loss scale: 1.0 | grad norm: 0.538410 | number of skipped iterations:   0 | number of nan iterations:   0 |
2026-08-23 09:02:55 [INFO] iteration      993/    1000 | consumed samples:        95328 | elapsed time per iteration (ms): 2751.6 | throughput (samples/sec/per_device): 4.361 | learning rate: 1.002960E-06 | global batch size:    96 | action loss: 1.432934E-01 | loss scale: 1.0 | grad norm: 0.556284 | number of skipped iterations:   0 | number of nan iterations:   0 |
2026-08-23 09:02:58 [INFO] iteration      994/    1000 | consumed samples:        95424 | elapsed time per iteration (ms): 2997.7 | throughput (samples/sec/per_device): 4.003 | learning rate: 1.002175E-06 | global batch size:    96 | action loss: 1.519729E-01 | loss scale: 1.0 | grad norm: 0.551773 | number of skipped iterations:   0 | number of nan iterations:   0 |
2026-08-23 09:03:00 [INFO] iteration      995/    1000 | consumed samples:        95520 | elapsed time per iteration (ms): 2694.0 | throughput (samples/sec/per_device): 4.454 | learning rate: 1.001510E-06 | global batch size:    96 | action loss: 1.694408E-01 | loss scale: 1.0 | grad norm: 0.530352 | number of skipped iterations:   0 | number of nan iterations:   0 |
2026-08-23 09:03:04 [INFO] iteration      996/    1000 | consumed samples:        95616 | elapsed time per iteration (ms): 3992.3 | throughput (samples/sec/per_device): 3.006 | learning rate: 1.000967E-06 | global batch size:    96 | action loss: 1.550314E-01 | loss scale: 1.0 | grad norm: 0.589657 | number of skipped iterations:   0 | number of nan iterations:   0 |
2026-08-23 09:03:07 [INFO] iteration      997/    1000 | consumed samples:        95712 | elapsed time per iteration (ms): 2712.4 | throughput (samples/sec/per_device): 4.424 | learning rate: 1.000544E-06 | global batch size:    96 | action loss: 1.422641E-01 | loss scale: 1.0 | grad norm: 0.569728 | number of skipped iterations:   0 | number of nan iterations:   0 |
2026-08-23 09:03:10 [INFO] iteration      998/    1000 | consumed samples:        95808 | elapsed time per iteration (ms): 2659.7 | throughput (samples/sec/per_device): 4.512 | learning rate: 1.000242E-06 | global batch size:    96 | action loss: 1.564651E-01 | loss scale: 1.0 | grad norm: 0.557681 | number of skipped iterations:   0 | number of nan iterations:   0 |
2026-08-23 09:03:15 [INFO] iteration      999/    1000 | consumed samples:        95904 | elapsed time per iteration (ms): 5505.3 | throughput (samples/sec/per_device): 2.180 | learning rate: 1.000060E-06 | global batch size:    96 | action loss: 1.681797E-01 | loss scale: 1.0 | grad norm: 0.558104 | number of skipped iterations:   0 | number of nan iterations:   0 |
2026-08-23 09:03:18 [INFO] iteration     1000/    1000 | consumed samples:        96000 | elapsed time per iteration (ms): 2476.3 | throughput (samples/sec/per_device): 4.846 | learning rate: 1.000000E-06 | global batch size:    96 | action loss: 1.378252E-01 | loss scale: 1.0 | grad norm: 0.578921 | number of skipped iterations:   0 | number of nan iterations:   0 |
2026-08-23 09:03:18 [INFO] max time across ranks (ms):
    forward-backward................................: 2344.55
    forward-compute.................................: 590.41
    backward-compute................................: 2063.56
    batch-generator.................................: 1.42
    nan-grad-cleanup................................: 13.22
    grad-clip.......................................: 33.24
    optimizer.......................................: 85.72
    optimizer-inner-step............................: 85.62
    optimizer-scheduler-step........................: 0.05
    optimizer-zero-grad.............................: 0.80
bddx-inf-sci-k8s-a800-03849:1346778:1346778 [3] NCCL INFO comm 0x1255ce10 rank 3 nranks 8 cudaDev 3 busId 4d000 - Destroy COMPLETE
bddx-inf-sci-k8s-a800-03849:1346777:1346777 [2] NCCL INFO comm 0x132de130 rank 2 nranks 8 cudaDev 2 busId 49000 - Destroy COMPLETE
bddx-inf-sci-k8s-a800-03849:1346776:1346776 [1] NCCL INFO comm 0x1239dab0 rank 1 nranks 8 cudaDev 1 busId 18000 - Destroy COMPLETE
bddx-inf-sci-k8s-a800-03849:1346775:1346775 [0] NCCL INFO comm 0x11ca6900 rank 0 nranks 8 cudaDev 0 busId 12000 - Destroy COMPLETE
bddx-inf-sci-k8s-a800-03849:1346781:1346781 [6] NCCL INFO comm 0x11b123e0 rank 6 nranks 8 cudaDev 6 busId c5000 - Destroy COMPLETE
bddx-inf-sci-k8s-a800-03849:1346779:1346779 [4] NCCL INFO comm 0x12145b70 rank 4 nranks 8 cudaDev 4 busId 89000 - Destroy COMPLETE
bddx-inf-sci-k8s-a800-03849:1346782:1346782 [7] NCCL INFO comm 0x11c0d6d0 rank 7 nranks 8 cudaDev 7 busId c9000 - Destroy COMPLETE
bddx-inf-sci-k8s-a800-03849:1346780:1346780 [5] NCCL INFO comm 0x11fa8c30 rank 5 nranks 8 cudaDev 5 busId 8e000 - Destroy COMPLETE
