════════════════════════════════════════════════════════════
  LoongForge pi05 Training (DDP)
  GPUs:       8 x 1 node(s)
  Model:      pi05
  Checkpoint: /raid0/fastwam/vla_artifacts/pi05/models/pi05_base
  Data:       /raid0/fastwam/vla_artifacts/pi05/datasets/libero
  Output:     /raid0/fastwam/experiments/pi05_powersgd_plus_acp_resume_a800_100_1000_v2/warmup_0_100
════════════════════════════════════════════════════════════
W0821 15:38:34.781000 543481 torch/distributed/run.py:766] 
W0821 15:38:34.781000 543481 torch/distributed/run.py:766] *****************************************
W0821 15:38:34.781000 543481 torch/distributed/run.py:766] Setting OMP_NUM_THREADS environment variable for each process to be 1 in default, to avoid your system being overloaded, please further tune the variable for optimal performance in your application as needed. 
W0821 15:38:34.781000 543481 torch/distributed/run.py:766] *****************************************
fused_indices_to_multihot has reached end of life. Please migrate to a non-experimental function.
fused_indices_to_multihot has reached end of life. Please migrate to a non-experimental function.
fused_indices_to_multihot has reached end of life. Please migrate to a non-experimental function.
fused_indices_to_multihot has reached end of life. Please migrate to a non-experimental function.
fused_indices_to_multihot has reached end of life. Please migrate to a non-experimental function.
fused_indices_to_multihot has reached end of life. Please migrate to a non-experimental function.
fused_indices_to_multihot has reached end of life. Please migrate to a non-experimental function.
fused_indices_to_multihot has reached end of life. Please migrate to a non-experimental function.
INFO:loongforge.embodied.data.datasets.groot_n1_6.transforms.eagle3_model.processing_eagle3_vl:set VIDEO_TOTAL_PIXELS: 90316800
INFO:loongforge.embodied.data.datasets.groot_n1_6.transforms.eagle3_model.processing_eagle3_vl:set VIDEO_TOTAL_PIXELS: 90316800
INFO:loongforge.embodied.data.datasets.groot_n1_6.transforms.eagle3_model.processing_eagle3_vl:set VIDEO_TOTAL_PIXELS: 90316800
INFO:loongforge.embodied.data.datasets.groot_n1_6.transforms.eagle3_model.processing_eagle3_vl:set VIDEO_TOTAL_PIXELS: 90316800
INFO:loongforge.embodied.data.datasets.groot_n1_6.transforms.eagle3_model.processing_eagle3_vl:set VIDEO_TOTAL_PIXELS: 90316800
INFO:loongforge.embodied.data.datasets.groot_n1_6.transforms.eagle3_model.processing_eagle3_vl:set VIDEO_TOTAL_PIXELS: 90316800
INFO:loongforge.embodied.data.datasets.groot_n1_6.transforms.eagle3_model.processing_eagle3_vl:set VIDEO_TOTAL_PIXELS: 90316800
INFO:loongforge.embodied.data.datasets.groot_n1_6.transforms.eagle3_model.processing_eagle3_vl:set VIDEO_TOTAL_PIXELS: 90316800
[Gloo] Rank 1 is connected to 7 peer ranks. Expected number of connected peer ranks is : 7
[Gloo] Rank 4 is connected to 7 peer ranks. Expected number of connected peer ranks is : 7
[Gloo] Rank 2 is connected to 7 peer ranks. Expected number of connected peer ranks is : 7
[Gloo] Rank 0 is connected to 7 peer ranks. Expected number of connected peer ranks is : 7
[Gloo] Rank 3 is connected to 7 peer ranks. Expected number of connected peer ranks is : 7
[Gloo] Rank 6 is connected to 7 peer ranks. Expected number of connected peer ranks is : 7
[Gloo] Rank 5 is connected to 7 peer ranks. Expected number of connected peer ranks is : 7
[Gloo] Rank 7 is connected to 7 peer ranks. Expected number of connected peer ranks is : 7
bddx-inf-sci-k8s-a800-03849:543575:543575 [0] NCCL INFO NCCL_SOCKET_IFNAME set by environment to bond0
bddx-inf-sci-k8s-a800-03849:543575:543575 [0] NCCL INFO cudaDriverVersion 12090
bddx-inf-sci-k8s-a800-03849:543575:543575 [0] NCCL INFO NCCL version 2.27.3+cuda12.9
bddx-inf-sci-k8s-a800-03849:543581:543581 [6] NCCL INFO cudaDriverVersion 12090
bddx-inf-sci-k8s-a800-03849:543578:543578 [3] NCCL INFO cudaDriverVersion 12090
bddx-inf-sci-k8s-a800-03849:543581:543581 [6] NCCL INFO NCCL_SOCKET_IFNAME set by environment to bond0
bddx-inf-sci-k8s-a800-03849:543578:543578 [3] NCCL INFO NCCL_SOCKET_IFNAME set by environment to bond0
bddx-inf-sci-k8s-a800-03849:543581:543581 [6] NCCL INFO NCCL version 2.27.3+cuda12.9
bddx-inf-sci-k8s-a800-03849:543578:543578 [3] NCCL INFO NCCL version 2.27.3+cuda12.9
bddx-inf-sci-k8s-a800-03849:543579:543579 [4] NCCL INFO cudaDriverVersion 12090
bddx-inf-sci-k8s-a800-03849:543580:543580 [5] NCCL INFO cudaDriverVersion 12090
bddx-inf-sci-k8s-a800-03849:543579:543579 [4] NCCL INFO NCCL_SOCKET_IFNAME set by environment to bond0
bddx-inf-sci-k8s-a800-03849:543580:543580 [5] NCCL INFO NCCL_SOCKET_IFNAME set by environment to bond0
bddx-inf-sci-k8s-a800-03849:543581:543581 [6] NCCL INFO Comm config Blocking set to 1
bddx-inf-sci-k8s-a800-03849:543578:543578 [3] NCCL INFO Comm config Blocking set to 1
bddx-inf-sci-k8s-a800-03849:543579:543579 [4] NCCL INFO NCCL version 2.27.3+cuda12.9
bddx-inf-sci-k8s-a800-03849:543580:543580 [5] NCCL INFO NCCL version 2.27.3+cuda12.9
bddx-inf-sci-k8s-a800-03849:543576:543576 [1] NCCL INFO cudaDriverVersion 12090
bddx-inf-sci-k8s-a800-03849:543582:543582 [7] NCCL INFO cudaDriverVersion 12090
bddx-inf-sci-k8s-a800-03849:543576:543576 [1] NCCL INFO NCCL_SOCKET_IFNAME set by environment to bond0
bddx-inf-sci-k8s-a800-03849:543582:543582 [7] NCCL INFO NCCL_SOCKET_IFNAME set by environment to bond0
bddx-inf-sci-k8s-a800-03849:543580:543580 [5] NCCL INFO Comm config Blocking set to 1
bddx-inf-sci-k8s-a800-03849:543579:543579 [4] NCCL INFO Comm config Blocking set to 1
bddx-inf-sci-k8s-a800-03849:543577:543577 [2] NCCL INFO cudaDriverVersion 12090
bddx-inf-sci-k8s-a800-03849:543576:543576 [1] NCCL INFO NCCL version 2.27.3+cuda12.9
bddx-inf-sci-k8s-a800-03849:543582:543582 [7] NCCL INFO NCCL version 2.27.3+cuda12.9
bddx-inf-sci-k8s-a800-03849:543577:543577 [2] NCCL INFO NCCL_SOCKET_IFNAME set by environment to bond0
bddx-inf-sci-k8s-a800-03849:543577:543577 [2] NCCL INFO NCCL version 2.27.3+cuda12.9
bddx-inf-sci-k8s-a800-03849:543576:543576 [1] NCCL INFO Comm config Blocking set to 1
bddx-inf-sci-k8s-a800-03849:543582:543582 [7] NCCL INFO Comm config Blocking set to 1
bddx-inf-sci-k8s-a800-03849:543577:543577 [2] NCCL INFO Comm config Blocking set to 1
bddx-inf-sci-k8s-a800-03849:543575:543575 [0] NCCL INFO Comm config Blocking set to 1
bddx-inf-sci-k8s-a800-03849:543581:544602 [6] NCCL INFO NET/Plugin: Plugin name set by env to libnccl-net.so
bddx-inf-sci-k8s-a800-03849:543581:544602 [6] NCCL INFO NET/Plugin: Loaded net plugin NCCL RDMA Plugin v10 (v10)
bddx-inf-sci-k8s-a800-03849:543581:544602 [6] NCCL INFO NET/Plugin: Loaded collnet plugin NCCL RDMA Plugin v10 (v10)
bddx-inf-sci-k8s-a800-03849:543581:544602 [6] NCCL INFO Successfully loaded external plugin libnccl-net.so
bddx-inf-sci-k8s-a800-03849:543581:544602 [6] NCCL INFO Plugin Path : /opt/hpcx/nccl_rdma_sharp_plugin/lib/libnccl-net.so
bddx-inf-sci-k8s-a800-03849:543581:544602 [6] NCCL INFO P2P plugin v10 IBext_v10
bddx-inf-sci-k8s-a800-03849:543581:544602 [6] NCCL INFO NCCL_SOCKET_IFNAME set by environment to bond0
bddx-inf-sci-k8s-a800-03849:543580:544604 [5] NCCL INFO NET/Plugin: Plugin name set by env to libnccl-net.so
bddx-inf-sci-k8s-a800-03849:543580:544604 [5] NCCL INFO NET/Plugin: Loaded net plugin NCCL RDMA Plugin v10 (v10)
bddx-inf-sci-k8s-a800-03849:543580:544604 [5] NCCL INFO NET/Plugin: Loaded collnet plugin NCCL RDMA Plugin v10 (v10)
bddx-inf-sci-k8s-a800-03849:543580:544604 [5] NCCL INFO Successfully loaded external plugin libnccl-net.so
bddx-inf-sci-k8s-a800-03849:543580:544604 [5] NCCL INFO Plugin Path : /opt/hpcx/nccl_rdma_sharp_plugin/lib/libnccl-net.so
bddx-inf-sci-k8s-a800-03849:543580:544604 [5] NCCL INFO P2P plugin v10 IBext_v10
bddx-inf-sci-k8s-a800-03849:543580:544604 [5] NCCL INFO NCCL_SOCKET_IFNAME set by environment to bond0
bddx-inf-sci-k8s-a800-03849:543582:544607 [7] NCCL INFO NET/Plugin: Plugin name set by env to libnccl-net.so
bddx-inf-sci-k8s-a800-03849:543582:544607 [7] NCCL INFO NET/Plugin: Loaded net plugin NCCL RDMA Plugin v10 (v10)
bddx-inf-sci-k8s-a800-03849:543582:544607 [7] NCCL INFO NET/Plugin: Loaded collnet plugin NCCL RDMA Plugin v10 (v10)
bddx-inf-sci-k8s-a800-03849:543582:544607 [7] NCCL INFO Successfully loaded external plugin libnccl-net.so
bddx-inf-sci-k8s-a800-03849:543582:544607 [7] NCCL INFO Plugin Path : /opt/hpcx/nccl_rdma_sharp_plugin/lib/libnccl-net.so
bddx-inf-sci-k8s-a800-03849:543582:544607 [7] NCCL INFO P2P plugin v10 IBext_v10
bddx-inf-sci-k8s-a800-03849:543582:544607 [7] NCCL INFO NCCL_SOCKET_IFNAME set by environment to bond0
bddx-inf-sci-k8s-a800-03849:543579:544605 [4] NCCL INFO NET/Plugin: Plugin name set by env to libnccl-net.so
bddx-inf-sci-k8s-a800-03849:543579:544605 [4] NCCL INFO NET/Plugin: Loaded net plugin NCCL RDMA Plugin v10 (v10)
bddx-inf-sci-k8s-a800-03849:543579:544605 [4] NCCL INFO NET/Plugin: Loaded collnet plugin NCCL RDMA Plugin v10 (v10)
bddx-inf-sci-k8s-a800-03849:543579:544605 [4] NCCL INFO Successfully loaded external plugin libnccl-net.so
bddx-inf-sci-k8s-a800-03849:543579:544605 [4] NCCL INFO Plugin Path : /opt/hpcx/nccl_rdma_sharp_plugin/lib/libnccl-net.so
bddx-inf-sci-k8s-a800-03849:543579:544605 [4] NCCL INFO P2P plugin v10 IBext_v10
bddx-inf-sci-k8s-a800-03849:543579:544605 [4] NCCL INFO NCCL_SOCKET_IFNAME set by environment to bond0
bddx-inf-sci-k8s-a800-03849:543576:544606 [1] NCCL INFO NET/Plugin: Plugin name set by env to libnccl-net.so
bddx-inf-sci-k8s-a800-03849:543576:544606 [1] NCCL INFO NET/Plugin: Loaded net plugin NCCL RDMA Plugin v10 (v10)
bddx-inf-sci-k8s-a800-03849:543576:544606 [1] NCCL INFO NET/Plugin: Loaded collnet plugin NCCL RDMA Plugin v10 (v10)
bddx-inf-sci-k8s-a800-03849:543576:544606 [1] NCCL INFO Successfully loaded external plugin libnccl-net.so
bddx-inf-sci-k8s-a800-03849:543576:544606 [1] NCCL INFO Plugin Path : /opt/hpcx/nccl_rdma_sharp_plugin/lib/libnccl-net.so
bddx-inf-sci-k8s-a800-03849:543576:544606 [1] NCCL INFO P2P plugin v10 IBext_v10
bddx-inf-sci-k8s-a800-03849:543576:544606 [1] NCCL INFO NCCL_SOCKET_IFNAME set by environment to bond0
bddx-inf-sci-k8s-a800-03849:543578:544603 [3] NCCL INFO NET/Plugin: Plugin name set by env to libnccl-net.so
bddx-inf-sci-k8s-a800-03849:543578:544603 [3] NCCL INFO NET/Plugin: Loaded net plugin NCCL RDMA Plugin v10 (v10)
bddx-inf-sci-k8s-a800-03849:543578:544603 [3] NCCL INFO NET/Plugin: Loaded collnet plugin NCCL RDMA Plugin v10 (v10)
bddx-inf-sci-k8s-a800-03849:543578:544603 [3] NCCL INFO Successfully loaded external plugin libnccl-net.so
bddx-inf-sci-k8s-a800-03849:543578:544603 [3] NCCL INFO Plugin Path : /opt/hpcx/nccl_rdma_sharp_plugin/lib/libnccl-net.so
bddx-inf-sci-k8s-a800-03849:543578:544603 [3] NCCL INFO P2P plugin v10 IBext_v10
bddx-inf-sci-k8s-a800-03849:543578:544603 [3] NCCL INFO NCCL_SOCKET_IFNAME set by environment to bond0
bddx-inf-sci-k8s-a800-03849:543577:544608 [2] NCCL INFO NET/Plugin: Plugin name set by env to libnccl-net.so
bddx-inf-sci-k8s-a800-03849:543577:544608 [2] NCCL INFO NET/Plugin: Loaded net plugin NCCL RDMA Plugin v10 (v10)
bddx-inf-sci-k8s-a800-03849:543577:544608 [2] NCCL INFO NET/Plugin: Loaded collnet plugin NCCL RDMA Plugin v10 (v10)
bddx-inf-sci-k8s-a800-03849:543577:544608 [2] NCCL INFO Successfully loaded external plugin libnccl-net.so
bddx-inf-sci-k8s-a800-03849:543577:544608 [2] NCCL INFO Plugin Path : /opt/hpcx/nccl_rdma_sharp_plugin/lib/libnccl-net.so
bddx-inf-sci-k8s-a800-03849:543577:544608 [2] NCCL INFO P2P plugin v10 IBext_v10
bddx-inf-sci-k8s-a800-03849:543577:544608 [2] NCCL INFO NCCL_SOCKET_IFNAME set by environment to bond0
bddx-inf-sci-k8s-a800-03849:543582:544607 [7] NCCL INFO NCCL_IB_ADAPTIVE_ROUTING set by environment to 0.
bddx-inf-sci-k8s-a800-03849:543578:544603 [3] NCCL INFO NCCL_IB_ADAPTIVE_ROUTING set by environment to 0.
bddx-inf-sci-k8s-a800-03849:543575:544609 [0] NCCL INFO NET/Plugin: Plugin name set by env to libnccl-net.so
bddx-inf-sci-k8s-a800-03849:543575:544609 [0] NCCL INFO NET/Plugin: Loaded net plugin NCCL RDMA Plugin v10 (v10)
bddx-inf-sci-k8s-a800-03849:543575:544609 [0] NCCL INFO NET/Plugin: Loaded collnet plugin NCCL RDMA Plugin v10 (v10)
bddx-inf-sci-k8s-a800-03849:543575:544609 [0] NCCL INFO Successfully loaded external plugin libnccl-net.so
bddx-inf-sci-k8s-a800-03849:543575:544609 [0] NCCL INFO Plugin Path : /opt/hpcx/nccl_rdma_sharp_plugin/lib/libnccl-net.so
bddx-inf-sci-k8s-a800-03849:543575:544609 [0] NCCL INFO P2P plugin v10 IBext_v10
bddx-inf-sci-k8s-a800-03849:543575:544609 [0] NCCL INFO NCCL_SOCKET_IFNAME set by environment to bond0
bddx-inf-sci-k8s-a800-03849:543575:544609 [0] NCCL INFO NCCL_IB_ADAPTIVE_ROUTING set by environment to 0.
bddx-inf-sci-k8s-a800-03849:543581:544602 [6] NCCL INFO NCCL_IB_ADAPTIVE_ROUTING set by environment to 0.
bddx-inf-sci-k8s-a800-03849:543576:544606 [1] NCCL INFO NCCL_IB_ADAPTIVE_ROUTING set by environment to 0.
bddx-inf-sci-k8s-a800-03849:543577:544608 [2] NCCL INFO NCCL_IB_ADAPTIVE_ROUTING set by environment to 0.
bddx-inf-sci-k8s-a800-03849:543579:544605 [4] NCCL INFO NCCL_IB_ADAPTIVE_ROUTING set by environment to 0.
bddx-inf-sci-k8s-a800-03849:543580:544604 [5] NCCL INFO NCCL_IB_ADAPTIVE_ROUTING set by environment to 0.
bddx-inf-sci-k8s-a800-03849:543577:544608 [2] NCCL INFO NET/IB : Using [0]mlx5_2:1/RoCE [1]mlx5_3:1/RoCE [2]mlx5_4:1/RoCE [3]mlx5_5:1/RoCE [4]mlx5_6:1/RoCE [5]mlx5_7:1/RoCE [6]mlx5_8:1/RoCE [7]mlx5_9:1/RoCE [RO]; OOB bond0:10.206.118.11<0>
bddx-inf-sci-k8s-a800-03849:543577:544608 [2] NCCL INFO Initialized NET plugin IBext_v10
bddx-inf-sci-k8s-a800-03849:543577:544608 [2] NCCL INFO Assigned NET plugin IBext_v10 to comm
bddx-inf-sci-k8s-a800-03849:543577:544608 [2] NCCL INFO Using network IBext_v10
bddx-inf-sci-k8s-a800-03849:543580:544604 [5] NCCL INFO NET/IB : Using [0]mlx5_2:1/RoCE [1]mlx5_3:1/RoCE [2]mlx5_4:1/RoCE [3]mlx5_5:1/RoCE [4]mlx5_6:1/RoCE [5]mlx5_7:1/RoCE [6]mlx5_8:1/RoCE [7]mlx5_9:1/RoCE [RO]; OOB bond0:10.206.118.11<0>
bddx-inf-sci-k8s-a800-03849:543580:544604 [5] NCCL INFO Initialized NET plugin IBext_v10
bddx-inf-sci-k8s-a800-03849:543580:544604 [5] NCCL INFO Assigned NET plugin IBext_v10 to comm
bddx-inf-sci-k8s-a800-03849:543580:544604 [5] NCCL INFO Using network IBext_v10
bddx-inf-sci-k8s-a800-03849:543578:544603 [3] NCCL INFO NET/IB : Using [0]mlx5_2:1/RoCE [1]mlx5_3:1/RoCE [2]mlx5_4:1/RoCE [3]mlx5_5:1/RoCE [4]mlx5_6:1/RoCE [5]mlx5_7:1/RoCE [6]mlx5_8:1/RoCE [7]mlx5_9:1/RoCE [RO]; OOB bond0:10.206.118.11<0>
bddx-inf-sci-k8s-a800-03849:543578:544603 [3] NCCL INFO Initialized NET plugin IBext_v10
bddx-inf-sci-k8s-a800-03849:543578:544603 [3] NCCL INFO Assigned NET plugin IBext_v10 to comm
bddx-inf-sci-k8s-a800-03849:543578:544603 [3] NCCL INFO Using network IBext_v10
bddx-inf-sci-k8s-a800-03849:543581:544602 [6] NCCL INFO NET/IB : Using [0]mlx5_2:1/RoCE [1]mlx5_3:1/RoCE [2]mlx5_4:1/RoCE [3]mlx5_5:1/RoCE [4]mlx5_6:1/RoCE [5]mlx5_7:1/RoCE [6]mlx5_8:1/RoCE [7]mlx5_9:1/RoCE [RO]; OOB bond0:10.206.118.11<0>
bddx-inf-sci-k8s-a800-03849:543581:544602 [6] NCCL INFO Initialized NET plugin IBext_v10
bddx-inf-sci-k8s-a800-03849:543581:544602 [6] NCCL INFO Assigned NET plugin IBext_v10 to comm
bddx-inf-sci-k8s-a800-03849:543581:544602 [6] NCCL INFO Using network IBext_v10
bddx-inf-sci-k8s-a800-03849:543579:544605 [4] NCCL INFO NET/IB : Using [0]mlx5_2:1/RoCE [1]mlx5_3:1/RoCE [2]mlx5_4:1/RoCE [3]mlx5_5:1/RoCE [4]mlx5_6:1/RoCE [5]mlx5_7:1/RoCE [6]mlx5_8:1/RoCE [7]mlx5_9:1/RoCE [RO]; OOB bond0:10.206.118.11<0>
bddx-inf-sci-k8s-a800-03849:543579:544605 [4] NCCL INFO Initialized NET plugin IBext_v10
bddx-inf-sci-k8s-a800-03849:543579:544605 [4] NCCL INFO Assigned NET plugin IBext_v10 to comm
bddx-inf-sci-k8s-a800-03849:543579:544605 [4] NCCL INFO Using network IBext_v10
bddx-inf-sci-k8s-a800-03849:543577:544608 [2] NCCL INFO ncclCommInitRankConfig comm 0x13778eb0 rank 2 nranks 8 cudaDev 2 nvmlDev 2 busId 49000 commId 0xc59fea30029decf9 - Init START
bddx-inf-sci-k8s-a800-03849:543582:544607 [7] NCCL INFO NET/IB : Using [0]mlx5_2:1/RoCE [1]mlx5_3:1/RoCE [2]mlx5_4:1/RoCE [3]mlx5_5:1/RoCE [4]mlx5_6:1/RoCE [5]mlx5_7:1/RoCE [6]mlx5_8:1/RoCE [7]mlx5_9:1/RoCE [RO]; OOB bond0:10.206.118.11<0>
bddx-inf-sci-k8s-a800-03849:543582:544607 [7] NCCL INFO Initialized NET plugin IBext_v10
bddx-inf-sci-k8s-a800-03849:543582:544607 [7] NCCL INFO Assigned NET plugin IBext_v10 to comm
bddx-inf-sci-k8s-a800-03849:543582:544607 [7] NCCL INFO Using network IBext_v10
bddx-inf-sci-k8s-a800-03849:543580:544604 [5] NCCL INFO ncclCommInitRankConfig comm 0x13303990 rank 5 nranks 8 cudaDev 5 nvmlDev 5 busId 8e000 commId 0xc59fea30029decf9 - Init START
bddx-inf-sci-k8s-a800-03849:543578:544603 [3] NCCL INFO ncclCommInitRankConfig comm 0x124179f0 rank 3 nranks 8 cudaDev 3 nvmlDev 3 busId 4d000 commId 0xc59fea30029decf9 - Init START
bddx-inf-sci-k8s-a800-03849:543581:544602 [6] NCCL INFO ncclCommInitRankConfig comm 0x11bdb810 rank 6 nranks 8 cudaDev 6 nvmlDev 6 busId c5000 commId 0xc59fea30029decf9 - Init START
bddx-inf-sci-k8s-a800-03849:543579:544605 [4] NCCL INFO ncclCommInitRankConfig comm 0x136ad4e0 rank 4 nranks 8 cudaDev 4 nvmlDev 4 busId 89000 commId 0xc59fea30029decf9 - Init START
bddx-inf-sci-k8s-a800-03849:543582:544607 [7] NCCL INFO ncclCommInitRankConfig comm 0x13276490 rank 7 nranks 8 cudaDev 7 nvmlDev 7 busId c9000 commId 0xc59fea30029decf9 - Init START
bddx-inf-sci-k8s-a800-03849:543578:544603 [3] NCCL INFO RAS client listening socket at 127.0.0.1<28028>
bddx-inf-sci-k8s-a800-03849:543576:544606 [1] NCCL INFO NET/IB : Using [0]mlx5_2:1/RoCE [1]mlx5_3:1/RoCE [2]mlx5_4:1/RoCE [3]mlx5_5:1/RoCE [4]mlx5_6:1/RoCE [5]mlx5_7:1/RoCE [6]mlx5_8:1/RoCE [7]mlx5_9:1/RoCE [RO]; OOB bond0:10.206.118.11<0>
bddx-inf-sci-k8s-a800-03849:543576:544606 [1] NCCL INFO Initialized NET plugin IBext_v10
bddx-inf-sci-k8s-a800-03849:543576:544606 [1] NCCL INFO Assigned NET plugin IBext_v10 to comm
bddx-inf-sci-k8s-a800-03849:543576:544606 [1] NCCL INFO Using network IBext_v10
bddx-inf-sci-k8s-a800-03849:543579:544605 [4] NCCL INFO RAS client listening socket at 127.0.0.1<28028>
bddx-inf-sci-k8s-a800-03849:543580:544604 [5] NCCL INFO RAS client listening socket at 127.0.0.1<28028>
bddx-inf-sci-k8s-a800-03849:543576:544606 [1] NCCL INFO ncclCommInitRankConfig comm 0x12e79510 rank 1 nranks 8 cudaDev 1 nvmlDev 1 busId 18000 commId 0xc59fea30029decf9 - Init START
bddx-inf-sci-k8s-a800-03849:543581:544602 [6] NCCL INFO RAS client listening socket at 127.0.0.1<28028>
bddx-inf-sci-k8s-a800-03849:543577:544608 [2] NCCL INFO RAS client listening socket at 127.0.0.1<28028>
bddx-inf-sci-k8s-a800-03849:543575:544609 [0] NCCL INFO NET/IB : Using [0]mlx5_2:1/RoCE [1]mlx5_3:1/RoCE [2]mlx5_4:1/RoCE [3]mlx5_5:1/RoCE [4]mlx5_6:1/RoCE [5]mlx5_7:1/RoCE [6]mlx5_8:1/RoCE [7]mlx5_9:1/RoCE [RO]; OOB bond0:10.206.118.11<0>
bddx-inf-sci-k8s-a800-03849:543575:544609 [0] NCCL INFO Initialized NET plugin IBext_v10
bddx-inf-sci-k8s-a800-03849:543575:544609 [0] NCCL INFO Assigned NET plugin IBext_v10 to comm
bddx-inf-sci-k8s-a800-03849:543575:544609 [0] NCCL INFO Using network IBext_v10
bddx-inf-sci-k8s-a800-03849:543575:544609 [0] NCCL INFO ncclCommInitRankConfig comm 0x1156cec0 rank 0 nranks 8 cudaDev 0 nvmlDev 0 busId 12000 commId 0xc59fea30029decf9 - Init START
bddx-inf-sci-k8s-a800-03849:543575:544609 [0] NCCL INFO RAS client listening socket at 127.0.0.1<28028>
bddx-inf-sci-k8s-a800-03849:543576:544606 [1] NCCL INFO RAS client listening socket at 127.0.0.1<28028>
bddx-inf-sci-k8s-a800-03849:543582:544607 [7] NCCL INFO RAS client listening socket at 127.0.0.1<28028>
bddx-inf-sci-k8s-a800-03849:543575:544609 [0] NCCL INFO TOPO/NET : Importing network plugins to topology
bddx-inf-sci-k8s-a800-03849:543575:544609 [0] NCCL INFO Retrieving state for IBext_v10
bddx-inf-sci-k8s-a800-03849:543575:544609 [0] NCCL INFO Initialized state 0 for IBext_v10
bddx-inf-sci-k8s-a800-03849:543575:544609 [0] NCCL INFO ncclTopoPopulateNics : Filled mlx5_2 in topo with pciPath=/sys/devices/pci0000:0b/0000:0b:02.0/0000:0c:00.0/0000:0d:08.0/0000:1d:00.0/0000:1e:00.0/0000:1f:00.0 keep=1 coll=(null)
bddx-inf-sci-k8s-a800-03849:543578:544603 [3] NCCL INFO TOPO/NET : Importing network plugins to topology
bddx-inf-sci-k8s-a800-03849:543578:544603 [3] NCCL INFO Retrieving state for IBext_v10
bddx-inf-sci-k8s-a800-03849:543578:544603 [3] NCCL INFO Initialized state 0 for IBext_v10
bddx-inf-sci-k8s-a800-03849:543575:544609 [0] NCCL INFO ncclTopoPopulateNics : Filled mlx5_3 in topo with pciPath=/sys/devices/pci0000:0b/0000:0b:02.0/0000:0c:00.0/0000:0d:08.0/0000:1d:00.0/0000:1e:00.0/0000:1f:00.1 keep=1 coll=(null)
bddx-inf-sci-k8s-a800-03849:543578:544603 [3] NCCL INFO ncclTopoPopulateNics : Filled mlx5_2 in topo with pciPath=/sys/devices/pci0000:0b/0000:0b:02.0/0000:0c:00.0/0000:0d:08.0/0000:1d:00.0/0000:1e:00.0/0000:1f:00.0 keep=1 coll=(null)
bddx-inf-sci-k8s-a800-03849:543580:544604 [5] NCCL INFO TOPO/NET : Importing network plugins to topology
bddx-inf-sci-k8s-a800-03849:543580:544604 [5] NCCL INFO Retrieving state for IBext_v10
bddx-inf-sci-k8s-a800-03849:543580:544604 [5] NCCL INFO Initialized state 0 for IBext_v10
bddx-inf-sci-k8s-a800-03849:543576:544606 [1] NCCL INFO TOPO/NET : Importing network plugins to topology
bddx-inf-sci-k8s-a800-03849:543576:544606 [1] NCCL INFO Retrieving state for IBext_v10
bddx-inf-sci-k8s-a800-03849:543576:544606 [1] NCCL INFO Initialized state 0 for IBext_v10
bddx-inf-sci-k8s-a800-03849:543578:544603 [3] NCCL INFO ncclTopoPopulateNics : Filled mlx5_3 in topo with pciPath=/sys/devices/pci0000:0b/0000:0b:02.0/0000:0c:00.0/0000:0d:08.0/0000:1d:00.0/0000:1e:00.0/0000:1f:00.1 keep=1 coll=(null)
bddx-inf-sci-k8s-a800-03849:543580:544604 [5] NCCL INFO ncclTopoPopulateNics : Filled mlx5_2 in topo with pciPath=/sys/devices/pci0000:0b/0000:0b:02.0/0000:0c:00.0/0000:0d:08.0/0000:1d:00.0/0000:1e:00.0/0000:1f:00.0 keep=1 coll=(null)
bddx-inf-sci-k8s-a800-03849:543575:544609 [0] NCCL INFO ncclTopoPopulateNics : Filled mlx5_4 in topo with pciPath=/sys/devices/pci0000:42/0000:42:02.0/0000:43:00.0/0000:44:08.0/0000:5d:00.0/0000:5e:00.0/0000:5f:00.0 keep=1 coll=(null)
bddx-inf-sci-k8s-a800-03849:543576:544606 [1] NCCL INFO ncclTopoPopulateNics : Filled mlx5_2 in topo with pciPath=/sys/devices/pci0000:0b/0000:0b:02.0/0000:0c:00.0/0000:0d:08.0/0000:1d:00.0/0000:1e:00.0/0000:1f:00.0 keep=1 coll=(null)
bddx-inf-sci-k8s-a800-03849:543580:544604 [5] NCCL INFO ncclTopoPopulateNics : Filled mlx5_3 in topo with pciPath=/sys/devices/pci0000:0b/0000:0b:02.0/0000:0c:00.0/0000:0d:08.0/0000:1d:00.0/0000:1e:00.0/0000:1f:00.1 keep=1 coll=(null)
bddx-inf-sci-k8s-a800-03849:543578:544603 [3] NCCL INFO ncclTopoPopulateNics : Filled mlx5_4 in topo with pciPath=/sys/devices/pci0000:42/0000:42:02.0/0000:43:00.0/0000:44:08.0/0000:5d:00.0/0000:5e:00.0/0000:5f:00.0 keep=1 coll=(null)
bddx-inf-sci-k8s-a800-03849:543575:544609 [0] NCCL INFO ncclTopoPopulateNics : Filled mlx5_5 in topo with pciPath=/sys/devices/pci0000:42/0000:42:02.0/0000:43:00.0/0000:44:08.0/0000:5d:00.0/0000:5e:00.0/0000:5f:00.1 keep=1 coll=(null)
bddx-inf-sci-k8s-a800-03849:543579:544605 [4] NCCL INFO TOPO/NET : Importing network plugins to topology
bddx-inf-sci-k8s-a800-03849:543579:544605 [4] NCCL INFO Retrieving state for IBext_v10
bddx-inf-sci-k8s-a800-03849:543579:544605 [4] NCCL INFO Initialized state 0 for IBext_v10
bddx-inf-sci-k8s-a800-03849:543576:544606 [1] NCCL INFO ncclTopoPopulateNics : Filled mlx5_3 in topo with pciPath=/sys/devices/pci0000:0b/0000:0b:02.0/0000:0c:00.0/0000:0d:08.0/0000:1d:00.0/0000:1e:00.0/0000:1f:00.1 keep=1 coll=(null)
bddx-inf-sci-k8s-a800-03849:543578:544603 [3] NCCL INFO ncclTopoPopulateNics : Filled mlx5_5 in topo with pciPath=/sys/devices/pci0000:42/0000:42:02.0/0000:43:00.0/0000:44:08.0/0000:5d:00.0/0000:5e:00.0/0000:5f:00.1 keep=1 coll=(null)
bddx-inf-sci-k8s-a800-03849:543580:544604 [5] NCCL INFO ncclTopoPopulateNics : Filled mlx5_4 in topo with pciPath=/sys/devices/pci0000:42/0000:42:02.0/0000:43:00.0/0000:44:08.0/0000:5d:00.0/0000:5e:00.0/0000:5f:00.0 keep=1 coll=(null)
bddx-inf-sci-k8s-a800-03849:543579:544605 [4] NCCL INFO ncclTopoPopulateNics : Filled mlx5_2 in topo with pciPath=/sys/devices/pci0000:0b/0000:0b:02.0/0000:0c:00.0/0000:0d:08.0/0000:1d:00.0/0000:1e:00.0/0000:1f:00.0 keep=1 coll=(null)
bddx-inf-sci-k8s-a800-03849:543575:544609 [0] NCCL INFO ncclTopoPopulateNics : Filled mlx5_6 in topo with pciPath=/sys/devices/pci0000:82/0000:82:02.0/0000:83:00.0/0000:84:08.0/0000:93:00.0/0000:94:00.0/0000:95:00.0 keep=1 coll=(null)
bddx-inf-sci-k8s-a800-03849:543576:544606 [1] NCCL INFO ncclTopoPopulateNics : Filled mlx5_4 in topo with pciPath=/sys/devices/pci0000:42/0000:42:02.0/0000:43:00.0/0000:44:08.0/0000:5d:00.0/0000:5e:00.0/0000:5f:00.0 keep=1 coll=(null)
bddx-inf-sci-k8s-a800-03849:543577:544608 [2] NCCL INFO TOPO/NET : Importing network plugins to topology
bddx-inf-sci-k8s-a800-03849:543577:544608 [2] NCCL INFO Retrieving state for IBext_v10
bddx-inf-sci-k8s-a800-03849:543577:544608 [2] NCCL INFO Initialized state 0 for IBext_v10
bddx-inf-sci-k8s-a800-03849:543580:544604 [5] NCCL INFO ncclTopoPopulateNics : Filled mlx5_5 in topo with pciPath=/sys/devices/pci0000:42/0000:42:02.0/0000:43:00.0/0000:44:08.0/0000:5d:00.0/0000:5e:00.0/0000:5f:00.1 keep=1 coll=(null)
bddx-inf-sci-k8s-a800-03849:543579:544605 [4] NCCL INFO ncclTopoPopulateNics : Filled mlx5_3 in topo with pciPath=/sys/devices/pci0000:0b/0000:0b:02.0/0000:0c:00.0/0000:0d:08.0/0000:1d:00.0/0000:1e:00.0/0000:1f:00.1 keep=1 coll=(null)
bddx-inf-sci-k8s-a800-03849:543578:544603 [3] NCCL INFO ncclTopoPopulateNics : Filled mlx5_6 in topo with pciPath=/sys/devices/pci0000:82/0000:82:02.0/0000:83:00.0/0000:84:08.0/0000:93:00.0/0000:94:00.0/0000:95:00.0 keep=1 coll=(null)
bddx-inf-sci-k8s-a800-03849:543575:544609 [0] NCCL INFO ncclTopoPopulateNics : Filled mlx5_7 in topo with pciPath=/sys/devices/pci0000:82/0000:82:02.0/0000:83:00.0/0000:84:08.0/0000:93:00.0/0000:94:00.0/0000:95:00.1 keep=1 coll=(null)
bddx-inf-sci-k8s-a800-03849:543576:544606 [1] NCCL INFO ncclTopoPopulateNics : Filled mlx5_5 in topo with pciPath=/sys/devices/pci0000:42/0000:42:02.0/0000:43:00.0/0000:44:08.0/0000:5d:00.0/0000:5e:00.0/0000:5f:00.1 keep=1 coll=(null)
bddx-inf-sci-k8s-a800-03849:543577:544608 [2] NCCL INFO ncclTopoPopulateNics : Filled mlx5_2 in topo with pciPath=/sys/devices/pci0000:0b/0000:0b:02.0/0000:0c:00.0/0000:0d:08.0/0000:1d:00.0/0000:1e:00.0/0000:1f:00.0 keep=1 coll=(null)
bddx-inf-sci-k8s-a800-03849:543578:544603 [3] NCCL INFO ncclTopoPopulateNics : Filled mlx5_7 in topo with pciPath=/sys/devices/pci0000:82/0000:82:02.0/0000:83:00.0/0000:84:08.0/0000:93:00.0/0000:94:00.0/0000:95:00.1 keep=1 coll=(null)
bddx-inf-sci-k8s-a800-03849:543580:544604 [5] NCCL INFO ncclTopoPopulateNics : Filled mlx5_6 in topo with pciPath=/sys/devices/pci0000:82/0000:82:02.0/0000:83:00.0/0000:84:08.0/0000:93:00.0/0000:94:00.0/0000:95:00.0 keep=1 coll=(null)
bddx-inf-sci-k8s-a800-03849:543579:544605 [4] NCCL INFO ncclTopoPopulateNics : Filled mlx5_4 in topo with pciPath=/sys/devices/pci0000:42/0000:42:02.0/0000:43:00.0/0000:44:08.0/0000:5d:00.0/0000:5e:00.0/0000:5f:00.0 keep=1 coll=(null)
bddx-inf-sci-k8s-a800-03849:543577:544608 [2] NCCL INFO ncclTopoPopulateNics : Filled mlx5_3 in topo with pciPath=/sys/devices/pci0000:0b/0000:0b:02.0/0000:0c:00.0/0000:0d:08.0/0000:1d:00.0/0000:1e:00.0/0000:1f:00.1 keep=1 coll=(null)
bddx-inf-sci-k8s-a800-03849:543576:544606 [1] NCCL INFO ncclTopoPopulateNics : Filled mlx5_6 in topo with pciPath=/sys/devices/pci0000:82/0000:82:02.0/0000:83:00.0/0000:84:08.0/0000:93:00.0/0000:94:00.0/0000:95:00.0 keep=1 coll=(null)
bddx-inf-sci-k8s-a800-03849:543575:544609 [0] NCCL INFO ncclTopoPopulateNics : Filled mlx5_8 in topo with pciPath=/sys/devices/pci0000:be/0000:be:02.0/0000:bf:00.0/0000:c0:04.0/0000:ca:00.0/0000:cb:10.0/0000:cc:00.0 keep=1 coll=(null)
bddx-inf-sci-k8s-a800-03849:543580:544604 [5] NCCL INFO ncclTopoPopulateNics : Filled mlx5_7 in topo with pciPath=/sys/devices/pci0000:82/0000:82:02.0/0000:83:00.0/0000:84:08.0/0000:93:00.0/0000:94:00.0/0000:95:00.1 keep=1 coll=(null)
bddx-inf-sci-k8s-a800-03849:543579:544605 [4] NCCL INFO ncclTopoPopulateNics : Filled mlx5_5 in topo with pciPath=/sys/devices/pci0000:42/0000:42:02.0/0000:43:00.0/0000:44:08.0/0000:5d:00.0/0000:5e:00.0/0000:5f:00.1 keep=1 coll=(null)
bddx-inf-sci-k8s-a800-03849:543578:544603 [3] NCCL INFO ncclTopoPopulateNics : Filled mlx5_8 in topo with pciPath=/sys/devices/pci0000:be/0000:be:02.0/0000:bf:00.0/0000:c0:04.0/0000:ca:00.0/0000:cb:10.0/0000:cc:00.0 keep=1 coll=(null)
bddx-inf-sci-k8s-a800-03849:543581:544602 [6] NCCL INFO TOPO/NET : Importing network plugins to topology
bddx-inf-sci-k8s-a800-03849:543581:544602 [6] NCCL INFO Retrieving state for IBext_v10
bddx-inf-sci-k8s-a800-03849:543581:544602 [6] NCCL INFO Initialized state 0 for IBext_v10
bddx-inf-sci-k8s-a800-03849:543576:544606 [1] NCCL INFO ncclTopoPopulateNics : Filled mlx5_7 in topo with pciPath=/sys/devices/pci0000:82/0000:82:02.0/0000:83:00.0/0000:84:08.0/0000:93:00.0/0000:94:00.0/0000:95:00.1 keep=1 coll=(null)
bddx-inf-sci-k8s-a800-03849:543575:544609 [0] NCCL INFO ncclTopoPopulateNics : Filled mlx5_9 in topo with pciPath=/sys/devices/pci0000:be/0000:be:02.0/0000:bf:00.0/0000:c0:04.0/0000:ca:00.0/0000:cb:10.0/0000:cc:00.1 keep=1 coll=(null)
bddx-inf-sci-k8s-a800-03849:543575:544609 [0] NCCL INFO TOPO/NET : Made vNic 8
bddx-inf-sci-k8s-a800-03849:543575:544609 [0] NCCL INFO TOPO/NET : Made vNic 9
bddx-inf-sci-k8s-a800-03849:543575:544609 [0] NCCL INFO TOPO/NET : Made vNic 10
bddx-inf-sci-k8s-a800-03849:543575:544609 [0] NCCL INFO TOPO/NET : Made vNic 11
bddx-inf-sci-k8s-a800-03849:543575:544609 [0] NCCL INFO ncclTopoPopulateNics : Filled mlx5_2+mlx5_3 in topo with pciPath=/sys/devices/pci0000:0b/0000:0b:02.0/0000:0c:00.0/0000:0d:08.0/0000:1d:00.0/0000:1e:00.0/0000:1f:00.0 keep=1 coll=(null)
bddx-inf-sci-k8s-a800-03849:543577:544608 [2] NCCL INFO ncclTopoPopulateNics : Filled mlx5_4 in topo with pciPath=/sys/devices/pci0000:42/0000:42:02.0/0000:43:00.0/0000:44:08.0/0000:5d:00.0/0000:5e:00.0/0000:5f:00.0 keep=1 coll=(null)
bddx-inf-sci-k8s-a800-03849:543575:544609 [0] NCCL INFO ncclTopoPopulateNics : Filled mlx5_4+mlx5_5 in topo with pciPath=/sys/devices/pci0000:42/0000:42:02.0/0000:43:00.0/0000:44:08.0/0000:5d:00.0/0000:5e:00.0/0000:5f:00.0 keep=1 coll=(null)
bddx-inf-sci-k8s-a800-03849:543575:544609 [0] NCCL INFO ncclTopoPopulateNics : Filled mlx5_6+mlx5_7 in topo with pciPath=/sys/devices/pci0000:82/0000:82:02.0/0000:83:00.0/0000:84:08.0/0000:93:00.0/0000:94:00.0/0000:95:00.0 keep=1 coll=(null)
bddx-inf-sci-k8s-a800-03849:543582:544607 [7] NCCL INFO TOPO/NET : Importing network plugins to topology
bddx-inf-sci-k8s-a800-03849:543582:544607 [7] NCCL INFO Retrieving state for IBext_v10
bddx-inf-sci-k8s-a800-03849:543575:544609 [0] NCCL INFO ncclTopoPopulateNics : Filled mlx5_8+mlx5_9 in topo with pciPath=/sys/devices/pci0000:be/0000:be:02.0/0000:bf:00.0/0000:c0:04.0/0000:ca:00.0/0000:cb:10.0/0000:cc:00.0 keep=1 coll=(null)
bddx-inf-sci-k8s-a800-03849:543582:544607 [7] NCCL INFO Initialized state 0 for IBext_v10
bddx-inf-sci-k8s-a800-03849:543578:544603 [3] NCCL INFO ncclTopoPopulateNics : Filled mlx5_9 in topo with pciPath=/sys/devices/pci0000:be/0000:be:02.0/0000:bf:00.0/0000:c0:04.0/0000:ca:00.0/0000:cb:10.0/0000:cc:00.1 keep=1 coll=(null)
bddx-inf-sci-k8s-a800-03849:543580:544604 [5] NCCL INFO ncclTopoPopulateNics : Filled mlx5_8 in topo with pciPath=/sys/devices/pci0000:be/0000:be:02.0/0000:bf:00.0/0000:c0:04.0/0000:ca:00.0/0000:cb:10.0/0000:cc:00.0 keep=1 coll=(null)
bddx-inf-sci-k8s-a800-03849:543578:544603 [3] NCCL INFO TOPO/NET : Made vNic 8
bddx-inf-sci-k8s-a800-03849:543578:544603 [3] NCCL INFO TOPO/NET : Made vNic 9
bddx-inf-sci-k8s-a800-03849:543578:544603 [3] NCCL INFO TOPO/NET : Made vNic 10
bddx-inf-sci-k8s-a800-03849:543578:544603 [3] NCCL INFO TOPO/NET : Made vNic 11
bddx-inf-sci-k8s-a800-03849:543579:544605 [4] NCCL INFO ncclTopoPopulateNics : Filled mlx5_6 in topo with pciPath=/sys/devices/pci0000:82/0000:82:02.0/0000:83:00.0/0000:84:08.0/0000:93:00.0/0000:94:00.0/0000:95:00.0 keep=1 coll=(null)
bddx-inf-sci-k8s-a800-03849:543578:544603 [3] NCCL INFO ncclTopoPopulateNics : Filled mlx5_2+mlx5_3 in topo with pciPath=/sys/devices/pci0000:0b/0000:0b:02.0/0000:0c:00.0/0000:0d:08.0/0000:1d:00.0/0000:1e:00.0/0000:1f:00.0 keep=1 coll=(null)
bddx-inf-sci-k8s-a800-03849:543578:544603 [3] NCCL INFO ncclTopoPopulateNics : Filled mlx5_4+mlx5_5 in topo with pciPath=/sys/devices/pci0000:42/0000:42:02.0/0000:43:00.0/0000:44:08.0/0000:5d:00.0/0000:5e:00.0/0000:5f:00.0 keep=1 coll=(null)
bddx-inf-sci-k8s-a800-03849:543578:544603 [3] NCCL INFO ncclTopoPopulateNics : Filled mlx5_6+mlx5_7 in topo with pciPath=/sys/devices/pci0000:82/0000:82:02.0/0000:83:00.0/0000:84:08.0/0000:93:00.0/0000:94:00.0/0000:95:00.0 keep=1 coll=(null)
bddx-inf-sci-k8s-a800-03849:543581:544602 [6] NCCL INFO ncclTopoPopulateNics : Filled mlx5_2 in topo with pciPath=/sys/devices/pci0000:0b/0000:0b:02.0/0000:0c:00.0/0000:0d:08.0/0000:1d:00.0/0000:1e:00.0/0000:1f:00.0 keep=1 coll=(null)
bddx-inf-sci-k8s-a800-03849:543578:544603 [3] NCCL INFO ncclTopoPopulateNics : Filled mlx5_8+mlx5_9 in topo with pciPath=/sys/devices/pci0000:be/0000:be:02.0/0000:bf:00.0/0000:c0:04.0/0000:ca:00.0/0000:cb:10.0/0000:cc:00.0 keep=1 coll=(null)
bddx-inf-sci-k8s-a800-03849:543577:544608 [2] NCCL INFO ncclTopoPopulateNics : Filled mlx5_5 in topo with pciPath=/sys/devices/pci0000:42/0000:42:02.0/0000:43:00.0/0000:44:08.0/0000:5d:00.0/0000:5e:00.0/0000:5f:00.1 keep=1 coll=(null)
bddx-inf-sci-k8s-a800-03849:543576:544606 [1] NCCL INFO ncclTopoPopulateNics : Filled mlx5_8 in topo with pciPath=/sys/devices/pci0000:be/0000:be:02.0/0000:bf:00.0/0000:c0:04.0/0000:ca:00.0/0000:cb:10.0/0000:cc:00.0 keep=1 coll=(null)
bddx-inf-sci-k8s-a800-03849:543580:544604 [5] NCCL INFO ncclTopoPopulateNics : Filled mlx5_9 in topo with pciPath=/sys/devices/pci0000:be/0000:be:02.0/0000:bf:00.0/0000:c0:04.0/0000:ca:00.0/0000:cb:10.0/0000:cc:00.1 keep=1 coll=(null)
bddx-inf-sci-k8s-a800-03849:543580:544604 [5] NCCL INFO TOPO/NET : Made vNic 8
bddx-inf-sci-k8s-a800-03849:543580:544604 [5] NCCL INFO TOPO/NET : Made vNic 9
bddx-inf-sci-k8s-a800-03849:543580:544604 [5] NCCL INFO TOPO/NET : Made vNic 10
bddx-inf-sci-k8s-a800-03849:543580:544604 [5] NCCL INFO TOPO/NET : Made vNic 11
bddx-inf-sci-k8s-a800-03849:543582:544607 [7] NCCL INFO ncclTopoPopulateNics : Filled mlx5_2 in topo with pciPath=/sys/devices/pci0000:0b/0000:0b:02.0/0000:0c:00.0/0000:0d:08.0/0000:1d:00.0/0000:1e:00.0/0000:1f:00.0 keep=1 coll=(null)
bddx-inf-sci-k8s-a800-03849:543579:544605 [4] NCCL INFO ncclTopoPopulateNics : Filled mlx5_7 in topo with pciPath=/sys/devices/pci0000:82/0000:82:02.0/0000:83:00.0/0000:84:08.0/0000:93:00.0/0000:94:00.0/0000:95:00.1 keep=1 coll=(null)
bddx-inf-sci-k8s-a800-03849:543580:544604 [5] NCCL INFO ncclTopoPopulateNics : Filled mlx5_2+mlx5_3 in topo with pciPath=/sys/devices/pci0000:0b/0000:0b:02.0/0000:0c:00.0/0000:0d:08.0/0000:1d:00.0/0000:1e:00.0/0000:1f:00.0 keep=1 coll=(null)
bddx-inf-sci-k8s-a800-03849:543580:544604 [5] NCCL INFO ncclTopoPopulateNics : Filled mlx5_4+mlx5_5 in topo with pciPath=/sys/devices/pci0000:42/0000:42:02.0/0000:43:00.0/0000:44:08.0/0000:5d:00.0/0000:5e:00.0/0000:5f:00.0 keep=1 coll=(null)
bddx-inf-sci-k8s-a800-03849:543581:544602 [6] NCCL INFO ncclTopoPopulateNics : Filled mlx5_3 in topo with pciPath=/sys/devices/pci0000:0b/0000:0b:02.0/0000:0c:00.0/0000:0d:08.0/0000:1d:00.0/0000:1e:00.0/0000:1f:00.1 keep=1 coll=(null)
bddx-inf-sci-k8s-a800-03849:543580:544604 [5] NCCL INFO ncclTopoPopulateNics : Filled mlx5_6+mlx5_7 in topo with pciPath=/sys/devices/pci0000:82/0000:82:02.0/0000:83:00.0/0000:84:08.0/0000:93:00.0/0000:94:00.0/0000:95:00.0 keep=1 coll=(null)
bddx-inf-sci-k8s-a800-03849:543580:544604 [5] NCCL INFO ncclTopoPopulateNics : Filled mlx5_8+mlx5_9 in topo with pciPath=/sys/devices/pci0000:be/0000:be:02.0/0000:bf:00.0/0000:c0:04.0/0000:ca:00.0/0000:cb:10.0/0000:cc:00.0 keep=1 coll=(null)
bddx-inf-sci-k8s-a800-03849:543576:544606 [1] NCCL INFO ncclTopoPopulateNics : Filled mlx5_9 in topo with pciPath=/sys/devices/pci0000:be/0000:be:02.0/0000:bf:00.0/0000:c0:04.0/0000:ca:00.0/0000:cb:10.0/0000:cc:00.1 keep=1 coll=(null)
bddx-inf-sci-k8s-a800-03849:543576:544606 [1] NCCL INFO TOPO/NET : Made vNic 8
bddx-inf-sci-k8s-a800-03849:543576:544606 [1] NCCL INFO TOPO/NET : Made vNic 9
bddx-inf-sci-k8s-a800-03849:543582:544607 [7] NCCL INFO ncclTopoPopulateNics : Filled mlx5_3 in topo with pciPath=/sys/devices/pci0000:0b/0000:0b:02.0/0000:0c:00.0/0000:0d:08.0/0000:1d:00.0/0000:1e:00.0/0000:1f:00.1 keep=1 coll=(null)
bddx-inf-sci-k8s-a800-03849:543576:544606 [1] NCCL INFO TOPO/NET : Made vNic 10
bddx-inf-sci-k8s-a800-03849:543576:544606 [1] NCCL INFO TOPO/NET : Made vNic 11
bddx-inf-sci-k8s-a800-03849:543576:544606 [1] NCCL INFO ncclTopoPopulateNics : Filled mlx5_2+mlx5_3 in topo with pciPath=/sys/devices/pci0000:0b/0000:0b:02.0/0000:0c:00.0/0000:0d:08.0/0000:1d:00.0/0000:1e:00.0/0000:1f:00.0 keep=1 coll=(null)
bddx-inf-sci-k8s-a800-03849:543576:544606 [1] NCCL INFO ncclTopoPopulateNics : Filled mlx5_4+mlx5_5 in topo with pciPath=/sys/devices/pci0000:42/0000:42:02.0/0000:43:00.0/0000:44:08.0/0000:5d:00.0/0000:5e:00.0/0000:5f:00.0 keep=1 coll=(null)
bddx-inf-sci-k8s-a800-03849:543577:544608 [2] NCCL INFO ncclTopoPopulateNics : Filled mlx5_6 in topo with pciPath=/sys/devices/pci0000:82/0000:82:02.0/0000:83:00.0/0000:84:08.0/0000:93:00.0/0000:94:00.0/0000:95:00.0 keep=1 coll=(null)
bddx-inf-sci-k8s-a800-03849:543576:544606 [1] NCCL INFO ncclTopoPopulateNics : Filled mlx5_6+mlx5_7 in topo with pciPath=/sys/devices/pci0000:82/0000:82:02.0/0000:83:00.0/0000:84:08.0/0000:93:00.0/0000:94:00.0/0000:95:00.0 keep=1 coll=(null)
bddx-inf-sci-k8s-a800-03849:543576:544606 [1] NCCL INFO ncclTopoPopulateNics : Filled mlx5_8+mlx5_9 in topo with pciPath=/sys/devices/pci0000:be/0000:be:02.0/0000:bf:00.0/0000:c0:04.0/0000:ca:00.0/0000:cb:10.0/0000:cc:00.0 keep=1 coll=(null)
bddx-inf-sci-k8s-a800-03849:543579:544605 [4] NCCL INFO ncclTopoPopulateNics : Filled mlx5_8 in topo with pciPath=/sys/devices/pci0000:be/0000:be:02.0/0000:bf:00.0/0000:c0:04.0/0000:ca:00.0/0000:cb:10.0/0000:cc:00.0 keep=1 coll=(null)
bddx-inf-sci-k8s-a800-03849:543581:544602 [6] NCCL INFO ncclTopoPopulateNics : Filled mlx5_4 in topo with pciPath=/sys/devices/pci0000:42/0000:42:02.0/0000:43:00.0/0000:44:08.0/0000:5d:00.0/0000:5e:00.0/0000:5f:00.0 keep=1 coll=(null)
bddx-inf-sci-k8s-a800-03849:543577:544608 [2] NCCL INFO ncclTopoPopulateNics : Filled mlx5_7 in topo with pciPath=/sys/devices/pci0000:82/0000:82:02.0/0000:83:00.0/0000:84:08.0/0000:93:00.0/0000:94:00.0/0000:95:00.1 keep=1 coll=(null)
bddx-inf-sci-k8s-a800-03849:543582:544607 [7] NCCL INFO ncclTopoPopulateNics : Filled mlx5_4 in topo with pciPath=/sys/devices/pci0000:42/0000:42:02.0/0000:43:00.0/0000:44:08.0/0000:5d:00.0/0000:5e:00.0/0000:5f:00.0 keep=1 coll=(null)
bddx-inf-sci-k8s-a800-03849:543579:544605 [4] NCCL INFO ncclTopoPopulateNics : Filled mlx5_9 in topo with pciPath=/sys/devices/pci0000:be/0000:be:02.0/0000:bf:00.0/0000:c0:04.0/0000:ca:00.0/0000:cb:10.0/0000:cc:00.1 keep=1 coll=(null)
bddx-inf-sci-k8s-a800-03849:543579:544605 [4] NCCL INFO TOPO/NET : Made vNic 8
bddx-inf-sci-k8s-a800-03849:543579:544605 [4] NCCL INFO TOPO/NET : Made vNic 9
bddx-inf-sci-k8s-a800-03849:543579:544605 [4] NCCL INFO TOPO/NET : Made vNic 10
bddx-inf-sci-k8s-a800-03849:543579:544605 [4] NCCL INFO TOPO/NET : Made vNic 11
bddx-inf-sci-k8s-a800-03849:543581:544602 [6] NCCL INFO ncclTopoPopulateNics : Filled mlx5_5 in topo with pciPath=/sys/devices/pci0000:42/0000:42:02.0/0000:43:00.0/0000:44:08.0/0000:5d:00.0/0000:5e:00.0/0000:5f:00.1 keep=1 coll=(null)
bddx-inf-sci-k8s-a800-03849:543579:544605 [4] NCCL INFO ncclTopoPopulateNics : Filled mlx5_2+mlx5_3 in topo with pciPath=/sys/devices/pci0000:0b/0000:0b:02.0/0000:0c:00.0/0000:0d:08.0/0000:1d:00.0/0000:1e:00.0/0000:1f:00.0 keep=1 coll=(null)
bddx-inf-sci-k8s-a800-03849:543579:544605 [4] NCCL INFO ncclTopoPopulateNics : Filled mlx5_4+mlx5_5 in topo with pciPath=/sys/devices/pci0000:42/0000:42:02.0/0000:43:00.0/0000:44:08.0/0000:5d:00.0/0000:5e:00.0/0000:5f:00.0 keep=1 coll=(null)
bddx-inf-sci-k8s-a800-03849:543579:544605 [4] NCCL INFO ncclTopoPopulateNics : Filled mlx5_6+mlx5_7 in topo with pciPath=/sys/devices/pci0000:82/0000:82:02.0/0000:83:00.0/0000:84:08.0/0000:93:00.0/0000:94:00.0/0000:95:00.0 keep=1 coll=(null)
bddx-inf-sci-k8s-a800-03849:543579:544605 [4] NCCL INFO ncclTopoPopulateNics : Filled mlx5_8+mlx5_9 in topo with pciPath=/sys/devices/pci0000:be/0000:be:02.0/0000:bf:00.0/0000:c0:04.0/0000:ca:00.0/0000:cb:10.0/0000:cc:00.0 keep=1 coll=(null)
bddx-inf-sci-k8s-a800-03849:543582:544607 [7] NCCL INFO ncclTopoPopulateNics : Filled mlx5_5 in topo with pciPath=/sys/devices/pci0000:42/0000:42:02.0/0000:43:00.0/0000:44:08.0/0000:5d:00.0/0000:5e:00.0/0000:5f:00.1 keep=1 coll=(null)
bddx-inf-sci-k8s-a800-03849:543577:544608 [2] NCCL INFO ncclTopoPopulateNics : Filled mlx5_8 in topo with pciPath=/sys/devices/pci0000:be/0000:be:02.0/0000:bf:00.0/0000:c0:04.0/0000:ca:00.0/0000:cb:10.0/0000:cc:00.0 keep=1 coll=(null)
bddx-inf-sci-k8s-a800-03849:543581:544602 [6] NCCL INFO ncclTopoPopulateNics : Filled mlx5_6 in topo with pciPath=/sys/devices/pci0000:82/0000:82:02.0/0000:83:00.0/0000:84:08.0/0000:93:00.0/0000:94:00.0/0000:95:00.0 keep=1 coll=(null)
bddx-inf-sci-k8s-a800-03849:543581:544602 [6] NCCL INFO ncclTopoPopulateNics : Filled mlx5_7 in topo with pciPath=/sys/devices/pci0000:82/0000:82:02.0/0000:83:00.0/0000:84:08.0/0000:93:00.0/0000:94:00.0/0000:95:00.1 keep=1 coll=(null)
bddx-inf-sci-k8s-a800-03849:543577:544608 [2] NCCL INFO ncclTopoPopulateNics : Filled mlx5_9 in topo with pciPath=/sys/devices/pci0000:be/0000:be:02.0/0000:bf:00.0/0000:c0:04.0/0000:ca:00.0/0000:cb:10.0/0000:cc:00.1 keep=1 coll=(null)
bddx-inf-sci-k8s-a800-03849:543577:544608 [2] NCCL INFO TOPO/NET : Made vNic 8
bddx-inf-sci-k8s-a800-03849:543577:544608 [2] NCCL INFO TOPO/NET : Made vNic 9
bddx-inf-sci-k8s-a800-03849:543577:544608 [2] NCCL INFO TOPO/NET : Made vNic 10
bddx-inf-sci-k8s-a800-03849:543577:544608 [2] NCCL INFO TOPO/NET : Made vNic 11
bddx-inf-sci-k8s-a800-03849:543577:544608 [2] NCCL INFO ncclTopoPopulateNics : Filled mlx5_2+mlx5_3 in topo with pciPath=/sys/devices/pci0000:0b/0000:0b:02.0/0000:0c:00.0/0000:0d:08.0/0000:1d:00.0/0000:1e:00.0/0000:1f:00.0 keep=1 coll=(null)
bddx-inf-sci-k8s-a800-03849:543577:544608 [2] NCCL INFO ncclTopoPopulateNics : Filled mlx5_4+mlx5_5 in topo with pciPath=/sys/devices/pci0000:42/0000:42:02.0/0000:43:00.0/0000:44:08.0/0000:5d:00.0/0000:5e:00.0/0000:5f:00.0 keep=1 coll=(null)
bddx-inf-sci-k8s-a800-03849:543582:544607 [7] NCCL INFO ncclTopoPopulateNics : Filled mlx5_6 in topo with pciPath=/sys/devices/pci0000:82/0000:82:02.0/0000:83:00.0/0000:84:08.0/0000:93:00.0/0000:94:00.0/0000:95:00.0 keep=1 coll=(null)
bddx-inf-sci-k8s-a800-03849:543577:544608 [2] NCCL INFO ncclTopoPopulateNics : Filled mlx5_6+mlx5_7 in topo with pciPath=/sys/devices/pci0000:82/0000:82:02.0/0000:83:00.0/0000:84:08.0/0000:93:00.0/0000:94:00.0/0000:95:00.0 keep=1 coll=(null)
bddx-inf-sci-k8s-a800-03849:543577:544608 [2] NCCL INFO ncclTopoPopulateNics : Filled mlx5_8+mlx5_9 in topo with pciPath=/sys/devices/pci0000:be/0000:be:02.0/0000:bf:00.0/0000:c0:04.0/0000:ca:00.0/0000:cb:10.0/0000:cc:00.0 keep=1 coll=(null)
bddx-inf-sci-k8s-a800-03849:543581:544602 [6] NCCL INFO ncclTopoPopulateNics : Filled mlx5_8 in topo with pciPath=/sys/devices/pci0000:be/0000:be:02.0/0000:bf:00.0/0000:c0:04.0/0000:ca:00.0/0000:cb:10.0/0000:cc:00.0 keep=1 coll=(null)
bddx-inf-sci-k8s-a800-03849:543582:544607 [7] NCCL INFO ncclTopoPopulateNics : Filled mlx5_7 in topo with pciPath=/sys/devices/pci0000:82/0000:82:02.0/0000:83:00.0/0000:84:08.0/0000:93:00.0/0000:94:00.0/0000:95:00.1 keep=1 coll=(null)
bddx-inf-sci-k8s-a800-03849:543581:544602 [6] NCCL INFO ncclTopoPopulateNics : Filled mlx5_9 in topo with pciPath=/sys/devices/pci0000:be/0000:be:02.0/0000:bf:00.0/0000:c0:04.0/0000:ca:00.0/0000:cb:10.0/0000:cc:00.1 keep=1 coll=(null)
bddx-inf-sci-k8s-a800-03849:543581:544602 [6] NCCL INFO TOPO/NET : Made vNic 8
bddx-inf-sci-k8s-a800-03849:543581:544602 [6] NCCL INFO TOPO/NET : Made vNic 9
bddx-inf-sci-k8s-a800-03849:543581:544602 [6] NCCL INFO TOPO/NET : Made vNic 10
bddx-inf-sci-k8s-a800-03849:543581:544602 [6] NCCL INFO TOPO/NET : Made vNic 11
bddx-inf-sci-k8s-a800-03849:543581:544602 [6] NCCL INFO ncclTopoPopulateNics : Filled mlx5_2+mlx5_3 in topo with pciPath=/sys/devices/pci0000:0b/0000:0b:02.0/0000:0c:00.0/0000:0d:08.0/0000:1d:00.0/0000:1e:00.0/0000:1f:00.0 keep=1 coll=(null)
bddx-inf-sci-k8s-a800-03849:543581:544602 [6] NCCL INFO ncclTopoPopulateNics : Filled mlx5_4+mlx5_5 in topo with pciPath=/sys/devices/pci0000:42/0000:42:02.0/0000:43:00.0/0000:44:08.0/0000:5d:00.0/0000:5e:00.0/0000:5f:00.0 keep=1 coll=(null)
bddx-inf-sci-k8s-a800-03849:543582:544607 [7] NCCL INFO ncclTopoPopulateNics : Filled mlx5_8 in topo with pciPath=/sys/devices/pci0000:be/0000:be:02.0/0000:bf:00.0/0000:c0:04.0/0000:ca:00.0/0000:cb:10.0/0000:cc:00.0 keep=1 coll=(null)
bddx-inf-sci-k8s-a800-03849:543581:544602 [6] NCCL INFO ncclTopoPopulateNics : Filled mlx5_6+mlx5_7 in topo with pciPath=/sys/devices/pci0000:82/0000:82:02.0/0000:83:00.0/0000:84:08.0/0000:93:00.0/0000:94:00.0/0000:95:00.0 keep=1 coll=(null)
bddx-inf-sci-k8s-a800-03849:543581:544602 [6] NCCL INFO ncclTopoPopulateNics : Filled mlx5_8+mlx5_9 in topo with pciPath=/sys/devices/pci0000:be/0000:be:02.0/0000:bf:00.0/0000:c0:04.0/0000:ca:00.0/0000:cb:10.0/0000:cc:00.0 keep=1 coll=(null)
bddx-inf-sci-k8s-a800-03849:543582:544607 [7] NCCL INFO ncclTopoPopulateNics : Filled mlx5_9 in topo with pciPath=/sys/devices/pci0000:be/0000:be:02.0/0000:bf:00.0/0000:c0:04.0/0000:ca:00.0/0000:cb:10.0/0000:cc:00.1 keep=1 coll=(null)
bddx-inf-sci-k8s-a800-03849:543582:544607 [7] NCCL INFO TOPO/NET : Made vNic 8
bddx-inf-sci-k8s-a800-03849:543582:544607 [7] NCCL INFO TOPO/NET : Made vNic 9
bddx-inf-sci-k8s-a800-03849:543582:544607 [7] NCCL INFO TOPO/NET : Made vNic 10
bddx-inf-sci-k8s-a800-03849:543582:544607 [7] NCCL INFO TOPO/NET : Made vNic 11
bddx-inf-sci-k8s-a800-03849:543582:544607 [7] NCCL INFO ncclTopoPopulateNics : Filled mlx5_2+mlx5_3 in topo with pciPath=/sys/devices/pci0000:0b/0000:0b:02.0/0000:0c:00.0/0000:0d:08.0/0000:1d:00.0/0000:1e:00.0/0000:1f:00.0 keep=1 coll=(null)
bddx-inf-sci-k8s-a800-03849:543582:544607 [7] NCCL INFO ncclTopoPopulateNics : Filled mlx5_4+mlx5_5 in topo with pciPath=/sys/devices/pci0000:42/0000:42:02.0/0000:43:00.0/0000:44:08.0/0000:5d:00.0/0000:5e:00.0/0000:5f:00.0 keep=1 coll=(null)
bddx-inf-sci-k8s-a800-03849:543582:544607 [7] NCCL INFO ncclTopoPopulateNics : Filled mlx5_6+mlx5_7 in topo with pciPath=/sys/devices/pci0000:82/0000:82:02.0/0000:83:00.0/0000:84:08.0/0000:93:00.0/0000:94:00.0/0000:95:00.0 keep=1 coll=(null)
bddx-inf-sci-k8s-a800-03849:543582:544607 [7] NCCL INFO ncclTopoPopulateNics : Filled mlx5_8+mlx5_9 in topo with pciPath=/sys/devices/pci0000:be/0000:be:02.0/0000:bf:00.0/0000:c0:04.0/0000:ca:00.0/0000:cb:10.0/0000:cc:00.0 keep=1 coll=(null)
bddx-inf-sci-k8s-a800-03849:543577:544608 [2] NCCL INFO GPU Direct RDMA Enabled for GPU 0 / HCA 8 (distance 5 <= 5), read 0 mode Default
bddx-inf-sci-k8s-a800-03849:543577:544608 [2] NCCL INFO GPU Direct RDMA Enabled for GPU 1 / HCA 8 (distance 5 <= 5), read 0 mode Default
bddx-inf-sci-k8s-a800-03849:543577:544608 [2] NCCL INFO GPU Direct RDMA Enabled for GPU 2 / HCA 8 (distance 5 <= 5), read 0 mode Default
bddx-inf-sci-k8s-a800-03849:543577:544608 [2] NCCL INFO GPU Direct RDMA Enabled for GPU 3 / HCA 8 (distance 5 <= 5), read 0 mode Default
bddx-inf-sci-k8s-a800-03849:543577:544608 [2] NCCL INFO GPU Direct RDMA Enabled for GPU 4 / HCA 8 (distance 5 <= 5), read 0 mode Default
bddx-inf-sci-k8s-a800-03849:543577:544608 [2] NCCL INFO GPU Direct RDMA Enabled for GPU 5 / HCA 8 (distance 5 <= 5), read 0 mode Default
bddx-inf-sci-k8s-a800-03849:543577:544608 [2] NCCL INFO GPU Direct RDMA Enabled for GPU 6 / HCA 8 (distance 5 <= 5), read 0 mode Default
bddx-inf-sci-k8s-a800-03849:543577:544608 [2] NCCL INFO GPU Direct RDMA Enabled for GPU 7 / HCA 8 (distance 5 <= 5), read 0 mode Default
bddx-inf-sci-k8s-a800-03849:543577:544608 [2] NCCL INFO GPU Direct RDMA Enabled for GPU 0 / HCA 9 (distance 5 <= 5), read 0 mode Default
bddx-inf-sci-k8s-a800-03849:543577:544608 [2] NCCL INFO GPU Direct RDMA Enabled for GPU 1 / HCA 9 (distance 5 <= 5), read 0 mode Default
bddx-inf-sci-k8s-a800-03849:543577:544608 [2] NCCL INFO GPU Direct RDMA Enabled for GPU 2 / HCA 9 (distance 5 <= 5), read 0 mode Default
bddx-inf-sci-k8s-a800-03849:543577:544608 [2] NCCL INFO GPU Direct RDMA Enabled for GPU 3 / HCA 9 (distance 5 <= 5), read 0 mode Default
bddx-inf-sci-k8s-a800-03849:543577:544608 [2] NCCL INFO GPU Direct RDMA Enabled for GPU 4 / HCA 9 (distance 5 <= 5), read 0 mode Default
bddx-inf-sci-k8s-a800-03849:543577:544608 [2] NCCL INFO GPU Direct RDMA Enabled for GPU 5 / HCA 9 (distance 5 <= 5), read 0 mode Default
bddx-inf-sci-k8s-a800-03849:543577:544608 [2] NCCL INFO GPU Direct RDMA Enabled for GPU 6 / HCA 9 (distance 5 <= 5), read 0 mode Default
bddx-inf-sci-k8s-a800-03849:543577:544608 [2] NCCL INFO GPU Direct RDMA Enabled for GPU 7 / HCA 9 (distance 5 <= 5), read 0 mode Default
bddx-inf-sci-k8s-a800-03849:543577:544608 [2] NCCL INFO GPU Direct RDMA Enabled for GPU 0 / HCA a (distance 5 <= 5), read 0 mode Default
bddx-inf-sci-k8s-a800-03849:543577:544608 [2] NCCL INFO GPU Direct RDMA Enabled for GPU 1 / HCA a (distance 5 <= 5), read 0 mode Default
bddx-inf-sci-k8s-a800-03849:543577:544608 [2] NCCL INFO GPU Direct RDMA Enabled for GPU 2 / HCA a (distance 5 <= 5), read 0 mode Default
bddx-inf-sci-k8s-a800-03849:543577:544608 [2] NCCL INFO GPU Direct RDMA Enabled for GPU 3 / HCA a (distance 5 <= 5), read 0 mode Default
bddx-inf-sci-k8s-a800-03849:543577:544608 [2] NCCL INFO GPU Direct RDMA Enabled for GPU 4 / HCA a (distance 5 <= 5), read 0 mode Default
bddx-inf-sci-k8s-a800-03849:543577:544608 [2] NCCL INFO GPU Direct RDMA Enabled for GPU 5 / HCA a (distance 5 <= 5), read 0 mode Default
bddx-inf-sci-k8s-a800-03849:543577:544608 [2] NCCL INFO GPU Direct RDMA Enabled for GPU 6 / HCA a (distance 5 <= 5), read 0 mode Default
bddx-inf-sci-k8s-a800-03849:543577:544608 [2] NCCL INFO GPU Direct RDMA Enabled for GPU 7 / HCA a (distance 5 <= 5), read 0 mode Default
bddx-inf-sci-k8s-a800-03849:543577:544608 [2] NCCL INFO GPU Direct RDMA Enabled for GPU 0 / HCA b (distance 5 <= 5), read 0 mode Default
bddx-inf-sci-k8s-a800-03849:543577:544608 [2] NCCL INFO GPU Direct RDMA Enabled for GPU 1 / HCA b (distance 5 <= 5), read 0 mode Default
bddx-inf-sci-k8s-a800-03849:543577:544608 [2] NCCL INFO GPU Direct RDMA Enabled for GPU 2 / HCA b (distance 5 <= 5), read 0 mode Default
bddx-inf-sci-k8s-a800-03849:543577:544608 [2] NCCL INFO GPU Direct RDMA Enabled for GPU 3 / HCA b (distance 5 <= 5), read 0 mode Default
bddx-inf-sci-k8s-a800-03849:543577:544608 [2] NCCL INFO GPU Direct RDMA Enabled for GPU 4 / HCA b (distance 5 <= 5), read 0 mode Default
bddx-inf-sci-k8s-a800-03849:543577:544608 [2] NCCL INFO GPU Direct RDMA Enabled for GPU 5 / HCA b (distance 5 <= 5), read 0 mode Default
bddx-inf-sci-k8s-a800-03849:543577:544608 [2] NCCL INFO GPU Direct RDMA Enabled for GPU 6 / HCA b (distance 5 <= 5), read 0 mode Default
bddx-inf-sci-k8s-a800-03849:543577:544608 [2] NCCL INFO GPU Direct RDMA Enabled for GPU 7 / HCA b (distance 5 <= 5), read 0 mode Default
bddx-inf-sci-k8s-a800-03849:543576:544606 [1] NCCL INFO GPU Direct RDMA Enabled for GPU 0 / HCA 8 (distance 5 <= 5), read 0 mode Default
bddx-inf-sci-k8s-a800-03849:543576:544606 [1] NCCL INFO GPU Direct RDMA Enabled for GPU 1 / HCA 8 (distance 5 <= 5), read 0 mode Default
bddx-inf-sci-k8s-a800-03849:543576:544606 [1] NCCL INFO GPU Direct RDMA Enabled for GPU 2 / HCA 8 (distance 5 <= 5), read 0 mode Default
bddx-inf-sci-k8s-a800-03849:543576:544606 [1] NCCL INFO GPU Direct RDMA Enabled for GPU 3 / HCA 8 (distance 5 <= 5), read 0 mode Default
bddx-inf-sci-k8s-a800-03849:543576:544606 [1] NCCL INFO GPU Direct RDMA Enabled for GPU 4 / HCA 8 (distance 5 <= 5), read 0 mode Default
bddx-inf-sci-k8s-a800-03849:543576:544606 [1] NCCL INFO GPU Direct RDMA Enabled for GPU 5 / HCA 8 (distance 5 <= 5), read 0 mode Default
bddx-inf-sci-k8s-a800-03849:543576:544606 [1] NCCL INFO GPU Direct RDMA Enabled for GPU 6 / HCA 8 (distance 5 <= 5), read 0 mode Default
bddx-inf-sci-k8s-a800-03849:543576:544606 [1] NCCL INFO GPU Direct RDMA Enabled for GPU 7 / HCA 8 (distance 5 <= 5), read 0 mode Default
bddx-inf-sci-k8s-a800-03849:543576:544606 [1] NCCL INFO GPU Direct RDMA Enabled for GPU 0 / HCA 9 (distance 5 <= 5), read 0 mode Default
bddx-inf-sci-k8s-a800-03849:543576:544606 [1] NCCL INFO GPU Direct RDMA Enabled for GPU 1 / HCA 9 (distance 5 <= 5), read 0 mode Default
bddx-inf-sci-k8s-a800-03849:543576:544606 [1] NCCL INFO GPU Direct RDMA Enabled for GPU 2 / HCA 9 (distance 5 <= 5), read 0 mode Default
bddx-inf-sci-k8s-a800-03849:543576:544606 [1] NCCL INFO GPU Direct RDMA Enabled for GPU 3 / HCA 9 (distance 5 <= 5), read 0 mode Default
bddx-inf-sci-k8s-a800-03849:543576:544606 [1] NCCL INFO GPU Direct RDMA Enabled for GPU 4 / HCA 9 (distance 5 <= 5), read 0 mode Default
bddx-inf-sci-k8s-a800-03849:543576:544606 [1] NCCL INFO GPU Direct RDMA Enabled for GPU 5 / HCA 9 (distance 5 <= 5), read 0 mode Default
bddx-inf-sci-k8s-a800-03849:543576:544606 [1] NCCL INFO GPU Direct RDMA Enabled for GPU 6 / HCA 9 (distance 5 <= 5), read 0 mode Default
bddx-inf-sci-k8s-a800-03849:543576:544606 [1] NCCL INFO GPU Direct RDMA Enabled for GPU 7 / HCA 9 (distance 5 <= 5), read 0 mode Default
bddx-inf-sci-k8s-a800-03849:543576:544606 [1] NCCL INFO GPU Direct RDMA Enabled for GPU 0 / HCA a (distance 5 <= 5), read 0 mode Default
bddx-inf-sci-k8s-a800-03849:543576:544606 [1] NCCL INFO GPU Direct RDMA Enabled for GPU 1 / HCA a (distance 5 <= 5), read 0 mode Default
bddx-inf-sci-k8s-a800-03849:543576:544606 [1] NCCL INFO GPU Direct RDMA Enabled for GPU 2 / HCA a (distance 5 <= 5), read 0 mode Default
bddx-inf-sci-k8s-a800-03849:543576:544606 [1] NCCL INFO GPU Direct RDMA Enabled for GPU 3 / HCA a (distance 5 <= 5), read 0 mode Default
bddx-inf-sci-k8s-a800-03849:543576:544606 [1] NCCL INFO GPU Direct RDMA Enabled for GPU 4 / HCA a (distance 5 <= 5), read 0 mode Default
bddx-inf-sci-k8s-a800-03849:543576:544606 [1] NCCL INFO GPU Direct RDMA Enabled for GPU 5 / HCA a (distance 5 <= 5), read 0 mode Default
bddx-inf-sci-k8s-a800-03849:543576:544606 [1] NCCL INFO GPU Direct RDMA Enabled for GPU 6 / HCA a (distance 5 <= 5), read 0 mode Default
bddx-inf-sci-k8s-a800-03849:543576:544606 [1] NCCL INFO GPU Direct RDMA Enabled for GPU 7 / HCA a (distance 5 <= 5), read 0 mode Default
bddx-inf-sci-k8s-a800-03849:543576:544606 [1] NCCL INFO GPU Direct RDMA Enabled for GPU 0 / HCA b (distance 5 <= 5), read 0 mode Default
bddx-inf-sci-k8s-a800-03849:543576:544606 [1] NCCL INFO GPU Direct RDMA Enabled for GPU 1 / HCA b (distance 5 <= 5), read 0 mode Default
bddx-inf-sci-k8s-a800-03849:543576:544606 [1] NCCL INFO GPU Direct RDMA Enabled for GPU 2 / HCA b (distance 5 <= 5), read 0 mode Default
bddx-inf-sci-k8s-a800-03849:543576:544606 [1] NCCL INFO GPU Direct RDMA Enabled for GPU 3 / HCA b (distance 5 <= 5), read 0 mode Default
bddx-inf-sci-k8s-a800-03849:543576:544606 [1] NCCL INFO GPU Direct RDMA Enabled for GPU 4 / HCA b (distance 5 <= 5), read 0 mode Default
bddx-inf-sci-k8s-a800-03849:543576:544606 [1] NCCL INFO GPU Direct RDMA Enabled for GPU 5 / HCA b (distance 5 <= 5), read 0 mode Default
bddx-inf-sci-k8s-a800-03849:543576:544606 [1] NCCL INFO GPU Direct RDMA Enabled for GPU 6 / HCA b (distance 5 <= 5), read 0 mode Default
bddx-inf-sci-k8s-a800-03849:543576:544606 [1] NCCL INFO GPU Direct RDMA Enabled for GPU 7 / HCA b (distance 5 <= 5), read 0 mode Default
bddx-inf-sci-k8s-a800-03849:543575:544609 [0] NCCL INFO GPU Direct RDMA Enabled for GPU 0 / HCA 8 (distance 5 <= 5), read 0 mode Default
bddx-inf-sci-k8s-a800-03849:543575:544609 [0] NCCL INFO GPU Direct RDMA Enabled for GPU 1 / HCA 8 (distance 5 <= 5), read 0 mode Default
bddx-inf-sci-k8s-a800-03849:543575:544609 [0] NCCL INFO GPU Direct RDMA Enabled for GPU 2 / HCA 8 (distance 5 <= 5), read 0 mode Default
bddx-inf-sci-k8s-a800-03849:543575:544609 [0] NCCL INFO GPU Direct RDMA Enabled for GPU 3 / HCA 8 (distance 5 <= 5), read 0 mode Default
bddx-inf-sci-k8s-a800-03849:543575:544609 [0] NCCL INFO GPU Direct RDMA Enabled for GPU 4 / HCA 8 (distance 5 <= 5), read 0 mode Default
bddx-inf-sci-k8s-a800-03849:543575:544609 [0] NCCL INFO GPU Direct RDMA Enabled for GPU 5 / HCA 8 (distance 5 <= 5), read 0 mode Default
bddx-inf-sci-k8s-a800-03849:543575:544609 [0] NCCL INFO GPU Direct RDMA Enabled for GPU 6 / HCA 8 (distance 5 <= 5), read 0 mode Default
bddx-inf-sci-k8s-a800-03849:543575:544609 [0] NCCL INFO GPU Direct RDMA Enabled for GPU 7 / HCA 8 (distance 5 <= 5), read 0 mode Default
bddx-inf-sci-k8s-a800-03849:543575:544609 [0] NCCL INFO GPU Direct RDMA Enabled for GPU 0 / HCA 9 (distance 5 <= 5), read 0 mode Default
bddx-inf-sci-k8s-a800-03849:543575:544609 [0] NCCL INFO GPU Direct RDMA Enabled for GPU 1 / HCA 9 (distance 5 <= 5), read 0 mode Default
bddx-inf-sci-k8s-a800-03849:543575:544609 [0] NCCL INFO GPU Direct RDMA Enabled for GPU 2 / HCA 9 (distance 5 <= 5), read 0 mode Default
bddx-inf-sci-k8s-a800-03849:543575:544609 [0] NCCL INFO GPU Direct RDMA Enabled for GPU 3 / HCA 9 (distance 5 <= 5), read 0 mode Default
bddx-inf-sci-k8s-a800-03849:543575:544609 [0] NCCL INFO GPU Direct RDMA Enabled for GPU 4 / HCA 9 (distance 5 <= 5), read 0 mode Default
bddx-inf-sci-k8s-a800-03849:543575:544609 [0] NCCL INFO GPU Direct RDMA Enabled for GPU 5 / HCA 9 (distance 5 <= 5), read 0 mode Default
bddx-inf-sci-k8s-a800-03849:543575:544609 [0] NCCL INFO GPU Direct RDMA Enabled for GPU 6 / HCA 9 (distance 5 <= 5), read 0 mode Default
bddx-inf-sci-k8s-a800-03849:543575:544609 [0] NCCL INFO GPU Direct RDMA Enabled for GPU 7 / HCA 9 (distance 5 <= 5), read 0 mode Default
bddx-inf-sci-k8s-a800-03849:543575:544609 [0] NCCL INFO GPU Direct RDMA Enabled for GPU 0 / HCA a (distance 5 <= 5), read 0 mode Default
bddx-inf-sci-k8s-a800-03849:543575:544609 [0] NCCL INFO GPU Direct RDMA Enabled for GPU 1 / HCA a (distance 5 <= 5), read 0 mode Default
bddx-inf-sci-k8s-a800-03849:543575:544609 [0] NCCL INFO GPU Direct RDMA Enabled for GPU 2 / HCA a (distance 5 <= 5), read 0 mode Default
bddx-inf-sci-k8s-a800-03849:543575:544609 [0] NCCL INFO GPU Direct RDMA Enabled for GPU 3 / HCA a (distance 5 <= 5), read 0 mode Default
bddx-inf-sci-k8s-a800-03849:543575:544609 [0] NCCL INFO GPU Direct RDMA Enabled for GPU 4 / HCA a (distance 5 <= 5), read 0 mode Default
bddx-inf-sci-k8s-a800-03849:543575:544609 [0] NCCL INFO GPU Direct RDMA Enabled for GPU 5 / HCA a (distance 5 <= 5), read 0 mode Default
bddx-inf-sci-k8s-a800-03849:543575:544609 [0] NCCL INFO GPU Direct RDMA Enabled for GPU 6 / HCA a (distance 5 <= 5), read 0 mode Default
bddx-inf-sci-k8s-a800-03849:543575:544609 [0] NCCL INFO GPU Direct RDMA Enabled for GPU 7 / HCA a (distance 5 <= 5), read 0 mode Default
bddx-inf-sci-k8s-a800-03849:543575:544609 [0] NCCL INFO GPU Direct RDMA Enabled for GPU 0 / HCA b (distance 5 <= 5), read 0 mode Default
bddx-inf-sci-k8s-a800-03849:543575:544609 [0] NCCL INFO GPU Direct RDMA Enabled for GPU 1 / HCA b (distance 5 <= 5), read 0 mode Default
bddx-inf-sci-k8s-a800-03849:543575:544609 [0] NCCL INFO GPU Direct RDMA Enabled for GPU 2 / HCA b (distance 5 <= 5), read 0 mode Default
bddx-inf-sci-k8s-a800-03849:543575:544609 [0] NCCL INFO GPU Direct RDMA Enabled for GPU 3 / HCA b (distance 5 <= 5), read 0 mode Default
bddx-inf-sci-k8s-a800-03849:543575:544609 [0] NCCL INFO GPU Direct RDMA Enabled for GPU 4 / HCA b (distance 5 <= 5), read 0 mode Default
bddx-inf-sci-k8s-a800-03849:543575:544609 [0] NCCL INFO GPU Direct RDMA Enabled for GPU 5 / HCA b (distance 5 <= 5), read 0 mode Default
bddx-inf-sci-k8s-a800-03849:543575:544609 [0] NCCL INFO GPU Direct RDMA Enabled for GPU 6 / HCA b (distance 5 <= 5), read 0 mode Default
bddx-inf-sci-k8s-a800-03849:543575:544609 [0] NCCL INFO GPU Direct RDMA Enabled for GPU 7 / HCA b (distance 5 <= 5), read 0 mode Default
bddx-inf-sci-k8s-a800-03849:543579:544605 [4] NCCL INFO GPU Direct RDMA Enabled for GPU 0 / HCA 8 (distance 5 <= 5), read 0 mode Default
bddx-inf-sci-k8s-a800-03849:543579:544605 [4] NCCL INFO GPU Direct RDMA Enabled for GPU 1 / HCA 8 (distance 5 <= 5), read 0 mode Default
bddx-inf-sci-k8s-a800-03849:543579:544605 [4] NCCL INFO GPU Direct RDMA Enabled for GPU 2 / HCA 8 (distance 5 <= 5), read 0 mode Default
bddx-inf-sci-k8s-a800-03849:543579:544605 [4] NCCL INFO GPU Direct RDMA Enabled for GPU 3 / HCA 8 (distance 5 <= 5), read 0 mode Default
bddx-inf-sci-k8s-a800-03849:543579:544605 [4] NCCL INFO GPU Direct RDMA Enabled for GPU 4 / HCA 8 (distance 5 <= 5), read 0 mode Default
bddx-inf-sci-k8s-a800-03849:543579:544605 [4] NCCL INFO GPU Direct RDMA Enabled for GPU 5 / HCA 8 (distance 5 <= 5), read 0 mode Default
bddx-inf-sci-k8s-a800-03849:543579:544605 [4] NCCL INFO GPU Direct RDMA Enabled for GPU 6 / HCA 8 (distance 5 <= 5), read 0 mode Default
bddx-inf-sci-k8s-a800-03849:543579:544605 [4] NCCL INFO GPU Direct RDMA Enabled for GPU 7 / HCA 8 (distance 5 <= 5), read 0 mode Default
bddx-inf-sci-k8s-a800-03849:543579:544605 [4] NCCL INFO GPU Direct RDMA Enabled for GPU 0 / HCA 9 (distance 5 <= 5), read 0 mode Default
bddx-inf-sci-k8s-a800-03849:543579:544605 [4] NCCL INFO GPU Direct RDMA Enabled for GPU 1 / HCA 9 (distance 5 <= 5), read 0 mode Default
bddx-inf-sci-k8s-a800-03849:543579:544605 [4] NCCL INFO GPU Direct RDMA Enabled for GPU 2 / HCA 9 (distance 5 <= 5), read 0 mode Default
bddx-inf-sci-k8s-a800-03849:543579:544605 [4] NCCL INFO GPU Direct RDMA Enabled for GPU 3 / HCA 9 (distance 5 <= 5), read 0 mode Default
bddx-inf-sci-k8s-a800-03849:543579:544605 [4] NCCL INFO GPU Direct RDMA Enabled for GPU 4 / HCA 9 (distance 5 <= 5), read 0 mode Default
bddx-inf-sci-k8s-a800-03849:543579:544605 [4] NCCL INFO GPU Direct RDMA Enabled for GPU 5 / HCA 9 (distance 5 <= 5), read 0 mode Default
bddx-inf-sci-k8s-a800-03849:543579:544605 [4] NCCL INFO GPU Direct RDMA Enabled for GPU 6 / HCA 9 (distance 5 <= 5), read 0 mode Default
bddx-inf-sci-k8s-a800-03849:543579:544605 [4] NCCL INFO GPU Direct RDMA Enabled for GPU 7 / HCA 9 (distance 5 <= 5), read 0 mode Default
bddx-inf-sci-k8s-a800-03849:543579:544605 [4] NCCL INFO GPU Direct RDMA Enabled for GPU 0 / HCA a (distance 5 <= 5), read 0 mode Default
bddx-inf-sci-k8s-a800-03849:543579:544605 [4] NCCL INFO GPU Direct RDMA Enabled for GPU 1 / HCA a (distance 5 <= 5), read 0 mode Default
bddx-inf-sci-k8s-a800-03849:543579:544605 [4] NCCL INFO GPU Direct RDMA Enabled for GPU 2 / HCA a (distance 5 <= 5), read 0 mode Default
bddx-inf-sci-k8s-a800-03849:543579:544605 [4] NCCL INFO GPU Direct RDMA Enabled for GPU 3 / HCA a (distance 5 <= 5), read 0 mode Default
bddx-inf-sci-k8s-a800-03849:543579:544605 [4] NCCL INFO GPU Direct RDMA Enabled for GPU 4 / HCA a (distance 5 <= 5), read 0 mode Default
bddx-inf-sci-k8s-a800-03849:543579:544605 [4] NCCL INFO GPU Direct RDMA Enabled for GPU 5 / HCA a (distance 5 <= 5), read 0 mode Default
bddx-inf-sci-k8s-a800-03849:543579:544605 [4] NCCL INFO GPU Direct RDMA Enabled for GPU 6 / HCA a (distance 5 <= 5), read 0 mode Default
bddx-inf-sci-k8s-a800-03849:543579:544605 [4] NCCL INFO GPU Direct RDMA Enabled for GPU 7 / HCA a (distance 5 <= 5), read 0 mode Default
bddx-inf-sci-k8s-a800-03849:543579:544605 [4] NCCL INFO GPU Direct RDMA Enabled for GPU 0 / HCA b (distance 5 <= 5), read 0 mode Default
bddx-inf-sci-k8s-a800-03849:543579:544605 [4] NCCL INFO GPU Direct RDMA Enabled for GPU 1 / HCA b (distance 5 <= 5), read 0 mode Default
bddx-inf-sci-k8s-a800-03849:543579:544605 [4] NCCL INFO GPU Direct RDMA Enabled for GPU 2 / HCA b (distance 5 <= 5), read 0 mode Default
bddx-inf-sci-k8s-a800-03849:543579:544605 [4] NCCL INFO GPU Direct RDMA Enabled for GPU 3 / HCA b (distance 5 <= 5), read 0 mode Default
bddx-inf-sci-k8s-a800-03849:543579:544605 [4] NCCL INFO GPU Direct RDMA Enabled for GPU 4 / HCA b (distance 5 <= 5), read 0 mode Default
bddx-inf-sci-k8s-a800-03849:543579:544605 [4] NCCL INFO GPU Direct RDMA Enabled for GPU 5 / HCA b (distance 5 <= 5), read 0 mode Default
bddx-inf-sci-k8s-a800-03849:543579:544605 [4] NCCL INFO GPU Direct RDMA Enabled for GPU 6 / HCA b (distance 5 <= 5), read 0 mode Default
bddx-inf-sci-k8s-a800-03849:543579:544605 [4] NCCL INFO GPU Direct RDMA Enabled for GPU 7 / HCA b (distance 5 <= 5), read 0 mode Default
bddx-inf-sci-k8s-a800-03849:543582:544607 [7] NCCL INFO GPU Direct RDMA Enabled for GPU 0 / HCA 8 (distance 5 <= 5), read 0 mode Default
bddx-inf-sci-k8s-a800-03849:543582:544607 [7] NCCL INFO GPU Direct RDMA Enabled for GPU 1 / HCA 8 (distance 5 <= 5), read 0 mode Default
bddx-inf-sci-k8s-a800-03849:543582:544607 [7] NCCL INFO GPU Direct RDMA Enabled for GPU 2 / HCA 8 (distance 5 <= 5), read 0 mode Default
bddx-inf-sci-k8s-a800-03849:543582:544607 [7] NCCL INFO GPU Direct RDMA Enabled for GPU 3 / HCA 8 (distance 5 <= 5), read 0 mode Default
bddx-inf-sci-k8s-a800-03849:543582:544607 [7] NCCL INFO GPU Direct RDMA Enabled for GPU 4 / HCA 8 (distance 5 <= 5), read 0 mode Default
bddx-inf-sci-k8s-a800-03849:543582:544607 [7] NCCL INFO GPU Direct RDMA Enabled for GPU 5 / HCA 8 (distance 5 <= 5), read 0 mode Default
bddx-inf-sci-k8s-a800-03849:543582:544607 [7] NCCL INFO GPU Direct RDMA Enabled for GPU 6 / HCA 8 (distance 5 <= 5), read 0 mode Default
bddx-inf-sci-k8s-a800-03849:543582:544607 [7] NCCL INFO GPU Direct RDMA Enabled for GPU 7 / HCA 8 (distance 5 <= 5), read 0 mode Default
bddx-inf-sci-k8s-a800-03849:543582:544607 [7] NCCL INFO GPU Direct RDMA Enabled for GPU 0 / HCA 9 (distance 5 <= 5), read 0 mode Default
bddx-inf-sci-k8s-a800-03849:543582:544607 [7] NCCL INFO GPU Direct RDMA Enabled for GPU 1 / HCA 9 (distance 5 <= 5), read 0 mode Default
bddx-inf-sci-k8s-a800-03849:543582:544607 [7] NCCL INFO GPU Direct RDMA Enabled for GPU 2 / HCA 9 (distance 5 <= 5), read 0 mode Default
bddx-inf-sci-k8s-a800-03849:543582:544607 [7] NCCL INFO GPU Direct RDMA Enabled for GPU 3 / HCA 9 (distance 5 <= 5), read 0 mode Default
bddx-inf-sci-k8s-a800-03849:543582:544607 [7] NCCL INFO GPU Direct RDMA Enabled for GPU 4 / HCA 9 (distance 5 <= 5), read 0 mode Default
bddx-inf-sci-k8s-a800-03849:543582:544607 [7] NCCL INFO GPU Direct RDMA Enabled for GPU 5 / HCA 9 (distance 5 <= 5), read 0 mode Default
bddx-inf-sci-k8s-a800-03849:543582:544607 [7] NCCL INFO GPU Direct RDMA Enabled for GPU 6 / HCA 9 (distance 5 <= 5), read 0 mode Default
bddx-inf-sci-k8s-a800-03849:543582:544607 [7] NCCL INFO GPU Direct RDMA Enabled for GPU 7 / HCA 9 (distance 5 <= 5), read 0 mode Default
bddx-inf-sci-k8s-a800-03849:543582:544607 [7] NCCL INFO GPU Direct RDMA Enabled for GPU 0 / HCA a (distance 5 <= 5), read 0 mode Default
bddx-inf-sci-k8s-a800-03849:543582:544607 [7] NCCL INFO GPU Direct RDMA Enabled for GPU 1 / HCA a (distance 5 <= 5), read 0 mode Default
bddx-inf-sci-k8s-a800-03849:543582:544607 [7] NCCL INFO GPU Direct RDMA Enabled for GPU 2 / HCA a (distance 5 <= 5), read 0 mode Default
bddx-inf-sci-k8s-a800-03849:543582:544607 [7] NCCL INFO GPU Direct RDMA Enabled for GPU 3 / HCA a (distance 5 <= 5), read 0 mode Default
bddx-inf-sci-k8s-a800-03849:543582:544607 [7] NCCL INFO GPU Direct RDMA Enabled for GPU 4 / HCA a (distance 5 <= 5), read 0 mode Default
bddx-inf-sci-k8s-a800-03849:543582:544607 [7] NCCL INFO GPU Direct RDMA Enabled for GPU 5 / HCA a (distance 5 <= 5), read 0 mode Default
bddx-inf-sci-k8s-a800-03849:543582:544607 [7] NCCL INFO GPU Direct RDMA Enabled for GPU 6 / HCA a (distance 5 <= 5), read 0 mode Default
bddx-inf-sci-k8s-a800-03849:543582:544607 [7] NCCL INFO GPU Direct RDMA Enabled for GPU 7 / HCA a (distance 5 <= 5), read 0 mode Default
bddx-inf-sci-k8s-a800-03849:543582:544607 [7] NCCL INFO GPU Direct RDMA Enabled for GPU 0 / HCA b (distance 5 <= 5), read 0 mode Default
bddx-inf-sci-k8s-a800-03849:543582:544607 [7] NCCL INFO GPU Direct RDMA Enabled for GPU 1 / HCA b (distance 5 <= 5), read 0 mode Default
bddx-inf-sci-k8s-a800-03849:543582:544607 [7] NCCL INFO GPU Direct RDMA Enabled for GPU 2 / HCA b (distance 5 <= 5), read 0 mode Default
bddx-inf-sci-k8s-a800-03849:543582:544607 [7] NCCL INFO GPU Direct RDMA Enabled for GPU 3 / HCA b (distance 5 <= 5), read 0 mode Default
bddx-inf-sci-k8s-a800-03849:543582:544607 [7] NCCL INFO GPU Direct RDMA Enabled for GPU 4 / HCA b (distance 5 <= 5), read 0 mode Default
bddx-inf-sci-k8s-a800-03849:543582:544607 [7] NCCL INFO GPU Direct RDMA Enabled for GPU 5 / HCA b (distance 5 <= 5), read 0 mode Default
bddx-inf-sci-k8s-a800-03849:543582:544607 [7] NCCL INFO GPU Direct RDMA Enabled for GPU 6 / HCA b (distance 5 <= 5), read 0 mode Default
bddx-inf-sci-k8s-a800-03849:543582:544607 [7] NCCL INFO GPU Direct RDMA Enabled for GPU 7 / HCA b (distance 5 <= 5), read 0 mode Default
bddx-inf-sci-k8s-a800-03849:543581:544602 [6] NCCL INFO GPU Direct RDMA Enabled for GPU 0 / HCA 8 (distance 5 <= 5), read 0 mode Default
bddx-inf-sci-k8s-a800-03849:543581:544602 [6] NCCL INFO GPU Direct RDMA Enabled for GPU 1 / HCA 8 (distance 5 <= 5), read 0 mode Default
bddx-inf-sci-k8s-a800-03849:543581:544602 [6] NCCL INFO GPU Direct RDMA Enabled for GPU 2 / HCA 8 (distance 5 <= 5), read 0 mode Default
bddx-inf-sci-k8s-a800-03849:543581:544602 [6] NCCL INFO GPU Direct RDMA Enabled for GPU 3 / HCA 8 (distance 5 <= 5), read 0 mode Default
bddx-inf-sci-k8s-a800-03849:543581:544602 [6] NCCL INFO GPU Direct RDMA Enabled for GPU 4 / HCA 8 (distance 5 <= 5), read 0 mode Default
bddx-inf-sci-k8s-a800-03849:543581:544602 [6] NCCL INFO GPU Direct RDMA Enabled for GPU 5 / HCA 8 (distance 5 <= 5), read 0 mode Default
bddx-inf-sci-k8s-a800-03849:543581:544602 [6] NCCL INFO GPU Direct RDMA Enabled for GPU 6 / HCA 8 (distance 5 <= 5), read 0 mode Default
bddx-inf-sci-k8s-a800-03849:543581:544602 [6] NCCL INFO GPU Direct RDMA Enabled for GPU 7 / HCA 8 (distance 5 <= 5), read 0 mode Default
bddx-inf-sci-k8s-a800-03849:543581:544602 [6] NCCL INFO GPU Direct RDMA Enabled for GPU 0 / HCA 9 (distance 5 <= 5), read 0 mode Default
bddx-inf-sci-k8s-a800-03849:543581:544602 [6] NCCL INFO GPU Direct RDMA Enabled for GPU 1 / HCA 9 (distance 5 <= 5), read 0 mode Default
bddx-inf-sci-k8s-a800-03849:543581:544602 [6] NCCL INFO GPU Direct RDMA Enabled for GPU 2 / HCA 9 (distance 5 <= 5), read 0 mode Default
bddx-inf-sci-k8s-a800-03849:543581:544602 [6] NCCL INFO GPU Direct RDMA Enabled for GPU 3 / HCA 9 (distance 5 <= 5), read 0 mode Default
bddx-inf-sci-k8s-a800-03849:543581:544602 [6] NCCL INFO GPU Direct RDMA Enabled for GPU 4 / HCA 9 (distance 5 <= 5), read 0 mode Default
bddx-inf-sci-k8s-a800-03849:543581:544602 [6] NCCL INFO GPU Direct RDMA Enabled for GPU 5 / HCA 9 (distance 5 <= 5), read 0 mode Default
bddx-inf-sci-k8s-a800-03849:543581:544602 [6] NCCL INFO GPU Direct RDMA Enabled for GPU 6 / HCA 9 (distance 5 <= 5), read 0 mode Default
bddx-inf-sci-k8s-a800-03849:543581:544602 [6] NCCL INFO GPU Direct RDMA Enabled for GPU 7 / HCA 9 (distance 5 <= 5), read 0 mode Default
bddx-inf-sci-k8s-a800-03849:543581:544602 [6] NCCL INFO GPU Direct RDMA Enabled for GPU 0 / HCA a (distance 5 <= 5), read 0 mode Default
bddx-inf-sci-k8s-a800-03849:543581:544602 [6] NCCL INFO GPU Direct RDMA Enabled for GPU 1 / HCA a (distance 5 <= 5), read 0 mode Default
bddx-inf-sci-k8s-a800-03849:543581:544602 [6] NCCL INFO GPU Direct RDMA Enabled for GPU 2 / HCA a (distance 5 <= 5), read 0 mode Default
bddx-inf-sci-k8s-a800-03849:543581:544602 [6] NCCL INFO GPU Direct RDMA Enabled for GPU 3 / HCA a (distance 5 <= 5), read 0 mode Default
bddx-inf-sci-k8s-a800-03849:543581:544602 [6] NCCL INFO GPU Direct RDMA Enabled for GPU 4 / HCA a (distance 5 <= 5), read 0 mode Default
bddx-inf-sci-k8s-a800-03849:543581:544602 [6] NCCL INFO GPU Direct RDMA Enabled for GPU 5 / HCA a (distance 5 <= 5), read 0 mode Default
bddx-inf-sci-k8s-a800-03849:543581:544602 [6] NCCL INFO GPU Direct RDMA Enabled for GPU 6 / HCA a (distance 5 <= 5), read 0 mode Default
bddx-inf-sci-k8s-a800-03849:543581:544602 [6] NCCL INFO GPU Direct RDMA Enabled for GPU 7 / HCA a (distance 5 <= 5), read 0 mode Default
bddx-inf-sci-k8s-a800-03849:543581:544602 [6] NCCL INFO GPU Direct RDMA Enabled for GPU 0 / HCA b (distance 5 <= 5), read 0 mode Default
bddx-inf-sci-k8s-a800-03849:543581:544602 [6] NCCL INFO GPU Direct RDMA Enabled for GPU 1 / HCA b (distance 5 <= 5), read 0 mode Default
bddx-inf-sci-k8s-a800-03849:543581:544602 [6] NCCL INFO GPU Direct RDMA Enabled for GPU 2 / HCA b (distance 5 <= 5), read 0 mode Default
bddx-inf-sci-k8s-a800-03849:543581:544602 [6] NCCL INFO GPU Direct RDMA Enabled for GPU 3 / HCA b (distance 5 <= 5), read 0 mode Default
bddx-inf-sci-k8s-a800-03849:543581:544602 [6] NCCL INFO GPU Direct RDMA Enabled for GPU 4 / HCA b (distance 5 <= 5), read 0 mode Default
bddx-inf-sci-k8s-a800-03849:543581:544602 [6] NCCL INFO GPU Direct RDMA Enabled for GPU 5 / HCA b (distance 5 <= 5), read 0 mode Default
bddx-inf-sci-k8s-a800-03849:543581:544602 [6] NCCL INFO GPU Direct RDMA Enabled for GPU 6 / HCA b (distance 5 <= 5), read 0 mode Default
bddx-inf-sci-k8s-a800-03849:543581:544602 [6] NCCL INFO GPU Direct RDMA Enabled for GPU 7 / HCA b (distance 5 <= 5), read 0 mode Default
bddx-inf-sci-k8s-a800-03849:543577:544608 [2] NCCL INFO === System : maxBw 160.0 totalBw 160.0 ===
bddx-inf-sci-k8s-a800-03849:543577:544608 [2] NCCL INFO CPU/0-0 (1/1/2)
bddx-inf-sci-k8s-a800-03849:543577:544608 [2] NCCL INFO + PCI[24.0] - PCI/0-c000 (1000c0101000ffff)
bddx-inf-sci-k8s-a800-03849:543577:544608 [2] NCCL INFO               + PCI[24.0] - PCI/0-10000 (1000c01010de13b8)
bddx-inf-sci-k8s-a800-03849:543577:544608 [2] NCCL INFO                             + PCI[24.0] - GPU/0-12000 (0)
bddx-inf-sci-k8s-a800-03849:543577:544608 [2] NCCL INFO                                           + NVL[160.0] - NVS/0-0
bddx-inf-sci-k8s-a800-03849:543577:544608 [2] NCCL INFO               + PCI[24.0] - NIC/0-1f002
bddx-inf-sci-k8s-a800-03849:543577:544608 [2] NCCL INFO               + PCI[24.0] - PCI/0-16000 (1000c01010de13b8)
bddx-inf-sci-k8s-a800-03849:543577:544608 [2] NCCL INFO                             + PCI[24.0] - GPU/0-18000 (1)
bddx-inf-sci-k8s-a800-03849:543577:544608 [2] NCCL INFO                                           + NVL[160.0] - NVS/0-0
bddx-inf-sci-k8s-a800-03849:543577:544608 [2] NCCL INFO + PCI[24.0] - PCI/0-43000 (1000c0101000ffff)
bddx-inf-sci-k8s-a800-03849:543577:544608 [2] NCCL INFO               + PCI[24.0] - NIC/0-5f002
bddx-inf-sci-k8s-a800-03849:543577:544608 [2] NCCL INFO               + PCI[24.0] - PCI/0-47000 (1000c01010de13b8)
bddx-inf-sci-k8s-a800-03849:543577:544608 [2] NCCL INFO                             + PCI[24.0] - GPU/0-49000 (2)
bddx-inf-sci-k8s-a800-03849:543577:544608 [2] NCCL INFO                                           + NVL[160.0] - NVS/0-0
bddx-inf-sci-k8s-a800-03849:543577:544608 [2] NCCL INFO               + PCI[24.0] - PCI/0-4b000 (1000c01010de13b8)
bddx-inf-sci-k8s-a800-03849:543577:544608 [2] NCCL INFO                             + PCI[24.0] - GPU/0-4d000 (3)
bddx-inf-sci-k8s-a800-03849:543577:544608 [2] NCCL INFO                                           + NVL[160.0] - NVS/0-0
bddx-inf-sci-k8s-a800-03849:543577:544608 [2] NCCL INFO + SYS[10.0] - CPU/0-1
bddx-inf-sci-k8s-a800-03849:543577:544608 [2] NCCL INFO CPU/0-1 (1/1/2)
bddx-inf-sci-k8s-a800-03849:543577:544608 [2] NCCL INFO + PCI[24.0] - PCI/0-83000 (1000c0101000ffff)
bddx-inf-sci-k8s-a800-03849:543577:544608 [2] NCCL INFO               + PCI[24.0] - NIC/0-95002
bddx-inf-sci-k8s-a800-03849:543577:544608 [2] NCCL INFO               + PCI[24.0] - PCI/0-87000 (1000c01010de13b8)
bddx-inf-sci-k8s-a800-03849:543577:544608 [2] NCCL INFO                             + PCI[24.0] - GPU/0-89000 (4)
bddx-inf-sci-k8s-a800-03849:543577:544608 [2] NCCL INFO                                           + NVL[160.0] - NVS/0-0
bddx-inf-sci-k8s-a800-03849:543577:544608 [2] NCCL INFO               + PCI[24.0] - PCI/0-8c000 (1000c01010de13b8)
bddx-inf-sci-k8s-a800-03849:543577:544608 [2] NCCL INFO                             + PCI[24.0] - GPU/0-8e000 (5)
bddx-inf-sci-k8s-a800-03849:543577:544608 [2] NCCL INFO                                           + NVL[160.0] - NVS/0-0
bddx-inf-sci-k8s-a800-03849:543577:544608 [2] NCCL INFO + PCI[24.0] - PCI/0-bf000 (1000c0101000ffff)
bddx-inf-sci-k8s-a800-03849:543577:544608 [2] NCCL INFO               + PCI[24.0] - NIC/0-cc002
bddx-inf-sci-k8s-a800-03849:543577:544608 [2] NCCL INFO               + PCI[24.0] - PCI/0-c3000 (1000c01010de13b8)
bddx-inf-sci-k8s-a800-03849:543577:544608 [2] NCCL INFO                             + PCI[24.0] - GPU/0-c5000 (6)
bddx-inf-sci-k8s-a800-03849:543577:544608 [2] NCCL INFO                                           + NVL[160.0] - NVS/0-0
bddx-inf-sci-k8s-a800-03849:543577:544608 [2] NCCL INFO               + PCI[24.0] - PCI/0-c7000 (1000c01010de13b8)
bddx-inf-sci-k8s-a800-03849:543577:544608 [2] NCCL INFO                             + PCI[24.0] - GPU/0-c9000 (7)
bddx-inf-sci-k8s-a800-03849:543577:544608 [2] NCCL INFO                                           + NVL[160.0] - NVS/0-0
bddx-inf-sci-k8s-a800-03849:543577:544608 [2] NCCL INFO + SYS[10.0] - CPU/0-0
bddx-inf-sci-k8s-a800-03849:543577:544608 [2] NCCL INFO ==========================================
bddx-inf-sci-k8s-a800-03849:543577:544608 [2] NCCL INFO GPU/0-12000 :GPU/0-12000 (0/5000.0/LOC) GPU/0-18000 (2/160.0/NVL) GPU/0-49000 (2/160.0/NVL) GPU/0-4d000 (2/160.0/NVL) GPU/0-89000 (2/160.0/NVL) GPU/0-8e000 (2/160.0/NVL) GPU/0-c5000 (2/160.0/NVL) GPU/0-c9000 (2/160.0/NVL) NVS/0-0 (1/160.0/NVL) CPU/0-0 (3/24.0/PHB) CPU/0-1 (4/10.0/SYS) 
bddx-inf-sci-k8s-a800-03849:543577:544608 [2] NCCL INFO GPU/0-18000 :GPU/0-12000 (2/160.0/NVL) GPU/0-18000 (0/5000.0/LOC) GPU/0-49000 (2/160.0/NVL) GPU/0-4d000 (2/160.0/NVL) GPU/0-89000 (2/160.0/NVL) GPU/0-8e000 (2/160.0/NVL) GPU/0-c5000 (2/160.0/NVL) GPU/0-c9000 (2/160.0/NVL) NVS/0-0 (1/160.0/NVL) CPU/0-0 (3/24.0/PHB) CPU/0-1 (4/10.0/SYS) 
bddx-inf-sci-k8s-a800-03849:543577:544608 [2] NCCL INFO GPU/0-49000 :GPU/0-12000 (2/160.0/NVL) GPU/0-18000 (2/160.0/NVL) GPU/0-49000 (0/5000.0/LOC) GPU/0-4d000 (2/160.0/NVL) GPU/0-89000 (2/160.0/NVL) GPU/0-8e000 (2/160.0/NVL) GPU/0-c5000 (2/160.0/NVL) GPU/0-c9000 (2/160.0/NVL) NVS/0-0 (1/160.0/NVL) CPU/0-0 (3/24.0/PHB) CPU/0-1 (4/10.0/SYS) 
bddx-inf-sci-k8s-a800-03849:543577:544608 [2] NCCL INFO GPU/0-4d000 :GPU/0-12000 (2/160.0/NVL) GPU/0-18000 (2/160.0/NVL) GPU/0-49000 (2/160.0/NVL) GPU/0-4d000 (0/5000.0/LOC) GPU/0-89000 (2/160.0/NVL) GPU/0-8e000 (2/160.0/NVL) GPU/0-c5000 (2/160.0/NVL) GPU/0-c9000 (2/160.0/NVL) NVS/0-0 (1/160.0/NVL) CPU/0-0 (3/24.0/PHB) CPU/0-1 (4/10.0/SYS) 
bddx-inf-sci-k8s-a800-03849:543577:544608 [2] NCCL INFO GPU/0-89000 :GPU/0-12000 (2/160.0/NVL) GPU/0-18000 (2/160.0/NVL) GPU/0-49000 (2/160.0/NVL) GPU/0-4d000 (2/160.0/NVL) GPU/0-89000 (0/5000.0/LOC) GPU/0-8e000 (2/160.0/NVL) GPU/0-c5000 (2/160.0/NVL) GPU/0-c9000 (2/160.0/NVL) NVS/0-0 (1/160.0/NVL) CPU/0-0 (4/10.0/SYS) CPU/0-1 (3/24.0/PHB) 
bddx-inf-sci-k8s-a800-03849:543577:544608 [2] NCCL INFO GPU/0-8e000 :GPU/0-12000 (2/160.0/NVL) GPU/0-18000 (2/160.0/NVL) GPU/0-49000 (2/160.0/NVL) GPU/0-4d000 (2/160.0/NVL) GPU/0-89000 (2/160.0/NVL) GPU/0-8e000 (0/5000.0/LOC) GPU/0-c5000 (2/160.0/NVL) GPU/0-c9000 (2/160.0/NVL) NVS/0-0 (1/160.0/NVL) CPU/0-0 (4/10.0/SYS) CPU/0-1 (3/24.0/PHB) 
bddx-inf-sci-k8s-a800-03849:543577:544608 [2] NCCL INFO GPU/0-c5000 :GPU/0-12000 (2/160.0/NVL) GPU/0-18000 (2/160.0/NVL) GPU/0-49000 (2/160.0/NVL) GPU/0-4d000 (2/160.0/NVL) GPU/0-89000 (2/160.0/NVL) GPU/0-8e000 (2/160.0/NVL) GPU/0-c5000 (0/5000.0/LOC) GPU/0-c9000 (2/160.0/NVL) NVS/0-0 (1/160.0/NVL) CPU/0-0 (4/10.0/SYS) CPU/0-1 (3/24.0/PHB) 
bddx-inf-sci-k8s-a800-03849:543577:544608 [2] NCCL INFO GPU/0-c9000 :GPU/0-12000 (2/160.0/NVL) GPU/0-18000 (2/160.0/NVL) GPU/0-49000 (2/160.0/NVL) GPU/0-4d000 (2/160.0/NVL) GPU/0-89000 (2/160.0/NVL) GPU/0-8e000 (2/160.0/NVL) GPU/0-c5000 (2/160.0/NVL) GPU/0-c9000 (0/5000.0/LOC) NVS/0-0 (1/160.0/NVL) CPU/0-0 (4/10.0/SYS) CPU/0-1 (3/24.0/PHB) 
bddx-inf-sci-k8s-a800-03849:543580:544604 [5] NCCL INFO GPU Direct RDMA Enabled for GPU 0 / HCA 8 (distance 5 <= 5), read 0 mode Default
bddx-inf-sci-k8s-a800-03849:543577:544608 [2] NCCL INFO Setting affinity for GPU 2 to 0-31,64-95
bddx-inf-sci-k8s-a800-03849:543580:544604 [5] NCCL INFO GPU Direct RDMA Enabled for GPU 1 / HCA 8 (distance 5 <= 5), read 0 mode Default
bddx-inf-sci-k8s-a800-03849:543580:544604 [5] NCCL INFO GPU Direct RDMA Enabled for GPU 2 / HCA 8 (distance 5 <= 5), read 0 mode Default
bddx-inf-sci-k8s-a800-03849:543580:544604 [5] NCCL INFO GPU Direct RDMA Enabled for GPU 3 / HCA 8 (distance 5 <= 5), read 0 mode Default
bddx-inf-sci-k8s-a800-03849:543580:544604 [5] NCCL INFO GPU Direct RDMA Enabled for GPU 4 / HCA 8 (distance 5 <= 5), read 0 mode Default
bddx-inf-sci-k8s-a800-03849:543580:544604 [5] NCCL INFO GPU Direct RDMA Enabled for GPU 5 / HCA 8 (distance 5 <= 5), read 0 mode Default
bddx-inf-sci-k8s-a800-03849:543580:544604 [5] NCCL INFO GPU Direct RDMA Enabled for GPU 6 / HCA 8 (distance 5 <= 5), read 0 mode Default
bddx-inf-sci-k8s-a800-03849:543580:544604 [5] NCCL INFO GPU Direct RDMA Enabled for GPU 7 / HCA 8 (distance 5 <= 5), read 0 mode Default
bddx-inf-sci-k8s-a800-03849:543580:544604 [5] NCCL INFO GPU Direct RDMA Enabled for GPU 0 / HCA 9 (distance 5 <= 5), read 0 mode Default
bddx-inf-sci-k8s-a800-03849:543580:544604 [5] NCCL INFO GPU Direct RDMA Enabled for GPU 1 / HCA 9 (distance 5 <= 5), read 0 mode Default
bddx-inf-sci-k8s-a800-03849:543576:544606 [1] NCCL INFO === System : maxBw 160.0 totalBw 160.0 ===
bddx-inf-sci-k8s-a800-03849:543580:544604 [5] NCCL INFO GPU Direct RDMA Enabled for GPU 2 / HCA 9 (distance 5 <= 5), read 0 mode Default
bddx-inf-sci-k8s-a800-03849:543576:544606 [1] NCCL INFO CPU/0-0 (1/1/2)
bddx-inf-sci-k8s-a800-03849:543580:544604 [5] NCCL INFO GPU Direct RDMA Enabled for GPU 3 / HCA 9 (distance 5 <= 5), read 0 mode Default
bddx-inf-sci-k8s-a800-03849:543576:544606 [1] NCCL INFO + PCI[24.0] - PCI/0-c000 (1000c0101000ffff)
bddx-inf-sci-k8s-a800-03849:543580:544604 [5] NCCL INFO GPU Direct RDMA Enabled for GPU 4 / HCA 9 (distance 5 <= 5), read 0 mode Default
bddx-inf-sci-k8s-a800-03849:543576:544606 [1] NCCL INFO               + PCI[24.0] - PCI/0-10000 (1000c01010de13b8)
bddx-inf-sci-k8s-a800-03849:543580:544604 [5] NCCL INFO GPU Direct RDMA Enabled for GPU 5 / HCA 9 (distance 5 <= 5), read 0 mode Default
bddx-inf-sci-k8s-a800-03849:543576:544606 [1] NCCL INFO                             + PCI[24.0] - GPU/0-12000 (0)
bddx-inf-sci-k8s-a800-03849:543580:544604 [5] NCCL INFO GPU Direct RDMA Enabled for GPU 6 / HCA 9 (distance 5 <= 5), read 0 mode Default
bddx-inf-sci-k8s-a800-03849:543576:544606 [1] NCCL INFO                                           + NVL[160.0] - NVS/0-0
bddx-inf-sci-k8s-a800-03849:543580:544604 [5] NCCL INFO GPU Direct RDMA Enabled for GPU 7 / HCA 9 (distance 5 <= 5), read 0 mode Default
bddx-inf-sci-k8s-a800-03849:543576:544606 [1] NCCL INFO               + PCI[24.0] - NIC/0-1f002
bddx-inf-sci-k8s-a800-03849:543580:544604 [5] NCCL INFO GPU Direct RDMA Enabled for GPU 0 / HCA a (distance 5 <= 5), read 0 mode Default
bddx-inf-sci-k8s-a800-03849:543576:544606 [1] NCCL INFO               + PCI[24.0] - PCI/0-16000 (1000c01010de13b8)
bddx-inf-sci-k8s-a800-03849:543580:544604 [5] NCCL INFO GPU Direct RDMA Enabled for GPU 1 / HCA a (distance 5 <= 5), read 0 mode Default
bddx-inf-sci-k8s-a800-03849:543576:544606 [1] NCCL INFO                             + PCI[24.0] - GPU/0-18000 (1)
bddx-inf-sci-k8s-a800-03849:543580:544604 [5] NCCL INFO GPU Direct RDMA Enabled for GPU 2 / HCA a (distance 5 <= 5), read 0 mode Default
bddx-inf-sci-k8s-a800-03849:543576:544606 [1] NCCL INFO                                           + NVL[160.0] - NVS/0-0
bddx-inf-sci-k8s-a800-03849:543580:544604 [5] NCCL INFO GPU Direct RDMA Enabled for GPU 3 / HCA a (distance 5 <= 5), read 0 mode Default
bddx-inf-sci-k8s-a800-03849:543576:544606 [1] NCCL INFO + PCI[24.0] - PCI/0-43000 (1000c0101000ffff)
bddx-inf-sci-k8s-a800-03849:543580:544604 [5] NCCL INFO GPU Direct RDMA Enabled for GPU 4 / HCA a (distance 5 <= 5), read 0 mode Default
bddx-inf-sci-k8s-a800-03849:543577:544608 [2] NCCL INFO NVLS multicast support is not available on dev 2 (NVLS_NCHANNELS 0)
bddx-inf-sci-k8s-a800-03849:543576:544606 [1] NCCL INFO               + PCI[24.0] - NIC/0-5f002
bddx-inf-sci-k8s-a800-03849:543580:544604 [5] NCCL INFO GPU Direct RDMA Enabled for GPU 5 / HCA a (distance 5 <= 5), read 0 mode Default
bddx-inf-sci-k8s-a800-03849:543576:544606 [1] NCCL INFO               + PCI[24.0] - PCI/0-47000 (1000c01010de13b8)
bddx-inf-sci-k8s-a800-03849:543580:544604 [5] NCCL INFO GPU Direct RDMA Enabled for GPU 6 / HCA a (distance 5 <= 5), read 0 mode Default
bddx-inf-sci-k8s-a800-03849:543576:544606 [1] NCCL INFO                             + PCI[24.0] - GPU/0-49000 (2)
bddx-inf-sci-k8s-a800-03849:543580:544604 [5] NCCL INFO GPU Direct RDMA Enabled for GPU 7 / HCA a (distance 5 <= 5), read 0 mode Default
bddx-inf-sci-k8s-a800-03849:543576:544606 [1] NCCL INFO                                           + NVL[160.0] - NVS/0-0
bddx-inf-sci-k8s-a800-03849:543580:544604 [5] NCCL INFO GPU Direct RDMA Enabled for GPU 0 / HCA b (distance 5 <= 5), read 0 mode Default
bddx-inf-sci-k8s-a800-03849:543576:544606 [1] NCCL INFO               + PCI[24.0] - PCI/0-4b000 (1000c01010de13b8)
bddx-inf-sci-k8s-a800-03849:543580:544604 [5] NCCL INFO GPU Direct RDMA Enabled for GPU 1 / HCA b (distance 5 <= 5), read 0 mode Default
bddx-inf-sci-k8s-a800-03849:543576:544606 [1] NCCL INFO                             + PCI[24.0] - GPU/0-4d000 (3)
bddx-inf-sci-k8s-a800-03849:543580:544604 [5] NCCL INFO GPU Direct RDMA Enabled for GPU 2 / HCA b (distance 5 <= 5), read 0 mode Default
bddx-inf-sci-k8s-a800-03849:543576:544606 [1] NCCL INFO                                           + NVL[160.0] - NVS/0-0
bddx-inf-sci-k8s-a800-03849:543580:544604 [5] NCCL INFO GPU Direct RDMA Enabled for GPU 3 / HCA b (distance 5 <= 5), read 0 mode Default
bddx-inf-sci-k8s-a800-03849:543576:544606 [1] NCCL INFO + SYS[10.0] - CPU/0-1
bddx-inf-sci-k8s-a800-03849:543580:544604 [5] NCCL INFO GPU Direct RDMA Enabled for GPU 4 / HCA b (distance 5 <= 5), read 0 mode Default
bddx-inf-sci-k8s-a800-03849:543576:544606 [1] NCCL INFO CPU/0-1 (1/1/2)
bddx-inf-sci-k8s-a800-03849:543580:544604 [5] NCCL INFO GPU Direct RDMA Enabled for GPU 5 / HCA b (distance 5 <= 5), read 0 mode Default
bddx-inf-sci-k8s-a800-03849:543576:544606 [1] NCCL INFO + PCI[24.0] - PCI/0-83000 (1000c0101000ffff)
bddx-inf-sci-k8s-a800-03849:543580:544604 [5] NCCL INFO GPU Direct RDMA Enabled for GPU 6 / HCA b (distance 5 <= 5), read 0 mode Default
bddx-inf-sci-k8s-a800-03849:543576:544606 [1] NCCL INFO               + PCI[24.0] - NIC/0-95002
bddx-inf-sci-k8s-a800-03849:543580:544604 [5] NCCL INFO GPU Direct RDMA Enabled for GPU 7 / HCA b (distance 5 <= 5), read 0 mode Default
bddx-inf-sci-k8s-a800-03849:543576:544606 [1] NCCL INFO               + PCI[24.0] - PCI/0-87000 (1000c01010de13b8)
bddx-inf-sci-k8s-a800-03849:543576:544606 [1] NCCL INFO                             + PCI[24.0] - GPU/0-89000 (4)
bddx-inf-sci-k8s-a800-03849:543576:544606 [1] NCCL INFO                                           + NVL[160.0] - NVS/0-0
bddx-inf-sci-k8s-a800-03849:543576:544606 [1] NCCL INFO               + PCI[24.0] - PCI/0-8c000 (1000c01010de13b8)
bddx-inf-sci-k8s-a800-03849:543576:544606 [1] NCCL INFO                             + PCI[24.0] - GPU/0-8e000 (5)
bddx-inf-sci-k8s-a800-03849:543576:544606 [1] NCCL INFO                                           + NVL[160.0] - NVS/0-0
bddx-inf-sci-k8s-a800-03849:543576:544606 [1] NCCL INFO + PCI[24.0] - PCI/0-bf000 (1000c0101000ffff)
bddx-inf-sci-k8s-a800-03849:543576:544606 [1] NCCL INFO               + PCI[24.0] - NIC/0-cc002
bddx-inf-sci-k8s-a800-03849:543576:544606 [1] NCCL INFO               + PCI[24.0] - PCI/0-c3000 (1000c01010de13b8)
bddx-inf-sci-k8s-a800-03849:543576:544606 [1] NCCL INFO                             + PCI[24.0] - GPU/0-c5000 (6)
bddx-inf-sci-k8s-a800-03849:543576:544606 [1] NCCL INFO                                           + NVL[160.0] - NVS/0-0
bddx-inf-sci-k8s-a800-03849:543576:544606 [1] NCCL INFO               + PCI[24.0] - PCI/0-c7000 (1000c01010de13b8)
bddx-inf-sci-k8s-a800-03849:543576:544606 [1] NCCL INFO                             + PCI[24.0] - GPU/0-c9000 (7)
bddx-inf-sci-k8s-a800-03849:543576:544606 [1] NCCL INFO                                           + NVL[160.0] - NVS/0-0
bddx-inf-sci-k8s-a800-03849:543576:544606 [1] NCCL INFO + SYS[10.0] - CPU/0-0
bddx-inf-sci-k8s-a800-03849:543576:544606 [1] NCCL INFO ==========================================
bddx-inf-sci-k8s-a800-03849:543576:544606 [1] NCCL INFO GPU/0-12000 :GPU/0-12000 (0/5000.0/LOC) GPU/0-18000 (2/160.0/NVL) GPU/0-49000 (2/160.0/NVL) GPU/0-4d000 (2/160.0/NVL) GPU/0-89000 (2/160.0/NVL) GPU/0-8e000 (2/160.0/NVL) GPU/0-c5000 (2/160.0/NVL) GPU/0-c9000 (2/160.0/NVL) NVS/0-0 (1/160.0/NVL) CPU/0-0 (3/24.0/PHB) CPU/0-1 (4/10.0/SYS) 
bddx-inf-sci-k8s-a800-03849:543576:544606 [1] NCCL INFO GPU/0-18000 :GPU/0-12000 (2/160.0/NVL) GPU/0-18000 (0/5000.0/LOC) GPU/0-49000 (2/160.0/NVL) GPU/0-4d000 (2/160.0/NVL) GPU/0-89000 (2/160.0/NVL) GPU/0-8e000 (2/160.0/NVL) GPU/0-c5000 (2/160.0/NVL) GPU/0-c9000 (2/160.0/NVL) NVS/0-0 (1/160.0/NVL) CPU/0-0 (3/24.0/PHB) CPU/0-1 (4/10.0/SYS) 
bddx-inf-sci-k8s-a800-03849:543576:544606 [1] NCCL INFO GPU/0-49000 :GPU/0-12000 (2/160.0/NVL) GPU/0-18000 (2/160.0/NVL) GPU/0-49000 (0/5000.0/LOC) GPU/0-4d000 (2/160.0/NVL) GPU/0-89000 (2/160.0/NVL) GPU/0-8e000 (2/160.0/NVL) GPU/0-c5000 (2/160.0/NVL) GPU/0-c9000 (2/160.0/NVL) NVS/0-0 (1/160.0/NVL) CPU/0-0 (3/24.0/PHB) CPU/0-1 (4/10.0/SYS) 
bddx-inf-sci-k8s-a800-03849:543576:544606 [1] NCCL INFO GPU/0-4d000 :GPU/0-12000 (2/160.0/NVL) GPU/0-18000 (2/160.0/NVL) GPU/0-49000 (2/160.0/NVL) GPU/0-4d000 (0/5000.0/LOC) GPU/0-89000 (2/160.0/NVL) GPU/0-8e000 (2/160.0/NVL) GPU/0-c5000 (2/160.0/NVL) GPU/0-c9000 (2/160.0/NVL) NVS/0-0 (1/160.0/NVL) CPU/0-0 (3/24.0/PHB) CPU/0-1 (4/10.0/SYS) 
bddx-inf-sci-k8s-a800-03849:543576:544606 [1] NCCL INFO GPU/0-89000 :GPU/0-12000 (2/160.0/NVL) GPU/0-18000 (2/160.0/NVL) GPU/0-49000 (2/160.0/NVL) GPU/0-4d000 (2/160.0/NVL) GPU/0-89000 (0/5000.0/LOC) GPU/0-8e000 (2/160.0/NVL) GPU/0-c5000 (2/160.0/NVL) GPU/0-c9000 (2/160.0/NVL) NVS/0-0 (1/160.0/NVL) CPU/0-0 (4/10.0/SYS) CPU/0-1 (3/24.0/PHB) 
bddx-inf-sci-k8s-a800-03849:543576:544606 [1] NCCL INFO GPU/0-8e000 :GPU/0-12000 (2/160.0/NVL) GPU/0-18000 (2/160.0/NVL) GPU/0-49000 (2/160.0/NVL) GPU/0-4d000 (2/160.0/NVL) GPU/0-89000 (2/160.0/NVL) GPU/0-8e000 (0/5000.0/LOC) GPU/0-c5000 (2/160.0/NVL) GPU/0-c9000 (2/160.0/NVL) NVS/0-0 (1/160.0/NVL) CPU/0-0 (4/10.0/SYS) CPU/0-1 (3/24.0/PHB) 
bddx-inf-sci-k8s-a800-03849:543576:544606 [1] NCCL INFO GPU/0-c5000 :GPU/0-12000 (2/160.0/NVL) GPU/0-18000 (2/160.0/NVL) GPU/0-49000 (2/160.0/NVL) GPU/0-4d000 (2/160.0/NVL) GPU/0-89000 (2/160.0/NVL) GPU/0-8e000 (2/160.0/NVL) GPU/0-c5000 (0/5000.0/LOC) GPU/0-c9000 (2/160.0/NVL) NVS/0-0 (1/160.0/NVL) CPU/0-0 (4/10.0/SYS) CPU/0-1 (3/24.0/PHB) 
bddx-inf-sci-k8s-a800-03849:543576:544606 [1] NCCL INFO GPU/0-c9000 :GPU/0-12000 (2/160.0/NVL) GPU/0-18000 (2/160.0/NVL) GPU/0-49000 (2/160.0/NVL) GPU/0-4d000 (2/160.0/NVL) GPU/0-89000 (2/160.0/NVL) GPU/0-8e000 (2/160.0/NVL) GPU/0-c5000 (2/160.0/NVL) GPU/0-c9000 (0/5000.0/LOC) NVS/0-0 (1/160.0/NVL) CPU/0-0 (4/10.0/SYS) CPU/0-1 (3/24.0/PHB) 
bddx-inf-sci-k8s-a800-03849:543576:544606 [1] NCCL INFO Setting affinity for GPU 1 to 0-31,64-95
bddx-inf-sci-k8s-a800-03849:543578:544603 [3] NCCL INFO GPU Direct RDMA Enabled for GPU 0 / HCA 8 (distance 5 <= 5), read 0 mode Default
bddx-inf-sci-k8s-a800-03849:543578:544603 [3] NCCL INFO GPU Direct RDMA Enabled for GPU 1 / HCA 8 (distance 5 <= 5), read 0 mode Default
bddx-inf-sci-k8s-a800-03849:543578:544603 [3] NCCL INFO GPU Direct RDMA Enabled for GPU 2 / HCA 8 (distance 5 <= 5), read 0 mode Default
bddx-inf-sci-k8s-a800-03849:543578:544603 [3] NCCL INFO GPU Direct RDMA Enabled for GPU 3 / HCA 8 (distance 5 <= 5), read 0 mode Default
bddx-inf-sci-k8s-a800-03849:543578:544603 [3] NCCL INFO GPU Direct RDMA Enabled for GPU 4 / HCA 8 (distance 5 <= 5), read 0 mode Default
bddx-inf-sci-k8s-a800-03849:543578:544603 [3] NCCL INFO GPU Direct RDMA Enabled for GPU 5 / HCA 8 (distance 5 <= 5), read 0 mode Default
bddx-inf-sci-k8s-a800-03849:543578:544603 [3] NCCL INFO GPU Direct RDMA Enabled for GPU 6 / HCA 8 (distance 5 <= 5), read 0 mode Default
bddx-inf-sci-k8s-a800-03849:543578:544603 [3] NCCL INFO GPU Direct RDMA Enabled for GPU 7 / HCA 8 (distance 5 <= 5), read 0 mode Default
bddx-inf-sci-k8s-a800-03849:543578:544603 [3] NCCL INFO GPU Direct RDMA Enabled for GPU 0 / HCA 9 (distance 5 <= 5), read 0 mode Default
bddx-inf-sci-k8s-a800-03849:543578:544603 [3] NCCL INFO GPU Direct RDMA Enabled for GPU 1 / HCA 9 (distance 5 <= 5), read 0 mode Default
bddx-inf-sci-k8s-a800-03849:543578:544603 [3] NCCL INFO GPU Direct RDMA Enabled for GPU 2 / HCA 9 (distance 5 <= 5), read 0 mode Default
bddx-inf-sci-k8s-a800-03849:543578:544603 [3] NCCL INFO GPU Direct RDMA Enabled for GPU 3 / HCA 9 (distance 5 <= 5), read 0 mode Default
bddx-inf-sci-k8s-a800-03849:543578:544603 [3] NCCL INFO GPU Direct RDMA Enabled for GPU 4 / HCA 9 (distance 5 <= 5), read 0 mode Default
bddx-inf-sci-k8s-a800-03849:543578:544603 [3] NCCL INFO GPU Direct RDMA Enabled for GPU 5 / HCA 9 (distance 5 <= 5), read 0 mode Default
bddx-inf-sci-k8s-a800-03849:543578:544603 [3] NCCL INFO GPU Direct RDMA Enabled for GPU 6 / HCA 9 (distance 5 <= 5), read 0 mode Default
bddx-inf-sci-k8s-a800-03849:543575:544609 [0] NCCL INFO === System : maxBw 160.0 totalBw 160.0 ===
bddx-inf-sci-k8s-a800-03849:543578:544603 [3] NCCL INFO GPU Direct RDMA Enabled for GPU 7 / HCA 9 (distance 5 <= 5), read 0 mode Default
bddx-inf-sci-k8s-a800-03849:543575:544609 [0] NCCL INFO CPU/0-0 (1/1/2)
bddx-inf-sci-k8s-a800-03849:543578:544603 [3] NCCL INFO GPU Direct RDMA Enabled for GPU 0 / HCA a (distance 5 <= 5), read 0 mode Default
bddx-inf-sci-k8s-a800-03849:543575:544609 [0] NCCL INFO + PCI[24.0] - PCI/0-c000 (1000c0101000ffff)
bddx-inf-sci-k8s-a800-03849:543578:544603 [3] NCCL INFO GPU Direct RDMA Enabled for GPU 1 / HCA a (distance 5 <= 5), read 0 mode Default
bddx-inf-sci-k8s-a800-03849:543575:544609 [0] NCCL INFO               + PCI[24.0] - PCI/0-10000 (1000c01010de13b8)
bddx-inf-sci-k8s-a800-03849:543578:544603 [3] NCCL INFO GPU Direct RDMA Enabled for GPU 2 / HCA a (distance 5 <= 5), read 0 mode Default
bddx-inf-sci-k8s-a800-03849:543575:544609 [0] NCCL INFO                             + PCI[24.0] - GPU/0-12000 (0)
bddx-inf-sci-k8s-a800-03849:543578:544603 [3] NCCL INFO GPU Direct RDMA Enabled for GPU 3 / HCA a (distance 5 <= 5), read 0 mode Default
bddx-inf-sci-k8s-a800-03849:543575:544609 [0] NCCL INFO                                           + NVL[160.0] - NVS/0-0
bddx-inf-sci-k8s-a800-03849:543578:544603 [3] NCCL INFO GPU Direct RDMA Enabled for GPU 4 / HCA a (distance 5 <= 5), read 0 mode Default
bddx-inf-sci-k8s-a800-03849:543575:544609 [0] NCCL INFO               + PCI[24.0] - NIC/0-1f002
bddx-inf-sci-k8s-a800-03849:543578:544603 [3] NCCL INFO GPU Direct RDMA Enabled for GPU 5 / HCA a (distance 5 <= 5), read 0 mode Default
bddx-inf-sci-k8s-a800-03849:543575:544609 [0] NCCL INFO               + PCI[24.0] - PCI/0-16000 (1000c01010de13b8)
bddx-inf-sci-k8s-a800-03849:543578:544603 [3] NCCL INFO GPU Direct RDMA Enabled for GPU 6 / HCA a (distance 5 <= 5), read 0 mode Default
bddx-inf-sci-k8s-a800-03849:543575:544609 [0] NCCL INFO                             + PCI[24.0] - GPU/0-18000 (1)
bddx-inf-sci-k8s-a800-03849:543578:544603 [3] NCCL INFO GPU Direct RDMA Enabled for GPU 7 / HCA a (distance 5 <= 5), read 0 mode Default
bddx-inf-sci-k8s-a800-03849:543575:544609 [0] NCCL INFO                                           + NVL[160.0] - NVS/0-0
bddx-inf-sci-k8s-a800-03849:543578:544603 [3] NCCL INFO GPU Direct RDMA Enabled for GPU 0 / HCA b (distance 5 <= 5), read 0 mode Default
bddx-inf-sci-k8s-a800-03849:543575:544609 [0] NCCL INFO + PCI[24.0] - PCI/0-43000 (1000c0101000ffff)
bddx-inf-sci-k8s-a800-03849:543578:544603 [3] NCCL INFO GPU Direct RDMA Enabled for GPU 1 / HCA b (distance 5 <= 5), read 0 mode Default
bddx-inf-sci-k8s-a800-03849:543575:544609 [0] NCCL INFO               + PCI[24.0] - NIC/0-5f002
bddx-inf-sci-k8s-a800-03849:543578:544603 [3] NCCL INFO GPU Direct RDMA Enabled for GPU 2 / HCA b (distance 5 <= 5), read 0 mode Default
bddx-inf-sci-k8s-a800-03849:543575:544609 [0] NCCL INFO               + PCI[24.0] - PCI/0-47000 (1000c01010de13b8)
bddx-inf-sci-k8s-a800-03849:543578:544603 [3] NCCL INFO GPU Direct RDMA Enabled for GPU 3 / HCA b (distance 5 <= 5), read 0 mode Default
bddx-inf-sci-k8s-a800-03849:543575:544609 [0] NCCL INFO                             + PCI[24.0] - GPU/0-49000 (2)
bddx-inf-sci-k8s-a800-03849:543578:544603 [3] NCCL INFO GPU Direct RDMA Enabled for GPU 4 / HCA b (distance 5 <= 5), read 0 mode Default
bddx-inf-sci-k8s-a800-03849:543575:544609 [0] NCCL INFO                                           + NVL[160.0] - NVS/0-0
bddx-inf-sci-k8s-a800-03849:543578:544603 [3] NCCL INFO GPU Direct RDMA Enabled for GPU 5 / HCA b (distance 5 <= 5), read 0 mode Default
bddx-inf-sci-k8s-a800-03849:543575:544609 [0] NCCL INFO               + PCI[24.0] - PCI/0-4b000 (1000c01010de13b8)
bddx-inf-sci-k8s-a800-03849:543578:544603 [3] NCCL INFO GPU Direct RDMA Enabled for GPU 6 / HCA b (distance 5 <= 5), read 0 mode Default
bddx-inf-sci-k8s-a800-03849:543575:544609 [0] NCCL INFO                             + PCI[24.0] - GPU/0-4d000 (3)
bddx-inf-sci-k8s-a800-03849:543578:544603 [3] NCCL INFO GPU Direct RDMA Enabled for GPU 7 / HCA b (distance 5 <= 5), read 0 mode Default
bddx-inf-sci-k8s-a800-03849:543575:544609 [0] NCCL INFO                                           + NVL[160.0] - NVS/0-0
bddx-inf-sci-k8s-a800-03849:543575:544609 [0] NCCL INFO + SYS[10.0] - CPU/0-1
bddx-inf-sci-k8s-a800-03849:543575:544609 [0] NCCL INFO CPU/0-1 (1/1/2)
bddx-inf-sci-k8s-a800-03849:543575:544609 [0] NCCL INFO + PCI[24.0] - PCI/0-83000 (1000c0101000ffff)
bddx-inf-sci-k8s-a800-03849:543575:544609 [0] NCCL INFO               + PCI[24.0] - NIC/0-95002
bddx-inf-sci-k8s-a800-03849:543575:544609 [0] NCCL INFO               + PCI[24.0] - PCI/0-87000 (1000c01010de13b8)
bddx-inf-sci-k8s-a800-03849:543575:544609 [0] NCCL INFO                             + PCI[24.0] - GPU/0-89000 (4)
bddx-inf-sci-k8s-a800-03849:543575:544609 [0] NCCL INFO                                           + NVL[160.0] - NVS/0-0
bddx-inf-sci-k8s-a800-03849:543575:544609 [0] NCCL INFO               + PCI[24.0] - PCI/0-8c000 (1000c01010de13b8)
bddx-inf-sci-k8s-a800-03849:543575:544609 [0] NCCL INFO                             + PCI[24.0] - GPU/0-8e000 (5)
bddx-inf-sci-k8s-a800-03849:543575:544609 [0] NCCL INFO                                           + NVL[160.0] - NVS/0-0
bddx-inf-sci-k8s-a800-03849:543575:544609 [0] NCCL INFO + PCI[24.0] - PCI/0-bf000 (1000c0101000ffff)
bddx-inf-sci-k8s-a800-03849:543575:544609 [0] NCCL INFO               + PCI[24.0] - NIC/0-cc002
bddx-inf-sci-k8s-a800-03849:543575:544609 [0] NCCL INFO               + PCI[24.0] - PCI/0-c3000 (1000c01010de13b8)
bddx-inf-sci-k8s-a800-03849:543575:544609 [0] NCCL INFO                             + PCI[24.0] - GPU/0-c5000 (6)
bddx-inf-sci-k8s-a800-03849:543575:544609 [0] NCCL INFO                                           + NVL[160.0] - NVS/0-0
bddx-inf-sci-k8s-a800-03849:543575:544609 [0] NCCL INFO               + PCI[24.0] - PCI/0-c7000 (1000c01010de13b8)
bddx-inf-sci-k8s-a800-03849:543575:544609 [0] NCCL INFO                             + PCI[24.0] - GPU/0-c9000 (7)
bddx-inf-sci-k8s-a800-03849:543575:544609 [0] NCCL INFO                                           + NVL[160.0] - NVS/0-0
bddx-inf-sci-k8s-a800-03849:543575:544609 [0] NCCL INFO + SYS[10.0] - CPU/0-0
bddx-inf-sci-k8s-a800-03849:543575:544609 [0] NCCL INFO ==========================================
bddx-inf-sci-k8s-a800-03849:543579:544605 [4] NCCL INFO === System : maxBw 160.0 totalBw 160.0 ===
bddx-inf-sci-k8s-a800-03849:543575:544609 [0] NCCL INFO GPU/0-12000 :GPU/0-12000 (0/5000.0/LOC) GPU/0-18000 (2/160.0/NVL) GPU/0-49000 (2/160.0/NVL) GPU/0-4d000 (2/160.0/NVL) GPU/0-89000 (2/160.0/NVL) GPU/0-8e000 (2/160.0/NVL) GPU/0-c5000 (2/160.0/NVL) GPU/0-c9000 (2/160.0/NVL) NVS/0-0 (1/160.0/NVL) CPU/0-0 (3/24.0/PHB) CPU/0-1 (4/10.0/SYS) 
bddx-inf-sci-k8s-a800-03849:543579:544605 [4] NCCL INFO CPU/0-0 (1/1/2)
bddx-inf-sci-k8s-a800-03849:543579:544605 [4] NCCL INFO + PCI[24.0] - PCI/0-c000 (1000c0101000ffff)
bddx-inf-sci-k8s-a800-03849:543579:544605 [4] NCCL INFO               + PCI[24.0] - PCI/0-10000 (1000c01010de13b8)
bddx-inf-sci-k8s-a800-03849:543575:544609 [0] NCCL INFO GPU/0-18000 :GPU/0-12000 (2/160.0/NVL) GPU/0-18000 (0/5000.0/LOC) GPU/0-49000 (2/160.0/NVL) GPU/0-4d000 (2/160.0/NVL) GPU/0-89000 (2/160.0/NVL) GPU/0-8e000 (2/160.0/NVL) GPU/0-c5000 (2/160.0/NVL) GPU/0-c9000 (2/160.0/NVL) NVS/0-0 (1/160.0/NVL) CPU/0-0 (3/24.0/PHB) CPU/0-1 (4/10.0/SYS) 
bddx-inf-sci-k8s-a800-03849:543579:544605 [4] NCCL INFO                             + PCI[24.0] - GPU/0-12000 (0)
bddx-inf-sci-k8s-a800-03849:543579:544605 [4] NCCL INFO                                           + NVL[160.0] - NVS/0-0
bddx-inf-sci-k8s-a800-03849:543579:544605 [4] NCCL INFO               + PCI[24.0] - NIC/0-1f002
bddx-inf-sci-k8s-a800-03849:543575:544609 [0] NCCL INFO GPU/0-49000 :GPU/0-12000 (2/160.0/NVL) GPU/0-18000 (2/160.0/NVL) GPU/0-49000 (0/5000.0/LOC) GPU/0-4d000 (2/160.0/NVL) GPU/0-89000 (2/160.0/NVL) GPU/0-8e000 (2/160.0/NVL) GPU/0-c5000 (2/160.0/NVL) GPU/0-c9000 (2/160.0/NVL) NVS/0-0 (1/160.0/NVL) CPU/0-0 (3/24.0/PHB) CPU/0-1 (4/10.0/SYS) 
bddx-inf-sci-k8s-a800-03849:543579:544605 [4] NCCL INFO               + PCI[24.0] - PCI/0-16000 (1000c01010de13b8)
bddx-inf-sci-k8s-a800-03849:543579:544605 [4] NCCL INFO                             + PCI[24.0] - GPU/0-18000 (1)
bddx-inf-sci-k8s-a800-03849:543575:544609 [0] NCCL INFO GPU/0-4d000 :GPU/0-12000 (2/160.0/NVL) GPU/0-18000 (2/160.0/NVL) GPU/0-49000 (2/160.0/NVL) GPU/0-4d000 (0/5000.0/LOC) GPU/0-89000 (2/160.0/NVL) GPU/0-8e000 (2/160.0/NVL) GPU/0-c5000 (2/160.0/NVL) GPU/0-c9000 (2/160.0/NVL) NVS/0-0 (1/160.0/NVL) CPU/0-0 (3/24.0/PHB) CPU/0-1 (4/10.0/SYS) 
bddx-inf-sci-k8s-a800-03849:543579:544605 [4] NCCL INFO                                           + NVL[160.0] - NVS/0-0
bddx-inf-sci-k8s-a800-03849:543579:544605 [4] NCCL INFO + PCI[24.0] - PCI/0-43000 (1000c0101000ffff)
bddx-inf-sci-k8s-a800-03849:543579:544605 [4] NCCL INFO               + PCI[24.0] - NIC/0-5f002
bddx-inf-sci-k8s-a800-03849:543575:544609 [0] NCCL INFO GPU/0-89000 :GPU/0-12000 (2/160.0/NVL) GPU/0-18000 (2/160.0/NVL) GPU/0-49000 (2/160.0/NVL) GPU/0-4d000 (2/160.0/NVL) GPU/0-89000 (0/5000.0/LOC) GPU/0-8e000 (2/160.0/NVL) GPU/0-c5000 (2/160.0/NVL) GPU/0-c9000 (2/160.0/NVL) NVS/0-0 (1/160.0/NVL) CPU/0-0 (4/10.0/SYS) CPU/0-1 (3/24.0/PHB) 
bddx-inf-sci-k8s-a800-03849:543579:544605 [4] NCCL INFO               + PCI[24.0] - PCI/0-47000 (1000c01010de13b8)
bddx-inf-sci-k8s-a800-03849:543579:544605 [4] NCCL INFO                             + PCI[24.0] - GPU/0-49000 (2)
bddx-inf-sci-k8s-a800-03849:543579:544605 [4] NCCL INFO                                           + NVL[160.0] - NVS/0-0
bddx-inf-sci-k8s-a800-03849:543575:544609 [0] NCCL INFO GPU/0-8e000 :GPU/0-12000 (2/160.0/NVL) GPU/0-18000 (2/160.0/NVL) GPU/0-49000 (2/160.0/NVL) GPU/0-4d000 (2/160.0/NVL) GPU/0-89000 (2/160.0/NVL) GPU/0-8e000 (0/5000.0/LOC) GPU/0-c5000 (2/160.0/NVL) GPU/0-c9000 (2/160.0/NVL) NVS/0-0 (1/160.0/NVL) CPU/0-0 (4/10.0/SYS) CPU/0-1 (3/24.0/PHB) 
bddx-inf-sci-k8s-a800-03849:543579:544605 [4] NCCL INFO               + PCI[24.0] - PCI/0-4b000 (1000c01010de13b8)
bddx-inf-sci-k8s-a800-03849:543579:544605 [4] NCCL INFO                             + PCI[24.0] - GPU/0-4d000 (3)
bddx-inf-sci-k8s-a800-03849:543579:544605 [4] NCCL INFO                                           + NVL[160.0] - NVS/0-0
bddx-inf-sci-k8s-a800-03849:543579:544605 [4] NCCL INFO + SYS[10.0] - CPU/0-1
bddx-inf-sci-k8s-a800-03849:543575:544609 [0] NCCL INFO GPU/0-c5000 :GPU/0-12000 (2/160.0/NVL) GPU/0-18000 (2/160.0/NVL) GPU/0-49000 (2/160.0/NVL) GPU/0-4d000 (2/160.0/NVL) GPU/0-89000 (2/160.0/NVL) GPU/0-8e000 (2/160.0/NVL) GPU/0-c5000 (0/5000.0/LOC) GPU/0-c9000 (2/160.0/NVL) NVS/0-0 (1/160.0/NVL) CPU/0-0 (4/10.0/SYS) CPU/0-1 (3/24.0/PHB) 
bddx-inf-sci-k8s-a800-03849:543579:544605 [4] NCCL INFO CPU/0-1 (1/1/2)
bddx-inf-sci-k8s-a800-03849:543579:544605 [4] NCCL INFO + PCI[24.0] - PCI/0-83000 (1000c0101000ffff)
bddx-inf-sci-k8s-a800-03849:543579:544605 [4] NCCL INFO               + PCI[24.0] - NIC/0-95002
bddx-inf-sci-k8s-a800-03849:543575:544609 [0] NCCL INFO GPU/0-c9000 :GPU/0-12000 (2/160.0/NVL) GPU/0-18000 (2/160.0/NVL) GPU/0-49000 (2/160.0/NVL) GPU/0-4d000 (2/160.0/NVL) GPU/0-89000 (2/160.0/NVL) GPU/0-8e000 (2/160.0/NVL) GPU/0-c5000 (2/160.0/NVL) GPU/0-c9000 (0/5000.0/LOC) NVS/0-0 (1/160.0/NVL) CPU/0-0 (4/10.0/SYS) CPU/0-1 (3/24.0/PHB) 
bddx-inf-sci-k8s-a800-03849:543579:544605 [4] NCCL INFO               + PCI[24.0] - PCI/0-87000 (1000c01010de13b8)
bddx-inf-sci-k8s-a800-03849:543579:544605 [4] NCCL INFO                             + PCI[24.0] - GPU/0-89000 (4)
bddx-inf-sci-k8s-a800-03849:543579:544605 [4] NCCL INFO                                           + NVL[160.0] - NVS/0-0
bddx-inf-sci-k8s-a800-03849:543579:544605 [4] NCCL INFO               + PCI[24.0] - PCI/0-8c000 (1000c01010de13b8)
bddx-inf-sci-k8s-a800-03849:543575:544609 [0] NCCL INFO Setting affinity for GPU 0 to 0-31,64-95
bddx-inf-sci-k8s-a800-03849:543579:544605 [4] NCCL INFO                             + PCI[24.0] - GPU/0-8e000 (5)
bddx-inf-sci-k8s-a800-03849:543579:544605 [4] NCCL INFO                                           + NVL[160.0] - NVS/0-0
bddx-inf-sci-k8s-a800-03849:543579:544605 [4] NCCL INFO + PCI[24.0] - PCI/0-bf000 (1000c0101000ffff)
bddx-inf-sci-k8s-a800-03849:543579:544605 [4] NCCL INFO               + PCI[24.0] - NIC/0-cc002
bddx-inf-sci-k8s-a800-03849:543579:544605 [4] NCCL INFO               + PCI[24.0] - PCI/0-c3000 (1000c01010de13b8)
bddx-inf-sci-k8s-a800-03849:543579:544605 [4] NCCL INFO                             + PCI[24.0] - GPU/0-c5000 (6)
bddx-inf-sci-k8s-a800-03849:543579:544605 [4] NCCL INFO                                           + NVL[160.0] - NVS/0-0
bddx-inf-sci-k8s-a800-03849:543579:544605 [4] NCCL INFO               + PCI[24.0] - PCI/0-c7000 (1000c01010de13b8)
bddx-inf-sci-k8s-a800-03849:543579:544605 [4] NCCL INFO                             + PCI[24.0] - GPU/0-c9000 (7)
bddx-inf-sci-k8s-a800-03849:543579:544605 [4] NCCL INFO                                           + NVL[160.0] - NVS/0-0
bddx-inf-sci-k8s-a800-03849:543579:544605 [4] NCCL INFO + SYS[10.0] - CPU/0-0
bddx-inf-sci-k8s-a800-03849:543579:544605 [4] NCCL INFO ==========================================
bddx-inf-sci-k8s-a800-03849:543576:544606 [1] NCCL INFO NVLS multicast support is not available on dev 1 (NVLS_NCHANNELS 0)
bddx-inf-sci-k8s-a800-03849:543579:544605 [4] NCCL INFO GPU/0-12000 :GPU/0-12000 (0/5000.0/LOC) GPU/0-18000 (2/160.0/NVL) GPU/0-49000 (2/160.0/NVL) GPU/0-4d000 (2/160.0/NVL) GPU/0-89000 (2/160.0/NVL) GPU/0-8e000 (2/160.0/NVL) GPU/0-c5000 (2/160.0/NVL) GPU/0-c9000 (2/160.0/NVL) NVS/0-0 (1/160.0/NVL) CPU/0-0 (3/24.0/PHB) CPU/0-1 (4/10.0/SYS) 
bddx-inf-sci-k8s-a800-03849:543577:544608 [2] NCCL INFO Pattern 4, crossNic 0, nChannels 8, bw 20.000000/20.000000, type NVL/PIX, sameChannels 1
bddx-inf-sci-k8s-a800-03849:543579:544605 [4] NCCL INFO GPU/0-18000 :GPU/0-12000 (2/160.0/NVL) GPU/0-18000 (0/5000.0/LOC) GPU/0-49000 (2/160.0/NVL) GPU/0-4d000 (2/160.0/NVL) GPU/0-89000 (2/160.0/NVL) GPU/0-8e000 (2/160.0/NVL) GPU/0-c5000 (2/160.0/NVL) GPU/0-c9000 (2/160.0/NVL) NVS/0-0 (1/160.0/NVL) CPU/0-0 (3/24.0/PHB) CPU/0-1 (4/10.0/SYS) 
bddx-inf-sci-k8s-a800-03849:543577:544608 [2] NCCL INFO  0 : GPU/0 GPU/1 GPU/2 GPU/3 GPU/4 GPU/5 GPU/6 GPU/7
bddx-inf-sci-k8s-a800-03849:543579:544605 [4] NCCL INFO GPU/0-49000 :GPU/0-12000 (2/160.0/NVL) GPU/0-18000 (2/160.0/NVL) GPU/0-49000 (0/5000.0/LOC) GPU/0-4d000 (2/160.0/NVL) GPU/0-89000 (2/160.0/NVL) GPU/0-8e000 (2/160.0/NVL) GPU/0-c5000 (2/160.0/NVL) GPU/0-c9000 (2/160.0/NVL) NVS/0-0 (1/160.0/NVL) CPU/0-0 (3/24.0/PHB) CPU/0-1 (4/10.0/SYS) 
bddx-inf-sci-k8s-a800-03849:543577:544608 [2] NCCL INFO  1 : GPU/0 GPU/1 GPU/2 GPU/3 GPU/4 GPU/5 GPU/6 GPU/7
bddx-inf-sci-k8s-a800-03849:543579:544605 [4] NCCL INFO GPU/0-4d000 :GPU/0-12000 (2/160.0/NVL) GPU/0-18000 (2/160.0/NVL) GPU/0-49000 (2/160.0/NVL) GPU/0-4d000 (0/5000.0/LOC) GPU/0-89000 (2/160.0/NVL) GPU/0-8e000 (2/160.0/NVL) GPU/0-c5000 (2/160.0/NVL) GPU/0-c9000 (2/160.0/NVL) NVS/0-0 (1/160.0/NVL) CPU/0-0 (3/24.0/PHB) CPU/0-1 (4/10.0/SYS) 
bddx-inf-sci-k8s-a800-03849:543575:544609 [0] NCCL INFO NVLS multicast support is not available on dev 0 (NVLS_NCHANNELS 0)
bddx-inf-sci-k8s-a800-03849:543577:544608 [2] NCCL INFO  2 : GPU/0 GPU/1 GPU/2 GPU/3 GPU/4 GPU/5 GPU/6 GPU/7
bddx-inf-sci-k8s-a800-03849:543579:544605 [4] NCCL INFO GPU/0-89000 :GPU/0-12000 (2/160.0/NVL) GPU/0-18000 (2/160.0/NVL) GPU/0-49000 (2/160.0/NVL) GPU/0-4d000 (2/160.0/NVL) GPU/0-89000 (0/5000.0/LOC) GPU/0-8e000 (2/160.0/NVL) GPU/0-c5000 (2/160.0/NVL) GPU/0-c9000 (2/160.0/NVL) NVS/0-0 (1/160.0/NVL) CPU/0-0 (4/10.0/SYS) CPU/0-1 (3/24.0/PHB) 
bddx-inf-sci-k8s-a800-03849:543577:544608 [2] NCCL INFO  3 : GPU/0 GPU/1 GPU/2 GPU/3 GPU/4 GPU/5 GPU/6 GPU/7
bddx-inf-sci-k8s-a800-03849:543579:544605 [4] NCCL INFO GPU/0-8e000 :GPU/0-12000 (2/160.0/NVL) GPU/0-18000 (2/160.0/NVL) GPU/0-49000 (2/160.0/NVL) GPU/0-4d000 (2/160.0/NVL) GPU/0-89000 (2/160.0/NVL) GPU/0-8e000 (0/5000.0/LOC) GPU/0-c5000 (2/160.0/NVL) GPU/0-c9000 (2/160.0/NVL) NVS/0-0 (1/160.0/NVL) CPU/0-0 (4/10.0/SYS) CPU/0-1 (3/24.0/PHB) 
bddx-inf-sci-k8s-a800-03849:543577:544608 [2] NCCL INFO  4 : GPU/0 GPU/1 GPU/2 GPU/3 GPU/4 GPU/5 GPU/6 GPU/7
bddx-inf-sci-k8s-a800-03849:543577:544608 [2] NCCL INFO  5 : GPU/0 GPU/1 GPU/2 GPU/3 GPU/4 GPU/5 GPU/6 GPU/7
bddx-inf-sci-k8s-a800-03849:543579:544605 [4] NCCL INFO GPU/0-c5000 :GPU/0-12000 (2/160.0/NVL) GPU/0-18000 (2/160.0/NVL) GPU/0-49000 (2/160.0/NVL) GPU/0-4d000 (2/160.0/NVL) GPU/0-89000 (2/160.0/NVL) GPU/0-8e000 (2/160.0/NVL) GPU/0-c5000 (0/5000.0/LOC) GPU/0-c9000 (2/160.0/NVL) NVS/0-0 (1/160.0/NVL) CPU/0-0 (4/10.0/SYS) CPU/0-1 (3/24.0/PHB) 
bddx-inf-sci-k8s-a800-03849:543577:544608 [2] NCCL INFO  6 : GPU/0 GPU/1 GPU/2 GPU/3 GPU/4 GPU/5 GPU/6 GPU/7
bddx-inf-sci-k8s-a800-03849:543579:544605 [4] NCCL INFO GPU/0-c9000 :GPU/0-12000 (2/160.0/NVL) GPU/0-18000 (2/160.0/NVL) GPU/0-49000 (2/160.0/NVL) GPU/0-4d000 (2/160.0/NVL) GPU/0-89000 (2/160.0/NVL) GPU/0-8e000 (2/160.0/NVL) GPU/0-c5000 (2/160.0/NVL) GPU/0-c9000 (0/5000.0/LOC) NVS/0-0 (1/160.0/NVL) CPU/0-0 (4/10.0/SYS) CPU/0-1 (3/24.0/PHB) 
bddx-inf-sci-k8s-a800-03849:543577:544608 [2] NCCL INFO  7 : GPU/0 GPU/1 GPU/2 GPU/3 GPU/4 GPU/5 GPU/6 GPU/7
bddx-inf-sci-k8s-a800-03849:543579:544605 [4] NCCL INFO Setting affinity for GPU 4 to 32-63,96-127
bddx-inf-sci-k8s-a800-03849:543579:544605 [4] NCCL INFO NVLS multicast support is not available on dev 4 (NVLS_NCHANNELS 0)
bddx-inf-sci-k8s-a800-03849:543582:544607 [7] NCCL INFO === System : maxBw 160.0 totalBw 160.0 ===
bddx-inf-sci-k8s-a800-03849:543582:544607 [7] NCCL INFO CPU/0-0 (1/1/2)
bddx-inf-sci-k8s-a800-03849:543582:544607 [7] NCCL INFO + PCI[24.0] - PCI/0-c000 (1000c0101000ffff)
bddx-inf-sci-k8s-a800-03849:543582:544607 [7] NCCL INFO               + PCI[24.0] - PCI/0-10000 (1000c01010de13b8)
bddx-inf-sci-k8s-a800-03849:543582:544607 [7] NCCL INFO                             + PCI[24.0] - GPU/0-12000 (0)
bddx-inf-sci-k8s-a800-03849:543582:544607 [7] NCCL INFO                                           + NVL[160.0] - NVS/0-0
bddx-inf-sci-k8s-a800-03849:543582:544607 [7] NCCL INFO               + PCI[24.0] - NIC/0-1f002
bddx-inf-sci-k8s-a800-03849:543582:544607 [7] NCCL INFO               + PCI[24.0] - PCI/0-16000 (1000c01010de13b8)
bddx-inf-sci-k8s-a800-03849:543582:544607 [7] NCCL INFO                             + PCI[24.0] - GPU/0-18000 (1)
bddx-inf-sci-k8s-a800-03849:543582:544607 [7] NCCL INFO                                           + NVL[160.0] - NVS/0-0
bddx-inf-sci-k8s-a800-03849:543582:544607 [7] NCCL INFO + PCI[24.0] - PCI/0-43000 (1000c0101000ffff)
bddx-inf-sci-k8s-a800-03849:543582:544607 [7] NCCL INFO               + PCI[24.0] - NIC/0-5f002
bddx-inf-sci-k8s-a800-03849:543582:544607 [7] NCCL INFO               + PCI[24.0] - PCI/0-47000 (1000c01010de13b8)
bddx-inf-sci-k8s-a800-03849:543582:544607 [7] NCCL INFO                             + PCI[24.0] - GPU/0-49000 (2)
bddx-inf-sci-k8s-a800-03849:543582:544607 [7] NCCL INFO                                           + NVL[160.0] - NVS/0-0
bddx-inf-sci-k8s-a800-03849:543582:544607 [7] NCCL INFO               + PCI[24.0] - PCI/0-4b000 (1000c01010de13b8)
bddx-inf-sci-k8s-a800-03849:543582:544607 [7] NCCL INFO                             + PCI[24.0] - GPU/0-4d000 (3)
bddx-inf-sci-k8s-a800-03849:543582:544607 [7] NCCL INFO                                           + NVL[160.0] - NVS/0-0
bddx-inf-sci-k8s-a800-03849:543582:544607 [7] NCCL INFO + SYS[10.0] - CPU/0-1
bddx-inf-sci-k8s-a800-03849:543582:544607 [7] NCCL INFO CPU/0-1 (1/1/2)
bddx-inf-sci-k8s-a800-03849:543582:544607 [7] NCCL INFO + PCI[24.0] - PCI/0-83000 (1000c0101000ffff)
bddx-inf-sci-k8s-a800-03849:543582:544607 [7] NCCL INFO               + PCI[24.0] - NIC/0-95002
bddx-inf-sci-k8s-a800-03849:543582:544607 [7] NCCL INFO               + PCI[24.0] - PCI/0-87000 (1000c01010de13b8)
bddx-inf-sci-k8s-a800-03849:543582:544607 [7] NCCL INFO                             + PCI[24.0] - GPU/0-89000 (4)
bddx-inf-sci-k8s-a800-03849:543582:544607 [7] NCCL INFO                                           + NVL[160.0] - NVS/0-0
bddx-inf-sci-k8s-a800-03849:543582:544607 [7] NCCL INFO               + PCI[24.0] - PCI/0-8c000 (1000c01010de13b8)
bddx-inf-sci-k8s-a800-03849:543582:544607 [7] NCCL INFO                             + PCI[24.0] - GPU/0-8e000 (5)
bddx-inf-sci-k8s-a800-03849:543582:544607 [7] NCCL INFO                                           + NVL[160.0] - NVS/0-0
bddx-inf-sci-k8s-a800-03849:543582:544607 [7] NCCL INFO + PCI[24.0] - PCI/0-bf000 (1000c0101000ffff)
bddx-inf-sci-k8s-a800-03849:543582:544607 [7] NCCL INFO               + PCI[24.0] - NIC/0-cc002
bddx-inf-sci-k8s-a800-03849:543582:544607 [7] NCCL INFO               + PCI[24.0] - PCI/0-c3000 (1000c01010de13b8)
bddx-inf-sci-k8s-a800-03849:543582:544607 [7] NCCL INFO                             + PCI[24.0] - GPU/0-c5000 (6)
bddx-inf-sci-k8s-a800-03849:543582:544607 [7] NCCL INFO                                           + NVL[160.0] - NVS/0-0
bddx-inf-sci-k8s-a800-03849:543582:544607 [7] NCCL INFO               + PCI[24.0] - PCI/0-c7000 (1000c01010de13b8)
bddx-inf-sci-k8s-a800-03849:543582:544607 [7] NCCL INFO                             + PCI[24.0] - GPU/0-c9000 (7)
bddx-inf-sci-k8s-a800-03849:543582:544607 [7] NCCL INFO                                           + NVL[160.0] - NVS/0-0
bddx-inf-sci-k8s-a800-03849:543582:544607 [7] NCCL INFO + SYS[10.0] - CPU/0-0
bddx-inf-sci-k8s-a800-03849:543582:544607 [7] NCCL INFO ==========================================
bddx-inf-sci-k8s-a800-03849:543582:544607 [7] NCCL INFO GPU/0-12000 :GPU/0-12000 (0/5000.0/LOC) GPU/0-18000 (2/160.0/NVL) GPU/0-49000 (2/160.0/NVL) GPU/0-4d000 (2/160.0/NVL) GPU/0-89000 (2/160.0/NVL) GPU/0-8e000 (2/160.0/NVL) GPU/0-c5000 (2/160.0/NVL) GPU/0-c9000 (2/160.0/NVL) NVS/0-0 (1/160.0/NVL) CPU/0-0 (3/24.0/PHB) CPU/0-1 (4/10.0/SYS) 
bddx-inf-sci-k8s-a800-03849:543582:544607 [7] NCCL INFO GPU/0-18000 :GPU/0-12000 (2/160.0/NVL) GPU/0-18000 (0/5000.0/LOC) GPU/0-49000 (2/160.0/NVL) GPU/0-4d000 (2/160.0/NVL) GPU/0-89000 (2/160.0/NVL) GPU/0-8e000 (2/160.0/NVL) GPU/0-c5000 (2/160.0/NVL) GPU/0-c9000 (2/160.0/NVL) NVS/0-0 (1/160.0/NVL) CPU/0-0 (3/24.0/PHB) CPU/0-1 (4/10.0/SYS) 
bddx-inf-sci-k8s-a800-03849:543582:544607 [7] NCCL INFO GPU/0-49000 :GPU/0-12000 (2/160.0/NVL) GPU/0-18000 (2/160.0/NVL) GPU/0-49000 (0/5000.0/LOC) GPU/0-4d000 (2/160.0/NVL) GPU/0-89000 (2/160.0/NVL) GPU/0-8e000 (2/160.0/NVL) GPU/0-c5000 (2/160.0/NVL) GPU/0-c9000 (2/160.0/NVL) NVS/0-0 (1/160.0/NVL) CPU/0-0 (3/24.0/PHB) CPU/0-1 (4/10.0/SYS) 
bddx-inf-sci-k8s-a800-03849:543582:544607 [7] NCCL INFO GPU/0-4d000 :GPU/0-12000 (2/160.0/NVL) GPU/0-18000 (2/160.0/NVL) GPU/0-49000 (2/160.0/NVL) GPU/0-4d000 (0/5000.0/LOC) GPU/0-89000 (2/160.0/NVL) GPU/0-8e000 (2/160.0/NVL) GPU/0-c5000 (2/160.0/NVL) GPU/0-c9000 (2/160.0/NVL) NVS/0-0 (1/160.0/NVL) CPU/0-0 (3/24.0/PHB) CPU/0-1 (4/10.0/SYS) 
bddx-inf-sci-k8s-a800-03849:543582:544607 [7] NCCL INFO GPU/0-89000 :GPU/0-12000 (2/160.0/NVL) GPU/0-18000 (2/160.0/NVL) GPU/0-49000 (2/160.0/NVL) GPU/0-4d000 (2/160.0/NVL) GPU/0-89000 (0/5000.0/LOC) GPU/0-8e000 (2/160.0/NVL) GPU/0-c5000 (2/160.0/NVL) GPU/0-c9000 (2/160.0/NVL) NVS/0-0 (1/160.0/NVL) CPU/0-0 (4/10.0/SYS) CPU/0-1 (3/24.0/PHB) 
bddx-inf-sci-k8s-a800-03849:543582:544607 [7] NCCL INFO GPU/0-8e000 :GPU/0-12000 (2/160.0/NVL) GPU/0-18000 (2/160.0/NVL) GPU/0-49000 (2/160.0/NVL) GPU/0-4d000 (2/160.0/NVL) GPU/0-89000 (2/160.0/NVL) GPU/0-8e000 (0/5000.0/LOC) GPU/0-c5000 (2/160.0/NVL) GPU/0-c9000 (2/160.0/NVL) NVS/0-0 (1/160.0/NVL) CPU/0-0 (4/10.0/SYS) CPU/0-1 (3/24.0/PHB) 
bddx-inf-sci-k8s-a800-03849:543582:544607 [7] NCCL INFO GPU/0-c5000 :GPU/0-12000 (2/160.0/NVL) GPU/0-18000 (2/160.0/NVL) GPU/0-49000 (2/160.0/NVL) GPU/0-4d000 (2/160.0/NVL) GPU/0-89000 (2/160.0/NVL) GPU/0-8e000 (2/160.0/NVL) GPU/0-c5000 (0/5000.0/LOC) GPU/0-c9000 (2/160.0/NVL) NVS/0-0 (1/160.0/NVL) CPU/0-0 (4/10.0/SYS) CPU/0-1 (3/24.0/PHB) 
bddx-inf-sci-k8s-a800-03849:543582:544607 [7] NCCL INFO GPU/0-c9000 :GPU/0-12000 (2/160.0/NVL) GPU/0-18000 (2/160.0/NVL) GPU/0-49000 (2/160.0/NVL) GPU/0-4d000 (2/160.0/NVL) GPU/0-89000 (2/160.0/NVL) GPU/0-8e000 (2/160.0/NVL) GPU/0-c5000 (2/160.0/NVL) GPU/0-c9000 (0/5000.0/LOC) NVS/0-0 (1/160.0/NVL) CPU/0-0 (4/10.0/SYS) CPU/0-1 (3/24.0/PHB) 
bddx-inf-sci-k8s-a800-03849:543582:544607 [7] NCCL INFO Setting affinity for GPU 7 to 32-63,96-127
bddx-inf-sci-k8s-a800-03849:543579:544605 [4] NCCL INFO Pattern 4, crossNic 0, nChannels 8, bw 20.000000/20.000000, type NVL/PIX, sameChannels 1
bddx-inf-sci-k8s-a800-03849:543582:544607 [7] NCCL INFO NVLS multicast support is not available on dev 7 (NVLS_NCHANNELS 0)
bddx-inf-sci-k8s-a800-03849:543579:544605 [4] NCCL INFO  0 : GPU/0 GPU/1 GPU/2 GPU/3 GPU/4 GPU/5 GPU/6 GPU/7
bddx-inf-sci-k8s-a800-03849:543579:544605 [4] NCCL INFO  1 : GPU/0 GPU/1 GPU/2 GPU/3 GPU/4 GPU/5 GPU/6 GPU/7
bddx-inf-sci-k8s-a800-03849:543579:544605 [4] NCCL INFO  2 : GPU/0 GPU/1 GPU/2 GPU/3 GPU/4 GPU/5 GPU/6 GPU/7
bddx-inf-sci-k8s-a800-03849:543579:544605 [4] NCCL INFO  3 : GPU/0 GPU/1 GPU/2 GPU/3 GPU/4 GPU/5 GPU/6 GPU/7
bddx-inf-sci-k8s-a800-03849:543579:544605 [4] NCCL INFO  4 : GPU/0 GPU/1 GPU/2 GPU/3 GPU/4 GPU/5 GPU/6 GPU/7
bddx-inf-sci-k8s-a800-03849:543579:544605 [4] NCCL INFO  5 : GPU/0 GPU/1 GPU/2 GPU/3 GPU/4 GPU/5 GPU/6 GPU/7
bddx-inf-sci-k8s-a800-03849:543579:544605 [4] NCCL INFO  6 : GPU/0 GPU/1 GPU/2 GPU/3 GPU/4 GPU/5 GPU/6 GPU/7
bddx-inf-sci-k8s-a800-03849:543579:544605 [4] NCCL INFO  7 : GPU/0 GPU/1 GPU/2 GPU/3 GPU/4 GPU/5 GPU/6 GPU/7
bddx-inf-sci-k8s-a800-03849:543579:544605 [4] NCCL INFO Pattern 1, crossNic 0, nChannels 8, bw 20.000000/20.000000, type NVL/PIX, sameChannels 1
bddx-inf-sci-k8s-a800-03849:543579:544605 [4] NCCL INFO  0 : GPU/0 GPU/1 GPU/2 GPU/3 GPU/4 GPU/5 GPU/6 GPU/7
bddx-inf-sci-k8s-a800-03849:543579:544605 [4] NCCL INFO  1 : GPU/0 GPU/1 GPU/2 GPU/3 GPU/4 GPU/5 GPU/6 GPU/7
bddx-inf-sci-k8s-a800-03849:543579:544605 [4] NCCL INFO  2 : GPU/0 GPU/1 GPU/2 GPU/3 GPU/4 GPU/5 GPU/6 GPU/7
bddx-inf-sci-k8s-a800-03849:543579:544605 [4] NCCL INFO  3 : GPU/0 GPU/1 GPU/2 GPU/3 GPU/4 GPU/5 GPU/6 GPU/7
bddx-inf-sci-k8s-a800-03849:543579:544605 [4] NCCL INFO  4 : GPU/0 GPU/1 GPU/2 GPU/3 GPU/4 GPU/5 GPU/6 GPU/7
bddx-inf-sci-k8s-a800-03849:543579:544605 [4] NCCL INFO  5 : GPU/0 GPU/1 GPU/2 GPU/3 GPU/4 GPU/5 GPU/6 GPU/7
bddx-inf-sci-k8s-a800-03849:543579:544605 [4] NCCL INFO  6 : GPU/0 GPU/1 GPU/2 GPU/3 GPU/4 GPU/5 GPU/6 GPU/7
bddx-inf-sci-k8s-a800-03849:543579:544605 [4] NCCL INFO  7 : GPU/0 GPU/1 GPU/2 GPU/3 GPU/4 GPU/5 GPU/6 GPU/7
bddx-inf-sci-k8s-a800-03849:543582:544607 [7] NCCL INFO Pattern 4, crossNic 0, nChannels 8, bw 20.000000/20.000000, type NVL/PIX, sameChannels 1
bddx-inf-sci-k8s-a800-03849:543582:544607 [7] NCCL INFO  0 : GPU/0 GPU/1 GPU/2 GPU/3 GPU/4 GPU/5 GPU/6 GPU/7
bddx-inf-sci-k8s-a800-03849:543582:544607 [7] NCCL INFO  1 : GPU/0 GPU/1 GPU/2 GPU/3 GPU/4 GPU/5 GPU/6 GPU/7
bddx-inf-sci-k8s-a800-03849:543582:544607 [7] NCCL INFO  2 : GPU/0 GPU/1 GPU/2 GPU/3 GPU/4 GPU/5 GPU/6 GPU/7
bddx-inf-sci-k8s-a800-03849:543581:544602 [6] NCCL INFO === System : maxBw 160.0 totalBw 160.0 ===
bddx-inf-sci-k8s-a800-03849:543582:544607 [7] NCCL INFO  3 : GPU/0 GPU/1 GPU/2 GPU/3 GPU/4 GPU/5 GPU/6 GPU/7
bddx-inf-sci-k8s-a800-03849:543581:544602 [6] NCCL INFO CPU/0-0 (1/1/2)
bddx-inf-sci-k8s-a800-03849:543582:544607 [7] NCCL INFO  4 : GPU/0 GPU/1 GPU/2 GPU/3 GPU/4 GPU/5 GPU/6 GPU/7
bddx-inf-sci-k8s-a800-03849:543581:544602 [6] NCCL INFO + PCI[24.0] - PCI/0-c000 (1000c0101000ffff)
bddx-inf-sci-k8s-a800-03849:543582:544607 [7] NCCL INFO  5 : GPU/0 GPU/1 GPU/2 GPU/3 GPU/4 GPU/5 GPU/6 GPU/7
bddx-inf-sci-k8s-a800-03849:543581:544602 [6] NCCL INFO               + PCI[24.0] - PCI/0-10000 (1000c01010de13b8)
bddx-inf-sci-k8s-a800-03849:543582:544607 [7] NCCL INFO  6 : GPU/0 GPU/1 GPU/2 GPU/3 GPU/4 GPU/5 GPU/6 GPU/7
bddx-inf-sci-k8s-a800-03849:543581:544602 [6] NCCL INFO                             + PCI[24.0] - GPU/0-12000 (0)
bddx-inf-sci-k8s-a800-03849:543582:544607 [7] NCCL INFO  7 : GPU/0 GPU/1 GPU/2 GPU/3 GPU/4 GPU/5 GPU/6 GPU/7
bddx-inf-sci-k8s-a800-03849:543581:544602 [6] NCCL INFO                                           + NVL[160.0] - NVS/0-0
bddx-inf-sci-k8s-a800-03849:543581:544602 [6] NCCL INFO               + PCI[24.0] - NIC/0-1f002
bddx-inf-sci-k8s-a800-03849:543581:544602 [6] NCCL INFO               + PCI[24.0] - PCI/0-16000 (1000c01010de13b8)
bddx-inf-sci-k8s-a800-03849:543581:544602 [6] NCCL INFO                             + PCI[24.0] - GPU/0-18000 (1)
bddx-inf-sci-k8s-a800-03849:543581:544602 [6] NCCL INFO                                           + NVL[160.0] - NVS/0-0
bddx-inf-sci-k8s-a800-03849:543581:544602 [6] NCCL INFO + PCI[24.0] - PCI/0-43000 (1000c0101000ffff)
bddx-inf-sci-k8s-a800-03849:543581:544602 [6] NCCL INFO               + PCI[24.0] - NIC/0-5f002
bddx-inf-sci-k8s-a800-03849:543581:544602 [6] NCCL INFO               + PCI[24.0] - PCI/0-47000 (1000c01010de13b8)
bddx-inf-sci-k8s-a800-03849:543581:544602 [6] NCCL INFO                             + PCI[24.0] - GPU/0-49000 (2)
bddx-inf-sci-k8s-a800-03849:543581:544602 [6] NCCL INFO                                           + NVL[160.0] - NVS/0-0
bddx-inf-sci-k8s-a800-03849:543581:544602 [6] NCCL INFO               + PCI[24.0] - PCI/0-4b000 (1000c01010de13b8)
bddx-inf-sci-k8s-a800-03849:543581:544602 [6] NCCL INFO                             + PCI[24.0] - GPU/0-4d000 (3)
bddx-inf-sci-k8s-a800-03849:543581:544602 [6] NCCL INFO                                           + NVL[160.0] - NVS/0-0
bddx-inf-sci-k8s-a800-03849:543581:544602 [6] NCCL INFO + SYS[10.0] - CPU/0-1
bddx-inf-sci-k8s-a800-03849:543581:544602 [6] NCCL INFO CPU/0-1 (1/1/2)
bddx-inf-sci-k8s-a800-03849:543581:544602 [6] NCCL INFO + PCI[24.0] - PCI/0-83000 (1000c0101000ffff)
bddx-inf-sci-k8s-a800-03849:543581:544602 [6] NCCL INFO               + PCI[24.0] - NIC/0-95002
bddx-inf-sci-k8s-a800-03849:543581:544602 [6] NCCL INFO               + PCI[24.0] - PCI/0-87000 (1000c01010de13b8)
bddx-inf-sci-k8s-a800-03849:543581:544602 [6] NCCL INFO                             + PCI[24.0] - GPU/0-89000 (4)
bddx-inf-sci-k8s-a800-03849:543581:544602 [6] NCCL INFO                                           + NVL[160.0] - NVS/0-0
bddx-inf-sci-k8s-a800-03849:543581:544602 [6] NCCL INFO               + PCI[24.0] - PCI/0-8c000 (1000c01010de13b8)
bddx-inf-sci-k8s-a800-03849:543581:544602 [6] NCCL INFO                             + PCI[24.0] - GPU/0-8e000 (5)
bddx-inf-sci-k8s-a800-03849:543581:544602 [6] NCCL INFO                                           + NVL[160.0] - NVS/0-0
bddx-inf-sci-k8s-a800-03849:543581:544602 [6] NCCL INFO + PCI[24.0] - PCI/0-bf000 (1000c0101000ffff)
bddx-inf-sci-k8s-a800-03849:543581:544602 [6] NCCL INFO               + PCI[24.0] - NIC/0-cc002
bddx-inf-sci-k8s-a800-03849:543581:544602 [6] NCCL INFO               + PCI[24.0] - PCI/0-c3000 (1000c01010de13b8)
bddx-inf-sci-k8s-a800-03849:543581:544602 [6] NCCL INFO                             + PCI[24.0] - GPU/0-c5000 (6)
bddx-inf-sci-k8s-a800-03849:543580:544604 [5] NCCL INFO === System : maxBw 160.0 totalBw 160.0 ===
bddx-inf-sci-k8s-a800-03849:543581:544602 [6] NCCL INFO                                           + NVL[160.0] - NVS/0-0
bddx-inf-sci-k8s-a800-03849:543580:544604 [5] NCCL INFO CPU/0-0 (1/1/2)
bddx-inf-sci-k8s-a800-03849:543581:544602 [6] NCCL INFO               + PCI[24.0] - PCI/0-c7000 (1000c01010de13b8)
bddx-inf-sci-k8s-a800-03849:543580:544604 [5] NCCL INFO + PCI[24.0] - PCI/0-c000 (1000c0101000ffff)
bddx-inf-sci-k8s-a800-03849:543581:544602 [6] NCCL INFO                             + PCI[24.0] - GPU/0-c9000 (7)
bddx-inf-sci-k8s-a800-03849:543580:544604 [5] NCCL INFO               + PCI[24.0] - PCI/0-10000 (1000c01010de13b8)
bddx-inf-sci-k8s-a800-03849:543581:544602 [6] NCCL INFO                                           + NVL[160.0] - NVS/0-0
bddx-inf-sci-k8s-a800-03849:543580:544604 [5] NCCL INFO                             + PCI[24.0] - GPU/0-12000 (0)
bddx-inf-sci-k8s-a800-03849:543581:544602 [6] NCCL INFO + SYS[10.0] - CPU/0-0
bddx-inf-sci-k8s-a800-03849:543580:544604 [5] NCCL INFO                                           + NVL[160.0] - NVS/0-0
bddx-inf-sci-k8s-a800-03849:543582:544607 [7] NCCL INFO Pattern 1, crossNic 0, nChannels 8, bw 20.000000/20.000000, type NVL/PIX, sameChannels 1
bddx-inf-sci-k8s-a800-03849:543581:544602 [6] NCCL INFO ==========================================
bddx-inf-sci-k8s-a800-03849:543580:544604 [5] NCCL INFO               + PCI[24.0] - NIC/0-1f002
bddx-inf-sci-k8s-a800-03849:543582:544607 [7] NCCL INFO  0 : GPU/0 GPU/1 GPU/2 GPU/3 GPU/4 GPU/5 GPU/6 GPU/7
bddx-inf-sci-k8s-a800-03849:543580:544604 [5] NCCL INFO               + PCI[24.0] - PCI/0-16000 (1000c01010de13b8)
bddx-inf-sci-k8s-a800-03849:543582:544607 [7] NCCL INFO  1 : GPU/0 GPU/1 GPU/2 GPU/3 GPU/4 GPU/5 GPU/6 GPU/7
bddx-inf-sci-k8s-a800-03849:543580:544604 [5] NCCL INFO                             + PCI[24.0] - GPU/0-18000 (1)
bddx-inf-sci-k8s-a800-03849:543581:544602 [6] NCCL INFO GPU/0-12000 :GPU/0-12000 (0/5000.0/LOC) GPU/0-18000 (2/160.0/NVL) GPU/0-49000 (2/160.0/NVL) GPU/0-4d000 (2/160.0/NVL) GPU/0-89000 (2/160.0/NVL) GPU/0-8e000 (2/160.0/NVL) GPU/0-c5000 (2/160.0/NVL) GPU/0-c9000 (2/160.0/NVL) NVS/0-0 (1/160.0/NVL) CPU/0-0 (3/24.0/PHB) CPU/0-1 (4/10.0/SYS) 
bddx-inf-sci-k8s-a800-03849:543582:544607 [7] NCCL INFO  2 : GPU/0 GPU/1 GPU/2 GPU/3 GPU/4 GPU/5 GPU/6 GPU/7
bddx-inf-sci-k8s-a800-03849:543580:544604 [5] NCCL INFO                                           + NVL[160.0] - NVS/0-0
bddx-inf-sci-k8s-a800-03849:543582:544607 [7] NCCL INFO  3 : GPU/0 GPU/1 GPU/2 GPU/3 GPU/4 GPU/5 GPU/6 GPU/7
bddx-inf-sci-k8s-a800-03849:543580:544604 [5] NCCL INFO + PCI[24.0] - PCI/0-43000 (1000c0101000ffff)
bddx-inf-sci-k8s-a800-03849:543582:544607 [7] NCCL INFO  4 : GPU/0 GPU/1 GPU/2 GPU/3 GPU/4 GPU/5 GPU/6 GPU/7
bddx-inf-sci-k8s-a800-03849:543581:544602 [6] NCCL INFO GPU/0-18000 :GPU/0-12000 (2/160.0/NVL) GPU/0-18000 (0/5000.0/LOC) GPU/0-49000 (2/160.0/NVL) GPU/0-4d000 (2/160.0/NVL) GPU/0-89000 (2/160.0/NVL) GPU/0-8e000 (2/160.0/NVL) GPU/0-c5000 (2/160.0/NVL) GPU/0-c9000 (2/160.0/NVL) NVS/0-0 (1/160.0/NVL) CPU/0-0 (3/24.0/PHB) CPU/0-1 (4/10.0/SYS) 
bddx-inf-sci-k8s-a800-03849:543580:544604 [5] NCCL INFO               + PCI[24.0] - NIC/0-5f002
bddx-inf-sci-k8s-a800-03849:543582:544607 [7] NCCL INFO  5 : GPU/0 GPU/1 GPU/2 GPU/3 GPU/4 GPU/5 GPU/6 GPU/7
bddx-inf-sci-k8s-a800-03849:543580:544604 [5] NCCL INFO               + PCI[24.0] - PCI/0-47000 (1000c01010de13b8)
bddx-inf-sci-k8s-a800-03849:543582:544607 [7] NCCL INFO  6 : GPU/0 GPU/1 GPU/2 GPU/3 GPU/4 GPU/5 GPU/6 GPU/7
bddx-inf-sci-k8s-a800-03849:543580:544604 [5] NCCL INFO                             + PCI[24.0] - GPU/0-49000 (2)
bddx-inf-sci-k8s-a800-03849:543581:544602 [6] NCCL INFO GPU/0-49000 :GPU/0-12000 (2/160.0/NVL) GPU/0-18000 (2/160.0/NVL) GPU/0-49000 (0/5000.0/LOC) GPU/0-4d000 (2/160.0/NVL) GPU/0-89000 (2/160.0/NVL) GPU/0-8e000 (2/160.0/NVL) GPU/0-c5000 (2/160.0/NVL) GPU/0-c9000 (2/160.0/NVL) NVS/0-0 (1/160.0/NVL) CPU/0-0 (3/24.0/PHB) CPU/0-1 (4/10.0/SYS) 
bddx-inf-sci-k8s-a800-03849:543582:544607 [7] NCCL INFO  7 : GPU/0 GPU/1 GPU/2 GPU/3 GPU/4 GPU/5 GPU/6 GPU/7
bddx-inf-sci-k8s-a800-03849:543580:544604 [5] NCCL INFO                                           + NVL[160.0] - NVS/0-0
bddx-inf-sci-k8s-a800-03849:543580:544604 [5] NCCL INFO               + PCI[24.0] - PCI/0-4b000 (1000c01010de13b8)
bddx-inf-sci-k8s-a800-03849:543580:544604 [5] NCCL INFO                             + PCI[24.0] - GPU/0-4d000 (3)
bddx-inf-sci-k8s-a800-03849:543581:544602 [6] NCCL INFO GPU/0-4d000 :GPU/0-12000 (2/160.0/NVL) GPU/0-18000 (2/160.0/NVL) GPU/0-49000 (2/160.0/NVL) GPU/0-4d000 (0/5000.0/LOC) GPU/0-89000 (2/160.0/NVL) GPU/0-8e000 (2/160.0/NVL) GPU/0-c5000 (2/160.0/NVL) GPU/0-c9000 (2/160.0/NVL) NVS/0-0 (1/160.0/NVL) CPU/0-0 (3/24.0/PHB) CPU/0-1 (4/10.0/SYS) 
bddx-inf-sci-k8s-a800-03849:543580:544604 [5] NCCL INFO                                           + NVL[160.0] - NVS/0-0
bddx-inf-sci-k8s-a800-03849:543580:544604 [5] NCCL INFO + SYS[10.0] - CPU/0-1
bddx-inf-sci-k8s-a800-03849:543580:544604 [5] NCCL INFO CPU/0-1 (1/1/2)
bddx-inf-sci-k8s-a800-03849:543580:544604 [5] NCCL INFO + PCI[24.0] - PCI/0-83000 (1000c0101000ffff)
bddx-inf-sci-k8s-a800-03849:543580:544604 [5] NCCL INFO               + PCI[24.0] - NIC/0-95002
bddx-inf-sci-k8s-a800-03849:543581:544602 [6] NCCL INFO GPU/0-89000 :GPU/0-12000 (2/160.0/NVL) GPU/0-18000 (2/160.0/NVL) GPU/0-49000 (2/160.0/NVL) GPU/0-4d000 (2/160.0/NVL) GPU/0-89000 (0/5000.0/LOC) GPU/0-8e000 (2/160.0/NVL) GPU/0-c5000 (2/160.0/NVL) GPU/0-c9000 (2/160.0/NVL) NVS/0-0 (1/160.0/NVL) CPU/0-0 (4/10.0/SYS) CPU/0-1 (3/24.0/PHB) 
bddx-inf-sci-k8s-a800-03849:543580:544604 [5] NCCL INFO               + PCI[24.0] - PCI/0-87000 (1000c01010de13b8)
bddx-inf-sci-k8s-a800-03849:543580:544604 [5] NCCL INFO                             + PCI[24.0] - GPU/0-89000 (4)
bddx-inf-sci-k8s-a800-03849:543580:544604 [5] NCCL INFO                                           + NVL[160.0] - NVS/0-0
bddx-inf-sci-k8s-a800-03849:543581:544602 [6] NCCL INFO GPU/0-8e000 :GPU/0-12000 (2/160.0/NVL) GPU/0-18000 (2/160.0/NVL) GPU/0-49000 (2/160.0/NVL) GPU/0-4d000 (2/160.0/NVL) GPU/0-89000 (2/160.0/NVL) GPU/0-8e000 (0/5000.0/LOC) GPU/0-c5000 (2/160.0/NVL) GPU/0-c9000 (2/160.0/NVL) NVS/0-0 (1/160.0/NVL) CPU/0-0 (4/10.0/SYS) CPU/0-1 (3/24.0/PHB) 
bddx-inf-sci-k8s-a800-03849:543580:544604 [5] NCCL INFO               + PCI[24.0] - PCI/0-8c000 (1000c01010de13b8)
bddx-inf-sci-k8s-a800-03849:543580:544604 [5] NCCL INFO                             + PCI[24.0] - GPU/0-8e000 (5)
bddx-inf-sci-k8s-a800-03849:543580:544604 [5] NCCL INFO                                           + NVL[160.0] - NVS/0-0
bddx-inf-sci-k8s-a800-03849:543580:544604 [5] NCCL INFO + PCI[24.0] - PCI/0-bf000 (1000c0101000ffff)
bddx-inf-sci-k8s-a800-03849:543580:544604 [5] NCCL INFO               + PCI[24.0] - NIC/0-cc002
bddx-inf-sci-k8s-a800-03849:543581:544602 [6] NCCL INFO GPU/0-c5000 :GPU/0-12000 (2/160.0/NVL) GPU/0-18000 (2/160.0/NVL) GPU/0-49000 (2/160.0/NVL) GPU/0-4d000 (2/160.0/NVL) GPU/0-89000 (2/160.0/NVL) GPU/0-8e000 (2/160.0/NVL) GPU/0-c5000 (0/5000.0/LOC) GPU/0-c9000 (2/160.0/NVL) NVS/0-0 (1/160.0/NVL) CPU/0-0 (4/10.0/SYS) CPU/0-1 (3/24.0/PHB) 
bddx-inf-sci-k8s-a800-03849:543580:544604 [5] NCCL INFO               + PCI[24.0] - PCI/0-c3000 (1000c01010de13b8)
bddx-inf-sci-k8s-a800-03849:543580:544604 [5] NCCL INFO                             + PCI[24.0] - GPU/0-c5000 (6)
bddx-inf-sci-k8s-a800-03849:543580:544604 [5] NCCL INFO                                           + NVL[160.0] - NVS/0-0
bddx-inf-sci-k8s-a800-03849:543580:544604 [5] NCCL INFO               + PCI[24.0] - PCI/0-c7000 (1000c01010de13b8)
bddx-inf-sci-k8s-a800-03849:543580:544604 [5] NCCL INFO                             + PCI[24.0] - GPU/0-c9000 (7)
bddx-inf-sci-k8s-a800-03849:543581:544602 [6] NCCL INFO GPU/0-c9000 :GPU/0-12000 (2/160.0/NVL) GPU/0-18000 (2/160.0/NVL) GPU/0-49000 (2/160.0/NVL) GPU/0-4d000 (2/160.0/NVL) GPU/0-89000 (2/160.0/NVL) GPU/0-8e000 (2/160.0/NVL) GPU/0-c5000 (2/160.0/NVL) GPU/0-c9000 (0/5000.0/LOC) NVS/0-0 (1/160.0/NVL) CPU/0-0 (4/10.0/SYS) CPU/0-1 (3/24.0/PHB) 
bddx-inf-sci-k8s-a800-03849:543580:544604 [5] NCCL INFO                                           + NVL[160.0] - NVS/0-0
bddx-inf-sci-k8s-a800-03849:543580:544604 [5] NCCL INFO + SYS[10.0] - CPU/0-0
bddx-inf-sci-k8s-a800-03849:543580:544604 [5] NCCL INFO ==========================================
bddx-inf-sci-k8s-a800-03849:543581:544602 [6] NCCL INFO Setting affinity for GPU 6 to 32-63,96-127
bddx-inf-sci-k8s-a800-03849:543580:544604 [5] NCCL INFO GPU/0-12000 :GPU/0-12000 (0/5000.0/LOC) GPU/0-18000 (2/160.0/NVL) GPU/0-49000 (2/160.0/NVL) GPU/0-4d000 (2/160.0/NVL) GPU/0-89000 (2/160.0/NVL) GPU/0-8e000 (2/160.0/NVL) GPU/0-c5000 (2/160.0/NVL) GPU/0-c9000 (2/160.0/NVL) NVS/0-0 (1/160.0/NVL) CPU/0-0 (3/24.0/PHB) CPU/0-1 (4/10.0/SYS) 
bddx-inf-sci-k8s-a800-03849:543580:544604 [5] NCCL INFO GPU/0-18000 :GPU/0-12000 (2/160.0/NVL) GPU/0-18000 (0/5000.0/LOC) GPU/0-49000 (2/160.0/NVL) GPU/0-4d000 (2/160.0/NVL) GPU/0-89000 (2/160.0/NVL) GPU/0-8e000 (2/160.0/NVL) GPU/0-c5000 (2/160.0/NVL) GPU/0-c9000 (2/160.0/NVL) NVS/0-0 (1/160.0/NVL) CPU/0-0 (3/24.0/PHB) CPU/0-1 (4/10.0/SYS) 
bddx-inf-sci-k8s-a800-03849:543580:544604 [5] NCCL INFO GPU/0-49000 :GPU/0-12000 (2/160.0/NVL) GPU/0-18000 (2/160.0/NVL) GPU/0-49000 (0/5000.0/LOC) GPU/0-4d000 (2/160.0/NVL) GPU/0-89000 (2/160.0/NVL) GPU/0-8e000 (2/160.0/NVL) GPU/0-c5000 (2/160.0/NVL) GPU/0-c9000 (2/160.0/NVL) NVS/0-0 (1/160.0/NVL) CPU/0-0 (3/24.0/PHB) CPU/0-1 (4/10.0/SYS) 
bddx-inf-sci-k8s-a800-03849:543580:544604 [5] NCCL INFO GPU/0-4d000 :GPU/0-12000 (2/160.0/NVL) GPU/0-18000 (2/160.0/NVL) GPU/0-49000 (2/160.0/NVL) GPU/0-4d000 (0/5000.0/LOC) GPU/0-89000 (2/160.0/NVL) GPU/0-8e000 (2/160.0/NVL) GPU/0-c5000 (2/160.0/NVL) GPU/0-c9000 (2/160.0/NVL) NVS/0-0 (1/160.0/NVL) CPU/0-0 (3/24.0/PHB) CPU/0-1 (4/10.0/SYS) 
bddx-inf-sci-k8s-a800-03849:543580:544604 [5] NCCL INFO GPU/0-89000 :GPU/0-12000 (2/160.0/NVL) GPU/0-18000 (2/160.0/NVL) GPU/0-49000 (2/160.0/NVL) GPU/0-4d000 (2/160.0/NVL) GPU/0-89000 (0/5000.0/LOC) GPU/0-8e000 (2/160.0/NVL) GPU/0-c5000 (2/160.0/NVL) GPU/0-c9000 (2/160.0/NVL) NVS/0-0 (1/160.0/NVL) CPU/0-0 (4/10.0/SYS) CPU/0-1 (3/24.0/PHB) 
bddx-inf-sci-k8s-a800-03849:543580:544604 [5] NCCL INFO GPU/0-8e000 :GPU/0-12000 (2/160.0/NVL) GPU/0-18000 (2/160.0/NVL) GPU/0-49000 (2/160.0/NVL) GPU/0-4d000 (2/160.0/NVL) GPU/0-89000 (2/160.0/NVL) GPU/0-8e000 (0/5000.0/LOC) GPU/0-c5000 (2/160.0/NVL) GPU/0-c9000 (2/160.0/NVL) NVS/0-0 (1/160.0/NVL) CPU/0-0 (4/10.0/SYS) CPU/0-1 (3/24.0/PHB) 
bddx-inf-sci-k8s-a800-03849:543580:544604 [5] NCCL INFO GPU/0-c5000 :GPU/0-12000 (2/160.0/NVL) GPU/0-18000 (2/160.0/NVL) GPU/0-49000 (2/160.0/NVL) GPU/0-4d000 (2/160.0/NVL) GPU/0-89000 (2/160.0/NVL) GPU/0-8e000 (2/160.0/NVL) GPU/0-c5000 (0/5000.0/LOC) GPU/0-c9000 (2/160.0/NVL) NVS/0-0 (1/160.0/NVL) CPU/0-0 (4/10.0/SYS) CPU/0-1 (3/24.0/PHB) 
bddx-inf-sci-k8s-a800-03849:543580:544604 [5] NCCL INFO GPU/0-c9000 :GPU/0-12000 (2/160.0/NVL) GPU/0-18000 (2/160.0/NVL) GPU/0-49000 (2/160.0/NVL) GPU/0-4d000 (2/160.0/NVL) GPU/0-89000 (2/160.0/NVL) GPU/0-8e000 (2/160.0/NVL) GPU/0-c5000 (2/160.0/NVL) GPU/0-c9000 (0/5000.0/LOC) NVS/0-0 (1/160.0/NVL) CPU/0-0 (4/10.0/SYS) CPU/0-1 (3/24.0/PHB) 
bddx-inf-sci-k8s-a800-03849:543580:544604 [5] NCCL INFO Setting affinity for GPU 5 to 32-63,96-127
bddx-inf-sci-k8s-a800-03849:543578:544603 [3] NCCL INFO === System : maxBw 160.0 totalBw 160.0 ===
bddx-inf-sci-k8s-a800-03849:543578:544603 [3] NCCL INFO CPU/0-0 (1/1/2)
bddx-inf-sci-k8s-a800-03849:543578:544603 [3] NCCL INFO + PCI[24.0] - PCI/0-c000 (1000c0101000ffff)
bddx-inf-sci-k8s-a800-03849:543575:544609 [0] NCCL INFO Pattern 4, crossNic 0, nChannels 8, bw 20.000000/20.000000, type NVL/PIX, sameChannels 1
bddx-inf-sci-k8s-a800-03849:543578:544603 [3] NCCL INFO               + PCI[24.0] - PCI/0-10000 (1000c01010de13b8)
bddx-inf-sci-k8s-a800-03849:543578:544603 [3] NCCL INFO                             + PCI[24.0] - GPU/0-12000 (0)
bddx-inf-sci-k8s-a800-03849:543575:544609 [0] NCCL INFO  0 : GPU/0 GPU/1 GPU/2 GPU/3 GPU/4 GPU/5 GPU/6 GPU/7
bddx-inf-sci-k8s-a800-03849:543578:544603 [3] NCCL INFO                                           + NVL[160.0] - NVS/0-0
bddx-inf-sci-k8s-a800-03849:543578:544603 [3] NCCL INFO               + PCI[24.0] - NIC/0-1f002
bddx-inf-sci-k8s-a800-03849:543575:544609 [0] NCCL INFO  1 : GPU/0 GPU/1 GPU/2 GPU/3 GPU/4 GPU/5 GPU/6 GPU/7
bddx-inf-sci-k8s-a800-03849:543578:544603 [3] NCCL INFO               + PCI[24.0] - PCI/0-16000 (1000c01010de13b8)
bddx-inf-sci-k8s-a800-03849:543578:544603 [3] NCCL INFO                             + PCI[24.0] - GPU/0-18000 (1)
bddx-inf-sci-k8s-a800-03849:543575:544609 [0] NCCL INFO  2 : GPU/0 GPU/1 GPU/2 GPU/3 GPU/4 GPU/5 GPU/6 GPU/7
bddx-inf-sci-k8s-a800-03849:543578:544603 [3] NCCL INFO                                           + NVL[160.0] - NVS/0-0
bddx-inf-sci-k8s-a800-03849:543578:544603 [3] NCCL INFO + PCI[24.0] - PCI/0-43000 (1000c0101000ffff)
bddx-inf-sci-k8s-a800-03849:543575:544609 [0] NCCL INFO  3 : GPU/0 GPU/1 GPU/2 GPU/3 GPU/4 GPU/5 GPU/6 GPU/7
bddx-inf-sci-k8s-a800-03849:543578:544603 [3] NCCL INFO               + PCI[24.0] - NIC/0-5f002
bddx-inf-sci-k8s-a800-03849:543578:544603 [3] NCCL INFO               + PCI[24.0] - PCI/0-47000 (1000c01010de13b8)
bddx-inf-sci-k8s-a800-03849:543575:544609 [0] NCCL INFO  4 : GPU/0 GPU/1 GPU/2 GPU/3 GPU/4 GPU/5 GPU/6 GPU/7
bddx-inf-sci-k8s-a800-03849:543578:544603 [3] NCCL INFO                             + PCI[24.0] - GPU/0-49000 (2)
bddx-inf-sci-k8s-a800-03849:543578:544603 [3] NCCL INFO                                           + NVL[160.0] - NVS/0-0
bddx-inf-sci-k8s-a800-03849:543575:544609 [0] NCCL INFO  5 : GPU/0 GPU/1 GPU/2 GPU/3 GPU/4 GPU/5 GPU/6 GPU/7
bddx-inf-sci-k8s-a800-03849:543578:544603 [3] NCCL INFO               + PCI[24.0] - PCI/0-4b000 (1000c01010de13b8)
bddx-inf-sci-k8s-a800-03849:543578:544603 [3] NCCL INFO                             + PCI[24.0] - GPU/0-4d000 (3)
bddx-inf-sci-k8s-a800-03849:543575:544609 [0] NCCL INFO  6 : GPU/0 GPU/1 GPU/2 GPU/3 GPU/4 GPU/5 GPU/6 GPU/7
bddx-inf-sci-k8s-a800-03849:543577:544608 [2] NCCL INFO Pattern 1, crossNic 0, nChannels 8, bw 20.000000/20.000000, type NVL/PIX, sameChannels 1
bddx-inf-sci-k8s-a800-03849:543578:544603 [3] NCCL INFO                                           + NVL[160.0] - NVS/0-0
bddx-inf-sci-k8s-a800-03849:543575:544609 [0] NCCL INFO  7 : GPU/0 GPU/1 GPU/2 GPU/3 GPU/4 GPU/5 GPU/6 GPU/7
bddx-inf-sci-k8s-a800-03849:543577:544608 [2] NCCL INFO  0 : GPU/0 GPU/1 GPU/2 GPU/3 GPU/4 GPU/5 GPU/6 GPU/7
bddx-inf-sci-k8s-a800-03849:543578:544603 [3] NCCL INFO + SYS[10.0] - CPU/0-1
bddx-inf-sci-k8s-a800-03849:543577:544608 [2] NCCL INFO  1 : GPU/0 GPU/1 GPU/2 GPU/3 GPU/4 GPU/5 GPU/6 GPU/7
bddx-inf-sci-k8s-a800-03849:543578:544603 [3] NCCL INFO CPU/0-1 (1/1/2)
bddx-inf-sci-k8s-a800-03849:543577:544608 [2] NCCL INFO  2 : GPU/0 GPU/1 GPU/2 GPU/3 GPU/4 GPU/5 GPU/6 GPU/7
bddx-inf-sci-k8s-a800-03849:543578:544603 [3] NCCL INFO + PCI[24.0] - PCI/0-83000 (1000c0101000ffff)
bddx-inf-sci-k8s-a800-03849:543577:544608 [2] NCCL INFO  3 : GPU/0 GPU/1 GPU/2 GPU/3 GPU/4 GPU/5 GPU/6 GPU/7
bddx-inf-sci-k8s-a800-03849:543578:544603 [3] NCCL INFO               + PCI[24.0] - NIC/0-95002
bddx-inf-sci-k8s-a800-03849:543577:544608 [2] NCCL INFO  4 : GPU/0 GPU/1 GPU/2 GPU/3 GPU/4 GPU/5 GPU/6 GPU/7
bddx-inf-sci-k8s-a800-03849:543578:544603 [3] NCCL INFO               + PCI[24.0] - PCI/0-87000 (1000c01010de13b8)
bddx-inf-sci-k8s-a800-03849:543577:544608 [2] NCCL INFO  5 : GPU/0 GPU/1 GPU/2 GPU/3 GPU/4 GPU/5 GPU/6 GPU/7
bddx-inf-sci-k8s-a800-03849:543578:544603 [3] NCCL INFO                             + PCI[24.0] - GPU/0-89000 (4)
bddx-inf-sci-k8s-a800-03849:543577:544608 [2] NCCL INFO  6 : GPU/0 GPU/1 GPU/2 GPU/3 GPU/4 GPU/5 GPU/6 GPU/7
bddx-inf-sci-k8s-a800-03849:543578:544603 [3] NCCL INFO                                           + NVL[160.0] - NVS/0-0
bddx-inf-sci-k8s-a800-03849:543577:544608 [2] NCCL INFO  7 : GPU/0 GPU/1 GPU/2 GPU/3 GPU/4 GPU/5 GPU/6 GPU/7
bddx-inf-sci-k8s-a800-03849:543578:544603 [3] NCCL INFO               + PCI[24.0] - PCI/0-8c000 (1000c01010de13b8)
bddx-inf-sci-k8s-a800-03849:543578:544603 [3] NCCL INFO                             + PCI[24.0] - GPU/0-8e000 (5)
bddx-inf-sci-k8s-a800-03849:543578:544603 [3] NCCL INFO                                           + NVL[160.0] - NVS/0-0
bddx-inf-sci-k8s-a800-03849:543578:544603 [3] NCCL INFO + PCI[24.0] - PCI/0-bf000 (1000c0101000ffff)
bddx-inf-sci-k8s-a800-03849:543578:544603 [3] NCCL INFO               + PCI[24.0] - NIC/0-cc002
bddx-inf-sci-k8s-a800-03849:543578:544603 [3] NCCL INFO               + PCI[24.0] - PCI/0-c3000 (1000c01010de13b8)
bddx-inf-sci-k8s-a800-03849:543578:544603 [3] NCCL INFO                             + PCI[24.0] - GPU/0-c5000 (6)
bddx-inf-sci-k8s-a800-03849:543578:544603 [3] NCCL INFO                                           + NVL[160.0] - NVS/0-0
bddx-inf-sci-k8s-a800-03849:543578:544603 [3] NCCL INFO               + PCI[24.0] - PCI/0-c7000 (1000c01010de13b8)
bddx-inf-sci-k8s-a800-03849:543578:544603 [3] NCCL INFO                             + PCI[24.0] - GPU/0-c9000 (7)
bddx-inf-sci-k8s-a800-03849:543578:544603 [3] NCCL INFO                                           + NVL[160.0] - NVS/0-0
bddx-inf-sci-k8s-a800-03849:543578:544603 [3] NCCL INFO + SYS[10.0] - CPU/0-0
bddx-inf-sci-k8s-a800-03849:543578:544603 [3] NCCL INFO ==========================================
bddx-inf-sci-k8s-a800-03849:543578:544603 [3] NCCL INFO GPU/0-12000 :GPU/0-12000 (0/5000.0/LOC) GPU/0-18000 (2/160.0/NVL) GPU/0-49000 (2/160.0/NVL) GPU/0-4d000 (2/160.0/NVL) GPU/0-89000 (2/160.0/NVL) GPU/0-8e000 (2/160.0/NVL) GPU/0-c5000 (2/160.0/NVL) GPU/0-c9000 (2/160.0/NVL) NVS/0-0 (1/160.0/NVL) CPU/0-0 (3/24.0/PHB) CPU/0-1 (4/10.0/SYS) 
bddx-inf-sci-k8s-a800-03849:543578:544603 [3] NCCL INFO GPU/0-18000 :GPU/0-12000 (2/160.0/NVL) GPU/0-18000 (0/5000.0/LOC) GPU/0-49000 (2/160.0/NVL) GPU/0-4d000 (2/160.0/NVL) GPU/0-89000 (2/160.0/NVL) GPU/0-8e000 (2/160.0/NVL) GPU/0-c5000 (2/160.0/NVL) GPU/0-c9000 (2/160.0/NVL) NVS/0-0 (1/160.0/NVL) CPU/0-0 (3/24.0/PHB) CPU/0-1 (4/10.0/SYS) 
bddx-inf-sci-k8s-a800-03849:543578:544603 [3] NCCL INFO GPU/0-49000 :GPU/0-12000 (2/160.0/NVL) GPU/0-18000 (2/160.0/NVL) GPU/0-49000 (0/5000.0/LOC) GPU/0-4d000 (2/160.0/NVL) GPU/0-89000 (2/160.0/NVL) GPU/0-8e000 (2/160.0/NVL) GPU/0-c5000 (2/160.0/NVL) GPU/0-c9000 (2/160.0/NVL) NVS/0-0 (1/160.0/NVL) CPU/0-0 (3/24.0/PHB) CPU/0-1 (4/10.0/SYS) 
bddx-inf-sci-k8s-a800-03849:543578:544603 [3] NCCL INFO GPU/0-4d000 :GPU/0-12000 (2/160.0/NVL) GPU/0-18000 (2/160.0/NVL) GPU/0-49000 (2/160.0/NVL) GPU/0-4d000 (0/5000.0/LOC) GPU/0-89000 (2/160.0/NVL) GPU/0-8e000 (2/160.0/NVL) GPU/0-c5000 (2/160.0/NVL) GPU/0-c9000 (2/160.0/NVL) NVS/0-0 (1/160.0/NVL) CPU/0-0 (3/24.0/PHB) CPU/0-1 (4/10.0/SYS) 
bddx-inf-sci-k8s-a800-03849:543578:544603 [3] NCCL INFO GPU/0-89000 :GPU/0-12000 (2/160.0/NVL) GPU/0-18000 (2/160.0/NVL) GPU/0-49000 (2/160.0/NVL) GPU/0-4d000 (2/160.0/NVL) GPU/0-89000 (0/5000.0/LOC) GPU/0-8e000 (2/160.0/NVL) GPU/0-c5000 (2/160.0/NVL) GPU/0-c9000 (2/160.0/NVL) NVS/0-0 (1/160.0/NVL) CPU/0-0 (4/10.0/SYS) CPU/0-1 (3/24.0/PHB) 
bddx-inf-sci-k8s-a800-03849:543575:544609 [0] NCCL INFO Pattern 1, crossNic 0, nChannels 8, bw 20.000000/20.000000, type NVL/PIX, sameChannels 1
bddx-inf-sci-k8s-a800-03849:543578:544603 [3] NCCL INFO GPU/0-8e000 :GPU/0-12000 (2/160.0/NVL) GPU/0-18000 (2/160.0/NVL) GPU/0-49000 (2/160.0/NVL) GPU/0-4d000 (2/160.0/NVL) GPU/0-89000 (2/160.0/NVL) GPU/0-8e000 (0/5000.0/LOC) GPU/0-c5000 (2/160.0/NVL) GPU/0-c9000 (2/160.0/NVL) NVS/0-0 (1/160.0/NVL) CPU/0-0 (4/10.0/SYS) CPU/0-1 (3/24.0/PHB) 
bddx-inf-sci-k8s-a800-03849:543575:544609 [0] NCCL INFO  0 : GPU/0 GPU/1 GPU/2 GPU/3 GPU/4 GPU/5 GPU/6 GPU/7
bddx-inf-sci-k8s-a800-03849:543575:544609 [0] NCCL INFO  1 : GPU/0 GPU/1 GPU/2 GPU/3 GPU/4 GPU/5 GPU/6 GPU/7
bddx-inf-sci-k8s-a800-03849:543578:544603 [3] NCCL INFO GPU/0-c5000 :GPU/0-12000 (2/160.0/NVL) GPU/0-18000 (2/160.0/NVL) GPU/0-49000 (2/160.0/NVL) GPU/0-4d000 (2/160.0/NVL) GPU/0-89000 (2/160.0/NVL) GPU/0-8e000 (2/160.0/NVL) GPU/0-c5000 (0/5000.0/LOC) GPU/0-c9000 (2/160.0/NVL) NVS/0-0 (1/160.0/NVL) CPU/0-0 (4/10.0/SYS) CPU/0-1 (3/24.0/PHB) 
bddx-inf-sci-k8s-a800-03849:543575:544609 [0] NCCL INFO  2 : GPU/0 GPU/1 GPU/2 GPU/3 GPU/4 GPU/5 GPU/6 GPU/7
bddx-inf-sci-k8s-a800-03849:543575:544609 [0] NCCL INFO  3 : GPU/0 GPU/1 GPU/2 GPU/3 GPU/4 GPU/5 GPU/6 GPU/7
bddx-inf-sci-k8s-a800-03849:543578:544603 [3] NCCL INFO GPU/0-c9000 :GPU/0-12000 (2/160.0/NVL) GPU/0-18000 (2/160.0/NVL) GPU/0-49000 (2/160.0/NVL) GPU/0-4d000 (2/160.0/NVL) GPU/0-89000 (2/160.0/NVL) GPU/0-8e000 (2/160.0/NVL) GPU/0-c5000 (2/160.0/NVL) GPU/0-c9000 (0/5000.0/LOC) NVS/0-0 (1/160.0/NVL) CPU/0-0 (4/10.0/SYS) CPU/0-1 (3/24.0/PHB) 
bddx-inf-sci-k8s-a800-03849:543575:544609 [0] NCCL INFO  4 : GPU/0 GPU/1 GPU/2 GPU/3 GPU/4 GPU/5 GPU/6 GPU/7
bddx-inf-sci-k8s-a800-03849:543575:544609 [0] NCCL INFO  5 : GPU/0 GPU/1 GPU/2 GPU/3 GPU/4 GPU/5 GPU/6 GPU/7
bddx-inf-sci-k8s-a800-03849:543578:544603 [3] NCCL INFO Setting affinity for GPU 3 to 0-31,64-95
bddx-inf-sci-k8s-a800-03849:543575:544609 [0] NCCL INFO  6 : GPU/0 GPU/1 GPU/2 GPU/3 GPU/4 GPU/5 GPU/6 GPU/7
bddx-inf-sci-k8s-a800-03849:543575:544609 [0] NCCL INFO  7 : GPU/0 GPU/1 GPU/2 GPU/3 GPU/4 GPU/5 GPU/6 GPU/7
bddx-inf-sci-k8s-a800-03849:543578:544603 [3] NCCL INFO NVLS multicast support is not available on dev 3 (NVLS_NCHANNELS 0)
bddx-inf-sci-k8s-a800-03849:543578:544603 [3] NCCL INFO Pattern 4, crossNic 0, nChannels 8, bw 20.000000/20.000000, type NVL/PIX, sameChannels 1
bddx-inf-sci-k8s-a800-03849:543578:544603 [3] NCCL INFO  0 : GPU/0 GPU/1 GPU/2 GPU/3 GPU/4 GPU/5 GPU/6 GPU/7
bddx-inf-sci-k8s-a800-03849:543578:544603 [3] NCCL INFO  1 : GPU/0 GPU/1 GPU/2 GPU/3 GPU/4 GPU/5 GPU/6 GPU/7
bddx-inf-sci-k8s-a800-03849:543578:544603 [3] NCCL INFO  2 : GPU/0 GPU/1 GPU/2 GPU/3 GPU/4 GPU/5 GPU/6 GPU/7
bddx-inf-sci-k8s-a800-03849:543578:544603 [3] NCCL INFO  3 : GPU/0 GPU/1 GPU/2 GPU/3 GPU/4 GPU/5 GPU/6 GPU/7
bddx-inf-sci-k8s-a800-03849:543578:544603 [3] NCCL INFO  4 : GPU/0 GPU/1 GPU/2 GPU/3 GPU/4 GPU/5 GPU/6 GPU/7
bddx-inf-sci-k8s-a800-03849:543578:544603 [3] NCCL INFO  5 : GPU/0 GPU/1 GPU/2 GPU/3 GPU/4 GPU/5 GPU/6 GPU/7
bddx-inf-sci-k8s-a800-03849:543578:544603 [3] NCCL INFO  6 : GPU/0 GPU/1 GPU/2 GPU/3 GPU/4 GPU/5 GPU/6 GPU/7
bddx-inf-sci-k8s-a800-03849:543578:544603 [3] NCCL INFO  7 : GPU/0 GPU/1 GPU/2 GPU/3 GPU/4 GPU/5 GPU/6 GPU/7
bddx-inf-sci-k8s-a800-03849:543578:544603 [3] NCCL INFO Pattern 1, crossNic 0, nChannels 8, bw 20.000000/20.000000, type NVL/PIX, sameChannels 1
bddx-inf-sci-k8s-a800-03849:543578:544603 [3] NCCL INFO  0 : GPU/0 GPU/1 GPU/2 GPU/3 GPU/4 GPU/5 GPU/6 GPU/7
bddx-inf-sci-k8s-a800-03849:543578:544603 [3] NCCL INFO  1 : GPU/0 GPU/1 GPU/2 GPU/3 GPU/4 GPU/5 GPU/6 GPU/7
bddx-inf-sci-k8s-a800-03849:543578:544603 [3] NCCL INFO  2 : GPU/0 GPU/1 GPU/2 GPU/3 GPU/4 GPU/5 GPU/6 GPU/7
bddx-inf-sci-k8s-a800-03849:543578:544603 [3] NCCL INFO  3 : GPU/0 GPU/1 GPU/2 GPU/3 GPU/4 GPU/5 GPU/6 GPU/7
bddx-inf-sci-k8s-a800-03849:543578:544603 [3] NCCL INFO  4 : GPU/0 GPU/1 GPU/2 GPU/3 GPU/4 GPU/5 GPU/6 GPU/7
bddx-inf-sci-k8s-a800-03849:543578:544603 [3] NCCL INFO  5 : GPU/0 GPU/1 GPU/2 GPU/3 GPU/4 GPU/5 GPU/6 GPU/7
bddx-inf-sci-k8s-a800-03849:543578:544603 [3] NCCL INFO  6 : GPU/0 GPU/1 GPU/2 GPU/3 GPU/4 GPU/5 GPU/6 GPU/7
bddx-inf-sci-k8s-a800-03849:543578:544603 [3] NCCL INFO  7 : GPU/0 GPU/1 GPU/2 GPU/3 GPU/4 GPU/5 GPU/6 GPU/7
bddx-inf-sci-k8s-a800-03849:543576:544606 [1] NCCL INFO Pattern 4, crossNic 0, nChannels 8, bw 20.000000/20.000000, type NVL/PIX, sameChannels 1
bddx-inf-sci-k8s-a800-03849:543576:544606 [1] NCCL INFO  0 : GPU/0 GPU/1 GPU/2 GPU/3 GPU/4 GPU/5 GPU/6 GPU/7
bddx-inf-sci-k8s-a800-03849:543576:544606 [1] NCCL INFO  1 : GPU/0 GPU/1 GPU/2 GPU/3 GPU/4 GPU/5 GPU/6 GPU/7
bddx-inf-sci-k8s-a800-03849:543576:544606 [1] NCCL INFO  2 : GPU/0 GPU/1 GPU/2 GPU/3 GPU/4 GPU/5 GPU/6 GPU/7
bddx-inf-sci-k8s-a800-03849:543576:544606 [1] NCCL INFO  3 : GPU/0 GPU/1 GPU/2 GPU/3 GPU/4 GPU/5 GPU/6 GPU/7
bddx-inf-sci-k8s-a800-03849:543576:544606 [1] NCCL INFO  4 : GPU/0 GPU/1 GPU/2 GPU/3 GPU/4 GPU/5 GPU/6 GPU/7
bddx-inf-sci-k8s-a800-03849:543576:544606 [1] NCCL INFO  5 : GPU/0 GPU/1 GPU/2 GPU/3 GPU/4 GPU/5 GPU/6 GPU/7
bddx-inf-sci-k8s-a800-03849:543576:544606 [1] NCCL INFO  6 : GPU/0 GPU/1 GPU/2 GPU/3 GPU/4 GPU/5 GPU/6 GPU/7
bddx-inf-sci-k8s-a800-03849:543576:544606 [1] NCCL INFO  7 : GPU/0 GPU/1 GPU/2 GPU/3 GPU/4 GPU/5 GPU/6 GPU/7
bddx-inf-sci-k8s-a800-03849:543576:544606 [1] NCCL INFO Pattern 1, crossNic 0, nChannels 8, bw 20.000000/20.000000, type NVL/PIX, sameChannels 1
bddx-inf-sci-k8s-a800-03849:543576:544606 [1] NCCL INFO  0 : GPU/0 GPU/1 GPU/2 GPU/3 GPU/4 GPU/5 GPU/6 GPU/7
bddx-inf-sci-k8s-a800-03849:543576:544606 [1] NCCL INFO  1 : GPU/0 GPU/1 GPU/2 GPU/3 GPU/4 GPU/5 GPU/6 GPU/7
bddx-inf-sci-k8s-a800-03849:543576:544606 [1] NCCL INFO  2 : GPU/0 GPU/1 GPU/2 GPU/3 GPU/4 GPU/5 GPU/6 GPU/7
bddx-inf-sci-k8s-a800-03849:543576:544606 [1] NCCL INFO  3 : GPU/0 GPU/1 GPU/2 GPU/3 GPU/4 GPU/5 GPU/6 GPU/7
bddx-inf-sci-k8s-a800-03849:543576:544606 [1] NCCL INFO  4 : GPU/0 GPU/1 GPU/2 GPU/3 GPU/4 GPU/5 GPU/6 GPU/7
bddx-inf-sci-k8s-a800-03849:543576:544606 [1] NCCL INFO  5 : GPU/0 GPU/1 GPU/2 GPU/3 GPU/4 GPU/5 GPU/6 GPU/7
bddx-inf-sci-k8s-a800-03849:543576:544606 [1] NCCL INFO  6 : GPU/0 GPU/1 GPU/2 GPU/3 GPU/4 GPU/5 GPU/6 GPU/7
bddx-inf-sci-k8s-a800-03849:543576:544606 [1] NCCL INFO  7 : GPU/0 GPU/1 GPU/2 GPU/3 GPU/4 GPU/5 GPU/6 GPU/7
bddx-inf-sci-k8s-a800-03849:543581:544602 [6] NCCL INFO NVLS multicast support is not available on dev 6 (NVLS_NCHANNELS 0)
bddx-inf-sci-k8s-a800-03849:543581:544602 [6] NCCL INFO Pattern 4, crossNic 0, nChannels 8, bw 20.000000/20.000000, type NVL/PIX, sameChannels 1
bddx-inf-sci-k8s-a800-03849:543581:544602 [6] NCCL INFO  0 : GPU/0 GPU/1 GPU/2 GPU/3 GPU/4 GPU/5 GPU/6 GPU/7
bddx-inf-sci-k8s-a800-03849:543581:544602 [6] NCCL INFO  1 : GPU/0 GPU/1 GPU/2 GPU/3 GPU/4 GPU/5 GPU/6 GPU/7
bddx-inf-sci-k8s-a800-03849:543581:544602 [6] NCCL INFO  2 : GPU/0 GPU/1 GPU/2 GPU/3 GPU/4 GPU/5 GPU/6 GPU/7
bddx-inf-sci-k8s-a800-03849:543581:544602 [6] NCCL INFO  3 : GPU/0 GPU/1 GPU/2 GPU/3 GPU/4 GPU/5 GPU/6 GPU/7
bddx-inf-sci-k8s-a800-03849:543581:544602 [6] NCCL INFO  4 : GPU/0 GPU/1 GPU/2 GPU/3 GPU/4 GPU/5 GPU/6 GPU/7
bddx-inf-sci-k8s-a800-03849:543581:544602 [6] NCCL INFO  5 : GPU/0 GPU/1 GPU/2 GPU/3 GPU/4 GPU/5 GPU/6 GPU/7
bddx-inf-sci-k8s-a800-03849:543581:544602 [6] NCCL INFO  6 : GPU/0 GPU/1 GPU/2 GPU/3 GPU/4 GPU/5 GPU/6 GPU/7
bddx-inf-sci-k8s-a800-03849:543581:544602 [6] NCCL INFO  7 : GPU/0 GPU/1 GPU/2 GPU/3 GPU/4 GPU/5 GPU/6 GPU/7
bddx-inf-sci-k8s-a800-03849:543581:544602 [6] NCCL INFO Pattern 1, crossNic 0, nChannels 8, bw 20.000000/20.000000, type NVL/PIX, sameChannels 1
bddx-inf-sci-k8s-a800-03849:543581:544602 [6] NCCL INFO  0 : GPU/0 GPU/1 GPU/2 GPU/3 GPU/4 GPU/5 GPU/6 GPU/7
bddx-inf-sci-k8s-a800-03849:543581:544602 [6] NCCL INFO  1 : GPU/0 GPU/1 GPU/2 GPU/3 GPU/4 GPU/5 GPU/6 GPU/7
bddx-inf-sci-k8s-a800-03849:543581:544602 [6] NCCL INFO  2 : GPU/0 GPU/1 GPU/2 GPU/3 GPU/4 GPU/5 GPU/6 GPU/7
bddx-inf-sci-k8s-a800-03849:543581:544602 [6] NCCL INFO  3 : GPU/0 GPU/1 GPU/2 GPU/3 GPU/4 GPU/5 GPU/6 GPU/7
bddx-inf-sci-k8s-a800-03849:543581:544602 [6] NCCL INFO  4 : GPU/0 GPU/1 GPU/2 GPU/3 GPU/4 GPU/5 GPU/6 GPU/7
bddx-inf-sci-k8s-a800-03849:543581:544602 [6] NCCL INFO  5 : GPU/0 GPU/1 GPU/2 GPU/3 GPU/4 GPU/5 GPU/6 GPU/7
bddx-inf-sci-k8s-a800-03849:543581:544602 [6] NCCL INFO  6 : GPU/0 GPU/1 GPU/2 GPU/3 GPU/4 GPU/5 GPU/6 GPU/7
bddx-inf-sci-k8s-a800-03849:543581:544602 [6] NCCL INFO  7 : GPU/0 GPU/1 GPU/2 GPU/3 GPU/4 GPU/5 GPU/6 GPU/7
bddx-inf-sci-k8s-a800-03849:543580:544604 [5] NCCL INFO NVLS multicast support is not available on dev 5 (NVLS_NCHANNELS 0)
bddx-inf-sci-k8s-a800-03849:543580:544604 [5] NCCL INFO Pattern 4, crossNic 0, nChannels 8, bw 20.000000/20.000000, type NVL/PIX, sameChannels 1
bddx-inf-sci-k8s-a800-03849:543580:544604 [5] NCCL INFO  0 : GPU/0 GPU/1 GPU/2 GPU/3 GPU/4 GPU/5 GPU/6 GPU/7
bddx-inf-sci-k8s-a800-03849:543580:544604 [5] NCCL INFO  1 : GPU/0 GPU/1 GPU/2 GPU/3 GPU/4 GPU/5 GPU/6 GPU/7
bddx-inf-sci-k8s-a800-03849:543580:544604 [5] NCCL INFO  2 : GPU/0 GPU/1 GPU/2 GPU/3 GPU/4 GPU/5 GPU/6 GPU/7
bddx-inf-sci-k8s-a800-03849:543580:544604 [5] NCCL INFO  3 : GPU/0 GPU/1 GPU/2 GPU/3 GPU/4 GPU/5 GPU/6 GPU/7
bddx-inf-sci-k8s-a800-03849:543580:544604 [5] NCCL INFO  4 : GPU/0 GPU/1 GPU/2 GPU/3 GPU/4 GPU/5 GPU/6 GPU/7
bddx-inf-sci-k8s-a800-03849:543580:544604 [5] NCCL INFO  5 : GPU/0 GPU/1 GPU/2 GPU/3 GPU/4 GPU/5 GPU/6 GPU/7
bddx-inf-sci-k8s-a800-03849:543580:544604 [5] NCCL INFO  6 : GPU/0 GPU/1 GPU/2 GPU/3 GPU/4 GPU/5 GPU/6 GPU/7
bddx-inf-sci-k8s-a800-03849:543580:544604 [5] NCCL INFO  7 : GPU/0 GPU/1 GPU/2 GPU/3 GPU/4 GPU/5 GPU/6 GPU/7
bddx-inf-sci-k8s-a800-03849:543580:544604 [5] NCCL INFO Pattern 1, crossNic 0, nChannels 8, bw 20.000000/20.000000, type NVL/PIX, sameChannels 1
bddx-inf-sci-k8s-a800-03849:543580:544604 [5] NCCL INFO  0 : GPU/0 GPU/1 GPU/2 GPU/3 GPU/4 GPU/5 GPU/6 GPU/7
bddx-inf-sci-k8s-a800-03849:543580:544604 [5] NCCL INFO  1 : GPU/0 GPU/1 GPU/2 GPU/3 GPU/4 GPU/5 GPU/6 GPU/7
bddx-inf-sci-k8s-a800-03849:543580:544604 [5] NCCL INFO  2 : GPU/0 GPU/1 GPU/2 GPU/3 GPU/4 GPU/5 GPU/6 GPU/7
bddx-inf-sci-k8s-a800-03849:543580:544604 [5] NCCL INFO  3 : GPU/0 GPU/1 GPU/2 GPU/3 GPU/4 GPU/5 GPU/6 GPU/7
bddx-inf-sci-k8s-a800-03849:543580:544604 [5] NCCL INFO  4 : GPU/0 GPU/1 GPU/2 GPU/3 GPU/4 GPU/5 GPU/6 GPU/7
bddx-inf-sci-k8s-a800-03849:543580:544604 [5] NCCL INFO  5 : GPU/0 GPU/1 GPU/2 GPU/3 GPU/4 GPU/5 GPU/6 GPU/7
bddx-inf-sci-k8s-a800-03849:543580:544604 [5] NCCL INFO  6 : GPU/0 GPU/1 GPU/2 GPU/3 GPU/4 GPU/5 GPU/6 GPU/7
bddx-inf-sci-k8s-a800-03849:543580:544604 [5] NCCL INFO  7 : GPU/0 GPU/1 GPU/2 GPU/3 GPU/4 GPU/5 GPU/6 GPU/7
bddx-inf-sci-k8s-a800-03849:543580:544604 [5] NCCL INFO comm 0x13303990 rank 5 nRanks 8 nNodes 1 localRanks 8 localRank 5 MNNVL 0
bddx-inf-sci-k8s-a800-03849:543578:544603 [3] NCCL INFO comm 0x124179f0 rank 3 nRanks 8 nNodes 1 localRanks 8 localRank 3 MNNVL 0
bddx-inf-sci-k8s-a800-03849:543581:544602 [6] NCCL INFO comm 0x11bdb810 rank 6 nRanks 8 nNodes 1 localRanks 8 localRank 6 MNNVL 0
bddx-inf-sci-k8s-a800-03849:543577:544608 [2] NCCL INFO comm 0x13778eb0 rank 2 nRanks 8 nNodes 1 localRanks 8 localRank 2 MNNVL 0
bddx-inf-sci-k8s-a800-03849:543579:544605 [4] NCCL INFO comm 0x136ad4e0 rank 4 nRanks 8 nNodes 1 localRanks 8 localRank 4 MNNVL 0
bddx-inf-sci-k8s-a800-03849:543576:544606 [1] NCCL INFO comm 0x12e79510 rank 1 nRanks 8 nNodes 1 localRanks 8 localRank 1 MNNVL 0
bddx-inf-sci-k8s-a800-03849:543575:544609 [0] NCCL INFO comm 0x1156cec0 rank 0 nRanks 8 nNodes 1 localRanks 8 localRank 0 MNNVL 0
bddx-inf-sci-k8s-a800-03849:543582:544607 [7] NCCL INFO comm 0x13276490 rank 7 nRanks 8 nNodes 1 localRanks 8 localRank 7 MNNVL 0
bddx-inf-sci-k8s-a800-03849:543580:544604 [5] NCCL INFO Ring 00 : 4 -> 5 -> 6
bddx-inf-sci-k8s-a800-03849:543578:544603 [3] NCCL INFO Ring 00 : 2 -> 3 -> 4
bddx-inf-sci-k8s-a800-03849:543579:544605 [4] NCCL INFO Ring 00 : 3 -> 4 -> 5
bddx-inf-sci-k8s-a800-03849:543577:544608 [2] NCCL INFO Ring 00 : 1 -> 2 -> 3
bddx-inf-sci-k8s-a800-03849:543576:544606 [1] NCCL INFO Tree 0 : 0 -> 1 -> 2/-1/-1
bddx-inf-sci-k8s-a800-03849:543577:544608 [2] NCCL INFO Ring 01 : 1 -> 2 -> 3
bddx-inf-sci-k8s-a800-03849:543575:544609 [0] NCCL INFO Tree 0 : -1 -> 0 -> 1/-1/-1
bddx-inf-sci-k8s-a800-03849:543577:544608 [2] NCCL INFO Ring 02 : 1 -> 2 -> 3
bddx-inf-sci-k8s-a800-03849:543575:544609 [0] NCCL INFO Tree 8 : -1 -> 0 -> 1/-1/-1
bddx-inf-sci-k8s-a800-03849:543580:544604 [5] NCCL INFO Ring 01 : 4 -> 5 -> 6
bddx-inf-sci-k8s-a800-03849:543581:544602 [6] NCCL INFO Ring 00 : 5 -> 6 -> 7
bddx-inf-sci-k8s-a800-03849:543578:544603 [3] NCCL INFO Ring 01 : 2 -> 3 -> 4
bddx-inf-sci-k8s-a800-03849:543579:544605 [4] NCCL INFO Ring 01 : 3 -> 4 -> 5
bddx-inf-sci-k8s-a800-03849:543576:544606 [1] NCCL INFO Tree 8 : 0 -> 1 -> 2/-1/-1
bddx-inf-sci-k8s-a800-03849:543577:544608 [2] NCCL INFO Ring 03 : 1 -> 2 -> 3
bddx-inf-sci-k8s-a800-03849:543575:544609 [0] NCCL INFO Tree 1 : -1 -> 0 -> 1/-1/-1
bddx-inf-sci-k8s-a800-03849:543580:544604 [5] NCCL INFO Ring 02 : 4 -> 5 -> 6
bddx-inf-sci-k8s-a800-03849:543581:544602 [6] NCCL INFO Ring 01 : 5 -> 6 -> 7
bddx-inf-sci-k8s-a800-03849:543578:544603 [3] NCCL INFO Ring 02 : 2 -> 3 -> 4
bddx-inf-sci-k8s-a800-03849:543579:544605 [4] NCCL INFO Ring 02 : 3 -> 4 -> 5
bddx-inf-sci-k8s-a800-03849:543576:544606 [1] NCCL INFO Tree 1 : 0 -> 1 -> 2/-1/-1
bddx-inf-sci-k8s-a800-03849:543577:544608 [2] NCCL INFO Ring 04 : 1 -> 2 -> 3
bddx-inf-sci-k8s-a800-03849:543575:544609 [0] NCCL INFO Tree 9 : -1 -> 0 -> 1/-1/-1
bddx-inf-sci-k8s-a800-03849:543580:544604 [5] NCCL INFO Ring 03 : 4 -> 5 -> 6
bddx-inf-sci-k8s-a800-03849:543581:544602 [6] NCCL INFO Ring 02 : 5 -> 6 -> 7
bddx-inf-sci-k8s-a800-03849:543578:544603 [3] NCCL INFO Ring 03 : 2 -> 3 -> 4
bddx-inf-sci-k8s-a800-03849:543579:544605 [4] NCCL INFO Ring 03 : 3 -> 4 -> 5
bddx-inf-sci-k8s-a800-03849:543576:544606 [1] NCCL INFO Tree 9 : 0 -> 1 -> 2/-1/-1
bddx-inf-sci-k8s-a800-03849:543577:544608 [2] NCCL INFO Ring 05 : 1 -> 2 -> 3
bddx-inf-sci-k8s-a800-03849:543575:544609 [0] NCCL INFO Tree 2 : -1 -> 0 -> 1/-1/-1
bddx-inf-sci-k8s-a800-03849:543580:544604 [5] NCCL INFO Ring 04 : 4 -> 5 -> 6
bddx-inf-sci-k8s-a800-03849:543581:544602 [6] NCCL INFO Ring 03 : 5 -> 6 -> 7
bddx-inf-sci-k8s-a800-03849:543578:544603 [3] NCCL INFO Ring 04 : 2 -> 3 -> 4
bddx-inf-sci-k8s-a800-03849:543579:544605 [4] NCCL INFO Ring 04 : 3 -> 4 -> 5
bddx-inf-sci-k8s-a800-03849:543576:544606 [1] NCCL INFO Tree 2 : 0 -> 1 -> 2/-1/-1
bddx-inf-sci-k8s-a800-03849:543579:544605 [4] NCCL INFO Ring 05 : 3 -> 4 -> 5
bddx-inf-sci-k8s-a800-03849:543577:544608 [2] NCCL INFO Ring 06 : 1 -> 2 -> 3
bddx-inf-sci-k8s-a800-03849:543582:544607 [7] NCCL INFO Ring 00 : 6 -> 7 -> 0
bddx-inf-sci-k8s-a800-03849:543575:544609 [0] NCCL INFO Tree 10 : -1 -> 0 -> 1/-1/-1
bddx-inf-sci-k8s-a800-03849:543580:544604 [5] NCCL INFO Ring 05 : 4 -> 5 -> 6
bddx-inf-sci-k8s-a800-03849:543581:544602 [6] NCCL INFO Ring 04 : 5 -> 6 -> 7
bddx-inf-sci-k8s-a800-03849:543578:544603 [3] NCCL INFO Ring 05 : 2 -> 3 -> 4
bddx-inf-sci-k8s-a800-03849:543576:544606 [1] NCCL INFO Tree 10 : 0 -> 1 -> 2/-1/-1
bddx-inf-sci-k8s-a800-03849:543579:544605 [4] NCCL INFO Ring 06 : 3 -> 4 -> 5
bddx-inf-sci-k8s-a800-03849:543577:544608 [2] NCCL INFO Ring 07 : 1 -> 2 -> 3
bddx-inf-sci-k8s-a800-03849:543582:544607 [7] NCCL INFO Ring 01 : 6 -> 7 -> 0
bddx-inf-sci-k8s-a800-03849:543575:544609 [0] NCCL INFO Tree 3 : -1 -> 0 -> 1/-1/-1
bddx-inf-sci-k8s-a800-03849:543580:544604 [5] NCCL INFO Ring 06 : 4 -> 5 -> 6
bddx-inf-sci-k8s-a800-03849:543581:544602 [6] NCCL INFO Ring 05 : 5 -> 6 -> 7
bddx-inf-sci-k8s-a800-03849:543578:544603 [3] NCCL INFO Ring 06 : 2 -> 3 -> 4
bddx-inf-sci-k8s-a800-03849:543576:544606 [1] NCCL INFO Tree 3 : 0 -> 1 -> 2/-1/-1
bddx-inf-sci-k8s-a800-03849:543579:544605 [4] NCCL INFO Ring 07 : 3 -> 4 -> 5
bddx-inf-sci-k8s-a800-03849:543577:544608 [2] NCCL INFO Ring 08 : 1 -> 2 -> 3
bddx-inf-sci-k8s-a800-03849:543582:544607 [7] NCCL INFO Ring 02 : 6 -> 7 -> 0
bddx-inf-sci-k8s-a800-03849:543575:544609 [0] NCCL INFO Tree 11 : -1 -> 0 -> 1/-1/-1
bddx-inf-sci-k8s-a800-03849:543580:544604 [5] NCCL INFO Ring 07 : 4 -> 5 -> 6
bddx-inf-sci-k8s-a800-03849:543581:544602 [6] NCCL INFO Ring 06 : 5 -> 6 -> 7
bddx-inf-sci-k8s-a800-03849:543578:544603 [3] NCCL INFO Ring 07 : 2 -> 3 -> 4
bddx-inf-sci-k8s-a800-03849:543576:544606 [1] NCCL INFO Tree 11 : 0 -> 1 -> 2/-1/-1
bddx-inf-sci-k8s-a800-03849:543579:544605 [4] NCCL INFO Ring 08 : 3 -> 4 -> 5
bddx-inf-sci-k8s-a800-03849:543577:544608 [2] NCCL INFO Ring 09 : 1 -> 2 -> 3
bddx-inf-sci-k8s-a800-03849:543582:544607 [7] NCCL INFO Ring 03 : 6 -> 7 -> 0
bddx-inf-sci-k8s-a800-03849:543575:544609 [0] NCCL INFO Tree 4 : -1 -> 0 -> 1/-1/-1
bddx-inf-sci-k8s-a800-03849:543580:544604 [5] NCCL INFO Ring 08 : 4 -> 5 -> 6
bddx-inf-sci-k8s-a800-03849:543581:544602 [6] NCCL INFO Ring 07 : 5 -> 6 -> 7
bddx-inf-sci-k8s-a800-03849:543578:544603 [3] NCCL INFO Ring 08 : 2 -> 3 -> 4
bddx-inf-sci-k8s-a800-03849:543576:544606 [1] NCCL INFO Tree 4 : 0 -> 1 -> 2/-1/-1
bddx-inf-sci-k8s-a800-03849:543579:544605 [4] NCCL INFO Ring 09 : 3 -> 4 -> 5
bddx-inf-sci-k8s-a800-03849:543577:544608 [2] NCCL INFO Ring 10 : 1 -> 2 -> 3
bddx-inf-sci-k8s-a800-03849:543582:544607 [7] NCCL INFO Ring 04 : 6 -> 7 -> 0
bddx-inf-sci-k8s-a800-03849:543575:544609 [0] NCCL INFO Tree 12 : -1 -> 0 -> 1/-1/-1
bddx-inf-sci-k8s-a800-03849:543580:544604 [5] NCCL INFO Ring 09 : 4 -> 5 -> 6
bddx-inf-sci-k8s-a800-03849:543581:544602 [6] NCCL INFO Ring 08 : 5 -> 6 -> 7
bddx-inf-sci-k8s-a800-03849:543578:544603 [3] NCCL INFO Ring 09 : 2 -> 3 -> 4
bddx-inf-sci-k8s-a800-03849:543576:544606 [1] NCCL INFO Tree 12 : 0 -> 1 -> 2/-1/-1
bddx-inf-sci-k8s-a800-03849:543579:544605 [4] NCCL INFO Ring 10 : 3 -> 4 -> 5
bddx-inf-sci-k8s-a800-03849:543577:544608 [2] NCCL INFO Ring 11 : 1 -> 2 -> 3
bddx-inf-sci-k8s-a800-03849:543582:544607 [7] NCCL INFO Ring 05 : 6 -> 7 -> 0
bddx-inf-sci-k8s-a800-03849:543575:544609 [0] NCCL INFO Tree 5 : -1 -> 0 -> 1/-1/-1
bddx-inf-sci-k8s-a800-03849:543580:544604 [5] NCCL INFO Ring 10 : 4 -> 5 -> 6
bddx-inf-sci-k8s-a800-03849:543581:544602 [6] NCCL INFO Ring 09 : 5 -> 6 -> 7
bddx-inf-sci-k8s-a800-03849:543578:544603 [3] NCCL INFO Ring 10 : 2 -> 3 -> 4
bddx-inf-sci-k8s-a800-03849:543576:544606 [1] NCCL INFO Tree 5 : 0 -> 1 -> 2/-1/-1
bddx-inf-sci-k8s-a800-03849:543579:544605 [4] NCCL INFO Ring 11 : 3 -> 4 -> 5
bddx-inf-sci-k8s-a800-03849:543577:544608 [2] NCCL INFO Ring 12 : 1 -> 2 -> 3
bddx-inf-sci-k8s-a800-03849:543582:544607 [7] NCCL INFO Ring 06 : 6 -> 7 -> 0
bddx-inf-sci-k8s-a800-03849:543575:544609 [0] NCCL INFO Tree 13 : -1 -> 0 -> 1/-1/-1
bddx-inf-sci-k8s-a800-03849:543580:544604 [5] NCCL INFO Ring 11 : 4 -> 5 -> 6
bddx-inf-sci-k8s-a800-03849:543581:544602 [6] NCCL INFO Ring 10 : 5 -> 6 -> 7
bddx-inf-sci-k8s-a800-03849:543578:544603 [3] NCCL INFO Ring 11 : 2 -> 3 -> 4
bddx-inf-sci-k8s-a800-03849:543576:544606 [1] NCCL INFO Tree 13 : 0 -> 1 -> 2/-1/-1
bddx-inf-sci-k8s-a800-03849:543579:544605 [4] NCCL INFO Ring 12 : 3 -> 4 -> 5
bddx-inf-sci-k8s-a800-03849:543577:544608 [2] NCCL INFO Ring 13 : 1 -> 2 -> 3
bddx-inf-sci-k8s-a800-03849:543582:544607 [7] NCCL INFO Ring 07 : 6 -> 7 -> 0
bddx-inf-sci-k8s-a800-03849:543575:544609 [0] NCCL INFO Tree 6 : -1 -> 0 -> 1/-1/-1
bddx-inf-sci-k8s-a800-03849:543580:544604 [5] NCCL INFO Ring 12 : 4 -> 5 -> 6
bddx-inf-sci-k8s-a800-03849:543581:544602 [6] NCCL INFO Ring 11 : 5 -> 6 -> 7
bddx-inf-sci-k8s-a800-03849:543578:544603 [3] NCCL INFO Ring 12 : 2 -> 3 -> 4
bddx-inf-sci-k8s-a800-03849:543576:544606 [1] NCCL INFO Tree 6 : 0 -> 1 -> 2/-1/-1
bddx-inf-sci-k8s-a800-03849:543579:544605 [4] NCCL INFO Ring 13 : 3 -> 4 -> 5
bddx-inf-sci-k8s-a800-03849:543577:544608 [2] NCCL INFO Ring 14 : 1 -> 2 -> 3
bddx-inf-sci-k8s-a800-03849:543582:544607 [7] NCCL INFO Ring 08 : 6 -> 7 -> 0
bddx-inf-sci-k8s-a800-03849:543575:544609 [0] NCCL INFO Tree 14 : -1 -> 0 -> 1/-1/-1
bddx-inf-sci-k8s-a800-03849:543580:544604 [5] NCCL INFO Ring 13 : 4 -> 5 -> 6
bddx-inf-sci-k8s-a800-03849:543581:544602 [6] NCCL INFO Ring 12 : 5 -> 6 -> 7
bddx-inf-sci-k8s-a800-03849:543578:544603 [3] NCCL INFO Ring 13 : 2 -> 3 -> 4
bddx-inf-sci-k8s-a800-03849:543576:544606 [1] NCCL INFO Tree 14 : 0 -> 1 -> 2/-1/-1
bddx-inf-sci-k8s-a800-03849:543579:544605 [4] NCCL INFO Ring 14 : 3 -> 4 -> 5
bddx-inf-sci-k8s-a800-03849:543577:544608 [2] NCCL INFO Ring 15 : 1 -> 2 -> 3
bddx-inf-sci-k8s-a800-03849:543582:544607 [7] NCCL INFO Ring 09 : 6 -> 7 -> 0
bddx-inf-sci-k8s-a800-03849:543575:544609 [0] NCCL INFO Tree 7 : -1 -> 0 -> 1/-1/-1
bddx-inf-sci-k8s-a800-03849:543580:544604 [5] NCCL INFO Ring 14 : 4 -> 5 -> 6
bddx-inf-sci-k8s-a800-03849:543581:544602 [6] NCCL INFO Ring 13 : 5 -> 6 -> 7
bddx-inf-sci-k8s-a800-03849:543578:544603 [3] NCCL INFO Ring 14 : 2 -> 3 -> 4
bddx-inf-sci-k8s-a800-03849:543576:544606 [1] NCCL INFO Tree 7 : 0 -> 1 -> 2/-1/-1
bddx-inf-sci-k8s-a800-03849:543579:544605 [4] NCCL INFO Ring 15 : 3 -> 4 -> 5
bddx-inf-sci-k8s-a800-03849:543577:544608 [2] NCCL INFO Trees [0] 3/-1/-1->2->1 [1] 3/-1/-1->2->1 [2] 3/-1/-1->2->1 [3] 3/-1/-1->2->1 [4] 3/-1/-1->2->1 [5] 3/-1/-1->2->1 [6] 3/-1/-1->2->1 [7] 3/-1/-1->2->1 [8] 3/-1/-1->2->1 [9] 3/-1/-1->2->1 [10] 3/-1/-1->2->1 [11] 3/-1/-1->2->1 [12] 3/-1/-1->2->1 [13] 3/-1/-1->2->1 [14] 3/-1/-1->2->1 [15] 3/-1/-1->2->1
bddx-inf-sci-k8s-a800-03849:543582:544607 [7] NCCL INFO Ring 10 : 6 -> 7 -> 0
bddx-inf-sci-k8s-a800-03849:543575:544609 [0] NCCL INFO Tree 15 : -1 -> 0 -> 1/-1/-1
bddx-inf-sci-k8s-a800-03849:543580:544604 [5] NCCL INFO Ring 15 : 4 -> 5 -> 6
bddx-inf-sci-k8s-a800-03849:543581:544602 [6] NCCL INFO Ring 14 : 5 -> 6 -> 7
bddx-inf-sci-k8s-a800-03849:543578:544603 [3] NCCL INFO Ring 15 : 2 -> 3 -> 4
bddx-inf-sci-k8s-a800-03849:543576:544606 [1] NCCL INFO Tree 15 : 0 -> 1 -> 2/-1/-1
bddx-inf-sci-k8s-a800-03849:543579:544605 [4] NCCL INFO Trees [0] 5/-1/-1->4->3 [1] 5/-1/-1->4->3 [2] 5/-1/-1->4->3 [3] 5/-1/-1->4->3 [4] 5/-1/-1->4->3 [5] 5/-1/-1->4->3 [6] 5/-1/-1->4->3 [7] 5/-1/-1->4->3 [8] 5/-1/-1->4->3 [9] 5/-1/-1->4->3 [10] 5/-1/-1->4->3 [11] 5/-1/-1->4->3 [12] 5/-1/-1->4->3 [13] 5/-1/-1->4->3 [14] 5/-1/-1->4->3 [15] 5/-1/-1->4->3
bddx-inf-sci-k8s-a800-03849:543577:544608 [2] NCCL INFO P2P Chunksize set to 524288
bddx-inf-sci-k8s-a800-03849:543582:544607 [7] NCCL INFO Ring 11 : 6 -> 7 -> 0
bddx-inf-sci-k8s-a800-03849:543580:544604 [5] NCCL INFO Trees [0] 6/-1/-1->5->4 [1] 6/-1/-1->5->4 [2] 6/-1/-1->5->4 [3] 6/-1/-1->5->4 [4] 6/-1/-1->5->4 [5] 6/-1/-1->5->4 [6] 6/-1/-1->5->4 [7] 6/-1/-1->5->4 [8] 6/-1/-1->5->4 [9] 6/-1/-1->5->4 [10] 6/-1/-1->5->4 [11] 6/-1/-1->5->4 [12] 6/-1/-1->5->4 [13] 6/-1/-1->5->4 [14] 6/-1/-1->5->4 [15] 6/-1/-1->5->4
bddx-inf-sci-k8s-a800-03849:543581:544602 [6] NCCL INFO Ring 15 : 5 -> 6 -> 7
bddx-inf-sci-k8s-a800-03849:543575:544609 [0] NCCL INFO Channel 00/16 : 0 1 2 3 4 5 6 7
bddx-inf-sci-k8s-a800-03849:543578:544603 [3] NCCL INFO Trees [0] 4/-1/-1->3->2 [1] 4/-1/-1->3->2 [2] 4/-1/-1->3->2 [3] 4/-1/-1->3->2 [4] 4/-1/-1->3->2 [5] 4/-1/-1->3->2 [6] 4/-1/-1->3->2 [7] 4/-1/-1->3->2 [8] 4/-1/-1->3->2 [9] 4/-1/-1->3->2 [10] 4/-1/-1->3->2 [11] 4/-1/-1->3->2 [12] 4/-1/-1->3->2 [13] 4/-1/-1->3->2 [14] 4/-1/-1->3->2 [15] 4/-1/-1->3->2
bddx-inf-sci-k8s-a800-03849:543579:544605 [4] NCCL INFO P2P Chunksize set to 524288
bddx-inf-sci-k8s-a800-03849:543578:544603 [3] NCCL INFO P2P Chunksize set to 524288
bddx-inf-sci-k8s-a800-03849:543582:544607 [7] NCCL INFO Ring 12 : 6 -> 7 -> 0
bddx-inf-sci-k8s-a800-03849:543580:544604 [5] NCCL INFO P2P Chunksize set to 524288
bddx-inf-sci-k8s-a800-03849:543581:544602 [6] NCCL INFO Trees [0] 7/-1/-1->6->5 [1] 7/-1/-1->6->5 [2] 7/-1/-1->6->5 [3] 7/-1/-1->6->5 [4] 7/-1/-1->6->5 [5] 7/-1/-1->6->5 [6] 7/-1/-1->6->5 [7] 7/-1/-1->6->5 [8] 7/-1/-1->6->5 [9] 7/-1/-1->6->5 [10] 7/-1/-1->6->5 [11] 7/-1/-1->6->5 [12] 7/-1/-1->6->5 [13] 7/-1/-1->6->5 [14] 7/-1/-1->6->5 [15] 7/-1/-1->6->5
bddx-inf-sci-k8s-a800-03849:543576:544606 [1] NCCL INFO Ring 00 : 0 -> 1 -> 2
bddx-inf-sci-k8s-a800-03849:543575:544609 [0] NCCL INFO Channel 01/16 : 0 1 2 3 4 5 6 7
bddx-inf-sci-k8s-a800-03849:543582:544607 [7] NCCL INFO Ring 13 : 6 -> 7 -> 0
bddx-inf-sci-k8s-a800-03849:543581:544602 [6] NCCL INFO P2P Chunksize set to 524288
bddx-inf-sci-k8s-a800-03849:543576:544606 [1] NCCL INFO Ring 01 : 0 -> 1 -> 2
bddx-inf-sci-k8s-a800-03849:543575:544609 [0] NCCL INFO Channel 02/16 : 0 1 2 3 4 5 6 7
bddx-inf-sci-k8s-a800-03849:543582:544607 [7] NCCL INFO Ring 14 : 6 -> 7 -> 0
bddx-inf-sci-k8s-a800-03849:543576:544606 [1] NCCL INFO Ring 02 : 0 -> 1 -> 2
bddx-inf-sci-k8s-a800-03849:543575:544609 [0] NCCL INFO Channel 03/16 : 0 1 2 3 4 5 6 7
bddx-inf-sci-k8s-a800-03849:543582:544607 [7] NCCL INFO Ring 15 : 6 -> 7 -> 0
bddx-inf-sci-k8s-a800-03849:543576:544606 [1] NCCL INFO Ring 03 : 0 -> 1 -> 2
bddx-inf-sci-k8s-a800-03849:543575:544609 [0] NCCL INFO Channel 04/16 : 0 1 2 3 4 5 6 7
bddx-inf-sci-k8s-a800-03849:543582:544607 [7] NCCL INFO Trees [0] -1/-1/-1->7->6 [1] -1/-1/-1->7->6 [2] -1/-1/-1->7->6 [3] -1/-1/-1->7->6 [4] -1/-1/-1->7->6 [5] -1/-1/-1->7->6 [6] -1/-1/-1->7->6 [7] -1/-1/-1->7->6 [8] -1/-1/-1->7->6 [9] -1/-1/-1->7->6 [10] -1/-1/-1->7->6 [11] -1/-1/-1->7->6 [12] -1/-1/-1->7->6 [13] -1/-1/-1->7->6 [14] -1/-1/-1->7->6 [15] -1/-1/-1->7->6
bddx-inf-sci-k8s-a800-03849:543576:544606 [1] NCCL INFO Ring 04 : 0 -> 1 -> 2
bddx-inf-sci-k8s-a800-03849:543575:544609 [0] NCCL INFO Channel 05/16 : 0 1 2 3 4 5 6 7
bddx-inf-sci-k8s-a800-03849:543582:544607 [7] NCCL INFO P2P Chunksize set to 524288
bddx-inf-sci-k8s-a800-03849:543576:544606 [1] NCCL INFO Ring 05 : 0 -> 1 -> 2
bddx-inf-sci-k8s-a800-03849:543575:544609 [0] NCCL INFO Channel 06/16 : 0 1 2 3 4 5 6 7
bddx-inf-sci-k8s-a800-03849:543576:544606 [1] NCCL INFO Ring 06 : 0 -> 1 -> 2
bddx-inf-sci-k8s-a800-03849:543575:544609 [0] NCCL INFO Channel 07/16 : 0 1 2 3 4 5 6 7
bddx-inf-sci-k8s-a800-03849:543576:544606 [1] NCCL INFO Ring 07 : 0 -> 1 -> 2
bddx-inf-sci-k8s-a800-03849:543575:544609 [0] NCCL INFO Channel 08/16 : 0 1 2 3 4 5 6 7
bddx-inf-sci-k8s-a800-03849:543576:544606 [1] NCCL INFO Ring 08 : 0 -> 1 -> 2
bddx-inf-sci-k8s-a800-03849:543575:544609 [0] NCCL INFO Channel 09/16 : 0 1 2 3 4 5 6 7
bddx-inf-sci-k8s-a800-03849:543576:544606 [1] NCCL INFO Ring 09 : 0 -> 1 -> 2
bddx-inf-sci-k8s-a800-03849:543575:544609 [0] NCCL INFO Channel 10/16 : 0 1 2 3 4 5 6 7
bddx-inf-sci-k8s-a800-03849:543576:544606 [1] NCCL INFO Ring 10 : 0 -> 1 -> 2
bddx-inf-sci-k8s-a800-03849:543575:544609 [0] NCCL INFO Channel 11/16 : 0 1 2 3 4 5 6 7
bddx-inf-sci-k8s-a800-03849:543576:544606 [1] NCCL INFO Ring 11 : 0 -> 1 -> 2
bddx-inf-sci-k8s-a800-03849:543575:544609 [0] NCCL INFO Channel 12/16 : 0 1 2 3 4 5 6 7
bddx-inf-sci-k8s-a800-03849:543576:544606 [1] NCCL INFO Ring 12 : 0 -> 1 -> 2
bddx-inf-sci-k8s-a800-03849:543575:544609 [0] NCCL INFO Channel 13/16 : 0 1 2 3 4 5 6 7
bddx-inf-sci-k8s-a800-03849:543576:544606 [1] NCCL INFO Ring 13 : 0 -> 1 -> 2
bddx-inf-sci-k8s-a800-03849:543575:544609 [0] NCCL INFO Channel 14/16 : 0 1 2 3 4 5 6 7
bddx-inf-sci-k8s-a800-03849:543576:544606 [1] NCCL INFO Ring 14 : 0 -> 1 -> 2
bddx-inf-sci-k8s-a800-03849:543575:544609 [0] NCCL INFO Channel 15/16 : 0 1 2 3 4 5 6 7
bddx-inf-sci-k8s-a800-03849:543576:544606 [1] NCCL INFO Ring 15 : 0 -> 1 -> 2
bddx-inf-sci-k8s-a800-03849:543576:544606 [1] NCCL INFO Trees [0] 2/-1/-1->1->0 [1] 2/-1/-1->1->0 [2] 2/-1/-1->1->0 [3] 2/-1/-1->1->0 [4] 2/-1/-1->1->0 [5] 2/-1/-1->1->0 [6] 2/-1/-1->1->0 [7] 2/-1/-1->1->0 [8] 2/-1/-1->1->0 [9] 2/-1/-1->1->0 [10] 2/-1/-1->1->0 [11] 2/-1/-1->1->0 [12] 2/-1/-1->1->0 [13] 2/-1/-1->1->0 [14] 2/-1/-1->1->0 [15] 2/-1/-1->1->0
bddx-inf-sci-k8s-a800-03849:543575:544609 [0] NCCL INFO Ring 00 : 7 -> 0 -> 1
bddx-inf-sci-k8s-a800-03849:543576:544606 [1] NCCL INFO P2P Chunksize set to 524288
bddx-inf-sci-k8s-a800-03849:543575:544609 [0] NCCL INFO Ring 01 : 7 -> 0 -> 1
bddx-inf-sci-k8s-a800-03849:543575:544609 [0] NCCL INFO Ring 02 : 7 -> 0 -> 1
bddx-inf-sci-k8s-a800-03849:543575:544609 [0] NCCL INFO Ring 03 : 7 -> 0 -> 1
bddx-inf-sci-k8s-a800-03849:543575:544609 [0] NCCL INFO Ring 04 : 7 -> 0 -> 1
bddx-inf-sci-k8s-a800-03849:543575:544609 [0] NCCL INFO Ring 05 : 7 -> 0 -> 1
bddx-inf-sci-k8s-a800-03849:543575:544609 [0] NCCL INFO Ring 06 : 7 -> 0 -> 1
bddx-inf-sci-k8s-a800-03849:543575:544609 [0] NCCL INFO Ring 07 : 7 -> 0 -> 1
bddx-inf-sci-k8s-a800-03849:543575:544609 [0] NCCL INFO Ring 08 : 7 -> 0 -> 1
bddx-inf-sci-k8s-a800-03849:543575:544609 [0] NCCL INFO Ring 09 : 7 -> 0 -> 1
bddx-inf-sci-k8s-a800-03849:543575:544609 [0] NCCL INFO Ring 10 : 7 -> 0 -> 1
bddx-inf-sci-k8s-a800-03849:543575:544609 [0] NCCL INFO Ring 11 : 7 -> 0 -> 1
bddx-inf-sci-k8s-a800-03849:543575:544609 [0] NCCL INFO Ring 12 : 7 -> 0 -> 1
bddx-inf-sci-k8s-a800-03849:543575:544609 [0] NCCL INFO Ring 13 : 7 -> 0 -> 1
bddx-inf-sci-k8s-a800-03849:543575:544609 [0] NCCL INFO Ring 14 : 7 -> 0 -> 1
bddx-inf-sci-k8s-a800-03849:543575:544609 [0] NCCL INFO Ring 15 : 7 -> 0 -> 1
bddx-inf-sci-k8s-a800-03849:543575:544609 [0] NCCL INFO Trees [0] 1/-1/-1->0->-1 [1] 1/-1/-1->0->-1 [2] 1/-1/-1->0->-1 [3] 1/-1/-1->0->-1 [4] 1/-1/-1->0->-1 [5] 1/-1/-1->0->-1 [6] 1/-1/-1->0->-1 [7] 1/-1/-1->0->-1 [8] 1/-1/-1->0->-1 [9] 1/-1/-1->0->-1 [10] 1/-1/-1->0->-1 [11] 1/-1/-1->0->-1 [12] 1/-1/-1->0->-1 [13] 1/-1/-1->0->-1 [14] 1/-1/-1->0->-1 [15] 1/-1/-1->0->-1
bddx-inf-sci-k8s-a800-03849:543575:544609 [0] NCCL INFO P2P Chunksize set to 524288
bddx-inf-sci-k8s-a800-03849:543578:544603 [3] NCCL INFO PROFILER/Plugin: Could not find: libnccl-profiler.so. 
bddx-inf-sci-k8s-a800-03849:543579:544605 [4] NCCL INFO PROFILER/Plugin: Could not find: libnccl-profiler.so. 
bddx-inf-sci-k8s-a800-03849:543577:544608 [2] NCCL INFO PROFILER/Plugin: Could not find: libnccl-profiler.so. 
bddx-inf-sci-k8s-a800-03849:543582:544607 [7] NCCL INFO PROFILER/Plugin: Could not find: libnccl-profiler.so. 
bddx-inf-sci-k8s-a800-03849:543576:544606 [1] NCCL INFO PROFILER/Plugin: Could not find: libnccl-profiler.so. 
bddx-inf-sci-k8s-a800-03849:543578:544682 [3] NCCL INFO [Proxy Service] Device 3 CPU core 30
bddx-inf-sci-k8s-a800-03849:543579:544683 [4] NCCL INFO [Proxy Service] Device 4 CPU core 51
bddx-inf-sci-k8s-a800-03849:543578:544684 [3] NCCL INFO [Proxy Service UDS] Device 3 CPU core 29
bddx-inf-sci-k8s-a800-03849:543579:544686 [4] NCCL INFO [Proxy Service UDS] Device 4 CPU core 119
bddx-inf-sci-k8s-a800-03849:543577:544685 [2] NCCL INFO [Proxy Service] Device 2 CPU core 70
bddx-inf-sci-k8s-a800-03849:543575:544609 [0] NCCL INFO PROFILER/Plugin: Could not find: libnccl-profiler.so. 
bddx-inf-sci-k8s-a800-03849:543575:544609 [0] NCCL INFO Check P2P Type isAllDirectP2p 1 directMode 0
bddx-inf-sci-k8s-a800-03849:543577:544688 [2] NCCL INFO [Proxy Service UDS] Device 2 CPU core 71
bddx-inf-sci-k8s-a800-03849:543582:544687 [7] NCCL INFO [Proxy Service] Device 7 CPU core 120
bddx-inf-sci-k8s-a800-03849:543582:544689 [7] NCCL INFO [Proxy Service UDS] Device 7 CPU core 57
bddx-inf-sci-k8s-a800-03849:543576:544690 [1] NCCL INFO [Proxy Service] Device 1 CPU core 86
bddx-inf-sci-k8s-a800-03849:543576:544691 [1] NCCL INFO [Proxy Service UDS] Device 1 CPU core 87
bddx-inf-sci-k8s-a800-03849:543575:544692 [0] NCCL INFO [Proxy Service] Device 0 CPU core 69
bddx-inf-sci-k8s-a800-03849:543575:544693 [0] NCCL INFO [Proxy Service UDS] Device 0 CPU core 15
bddx-inf-sci-k8s-a800-03849:543581:544602 [6] NCCL INFO PROFILER/Plugin: Could not find: libnccl-profiler.so. 
bddx-inf-sci-k8s-a800-03849:543581:544694 [6] NCCL INFO [Proxy Service] Device 6 CPU core 125
bddx-inf-sci-k8s-a800-03849:543581:544695 [6] NCCL INFO [Proxy Service UDS] Device 6 CPU core 44
bddx-inf-sci-k8s-a800-03849:543580:544604 [5] NCCL INFO PROFILER/Plugin: Could not find: libnccl-profiler.so. 
bddx-inf-sci-k8s-a800-03849:543580:544696 [5] NCCL INFO [Proxy Service] Device 5 CPU core 60
bddx-inf-sci-k8s-a800-03849:543580:544697 [5] NCCL INFO [Proxy Service UDS] Device 5 CPU core 45
bddx-inf-sci-k8s-a800-03849:543579:544605 [4] NCCL INFO threadThresholds 8/8/64 | 64/8/64 | 512 | 512
bddx-inf-sci-k8s-a800-03849:543579:544605 [4] NCCL INFO 16 coll channels, 16 collnet channels, 0 nvls channels, 16 p2p channels, 16 p2p channels per peer
bddx-inf-sci-k8s-a800-03849:543582:544607 [7] NCCL INFO threadThresholds 8/8/64 | 64/8/64 | 512 | 512
bddx-inf-sci-k8s-a800-03849:543582:544607 [7] NCCL INFO 16 coll channels, 16 collnet channels, 0 nvls channels, 16 p2p channels, 16 p2p channels per peer
bddx-inf-sci-k8s-a800-03849:543581:544602 [6] NCCL INFO threadThresholds 8/8/64 | 64/8/64 | 512 | 512
bddx-inf-sci-k8s-a800-03849:543581:544602 [6] NCCL INFO 16 coll channels, 16 collnet channels, 0 nvls channels, 16 p2p channels, 16 p2p channels per peer
bddx-inf-sci-k8s-a800-03849:543578:544603 [3] NCCL INFO threadThresholds 8/8/64 | 64/8/64 | 512 | 512
bddx-inf-sci-k8s-a800-03849:543578:544603 [3] NCCL INFO 16 coll channels, 16 collnet channels, 0 nvls channels, 16 p2p channels, 16 p2p channels per peer
bddx-inf-sci-k8s-a800-03849:543577:544608 [2] NCCL INFO threadThresholds 8/8/64 | 64/8/64 | 512 | 512
bddx-inf-sci-k8s-a800-03849:543577:544608 [2] NCCL INFO 16 coll channels, 16 collnet channels, 0 nvls channels, 16 p2p channels, 16 p2p channels per peer
bddx-inf-sci-k8s-a800-03849:543575:544609 [0] NCCL INFO threadThresholds 8/8/64 | 64/8/64 | 512 | 512
bddx-inf-sci-k8s-a800-03849:543575:544609 [0] NCCL INFO 16 coll channels, 16 collnet channels, 0 nvls channels, 16 p2p channels, 16 p2p channels per peer
bddx-inf-sci-k8s-a800-03849:543576:544606 [1] NCCL INFO threadThresholds 8/8/64 | 64/8/64 | 512 | 512
bddx-inf-sci-k8s-a800-03849:543576:544606 [1] NCCL INFO 16 coll channels, 16 collnet channels, 0 nvls channels, 16 p2p channels, 16 p2p channels per peer
bddx-inf-sci-k8s-a800-03849:543580:544604 [5] NCCL INFO threadThresholds 8/8/64 | 64/8/64 | 512 | 512
bddx-inf-sci-k8s-a800-03849:543580:544604 [5] NCCL INFO 16 coll channels, 16 collnet channels, 0 nvls channels, 16 p2p channels, 16 p2p channels per peer
bddx-inf-sci-k8s-a800-03849:543575:544609 [0] NCCL INFO CC Off, workFifoBytes 1048576
bddx-inf-sci-k8s-a800-03849:543578:544603 [3] NCCL INFO TUNER/Plugin: Could not find: libnccl-tuner.so. Using internal tuner plugin.
bddx-inf-sci-k8s-a800-03849:543578:544603 [3] NCCL INFO TUNER/Plugin: Failed to find ncclTunerPlugin_v4 symbol.
bddx-inf-sci-k8s-a800-03849:543578:544603 [3] NCCL INFO TUNER/Plugin: Failed to find ncclTunerPlugin_v3 symbol.
bddx-inf-sci-k8s-a800-03849:543582:544607 [7] NCCL INFO TUNER/Plugin: Could not find: libnccl-tuner.so. Using internal tuner plugin.
bddx-inf-sci-k8s-a800-03849:543578:544603 [3] NCCL INFO TUNER/Plugin: Failed to find ncclTunerPlugin_v2 symbol, using internal tuner instead.
bddx-inf-sci-k8s-a800-03849:543579:544605 [4] NCCL INFO TUNER/Plugin: Could not find: libnccl-tuner.so. Using internal tuner plugin.
bddx-inf-sci-k8s-a800-03849:543578:544603 [3] NCCL INFO ncclCommInitRankConfig comm 0x124179f0 rank 3 nranks 8 cudaDev 3 nvmlDev 3 busId 4d000 commId 0xc59fea30029decf9 - Init COMPLETE
bddx-inf-sci-k8s-a800-03849:543582:544607 [7] NCCL INFO TUNER/Plugin: Failed to find ncclTunerPlugin_v4 symbol.
bddx-inf-sci-k8s-a800-03849:543579:544605 [4] NCCL INFO TUNER/Plugin: Failed to find ncclTunerPlugin_v4 symbol.
bddx-inf-sci-k8s-a800-03849:543582:544607 [7] NCCL INFO TUNER/Plugin: Failed to find ncclTunerPlugin_v3 symbol.
bddx-inf-sci-k8s-a800-03849:543578:544603 [3] NCCL INFO Init timings - ncclCommInitRankConfig: rank 3 nranks 8 total 0.51 (kernels 0.13, alloc 0.14, bootstrap 0.09, allgathers 0.01, topo 0.12, graphs 0.00, connections 0.03, rest 0.00)
bddx-inf-sci-k8s-a800-03849:543579:544605 [4] NCCL INFO TUNER/Plugin: Failed to find ncclTunerPlugin_v3 symbol.
bddx-inf-sci-k8s-a800-03849:543582:544607 [7] NCCL INFO TUNER/Plugin: Failed to find ncclTunerPlugin_v2 symbol, using internal tuner instead.
bddx-inf-sci-k8s-a800-03849:543579:544605 [4] NCCL INFO TUNER/Plugin: Failed to find ncclTunerPlugin_v2 symbol, using internal tuner instead.
bddx-inf-sci-k8s-a800-03849:543582:544607 [7] NCCL INFO ncclCommInitRankConfig comm 0x13276490 rank 7 nranks 8 cudaDev 7 nvmlDev 7 busId c9000 commId 0xc59fea30029decf9 - Init COMPLETE
bddx-inf-sci-k8s-a800-03849:543576:544606 [1] NCCL INFO TUNER/Plugin: Could not find: libnccl-tuner.so. Using internal tuner plugin.
bddx-inf-sci-k8s-a800-03849:543582:544607 [7] NCCL INFO Init timings - ncclCommInitRankConfig: rank 7 nranks 8 total 0.51 (kernels 0.12, alloc 0.15, bootstrap 0.08, allgathers 0.01, topo 0.12, graphs 0.00, connections 0.02, rest 0.02)
bddx-inf-sci-k8s-a800-03849:543577:544608 [2] NCCL INFO TUNER/Plugin: Could not find: libnccl-tuner.so. Using internal tuner plugin.
bddx-inf-sci-k8s-a800-03849:543579:544605 [4] NCCL INFO ncclCommInitRankConfig comm 0x136ad4e0 rank 4 nranks 8 cudaDev 4 nvmlDev 4 busId 89000 commId 0xc59fea30029decf9 - Init COMPLETE
bddx-inf-sci-k8s-a800-03849:543581:544602 [6] NCCL INFO TUNER/Plugin: Could not find: libnccl-tuner.so. Using internal tuner plugin.
bddx-inf-sci-k8s-a800-03849:543575:544609 [0] NCCL INFO TUNER/Plugin: Could not find: libnccl-tuner.so. Using internal tuner plugin.
bddx-inf-sci-k8s-a800-03849:543580:544604 [5] NCCL INFO TUNER/Plugin: Could not find: libnccl-tuner.so. Using internal tuner plugin.
bddx-inf-sci-k8s-a800-03849:543576:544606 [1] NCCL INFO TUNER/Plugin: Failed to find ncclTunerPlugin_v4 symbol.
bddx-inf-sci-k8s-a800-03849:543577:544608 [2] NCCL INFO TUNER/Plugin: Failed to find ncclTunerPlugin_v4 symbol.
bddx-inf-sci-k8s-a800-03849:543579:544605 [4] NCCL INFO Init timings - ncclCommInitRankConfig: rank 4 nranks 8 total 0.51 (kernels 0.12, alloc 0.15, bootstrap 0.08, allgathers 0.01, topo 0.12, graphs 0.00, connections 0.02, rest 0.02)
bddx-inf-sci-k8s-a800-03849:543577:544608 [2] NCCL INFO TUNER/Plugin: Failed to find ncclTunerPlugin_v3 symbol.
bddx-inf-sci-k8s-a800-03849:543581:544602 [6] NCCL INFO TUNER/Plugin: Failed to find ncclTunerPlugin_v4 symbol.
bddx-inf-sci-k8s-a800-03849:543575:544609 [0] NCCL INFO TUNER/Plugin: Failed to find ncclTunerPlugin_v4 symbol.
bddx-inf-sci-k8s-a800-03849:543576:544606 [1] NCCL INFO TUNER/Plugin: Failed to find ncclTunerPlugin_v3 symbol.
bddx-inf-sci-k8s-a800-03849:543580:544604 [5] NCCL INFO TUNER/Plugin: Failed to find ncclTunerPlugin_v4 symbol.
bddx-inf-sci-k8s-a800-03849:543577:544608 [2] NCCL INFO TUNER/Plugin: Failed to find ncclTunerPlugin_v2 symbol, using internal tuner instead.
bddx-inf-sci-k8s-a800-03849:543581:544602 [6] NCCL INFO TUNER/Plugin: Failed to find ncclTunerPlugin_v3 symbol.
bddx-inf-sci-k8s-a800-03849:543575:544609 [0] NCCL INFO TUNER/Plugin: Failed to find ncclTunerPlugin_v3 symbol.
bddx-inf-sci-k8s-a800-03849:543576:544606 [1] NCCL INFO TUNER/Plugin: Failed to find ncclTunerPlugin_v2 symbol, using internal tuner instead.
bddx-inf-sci-k8s-a800-03849:543580:544604 [5] NCCL INFO TUNER/Plugin: Failed to find ncclTunerPlugin_v3 symbol.
bddx-inf-sci-k8s-a800-03849:543577:544608 [2] NCCL INFO ncclCommInitRankConfig comm 0x13778eb0 rank 2 nranks 8 cudaDev 2 nvmlDev 2 busId 49000 commId 0xc59fea30029decf9 - Init COMPLETE
bddx-inf-sci-k8s-a800-03849:543581:544602 [6] NCCL INFO TUNER/Plugin: Failed to find ncclTunerPlugin_v2 symbol, using internal tuner instead.
bddx-inf-sci-k8s-a800-03849:543575:544609 [0] NCCL INFO TUNER/Plugin: Failed to find ncclTunerPlugin_v2 symbol, using internal tuner instead.
bddx-inf-sci-k8s-a800-03849:543576:544606 [1] NCCL INFO ncclCommInitRankConfig comm 0x12e79510 rank 1 nranks 8 cudaDev 1 nvmlDev 1 busId 18000 commId 0xc59fea30029decf9 - Init COMPLETE
bddx-inf-sci-k8s-a800-03849:543580:544604 [5] NCCL INFO TUNER/Plugin: Failed to find ncclTunerPlugin_v2 symbol, using internal tuner instead.
bddx-inf-sci-k8s-a800-03849:543581:544602 [6] NCCL INFO ncclCommInitRankConfig comm 0x11bdb810 rank 6 nranks 8 cudaDev 6 nvmlDev 6 busId c5000 commId 0xc59fea30029decf9 - Init COMPLETE
bddx-inf-sci-k8s-a800-03849:543577:544608 [2] NCCL INFO Init timings - ncclCommInitRankConfig: rank 2 nranks 8 total 0.51 (kernels 0.12, alloc 0.12, bootstrap 0.10, allgathers 0.01, topo 0.12, graphs 0.00, connections 0.03, rest 0.00)
bddx-inf-sci-k8s-a800-03849:543575:544609 [0] NCCL INFO ncclCommInitRankConfig comm 0x1156cec0 rank 0 nranks 8 cudaDev 0 nvmlDev 0 busId 12000 commId 0xc59fea30029decf9 - Init COMPLETE
bddx-inf-sci-k8s-a800-03849:543580:544604 [5] NCCL INFO ncclCommInitRankConfig comm 0x13303990 rank 5 nranks 8 cudaDev 5 nvmlDev 5 busId 8e000 commId 0xc59fea30029decf9 - Init COMPLETE
bddx-inf-sci-k8s-a800-03849:543576:544606 [1] NCCL INFO Init timings - ncclCommInitRankConfig: rank 1 nranks 8 total 0.51 (kernels 0.12, alloc 0.17, bootstrap 0.05, allgathers 0.01, topo 0.12, graphs 0.00, connections 0.03, rest 0.00)
bddx-inf-sci-k8s-a800-03849:543581:544602 [6] NCCL INFO Init timings - ncclCommInitRankConfig: rank 6 nranks 8 total 0.51 (kernels 0.12, alloc 0.15, bootstrap 0.08, allgathers 0.01, topo 0.12, graphs 0.00, connections 0.02, rest 0.02)
bddx-inf-sci-k8s-a800-03849:543575:544609 [0] NCCL INFO Init timings - ncclCommInitRankConfig: rank 0 nranks 8 total 0.47 (kernels 0.12, alloc 0.16, bootstrap 0.02, allgathers 0.01, topo 0.12, graphs 0.00, connections 0.03, rest 0.00)
bddx-inf-sci-k8s-a800-03849:543580:544604 [5] NCCL INFO Init timings - ncclCommInitRankConfig: rank 5 nranks 8 total 0.51 (kernels 0.12, alloc 0.14, bootstrap 0.09, allgathers 0.00, topo 0.12, graphs 0.00, connections 0.03, rest 0.01)
INFO:loongforge.embodied.train.utils.utils:Using random seed 42.
INFO:loongforge.embodied.train.utils.utils:Using random seed 42.
INFO:loongforge.embodied.train.utils.utils:Using random seed 42.
INFO:loongforge.embodied.train.utils.utils:Using random seed 42.
INFO:loongforge.embodied.train.utils.utils:Using random seed 42.
INFO:loongforge.embodied.train.utils.utils:Using random seed 42.
INFO:loongforge.embodied.train.utils.utils:Using random seed 42.
INFO:loongforge.embodied.train.utils.utils:Using random seed 42.
2026-08-21 15:38:49 [INFO] 
------------------------ training training_args ------------------------
  activation_checkpoint_module_patterns ........... None
  activation_checkpoint_skip_modules .............. None
  adam_beta1 ...................................... 0.9
  adam_beta2 ...................................... 0.95
  adam_eps ........................................ 1e-08
  async_save ...................................... False
  batch_drop_last ................................. True
  check_for_nan_in_loss_and_grad .................. True
  clip_grad ....................................... 1.0
  config_file ..................................... None
  cuda_graph_ddp_sync_in_graph .................... False
  cuda_graph_grad_sync_bucket_mb .................. 200.0
  cuda_graph_grad_sync_dtype ...................... fp32
  cuda_graph_grad_sync_impl ....................... coalesced
  cuda_graph_impl ................................. none
  cuda_graph_pad_length ........................... None
  cuda_graph_scope ................................ full_iteration
  cuda_graph_warmup_steps ......................... 3
  cudnn_benchmark ................................. False
  data_root_dir ................................... None
  dataloader_multiprocessing_context .............. None
  dataloader_seed_workers ......................... False
  dataset_format .................................. lerobot_datasets
  dataset_path .................................... /raid0/fastwam/vla_artifacts/pi05/datasets/libero
  dataset_strategy ................................ default
  ddp_batched_grad_copy ........................... False
  ddp_broadcast_buffers ........................... True
  ddp_bucket_cap_mb ............................... None
  ddp_bucket_cap_mb_list .......................... None
  ddp_comm_hook ................................... None
  ddp_comm_hook_logging ........................... False
  ddp_dynamic_powersgd_adapt_interval ............. 5
  ddp_dynamic_powersgd_high_rank .................. 4
  ddp_dynamic_powersgd_low_rank ................... 1
  ddp_dynamic_powersgd_relative_change_threshold .. 0.1
  ddp_find_unused_parameters ...................... True
  ddp_gradient_as_bucket_view ..................... True
  ddp_init_sync ................................... True
  ddp_layerwise_powersgd_candidate_ranks .......... 1,2,4,8,16
  ddp_layerwise_powersgd_log_tensor_stats ......... False
  ddp_layerwise_powersgd_power_iterations ......... 2
  ddp_layerwise_powersgd_refresh_period ........... 50
  ddp_layerwise_powersgd_relative_error ........... 0.1
  ddp_layerwise_powersgd_uncompressed_patterns .... 
  ddp_powersgd_matrix_approximation_rank .......... 1
  ddp_powersgd_min_compression_rate ............... 2.0
  ddp_powersgd_plus_restart_method ................ approximate
  ddp_powersgd_plus_restart_period ................ 50
  ddp_powersgd_start_iter ......................... 1000
  ddp_separate_compression_ratio .................. 16.0
  ddp_separate_error_feedback_beta ................ 0.95
  ddp_separate_error_reset_interval ............... 128
  ddp_skip_all_reduce_unused_params ............... False
  ddp_static_graph ................................ True
  detail_log_interval ............................. 20
  deterministic_mode .............................. False
  disable_tf32 .................................... False
  distributed_sampler_mode ........................ cyclic
  distributed_strategy ............................ ddp
  dtype ........................................... bfloat16
  dynamo_optimize_ddp ............................. False
  freeze_modules .................................. 
  fsdp_backward_prefetch_distance ................. 0
  fsdp_cast_forward_inputs ........................ True
  fsdp_forward_prefetch_distance .................. 0
  fsdp_leftover_min_num_params .................... 1000000
  fsdp_min_num_params ............................. 1000000
  fsdp_no_wrap_modules ............................ None
  fsdp_original_param_dtype ....................... None
  fsdp_reduce_dtype ............................... fp32
  fsdp_reshard_default ............................ None
  fsdp_reshard_module_overrides ................... None
  fsdp_reshard_root ............................... False
  fsdp_unsharded_param_dtype ...................... None
  fsdp_wrap_modules ............................... None
  gradient_accumulation_steps ..................... 1
  hsdp_shard_size ................................. None
  init_on_meta .................................... False
  lambda_cycle_length ............................. 10000
  lambda_f_max .................................... 0.4
  lambda_f_min .................................... 0.0
  lambda_f_start .................................. 0.0
  lerobotdataset_version .......................... v3.0
  log_interval .................................... 1
  lora_alpha ...................................... 32
  lora_bias ....................................... none
  lora_dropout .................................... 0.0
  lora_init ....................................... true
  lora_modules_to_save ............................ None
  lora_r .......................................... 16
  lora_target_modules ............................. None
  loss_log_rank ................................... [-1]
  loss_spike_threshold ............................ 100.0
  lr_base ......................................... 2.5e-05
  lr_decay_iters .................................. 1000
  lr_decay_style .................................. cosine_with_min_lr
  lr_end .......................................... 1e-07
  lr_group ........................................ None
  lr_warmup_iters ................................. 10
  manual_gc ....................................... False
  manual_gc_interval .............................. 0
  min_lr .......................................... 1e-06
  model_name ...................................... pi05
  num_cycles ...................................... 1.0
  num_samples ..................................... 100
  num_workers ..................................... 4
  optimizer ....................................... AdamW
  output_dir ...................................... /raid0/fastwam/experiments/pi05_powersgd_plus_acp_resume_a800_100_1000_v2/warmup_0_100
  per_device_batch_size ........................... 12
  polynomial_power ................................ 1.0
  pretrained_checkpoint ........................... /raid0/fastwam/vla_artifacts/pi05/models/pi05_base
  profile_output_dir .............................. None
  profile_ranks ................................... [0]
  profile_step_end ................................ 12
  profile_step_start .............................. 10
  resume .......................................... False
  robot_type ...................................... libero_franka
  sampler_shuffle ................................. True
  save_format ..................................... dcp
  save_interval ................................... 100
  save_training_state ............................. True
  seed ............................................ 42
  set_seed_by_rank ................................ False
  split ........................................... train
  streaming ....................................... False
  task_name ....................................... perform the task
  tensorboard_dir ................................. /raid0/fastwam/experiments/pi05_powersgd_plus_acp_resume_a800_100_1000_v2/warmup_0_100/tensorboard
  tensorboard_queue_size .......................... 1000
  timing_log_level ................................ 0
  tokenizer_path .................................. /raid0/fastwam/vla_artifacts/pi05/tokenizers/paligemma-3b-pt-224
  train_iters ..................................... 100
  trainer_type .................................... FinetuneTrainer
  use_lora ........................................ False
  use_nsys_profiler ............................... False
  use_pytorch_profiler ............................ False
  video_backend ................................... torchcodec
  wandb_mode ...................................... disabled
  wandb_project ................................... loongforge-vla
  weight_decay .................................... 0.01
  weight_decay_grouping ........................... all
  zero_master_param_dtype ......................... none
  zero_optimizer .................................. True
  zero_parameters_as_bucket_view .................. True
-------------------- end of training training_args ---------------------
2026-08-21 15:38:49 [INFO] 
------------------------ model config ------------------------
  action_dim ...................................... 7
  action_horizon .................................. 50
  compile_dynamic ................................. False
  compile_fullgraph ............................... True
  compile_mode .................................... max-autotune
  compile_model ................................... False
  compile_scope ................................... multi_group
  freeze_vision_encoder ........................... False
  gradient_checkpointing .......................... False
  max_action_dim .................................. 32
  max_state_dim ................................... 32
  model_type ...................................... pi05
  state_dim ....................................... 7
  train_expert_only ............................... False
-------------------- end of model config ---------------------
2026-08-21 15:38:49 [INFO] 
------------------------ data config ------------------------
  action_apply_to ................................. ['action']
  action_padding_strategy ......................... zero
  action_transform_horizon ........................ None
  action_transform_max_action_dim ................. None
  action_use_statistics ........................... True
  image_mask ...................................... None
  image_normalize_mode ............................ identity
  image_resize_strategy ........................... resize_with_pad
  image_size ...................................... 224
  max_token_len ................................... 200
  normalization_mode .............................. q99
  num_images ...................................... 2
  observation_delta_indices ....................... None
  use_action_transform ............................ True
  use_image_transform ............................. True
-------------------- end of data config ---------------------
2026-08-21 15:38:49 [INFO] TensorBoard enabled: /raid0/fastwam/experiments/pi05_powersgd_plus_acp_resume_a800_100_1000_v2/warmup_0_100/tensorboard
2026-08-21 15:38:49 [INFO] [model] start building model: model_type=pi05, class=Pi05ModelConfig
2026-08-21 15:41:07 [INFO] [model] model built in 138.23s
2026-08-21 15:41:07 [INFO] [ckpt] loading pretrained: /raid0/fastwam/vla_artifacts/pi05/models/pi05_base
2026-08-21 15:41:17 [INFO] Pretrained loaded: /raid0/fastwam/vla_artifacts/pi05/models/pi05_base
2026-08-21 15:41:17 [INFO] [ckpt] pretrained loaded in 9.69s
2026-08-21 15:41:17 [INFO] [wrap_model] wrap_model: strategy=ddp, dtype=bfloat16
bddx-inf-sci-k8s-a800-03849:543575:545346 [0] NCCL INFO Channel 00/0 : 0[0] -> 1[1] via P2P/CUMEM/read
bddx-inf-sci-k8s-a800-03849:543575:545346 [0] NCCL INFO Channel 01/0 : 0[0] -> 1[1] via P2P/CUMEM/read
bddx-inf-sci-k8s-a800-03849:543575:545346 [0] NCCL INFO Channel 02/0 : 0[0] -> 1[1] via P2P/CUMEM/read
bddx-inf-sci-k8s-a800-03849:543575:545346 [0] NCCL INFO Channel 03/0 : 0[0] -> 1[1] via P2P/CUMEM/read
bddx-inf-sci-k8s-a800-03849:543575:545346 [0] NCCL INFO Channel 04/0 : 0[0] -> 1[1] via P2P/CUMEM/read
bddx-inf-sci-k8s-a800-03849:543575:545346 [0] NCCL INFO Channel 05/0 : 0[0] -> 1[1] via P2P/CUMEM/read
bddx-inf-sci-k8s-a800-03849:543575:545346 [0] NCCL INFO Channel 06/0 : 0[0] -> 1[1] via P2P/CUMEM/read
bddx-inf-sci-k8s-a800-03849:543575:545346 [0] NCCL INFO Channel 07/0 : 0[0] -> 1[1] via P2P/CUMEM/read
bddx-inf-sci-k8s-a800-03849:543575:545346 [0] NCCL INFO Channel 08/0 : 0[0] -> 1[1] via P2P/CUMEM/read
bddx-inf-sci-k8s-a800-03849:543575:545346 [0] NCCL INFO Channel 09/0 : 0[0] -> 1[1] via P2P/CUMEM/read
bddx-inf-sci-k8s-a800-03849:543575:545346 [0] NCCL INFO Channel 10/0 : 0[0] -> 1[1] via P2P/CUMEM/read
bddx-inf-sci-k8s-a800-03849:543575:545346 [0] NCCL INFO Channel 11/0 : 0[0] -> 1[1] via P2P/CUMEM/read
bddx-inf-sci-k8s-a800-03849:543575:545346 [0] NCCL INFO Channel 12/0 : 0[0] -> 1[1] via P2P/CUMEM/read
bddx-inf-sci-k8s-a800-03849:543575:545346 [0] NCCL INFO Channel 13/0 : 0[0] -> 1[1] via P2P/CUMEM/read
bddx-inf-sci-k8s-a800-03849:543575:545346 [0] NCCL INFO Channel 14/0 : 0[0] -> 1[1] via P2P/CUMEM/read
bddx-inf-sci-k8s-a800-03849:543575:545346 [0] NCCL INFO Channel 15/0 : 0[0] -> 1[1] via P2P/CUMEM/read
bddx-inf-sci-k8s-a800-03849:543577:545347 [2] NCCL INFO Channel 00/0 : 2[2] -> 3[3] via P2P/CUMEM/read
bddx-inf-sci-k8s-a800-03849:543577:545347 [2] NCCL INFO Channel 01/0 : 2[2] -> 3[3] via P2P/CUMEM/read
bddx-inf-sci-k8s-a800-03849:543577:545347 [2] NCCL INFO Channel 02/0 : 2[2] -> 3[3] via P2P/CUMEM/read
bddx-inf-sci-k8s-a800-03849:543577:545347 [2] NCCL INFO Channel 03/0 : 2[2] -> 3[3] via P2P/CUMEM/read
bddx-inf-sci-k8s-a800-03849:543577:545347 [2] NCCL INFO Channel 04/0 : 2[2] -> 3[3] via P2P/CUMEM/read
bddx-inf-sci-k8s-a800-03849:543577:545347 [2] NCCL INFO Channel 05/0 : 2[2] -> 3[3] via P2P/CUMEM/read
bddx-inf-sci-k8s-a800-03849:543577:545347 [2] NCCL INFO Channel 06/0 : 2[2] -> 3[3] via P2P/CUMEM/read
bddx-inf-sci-k8s-a800-03849:543577:545347 [2] NCCL INFO Channel 07/0 : 2[2] -> 3[3] via P2P/CUMEM/read
bddx-inf-sci-k8s-a800-03849:543577:545347 [2] NCCL INFO Channel 08/0 : 2[2] -> 3[3] via P2P/CUMEM/read
bddx-inf-sci-k8s-a800-03849:543577:545347 [2] NCCL INFO Channel 09/0 : 2[2] -> 3[3] via P2P/CUMEM/read
bddx-inf-sci-k8s-a800-03849:543577:545347 [2] NCCL INFO Channel 10/0 : 2[2] -> 3[3] via P2P/CUMEM/read
bddx-inf-sci-k8s-a800-03849:543577:545347 [2] NCCL INFO Channel 11/0 : 2[2] -> 3[3] via P2P/CUMEM/read
bddx-inf-sci-k8s-a800-03849:543577:545347 [2] NCCL INFO Channel 12/0 : 2[2] -> 3[3] via P2P/CUMEM/read
bddx-inf-sci-k8s-a800-03849:543577:545347 [2] NCCL INFO Channel 13/0 : 2[2] -> 3[3] via P2P/CUMEM/read
bddx-inf-sci-k8s-a800-03849:543577:545347 [2] NCCL INFO Channel 14/0 : 2[2] -> 3[3] via P2P/CUMEM/read
bddx-inf-sci-k8s-a800-03849:543577:545347 [2] NCCL INFO Channel 15/0 : 2[2] -> 3[3] via P2P/CUMEM/read
bddx-inf-sci-k8s-a800-03849:543576:545349 [1] NCCL INFO Channel 00/0 : 1[1] -> 2[2] via P2P/CUMEM/read
bddx-inf-sci-k8s-a800-03849:543576:545349 [1] NCCL INFO Channel 01/0 : 1[1] -> 2[2] via P2P/CUMEM/read
bddx-inf-sci-k8s-a800-03849:543576:545349 [1] NCCL INFO Channel 02/0 : 1[1] -> 2[2] via P2P/CUMEM/read
bddx-inf-sci-k8s-a800-03849:543576:545349 [1] NCCL INFO Channel 03/0 : 1[1] -> 2[2] via P2P/CUMEM/read
bddx-inf-sci-k8s-a800-03849:543576:545349 [1] NCCL INFO Channel 04/0 : 1[1] -> 2[2] via P2P/CUMEM/read
bddx-inf-sci-k8s-a800-03849:543576:545349 [1] NCCL INFO Channel 05/0 : 1[1] -> 2[2] via P2P/CUMEM/read
bddx-inf-sci-k8s-a800-03849:543576:545349 [1] NCCL INFO Channel 06/0 : 1[1] -> 2[2] via P2P/CUMEM/read
bddx-inf-sci-k8s-a800-03849:543576:545349 [1] NCCL INFO Channel 07/0 : 1[1] -> 2[2] via P2P/CUMEM/read
bddx-inf-sci-k8s-a800-03849:543576:545349 [1] NCCL INFO Channel 08/0 : 1[1] -> 2[2] via P2P/CUMEM/read
bddx-inf-sci-k8s-a800-03849:543576:545349 [1] NCCL INFO Channel 09/0 : 1[1] -> 2[2] via P2P/CUMEM/read
bddx-inf-sci-k8s-a800-03849:543576:545349 [1] NCCL INFO Channel 10/0 : 1[1] -> 2[2] via P2P/CUMEM/read
bddx-inf-sci-k8s-a800-03849:543576:545349 [1] NCCL INFO Channel 11/0 : 1[1] -> 2[2] via P2P/CUMEM/read
bddx-inf-sci-k8s-a800-03849:543576:545349 [1] NCCL INFO Channel 12/0 : 1[1] -> 2[2] via P2P/CUMEM/read
bddx-inf-sci-k8s-a800-03849:543576:545349 [1] NCCL INFO Channel 13/0 : 1[1] -> 2[2] via P2P/CUMEM/read
bddx-inf-sci-k8s-a800-03849:543576:545349 [1] NCCL INFO Channel 14/0 : 1[1] -> 2[2] via P2P/CUMEM/read
bddx-inf-sci-k8s-a800-03849:543576:545349 [1] NCCL INFO Channel 15/0 : 1[1] -> 2[2] via P2P/CUMEM/read
bddx-inf-sci-k8s-a800-03849:543579:545371 [4] NCCL INFO Channel 00/0 : 4[4] -> 5[5] via P2P/CUMEM/read
bddx-inf-sci-k8s-a800-03849:543579:545371 [4] NCCL INFO Channel 01/0 : 4[4] -> 5[5] via P2P/CUMEM/read
bddx-inf-sci-k8s-a800-03849:543579:545371 [4] NCCL INFO Channel 02/0 : 4[4] -> 5[5] via P2P/CUMEM/read
bddx-inf-sci-k8s-a800-03849:543579:545371 [4] NCCL INFO Channel 03/0 : 4[4] -> 5[5] via P2P/CUMEM/read
bddx-inf-sci-k8s-a800-03849:543579:545371 [4] NCCL INFO Channel 04/0 : 4[4] -> 5[5] via P2P/CUMEM/read
bddx-inf-sci-k8s-a800-03849:543579:545371 [4] NCCL INFO Channel 05/0 : 4[4] -> 5[5] via P2P/CUMEM/read
bddx-inf-sci-k8s-a800-03849:543580:545372 [5] NCCL INFO Channel 00/0 : 5[5] -> 6[6] via P2P/CUMEM/read
bddx-inf-sci-k8s-a800-03849:543579:545371 [4] NCCL INFO Channel 06/0 : 4[4] -> 5[5] via P2P/CUMEM/read
bddx-inf-sci-k8s-a800-03849:543580:545372 [5] NCCL INFO Channel 01/0 : 5[5] -> 6[6] via P2P/CUMEM/read
bddx-inf-sci-k8s-a800-03849:543579:545371 [4] NCCL INFO Channel 07/0 : 4[4] -> 5[5] via P2P/CUMEM/read
bddx-inf-sci-k8s-a800-03849:543580:545372 [5] NCCL INFO Channel 02/0 : 5[5] -> 6[6] via P2P/CUMEM/read
bddx-inf-sci-k8s-a800-03849:543579:545371 [4] NCCL INFO Channel 08/0 : 4[4] -> 5[5] via P2P/CUMEM/read
bddx-inf-sci-k8s-a800-03849:543580:545372 [5] NCCL INFO Channel 03/0 : 5[5] -> 6[6] via P2P/CUMEM/read
bddx-inf-sci-k8s-a800-03849:543579:545371 [4] NCCL INFO Channel 09/0 : 4[4] -> 5[5] via P2P/CUMEM/read
bddx-inf-sci-k8s-a800-03849:543580:545372 [5] NCCL INFO Channel 04/0 : 5[5] -> 6[6] via P2P/CUMEM/read
bddx-inf-sci-k8s-a800-03849:543579:545371 [4] NCCL INFO Channel 10/0 : 4[4] -> 5[5] via P2P/CUMEM/read
bddx-inf-sci-k8s-a800-03849:543580:545372 [5] NCCL INFO Channel 05/0 : 5[5] -> 6[6] via P2P/CUMEM/read
bddx-inf-sci-k8s-a800-03849:543579:545371 [4] NCCL INFO Channel 11/0 : 4[4] -> 5[5] via P2P/CUMEM/read
bddx-inf-sci-k8s-a800-03849:543580:545372 [5] NCCL INFO Channel 06/0 : 5[5] -> 6[6] via P2P/CUMEM/read
bddx-inf-sci-k8s-a800-03849:543579:545371 [4] NCCL INFO Channel 12/0 : 4[4] -> 5[5] via P2P/CUMEM/read
bddx-inf-sci-k8s-a800-03849:543580:545372 [5] NCCL INFO Channel 07/0 : 5[5] -> 6[6] via P2P/CUMEM/read
bddx-inf-sci-k8s-a800-03849:543579:545371 [4] NCCL INFO Channel 13/0 : 4[4] -> 5[5] via P2P/CUMEM/read
bddx-inf-sci-k8s-a800-03849:543580:545372 [5] NCCL INFO Channel 08/0 : 5[5] -> 6[6] via P2P/CUMEM/read
bddx-inf-sci-k8s-a800-03849:543579:545371 [4] NCCL INFO Channel 14/0 : 4[4] -> 5[5] via P2P/CUMEM/read
bddx-inf-sci-k8s-a800-03849:543580:545372 [5] NCCL INFO Channel 09/0 : 5[5] -> 6[6] via P2P/CUMEM/read
bddx-inf-sci-k8s-a800-03849:543579:545371 [4] NCCL INFO Channel 15/0 : 4[4] -> 5[5] via P2P/CUMEM/read
bddx-inf-sci-k8s-a800-03849:543580:545372 [5] NCCL INFO Channel 10/0 : 5[5] -> 6[6] via P2P/CUMEM/read
bddx-inf-sci-k8s-a800-03849:543580:545372 [5] NCCL INFO Channel 11/0 : 5[5] -> 6[6] via P2P/CUMEM/read
bddx-inf-sci-k8s-a800-03849:543580:545372 [5] NCCL INFO Channel 12/0 : 5[5] -> 6[6] via P2P/CUMEM/read
bddx-inf-sci-k8s-a800-03849:543580:545372 [5] NCCL INFO Channel 13/0 : 5[5] -> 6[6] via P2P/CUMEM/read
bddx-inf-sci-k8s-a800-03849:543580:545372 [5] NCCL INFO Channel 14/0 : 5[5] -> 6[6] via P2P/CUMEM/read
bddx-inf-sci-k8s-a800-03849:543580:545372 [5] NCCL INFO Channel 15/0 : 5[5] -> 6[6] via P2P/CUMEM/read
bddx-inf-sci-k8s-a800-03849:543578:545392 [3] NCCL INFO Channel 00/0 : 3[3] -> 4[4] via P2P/CUMEM/read
bddx-inf-sci-k8s-a800-03849:543578:545392 [3] NCCL INFO Channel 01/0 : 3[3] -> 4[4] via P2P/CUMEM/read
bddx-inf-sci-k8s-a800-03849:543578:545392 [3] NCCL INFO Channel 02/0 : 3[3] -> 4[4] via P2P/CUMEM/read
bddx-inf-sci-k8s-a800-03849:543578:545392 [3] NCCL INFO Channel 03/0 : 3[3] -> 4[4] via P2P/CUMEM/read
bddx-inf-sci-k8s-a800-03849:543578:545392 [3] NCCL INFO Channel 04/0 : 3[3] -> 4[4] via P2P/CUMEM/read
bddx-inf-sci-k8s-a800-03849:543578:545392 [3] NCCL INFO Channel 05/0 : 3[3] -> 4[4] via P2P/CUMEM/read
bddx-inf-sci-k8s-a800-03849:543578:545392 [3] NCCL INFO Channel 06/0 : 3[3] -> 4[4] via P2P/CUMEM/read
bddx-inf-sci-k8s-a800-03849:543578:545392 [3] NCCL INFO Channel 07/0 : 3[3] -> 4[4] via P2P/CUMEM/read
bddx-inf-sci-k8s-a800-03849:543578:545392 [3] NCCL INFO Channel 08/0 : 3[3] -> 4[4] via P2P/CUMEM/read
bddx-inf-sci-k8s-a800-03849:543578:545392 [3] NCCL INFO Channel 09/0 : 3[3] -> 4[4] via P2P/CUMEM/read
bddx-inf-sci-k8s-a800-03849:543582:545393 [7] NCCL INFO Channel 00/0 : 7[7] -> 0[0] via P2P/CUMEM/read
bddx-inf-sci-k8s-a800-03849:543578:545392 [3] NCCL INFO Channel 10/0 : 3[3] -> 4[4] via P2P/CUMEM/read
bddx-inf-sci-k8s-a800-03849:543582:545393 [7] NCCL INFO Channel 01/0 : 7[7] -> 0[0] via P2P/CUMEM/read
bddx-inf-sci-k8s-a800-03849:543578:545392 [3] NCCL INFO Channel 11/0 : 3[3] -> 4[4] via P2P/CUMEM/read
bddx-inf-sci-k8s-a800-03849:543582:545393 [7] NCCL INFO Channel 02/0 : 7[7] -> 0[0] via P2P/CUMEM/read
bddx-inf-sci-k8s-a800-03849:543578:545392 [3] NCCL INFO Channel 12/0 : 3[3] -> 4[4] via P2P/CUMEM/read
bddx-inf-sci-k8s-a800-03849:543582:545393 [7] NCCL INFO Channel 03/0 : 7[7] -> 0[0] via P2P/CUMEM/read
bddx-inf-sci-k8s-a800-03849:543578:545392 [3] NCCL INFO Channel 13/0 : 3[3] -> 4[4] via P2P/CUMEM/read
bddx-inf-sci-k8s-a800-03849:543582:545393 [7] NCCL INFO Channel 04/0 : 7[7] -> 0[0] via P2P/CUMEM/read
bddx-inf-sci-k8s-a800-03849:543578:545392 [3] NCCL INFO Channel 14/0 : 3[3] -> 4[4] via P2P/CUMEM/read
bddx-inf-sci-k8s-a800-03849:543582:545393 [7] NCCL INFO Channel 05/0 : 7[7] -> 0[0] via P2P/CUMEM/read
bddx-inf-sci-k8s-a800-03849:543578:545392 [3] NCCL INFO Channel 15/0 : 3[3] -> 4[4] via P2P/CUMEM/read
bddx-inf-sci-k8s-a800-03849:543582:545393 [7] NCCL INFO Channel 06/0 : 7[7] -> 0[0] via P2P/CUMEM/read
bddx-inf-sci-k8s-a800-03849:543582:545393 [7] NCCL INFO Channel 07/0 : 7[7] -> 0[0] via P2P/CUMEM/read
bddx-inf-sci-k8s-a800-03849:543582:545393 [7] NCCL INFO Channel 08/0 : 7[7] -> 0[0] via P2P/CUMEM/read
bddx-inf-sci-k8s-a800-03849:543582:545393 [7] NCCL INFO Channel 09/0 : 7[7] -> 0[0] via P2P/CUMEM/read
bddx-inf-sci-k8s-a800-03849:543582:545393 [7] NCCL INFO Channel 10/0 : 7[7] -> 0[0] via P2P/CUMEM/read
bddx-inf-sci-k8s-a800-03849:543582:545393 [7] NCCL INFO Channel 11/0 : 7[7] -> 0[0] via P2P/CUMEM/read
bddx-inf-sci-k8s-a800-03849:543582:545393 [7] NCCL INFO Channel 12/0 : 7[7] -> 0[0] via P2P/CUMEM/read
bddx-inf-sci-k8s-a800-03849:543582:545393 [7] NCCL INFO Channel 13/0 : 7[7] -> 0[0] via P2P/CUMEM/read
bddx-inf-sci-k8s-a800-03849:543582:545393 [7] NCCL INFO Channel 14/0 : 7[7] -> 0[0] via P2P/CUMEM/read
bddx-inf-sci-k8s-a800-03849:543582:545393 [7] NCCL INFO Channel 15/0 : 7[7] -> 0[0] via P2P/CUMEM/read
bddx-inf-sci-k8s-a800-03849:543581:545395 [6] NCCL INFO Channel 00/0 : 6[6] -> 7[7] via P2P/CUMEM/read
bddx-inf-sci-k8s-a800-03849:543581:545395 [6] NCCL INFO Channel 01/0 : 6[6] -> 7[7] via P2P/CUMEM/read
bddx-inf-sci-k8s-a800-03849:543581:545395 [6] NCCL INFO Channel 02/0 : 6[6] -> 7[7] via P2P/CUMEM/read
bddx-inf-sci-k8s-a800-03849:543581:545395 [6] NCCL INFO Channel 03/0 : 6[6] -> 7[7] via P2P/CUMEM/read
bddx-inf-sci-k8s-a800-03849:543581:545395 [6] NCCL INFO Channel 04/0 : 6[6] -> 7[7] via P2P/CUMEM/read
bddx-inf-sci-k8s-a800-03849:543581:545395 [6] NCCL INFO Channel 05/0 : 6[6] -> 7[7] via P2P/CUMEM/read
bddx-inf-sci-k8s-a800-03849:543581:545395 [6] NCCL INFO Channel 06/0 : 6[6] -> 7[7] via P2P/CUMEM/read
bddx-inf-sci-k8s-a800-03849:543581:545395 [6] NCCL INFO Channel 07/0 : 6[6] -> 7[7] via P2P/CUMEM/read
bddx-inf-sci-k8s-a800-03849:543581:545395 [6] NCCL INFO Channel 08/0 : 6[6] -> 7[7] via P2P/CUMEM/read
bddx-inf-sci-k8s-a800-03849:543581:545395 [6] NCCL INFO Channel 09/0 : 6[6] -> 7[7] via P2P/CUMEM/read
bddx-inf-sci-k8s-a800-03849:543581:545395 [6] NCCL INFO Channel 10/0 : 6[6] -> 7[7] via P2P/CUMEM/read
bddx-inf-sci-k8s-a800-03849:543581:545395 [6] NCCL INFO Channel 11/0 : 6[6] -> 7[7] via P2P/CUMEM/read
bddx-inf-sci-k8s-a800-03849:543581:545395 [6] NCCL INFO Channel 12/0 : 6[6] -> 7[7] via P2P/CUMEM/read
bddx-inf-sci-k8s-a800-03849:543581:545395 [6] NCCL INFO Channel 13/0 : 6[6] -> 7[7] via P2P/CUMEM/read
bddx-inf-sci-k8s-a800-03849:543581:545395 [6] NCCL INFO Channel 14/0 : 6[6] -> 7[7] via P2P/CUMEM/read
bddx-inf-sci-k8s-a800-03849:543581:545395 [6] NCCL INFO Channel 15/0 : 6[6] -> 7[7] via P2P/CUMEM/read
bddx-inf-sci-k8s-a800-03849:543581:545395 [6] NCCL INFO Connected all rings, use ring PXN 0 GDR 1
bddx-inf-sci-k8s-a800-03849:543580:545372 [5] NCCL INFO Connected all rings, use ring PXN 0 GDR 1
bddx-inf-sci-k8s-a800-03849:543579:545371 [4] NCCL INFO Connected all rings, use ring PXN 0 GDR 1
bddx-inf-sci-k8s-a800-03849:543578:545392 [3] NCCL INFO Connected all rings, use ring PXN 0 GDR 1
bddx-inf-sci-k8s-a800-03849:543582:545393 [7] NCCL INFO Connected all rings, use ring PXN 0 GDR 1
bddx-inf-sci-k8s-a800-03849:543575:545346 [0] NCCL INFO Connected all rings, use ring PXN 0 GDR 1
bddx-inf-sci-k8s-a800-03849:543577:545347 [2] NCCL INFO Connected all rings, use ring PXN 0 GDR 1
bddx-inf-sci-k8s-a800-03849:543576:545349 [1] NCCL INFO Connected all rings, use ring PXN 0 GDR 1
/usr/local/lib/python3.12/dist-packages/torch/nn/parallel/distributed.py:2348: UserWarning: You passed find_unused_parameters=true to DistributedDataParallel, `_set_static_graph` will detect unused parameters automatically, so you do not need to set find_unused_parameters=true, just be sure these unused parameters will not change during training loop while calling `_set_static_graph`.
  warnings.warn(
/usr/local/lib/python3.12/dist-packages/torch/nn/parallel/distributed.py:2348: UserWarning: You passed find_unused_parameters=true to DistributedDataParallel, `_set_static_graph` will detect unused parameters automatically, so you do not need to set find_unused_parameters=true, just be sure these unused parameters will not change during training loop while calling `_set_static_graph`.
  warnings.warn(
/usr/local/lib/python3.12/dist-packages/torch/nn/parallel/distributed.py:2348: UserWarning: You passed find_unused_parameters=true to DistributedDataParallel, `_set_static_graph` will detect unused parameters automatically, so you do not need to set find_unused_parameters=true, just be sure these unused parameters will not change during training loop while calling `_set_static_graph`.
  warnings.warn(
2026-08-21 15:41:27 [INFO] [wrap_model] done in 9.71s
2026-08-21 15:41:27 [INFO] [optimizer] building optimizer
/usr/local/lib/python3.12/dist-packages/torch/nn/parallel/distributed.py:2348: UserWarning: You passed find_unused_parameters=true to DistributedDataParallel, `_set_static_graph` will detect unused parameters automatically, so you do not need to set find_unused_parameters=true, just be sure these unused parameters will not change during training loop while calling `_set_static_graph`.
  warnings.warn(
/usr/local/lib/python3.12/dist-packages/torch/nn/parallel/distributed.py:2348: UserWarning: You passed find_unused_parameters=true to DistributedDataParallel, `_set_static_graph` will detect unused parameters automatically, so you do not need to set find_unused_parameters=true, just be sure these unused parameters will not change during training loop while calling `_set_static_graph`.
  warnings.warn(
/usr/local/lib/python3.12/dist-packages/torch/nn/parallel/distributed.py:2348: UserWarning: You passed find_unused_parameters=true to DistributedDataParallel, `_set_static_graph` will detect unused parameters automatically, so you do not need to set find_unused_parameters=true, just be sure these unused parameters will not change during training loop while calling `_set_static_graph`.
  warnings.warn(
/usr/local/lib/python3.12/dist-packages/torch/nn/parallel/distributed.py:2348: UserWarning: You passed find_unused_parameters=true to DistributedDataParallel, `_set_static_graph` will detect unused parameters automatically, so you do not need to set find_unused_parameters=true, just be sure these unused parameters will not change during training loop while calling `_set_static_graph`.
  warnings.warn(
/usr/local/lib/python3.12/dist-packages/torch/nn/parallel/distributed.py:2348: UserWarning: You passed find_unused_parameters=true to DistributedDataParallel, `_set_static_graph` will detect unused parameters automatically, so you do not need to set find_unused_parameters=true, just be sure these unused parameters will not change during training loop while calling `_set_static_graph`.
  warnings.warn(
2026-08-21 15:41:27 [INFO] [LR Groups] Model modules (use paths below with --lr-group to set per-module LR):
  model                                                         (4143.4M trainable params)
    model.paligemma_with_expert                                   (4141.2M trainable params)
      model.paligemma_with_expert.paligemma                         (3450.0M trainable params)
      model.paligemma_with_expert.gemma_expert                      (691.3M trainable params)
    model.action_in_proj                                          (33.8K trainable params)
    model.action_out_proj                                         (32.8K trainable params)
    model.time_mlp_in                                             (1.0M trainable params)
    model.time_mlp_out                                            (1.0M trainable params)
2026-08-21 15:41:27 [INFO] [LR Groups] Model modules with LR assignment:
  model                                                         (4143.4M trainable params)  lr=2.50e-05
    model.paligemma_with_expert                                   (4141.2M trainable params)  lr=2.50e-05
      model.paligemma_with_expert.paligemma                         (3450.0M trainable params)  lr=2.50e-05
      model.paligemma_with_expert.gemma_expert                      (691.3M trainable params)  lr=2.50e-05
    model.action_in_proj                                          (33.8K trainable params)  lr=2.50e-05
    model.action_out_proj                                         (32.8K trainable params)  lr=2.50e-05
    model.time_mlp_in                                             (1.0M trainable params)  lr=2.50e-05
    model.time_mlp_out                                            (1.0M trainable params)  lr=2.50e-05
2026-08-21 15:41:27 [INFO] Optimizer trainable parameter dtypes: torch.bfloat16: 255 tensors/3609853952 elems, torch.float32: 558 tensors/533550864 elems
2026-08-21 15:41:27 [INFO] Mixed dtype params {torch.bfloat16, torch.float32}: using per-dtype ZeroRedundancyOptimizer
2026-08-21 15:41:27 [INFO] [optimizer] optimizer built in 0.17s
2026-08-21 15:41:27 [INFO] [data] building dataloaders
2026-08-21 15:41:27 [INFO] Using video codec: libsvtav1
2026-08-21 15:41:27 [INFO] LeRobotV3Dataset: repo_id=libero, len=273465, action_horizon=50, fps=10.0, video_backend=torchcodec
2026-08-21 15:41:27 [INFO] Using preprocessor: pi05
2026-08-21 15:41:27 [INFO] [data] done in 0.43s
2026-08-21 15:41:27 [INFO] Parameters: 4143.4M total, 4143.4M trainable (100.0%)
2026-08-21 15:41:27 [INFO] Model: PI05Policy
/usr/local/lib/python3.12/dist-packages/torch/utils/cpp_extension.py:2407: UserWarning: TORCH_CUDA_ARCH_LIST is not set, all archs for visible cards are included for compilation. 
If this is not desired, please set os.environ['TORCH_CUDA_ARCH_LIST'].
  warnings.warn(
fused_indices_to_multihot has reached end of life. Please migrate to a non-experimental function.
fused_indices_to_multihot has reached end of life. Please migrate to a non-experimental function.
/usr/local/lib/python3.12/dist-packages/torch/utils/cpp_extension.py:2407: UserWarning: TORCH_CUDA_ARCH_LIST is not set, all archs for visible cards are included for compilation. 
If this is not desired, please set os.environ['TORCH_CUDA_ARCH_LIST'].
  warnings.warn(
fused_indices_to_multihot has reached end of life. Please migrate to a non-experimental function.
/usr/local/lib/python3.12/dist-packages/torch/utils/cpp_extension.py:2407: UserWarning: TORCH_CUDA_ARCH_LIST is not set, all archs for visible cards are included for compilation. 
If this is not desired, please set os.environ['TORCH_CUDA_ARCH_LIST'].
  warnings.warn(
fused_indices_to_multihot has reached end of life. Please migrate to a non-experimental function.
/usr/local/lib/python3.12/dist-packages/torch/utils/cpp_extension.py:2407: UserWarning: TORCH_CUDA_ARCH_LIST is not set, all archs for visible cards are included for compilation. 
If this is not desired, please set os.environ['TORCH_CUDA_ARCH_LIST'].
  warnings.warn(
fused_indices_to_multihot has reached end of life. Please migrate to a non-experimental function.
/usr/local/lib/python3.12/dist-packages/torch/utils/cpp_extension.py:2407: UserWarning: TORCH_CUDA_ARCH_LIST is not set, all archs for visible cards are included for compilation. 
If this is not desired, please set os.environ['TORCH_CUDA_ARCH_LIST'].
  warnings.warn(
fused_indices_to_multihot has reached end of life. Please migrate to a non-experimental function.
/usr/local/lib/python3.12/dist-packages/torch/utils/cpp_extension.py:2407: UserWarning: TORCH_CUDA_ARCH_LIST is not set, all archs for visible cards are included for compilation. 
If this is not desired, please set os.environ['TORCH_CUDA_ARCH_LIST'].
  warnings.warn(
fused_indices_to_multihot has reached end of life. Please migrate to a non-experimental function.
/usr/local/lib/python3.12/dist-packages/torch/utils/cpp_extension.py:2407: UserWarning: TORCH_CUDA_ARCH_LIST is not set, all archs for visible cards are included for compilation. 
If this is not desired, please set os.environ['TORCH_CUDA_ARCH_LIST'].
  warnings.warn(
fused_indices_to_multihot has reached end of life. Please migrate to a non-experimental function.
/usr/local/lib/python3.12/dist-packages/torch/utils/cpp_extension.py:2407: UserWarning: TORCH_CUDA_ARCH_LIST is not set, all archs for visible cards are included for compilation. 
If this is not desired, please set os.environ['TORCH_CUDA_ARCH_LIST'].
  warnings.warn(
fused_indices_to_multihot has reached end of life. Please migrate to a non-experimental function.
/usr/local/lib/python3.12/dist-packages/torch/utils/cpp_extension.py:2407: UserWarning: TORCH_CUDA_ARCH_LIST is not set, all archs for visible cards are included for compilation. 
If this is not desired, please set os.environ['TORCH_CUDA_ARCH_LIST'].
  warnings.warn(
fused_indices_to_multihot has reached end of life. Please migrate to a non-experimental function.
/usr/local/lib/python3.12/dist-packages/torch/utils/cpp_extension.py:2407: UserWarning: TORCH_CUDA_ARCH_LIST is not set, all archs for visible cards are included for compilation. 
If this is not desired, please set os.environ['TORCH_CUDA_ARCH_LIST'].
  warnings.warn(
fused_indices_to_multihot has reached end of life. Please migrate to a non-experimental function.
fused_indices_to_multihot has reached end of life. Please migrate to a non-experimental function.
/usr/local/lib/python3.12/dist-packages/torch/utils/cpp_extension.py:2407: UserWarning: TORCH_CUDA_ARCH_LIST is not set, all archs for visible cards are included for compilation. 
If this is not desired, please set os.environ['TORCH_CUDA_ARCH_LIST'].
  warnings.warn(
fused_indices_to_multihot has reached end of life. Please migrate to a non-experimental function.
/usr/local/lib/python3.12/dist-packages/torch/utils/cpp_extension.py:2407: UserWarning: TORCH_CUDA_ARCH_LIST is not set, all archs for visible cards are included for compilation. 
If this is not desired, please set os.environ['TORCH_CUDA_ARCH_LIST'].
  warnings.warn(
fused_indices_to_multihot has reached end of life. Please migrate to a non-experimental function.
/usr/local/lib/python3.12/dist-packages/torch/utils/cpp_extension.py:2407: UserWarning: TORCH_CUDA_ARCH_LIST is not set, all archs for visible cards are included for compilation. 
If this is not desired, please set os.environ['TORCH_CUDA_ARCH_LIST'].
  warnings.warn(
fused_indices_to_multihot has reached end of life. Please migrate to a non-experimental function.
/usr/local/lib/python3.12/dist-packages/torch/utils/cpp_extension.py:2407: UserWarning: TORCH_CUDA_ARCH_LIST is not set, all archs for visible cards are included for compilation. 
If this is not desired, please set os.environ['TORCH_CUDA_ARCH_LIST'].
  warnings.warn(
fused_indices_to_multihot has reached end of life. Please migrate to a non-experimental function.
/usr/local/lib/python3.12/dist-packages/torch/utils/cpp_extension.py:2407: UserWarning: TORCH_CUDA_ARCH_LIST is not set, all archs for visible cards are included for compilation. 
If this is not desired, please set os.environ['TORCH_CUDA_ARCH_LIST'].
  warnings.warn(
fused_indices_to_multihot has reached end of life. Please migrate to a non-experimental function.
/usr/local/lib/python3.12/dist-packages/torch/utils/cpp_extension.py:2407: UserWarning: TORCH_CUDA_ARCH_LIST is not set, all archs for visible cards are included for compilation. 
If this is not desired, please set os.environ['TORCH_CUDA_ARCH_LIST'].
  warnings.warn(
fused_indices_to_multihot has reached end of life. Please migrate to a non-experimental function.
fused_indices_to_multihot has reached end of life. Please migrate to a non-experimental function.
/usr/local/lib/python3.12/dist-packages/torch/utils/cpp_extension.py:2407: UserWarning: TORCH_CUDA_ARCH_LIST is not set, all archs for visible cards are included for compilation. 
If this is not desired, please set os.environ['TORCH_CUDA_ARCH_LIST'].
  warnings.warn(
fused_indices_to_multihot has reached end of life. Please migrate to a non-experimental function.
/usr/local/lib/python3.12/dist-packages/torch/utils/cpp_extension.py:2407: UserWarning: TORCH_CUDA_ARCH_LIST is not set, all archs for visible cards are included for compilation. 
If this is not desired, please set os.environ['TORCH_CUDA_ARCH_LIST'].
  warnings.warn(
fused_indices_to_multihot has reached end of life. Please migrate to a non-experimental function.
/usr/local/lib/python3.12/dist-packages/torch/utils/cpp_extension.py:2407: UserWarning: TORCH_CUDA_ARCH_LIST is not set, all archs for visible cards are included for compilation. 
If this is not desired, please set os.environ['TORCH_CUDA_ARCH_LIST'].
  warnings.warn(
fused_indices_to_multihot has reached end of life. Please migrate to a non-experimental function.
/usr/local/lib/python3.12/dist-packages/torch/utils/cpp_extension.py:2407: UserWarning: TORCH_CUDA_ARCH_LIST is not set, all archs for visible cards are included for compilation. 
If this is not desired, please set os.environ['TORCH_CUDA_ARCH_LIST'].
  warnings.warn(
fused_indices_to_multihot has reached end of life. Please migrate to a non-experimental function.
/usr/local/lib/python3.12/dist-packages/torch/utils/cpp_extension.py:2407: UserWarning: TORCH_CUDA_ARCH_LIST is not set, all archs for visible cards are included for compilation. 
If this is not desired, please set os.environ['TORCH_CUDA_ARCH_LIST'].
  warnings.warn(
/usr/local/lib/python3.12/dist-packages/torch/utils/cpp_extension.py:2407: UserWarning: TORCH_CUDA_ARCH_LIST is not set, all archs for visible cards are included for compilation. 
If this is not desired, please set os.environ['TORCH_CUDA_ARCH_LIST'].
  warnings.warn(
fused_indices_to_multihot has reached end of life. Please migrate to a non-experimental function.
fused_indices_to_multihot has reached end of life. Please migrate to a non-experimental function.
/usr/local/lib/python3.12/dist-packages/torch/utils/cpp_extension.py:2407: UserWarning: TORCH_CUDA_ARCH_LIST is not set, all archs for visible cards are included for compilation. 
If this is not desired, please set os.environ['TORCH_CUDA_ARCH_LIST'].
  warnings.warn(
fused_indices_to_multihot has reached end of life. Please migrate to a non-experimental function.
/usr/local/lib/python3.12/dist-packages/torch/utils/cpp_extension.py:2407: UserWarning: TORCH_CUDA_ARCH_LIST is not set, all archs for visible cards are included for compilation. 
If this is not desired, please set os.environ['TORCH_CUDA_ARCH_LIST'].
  warnings.warn(
fused_indices_to_multihot has reached end of life. Please migrate to a non-experimental function.
/usr/local/lib/python3.12/dist-packages/torch/utils/cpp_extension.py:2407: UserWarning: TORCH_CUDA_ARCH_LIST is not set, all archs for visible cards are included for compilation. 
If this is not desired, please set os.environ['TORCH_CUDA_ARCH_LIST'].
  warnings.warn(
fused_indices_to_multihot has reached end of life. Please migrate to a non-experimental function.
fused_indices_to_multihot has reached end of life. Please migrate to a non-experimental function.
/usr/local/lib/python3.12/dist-packages/torch/utils/cpp_extension.py:2407: UserWarning: TORCH_CUDA_ARCH_LIST is not set, all archs for visible cards are included for compilation. 
If this is not desired, please set os.environ['TORCH_CUDA_ARCH_LIST'].
  warnings.warn(
fused_indices_to_multihot has reached end of life. Please migrate to a non-experimental function.
/usr/local/lib/python3.12/dist-packages/torch/utils/cpp_extension.py:2407: UserWarning: TORCH_CUDA_ARCH_LIST is not set, all archs for visible cards are included for compilation. 
If this is not desired, please set os.environ['TORCH_CUDA_ARCH_LIST'].
  warnings.warn(
fused_indices_to_multihot has reached end of life. Please migrate to a non-experimental function.
/usr/local/lib/python3.12/dist-packages/torch/utils/cpp_extension.py:2407: UserWarning: TORCH_CUDA_ARCH_LIST is not set, all archs for visible cards are included for compilation. 
If this is not desired, please set os.environ['TORCH_CUDA_ARCH_LIST'].
  warnings.warn(
fused_indices_to_multihot has reached end of life. Please migrate to a non-experimental function.
INFO:loongforge.embodied.data.datasets.groot_n1_6.transforms.eagle3_model.processing_eagle3_vl:set VIDEO_TOTAL_PIXELS: 90316800
INFO:loongforge.embodied.data.datasets.groot_n1_6.transforms.eagle3_model.processing_eagle3_vl:set VIDEO_TOTAL_PIXELS: 90316800
INFO:loongforge.embodied.data.datasets.groot_n1_6.transforms.eagle3_model.processing_eagle3_vl:set VIDEO_TOTAL_PIXELS: 90316800
INFO:loongforge.embodied.data.datasets.groot_n1_6.transforms.eagle3_model.processing_eagle3_vl:set VIDEO_TOTAL_PIXELS: 90316800
INFO:loongforge.embodied.data.datasets.groot_n1_6.transforms.eagle3_model.processing_eagle3_vl:set VIDEO_TOTAL_PIXELS: 90316800
INFO:loongforge.embodied.data.datasets.groot_n1_6.transforms.eagle3_model.processing_eagle3_vl:set VIDEO_TOTAL_PIXELS: 90316800
INFO:loongforge.embodied.data.datasets.groot_n1_6.transforms.eagle3_model.processing_eagle3_vl:set VIDEO_TOTAL_PIXELS: 90316800
INFO:loongforge.embodied.data.datasets.groot_n1_6.transforms.eagle3_model.processing_eagle3_vl:set VIDEO_TOTAL_PIXELS: 90316800
INFO:loongforge.embodied.data.datasets.groot_n1_6.transforms.eagle3_model.processing_eagle3_vl:set VIDEO_TOTAL_PIXELS: 90316800
INFO:loongforge.embodied.data.datasets.groot_n1_6.transforms.eagle3_model.processing_eagle3_vl:set VIDEO_TOTAL_PIXELS: 90316800
INFO:loongforge.embodied.data.datasets.groot_n1_6.transforms.eagle3_model.processing_eagle3_vl:set VIDEO_TOTAL_PIXELS: 90316800
INFO:loongforge.embodied.data.datasets.groot_n1_6.transforms.eagle3_model.processing_eagle3_vl:set VIDEO_TOTAL_PIXELS: 90316800
INFO:loongforge.embodied.data.datasets.groot_n1_6.transforms.eagle3_model.processing_eagle3_vl:set VIDEO_TOTAL_PIXELS: 90316800
INFO:loongforge.embodied.data.datasets.groot_n1_6.transforms.eagle3_model.processing_eagle3_vl:set VIDEO_TOTAL_PIXELS: 90316800
INFO:loongforge.embodied.data.datasets.groot_n1_6.transforms.eagle3_model.processing_eagle3_vl:set VIDEO_TOTAL_PIXELS: 90316800
INFO:loongforge.embodied.data.datasets.groot_n1_6.transforms.eagle3_model.processing_eagle3_vl:set VIDEO_TOTAL_PIXELS: 90316800
INFO:loongforge.embodied.data.datasets.groot_n1_6.transforms.eagle3_model.processing_eagle3_vl:set VIDEO_TOTAL_PIXELS: 90316800
INFO:loongforge.embodied.data.datasets.groot_n1_6.transforms.eagle3_model.processing_eagle3_vl:set VIDEO_TOTAL_PIXELS: 90316800
INFO:loongforge.embodied.data.datasets.groot_n1_6.transforms.eagle3_model.processing_eagle3_vl:set VIDEO_TOTAL_PIXELS: 90316800
INFO:loongforge.embodied.data.datasets.groot_n1_6.transforms.eagle3_model.processing_eagle3_vl:set VIDEO_TOTAL_PIXELS: 90316800
INFO:loongforge.embodied.data.datasets.groot_n1_6.transforms.eagle3_model.processing_eagle3_vl:set VIDEO_TOTAL_PIXELS: 90316800
INFO:loongforge.embodied.data.datasets.groot_n1_6.transforms.eagle3_model.processing_eagle3_vl:set VIDEO_TOTAL_PIXELS: 90316800
INFO:loongforge.embodied.data.datasets.groot_n1_6.transforms.eagle3_model.processing_eagle3_vl:set VIDEO_TOTAL_PIXELS: 90316800
INFO:loongforge.embodied.data.datasets.groot_n1_6.transforms.eagle3_model.processing_eagle3_vl:set VIDEO_TOTAL_PIXELS: 90316800
INFO:loongforge.embodied.data.datasets.groot_n1_6.transforms.eagle3_model.processing_eagle3_vl:set VIDEO_TOTAL_PIXELS: 90316800
INFO:loongforge.embodied.data.datasets.groot_n1_6.transforms.eagle3_model.processing_eagle3_vl:set VIDEO_TOTAL_PIXELS: 90316800
INFO:loongforge.embodied.data.datasets.groot_n1_6.transforms.eagle3_model.processing_eagle3_vl:set VIDEO_TOTAL_PIXELS: 90316800
INFO:loongforge.embodied.data.datasets.groot_n1_6.transforms.eagle3_model.processing_eagle3_vl:set VIDEO_TOTAL_PIXELS: 90316800
INFO:loongforge.embodied.data.datasets.groot_n1_6.transforms.eagle3_model.processing_eagle3_vl:set VIDEO_TOTAL_PIXELS: 90316800
INFO:loongforge.embodied.data.datasets.groot_n1_6.transforms.eagle3_model.processing_eagle3_vl:set VIDEO_TOTAL_PIXELS: 90316800
INFO:loongforge.embodied.data.datasets.groot_n1_6.transforms.eagle3_model.processing_eagle3_vl:set VIDEO_TOTAL_PIXELS: 90316800
INFO:loongforge.embodied.data.datasets.groot_n1_6.transforms.eagle3_model.processing_eagle3_vl:set VIDEO_TOTAL_PIXELS: 90316800
2026-08-21 15:41:41 [INFO] Dataloader 'vla' positioned at epoch=0
2026-08-21 15:41:50 [INFO] iteration        1/     100 | consumed samples:           96 | elapsed time per iteration (ms): 9741.0 | throughput (samples/sec/per_device): 1.232 | learning rate: 2.500000E-06 | global batch size:    96 | action loss: 4.303515E-01 | loss scale: 1.0 | grad norm: 1.608629 | number of skipped iterations:   0 | number of nan iterations:   0 |
2026-08-21 15:41:51 [INFO] iteration        2/     100 | consumed samples:          192 | elapsed time per iteration (ms): 963.0 | throughput (samples/sec/per_device): 12.462 | learning rate: 5.000000E-06 | global batch size:    96 | action loss: 4.517507E-01 | loss scale: 1.0 | grad norm: 1.728383 | number of skipped iterations:   0 | number of nan iterations:   0 |
2026-08-21 15:41:52 [INFO] iteration        3/     100 | consumed samples:          288 | elapsed time per iteration (ms): 969.8 | throughput (samples/sec/per_device): 12.374 | learning rate: 7.500000E-06 | global batch size:    96 | action loss: 4.229249E-01 | loss scale: 1.0 | grad norm: 1.962244 | number of skipped iterations:   0 | number of nan iterations:   0 |
2026-08-21 15:41:53 [INFO] iteration        4/     100 | consumed samples:          384 | elapsed time per iteration (ms): 971.0 | throughput (samples/sec/per_device): 12.359 | learning rate: 1.000000E-05 | global batch size:    96 | action loss: 4.612516E-01 | loss scale: 1.0 | grad norm: 1.954334 | number of skipped iterations:   0 | number of nan iterations:   0 |
2026-08-21 15:41:54 [INFO] iteration        5/     100 | consumed samples:          480 | elapsed time per iteration (ms): 976.0 | throughput (samples/sec/per_device): 12.295 | learning rate: 1.250000E-05 | global batch size:    96 | action loss: 4.249656E-01 | loss scale: 1.0 | grad norm: 1.410722 | number of skipped iterations:   0 | number of nan iterations:   0 |
2026-08-21 15:41:55 [INFO] iteration        6/     100 | consumed samples:          576 | elapsed time per iteration (ms): 971.2 | throughput (samples/sec/per_device): 12.355 | learning rate: 1.500000E-05 | global batch size:    96 | action loss: 4.387334E-01 | loss scale: 1.0 | grad norm: 1.452763 | number of skipped iterations:   0 | number of nan iterations:   0 |
2026-08-21 15:41:56 [INFO] iteration        7/     100 | consumed samples:          672 | elapsed time per iteration (ms): 969.3 | throughput (samples/sec/per_device): 12.381 | learning rate: 1.750000E-05 | global batch size:    96 | action loss: 4.136762E-01 | loss scale: 1.0 | grad norm: 1.595829 | number of skipped iterations:   0 | number of nan iterations:   0 |
2026-08-21 15:41:57 [INFO] iteration        8/     100 | consumed samples:          768 | elapsed time per iteration (ms): 972.4 | throughput (samples/sec/per_device): 12.340 | learning rate: 2.000000E-05 | global batch size:    96 | action loss: 3.881719E-01 | loss scale: 1.0 | grad norm: 1.136903 | number of skipped iterations:   0 | number of nan iterations:   0 |
2026-08-21 15:41:58 [INFO] iteration        9/     100 | consumed samples:          864 | elapsed time per iteration (ms): 970.4 | throughput (samples/sec/per_device): 12.366 | learning rate: 2.250000E-05 | global batch size:    96 | action loss: 3.625748E-01 | loss scale: 1.0 | grad norm: 0.999241 | number of skipped iterations:   0 | number of nan iterations:   0 |
2026-08-21 15:41:59 [INFO] iteration       10/     100 | consumed samples:          960 | elapsed time per iteration (ms): 968.6 | throughput (samples/sec/per_device): 12.389 | learning rate: 2.500000E-05 | global batch size:    96 | action loss: 3.237128E-01 | loss scale: 1.0 | grad norm: 1.003705 | number of skipped iterations:   0 | number of nan iterations:   0 |
2026-08-21 15:42:00 [INFO] iteration       11/     100 | consumed samples:         1056 | elapsed time per iteration (ms): 969.6 | throughput (samples/sec/per_device): 12.376 | learning rate: 2.499994E-05 | global batch size:    96 | action loss: 3.255935E-01 | loss scale: 1.0 | grad norm: 0.857697 | number of skipped iterations:   0 | number of nan iterations:   0 |
2026-08-21 15:42:01 [INFO] iteration       12/     100 | consumed samples:         1152 | elapsed time per iteration (ms): 968.6 | throughput (samples/sec/per_device): 12.389 | learning rate: 2.499976E-05 | global batch size:    96 | action loss: 3.742936E-01 | loss scale: 1.0 | grad norm: 1.185252 | number of skipped iterations:   0 | number of nan iterations:   0 |
2026-08-21 15:42:02 [INFO] iteration       13/     100 | consumed samples:         1248 | elapsed time per iteration (ms): 971.5 | throughput (samples/sec/per_device): 12.353 | learning rate: 2.499946E-05 | global batch size:    96 | action loss: 2.985124E-01 | loss scale: 1.0 | grad norm: 0.881788 | number of skipped iterations:   0 | number of nan iterations:   0 |
2026-08-21 15:42:03 [INFO] iteration       14/     100 | consumed samples:         1344 | elapsed time per iteration (ms): 969.4 | throughput (samples/sec/per_device): 12.378 | learning rate: 2.499903E-05 | global batch size:    96 | action loss: 3.387516E-01 | loss scale: 1.0 | grad norm: 1.080573 | number of skipped iterations:   0 | number of nan iterations:   0 |
2026-08-21 15:42:04 [INFO] iteration       15/     100 | consumed samples:         1440 | elapsed time per iteration (ms): 969.5 | throughput (samples/sec/per_device): 12.377 | learning rate: 2.499849E-05 | global batch size:    96 | action loss: 2.918672E-01 | loss scale: 1.0 | grad norm: 0.810182 | number of skipped iterations:   0 | number of nan iterations:   0 |
2026-08-21 15:42:05 [INFO] iteration       16/     100 | consumed samples:         1536 | elapsed time per iteration (ms): 970.4 | throughput (samples/sec/per_device): 12.366 | learning rate: 2.499782E-05 | global batch size:    96 | action loss: 3.319143E-01 | loss scale: 1.0 | grad norm: 0.883121 | number of skipped iterations:   0 | number of nan iterations:   0 |
2026-08-21 15:42:06 [INFO] iteration       17/     100 | consumed samples:         1632 | elapsed time per iteration (ms): 969.8 | throughput (samples/sec/per_device): 12.374 | learning rate: 2.499704E-05 | global batch size:    96 | action loss: 3.383772E-01 | loss scale: 1.0 | grad norm: 0.888542 | number of skipped iterations:   0 | number of nan iterations:   0 |
2026-08-21 15:42:07 [INFO] iteration       18/     100 | consumed samples:         1728 | elapsed time per iteration (ms): 970.7 | throughput (samples/sec/per_device): 12.362 | learning rate: 2.499613E-05 | global batch size:    96 | action loss: 2.987399E-01 | loss scale: 1.0 | grad norm: 0.736673 | number of skipped iterations:   0 | number of nan iterations:   0 |
2026-08-21 15:42:08 [INFO] iteration       19/     100 | consumed samples:         1824 | elapsed time per iteration (ms): 972.0 | throughput (samples/sec/per_device): 12.346 | learning rate: 2.499511E-05 | global batch size:    96 | action loss: 3.441846E-01 | loss scale: 1.0 | grad norm: 0.758282 | number of skipped iterations:   0 | number of nan iterations:   0 |
2026-08-21 15:42:09 [INFO] iteration       20/     100 | consumed samples:         1920 | elapsed time per iteration (ms): 981.8 | throughput (samples/sec/per_device): 12.223 | learning rate: 2.499396E-05 | global batch size:    96 | action loss: 2.556293E-01 | loss scale: 1.0 | grad norm: 0.650735 | number of skipped iterations:   0 | number of nan iterations:   0 |
2026-08-21 15:42:09 [INFO] max time across ranks (ms):
    forward-backward................................: 851.02
    forward-compute.................................: 276.17
    backward-compute................................: 573.45
    batch-generator.................................: 1.57
    nan-grad-cleanup................................: 13.03
    grad-clip.......................................: 32.52
    optimizer.......................................: 83.41
    optimizer-inner-step............................: 83.30
    optimizer-scheduler-step........................: 0.07
    optimizer-zero-grad.............................: 0.78
2026-08-21 15:42:10 [INFO] iteration       21/     100 | consumed samples:         2016 | elapsed time per iteration (ms): 972.4 | throughput (samples/sec/per_device): 12.340 | learning rate: 2.499269E-05 | global batch size:    96 | action loss: 2.876966E-01 | loss scale: 1.0 | grad norm: 0.688378 | number of skipped iterations:   0 | number of nan iterations:   0 |
2026-08-21 15:42:11 [INFO] iteration       22/     100 | consumed samples:         2112 | elapsed time per iteration (ms): 971.8 | throughput (samples/sec/per_device): 12.348 | learning rate: 2.499130E-05 | global batch size:    96 | action loss: 3.346729E-01 | loss scale: 1.0 | grad norm: 0.683017 | number of skipped iterations:   0 | number of nan iterations:   0 |
2026-08-21 15:42:12 [INFO] iteration       23/     100 | consumed samples:         2208 | elapsed time per iteration (ms): 973.1 | throughput (samples/sec/per_device): 12.332 | learning rate: 2.498979E-05 | global batch size:    96 | action loss: 2.973587E-01 | loss scale: 1.0 | grad norm: 0.626817 | number of skipped iterations:   0 | number of nan iterations:   0 |
2026-08-21 15:42:13 [INFO] iteration       24/     100 | consumed samples:         2304 | elapsed time per iteration (ms): 973.6 | throughput (samples/sec/per_device): 12.325 | learning rate: 2.498816E-05 | global batch size:    96 | action loss: 3.013299E-01 | loss scale: 1.0 | grad norm: 0.534984 | number of skipped iterations:   0 | number of nan iterations:   0 |
2026-08-21 15:42:14 [INFO] iteration       25/     100 | consumed samples:         2400 | elapsed time per iteration (ms): 972.7 | throughput (samples/sec/per_device): 12.337 | learning rate: 2.498641E-05 | global batch size:    96 | action loss: 2.667708E-01 | loss scale: 1.0 | grad norm: 0.607682 | number of skipped iterations:   0 | number of nan iterations:   0 |
2026-08-21 15:42:15 [INFO] iteration       26/     100 | consumed samples:         2496 | elapsed time per iteration (ms): 973.1 | throughput (samples/sec/per_device): 12.332 | learning rate: 2.498454E-05 | global batch size:    96 | action loss: 3.072034E-01 | loss scale: 1.0 | grad norm: 0.876790 | number of skipped iterations:   0 | number of nan iterations:   0 |
2026-08-21 15:42:16 [INFO] iteration       27/     100 | consumed samples:         2592 | elapsed time per iteration (ms): 972.4 | throughput (samples/sec/per_device): 12.341 | learning rate: 2.498254E-05 | global batch size:    96 | action loss: 3.755014E-01 | loss scale: 1.0 | grad norm: 0.772395 | number of skipped iterations:   0 | number of nan iterations:   0 |
2026-08-21 15:42:17 [INFO] iteration       28/     100 | consumed samples:         2688 | elapsed time per iteration (ms): 973.0 | throughput (samples/sec/per_device): 12.334 | learning rate: 2.498043E-05 | global batch size:    96 | action loss: 2.586724E-01 | loss scale: 1.0 | grad norm: 0.556844 | number of skipped iterations:   0 | number of nan iterations:   0 |
2026-08-21 15:42:18 [INFO] iteration       29/     100 | consumed samples:         2784 | elapsed time per iteration (ms): 972.8 | throughput (samples/sec/per_device): 12.336 | learning rate: 2.497819E-05 | global batch size:    96 | action loss: 2.651554E-01 | loss scale: 1.0 | grad norm: 0.632800 | number of skipped iterations:   0 | number of nan iterations:   0 |
2026-08-21 15:42:19 [INFO] iteration       30/     100 | consumed samples:         2880 | elapsed time per iteration (ms): 972.7 | throughput (samples/sec/per_device): 12.337 | learning rate: 2.497584E-05 | global batch size:    96 | action loss: 2.960396E-01 | loss scale: 1.0 | grad norm: 0.653071 | number of skipped iterations:   0 | number of nan iterations:   0 |
2026-08-21 15:42:19 [INFO] iteration       31/     100 | consumed samples:         2976 | elapsed time per iteration (ms): 976.1 | throughput (samples/sec/per_device): 12.294 | learning rate: 2.497336E-05 | global batch size:    96 | action loss: 2.606268E-01 | loss scale: 1.0 | grad norm: 0.563555 | number of skipped iterations:   0 | number of nan iterations:   0 |
2026-08-21 15:42:20 [INFO] iteration       32/     100 | consumed samples:         3072 | elapsed time per iteration (ms): 974.0 | throughput (samples/sec/per_device): 12.321 | learning rate: 2.497077E-05 | global batch size:    96 | action loss: 2.364195E-01 | loss scale: 1.0 | grad norm: 0.526883 | number of skipped iterations:   0 | number of nan iterations:   0 |
2026-08-21 15:42:21 [INFO] iteration       33/     100 | consumed samples:         3168 | elapsed time per iteration (ms): 973.1 | throughput (samples/sec/per_device): 12.332 | learning rate: 2.496805E-05 | global batch size:    96 | action loss: 2.672432E-01 | loss scale: 1.0 | grad norm: 0.766824 | number of skipped iterations:   0 | number of nan iterations:   0 |
2026-08-21 15:42:22 [INFO] iteration       34/     100 | consumed samples:         3264 | elapsed time per iteration (ms): 973.8 | throughput (samples/sec/per_device): 12.323 | learning rate: 2.496521E-05 | global batch size:    96 | action loss: 2.852440E-01 | loss scale: 1.0 | grad norm: 0.599977 | number of skipped iterations:   0 | number of nan iterations:   0 |
2026-08-21 15:42:23 [INFO] iteration       35/     100 | consumed samples:         3360 | elapsed time per iteration (ms): 974.7 | throughput (samples/sec/per_device): 12.311 | learning rate: 2.496226E-05 | global batch size:    96 | action loss: 2.614910E-01 | loss scale: 1.0 | grad norm: 0.479923 | number of skipped iterations:   0 | number of nan iterations:   0 |
2026-08-21 15:42:24 [INFO] iteration       36/     100 | consumed samples:         3456 | elapsed time per iteration (ms): 974.2 | throughput (samples/sec/per_device): 12.318 | learning rate: 2.495918E-05 | global batch size:    96 | action loss: 2.410024E-01 | loss scale: 1.0 | grad norm: 0.489882 | number of skipped iterations:   0 | number of nan iterations:   0 |
2026-08-21 15:42:25 [INFO] iteration       37/     100 | consumed samples:         3552 | elapsed time per iteration (ms): 979.5 | throughput (samples/sec/per_device): 12.251 | learning rate: 2.495598E-05 | global batch size:    96 | action loss: 2.879855E-01 | loss scale: 1.0 | grad norm: 0.873577 | number of skipped iterations:   0 | number of nan iterations:   0 |
2026-08-21 15:42:26 [INFO] iteration       38/     100 | consumed samples:         3648 | elapsed time per iteration (ms): 974.7 | throughput (samples/sec/per_device): 12.311 | learning rate: 2.495266E-05 | global batch size:    96 | action loss: 2.840620E-01 | loss scale: 1.0 | grad norm: 0.744612 | number of skipped iterations:   0 | number of nan iterations:   0 |
2026-08-21 15:42:27 [INFO] iteration       39/     100 | consumed samples:         3744 | elapsed time per iteration (ms): 977.2 | throughput (samples/sec/per_device): 12.279 | learning rate: 2.494922E-05 | global batch size:    96 | action loss: 2.602108E-01 | loss scale: 1.0 | grad norm: 0.822901 | number of skipped iterations:   0 | number of nan iterations:   0 |
2026-08-21 15:42:28 [INFO] iteration       40/     100 | consumed samples:         3840 | elapsed time per iteration (ms): 984.3 | throughput (samples/sec/per_device): 12.191 | learning rate: 2.494566E-05 | global batch size:    96 | action loss: 2.971511E-01 | loss scale: 1.0 | grad norm: 0.761551 | number of skipped iterations:   0 | number of nan iterations:   0 |
2026-08-21 15:42:28 [INFO] max time across ranks (ms):
    forward-backward................................: 852.33
    forward-compute.................................: 277.57
    backward-compute................................: 573.25
    batch-generator.................................: 1.73
    nan-grad-cleanup................................: 14.43
    grad-clip.......................................: 32.55
    optimizer.......................................: 83.96
    optimizer-inner-step............................: 83.86
    optimizer-scheduler-step........................: 0.04
    optimizer-zero-grad.............................: 0.79
2026-08-21 15:42:29 [INFO] iteration       41/     100 | consumed samples:         3936 | elapsed time per iteration (ms): 974.9 | throughput (samples/sec/per_device): 12.308 | learning rate: 2.494198E-05 | global batch size:    96 | action loss: 2.628141E-01 | loss scale: 1.0 | grad norm: 0.732413 | number of skipped iterations:   0 | number of nan iterations:   0 |
2026-08-21 15:42:30 [INFO] iteration       42/     100 | consumed samples:         4032 | elapsed time per iteration (ms): 974.1 | throughput (samples/sec/per_device): 12.319 | learning rate: 2.493818E-05 | global batch size:    96 | action loss: 2.651889E-01 | loss scale: 1.0 | grad norm: 0.647469 | number of skipped iterations:   0 | number of nan iterations:   0 |
2026-08-21 15:42:31 [INFO] iteration       43/     100 | consumed samples:         4128 | elapsed time per iteration (ms): 974.8 | throughput (samples/sec/per_device): 12.310 | learning rate: 2.493426E-05 | global batch size:    96 | action loss: 3.399175E-01 | loss scale: 1.0 | grad norm: 0.728783 | number of skipped iterations:   0 | number of nan iterations:   0 |
2026-08-21 15:42:32 [INFO] iteration       44/     100 | consumed samples:         4224 | elapsed time per iteration (ms): 976.2 | throughput (samples/sec/per_device): 12.292 | learning rate: 2.493022E-05 | global batch size:    96 | action loss: 2.783091E-01 | loss scale: 1.0 | grad norm: 0.687611 | number of skipped iterations:   0 | number of nan iterations:   0 |
2026-08-21 15:42:33 [INFO] iteration       45/     100 | consumed samples:         4320 | elapsed time per iteration (ms): 974.9 | throughput (samples/sec/per_device): 12.309 | learning rate: 2.492606E-05 | global batch size:    96 | action loss: 2.137870E-01 | loss scale: 1.0 | grad norm: 0.463745 | number of skipped iterations:   0 | number of nan iterations:   0 |
2026-08-21 15:42:34 [INFO] iteration       46/     100 | consumed samples:         4416 | elapsed time per iteration (ms): 976.8 | throughput (samples/sec/per_device): 12.285 | learning rate: 2.492178E-05 | global batch size:    96 | action loss: 2.384180E-01 | loss scale: 1.0 | grad norm: 0.541693 | number of skipped iterations:   0 | number of nan iterations:   0 |
2026-08-21 15:42:35 [INFO] iteration       47/     100 | consumed samples:         4512 | elapsed time per iteration (ms): 976.9 | throughput (samples/sec/per_device): 12.284 | learning rate: 2.491738E-05 | global batch size:    96 | action loss: 2.565634E-01 | loss scale: 1.0 | grad norm: 0.663109 | number of skipped iterations:   0 | number of nan iterations:   0 |
2026-08-21 15:42:36 [INFO] iteration       48/     100 | consumed samples:         4608 | elapsed time per iteration (ms): 975.5 | throughput (samples/sec/per_device): 12.302 | learning rate: 2.491286E-05 | global batch size:    96 | action loss: 2.814559E-01 | loss scale: 1.0 | grad norm: 0.670898 | number of skipped iterations:   0 | number of nan iterations:   0 |
2026-08-21 15:42:37 [INFO] iteration       49/     100 | consumed samples:         4704 | elapsed time per iteration (ms): 975.7 | throughput (samples/sec/per_device): 12.299 | learning rate: 2.490822E-05 | global batch size:    96 | action loss: 2.317208E-01 | loss scale: 1.0 | grad norm: 0.566580 | number of skipped iterations:   0 | number of nan iterations:   0 |
2026-08-21 15:42:38 [INFO] iteration       50/     100 | consumed samples:         4800 | elapsed time per iteration (ms): 975.6 | throughput (samples/sec/per_device): 12.300 | learning rate: 2.490346E-05 | global batch size:    96 | action loss: 2.633367E-01 | loss scale: 1.0 | grad norm: 0.624046 | number of skipped iterations:   0 | number of nan iterations:   0 |
2026-08-21 15:42:39 [INFO] iteration       51/     100 | consumed samples:         4896 | elapsed time per iteration (ms): 978.7 | throughput (samples/sec/per_device): 12.261 | learning rate: 2.489858E-05 | global batch size:    96 | action loss: 2.147979E-01 | loss scale: 1.0 | grad norm: 0.466588 | number of skipped iterations:   0 | number of nan iterations:   0 |
2026-08-21 15:42:40 [INFO] iteration       52/     100 | consumed samples:         4992 | elapsed time per iteration (ms): 976.2 | throughput (samples/sec/per_device): 12.292 | learning rate: 2.489358E-05 | global batch size:    96 | action loss: 2.296934E-01 | loss scale: 1.0 | grad norm: 0.704545 | number of skipped iterations:   0 | number of nan iterations:   0 |
2026-08-21 15:42:41 [INFO] iteration       53/     100 | consumed samples:         5088 | elapsed time per iteration (ms): 976.6 | throughput (samples/sec/per_device): 12.288 | learning rate: 2.488846E-05 | global batch size:    96 | action loss: 2.719660E-01 | loss scale: 1.0 | grad norm: 0.893273 | number of skipped iterations:   0 | number of nan iterations:   0 |
2026-08-21 15:42:42 [INFO] iteration       54/     100 | consumed samples:         5184 | elapsed time per iteration (ms): 977.2 | throughput (samples/sec/per_device): 12.280 | learning rate: 2.488322E-05 | global batch size:    96 | action loss: 2.482795E-01 | loss scale: 1.0 | grad norm: 0.844504 | number of skipped iterations:   0 | number of nan iterations:   0 |
2026-08-21 15:42:43 [INFO] iteration       55/     100 | consumed samples:         5280 | elapsed time per iteration (ms): 976.7 | throughput (samples/sec/per_device): 12.286 | learning rate: 2.487786E-05 | global batch size:    96 | action loss: 2.358364E-01 | loss scale: 1.0 | grad norm: 0.572576 | number of skipped iterations:   0 | number of nan iterations:   0 |
2026-08-21 15:42:44 [INFO] iteration       56/     100 | consumed samples:         5376 | elapsed time per iteration (ms): 977.2 | throughput (samples/sec/per_device): 12.281 | learning rate: 2.487238E-05 | global batch size:    96 | action loss: 2.832903E-01 | loss scale: 1.0 | grad norm: 0.817346 | number of skipped iterations:   0 | number of nan iterations:   0 |
2026-08-21 15:42:45 [INFO] iteration       57/     100 | consumed samples:         5472 | elapsed time per iteration (ms): 978.2 | throughput (samples/sec/per_device): 12.267 | learning rate: 2.486678E-05 | global batch size:    96 | action loss: 2.358655E-01 | loss scale: 1.0 | grad norm: 0.456494 | number of skipped iterations:   0 | number of nan iterations:   0 |
2026-08-21 15:42:46 [INFO] iteration       58/     100 | consumed samples:         5568 | elapsed time per iteration (ms): 977.3 | throughput (samples/sec/per_device): 12.279 | learning rate: 2.486106E-05 | global batch size:    96 | action loss: 2.156160E-01 | loss scale: 1.0 | grad norm: 0.582703 | number of skipped iterations:   0 | number of nan iterations:   0 |
2026-08-21 15:42:47 [INFO] iteration       59/     100 | consumed samples:         5664 | elapsed time per iteration (ms): 979.0 | throughput (samples/sec/per_device): 12.257 | learning rate: 2.485522E-05 | global batch size:    96 | action loss: 2.470129E-01 | loss scale: 1.0 | grad norm: 0.889447 | number of skipped iterations:   0 | number of nan iterations:   0 |
2026-08-21 15:42:48 [INFO] iteration       60/     100 | consumed samples:         5760 | elapsed time per iteration (ms): 985.8 | throughput (samples/sec/per_device): 12.172 | learning rate: 2.484927E-05 | global batch size:    96 | action loss: 2.199176E-01 | loss scale: 1.0 | grad norm: 0.534570 | number of skipped iterations:   0 | number of nan iterations:   0 |
2026-08-21 15:42:48 [INFO] max time across ranks (ms):
    forward-backward................................: 853.89
    forward-compute.................................: 277.51
    backward-compute................................: 575.24
    batch-generator.................................: 1.56
    nan-grad-cleanup................................: 13.02
    grad-clip.......................................: 32.61
    optimizer.......................................: 84.56
    optimizer-inner-step............................: 84.47
    optimizer-scheduler-step........................: 0.05
    optimizer-zero-grad.............................: 0.76
2026-08-21 15:42:49 [INFO] iteration       61/     100 | consumed samples:         5856 | elapsed time per iteration (ms): 979.5 | throughput (samples/sec/per_device): 12.251 | learning rate: 2.484319E-05 | global batch size:    96 | action loss: 2.525542E-01 | loss scale: 1.0 | grad norm: 1.022053 | number of skipped iterations:   0 | number of nan iterations:   0 |
2026-08-21 15:42:50 [INFO] iteration       62/     100 | consumed samples:         5952 | elapsed time per iteration (ms): 977.3 | throughput (samples/sec/per_device): 12.278 | learning rate: 2.483699E-05 | global batch size:    96 | action loss: 2.353165E-01 | loss scale: 1.0 | grad norm: 0.607951 | number of skipped iterations:   0 | number of nan iterations:   0 |
2026-08-21 15:42:51 [INFO] iteration       63/     100 | consumed samples:         6048 | elapsed time per iteration (ms): 976.7 | throughput (samples/sec/per_device): 12.286 | learning rate: 2.483068E-05 | global batch size:    96 | action loss: 2.329742E-01 | loss scale: 1.0 | grad norm: 0.560446 | number of skipped iterations:   0 | number of nan iterations:   0 |
2026-08-21 15:42:52 [INFO] iteration       64/     100 | consumed samples:         6144 | elapsed time per iteration (ms): 977.4 | throughput (samples/sec/per_device): 12.277 | learning rate: 2.482425E-05 | global batch size:    96 | action loss: 2.237319E-01 | loss scale: 1.0 | grad norm: 0.587107 | number of skipped iterations:   0 | number of nan iterations:   0 |
2026-08-21 15:42:53 [INFO] iteration       65/     100 | consumed samples:         6240 | elapsed time per iteration (ms): 976.5 | throughput (samples/sec/per_device): 12.288 | learning rate: 2.481769E-05 | global batch size:    96 | action loss: 2.113199E-01 | loss scale: 1.0 | grad norm: 0.499920 | number of skipped iterations:   0 | number of nan iterations:   0 |
2026-08-21 15:42:54 [INFO] iteration       66/     100 | consumed samples:         6336 | elapsed time per iteration (ms): 979.8 | throughput (samples/sec/per_device): 12.248 | learning rate: 2.481102E-05 | global batch size:    96 | action loss: 1.954901E-01 | loss scale: 1.0 | grad norm: 0.528306 | number of skipped iterations:   0 | number of nan iterations:   0 |
2026-08-21 15:42:55 [INFO] iteration       67/     100 | consumed samples:         6432 | elapsed time per iteration (ms): 977.3 | throughput (samples/sec/per_device): 12.279 | learning rate: 2.480423E-05 | global batch size:    96 | action loss: 2.335524E-01 | loss scale: 1.0 | grad norm: 0.684414 | number of skipped iterations:   0 | number of nan iterations:   0 |
2026-08-21 15:42:56 [INFO] iteration       68/     100 | consumed samples:         6528 | elapsed time per iteration (ms): 976.8 | throughput (samples/sec/per_device): 12.285 | learning rate: 2.479732E-05 | global batch size:    96 | action loss: 2.051593E-01 | loss scale: 1.0 | grad norm: 0.516972 | number of skipped iterations:   0 | number of nan iterations:   0 |
2026-08-21 15:42:57 [INFO] iteration       69/     100 | consumed samples:         6624 | elapsed time per iteration (ms): 978.3 | throughput (samples/sec/per_device): 12.266 | learning rate: 2.479029E-05 | global batch size:    96 | action loss: 2.138169E-01 | loss scale: 1.0 | grad norm: 0.470626 | number of skipped iterations:   0 | number of nan iterations:   0 |
2026-08-21 15:42:58 [INFO] iteration       70/     100 | consumed samples:         6720 | elapsed time per iteration (ms): 977.2 | throughput (samples/sec/per_device): 12.280 | learning rate: 2.478314E-05 | global batch size:    96 | action loss: 2.458335E-01 | loss scale: 1.0 | grad norm: 0.616704 | number of skipped iterations:   0 | number of nan iterations:   0 |
2026-08-21 15:42:59 [INFO] iteration       71/     100 | consumed samples:         6816 | elapsed time per iteration (ms): 978.1 | throughput (samples/sec/per_device): 12.269 | learning rate: 2.477588E-05 | global batch size:    96 | action loss: 2.155306E-01 | loss scale: 1.0 | grad norm: 0.677732 | number of skipped iterations:   0 | number of nan iterations:   0 |
2026-08-21 15:43:00 [INFO] iteration       72/     100 | consumed samples:         6912 | elapsed time per iteration (ms): 978.5 | throughput (samples/sec/per_device): 12.264 | learning rate: 2.476849E-05 | global batch size:    96 | action loss: 2.412298E-01 | loss scale: 1.0 | grad norm: 0.719653 | number of skipped iterations:   0 | number of nan iterations:   0 |
2026-08-21 15:43:01 [INFO] iteration       73/     100 | consumed samples:         7008 | elapsed time per iteration (ms): 977.0 | throughput (samples/sec/per_device): 12.283 | learning rate: 2.476099E-05 | global batch size:    96 | action loss: 2.192442E-01 | loss scale: 1.0 | grad norm: 0.635797 | number of skipped iterations:   0 | number of nan iterations:   0 |
2026-08-21 15:43:02 [INFO] iteration       74/     100 | consumed samples:         7104 | elapsed time per iteration (ms): 976.3 | throughput (samples/sec/per_device): 12.291 | learning rate: 2.475337E-05 | global batch size:    96 | action loss: 2.216760E-01 | loss scale: 1.0 | grad norm: 0.511750 | number of skipped iterations:   0 | number of nan iterations:   0 |
2026-08-21 15:43:03 [INFO] iteration       75/     100 | consumed samples:         7200 | elapsed time per iteration (ms): 976.8 | throughput (samples/sec/per_device): 12.285 | learning rate: 2.474563E-05 | global batch size:    96 | action loss: 2.310003E-01 | loss scale: 1.0 | grad norm: 0.465991 | number of skipped iterations:   0 | number of nan iterations:   0 |
2026-08-21 15:43:04 [INFO] iteration       76/     100 | consumed samples:         7296 | elapsed time per iteration (ms): 977.9 | throughput (samples/sec/per_device): 12.271 | learning rate: 2.473777E-05 | global batch size:    96 | action loss: 2.055384E-01 | loss scale: 1.0 | grad norm: 0.549841 | number of skipped iterations:   0 | number of nan iterations:   0 |
2026-08-21 15:43:04 [INFO] iteration       77/     100 | consumed samples:         7392 | elapsed time per iteration (ms): 979.8 | throughput (samples/sec/per_device): 12.247 | learning rate: 2.472979E-05 | global batch size:    96 | action loss: 2.175564E-01 | loss scale: 1.0 | grad norm: 0.475897 | number of skipped iterations:   0 | number of nan iterations:   0 |
2026-08-21 15:43:05 [INFO] iteration       78/     100 | consumed samples:         7488 | elapsed time per iteration (ms): 977.3 | throughput (samples/sec/per_device): 12.279 | learning rate: 2.472170E-05 | global batch size:    96 | action loss: 2.090923E-01 | loss scale: 1.0 | grad norm: 0.498750 | number of skipped iterations:   0 | number of nan iterations:   0 |
2026-08-21 15:43:06 [INFO] iteration       79/     100 | consumed samples:         7584 | elapsed time per iteration (ms): 976.5 | throughput (samples/sec/per_device): 12.289 | learning rate: 2.471349E-05 | global batch size:    96 | action loss: 2.133066E-01 | loss scale: 1.0 | grad norm: 0.588417 | number of skipped iterations:   0 | number of nan iterations:   0 |
2026-08-21 15:43:07 [INFO] iteration       80/     100 | consumed samples:         7680 | elapsed time per iteration (ms): 987.0 | throughput (samples/sec/per_device): 12.158 | learning rate: 2.470516E-05 | global batch size:    96 | action loss: 1.964634E-01 | loss scale: 1.0 | grad norm: 0.481720 | number of skipped iterations:   0 | number of nan iterations:   0 |
2026-08-21 15:43:07 [INFO] max time across ranks (ms):
    forward-backward................................: 856.51
    forward-compute.................................: 278.33
    backward-compute................................: 578.24
    batch-generator.................................: 1.60
    nan-grad-cleanup................................: 12.96
    grad-clip.......................................: 32.84
    optimizer.......................................: 82.63
    optimizer-inner-step............................: 82.52
    optimizer-scheduler-step........................: 0.07
    optimizer-zero-grad.............................: 0.74
2026-08-21 15:43:08 [INFO] iteration       81/     100 | consumed samples:         7776 | elapsed time per iteration (ms): 976.2 | throughput (samples/sec/per_device): 12.293 | learning rate: 2.469671E-05 | global batch size:    96 | action loss: 1.968841E-01 | loss scale: 1.0 | grad norm: 0.435546 | number of skipped iterations:   0 | number of nan iterations:   0 |
2026-08-21 15:43:09 [INFO] iteration       82/     100 | consumed samples:         7872 | elapsed time per iteration (ms): 976.4 | throughput (samples/sec/per_device): 12.290 | learning rate: 2.468814E-05 | global batch size:    96 | action loss: 2.061963E-01 | loss scale: 1.0 | grad norm: 0.618341 | number of skipped iterations:   0 | number of nan iterations:   0 |
2026-08-21 15:43:10 [INFO] iteration       83/     100 | consumed samples:         7968 | elapsed time per iteration (ms): 977.8 | throughput (samples/sec/per_device): 12.272 | learning rate: 2.467946E-05 | global batch size:    96 | action loss: 1.919384E-01 | loss scale: 1.0 | grad norm: 0.526283 | number of skipped iterations:   0 | number of nan iterations:   0 |
2026-08-21 15:43:11 [INFO] iteration       84/     100 | consumed samples:         8064 | elapsed time per iteration (ms): 976.6 | throughput (samples/sec/per_device): 12.288 | learning rate: 2.467066E-05 | global batch size:    96 | action loss: 2.021052E-01 | loss scale: 1.0 | grad norm: 0.529469 | number of skipped iterations:   0 | number of nan iterations:   0 |
2026-08-21 15:43:12 [INFO] iteration       85/     100 | consumed samples:         8160 | elapsed time per iteration (ms): 975.8 | throughput (samples/sec/per_device): 12.297 | learning rate: 2.466174E-05 | global batch size:    96 | action loss: 2.327663E-01 | loss scale: 1.0 | grad norm: 0.626505 | number of skipped iterations:   0 | number of nan iterations:   0 |
2026-08-21 15:43:13 [INFO] iteration       86/     100 | consumed samples:         8256 | elapsed time per iteration (ms): 974.8 | throughput (samples/sec/per_device): 12.310 | learning rate: 2.465270E-05 | global batch size:    96 | action loss: 2.008384E-01 | loss scale: 1.0 | grad norm: 0.371586 | number of skipped iterations:   0 | number of nan iterations:   0 |
2026-08-21 15:43:14 [INFO] iteration       87/     100 | consumed samples:         8352 | elapsed time per iteration (ms): 976.7 | throughput (samples/sec/per_device): 12.286 | learning rate: 2.464355E-05 | global batch size:    96 | action loss: 1.935217E-01 | loss scale: 1.0 | grad norm: 0.483040 | number of skipped iterations:   0 | number of nan iterations:   0 |
2026-08-21 15:43:15 [INFO] iteration       88/     100 | consumed samples:         8448 | elapsed time per iteration (ms): 975.4 | throughput (samples/sec/per_device): 12.302 | learning rate: 2.463428E-05 | global batch size:    96 | action loss: 2.066978E-01 | loss scale: 1.0 | grad norm: 0.512398 | number of skipped iterations:   0 | number of nan iterations:   0 |
2026-08-21 15:43:16 [INFO] iteration       89/     100 | consumed samples:         8544 | elapsed time per iteration (ms): 977.3 | throughput (samples/sec/per_device): 12.279 | learning rate: 2.462489E-05 | global batch size:    96 | action loss: 2.305335E-01 | loss scale: 1.0 | grad norm: 0.600744 | number of skipped iterations:   0 | number of nan iterations:   0 |
2026-08-21 15:43:17 [INFO] iteration       90/     100 | consumed samples:         8640 | elapsed time per iteration (ms): 974.7 | throughput (samples/sec/per_device): 12.311 | learning rate: 2.461538E-05 | global batch size:    96 | action loss: 2.255722E-01 | loss scale: 1.0 | grad norm: 0.692795 | number of skipped iterations:   0 | number of nan iterations:   0 |
2026-08-21 15:43:18 [INFO] iteration       91/     100 | consumed samples:         8736 | elapsed time per iteration (ms): 973.5 | throughput (samples/sec/per_device): 12.326 | learning rate: 2.460576E-05 | global batch size:    96 | action loss: 2.052471E-01 | loss scale: 1.0 | grad norm: 0.651370 | number of skipped iterations:   0 | number of nan iterations:   0 |
2026-08-21 15:43:19 [INFO] iteration       92/     100 | consumed samples:         8832 | elapsed time per iteration (ms): 974.9 | throughput (samples/sec/per_device): 12.309 | learning rate: 2.459602E-05 | global batch size:    96 | action loss: 2.083964E-01 | loss scale: 1.0 | grad norm: 0.589097 | number of skipped iterations:   0 | number of nan iterations:   0 |
2026-08-21 15:43:20 [INFO] iteration       93/     100 | consumed samples:         8928 | elapsed time per iteration (ms): 980.3 | throughput (samples/sec/per_device): 12.241 | learning rate: 2.458617E-05 | global batch size:    96 | action loss: 2.379844E-01 | loss scale: 1.0 | grad norm: 0.856393 | number of skipped iterations:   0 | number of nan iterations:   0 |
2026-08-21 15:43:21 [INFO] iteration       94/     100 | consumed samples:         9024 | elapsed time per iteration (ms): 975.6 | throughput (samples/sec/per_device): 12.300 | learning rate: 2.457619E-05 | global batch size:    96 | action loss: 1.915379E-01 | loss scale: 1.0 | grad norm: 0.532055 | number of skipped iterations:   0 | number of nan iterations:   0 |
2026-08-21 15:43:22 [INFO] iteration       95/     100 | consumed samples:         9120 | elapsed time per iteration (ms): 974.4 | throughput (samples/sec/per_device): 12.316 | learning rate: 2.456611E-05 | global batch size:    96 | action loss: 1.992690E-01 | loss scale: 1.0 | grad norm: 0.440369 | number of skipped iterations:   0 | number of nan iterations:   0 |
2026-08-21 15:43:23 [INFO] iteration       96/     100 | consumed samples:         9216 | elapsed time per iteration (ms): 975.2 | throughput (samples/sec/per_device): 12.305 | learning rate: 2.455590E-05 | global batch size:    96 | action loss: 2.180836E-01 | loss scale: 1.0 | grad norm: 0.531565 | number of skipped iterations:   0 | number of nan iterations:   0 |
2026-08-21 15:43:24 [INFO] iteration       97/     100 | consumed samples:         9312 | elapsed time per iteration (ms): 974.2 | throughput (samples/sec/per_device): 12.317 | learning rate: 2.454558E-05 | global batch size:    96 | action loss: 2.125322E-01 | loss scale: 1.0 | grad norm: 0.613064 | number of skipped iterations:   0 | number of nan iterations:   0 |
2026-08-21 15:43:25 [INFO] iteration       98/     100 | consumed samples:         9408 | elapsed time per iteration (ms): 974.7 | throughput (samples/sec/per_device): 12.311 | learning rate: 2.453514E-05 | global batch size:    96 | action loss: 1.987589E-01 | loss scale: 1.0 | grad norm: 0.622951 | number of skipped iterations:   0 | number of nan iterations:   0 |
2026-08-21 15:43:26 [INFO] iteration       99/     100 | consumed samples:         9504 | elapsed time per iteration (ms): 974.8 | throughput (samples/sec/per_device): 12.311 | learning rate: 2.452459E-05 | global batch size:    96 | action loss: 1.932330E-01 | loss scale: 1.0 | grad norm: 0.588522 | number of skipped iterations:   0 | number of nan iterations:   0 |
2026-08-21 15:43:27 [INFO] iteration      100/     100 | consumed samples:         9600 | elapsed time per iteration (ms): 985.5 | throughput (samples/sec/per_device): 12.177 | learning rate: 2.451392E-05 | global batch size:    96 | action loss: 2.029619E-01 | loss scale: 1.0 | grad norm: 0.494848 | number of skipped iterations:   0 | number of nan iterations:   0 |
2026-08-21 15:43:27 [INFO] max time across ranks (ms):
    forward-backward................................: 853.34
    forward-compute.................................: 279.60
    backward-compute................................: 575.52
    batch-generator.................................: 1.70
    nan-grad-cleanup................................: 12.75
    grad-clip.......................................: 34.13
    optimizer.......................................: 83.57
    optimizer-inner-step............................: 83.47
    optimizer-scheduler-step........................: 0.05
    optimizer-zero-grad.............................: 1.01
2026-08-21 15:43:37 [INFO] Checkpoint saved (dcp): /raid0/fastwam/experiments/pi05_powersgd_plus_acp_resume_a800_100_1000_v2/warmup_0_100/checkpoints/steps_100
bddx-inf-sci-k8s-a800-03849:543577:543577 [2] NCCL INFO comm 0x13778eb0 rank 2 nranks 8 cudaDev 2 busId 49000 - Destroy COMPLETE
bddx-inf-sci-k8s-a800-03849:543578:543578 [3] NCCL INFO comm 0x124179f0 rank 3 nranks 8 cudaDev 3 busId 4d000 - Destroy COMPLETE
bddx-inf-sci-k8s-a800-03849:543576:543576 [1] NCCL INFO comm 0x12e79510 rank 1 nranks 8 cudaDev 1 busId 18000 - Destroy COMPLETE
bddx-inf-sci-k8s-a800-03849:543582:543582 [7] NCCL INFO comm 0x13276490 rank 7 nranks 8 cudaDev 7 busId c9000 - Destroy COMPLETE
bddx-inf-sci-k8s-a800-03849:543580:543580 [5] NCCL INFO comm 0x13303990 rank 5 nranks 8 cudaDev 5 busId 8e000 - Destroy COMPLETE
bddx-inf-sci-k8s-a800-03849:543575:543575 [0] NCCL INFO comm 0x1156cec0 rank 0 nranks 8 cudaDev 0 busId 12000 - Destroy COMPLETE
bddx-inf-sci-k8s-a800-03849:543579:543579 [4] NCCL INFO comm 0x136ad4e0 rank 4 nranks 8 cudaDev 4 busId 89000 - Destroy COMPLETE
bddx-inf-sci-k8s-a800-03849:543581:543581 [6] NCCL INFO comm 0x11bdb810 rank 6 nranks 8 cudaDev 6 busId c5000 - Destroy COMPLETE
