[2026-08-28 16:10:37][INFO] 
------------------------ training training_args ------------------------
  activation_checkpoint_module_patterns ........... None
  activation_checkpoint_skip_modules .............. None
  adam_beta1 ...................................... 0.9
  adam_beta2 ...................................... 0.95
  adam_eps ........................................ 1e-08
  async_save ...................................... False
  batch_drop_last ................................. True
  check_for_nan_in_loss_and_grad .................. True
  clip_grad ....................................... 1.0
  config_file ..................................... None
  cuda_graph_ddp_sync_in_graph .................... False
  cuda_graph_grad_sync_bucket_mb .................. 200.0
  cuda_graph_grad_sync_dtype ...................... fp32
  cuda_graph_grad_sync_impl ....................... coalesced
  cuda_graph_impl ................................. none
  cuda_graph_pad_length ........................... None
  cuda_graph_scope ................................ full_iteration
  cuda_graph_warmup_steps ......................... 3
  cudnn_benchmark ................................. False
  data_root_dir ................................... None
  dataloader_multiprocessing_context .............. None
  dataloader_seed_workers ......................... False
  dataset_format .................................. lerobot_datasets
  dataset_path .................................... /raid0/fastwam/vla_artifacts/pi05/datasets/libero
  dataset_strategy ................................ default
  ddp_accordion_detection_window .................. 50
  ddp_accordion_protection_steps .................. 25
  ddp_accordion_relative_change_threshold ......... 0.5
  ddp_batched_grad_copy ........................... False
  ddp_broadcast_buffers ........................... True
  ddp_bucket_cap_mb ............................... None
  ddp_bucket_cap_mb_list .......................... None
  ddp_comm_hook ................................... powersgd_plus_hook
  ddp_comm_hook_logging ........................... False
  ddp_dynamic_powersgd_adapt_interval ............. 5
  ddp_dynamic_powersgd_high_rank .................. 4
  ddp_dynamic_powersgd_low_rank ................... 1
  ddp_dynamic_powersgd_relative_change_threshold .. 0.1
  ddp_ef21_powersgd_log_interval .................. 25
  ddp_find_unused_parameters ...................... True
  ddp_gradient_as_bucket_view ..................... True
  ddp_init_sync ................................... True
  ddp_layerwise_powersgd_candidate_ranks .......... 1,2,4,8,16
  ddp_layerwise_powersgd_log_tensor_stats ......... False
  ddp_layerwise_powersgd_power_iterations ......... 2
  ddp_layerwise_powersgd_refresh_period ........... 50
  ddp_layerwise_powersgd_relative_error ........... 0.1
  ddp_layerwise_powersgd_uncompressed_patterns .... 
  ddp_oracle_error_budget_random_seed ............. 0
  ddp_powersgd_freeze_v ........................... True
  ddp_powersgd_freeze_v_start_step ................ 301
  ddp_powersgd_global_step_offset ................. 100
  ddp_powersgd_lr_high_rank ....................... 2
  ddp_powersgd_lr_high_rank_end_step .............. 452
  ddp_powersgd_matrix_approximation_rank .......... 1
  ddp_powersgd_min_compression_rate ............... 4.0
  ddp_powersgd_period_schedule .................... 300-452:25,453-734:50,735-1000:100
  ddp_powersgd_plus_error_averaging_period ........ 20
  ddp_powersgd_plus_restart_method ................ approximate
  ddp_powersgd_plus_restart_period ................ 50
  ddp_powersgd_scheduled_start_step ............... 300
  ddp_powersgd_start_iter ......................... 199
  ddp_powersgd_window_ranges ...................... 
  ddp_separate_compression_ratio .................. 16.0
  ddp_separate_error_feedback_beta ................ 0.95
  ddp_separate_error_reset_interval ............... 128
  ddp_skip_all_reduce_unused_params ............... False
  ddp_static_graph ................................ True
  detail_log_interval ............................. 20
  deterministic_mode .............................. False
  disable_tf32 .................................... False
  distributed_sampler_mode ........................ cyclic
  distributed_strategy ............................ ddp
  dtype ........................................... bfloat16
  dynamo_optimize_ddp ............................. False
  freeze_modules .................................. 
  fsdp_backward_prefetch_distance ................. 0
  fsdp_cast_forward_inputs ........................ True
  fsdp_forward_prefetch_distance .................. 0
  fsdp_leftover_min_num_params .................... 1000000
  fsdp_min_num_params ............................. 1000000
  fsdp_no_wrap_modules ............................ None
  fsdp_original_param_dtype ....................... None
  fsdp_reduce_dtype ............................... fp32
  fsdp_reshard_default ............................ None
  fsdp_reshard_module_overrides ................... None
  fsdp_reshard_root ............................... False
  fsdp_unsharded_param_dtype ...................... None
  fsdp_wrap_modules ............................... None
  gradient_accumulation_steps ..................... 1
  hsdp_shard_size ................................. None
  init_on_meta .................................... False
  lambda_cycle_length ............................. 10000
  lambda_f_max .................................... 0.4
  lambda_f_min .................................... 0.0
  lambda_f_start .................................. 0.0
  lerobotdataset_version .......................... v3.0
  log_interval .................................... 1
  lora_alpha ...................................... 32
  lora_bias ....................................... none
  lora_dropout .................................... 0.0
  lora_init ....................................... true
  lora_modules_to_save ............................ None
  lora_r .......................................... 16
  lora_target_modules ............................. None
  loss_log_rank ................................... [-1]
  loss_spike_threshold ............................ 100.0
  lr_base ......................................... 2.5e-05
  lr_decay_iters .................................. 1000
  lr_decay_style .................................. cosine_with_min_lr
  lr_end .......................................... 1e-07
  lr_group ........................................ None
  lr_warmup_iters ................................. 10
  manual_gc ....................................... False
  manual_gc_interval .............................. 0
  min_lr .......................................... 1e-06
  model_name ...................................... pi05
  num_cycles ...................................... 1.0
  num_samples ..................................... 100
  num_workers ..................................... 4
  optimizer ....................................... AdamW
  optimizer_state_log_interval .................... 0
  output_dir ...................................... /raid0/fastwam/experiments/pi05_powersgd_plus_freeze_v_fair_a800_100_1000_v2/attempts/powersgd_plus_freeze_v_rank1_start300/attempt_1/powersgd_plus_freeze_v_rank1_start300
  per_device_batch_size ........................... 12
  polynomial_power ................................ 1.0
  pretrained_checkpoint ........................... /raid0/fastwam/vla_artifacts/pi05/models/pi05_base
  profile_output_dir .............................. None
  profile_ranks ................................... [0]
  profile_step_end ................................ 12
  profile_step_start .............................. 10
  resume .......................................... True
  robot_type ...................................... libero_franka
  sampler_shuffle ................................. True
  save_format ..................................... dcp
  save_interval ................................... 0
  save_lr_thresholds .............................. 
  save_steps ...................................... 
  save_training_state ............................. True
  seed ............................................ 42
  set_seed_by_rank ................................ False
  split ........................................... train
  streaming ....................................... False
  task_name ....................................... perform the task
  tensorboard_dir ................................. /raid0/fastwam/experiments/pi05_powersgd_plus_freeze_v_fair_a800_100_1000_v2/attempts/powersgd_plus_freeze_v_rank1_start300/attempt_1/powersgd_plus_freeze_v_rank1_start300/tensorboard
  tensorboard_queue_size .......................... 1000
  timing_log_level ................................ 0
  tokenizer_path .................................. /raid0/fastwam/vla_artifacts/pi05/tokenizers/paligemma-3b-pt-224
  train_iters ..................................... 1000
  trainer_type .................................... FinetuneTrainer
  use_lora ........................................ False
  use_nsys_profiler ............................... False
  use_pytorch_profiler ............................ False
  video_backend ................................... torchcodec
  wandb_mode ...................................... disabled
  wandb_project ................................... loongforge-vla
  weight_decay .................................... 0.01
  weight_decay_grouping ........................... all
  zero_master_param_dtype ......................... none
  zero_optimizer .................................. True
  zero_parameters_as_bucket_view .................. True
-------------------- end of training training_args ---------------------
[2026-08-28 16:10:37][INFO] 
------------------------ model config ------------------------
  action_dim ...................................... 7
  action_horizon .................................. 50
  compile_dynamic ................................. False
  compile_fullgraph ............................... True
  compile_mode .................................... max-autotune
  compile_model ................................... False
  compile_scope ................................... multi_group
  freeze_vision_encoder ........................... False
  gradient_checkpointing .......................... False
  max_action_dim .................................. 32
  max_state_dim ................................... 32
  model_type ...................................... pi05
  state_dim ....................................... 7
  train_expert_only ............................... False
-------------------- end of model config ---------------------
[2026-08-28 16:10:37][INFO] 
------------------------ data config ------------------------
  action_apply_to ................................. ['action']
  action_padding_strategy ......................... zero
  action_transform_horizon ........................ None
  action_transform_max_action_dim ................. None
  action_use_statistics ........................... True
  image_mask ...................................... None
  image_normalize_mode ............................ identity
  image_resize_strategy ........................... resize_with_pad
  image_size ...................................... 224
  max_token_len ................................... 200
  normalization_mode .............................. q99
  num_images ...................................... 2
  observation_delta_indices ....................... None
  use_action_transform ............................ True
  use_image_transform ............................. True
-------------------- end of data config ---------------------
[2026-08-28 16:10:37][INFO] TensorBoard enabled: /raid0/fastwam/experiments/pi05_powersgd_plus_freeze_v_fair_a800_100_1000_v2/attempts/powersgd_plus_freeze_v_rank1_start300/attempt_1/powersgd_plus_freeze_v_rank1_start300/tensorboard
[2026-08-28 16:10:37][INFO] [model] start building model: model_type=pi05, class=Pi05ModelConfig
[2026-08-28 16:12:59][INFO] [model] model built in 142.39s
[2026-08-28 16:12:59][INFO] [ckpt] resume requested: dir==/raid0/fastwam/experiments/pi05_powersgd_plus_freeze_v_fair_a800_100_1000_v2/attempts/powersgd_plus_freeze_v_rank1_start300/attempt_1/powersgd_plus_freeze_v_rank1_start300/checkpoints/steps_100
[2026-08-28 16:12:59][INFO] resume: detected DCP checkpoint at /raid0/fastwam/experiments/pi05_powersgd_plus_freeze_v_fair_a800_100_1000_v2/attempts/powersgd_plus_freeze_v_rank1_start300/attempt_1/powersgd_plus_freeze_v_rank1_start300/checkpoints/steps_100 — deferring weight load until after wrap_model.
[2026-08-28 16:12:59][INFO] Resumed model weights from step 100
[2026-08-28 16:12:59][INFO] [ckpt] resume done in 0.00s
[2026-08-28 16:12:59][INFO] [wrap_model] wrap_model: strategy=ddp, dtype=bfloat16
[2026-08-28 16:13:04][INFO] [wrap_model] done in 4.61s
[2026-08-28 16:13:04][INFO] [optimizer] building optimizer
[2026-08-28 16:13:04][INFO] [LR Groups] Model modules (use paths below with --lr-group to set per-module LR):
  model                                                         (4143.4M trainable params)
    model.paligemma_with_expert                                   (4141.2M trainable params)
      model.paligemma_with_expert.paligemma                         (3450.0M trainable params)
      model.paligemma_with_expert.gemma_expert                      (691.3M trainable params)
    model.action_in_proj                                          (33.8K trainable params)
    model.action_out_proj                                         (32.8K trainable params)
    model.time_mlp_in                                             (1.0M trainable params)
    model.time_mlp_out                                            (1.0M trainable params)
[2026-08-28 16:13:04][INFO] [LR Groups] Model modules with LR assignment:
  model                                                         (4143.4M trainable params)  lr=2.50e-05
    model.paligemma_with_expert                                   (4141.2M trainable params)  lr=2.50e-05
      model.paligemma_with_expert.paligemma                         (3450.0M trainable params)  lr=2.50e-05
      model.paligemma_with_expert.gemma_expert                      (691.3M trainable params)  lr=2.50e-05
    model.action_in_proj                                          (33.8K trainable params)  lr=2.50e-05
    model.action_out_proj                                         (32.8K trainable params)  lr=2.50e-05
    model.time_mlp_in                                             (1.0M trainable params)  lr=2.50e-05
    model.time_mlp_out                                            (1.0M trainable params)  lr=2.50e-05
[2026-08-28 16:13:04][INFO] Optimizer trainable parameter dtypes: torch.bfloat16: 255 tensors/3609853952 elems, torch.float32: 558 tensors/533550864 elems
[2026-08-28 16:13:04][INFO] Mixed dtype params {torch.bfloat16, torch.float32}: using per-dtype ZeroRedundancyOptimizer
[2026-08-28 16:13:04][INFO] [optimizer] optimizer built in 0.27s
[2026-08-28 16:13:04][INFO] [ckpt] restoring optimizer/scheduler/RNG state from /raid0/fastwam/experiments/pi05_powersgd_plus_freeze_v_fair_a800_100_1000_v2/attempts/powersgd_plus_freeze_v_rank1_start300/attempt_1/powersgd_plus_freeze_v_rank1_start300/checkpoints/steps_100
[2026-08-28 16:13:15][INFO] model resumed via DCP (strict)
[2026-08-28 16:13:17][INFO] optimizer resumed from rank-local ZeRO state
[2026-08-28 16:13:17][INFO] scheduler resumed successfully
[2026-08-28 16:13:17][INFO] [ckpt] optimizer/scheduler/RNG state restored in 12.99s
[2026-08-28 16:13:17][INFO] [data] building dataloaders
[2026-08-28 16:13:17][INFO] Using video codec: libsvtav1
[2026-08-28 16:13:17][INFO] LeRobotV3Dataset: repo_id=libero, len=273465, action_horizon=50, fps=10.0, video_backend=torchcodec
[2026-08-28 16:13:18][INFO] Using preprocessor: pi05
[2026-08-28 16:13:18][INFO] Restored dataloader state: vla
[2026-08-28 16:13:18][INFO] [data] done in 0.52s
[2026-08-28 16:13:18][INFO] Parameters: 4143.4M total, 4143.4M trainable (100.0%)
[2026-08-28 16:13:18][INFO] Model: PI05Policy
[2026-08-28 16:13:33][INFO] RNG state resumed successfully after dataloader iterator init
[2026-08-28 16:13:33][INFO] Dataloader 'vla' positioned at epoch=0
[2026-08-28 16:13:40][INFO] iteration      101/    1000 | consumed samples:         9696 | elapsed time per iteration (ms): 7668.3 | throughput (samples/sec/per_device): 1.565 | learning rate: 2.450313E-05 | global batch size:    96 | action loss: 2.203438E-01 | loss scale: 1.0 | grad norm: 0.462682 | number of skipped iterations:   0 | number of nan iterations:   0 |
[2026-08-28 16:13:41][INFO] iteration      102/    1000 | consumed samples:         9792 | elapsed time per iteration (ms): 994.9 | throughput (samples/sec/per_device): 12.061 | learning rate: 2.449223E-05 | global batch size:    96 | action loss: 2.203335E-01 | loss scale: 1.0 | grad norm: 0.471699 | number of skipped iterations:   0 | number of nan iterations:   0 |
[2026-08-28 16:13:42][INFO] iteration      103/    1000 | consumed samples:         9888 | elapsed time per iteration (ms): 991.5 | throughput (samples/sec/per_device): 12.103 | learning rate: 2.448121E-05 | global batch size:    96 | action loss: 2.279899E-01 | loss scale: 1.0 | grad norm: 0.510155 | number of skipped iterations:   0 | number of nan iterations:   0 |
[2026-08-28 16:13:43][INFO] iteration      104/    1000 | consumed samples:         9984 | elapsed time per iteration (ms): 1013.6 | throughput (samples/sec/per_device): 11.840 | learning rate: 2.447008E-05 | global batch size:    96 | action loss: 2.147102E-01 | loss scale: 1.0 | grad norm: 0.836193 | number of skipped iterations:   0 | number of nan iterations:   0 |
[2026-08-28 16:13:44][INFO] iteration      105/    1000 | consumed samples:        10080 | elapsed time per iteration (ms): 1003.7 | throughput (samples/sec/per_device): 11.956 | learning rate: 2.445883E-05 | global batch size:    96 | action loss: 2.137298E-01 | loss scale: 1.0 | grad norm: 0.622348 | number of skipped iterations:   0 | number of nan iterations:   0 |
[2026-08-28 16:13:45][INFO] iteration      106/    1000 | consumed samples:        10176 | elapsed time per iteration (ms): 990.0 | throughput (samples/sec/per_device): 12.121 | learning rate: 2.444746E-05 | global batch size:    96 | action loss: 2.339439E-01 | loss scale: 1.0 | grad norm: 0.675729 | number of skipped iterations:   0 | number of nan iterations:   0 |
[2026-08-28 16:13:46][INFO] iteration      107/    1000 | consumed samples:        10272 | elapsed time per iteration (ms): 995.4 | throughput (samples/sec/per_device): 12.056 | learning rate: 2.443598E-05 | global batch size:    96 | action loss: 2.185362E-01 | loss scale: 1.0 | grad norm: 0.738308 | number of skipped iterations:   0 | number of nan iterations:   0 |
[2026-08-28 16:13:47][INFO] iteration      108/    1000 | consumed samples:        10368 | elapsed time per iteration (ms): 992.1 | throughput (samples/sec/per_device): 12.095 | learning rate: 2.442439E-05 | global batch size:    96 | action loss: 2.112230E-01 | loss scale: 1.0 | grad norm: 0.597057 | number of skipped iterations:   0 | number of nan iterations:   0 |
[2026-08-28 16:13:48][INFO] iteration      109/    1000 | consumed samples:        10464 | elapsed time per iteration (ms): 996.6 | throughput (samples/sec/per_device): 12.041 | learning rate: 2.441268E-05 | global batch size:    96 | action loss: 2.384679E-01 | loss scale: 1.0 | grad norm: 0.761329 | number of skipped iterations:   0 | number of nan iterations:   0 |
[2026-08-28 16:13:49][INFO] iteration      110/    1000 | consumed samples:        10560 | elapsed time per iteration (ms): 992.7 | throughput (samples/sec/per_device): 12.088 | learning rate: 2.440085E-05 | global batch size:    96 | action loss: 2.599233E-01 | loss scale: 1.0 | grad norm: 1.151560 | number of skipped iterations:   0 | number of nan iterations:   0 |
[2026-08-28 16:13:50][INFO] iteration      111/    1000 | consumed samples:        10656 | elapsed time per iteration (ms): 994.2 | throughput (samples/sec/per_device): 12.070 | learning rate: 2.438891E-05 | global batch size:    96 | action loss: 1.901782E-01 | loss scale: 1.0 | grad norm: 0.582491 | number of skipped iterations:   0 | number of nan iterations:   0 |
[2026-08-28 16:13:51][INFO] iteration      112/    1000 | consumed samples:        10752 | elapsed time per iteration (ms): 992.8 | throughput (samples/sec/per_device): 12.087 | learning rate: 2.437686E-05 | global batch size:    96 | action loss: 1.988536E-01 | loss scale: 1.0 | grad norm: 0.363202 | number of skipped iterations:   0 | number of nan iterations:   0 |
[2026-08-28 16:13:52][INFO] iteration      113/    1000 | consumed samples:        10848 | elapsed time per iteration (ms): 991.8 | throughput (samples/sec/per_device): 12.100 | learning rate: 2.436469E-05 | global batch size:    96 | action loss: 1.918919E-01 | loss scale: 1.0 | grad norm: 0.691375 | number of skipped iterations:   0 | number of nan iterations:   0 |
[2026-08-28 16:13:53][INFO] iteration      114/    1000 | consumed samples:        10944 | elapsed time per iteration (ms): 991.9 | throughput (samples/sec/per_device): 12.098 | learning rate: 2.435241E-05 | global batch size:    96 | action loss: 2.483396E-01 | loss scale: 1.0 | grad norm: 0.625269 | number of skipped iterations:   0 | number of nan iterations:   0 |
[2026-08-28 16:13:54][INFO] iteration      115/    1000 | consumed samples:        11040 | elapsed time per iteration (ms): 991.5 | throughput (samples/sec/per_device): 12.103 | learning rate: 2.434001E-05 | global batch size:    96 | action loss: 2.075998E-01 | loss scale: 1.0 | grad norm: 0.709268 | number of skipped iterations:   0 | number of nan iterations:   0 |
[2026-08-28 16:13:55][INFO] iteration      116/    1000 | consumed samples:        11136 | elapsed time per iteration (ms): 991.1 | throughput (samples/sec/per_device): 12.108 | learning rate: 2.432750E-05 | global batch size:    96 | action loss: 1.989369E-01 | loss scale: 1.0 | grad norm: 0.368390 | number of skipped iterations:   0 | number of nan iterations:   0 |
[2026-08-28 16:13:56][INFO] iteration      117/    1000 | consumed samples:        11232 | elapsed time per iteration (ms): 991.1 | throughput (samples/sec/per_device): 12.107 | learning rate: 2.431487E-05 | global batch size:    96 | action loss: 2.186501E-01 | loss scale: 1.0 | grad norm: 0.608307 | number of skipped iterations:   0 | number of nan iterations:   0 |
[2026-08-28 16:13:57][INFO] iteration      118/    1000 | consumed samples:        11328 | elapsed time per iteration (ms): 997.8 | throughput (samples/sec/per_device): 12.027 | learning rate: 2.430213E-05 | global batch size:    96 | action loss: 2.071169E-01 | loss scale: 1.0 | grad norm: 0.467783 | number of skipped iterations:   0 | number of nan iterations:   0 |
[2026-08-28 16:13:58][INFO] iteration      119/    1000 | consumed samples:        11424 | elapsed time per iteration (ms): 992.5 | throughput (samples/sec/per_device): 12.091 | learning rate: 2.428928E-05 | global batch size:    96 | action loss: 2.410517E-01 | loss scale: 1.0 | grad norm: 0.608525 | number of skipped iterations:   0 | number of nan iterations:   0 |
[2026-08-28 16:13:59][INFO] iteration      120/    1000 | consumed samples:        11520 | elapsed time per iteration (ms): 1003.0 | throughput (samples/sec/per_device): 11.964 | learning rate: 2.427631E-05 | global batch size:    96 | action loss: 2.560800E-01 | loss scale: 1.0 | grad norm: 0.606557 | number of skipped iterations:   0 | number of nan iterations:   0 |
[2026-08-28 16:13:59][INFO] max time across ranks (ms):
    forward-backward................................: 857.99
    forward-compute.................................: 275.09
    backward-compute................................: 581.37
    batch-generator.................................: 1.55
    nan-grad-cleanup................................: 13.15
    grad-clip.......................................: 33.59
    optimizer.......................................: 97.15
    optimizer-inner-step............................: 96.09
    optimizer-scheduler-step........................: 1.03
    optimizer-zero-grad.............................: 1.23
[2026-08-28 16:14:00][INFO] iteration      121/    1000 | consumed samples:        11616 | elapsed time per iteration (ms): 992.8 | throughput (samples/sec/per_device): 12.088 | learning rate: 2.426323E-05 | global batch size:    96 | action loss: 2.261264E-01 | loss scale: 1.0 | grad norm: 0.673957 | number of skipped iterations:   0 | number of nan iterations:   0 |
[2026-08-28 16:14:01][INFO] iteration      122/    1000 | consumed samples:        11712 | elapsed time per iteration (ms): 993.1 | throughput (samples/sec/per_device): 12.083 | learning rate: 2.425004E-05 | global batch size:    96 | action loss: 1.977360E-01 | loss scale: 1.0 | grad norm: 0.694606 | number of skipped iterations:   0 | number of nan iterations:   0 |
[2026-08-28 16:14:02][INFO] iteration      123/    1000 | consumed samples:        11808 | elapsed time per iteration (ms): 993.6 | throughput (samples/sec/per_device): 12.077 | learning rate: 2.423673E-05 | global batch size:    96 | action loss: 2.040583E-01 | loss scale: 1.0 | grad norm: 0.683742 | number of skipped iterations:   0 | number of nan iterations:   0 |
[2026-08-28 16:14:03][INFO] iteration      124/    1000 | consumed samples:        11904 | elapsed time per iteration (ms): 1005.4 | throughput (samples/sec/per_device): 11.935 | learning rate: 2.422331E-05 | global batch size:    96 | action loss: 2.060963E-01 | loss scale: 1.0 | grad norm: 0.802030 | number of skipped iterations:   0 | number of nan iterations:   0 |
[2026-08-28 16:14:04][INFO] iteration      125/    1000 | consumed samples:        12000 | elapsed time per iteration (ms): 999.5 | throughput (samples/sec/per_device): 12.006 | learning rate: 2.420977E-05 | global batch size:    96 | action loss: 2.240925E-01 | loss scale: 1.0 | grad norm: 0.700590 | number of skipped iterations:   0 | number of nan iterations:   0 |
[2026-08-28 16:14:05][INFO] iteration      126/    1000 | consumed samples:        12096 | elapsed time per iteration (ms): 992.7 | throughput (samples/sec/per_device): 12.088 | learning rate: 2.419613E-05 | global batch size:    96 | action loss: 2.218670E-01 | loss scale: 1.0 | grad norm: 0.611513 | number of skipped iterations:   0 | number of nan iterations:   0 |
[2026-08-28 16:14:06][INFO] iteration      127/    1000 | consumed samples:        12192 | elapsed time per iteration (ms): 993.9 | throughput (samples/sec/per_device): 12.074 | learning rate: 2.418237E-05 | global batch size:    96 | action loss: 2.034508E-01 | loss scale: 1.0 | grad norm: 0.494750 | number of skipped iterations:   0 | number of nan iterations:   0 |
[2026-08-28 16:14:07][INFO] iteration      128/    1000 | consumed samples:        12288 | elapsed time per iteration (ms): 994.6 | throughput (samples/sec/per_device): 12.065 | learning rate: 2.416850E-05 | global batch size:    96 | action loss: 2.296456E-01 | loss scale: 1.0 | grad norm: 0.793940 | number of skipped iterations:   0 | number of nan iterations:   0 |
[2026-08-28 16:14:08][INFO] iteration      129/    1000 | consumed samples:        12384 | elapsed time per iteration (ms): 1000.1 | throughput (samples/sec/per_device): 11.999 | learning rate: 2.415451E-05 | global batch size:    96 | action loss: 1.966865E-01 | loss scale: 1.0 | grad norm: 0.591413 | number of skipped iterations:   0 | number of nan iterations:   0 |
[2026-08-28 16:14:09][INFO] iteration      130/    1000 | consumed samples:        12480 | elapsed time per iteration (ms): 996.0 | throughput (samples/sec/per_device): 12.049 | learning rate: 2.414042E-05 | global batch size:    96 | action loss: 2.567450E-01 | loss scale: 1.0 | grad norm: 0.762455 | number of skipped iterations:   0 | number of nan iterations:   0 |
[2026-08-28 16:14:10][INFO] iteration      131/    1000 | consumed samples:        12576 | elapsed time per iteration (ms): 1000.2 | throughput (samples/sec/per_device): 11.998 | learning rate: 2.412621E-05 | global batch size:    96 | action loss: 2.086705E-01 | loss scale: 1.0 | grad norm: 0.473538 | number of skipped iterations:   0 | number of nan iterations:   0 |
[2026-08-28 16:14:11][INFO] iteration      132/    1000 | consumed samples:        12672 | elapsed time per iteration (ms): 996.8 | throughput (samples/sec/per_device): 12.039 | learning rate: 2.411189E-05 | global batch size:    96 | action loss: 1.912922E-01 | loss scale: 1.0 | grad norm: 0.501640 | number of skipped iterations:   0 | number of nan iterations:   0 |
[2026-08-28 16:14:12][INFO] iteration      133/    1000 | consumed samples:        12768 | elapsed time per iteration (ms): 997.3 | throughput (samples/sec/per_device): 12.032 | learning rate: 2.409745E-05 | global batch size:    96 | action loss: 2.237268E-01 | loss scale: 1.0 | grad norm: 0.533518 | number of skipped iterations:   0 | number of nan iterations:   0 |
[2026-08-28 16:14:13][INFO] iteration      134/    1000 | consumed samples:        12864 | elapsed time per iteration (ms): 999.5 | throughput (samples/sec/per_device): 12.006 | learning rate: 2.408291E-05 | global batch size:    96 | action loss: 2.262028E-01 | loss scale: 1.0 | grad norm: 0.807401 | number of skipped iterations:   0 | number of nan iterations:   0 |
[2026-08-28 16:14:14][INFO] iteration      135/    1000 | consumed samples:        12960 | elapsed time per iteration (ms): 997.1 | throughput (samples/sec/per_device): 12.034 | learning rate: 2.406825E-05 | global batch size:    96 | action loss: 2.322406E-01 | loss scale: 1.0 | grad norm: 0.865656 | number of skipped iterations:   0 | number of nan iterations:   0 |
[2026-08-28 16:14:15][INFO] iteration      136/    1000 | consumed samples:        13056 | elapsed time per iteration (ms): 995.9 | throughput (samples/sec/per_device): 12.050 | learning rate: 2.405348E-05 | global batch size:    96 | action loss: 2.265118E-01 | loss scale: 1.0 | grad norm: 0.703542 | number of skipped iterations:   0 | number of nan iterations:   0 |
[2026-08-28 16:14:16][INFO] iteration      137/    1000 | consumed samples:        13152 | elapsed time per iteration (ms): 994.9 | throughput (samples/sec/per_device): 12.062 | learning rate: 2.403860E-05 | global batch size:    96 | action loss: 1.920786E-01 | loss scale: 1.0 | grad norm: 0.559414 | number of skipped iterations:   0 | number of nan iterations:   0 |
[2026-08-28 16:14:17][INFO] iteration      138/    1000 | consumed samples:        13248 | elapsed time per iteration (ms): 995.4 | throughput (samples/sec/per_device): 12.055 | learning rate: 2.402361E-05 | global batch size:    96 | action loss: 2.036058E-01 | loss scale: 1.0 | grad norm: 0.646788 | number of skipped iterations:   0 | number of nan iterations:   0 |
[2026-08-28 16:14:18][INFO] iteration      139/    1000 | consumed samples:        13344 | elapsed time per iteration (ms): 1001.3 | throughput (samples/sec/per_device): 11.985 | learning rate: 2.400851E-05 | global batch size:    96 | action loss: 2.132321E-01 | loss scale: 1.0 | grad norm: 0.823168 | number of skipped iterations:   0 | number of nan iterations:   0 |
[2026-08-28 16:14:19][INFO] iteration      140/    1000 | consumed samples:        13440 | elapsed time per iteration (ms): 1008.5 | throughput (samples/sec/per_device): 11.899 | learning rate: 2.399330E-05 | global batch size:    96 | action loss: 1.956516E-01 | loss scale: 1.0 | grad norm: 0.593782 | number of skipped iterations:   0 | number of nan iterations:   0 |
[2026-08-28 16:14:19][INFO] max time across ranks (ms):
    forward-backward................................: 861.83
    forward-compute.................................: 277.07
    backward-compute................................: 584.09
    batch-generator.................................: 1.46
    nan-grad-cleanup................................: 14.48
    grad-clip.......................................: 35.46
    optimizer.......................................: 99.22
    optimizer-inner-step............................: 98.09
    optimizer-scheduler-step........................: 1.11
    optimizer-zero-grad.............................: 1.07
[2026-08-28 16:14:20][INFO] iteration      141/    1000 | consumed samples:        13536 | elapsed time per iteration (ms): 1002.1 | throughput (samples/sec/per_device): 11.975 | learning rate: 2.397798E-05 | global batch size:    96 | action loss: 2.232735E-01 | loss scale: 1.0 | grad norm: 0.758652 | number of skipped iterations:   0 | number of nan iterations:   0 |
[2026-08-28 16:14:21][INFO] iteration      142/    1000 | consumed samples:        13632 | elapsed time per iteration (ms): 1001.6 | throughput (samples/sec/per_device): 11.981 | learning rate: 2.396255E-05 | global batch size:    96 | action loss: 2.057081E-01 | loss scale: 1.0 | grad norm: 0.624298 | number of skipped iterations:   0 | number of nan iterations:   0 |
[2026-08-28 16:14:22][INFO] iteration      143/    1000 | consumed samples:        13728 | elapsed time per iteration (ms): 1001.4 | throughput (samples/sec/per_device): 11.983 | learning rate: 2.394700E-05 | global batch size:    96 | action loss: 1.943730E-01 | loss scale: 1.0 | grad norm: 0.529581 | number of skipped iterations:   0 | number of nan iterations:   0 |
[2026-08-28 16:14:23][INFO] iteration      144/    1000 | consumed samples:        13824 | elapsed time per iteration (ms): 997.1 | throughput (samples/sec/per_device): 12.035 | learning rate: 2.393135E-05 | global batch size:    96 | action loss: 2.158528E-01 | loss scale: 1.0 | grad norm: 0.635965 | number of skipped iterations:   0 | number of nan iterations:   0 |
[2026-08-28 16:14:24][INFO] iteration      145/    1000 | consumed samples:        13920 | elapsed time per iteration (ms): 999.9 | throughput (samples/sec/per_device): 12.001 | learning rate: 2.391558E-05 | global batch size:    96 | action loss: 1.986614E-01 | loss scale: 1.0 | grad norm: 0.523624 | number of skipped iterations:   0 | number of nan iterations:   0 |
[2026-08-28 16:14:25][INFO] iteration      146/    1000 | consumed samples:        14016 | elapsed time per iteration (ms): 1004.4 | throughput (samples/sec/per_device): 11.948 | learning rate: 2.389971E-05 | global batch size:    96 | action loss: 2.001607E-01 | loss scale: 1.0 | grad norm: 0.553920 | number of skipped iterations:   0 | number of nan iterations:   0 |
[2026-08-28 16:14:26][INFO] iteration      147/    1000 | consumed samples:        14112 | elapsed time per iteration (ms): 997.6 | throughput (samples/sec/per_device): 12.029 | learning rate: 2.388373E-05 | global batch size:    96 | action loss: 2.144847E-01 | loss scale: 1.0 | grad norm: 0.533680 | number of skipped iterations:   0 | number of nan iterations:   0 |
[2026-08-28 16:14:27][INFO] iteration      148/    1000 | consumed samples:        14208 | elapsed time per iteration (ms): 1003.0 | throughput (samples/sec/per_device): 11.964 | learning rate: 2.386763E-05 | global batch size:    96 | action loss: 1.958828E-01 | loss scale: 1.0 | grad norm: 0.542120 | number of skipped iterations:   0 | number of nan iterations:   0 |
[2026-08-28 16:14:28][INFO] iteration      149/    1000 | consumed samples:        14304 | elapsed time per iteration (ms): 997.5 | throughput (samples/sec/per_device): 12.030 | learning rate: 2.385143E-05 | global batch size:    96 | action loss: 2.106490E-01 | loss scale: 1.0 | grad norm: 0.694815 | number of skipped iterations:   0 | number of nan iterations:   0 |
[2026-08-28 16:14:29][INFO] iteration      150/    1000 | consumed samples:        14400 | elapsed time per iteration (ms): 996.6 | throughput (samples/sec/per_device): 12.041 | learning rate: 2.383512E-05 | global batch size:    96 | action loss: 2.040964E-01 | loss scale: 1.0 | grad norm: 0.619256 | number of skipped iterations:   0 | number of nan iterations:   0 |
[2026-08-28 16:14:30][INFO] iteration      151/    1000 | consumed samples:        14496 | elapsed time per iteration (ms): 996.6 | throughput (samples/sec/per_device): 12.041 | learning rate: 2.381870E-05 | global batch size:    96 | action loss: 1.953189E-01 | loss scale: 1.0 | grad norm: 0.916477 | number of skipped iterations:   0 | number of nan iterations:   0 |
[2026-08-28 16:14:31][INFO] iteration      152/    1000 | consumed samples:        14592 | elapsed time per iteration (ms): 999.8 | throughput (samples/sec/per_device): 12.002 | learning rate: 2.380217E-05 | global batch size:    96 | action loss: 1.853601E-01 | loss scale: 1.0 | grad norm: 0.730924 | number of skipped iterations:   0 | number of nan iterations:   0 |
[2026-08-28 16:14:32][INFO] iteration      153/    1000 | consumed samples:        14688 | elapsed time per iteration (ms): 998.4 | throughput (samples/sec/per_device): 12.020 | learning rate: 2.378553E-05 | global batch size:    96 | action loss: 2.147556E-01 | loss scale: 1.0 | grad norm: 0.618186 | number of skipped iterations:   0 | number of nan iterations:   0 |
[2026-08-28 16:14:33][INFO] iteration      154/    1000 | consumed samples:        14784 | elapsed time per iteration (ms): 1010.2 | throughput (samples/sec/per_device): 11.879 | learning rate: 2.376878E-05 | global batch size:    96 | action loss: 1.979182E-01 | loss scale: 1.0 | grad norm: 0.656887 | number of skipped iterations:   0 | number of nan iterations:   0 |
[2026-08-28 16:14:34][INFO] iteration      155/    1000 | consumed samples:        14880 | elapsed time per iteration (ms): 1004.3 | throughput (samples/sec/per_device): 11.949 | learning rate: 2.375193E-05 | global batch size:    96 | action loss: 2.146133E-01 | loss scale: 1.0 | grad norm: 0.691033 | number of skipped iterations:   0 | number of nan iterations:   0 |
[2026-08-28 16:14:35][INFO] iteration      156/    1000 | consumed samples:        14976 | elapsed time per iteration (ms): 997.2 | throughput (samples/sec/per_device): 12.034 | learning rate: 2.373496E-05 | global batch size:    96 | action loss: 2.182381E-01 | loss scale: 1.0 | grad norm: 0.746204 | number of skipped iterations:   0 | number of nan iterations:   0 |
[2026-08-28 16:14:36][INFO] iteration      157/    1000 | consumed samples:        15072 | elapsed time per iteration (ms): 999.3 | throughput (samples/sec/per_device): 12.008 | learning rate: 2.371789E-05 | global batch size:    96 | action loss: 1.722452E-01 | loss scale: 1.0 | grad norm: 0.447496 | number of skipped iterations:   0 | number of nan iterations:   0 |
[2026-08-28 16:14:37][INFO] iteration      158/    1000 | consumed samples:        15168 | elapsed time per iteration (ms): 998.7 | throughput (samples/sec/per_device): 12.016 | learning rate: 2.370071E-05 | global batch size:    96 | action loss: 2.244011E-01 | loss scale: 1.0 | grad norm: 0.641483 | number of skipped iterations:   0 | number of nan iterations:   0 |
[2026-08-28 16:14:38][INFO] iteration      159/    1000 | consumed samples:        15264 | elapsed time per iteration (ms): 998.7 | throughput (samples/sec/per_device): 12.015 | learning rate: 2.368342E-05 | global batch size:    96 | action loss: 2.023360E-01 | loss scale: 1.0 | grad norm: 0.460963 | number of skipped iterations:   0 | number of nan iterations:   0 |
[2026-08-28 16:14:39][INFO] iteration      160/    1000 | consumed samples:        15360 | elapsed time per iteration (ms): 1028.2 | throughput (samples/sec/per_device): 11.671 | learning rate: 2.366603E-05 | global batch size:    96 | action loss: 1.856522E-01 | loss scale: 1.0 | grad norm: 0.615215 | number of skipped iterations:   0 | number of nan iterations:   0 |
[2026-08-28 16:14:39][INFO] max time across ranks (ms):
    forward-backward................................: 863.20
    forward-compute.................................: 277.14
    backward-compute................................: 584.21
    batch-generator.................................: 1.57
    nan-grad-cleanup................................: 15.44
    grad-clip.......................................: 41.86
    optimizer.......................................: 116.83
    optimizer-inner-step............................: 115.76
    optimizer-scheduler-step........................: 1.12
    optimizer-zero-grad.............................: 1.07
[2026-08-28 16:14:40][INFO] iteration      161/    1000 | consumed samples:        15456 | elapsed time per iteration (ms): 1000.3 | throughput (samples/sec/per_device): 11.997 | learning rate: 2.364852E-05 | global batch size:    96 | action loss: 2.058928E-01 | loss scale: 1.0 | grad norm: 0.627650 | number of skipped iterations:   0 | number of nan iterations:   0 |
[2026-08-28 16:14:41][INFO] iteration      162/    1000 | consumed samples:        15552 | elapsed time per iteration (ms): 1000.3 | throughput (samples/sec/per_device): 11.997 | learning rate: 2.363091E-05 | global batch size:    96 | action loss: 2.047957E-01 | loss scale: 1.0 | grad norm: 0.585616 | number of skipped iterations:   0 | number of nan iterations:   0 |
[2026-08-28 16:14:42][INFO] iteration      163/    1000 | consumed samples:        15648 | elapsed time per iteration (ms): 999.1 | throughput (samples/sec/per_device): 12.011 | learning rate: 2.361320E-05 | global batch size:    96 | action loss: 1.939666E-01 | loss scale: 1.0 | grad norm: 0.642042 | number of skipped iterations:   0 | number of nan iterations:   0 |
[2026-08-28 16:14:43][INFO] iteration      164/    1000 | consumed samples:        15744 | elapsed time per iteration (ms): 1001.1 | throughput (samples/sec/per_device): 11.987 | learning rate: 2.359537E-05 | global batch size:    96 | action loss: 2.004814E-01 | loss scale: 1.0 | grad norm: 0.601219 | number of skipped iterations:   0 | number of nan iterations:   0 |
[2026-08-28 16:14:44][INFO] iteration      165/    1000 | consumed samples:        15840 | elapsed time per iteration (ms): 1001.2 | throughput (samples/sec/per_device): 11.986 | learning rate: 2.357744E-05 | global batch size:    96 | action loss: 1.939108E-01 | loss scale: 1.0 | grad norm: 0.532189 | number of skipped iterations:   0 | number of nan iterations:   0 |
[2026-08-28 16:14:45][INFO] iteration      166/    1000 | consumed samples:        15936 | elapsed time per iteration (ms): 1003.0 | throughput (samples/sec/per_device): 11.964 | learning rate: 2.355940E-05 | global batch size:    96 | action loss: 1.772517E-01 | loss scale: 1.0 | grad norm: 0.486865 | number of skipped iterations:   0 | number of nan iterations:   0 |
[2026-08-28 16:14:46][INFO] iteration      167/    1000 | consumed samples:        16032 | elapsed time per iteration (ms): 1000.2 | throughput (samples/sec/per_device): 11.998 | learning rate: 2.354126E-05 | global batch size:    96 | action loss: 2.022249E-01 | loss scale: 1.0 | grad norm: 0.655295 | number of skipped iterations:   0 | number of nan iterations:   0 |
[2026-08-28 16:14:47][INFO] iteration      168/    1000 | consumed samples:        16128 | elapsed time per iteration (ms): 1001.5 | throughput (samples/sec/per_device): 11.982 | learning rate: 2.352301E-05 | global batch size:    96 | action loss: 2.179930E-01 | loss scale: 1.0 | grad norm: 0.510788 | number of skipped iterations:   0 | number of nan iterations:   0 |
[2026-08-28 16:14:48][INFO] iteration      169/    1000 | consumed samples:        16224 | elapsed time per iteration (ms): 1001.5 | throughput (samples/sec/per_device): 11.982 | learning rate: 2.350465E-05 | global batch size:    96 | action loss: 2.211519E-01 | loss scale: 1.0 | grad norm: 0.612218 | number of skipped iterations:   0 | number of nan iterations:   0 |
[2026-08-28 16:14:49][INFO] iteration      170/    1000 | consumed samples:        16320 | elapsed time per iteration (ms): 1000.1 | throughput (samples/sec/per_device): 11.999 | learning rate: 2.348619E-05 | global batch size:    96 | action loss: 1.784687E-01 | loss scale: 1.0 | grad norm: 0.447999 | number of skipped iterations:   0 | number of nan iterations:   0 |
[2026-08-28 16:14:50][INFO] iteration      171/    1000 | consumed samples:        16416 | elapsed time per iteration (ms): 1003.0 | throughput (samples/sec/per_device): 11.965 | learning rate: 2.346763E-05 | global batch size:    96 | action loss: 2.081221E-01 | loss scale: 1.0 | grad norm: 0.611709 | number of skipped iterations:   0 | number of nan iterations:   0 |
[2026-08-28 16:14:51][INFO] iteration      172/    1000 | consumed samples:        16512 | elapsed time per iteration (ms): 1001.2 | throughput (samples/sec/per_device): 11.986 | learning rate: 2.344895E-05 | global batch size:    96 | action loss: 1.875562E-01 | loss scale: 1.0 | grad norm: 0.603541 | number of skipped iterations:   0 | number of nan iterations:   0 |
[2026-08-28 16:14:52][INFO] iteration      173/    1000 | consumed samples:        16608 | elapsed time per iteration (ms): 999.3 | throughput (samples/sec/per_device): 12.009 | learning rate: 2.343018E-05 | global batch size:    96 | action loss: 1.887655E-01 | loss scale: 1.0 | grad norm: 0.415645 | number of skipped iterations:   0 | number of nan iterations:   0 |
[2026-08-28 16:14:53][INFO] iteration      174/    1000 | consumed samples:        16704 | elapsed time per iteration (ms): 1000.4 | throughput (samples/sec/per_device): 11.995 | learning rate: 2.341129E-05 | global batch size:    96 | action loss: 1.852801E-01 | loss scale: 1.0 | grad norm: 0.434919 | number of skipped iterations:   0 | number of nan iterations:   0 |
[2026-08-28 16:14:54][INFO] iteration      175/    1000 | consumed samples:        16800 | elapsed time per iteration (ms): 1001.3 | throughput (samples/sec/per_device): 11.984 | learning rate: 2.339230E-05 | global batch size:    96 | action loss: 2.226392E-01 | loss scale: 1.0 | grad norm: 0.543657 | number of skipped iterations:   0 | number of nan iterations:   0 |
[2026-08-28 16:14:55][INFO] iteration      176/    1000 | consumed samples:        16896 | elapsed time per iteration (ms): 1001.8 | throughput (samples/sec/per_device): 11.978 | learning rate: 2.337321E-05 | global batch size:    96 | action loss: 1.888224E-01 | loss scale: 1.0 | grad norm: 0.513339 | number of skipped iterations:   0 | number of nan iterations:   0 |
[2026-08-28 16:14:56][INFO] iteration      177/    1000 | consumed samples:        16992 | elapsed time per iteration (ms): 1001.5 | throughput (samples/sec/per_device): 11.983 | learning rate: 2.335402E-05 | global batch size:    96 | action loss: 2.071546E-01 | loss scale: 1.0 | grad norm: 0.597195 | number of skipped iterations:   0 | number of nan iterations:   0 |
[2026-08-28 16:14:57][INFO] iteration      178/    1000 | consumed samples:        17088 | elapsed time per iteration (ms): 1000.9 | throughput (samples/sec/per_device): 11.990 | learning rate: 2.333471E-05 | global batch size:    96 | action loss: 1.750437E-01 | loss scale: 1.0 | grad norm: 0.567971 | number of skipped iterations:   0 | number of nan iterations:   0 |
[2026-08-28 16:14:58][INFO] iteration      179/    1000 | consumed samples:        17184 | elapsed time per iteration (ms): 1000.3 | throughput (samples/sec/per_device): 11.997 | learning rate: 2.331531E-05 | global batch size:    96 | action loss: 1.986585E-01 | loss scale: 1.0 | grad norm: 0.506627 | number of skipped iterations:   0 | number of nan iterations:   0 |
[2026-08-28 16:14:59][INFO] iteration      180/    1000 | consumed samples:        17280 | elapsed time per iteration (ms): 1013.2 | throughput (samples/sec/per_device): 11.843 | learning rate: 2.329580E-05 | global batch size:    96 | action loss: 1.954463E-01 | loss scale: 1.0 | grad norm: 0.518862 | number of skipped iterations:   0 | number of nan iterations:   0 |
[2026-08-28 16:14:59][INFO] max time across ranks (ms):
    forward-backward................................: 867.78
    forward-compute.................................: 278.66
    backward-compute................................: 588.87
    batch-generator.................................: 1.67
    nan-grad-cleanup................................: 12.86
    grad-clip.......................................: 33.43
    optimizer.......................................: 97.49
    optimizer-inner-step............................: 96.44
    optimizer-scheduler-step........................: 1.04
    optimizer-zero-grad.............................: 1.02
[2026-08-28 16:15:00][INFO] iteration      181/    1000 | consumed samples:        17376 | elapsed time per iteration (ms): 1000.9 | throughput (samples/sec/per_device): 11.989 | learning rate: 2.327619E-05 | global batch size:    96 | action loss: 1.841201E-01 | loss scale: 1.0 | grad norm: 0.649782 | number of skipped iterations:   0 | number of nan iterations:   0 |
[2026-08-28 16:15:01][INFO] iteration      182/    1000 | consumed samples:        17472 | elapsed time per iteration (ms): 1002.7 | throughput (samples/sec/per_device): 11.968 | learning rate: 2.325647E-05 | global batch size:    96 | action loss: 1.857572E-01 | loss scale: 1.0 | grad norm: 0.571934 | number of skipped iterations:   0 | number of nan iterations:   0 |
[2026-08-28 16:15:02][INFO] iteration      183/    1000 | consumed samples:        17568 | elapsed time per iteration (ms): 1002.0 | throughput (samples/sec/per_device): 11.977 | learning rate: 2.323665E-05 | global batch size:    96 | action loss: 1.959123E-01 | loss scale: 1.0 | grad norm: 0.624235 | number of skipped iterations:   0 | number of nan iterations:   0 |
[2026-08-28 16:15:03][INFO] iteration      184/    1000 | consumed samples:        17664 | elapsed time per iteration (ms): 1004.9 | throughput (samples/sec/per_device): 11.942 | learning rate: 2.321673E-05 | global batch size:    96 | action loss: 2.036892E-01 | loss scale: 1.0 | grad norm: 0.572604 | number of skipped iterations:   0 | number of nan iterations:   0 |
[2026-08-28 16:15:04][INFO] iteration      185/    1000 | consumed samples:        17760 | elapsed time per iteration (ms): 1007.3 | throughput (samples/sec/per_device): 11.913 | learning rate: 2.319671E-05 | global batch size:    96 | action loss: 1.897873E-01 | loss scale: 1.0 | grad norm: 0.534202 | number of skipped iterations:   0 | number of nan iterations:   0 |
[2026-08-28 16:15:05][INFO] iteration      186/    1000 | consumed samples:        17856 | elapsed time per iteration (ms): 1001.6 | throughput (samples/sec/per_device): 11.981 | learning rate: 2.317658E-05 | global batch size:    96 | action loss: 1.848520E-01 | loss scale: 1.0 | grad norm: 0.618179 | number of skipped iterations:   0 | number of nan iterations:   0 |
[2026-08-28 16:15:06][INFO] iteration      187/    1000 | consumed samples:        17952 | elapsed time per iteration (ms): 1002.5 | throughput (samples/sec/per_device): 11.970 | learning rate: 2.315635E-05 | global batch size:    96 | action loss: 1.842154E-01 | loss scale: 1.0 | grad norm: 0.482417 | number of skipped iterations:   0 | number of nan iterations:   0 |
[2026-08-28 16:15:07][INFO] iteration      188/    1000 | consumed samples:        18048 | elapsed time per iteration (ms): 1002.6 | throughput (samples/sec/per_device): 11.969 | learning rate: 2.313601E-05 | global batch size:    96 | action loss: 1.877259E-01 | loss scale: 1.0 | grad norm: 0.594044 | number of skipped iterations:   0 | number of nan iterations:   0 |
[2026-08-28 16:15:08][INFO] iteration      189/    1000 | consumed samples:        18144 | elapsed time per iteration (ms): 1001.0 | throughput (samples/sec/per_device): 11.988 | learning rate: 2.311558E-05 | global batch size:    96 | action loss: 1.924353E-01 | loss scale: 1.0 | grad norm: 0.514646 | number of skipped iterations:   0 | number of nan iterations:   0 |
[2026-08-28 16:15:09][INFO] iteration      190/    1000 | consumed samples:        18240 | elapsed time per iteration (ms): 1003.2 | throughput (samples/sec/per_device): 11.962 | learning rate: 2.309504E-05 | global batch size:    96 | action loss: 1.850987E-01 | loss scale: 1.0 | grad norm: 0.722108 | number of skipped iterations:   0 | number of nan iterations:   0 |
[2026-08-28 16:15:10][INFO] iteration      191/    1000 | consumed samples:        18336 | elapsed time per iteration (ms): 1002.0 | throughput (samples/sec/per_device): 11.976 | learning rate: 2.307440E-05 | global batch size:    96 | action loss: 2.219070E-01 | loss scale: 1.0 | grad norm: 0.656452 | number of skipped iterations:   0 | number of nan iterations:   0 |
[2026-08-28 16:15:11][INFO] iteration      192/    1000 | consumed samples:        18432 | elapsed time per iteration (ms): 1002.9 | throughput (samples/sec/per_device): 11.965 | learning rate: 2.305366E-05 | global batch size:    96 | action loss: 1.832536E-01 | loss scale: 1.0 | grad norm: 0.666674 | number of skipped iterations:   0 | number of nan iterations:   0 |
[2026-08-28 16:15:12][INFO] iteration      193/    1000 | consumed samples:        18528 | elapsed time per iteration (ms): 1009.5 | throughput (samples/sec/per_device): 11.887 | learning rate: 2.303282E-05 | global batch size:    96 | action loss: 1.822740E-01 | loss scale: 1.0 | grad norm: 0.615558 | number of skipped iterations:   0 | number of nan iterations:   0 |
[2026-08-28 16:15:14][INFO] iteration      194/    1000 | consumed samples:        18624 | elapsed time per iteration (ms): 1003.8 | throughput (samples/sec/per_device): 11.954 | learning rate: 2.301188E-05 | global batch size:    96 | action loss: 2.044860E-01 | loss scale: 1.0 | grad norm: 0.869077 | number of skipped iterations:   0 | number of nan iterations:   0 |
[2026-08-28 16:15:15][INFO] iteration      195/    1000 | consumed samples:        18720 | elapsed time per iteration (ms): 1004.0 | throughput (samples/sec/per_device): 11.952 | learning rate: 2.299084E-05 | global batch size:    96 | action loss: 1.768716E-01 | loss scale: 1.0 | grad norm: 0.716717 | number of skipped iterations:   0 | number of nan iterations:   0 |
[2026-08-28 16:15:16][INFO] iteration      196/    1000 | consumed samples:        18816 | elapsed time per iteration (ms): 1003.8 | throughput (samples/sec/per_device): 11.955 | learning rate: 2.296969E-05 | global batch size:    96 | action loss: 1.853192E-01 | loss scale: 1.0 | grad norm: 0.567517 | number of skipped iterations:   0 | number of nan iterations:   0 |
[2026-08-28 16:15:17][INFO] iteration      197/    1000 | consumed samples:        18912 | elapsed time per iteration (ms): 1004.2 | throughput (samples/sec/per_device): 11.950 | learning rate: 2.294845E-05 | global batch size:    96 | action loss: 1.854322E-01 | loss scale: 1.0 | grad norm: 0.502343 | number of skipped iterations:   0 | number of nan iterations:   0 |
[2026-08-28 16:15:18][INFO] iteration      198/    1000 | consumed samples:        19008 | elapsed time per iteration (ms): 1007.0 | throughput (samples/sec/per_device): 11.916 | learning rate: 2.292711E-05 | global batch size:    96 | action loss: 1.742343E-01 | loss scale: 1.0 | grad norm: 0.521037 | number of skipped iterations:   0 | number of nan iterations:   0 |
[2026-08-28 16:15:19][INFO] iteration      199/    1000 | consumed samples:        19104 | elapsed time per iteration (ms): 1017.3 | throughput (samples/sec/per_device): 11.796 | learning rate: 2.290566E-05 | global batch size:    96 | action loss: 2.065757E-01 | loss scale: 1.0 | grad norm: 0.924966 | number of skipped iterations:   0 | number of nan iterations:   0 |
[2026-08-28 16:15:20][INFO] iteration      200/    1000 | consumed samples:        19200 | elapsed time per iteration (ms): 1026.7 | throughput (samples/sec/per_device): 11.688 | learning rate: 2.288412E-05 | global batch size:    96 | action loss: 2.131723E-01 | loss scale: 1.0 | grad norm: 0.623152 | number of skipped iterations:   0 | number of nan iterations:   0 |
[2026-08-28 16:15:20][INFO] max time across ranks (ms):
    forward-backward................................: 866.66
    forward-compute.................................: 278.34
    backward-compute................................: 586.78
    batch-generator.................................: 1.58
    nan-grad-cleanup................................: 14.55
    grad-clip.......................................: 39.03
    optimizer.......................................: 112.52
    optimizer-inner-step............................: 111.45
    optimizer-scheduler-step........................: 1.11
    optimizer-zero-grad.............................: 1.00
[2026-08-28 16:15:21][INFO] iteration      201/    1000 | consumed samples:        19296 | elapsed time per iteration (ms): 1000.1 | throughput (samples/sec/per_device): 11.999 | learning rate: 2.286248E-05 | global batch size:    96 | action loss: 2.121324E-01 | loss scale: 1.0 | grad norm: 0.442236 | number of skipped iterations:   0 | number of nan iterations:   0 |
[2026-08-28 16:15:22][INFO] iteration      202/    1000 | consumed samples:        19392 | elapsed time per iteration (ms): 1002.1 | throughput (samples/sec/per_device): 11.975 | learning rate: 2.284073E-05 | global batch size:    96 | action loss: 2.091506E-01 | loss scale: 1.0 | grad norm: 0.579973 | number of skipped iterations:   0 | number of nan iterations:   0 |
[2026-08-28 16:15:23][INFO] iteration      203/    1000 | consumed samples:        19488 | elapsed time per iteration (ms): 1001.5 | throughput (samples/sec/per_device): 11.982 | learning rate: 2.281889E-05 | global batch size:    96 | action loss: 1.803383E-01 | loss scale: 1.0 | grad norm: 0.517276 | number of skipped iterations:   0 | number of nan iterations:   0 |
[2026-08-28 16:15:24][INFO] iteration      204/    1000 | consumed samples:        19584 | elapsed time per iteration (ms): 1005.8 | throughput (samples/sec/per_device): 11.931 | learning rate: 2.279695E-05 | global batch size:    96 | action loss: 1.803320E-01 | loss scale: 1.0 | grad norm: 0.742771 | number of skipped iterations:   0 | number of nan iterations:   0 |
[2026-08-28 16:15:25][INFO] iteration      205/    1000 | consumed samples:        19680 | elapsed time per iteration (ms): 1002.3 | throughput (samples/sec/per_device): 11.973 | learning rate: 2.277491E-05 | global batch size:    96 | action loss: 2.002320E-01 | loss scale: 1.0 | grad norm: 0.603812 | number of skipped iterations:   0 | number of nan iterations:   0 |
[2026-08-28 16:15:26][INFO] iteration      206/    1000 | consumed samples:        19776 | elapsed time per iteration (ms): 1003.5 | throughput (samples/sec/per_device): 11.958 | learning rate: 2.275277E-05 | global batch size:    96 | action loss: 1.888657E-01 | loss scale: 1.0 | grad norm: 0.610065 | number of skipped iterations:   0 | number of nan iterations:   0 |
[2026-08-28 16:15:27][INFO] iteration      207/    1000 | consumed samples:        19872 | elapsed time per iteration (ms): 1002.2 | throughput (samples/sec/per_device): 11.974 | learning rate: 2.273054E-05 | global batch size:    96 | action loss: 1.790437E-01 | loss scale: 1.0 | grad norm: 0.457301 | number of skipped iterations:   0 | number of nan iterations:   0 |
[2026-08-28 16:15:28][INFO] iteration      208/    1000 | consumed samples:        19968 | elapsed time per iteration (ms): 1003.3 | throughput (samples/sec/per_device): 11.961 | learning rate: 2.270820E-05 | global batch size:    96 | action loss: 1.993615E-01 | loss scale: 1.0 | grad norm: 0.543783 | number of skipped iterations:   0 | number of nan iterations:   0 |
[2026-08-28 16:15:29][INFO] iteration      209/    1000 | consumed samples:        20064 | elapsed time per iteration (ms): 1005.3 | throughput (samples/sec/per_device): 11.936 | learning rate: 2.268577E-05 | global batch size:    96 | action loss: 1.840994E-01 | loss scale: 1.0 | grad norm: 0.566934 | number of skipped iterations:   0 | number of nan iterations:   0 |
[2026-08-28 16:15:30][INFO] iteration      210/    1000 | consumed samples:        20160 | elapsed time per iteration (ms): 999.3 | throughput (samples/sec/per_device): 12.008 | learning rate: 2.266324E-05 | global batch size:    96 | action loss: 1.598572E-01 | loss scale: 1.0 | grad norm: 0.488108 | number of skipped iterations:   0 | number of nan iterations:   0 |
[2026-08-28 16:15:31][INFO] iteration      211/    1000 | consumed samples:        20256 | elapsed time per iteration (ms): 1004.1 | throughput (samples/sec/per_device): 11.951 | learning rate: 2.264062E-05 | global batch size:    96 | action loss: 1.685324E-01 | loss scale: 1.0 | grad norm: 0.634882 | number of skipped iterations:   0 | number of nan iterations:   0 |
[2026-08-28 16:15:32][INFO] iteration      212/    1000 | consumed samples:        20352 | elapsed time per iteration (ms): 1015.2 | throughput (samples/sec/per_device): 11.820 | learning rate: 2.261789E-05 | global batch size:    96 | action loss: 2.081343E-01 | loss scale: 1.0 | grad norm: 0.765183 | number of skipped iterations:   0 | number of nan iterations:   0 |
[2026-08-28 16:15:33][INFO] iteration      213/    1000 | consumed samples:        20448 | elapsed time per iteration (ms): 1006.3 | throughput (samples/sec/per_device): 11.925 | learning rate: 2.259507E-05 | global batch size:    96 | action loss: 1.930071E-01 | loss scale: 1.0 | grad norm: 0.567353 | number of skipped iterations:   0 | number of nan iterations:   0 |
[2026-08-28 16:15:34][INFO] iteration      214/    1000 | consumed samples:        20544 | elapsed time per iteration (ms): 1002.0 | throughput (samples/sec/per_device): 11.976 | learning rate: 2.257216E-05 | global batch size:    96 | action loss: 2.126751E-01 | loss scale: 1.0 | grad norm: 0.771525 | number of skipped iterations:   0 | number of nan iterations:   0 |
[2026-08-28 16:15:35][INFO] iteration      215/    1000 | consumed samples:        20640 | elapsed time per iteration (ms): 1000.3 | throughput (samples/sec/per_device): 11.996 | learning rate: 2.254914E-05 | global batch size:    96 | action loss: 1.871554E-01 | loss scale: 1.0 | grad norm: 0.643578 | number of skipped iterations:   0 | number of nan iterations:   0 |
[2026-08-28 16:15:36][INFO] iteration      216/    1000 | consumed samples:        20736 | elapsed time per iteration (ms): 1000.9 | throughput (samples/sec/per_device): 11.990 | learning rate: 2.252603E-05 | global batch size:    96 | action loss: 1.901937E-01 | loss scale: 1.0 | grad norm: 0.804806 | number of skipped iterations:   0 | number of nan iterations:   0 |
[2026-08-28 16:15:37][INFO] iteration      217/    1000 | consumed samples:        20832 | elapsed time per iteration (ms): 1001.5 | throughput (samples/sec/per_device): 11.982 | learning rate: 2.250283E-05 | global batch size:    96 | action loss: 2.071185E-01 | loss scale: 1.0 | grad norm: 0.541310 | number of skipped iterations:   0 | number of nan iterations:   0 |
[2026-08-28 16:15:38][INFO] iteration      218/    1000 | consumed samples:        20928 | elapsed time per iteration (ms): 1001.8 | throughput (samples/sec/per_device): 11.978 | learning rate: 2.247953E-05 | global batch size:    96 | action loss: 2.078510E-01 | loss scale: 1.0 | grad norm: 0.746430 | number of skipped iterations:   0 | number of nan iterations:   0 |
[2026-08-28 16:15:39][INFO] iteration      219/    1000 | consumed samples:        21024 | elapsed time per iteration (ms): 1004.0 | throughput (samples/sec/per_device): 11.953 | learning rate: 2.245613E-05 | global batch size:    96 | action loss: 2.063704E-01 | loss scale: 1.0 | grad norm: 0.459074 | number of skipped iterations:   0 | number of nan iterations:   0 |
[2026-08-28 16:15:40][INFO] iteration      220/    1000 | consumed samples:        21120 | elapsed time per iteration (ms): 1013.8 | throughput (samples/sec/per_device): 11.836 | learning rate: 2.243264E-05 | global batch size:    96 | action loss: 2.026946E-01 | loss scale: 1.0 | grad norm: 0.519470 | number of skipped iterations:   0 | number of nan iterations:   0 |
[2026-08-28 16:15:40][INFO] max time across ranks (ms):
    forward-backward................................: 867.10
    forward-compute.................................: 278.52
    backward-compute................................: 587.96
    batch-generator.................................: 1.50
    nan-grad-cleanup................................: 13.03
    grad-clip.......................................: 33.14
    optimizer.......................................: 98.15
    optimizer-inner-step............................: 97.06
    optimizer-scheduler-step........................: 1.21
    optimizer-zero-grad.............................: 1.00
[2026-08-28 16:15:41][INFO] iteration      221/    1000 | consumed samples:        21216 | elapsed time per iteration (ms): 1003.3 | throughput (samples/sec/per_device): 11.961 | learning rate: 2.240905E-05 | global batch size:    96 | action loss: 2.056915E-01 | loss scale: 1.0 | grad norm: 0.717344 | number of skipped iterations:   0 | number of nan iterations:   0 |
[2026-08-28 16:15:42][INFO] iteration      222/    1000 | consumed samples:        21312 | elapsed time per iteration (ms): 1006.9 | throughput (samples/sec/per_device): 11.918 | learning rate: 2.238537E-05 | global batch size:    96 | action loss: 1.890254E-01 | loss scale: 1.0 | grad norm: 0.655134 | number of skipped iterations:   0 | number of nan iterations:   0 |
[2026-08-28 16:15:43][INFO] iteration      223/    1000 | consumed samples:        21408 | elapsed time per iteration (ms): 1103.4 | throughput (samples/sec/per_device): 10.876 | learning rate: 2.236159E-05 | global batch size:    96 | action loss: 1.978256E-01 | loss scale: 1.0 | grad norm: 0.601476 | number of skipped iterations:   0 | number of nan iterations:   0 |
[2026-08-28 16:15:44][INFO] iteration      224/    1000 | consumed samples:        21504 | elapsed time per iteration (ms): 1003.1 | throughput (samples/sec/per_device): 11.963 | learning rate: 2.233772E-05 | global batch size:    96 | action loss: 2.061989E-01 | loss scale: 1.0 | grad norm: 0.540343 | number of skipped iterations:   0 | number of nan iterations:   0 |
[2026-08-28 16:15:45][INFO] iteration      225/    1000 | consumed samples:        21600 | elapsed time per iteration (ms): 1002.4 | throughput (samples/sec/per_device): 11.972 | learning rate: 2.231376E-05 | global batch size:    96 | action loss: 1.903696E-01 | loss scale: 1.0 | grad norm: 0.607616 | number of skipped iterations:   0 | number of nan iterations:   0 |
[2026-08-28 16:15:46][INFO] iteration      226/    1000 | consumed samples:        21696 | elapsed time per iteration (ms): 1000.4 | throughput (samples/sec/per_device): 11.995 | learning rate: 2.228970E-05 | global batch size:    96 | action loss: 1.843462E-01 | loss scale: 1.0 | grad norm: 0.489633 | number of skipped iterations:   0 | number of nan iterations:   0 |
[2026-08-28 16:15:47][INFO] iteration      227/    1000 | consumed samples:        21792 | elapsed time per iteration (ms): 1001.2 | throughput (samples/sec/per_device): 11.985 | learning rate: 2.226555E-05 | global batch size:    96 | action loss: 1.703040E-01 | loss scale: 1.0 | grad norm: 0.550505 | number of skipped iterations:   0 | number of nan iterations:   0 |
[2026-08-28 16:15:48][INFO] iteration      228/    1000 | consumed samples:        21888 | elapsed time per iteration (ms): 1004.6 | throughput (samples/sec/per_device): 11.945 | learning rate: 2.224130E-05 | global batch size:    96 | action loss: 1.857761E-01 | loss scale: 1.0 | grad norm: 0.619122 | number of skipped iterations:   0 | number of nan iterations:   0 |
[2026-08-28 16:15:49][INFO] iteration      229/    1000 | consumed samples:        21984 | elapsed time per iteration (ms): 1002.6 | throughput (samples/sec/per_device): 11.969 | learning rate: 2.221696E-05 | global batch size:    96 | action loss: 1.891654E-01 | loss scale: 1.0 | grad norm: 0.686071 | number of skipped iterations:   0 | number of nan iterations:   0 |
[2026-08-28 16:15:50][INFO] iteration      230/    1000 | consumed samples:        22080 | elapsed time per iteration (ms): 999.3 | throughput (samples/sec/per_device): 12.008 | learning rate: 2.219253E-05 | global batch size:    96 | action loss: 1.884976E-01 | loss scale: 1.0 | grad norm: 0.556972 | number of skipped iterations:   0 | number of nan iterations:   0 |
[2026-08-28 16:15:51][INFO] iteration      231/    1000 | consumed samples:        22176 | elapsed time per iteration (ms): 1001.6 | throughput (samples/sec/per_device): 11.981 | learning rate: 2.216801E-05 | global batch size:    96 | action loss: 1.591544E-01 | loss scale: 1.0 | grad norm: 0.445621 | number of skipped iterations:   0 | number of nan iterations:   0 |
[2026-08-28 16:15:52][INFO] iteration      232/    1000 | consumed samples:        22272 | elapsed time per iteration (ms): 999.5 | throughput (samples/sec/per_device): 12.006 | learning rate: 2.214339E-05 | global batch size:    96 | action loss: 1.773684E-01 | loss scale: 1.0 | grad norm: 0.587827 | number of skipped iterations:   0 | number of nan iterations:   0 |
[2026-08-28 16:15:53][INFO] iteration      233/    1000 | consumed samples:        22368 | elapsed time per iteration (ms): 1000.1 | throughput (samples/sec/per_device): 11.999 | learning rate: 2.211869E-05 | global batch size:    96 | action loss: 1.763189E-01 | loss scale: 1.0 | grad norm: 0.564732 | number of skipped iterations:   0 | number of nan iterations:   0 |
[2026-08-28 16:15:54][INFO] iteration      234/    1000 | consumed samples:        22464 | elapsed time per iteration (ms): 999.3 | throughput (samples/sec/per_device): 12.008 | learning rate: 2.209389E-05 | global batch size:    96 | action loss: 1.775572E-01 | loss scale: 1.0 | grad norm: 0.523328 | number of skipped iterations:   0 | number of nan iterations:   0 |
[2026-08-28 16:15:55][INFO] iteration      235/    1000 | consumed samples:        22560 | elapsed time per iteration (ms): 999.8 | throughput (samples/sec/per_device): 12.002 | learning rate: 2.206899E-05 | global batch size:    96 | action loss: 1.759193E-01 | loss scale: 1.0 | grad norm: 0.589885 | number of skipped iterations:   0 | number of nan iterations:   0 |
[2026-08-28 16:15:56][INFO] iteration      236/    1000 | consumed samples:        22656 | elapsed time per iteration (ms): 1000.5 | throughput (samples/sec/per_device): 11.994 | learning rate: 2.204401E-05 | global batch size:    96 | action loss: 1.833500E-01 | loss scale: 1.0 | grad norm: 0.532952 | number of skipped iterations:   0 | number of nan iterations:   0 |
[2026-08-28 16:15:57][INFO] iteration      237/    1000 | consumed samples:        22752 | elapsed time per iteration (ms): 1000.6 | throughput (samples/sec/per_device): 11.992 | learning rate: 2.201894E-05 | global batch size:    96 | action loss: 1.862312E-01 | loss scale: 1.0 | grad norm: 0.657759 | number of skipped iterations:   0 | number of nan iterations:   0 |
[2026-08-28 16:15:58][INFO] iteration      238/    1000 | consumed samples:        22848 | elapsed time per iteration (ms): 1002.7 | throughput (samples/sec/per_device): 11.968 | learning rate: 2.199377E-05 | global batch size:    96 | action loss: 1.849483E-01 | loss scale: 1.0 | grad norm: 0.515490 | number of skipped iterations:   0 | number of nan iterations:   0 |
[2026-08-28 16:15:59][INFO] iteration      239/    1000 | consumed samples:        22944 | elapsed time per iteration (ms): 998.5 | throughput (samples/sec/per_device): 12.018 | learning rate: 2.196852E-05 | global batch size:    96 | action loss: 1.841136E-01 | loss scale: 1.0 | grad norm: 0.627782 | number of skipped iterations:   0 | number of nan iterations:   0 |
[2026-08-28 16:16:00][INFO] iteration      240/    1000 | consumed samples:        23040 | elapsed time per iteration (ms): 1012.2 | throughput (samples/sec/per_device): 11.855 | learning rate: 2.194317E-05 | global batch size:    96 | action loss: 1.746922E-01 | loss scale: 1.0 | grad norm: 0.657204 | number of skipped iterations:   0 | number of nan iterations:   0 |
[2026-08-28 16:16:00][INFO] max time across ranks (ms):
    forward-backward................................: 864.78
    forward-compute.................................: 277.82
    backward-compute................................: 585.86
    batch-generator.................................: 1.52
    nan-grad-cleanup................................: 15.90
    grad-clip.......................................: 32.93
    optimizer.......................................: 99.10
    optimizer-inner-step............................: 97.97
    optimizer-scheduler-step........................: 1.26
    optimizer-zero-grad.............................: 0.95
[2026-08-28 16:16:01][INFO] iteration      241/    1000 | consumed samples:        23136 | elapsed time per iteration (ms): 999.0 | throughput (samples/sec/per_device): 12.011 | learning rate: 2.191774E-05 | global batch size:    96 | action loss: 1.762228E-01 | loss scale: 1.0 | grad norm: 0.582538 | number of skipped iterations:   0 | number of nan iterations:   0 |
[2026-08-28 16:16:02][INFO] iteration      242/    1000 | consumed samples:        23232 | elapsed time per iteration (ms): 1010.1 | throughput (samples/sec/per_device): 11.880 | learning rate: 2.189221E-05 | global batch size:    96 | action loss: 1.679394E-01 | loss scale: 1.0 | grad norm: 0.500792 | number of skipped iterations:   0 | number of nan iterations:   0 |
[2026-08-28 16:16:03][INFO] iteration      243/    1000 | consumed samples:        23328 | elapsed time per iteration (ms): 1010.1 | throughput (samples/sec/per_device): 11.880 | learning rate: 2.186660E-05 | global batch size:    96 | action loss: 1.853054E-01 | loss scale: 1.0 | grad norm: 0.593892 | number of skipped iterations:   0 | number of nan iterations:   0 |
[2026-08-28 16:16:04][INFO] iteration      244/    1000 | consumed samples:        23424 | elapsed time per iteration (ms): 998.7 | throughput (samples/sec/per_device): 12.016 | learning rate: 2.184089E-05 | global batch size:    96 | action loss: 1.811111E-01 | loss scale: 1.0 | grad norm: 0.559966 | number of skipped iterations:   0 | number of nan iterations:   0 |
[2026-08-28 16:16:05][INFO] iteration      245/    1000 | consumed samples:        23520 | elapsed time per iteration (ms): 1002.2 | throughput (samples/sec/per_device): 11.974 | learning rate: 2.181510E-05 | global batch size:    96 | action loss: 1.836864E-01 | loss scale: 1.0 | grad norm: 0.673290 | number of skipped iterations:   0 | number of nan iterations:   0 |
[2026-08-28 16:16:06][INFO] iteration      246/    1000 | consumed samples:        23616 | elapsed time per iteration (ms): 998.5 | throughput (samples/sec/per_device): 12.018 | learning rate: 2.178922E-05 | global batch size:    96 | action loss: 1.739427E-01 | loss scale: 1.0 | grad norm: 0.497228 | number of skipped iterations:   0 | number of nan iterations:   0 |
[2026-08-28 16:16:07][INFO] iteration      247/    1000 | consumed samples:        23712 | elapsed time per iteration (ms): 1005.6 | throughput (samples/sec/per_device): 11.934 | learning rate: 2.176325E-05 | global batch size:    96 | action loss: 1.732492E-01 | loss scale: 1.0 | grad norm: 0.525425 | number of skipped iterations:   0 | number of nan iterations:   0 |
[2026-08-28 16:16:08][INFO] iteration      248/    1000 | consumed samples:        23808 | elapsed time per iteration (ms): 998.9 | throughput (samples/sec/per_device): 12.013 | learning rate: 2.173719E-05 | global batch size:    96 | action loss: 1.907344E-01 | loss scale: 1.0 | grad norm: 0.602711 | number of skipped iterations:   0 | number of nan iterations:   0 |
[2026-08-28 16:16:09][INFO] iteration      249/    1000 | consumed samples:        23904 | elapsed time per iteration (ms): 997.6 | throughput (samples/sec/per_device): 12.029 | learning rate: 2.171104E-05 | global batch size:    96 | action loss: 1.789021E-01 | loss scale: 1.0 | grad norm: 0.582437 | number of skipped iterations:   0 | number of nan iterations:   0 |
[2026-08-28 16:16:10][INFO] iteration      250/    1000 | consumed samples:        24000 | elapsed time per iteration (ms): 998.7 | throughput (samples/sec/per_device): 12.015 | learning rate: 2.168481E-05 | global batch size:    96 | action loss: 1.891956E-01 | loss scale: 1.0 | grad norm: 0.749687 | number of skipped iterations:   0 | number of nan iterations:   0 |
[2026-08-28 16:16:11][INFO] iteration      251/    1000 | consumed samples:        24096 | elapsed time per iteration (ms): 1000.7 | throughput (samples/sec/per_device): 11.992 | learning rate: 2.165849E-05 | global batch size:    96 | action loss: 1.821400E-01 | loss scale: 1.0 | grad norm: 0.577573 | number of skipped iterations:   0 | number of nan iterations:   0 |
[2026-08-28 16:16:12][INFO] iteration      252/    1000 | consumed samples:        24192 | elapsed time per iteration (ms): 999.1 | throughput (samples/sec/per_device): 12.010 | learning rate: 2.163208E-05 | global batch size:    96 | action loss: 1.816890E-01 | loss scale: 1.0 | grad norm: 0.551053 | number of skipped iterations:   0 | number of nan iterations:   0 |
[2026-08-28 16:16:13][INFO] iteration      253/    1000 | consumed samples:        24288 | elapsed time per iteration (ms): 1002.5 | throughput (samples/sec/per_device): 11.970 | learning rate: 2.160558E-05 | global batch size:    96 | action loss: 1.510658E-01 | loss scale: 1.0 | grad norm: 0.616895 | number of skipped iterations:   0 | number of nan iterations:   0 |
[2026-08-28 16:16:14][INFO] iteration      254/    1000 | consumed samples:        24384 | elapsed time per iteration (ms): 997.7 | throughput (samples/sec/per_device): 12.027 | learning rate: 2.157900E-05 | global batch size:    96 | action loss: 2.135662E-01 | loss scale: 1.0 | grad norm: 0.647132 | number of skipped iterations:   0 | number of nan iterations:   0 |
[2026-08-28 16:16:15][INFO] iteration      255/    1000 | consumed samples:        24480 | elapsed time per iteration (ms): 1005.9 | throughput (samples/sec/per_device): 11.930 | learning rate: 2.155233E-05 | global batch size:    96 | action loss: 1.684029E-01 | loss scale: 1.0 | grad norm: 0.488937 | number of skipped iterations:   0 | number of nan iterations:   0 |
[2026-08-28 16:16:16][INFO] iteration      256/    1000 | consumed samples:        24576 | elapsed time per iteration (ms): 1002.8 | throughput (samples/sec/per_device): 11.967 | learning rate: 2.152557E-05 | global batch size:    96 | action loss: 1.676851E-01 | loss scale: 1.0 | grad norm: 0.455254 | number of skipped iterations:   0 | number of nan iterations:   0 |
[2026-08-28 16:16:17][INFO] iteration      257/    1000 | consumed samples:        24672 | elapsed time per iteration (ms): 999.7 | throughput (samples/sec/per_device): 12.004 | learning rate: 2.149873E-05 | global batch size:    96 | action loss: 1.654226E-01 | loss scale: 1.0 | grad norm: 0.617944 | number of skipped iterations:   0 | number of nan iterations:   0 |
[2026-08-28 16:16:18][INFO] iteration      258/    1000 | consumed samples:        24768 | elapsed time per iteration (ms): 1001.6 | throughput (samples/sec/per_device): 11.981 | learning rate: 2.147181E-05 | global batch size:    96 | action loss: 1.538788E-01 | loss scale: 1.0 | grad norm: 0.447954 | number of skipped iterations:   0 | number of nan iterations:   0 |
[2026-08-28 16:16:19][INFO] iteration      259/    1000 | consumed samples:        24864 | elapsed time per iteration (ms): 1010.4 | throughput (samples/sec/per_device): 11.876 | learning rate: 2.144480E-05 | global batch size:    96 | action loss: 1.665970E-01 | loss scale: 1.0 | grad norm: 0.707506 | number of skipped iterations:   0 | number of nan iterations:   0 |
[2026-08-28 16:16:20][INFO] iteration      260/    1000 | consumed samples:        24960 | elapsed time per iteration (ms): 1011.1 | throughput (samples/sec/per_device): 11.869 | learning rate: 2.141770E-05 | global batch size:    96 | action loss: 1.938461E-01 | loss scale: 1.0 | grad norm: 0.528032 | number of skipped iterations:   0 | number of nan iterations:   0 |
[2026-08-28 16:16:20][INFO] max time across ranks (ms):
    forward-backward................................: 866.40
    forward-compute.................................: 280.04
    backward-compute................................: 588.49
    batch-generator.................................: 1.49
    nan-grad-cleanup................................: 14.66
    grad-clip.......................................: 32.94
    optimizer.......................................: 96.52
    optimizer-inner-step............................: 95.45
    optimizer-scheduler-step........................: 1.03
    optimizer-zero-grad.............................: 1.20
[2026-08-28 16:16:21][INFO] iteration      261/    1000 | consumed samples:        25056 | elapsed time per iteration (ms): 999.4 | throughput (samples/sec/per_device): 12.007 | learning rate: 2.139052E-05 | global batch size:    96 | action loss: 1.664026E-01 | loss scale: 1.0 | grad norm: 0.570204 | number of skipped iterations:   0 | number of nan iterations:   0 |
[2026-08-28 16:16:22][INFO] iteration      262/    1000 | consumed samples:        25152 | elapsed time per iteration (ms): 1002.0 | throughput (samples/sec/per_device): 11.976 | learning rate: 2.136325E-05 | global batch size:    96 | action loss: 1.833930E-01 | loss scale: 1.0 | grad norm: 0.561187 | number of skipped iterations:   0 | number of nan iterations:   0 |
[2026-08-28 16:16:23][INFO] iteration      263/    1000 | consumed samples:        25248 | elapsed time per iteration (ms): 1000.3 | throughput (samples/sec/per_device): 11.996 | learning rate: 2.133590E-05 | global batch size:    96 | action loss: 1.783213E-01 | loss scale: 1.0 | grad norm: 0.545907 | number of skipped iterations:   0 | number of nan iterations:   0 |
[2026-08-28 16:16:24][INFO] iteration      264/    1000 | consumed samples:        25344 | elapsed time per iteration (ms): 1001.7 | throughput (samples/sec/per_device): 11.980 | learning rate: 2.130847E-05 | global batch size:    96 | action loss: 1.668201E-01 | loss scale: 1.0 | grad norm: 0.609071 | number of skipped iterations:   0 | number of nan iterations:   0 |
[2026-08-28 16:16:25][INFO] iteration      265/    1000 | consumed samples:        25440 | elapsed time per iteration (ms): 999.6 | throughput (samples/sec/per_device): 12.005 | learning rate: 2.128095E-05 | global batch size:    96 | action loss: 1.843228E-01 | loss scale: 1.0 | grad norm: 0.678017 | number of skipped iterations:   0 | number of nan iterations:   0 |
[2026-08-28 16:16:26][INFO] iteration      266/    1000 | consumed samples:        25536 | elapsed time per iteration (ms): 1000.2 | throughput (samples/sec/per_device): 11.997 | learning rate: 2.125335E-05 | global batch size:    96 | action loss: 2.156508E-01 | loss scale: 1.0 | grad norm: 0.743031 | number of skipped iterations:   0 | number of nan iterations:   0 |
[2026-08-28 16:16:27][INFO] iteration      267/    1000 | consumed samples:        25632 | elapsed time per iteration (ms): 999.0 | throughput (samples/sec/per_device): 12.012 | learning rate: 2.122566E-05 | global batch size:    96 | action loss: 1.821681E-01 | loss scale: 1.0 | grad norm: 0.431757 | number of skipped iterations:   0 | number of nan iterations:   0 |
[2026-08-28 16:16:28][INFO] iteration      268/    1000 | consumed samples:        25728 | elapsed time per iteration (ms): 1000.7 | throughput (samples/sec/per_device): 11.992 | learning rate: 2.119789E-05 | global batch size:    96 | action loss: 1.723400E-01 | loss scale: 1.0 | grad norm: 0.496448 | number of skipped iterations:   0 | number of nan iterations:   0 |
[2026-08-28 16:16:29][INFO] iteration      269/    1000 | consumed samples:        25824 | elapsed time per iteration (ms): 999.3 | throughput (samples/sec/per_device): 12.009 | learning rate: 2.117005E-05 | global batch size:    96 | action loss: 1.571269E-01 | loss scale: 1.0 | grad norm: 0.445137 | number of skipped iterations:   0 | number of nan iterations:   0 |
[2026-08-28 16:16:30][INFO] iteration      270/    1000 | consumed samples:        25920 | elapsed time per iteration (ms): 998.5 | throughput (samples/sec/per_device): 12.018 | learning rate: 2.114211E-05 | global batch size:    96 | action loss: 1.701243E-01 | loss scale: 1.0 | grad norm: 0.573122 | number of skipped iterations:   0 | number of nan iterations:   0 |
[2026-08-28 16:16:31][INFO] iteration      271/    1000 | consumed samples:        26016 | elapsed time per iteration (ms): 997.7 | throughput (samples/sec/per_device): 12.028 | learning rate: 2.111410E-05 | global batch size:    96 | action loss: 1.873447E-01 | loss scale: 1.0 | grad norm: 0.539974 | number of skipped iterations:   0 | number of nan iterations:   0 |
[2026-08-28 16:16:32][INFO] iteration      272/    1000 | consumed samples:        26112 | elapsed time per iteration (ms): 1001.9 | throughput (samples/sec/per_device): 11.977 | learning rate: 2.108600E-05 | global batch size:    96 | action loss: 1.676456E-01 | loss scale: 1.0 | grad norm: 0.550176 | number of skipped iterations:   0 | number of nan iterations:   0 |
[2026-08-28 16:16:33][INFO] iteration      273/    1000 | consumed samples:        26208 | elapsed time per iteration (ms): 999.1 | throughput (samples/sec/per_device): 12.011 | learning rate: 2.105783E-05 | global batch size:    96 | action loss: 2.188934E-01 | loss scale: 1.0 | grad norm: 0.924503 | number of skipped iterations:   0 | number of nan iterations:   0 |
[2026-08-28 16:16:34][INFO] iteration      274/    1000 | consumed samples:        26304 | elapsed time per iteration (ms): 1000.1 | throughput (samples/sec/per_device): 11.999 | learning rate: 2.102957E-05 | global batch size:    96 | action loss: 2.158920E-01 | loss scale: 1.0 | grad norm: 0.590119 | number of skipped iterations:   0 | number of nan iterations:   0 |
[2026-08-28 16:16:35][INFO] iteration      275/    1000 | consumed samples:        26400 | elapsed time per iteration (ms): 1005.5 | throughput (samples/sec/per_device): 11.935 | learning rate: 2.100123E-05 | global batch size:    96 | action loss: 2.078089E-01 | loss scale: 1.0 | grad norm: 0.511554 | number of skipped iterations:   0 | number of nan iterations:   0 |
[2026-08-28 16:16:36][INFO] iteration      276/    1000 | consumed samples:        26496 | elapsed time per iteration (ms): 995.6 | throughput (samples/sec/per_device): 12.053 | learning rate: 2.097281E-05 | global batch size:    96 | action loss: 1.942939E-01 | loss scale: 1.0 | grad norm: 0.708447 | number of skipped iterations:   0 | number of nan iterations:   0 |
[2026-08-28 16:16:37][INFO] iteration      277/    1000 | consumed samples:        26592 | elapsed time per iteration (ms): 999.3 | throughput (samples/sec/per_device): 12.008 | learning rate: 2.094431E-05 | global batch size:    96 | action loss: 2.098435E-01 | loss scale: 1.0 | grad norm: 0.497930 | number of skipped iterations:   0 | number of nan iterations:   0 |
[2026-08-28 16:16:38][INFO] iteration      278/    1000 | consumed samples:        26688 | elapsed time per iteration (ms): 1000.2 | throughput (samples/sec/per_device): 11.998 | learning rate: 2.091573E-05 | global batch size:    96 | action loss: 1.775213E-01 | loss scale: 1.0 | grad norm: 0.586894 | number of skipped iterations:   0 | number of nan iterations:   0 |
[2026-08-28 16:16:39][INFO] iteration      279/    1000 | consumed samples:        26784 | elapsed time per iteration (ms): 1002.1 | throughput (samples/sec/per_device): 11.975 | learning rate: 2.088707E-05 | global batch size:    96 | action loss: 1.764554E-01 | loss scale: 1.0 | grad norm: 0.733555 | number of skipped iterations:   0 | number of nan iterations:   0 |
[2026-08-28 16:16:40][INFO] iteration      280/    1000 | consumed samples:        26880 | elapsed time per iteration (ms): 1013.7 | throughput (samples/sec/per_device): 11.838 | learning rate: 2.085833E-05 | global batch size:    96 | action loss: 1.491672E-01 | loss scale: 1.0 | grad norm: 0.711471 | number of skipped iterations:   0 | number of nan iterations:   0 |
[2026-08-28 16:16:40][INFO] max time across ranks (ms):
    forward-backward................................: 867.96
    forward-compute.................................: 278.69
    backward-compute................................: 590.58
    batch-generator.................................: 2.01
    nan-grad-cleanup................................: 12.99
    grad-clip.......................................: 34.34
    optimizer.......................................: 97.00
    optimizer-inner-step............................: 95.89
    optimizer-scheduler-step........................: 1.06
    optimizer-zero-grad.............................: 0.99
[2026-08-28 16:16:41][INFO] iteration      281/    1000 | consumed samples:        26976 | elapsed time per iteration (ms): 1006.5 | throughput (samples/sec/per_device): 11.922 | learning rate: 2.082951E-05 | global batch size:    96 | action loss: 1.498974E-01 | loss scale: 1.0 | grad norm: 0.538512 | number of skipped iterations:   0 | number of nan iterations:   0 |
[2026-08-28 16:16:42][INFO] iteration      282/    1000 | consumed samples:        27072 | elapsed time per iteration (ms): 1005.5 | throughput (samples/sec/per_device): 11.935 | learning rate: 2.080061E-05 | global batch size:    96 | action loss: 1.628617E-01 | loss scale: 1.0 | grad norm: 0.387955 | number of skipped iterations:   0 | number of nan iterations:   0 |
[2026-08-28 16:16:43][INFO] iteration      283/    1000 | consumed samples:        27168 | elapsed time per iteration (ms): 998.9 | throughput (samples/sec/per_device): 12.013 | learning rate: 2.077164E-05 | global batch size:    96 | action loss: 1.846210E-01 | loss scale: 1.0 | grad norm: 0.544999 | number of skipped iterations:   0 | number of nan iterations:   0 |
[2026-08-28 16:16:44][INFO] iteration      284/    1000 | consumed samples:        27264 | elapsed time per iteration (ms): 998.6 | throughput (samples/sec/per_device): 12.016 | learning rate: 2.074258E-05 | global batch size:    96 | action loss: 1.913303E-01 | loss scale: 1.0 | grad norm: 0.504776 | number of skipped iterations:   0 | number of nan iterations:   0 |
[2026-08-28 16:16:45][INFO] iteration      285/    1000 | consumed samples:        27360 | elapsed time per iteration (ms): 999.6 | throughput (samples/sec/per_device): 12.005 | learning rate: 2.071345E-05 | global batch size:    96 | action loss: 1.799425E-01 | loss scale: 1.0 | grad norm: 0.493402 | number of skipped iterations:   0 | number of nan iterations:   0 |
[2026-08-28 16:16:46][INFO] iteration      286/    1000 | consumed samples:        27456 | elapsed time per iteration (ms): 997.6 | throughput (samples/sec/per_device): 12.029 | learning rate: 2.068424E-05 | global batch size:    96 | action loss: 1.651406E-01 | loss scale: 1.0 | grad norm: 0.431273 | number of skipped iterations:   0 | number of nan iterations:   0 |
[2026-08-28 16:16:47][INFO] iteration      287/    1000 | consumed samples:        27552 | elapsed time per iteration (ms): 1002.6 | throughput (samples/sec/per_device): 11.969 | learning rate: 2.065495E-05 | global batch size:    96 | action loss: 1.518650E-01 | loss scale: 1.0 | grad norm: 0.560777 | number of skipped iterations:   0 | number of nan iterations:   0 |
[2026-08-28 16:16:48][INFO] iteration      288/    1000 | consumed samples:        27648 | elapsed time per iteration (ms): 1000.0 | throughput (samples/sec/per_device): 12.000 | learning rate: 2.062559E-05 | global batch size:    96 | action loss: 1.862825E-01 | loss scale: 1.0 | grad norm: 0.596522 | number of skipped iterations:   0 | number of nan iterations:   0 |
[2026-08-28 16:16:49][INFO] iteration      289/    1000 | consumed samples:        27744 | elapsed time per iteration (ms): 1004.0 | throughput (samples/sec/per_device): 11.952 | learning rate: 2.059615E-05 | global batch size:    96 | action loss: 1.901087E-01 | loss scale: 1.0 | grad norm: 0.801961 | number of skipped iterations:   0 | number of nan iterations:   0 |
[2026-08-28 16:16:50][INFO] iteration      290/    1000 | consumed samples:        27840 | elapsed time per iteration (ms): 997.7 | throughput (samples/sec/per_device): 12.028 | learning rate: 2.056663E-05 | global batch size:    96 | action loss: 1.910956E-01 | loss scale: 1.0 | grad norm: 0.481211 | number of skipped iterations:   0 | number of nan iterations:   0 |
[2026-08-28 16:16:51][INFO] iteration      291/    1000 | consumed samples:        27936 | elapsed time per iteration (ms): 1002.0 | throughput (samples/sec/per_device): 11.976 | learning rate: 2.053704E-05 | global batch size:    96 | action loss: 1.696065E-01 | loss scale: 1.0 | grad norm: 0.476045 | number of skipped iterations:   0 | number of nan iterations:   0 |
[2026-08-28 16:16:52][INFO] iteration      292/    1000 | consumed samples:        28032 | elapsed time per iteration (ms): 1006.2 | throughput (samples/sec/per_device): 11.926 | learning rate: 2.050737E-05 | global batch size:    96 | action loss: 1.602582E-01 | loss scale: 1.0 | grad norm: 0.472657 | number of skipped iterations:   0 | number of nan iterations:   0 |
[2026-08-28 16:16:53][INFO] iteration      293/    1000 | consumed samples:        28128 | elapsed time per iteration (ms): 999.2 | throughput (samples/sec/per_device): 12.009 | learning rate: 2.047762E-05 | global batch size:    96 | action loss: 1.522523E-01 | loss scale: 1.0 | grad norm: 0.496544 | number of skipped iterations:   0 | number of nan iterations:   0 |
[2026-08-28 16:16:54][INFO] iteration      294/    1000 | consumed samples:        28224 | elapsed time per iteration (ms): 996.9 | throughput (samples/sec/per_device): 12.038 | learning rate: 2.044780E-05 | global batch size:    96 | action loss: 1.886425E-01 | loss scale: 1.0 | grad norm: 0.549182 | number of skipped iterations:   0 | number of nan iterations:   0 |
[2026-08-28 16:16:55][INFO] iteration      295/    1000 | consumed samples:        28320 | elapsed time per iteration (ms): 1000.1 | throughput (samples/sec/per_device): 11.999 | learning rate: 2.041791E-05 | global batch size:    96 | action loss: 1.815566E-01 | loss scale: 1.0 | grad norm: 1.425121 | number of skipped iterations:   0 | number of nan iterations:   0 |
[2026-08-28 16:16:56][INFO] iteration      296/    1000 | consumed samples:        28416 | elapsed time per iteration (ms): 997.0 | throughput (samples/sec/per_device): 12.036 | learning rate: 2.038794E-05 | global batch size:    96 | action loss: 1.697375E-01 | loss scale: 1.0 | grad norm: 0.706874 | number of skipped iterations:   0 | number of nan iterations:   0 |
[2026-08-28 16:16:57][INFO] iteration      297/    1000 | consumed samples:        28512 | elapsed time per iteration (ms): 998.2 | throughput (samples/sec/per_device): 12.022 | learning rate: 2.035789E-05 | global batch size:    96 | action loss: 1.885238E-01 | loss scale: 1.0 | grad norm: 0.527907 | number of skipped iterations:   0 | number of nan iterations:   0 |
[2026-08-28 16:16:58][INFO] iteration      298/    1000 | consumed samples:        28608 | elapsed time per iteration (ms): 1000.3 | throughput (samples/sec/per_device): 11.996 | learning rate: 2.032777E-05 | global batch size:    96 | action loss: 1.744452E-01 | loss scale: 1.0 | grad norm: 0.503131 | number of skipped iterations:   0 | number of nan iterations:   0 |
[2026-08-28 16:16:59][INFO] iteration      299/    1000 | consumed samples:        28704 | elapsed time per iteration (ms): 999.2 | throughput (samples/sec/per_device): 12.010 | learning rate: 2.029758E-05 | global batch size:    96 | action loss: 1.601776E-01 | loss scale: 1.0 | grad norm: 0.437391 | number of skipped iterations:   0 | number of nan iterations:   0 |
[2026-08-28 16:17:00][INFO] iteration      300/    1000 | consumed samples:        28800 | elapsed time per iteration (ms): 1021.7 | throughput (samples/sec/per_device): 11.746 | learning rate: 2.026732E-05 | global batch size:    96 | action loss: 1.631264E-01 | loss scale: 1.0 | grad norm: 0.416103 | number of skipped iterations:   0 | number of nan iterations:   0 |
[2026-08-28 16:17:00][INFO] max time across ranks (ms):
    forward-backward................................: 862.43
    forward-compute.................................: 277.14
    backward-compute................................: 584.93
    batch-generator.................................: 1.48
    nan-grad-cleanup................................: 14.62
    grad-clip.......................................: 39.36
    optimizer.......................................: 110.68
    optimizer-inner-step............................: 109.50
    optimizer-scheduler-step........................: 1.15
    optimizer-zero-grad.............................: 0.96
[2026-08-28 16:17:00][INFO] PowerSGDPlusState restart: iter=199 compressed_iter=0 method=approximate rank=1 apply_exact=False
[2026-08-28 16:17:02][INFO] PowerSGD+ freeze-v activated at optimizer_step=301: frozen_compressed_params=26/26 start_step=301
[2026-08-28 16:17:02][INFO] PowerSGD+ freeze-v activated at optimizer_step=301: frozen_compressed_params=1/1 start_step=301
[2026-08-28 16:17:02][INFO] iteration      301/    1000 | consumed samples:        28896 | elapsed time per iteration (ms): 1603.7 | throughput (samples/sec/per_device): 7.483 | learning rate: 2.023698E-05 | global batch size:    96 | action loss: 1.570198E-01 | loss scale: 1.0 | grad norm: 0.259053 | number of skipped iterations:   0 | number of nan iterations:   0 |
[2026-08-28 16:17:06][INFO] iteration      302/    1000 | consumed samples:        28992 | elapsed time per iteration (ms): 4890.4 | throughput (samples/sec/per_device): 2.454 | learning rate: 2.020657E-05 | global batch size:    96 | action loss: 1.653238E-01 | loss scale: 1.0 | grad norm: 0.276967 | number of skipped iterations:   0 | number of nan iterations:   0 |
[2026-08-28 16:17:09][INFO] iteration      303/    1000 | consumed samples:        29088 | elapsed time per iteration (ms): 2198.4 | throughput (samples/sec/per_device): 5.458 | learning rate: 2.017608E-05 | global batch size:    96 | action loss: 1.892119E-01 | loss scale: 1.0 | grad norm: 0.336809 | number of skipped iterations:   0 | number of nan iterations:   0 |
[2026-08-28 16:17:10][INFO] iteration      304/    1000 | consumed samples:        29184 | elapsed time per iteration (ms): 1523.2 | throughput (samples/sec/per_device): 7.878 | learning rate: 2.014552E-05 | global batch size:    96 | action loss: 1.790727E-01 | loss scale: 1.0 | grad norm: 0.399047 | number of skipped iterations:   0 | number of nan iterations:   0 |
[2026-08-28 16:17:12][INFO] iteration      305/    1000 | consumed samples:        29280 | elapsed time per iteration (ms): 1391.7 | throughput (samples/sec/per_device): 8.623 | learning rate: 2.011490E-05 | global batch size:    96 | action loss: 1.725116E-01 | loss scale: 1.0 | grad norm: 0.390087 | number of skipped iterations:   0 | number of nan iterations:   0 |
[2026-08-28 16:17:13][INFO] iteration      306/    1000 | consumed samples:        29376 | elapsed time per iteration (ms): 1481.2 | throughput (samples/sec/per_device): 8.101 | learning rate: 2.008419E-05 | global batch size:    96 | action loss: 1.675637E-01 | loss scale: 1.0 | grad norm: 0.408648 | number of skipped iterations:   0 | number of nan iterations:   0 |
[2026-08-28 16:17:16][INFO] iteration      307/    1000 | consumed samples:        29472 | elapsed time per iteration (ms): 3168.4 | throughput (samples/sec/per_device): 3.787 | learning rate: 2.005342E-05 | global batch size:    96 | action loss: 1.803184E-01 | loss scale: 1.0 | grad norm: 0.342606 | number of skipped iterations:   0 | number of nan iterations:   0 |
[2026-08-28 16:17:18][INFO] iteration      308/    1000 | consumed samples:        29568 | elapsed time per iteration (ms): 2112.0 | throughput (samples/sec/per_device): 5.682 | learning rate: 2.002258E-05 | global batch size:    96 | action loss: 1.739432E-01 | loss scale: 1.0 | grad norm: 0.453699 | number of skipped iterations:   0 | number of nan iterations:   0 |
[2026-08-28 16:17:21][INFO] iteration      309/    1000 | consumed samples:        29664 | elapsed time per iteration (ms): 2437.6 | throughput (samples/sec/per_device): 4.923 | learning rate: 1.999167E-05 | global batch size:    96 | action loss: 1.926907E-01 | loss scale: 1.0 | grad norm: 0.428791 | number of skipped iterations:   0 | number of nan iterations:   0 |
[2026-08-28 16:17:23][INFO] iteration      310/    1000 | consumed samples:        29760 | elapsed time per iteration (ms): 2047.1 | throughput (samples/sec/per_device): 5.862 | learning rate: 1.996068E-05 | global batch size:    96 | action loss: 1.569283E-01 | loss scale: 1.0 | grad norm: 0.440035 | number of skipped iterations:   0 | number of nan iterations:   0 |
[2026-08-28 16:17:26][INFO] iteration      311/    1000 | consumed samples:        29856 | elapsed time per iteration (ms): 3609.1 | throughput (samples/sec/per_device): 3.325 | learning rate: 1.992963E-05 | global batch size:    96 | action loss: 1.768855E-01 | loss scale: 1.0 | grad norm: 0.537468 | number of skipped iterations:   0 | number of nan iterations:   0 |
[2026-08-28 16:17:29][INFO] iteration      312/    1000 | consumed samples:        29952 | elapsed time per iteration (ms): 2739.0 | throughput (samples/sec/per_device): 4.381 | learning rate: 1.989851E-05 | global batch size:    96 | action loss: 1.635559E-01 | loss scale: 1.0 | grad norm: 0.492920 | number of skipped iterations:   0 | number of nan iterations:   0 |
[2026-08-28 16:17:31][INFO] iteration      313/    1000 | consumed samples:        30048 | elapsed time per iteration (ms): 2111.1 | throughput (samples/sec/per_device): 5.684 | learning rate: 1.986731E-05 | global batch size:    96 | action loss: 1.814019E-01 | loss scale: 1.0 | grad norm: 0.485053 | number of skipped iterations:   0 | number of nan iterations:   0 |
[2026-08-28 16:17:34][INFO] iteration      314/    1000 | consumed samples:        30144 | elapsed time per iteration (ms): 2518.0 | throughput (samples/sec/per_device): 4.766 | learning rate: 1.983605E-05 | global batch size:    96 | action loss: 1.621068E-01 | loss scale: 1.0 | grad norm: 0.441452 | number of skipped iterations:   0 | number of nan iterations:   0 |
[2026-08-28 16:17:37][INFO] iteration      315/    1000 | consumed samples:        30240 | elapsed time per iteration (ms): 3396.2 | throughput (samples/sec/per_device): 3.533 | learning rate: 1.980472E-05 | global batch size:    96 | action loss: 1.539521E-01 | loss scale: 1.0 | grad norm: 0.443917 | number of skipped iterations:   0 | number of nan iterations:   0 |
[2026-08-28 16:17:40][INFO] iteration      316/    1000 | consumed samples:        30336 | elapsed time per iteration (ms): 2711.1 | throughput (samples/sec/per_device): 4.426 | learning rate: 1.977332E-05 | global batch size:    96 | action loss: 1.754892E-01 | loss scale: 1.0 | grad norm: 0.461058 | number of skipped iterations:   0 | number of nan iterations:   0 |
[2026-08-28 16:17:42][INFO] iteration      317/    1000 | consumed samples:        30432 | elapsed time per iteration (ms): 2311.9 | throughput (samples/sec/per_device): 5.191 | learning rate: 1.974185E-05 | global batch size:    96 | action loss: 1.377723E-01 | loss scale: 1.0 | grad norm: 0.476614 | number of skipped iterations:   0 | number of nan iterations:   0 |
[2026-08-28 16:17:46][INFO] iteration      318/    1000 | consumed samples:        30528 | elapsed time per iteration (ms): 3471.6 | throughput (samples/sec/per_device): 3.457 | learning rate: 1.971031E-05 | global batch size:    96 | action loss: 1.720200E-01 | loss scale: 1.0 | grad norm: 0.564909 | number of skipped iterations:   0 | number of nan iterations:   0 |
[2026-08-28 16:17:50][INFO] iteration      319/    1000 | consumed samples:        30624 | elapsed time per iteration (ms): 4391.2 | throughput (samples/sec/per_device): 2.733 | learning rate: 1.967871E-05 | global batch size:    96 | action loss: 1.682660E-01 | loss scale: 1.0 | grad norm: 0.477596 | number of skipped iterations:   0 | number of nan iterations:   0 |
[2026-08-28 16:17:53][INFO] iteration      320/    1000 | consumed samples:        30720 | elapsed time per iteration (ms): 2402.5 | throughput (samples/sec/per_device): 4.995 | learning rate: 1.964704E-05 | global batch size:    96 | action loss: 2.308322E-01 | loss scale: 1.0 | grad norm: 0.494104 | number of skipped iterations:   0 | number of nan iterations:   0 |
[2026-08-28 16:17:53][INFO] max time across ranks (ms):
    forward-backward................................: 2270.53
    forward-compute.................................: 555.13
    backward-compute................................: 1990.01
    batch-generator.................................: 2.62
    nan-grad-cleanup................................: 13.10
    grad-clip.......................................: 32.96
    optimizer.......................................: 86.01
    optimizer-inner-step............................: 84.95
    optimizer-scheduler-step........................: 1.22
    optimizer-zero-grad.............................: 0.61
[2026-08-28 16:17:55][INFO] iteration      321/    1000 | consumed samples:        30816 | elapsed time per iteration (ms): 2685.4 | throughput (samples/sec/per_device): 4.469 | learning rate: 1.961530E-05 | global batch size:    96 | action loss: 1.661712E-01 | loss scale: 1.0 | grad norm: 0.429032 | number of skipped iterations:   0 | number of nan iterations:   0 |
[2026-08-28 16:17:58][INFO] iteration      322/    1000 | consumed samples:        30912 | elapsed time per iteration (ms): 2537.1 | throughput (samples/sec/per_device): 4.730 | learning rate: 1.958350E-05 | global batch size:    96 | action loss: 1.604333E-01 | loss scale: 1.0 | grad norm: 0.432253 | number of skipped iterations:   0 | number of nan iterations:   0 |
[2026-08-28 16:18:01][INFO] iteration      323/    1000 | consumed samples:        31008 | elapsed time per iteration (ms): 3630.8 | throughput (samples/sec/per_device): 3.305 | learning rate: 1.955163E-05 | global batch size:    96 | action loss: 1.870196E-01 | loss scale: 1.0 | grad norm: 0.484834 | number of skipped iterations:   0 | number of nan iterations:   0 |
[2026-08-28 16:18:05][INFO] iteration      324/    1000 | consumed samples:        31104 | elapsed time per iteration (ms): 3504.4 | throughput (samples/sec/per_device): 3.424 | learning rate: 1.951969E-05 | global batch size:    96 | action loss: 1.726928E-01 | loss scale: 1.0 | grad norm: 0.574533 | number of skipped iterations:   0 | number of nan iterations:   0 |
[2026-08-28 16:18:08][INFO] iteration      325/    1000 | consumed samples:        31200 | elapsed time per iteration (ms): 2719.3 | throughput (samples/sec/per_device): 4.413 | learning rate: 1.948769E-05 | global batch size:    96 | action loss: 1.729289E-01 | loss scale: 1.0 | grad norm: 0.523189 | number of skipped iterations:   0 | number of nan iterations:   0 |
[2026-08-28 16:18:10][INFO] iteration      326/    1000 | consumed samples:        31296 | elapsed time per iteration (ms): 2380.1 | throughput (samples/sec/per_device): 5.042 | learning rate: 1.945562E-05 | global batch size:    96 | action loss: 1.777032E-01 | loss scale: 1.0 | grad norm: 0.505721 | number of skipped iterations:   0 | number of nan iterations:   0 |
[2026-08-28 16:18:14][INFO] iteration      327/    1000 | consumed samples:        31392 | elapsed time per iteration (ms): 3640.0 | throughput (samples/sec/per_device): 3.297 | learning rate: 1.942349E-05 | global batch size:    96 | action loss: 1.773153E-01 | loss scale: 1.0 | grad norm: 0.467745 | number of skipped iterations:   0 | number of nan iterations:   0 |
[2026-08-28 16:18:16][INFO] iteration      328/    1000 | consumed samples:        31488 | elapsed time per iteration (ms): 2542.3 | throughput (samples/sec/per_device): 4.720 | learning rate: 1.939129E-05 | global batch size:    96 | action loss: 2.176433E-01 | loss scale: 1.0 | grad norm: 0.545672 | number of skipped iterations:   0 | number of nan iterations:   0 |
[2026-08-28 16:18:19][INFO] iteration      329/    1000 | consumed samples:        31584 | elapsed time per iteration (ms): 2374.7 | throughput (samples/sec/per_device): 5.053 | learning rate: 1.935903E-05 | global batch size:    96 | action loss: 1.651877E-01 | loss scale: 1.0 | grad norm: 0.498739 | number of skipped iterations:   0 | number of nan iterations:   0 |
[2026-08-28 16:18:22][INFO] iteration      330/    1000 | consumed samples:        31680 | elapsed time per iteration (ms): 3097.4 | throughput (samples/sec/per_device): 3.874 | learning rate: 1.932671E-05 | global batch size:    96 | action loss: 1.748640E-01 | loss scale: 1.0 | grad norm: 0.507865 | number of skipped iterations:   0 | number of nan iterations:   0 |
[2026-08-28 16:18:25][INFO] iteration      331/    1000 | consumed samples:        31776 | elapsed time per iteration (ms): 3253.5 | throughput (samples/sec/per_device): 3.688 | learning rate: 1.929432E-05 | global batch size:    96 | action loss: 1.515504E-01 | loss scale: 1.0 | grad norm: 0.487905 | number of skipped iterations:   0 | number of nan iterations:   0 |
[2026-08-28 16:18:27][INFO] iteration      332/    1000 | consumed samples:        31872 | elapsed time per iteration (ms): 2467.6 | throughput (samples/sec/per_device): 4.863 | learning rate: 1.926186E-05 | global batch size:    96 | action loss: 1.767266E-01 | loss scale: 1.0 | grad norm: 0.473144 | number of skipped iterations:   0 | number of nan iterations:   0 |
[2026-08-28 16:18:30][INFO] iteration      333/    1000 | consumed samples:        31968 | elapsed time per iteration (ms): 2616.3 | throughput (samples/sec/per_device): 4.587 | learning rate: 1.922935E-05 | global batch size:    96 | action loss: 2.022167E-01 | loss scale: 1.0 | grad norm: 0.488862 | number of skipped iterations:   0 | number of nan iterations:   0 |
[2026-08-28 16:18:32][INFO] iteration      334/    1000 | consumed samples:        32064 | elapsed time per iteration (ms): 2299.7 | throughput (samples/sec/per_device): 5.218 | learning rate: 1.919677E-05 | global batch size:    96 | action loss: 2.011563E-01 | loss scale: 1.0 | grad norm: 0.484546 | number of skipped iterations:   0 | number of nan iterations:   0 |
[2026-08-28 16:18:36][INFO] iteration      335/    1000 | consumed samples:        32160 | elapsed time per iteration (ms): 3779.3 | throughput (samples/sec/per_device): 3.175 | learning rate: 1.916413E-05 | global batch size:    96 | action loss: 1.587946E-01 | loss scale: 1.0 | grad norm: 0.522538 | number of skipped iterations:   0 | number of nan iterations:   0 |
[2026-08-28 16:18:39][INFO] iteration      336/    1000 | consumed samples:        32256 | elapsed time per iteration (ms): 3056.1 | throughput (samples/sec/per_device): 3.927 | learning rate: 1.913143E-05 | global batch size:    96 | action loss: 1.971791E-01 | loss scale: 1.0 | grad norm: 0.481685 | number of skipped iterations:   0 | number of nan iterations:   0 |
[2026-08-28 16:18:42][INFO] iteration      337/    1000 | consumed samples:        32352 | elapsed time per iteration (ms): 2859.8 | throughput (samples/sec/per_device): 4.196 | learning rate: 1.909866E-05 | global batch size:    96 | action loss: 1.688169E-01 | loss scale: 1.0 | grad norm: 0.595510 | number of skipped iterations:   0 | number of nan iterations:   0 |
[2026-08-28 16:18:46][INFO] iteration      338/    1000 | consumed samples:        32448 | elapsed time per iteration (ms): 4200.4 | throughput (samples/sec/per_device): 2.857 | learning rate: 1.906584E-05 | global batch size:    96 | action loss: 1.756191E-01 | loss scale: 1.0 | grad norm: 0.614181 | number of skipped iterations:   0 | number of nan iterations:   0 |
[2026-08-28 16:18:50][INFO] iteration      339/    1000 | consumed samples:        32544 | elapsed time per iteration (ms): 4275.1 | throughput (samples/sec/per_device): 2.807 | learning rate: 1.903295E-05 | global batch size:    96 | action loss: 1.727991E-01 | loss scale: 1.0 | grad norm: 0.545126 | number of skipped iterations:   0 | number of nan iterations:   0 |
[2026-08-28 16:18:53][INFO] iteration      340/    1000 | consumed samples:        32640 | elapsed time per iteration (ms): 2726.1 | throughput (samples/sec/per_device): 4.402 | learning rate: 1.900000E-05 | global batch size:    96 | action loss: 1.843394E-01 | loss scale: 1.0 | grad norm: 0.544974 | number of skipped iterations:   0 | number of nan iterations:   0 |
[2026-08-28 16:18:53][INFO] max time across ranks (ms):
    forward-backward................................: 2596.57
    forward-compute.................................: 274.76
    backward-compute................................: 2321.09
    batch-generator.................................: 1.42
    nan-grad-cleanup................................: 13.33
    grad-clip.......................................: 32.45
    optimizer.......................................: 84.18
    optimizer-inner-step............................: 83.09
    optimizer-scheduler-step........................: 1.12
    optimizer-zero-grad.............................: 0.64
[2026-08-28 16:18:57][INFO] iteration      341/    1000 | consumed samples:        32736 | elapsed time per iteration (ms): 3509.2 | throughput (samples/sec/per_device): 3.420 | learning rate: 1.896699E-05 | global batch size:    96 | action loss: 1.988260E-01 | loss scale: 1.0 | grad norm: 0.585597 | number of skipped iterations:   0 | number of nan iterations:   0 |
[2026-08-28 16:18:59][INFO] iteration      342/    1000 | consumed samples:        32832 | elapsed time per iteration (ms): 2080.6 | throughput (samples/sec/per_device): 5.768 | learning rate: 1.893392E-05 | global batch size:    96 | action loss: 2.082708E-01 | loss scale: 1.0 | grad norm: 0.507749 | number of skipped iterations:   0 | number of nan iterations:   0 |
[2026-08-28 16:19:02][INFO] iteration      343/    1000 | consumed samples:        32928 | elapsed time per iteration (ms): 2958.9 | throughput (samples/sec/per_device): 4.056 | learning rate: 1.890080E-05 | global batch size:    96 | action loss: 1.792537E-01 | loss scale: 1.0 | grad norm: 0.498445 | number of skipped iterations:   0 | number of nan iterations:   0 |
[2026-08-28 16:19:04][INFO] iteration      344/    1000 | consumed samples:        33024 | elapsed time per iteration (ms): 2645.7 | throughput (samples/sec/per_device): 4.536 | learning rate: 1.886761E-05 | global batch size:    96 | action loss: 1.561154E-01 | loss scale: 1.0 | grad norm: 0.491430 | number of skipped iterations:   0 | number of nan iterations:   0 |
[2026-08-28 16:19:08][INFO] iteration      345/    1000 | consumed samples:        33120 | elapsed time per iteration (ms): 3682.0 | throughput (samples/sec/per_device): 3.259 | learning rate: 1.883436E-05 | global batch size:    96 | action loss: 1.889540E-01 | loss scale: 1.0 | grad norm: 0.574436 | number of skipped iterations:   0 | number of nan iterations:   0 |
[2026-08-28 16:19:10][INFO] iteration      346/    1000 | consumed samples:        33216 | elapsed time per iteration (ms): 2261.1 | throughput (samples/sec/per_device): 5.307 | learning rate: 1.880106E-05 | global batch size:    96 | action loss: 1.727925E-01 | loss scale: 1.0 | grad norm: 0.628325 | number of skipped iterations:   0 | number of nan iterations:   0 |
[2026-08-28 16:19:12][INFO] iteration      347/    1000 | consumed samples:        33312 | elapsed time per iteration (ms): 1952.4 | throughput (samples/sec/per_device): 6.146 | learning rate: 1.876769E-05 | global batch size:    96 | action loss: 1.857426E-01 | loss scale: 1.0 | grad norm: 0.553516 | number of skipped iterations:   0 | number of nan iterations:   0 |
[2026-08-28 16:19:15][INFO] iteration      348/    1000 | consumed samples:        33408 | elapsed time per iteration (ms): 2294.6 | throughput (samples/sec/per_device): 5.230 | learning rate: 1.873427E-05 | global batch size:    96 | action loss: 1.631000E-01 | loss scale: 1.0 | grad norm: 0.578461 | number of skipped iterations:   0 | number of nan iterations:   0 |
[2026-08-28 16:19:17][INFO] iteration      349/    1000 | consumed samples:        33504 | elapsed time per iteration (ms): 2063.8 | throughput (samples/sec/per_device): 5.815 | learning rate: 1.870079E-05 | global batch size:    96 | action loss: 1.879979E-01 | loss scale: 1.0 | grad norm: 0.578546 | number of skipped iterations:   0 | number of nan iterations:   0 |
[2026-08-28 16:19:20][INFO] iteration      350/    1000 | consumed samples:        33600 | elapsed time per iteration (ms): 3702.3 | throughput (samples/sec/per_device): 3.241 | learning rate: 1.866725E-05 | global batch size:    96 | action loss: 1.697141E-01 | loss scale: 1.0 | grad norm: 0.647514 | number of skipped iterations:   0 | number of nan iterations:   0 |
[2026-08-28 16:19:21][INFO] PowerSGDPlusState restart: iter=249 compressed_iter=50 method=approximate rank=1 apply_exact=False
[2026-08-28 16:19:22][INFO] iteration      351/    1000 | consumed samples:        33696 | elapsed time per iteration (ms): 1853.6 | throughput (samples/sec/per_device): 6.474 | learning rate: 1.863366E-05 | global batch size:    96 | action loss: 1.725692E-01 | loss scale: 1.0 | grad norm: 0.747855 | number of skipped iterations:   0 | number of nan iterations:   0 |
[2026-08-28 16:19:27][INFO] iteration      352/    1000 | consumed samples:        33792 | elapsed time per iteration (ms): 4333.9 | throughput (samples/sec/per_device): 2.769 | learning rate: 1.860001E-05 | global batch size:    96 | action loss: 1.562236E-01 | loss scale: 1.0 | grad norm: 0.533642 | number of skipped iterations:   0 | number of nan iterations:   0 |
[2026-08-28 16:19:29][INFO] iteration      353/    1000 | consumed samples:        33888 | elapsed time per iteration (ms): 2208.3 | throughput (samples/sec/per_device): 5.434 | learning rate: 1.856630E-05 | global batch size:    96 | action loss: 1.669336E-01 | loss scale: 1.0 | grad norm: 0.624719 | number of skipped iterations:   0 | number of nan iterations:   0 |
[2026-08-28 16:19:31][INFO] iteration      354/    1000 | consumed samples:        33984 | elapsed time per iteration (ms): 2153.3 | throughput (samples/sec/per_device): 5.573 | learning rate: 1.853254E-05 | global batch size:    96 | action loss: 1.895270E-01 | loss scale: 1.0 | grad norm: 0.579032 | number of skipped iterations:   0 | number of nan iterations:   0 |
[2026-08-28 16:19:32][INFO] iteration      355/    1000 | consumed samples:        34080 | elapsed time per iteration (ms): 1232.8 | throughput (samples/sec/per_device): 9.734 | learning rate: 1.849872E-05 | global batch size:    96 | action loss: 1.475471E-01 | loss scale: 1.0 | grad norm: 0.558181 | number of skipped iterations:   0 | number of nan iterations:   0 |
[2026-08-28 16:19:34][INFO] iteration      356/    1000 | consumed samples:        34176 | elapsed time per iteration (ms): 1516.3 | throughput (samples/sec/per_device): 7.914 | learning rate: 1.846484E-05 | global batch size:    96 | action loss: 1.837726E-01 | loss scale: 1.0 | grad norm: 0.507959 | number of skipped iterations:   0 | number of nan iterations:   0 |
[2026-08-28 16:19:37][INFO] iteration      357/    1000 | consumed samples:        34272 | elapsed time per iteration (ms): 2878.4 | throughput (samples/sec/per_device): 4.169 | learning rate: 1.843091E-05 | global batch size:    96 | action loss: 1.701419E-01 | loss scale: 1.0 | grad norm: 0.508418 | number of skipped iterations:   0 | number of nan iterations:   0 |
[2026-08-28 16:19:39][INFO] iteration      358/    1000 | consumed samples:        34368 | elapsed time per iteration (ms): 2047.3 | throughput (samples/sec/per_device): 5.862 | learning rate: 1.839693E-05 | global batch size:    96 | action loss: 1.770043E-01 | loss scale: 1.0 | grad norm: 0.592098 | number of skipped iterations:   0 | number of nan iterations:   0 |
[2026-08-28 16:19:42][INFO] iteration      359/    1000 | consumed samples:        34464 | elapsed time per iteration (ms): 3664.2 | throughput (samples/sec/per_device): 3.275 | learning rate: 1.836289E-05 | global batch size:    96 | action loss: 1.900288E-01 | loss scale: 1.0 | grad norm: 0.762246 | number of skipped iterations:   0 | number of nan iterations:   0 |
[2026-08-28 16:19:45][INFO] iteration      360/    1000 | consumed samples:        34560 | elapsed time per iteration (ms): 2290.2 | throughput (samples/sec/per_device): 5.240 | learning rate: 1.832880E-05 | global batch size:    96 | action loss: 1.677516E-01 | loss scale: 1.0 | grad norm: 0.616055 | number of skipped iterations:   0 | number of nan iterations:   0 |
[2026-08-28 16:19:45][INFO] max time across ranks (ms):
    forward-backward................................: 2158.58
    forward-compute.................................: 1046.00
    backward-compute................................: 1879.26
    batch-generator.................................: 1.93
    nan-grad-cleanup................................: 13.33
    grad-clip.......................................: 32.99
    optimizer.......................................: 83.66
    optimizer-inner-step............................: 82.52
    optimizer-scheduler-step........................: 1.11
    optimizer-zero-grad.............................: 0.78
[2026-08-28 16:19:46][INFO] iteration      361/    1000 | consumed samples:        34656 | elapsed time per iteration (ms): 1891.8 | throughput (samples/sec/per_device): 6.343 | learning rate: 1.829465E-05 | global batch size:    96 | action loss: 1.753743E-01 | loss scale: 1.0 | grad norm: 0.570035 | number of skipped iterations:   0 | number of nan iterations:   0 |
[2026-08-28 16:19:49][INFO] iteration      362/    1000 | consumed samples:        34752 | elapsed time per iteration (ms): 2585.8 | throughput (samples/sec/per_device): 4.641 | learning rate: 1.826045E-05 | global batch size:    96 | action loss: 1.622439E-01 | loss scale: 1.0 | grad norm: 0.498881 | number of skipped iterations:   0 | number of nan iterations:   0 |
[2026-08-28 16:19:52][INFO] iteration      363/    1000 | consumed samples:        34848 | elapsed time per iteration (ms): 3023.6 | throughput (samples/sec/per_device): 3.969 | learning rate: 1.822620E-05 | global batch size:    96 | action loss: 1.732178E-01 | loss scale: 1.0 | grad norm: 0.534523 | number of skipped iterations:   0 | number of nan iterations:   0 |
[2026-08-28 16:19:56][INFO] iteration      364/    1000 | consumed samples:        34944 | elapsed time per iteration (ms): 3614.2 | throughput (samples/sec/per_device): 3.320 | learning rate: 1.819190E-05 | global batch size:    96 | action loss: 2.018976E-01 | loss scale: 1.0 | grad norm: 0.616656 | number of skipped iterations:   0 | number of nan iterations:   0 |
[2026-08-28 16:19:58][INFO] iteration      365/    1000 | consumed samples:        35040 | elapsed time per iteration (ms): 2056.0 | throughput (samples/sec/per_device): 5.836 | learning rate: 1.815754E-05 | global batch size:    96 | action loss: 1.587081E-01 | loss scale: 1.0 | grad norm: 0.505644 | number of skipped iterations:   0 | number of nan iterations:   0 |
[2026-08-28 16:20:00][INFO] iteration      366/    1000 | consumed samples:        35136 | elapsed time per iteration (ms): 2264.9 | throughput (samples/sec/per_device): 5.298 | learning rate: 1.812313E-05 | global batch size:    96 | action loss: 1.799529E-01 | loss scale: 1.0 | grad norm: 0.574269 | number of skipped iterations:   0 | number of nan iterations:   0 |
[2026-08-28 16:20:02][INFO] iteration      367/    1000 | consumed samples:        35232 | elapsed time per iteration (ms): 2388.7 | throughput (samples/sec/per_device): 5.024 | learning rate: 1.808867E-05 | global batch size:    96 | action loss: 1.552534E-01 | loss scale: 1.0 | grad norm: 0.561204 | number of skipped iterations:   0 | number of nan iterations:   0 |
[2026-08-28 16:20:06][INFO] iteration      368/    1000 | consumed samples:        35328 | elapsed time per iteration (ms): 3891.5 | throughput (samples/sec/per_device): 3.084 | learning rate: 1.805416E-05 | global batch size:    96 | action loss: 1.620190E-01 | loss scale: 1.0 | grad norm: 0.516156 | number of skipped iterations:   0 | number of nan iterations:   0 |
[2026-08-28 16:20:08][INFO] iteration      369/    1000 | consumed samples:        35424 | elapsed time per iteration (ms): 1729.2 | throughput (samples/sec/per_device): 6.940 | learning rate: 1.801959E-05 | global batch size:    96 | action loss: 1.860706E-01 | loss scale: 1.0 | grad norm: 0.563283 | number of skipped iterations:   0 | number of nan iterations:   0 |
[2026-08-28 16:20:10][INFO] iteration      370/    1000 | consumed samples:        35520 | elapsed time per iteration (ms): 2220.3 | throughput (samples/sec/per_device): 5.405 | learning rate: 1.798498E-05 | global batch size:    96 | action loss: 1.709287E-01 | loss scale: 1.0 | grad norm: 0.523732 | number of skipped iterations:   0 | number of nan iterations:   0 |
[2026-08-28 16:20:13][INFO] iteration      371/    1000 | consumed samples:        35616 | elapsed time per iteration (ms): 2351.0 | throughput (samples/sec/per_device): 5.104 | learning rate: 1.795032E-05 | global batch size:    96 | action loss: 1.657560E-01 | loss scale: 1.0 | grad norm: 0.552491 | number of skipped iterations:   0 | number of nan iterations:   0 |
[2026-08-28 16:20:16][INFO] iteration      372/    1000 | consumed samples:        35712 | elapsed time per iteration (ms): 3695.2 | throughput (samples/sec/per_device): 3.247 | learning rate: 1.791560E-05 | global batch size:    96 | action loss: 1.668943E-01 | loss scale: 1.0 | grad norm: 0.534652 | number of skipped iterations:   0 | number of nan iterations:   0 |
[2026-08-28 16:20:19][INFO] iteration      373/    1000 | consumed samples:        35808 | elapsed time per iteration (ms): 2753.1 | throughput (samples/sec/per_device): 4.359 | learning rate: 1.788084E-05 | global batch size:    96 | action loss: 1.651298E-01 | loss scale: 1.0 | grad norm: 0.550518 | number of skipped iterations:   0 | number of nan iterations:   0 |
[2026-08-28 16:20:22][INFO] iteration      374/    1000 | consumed samples:        35904 | elapsed time per iteration (ms): 2951.9 | throughput (samples/sec/per_device): 4.065 | learning rate: 1.784603E-05 | global batch size:    96 | action loss: 1.833756E-01 | loss scale: 1.0 | grad norm: 0.565681 | number of skipped iterations:   0 | number of nan iterations:   0 |
[2026-08-28 16:20:25][INFO] iteration      375/    1000 | consumed samples:        36000 | elapsed time per iteration (ms): 3289.3 | throughput (samples/sec/per_device): 3.648 | learning rate: 1.781117E-05 | global batch size:    96 | action loss: 1.473231E-01 | loss scale: 1.0 | grad norm: 0.510421 | number of skipped iterations:   0 | number of nan iterations:   0 |
[2026-08-28 16:20:28][INFO] iteration      376/    1000 | consumed samples:        36096 | elapsed time per iteration (ms): 3052.5 | throughput (samples/sec/per_device): 3.931 | learning rate: 1.777626E-05 | global batch size:    96 | action loss: 1.720439E-01 | loss scale: 1.0 | grad norm: 0.581863 | number of skipped iterations:   0 | number of nan iterations:   0 |
[2026-08-28 16:20:31][INFO] iteration      377/    1000 | consumed samples:        36192 | elapsed time per iteration (ms): 3076.8 | throughput (samples/sec/per_device): 3.900 | learning rate: 1.774130E-05 | global batch size:    96 | action loss: 1.790363E-01 | loss scale: 1.0 | grad norm: 0.571349 | number of skipped iterations:   0 | number of nan iterations:   0 |
[2026-08-28 16:20:34][INFO] iteration      378/    1000 | consumed samples:        36288 | elapsed time per iteration (ms): 2999.6 | throughput (samples/sec/per_device): 4.001 | learning rate: 1.770629E-05 | global batch size:    96 | action loss: 1.651506E-01 | loss scale: 1.0 | grad norm: 0.627120 | number of skipped iterations:   0 | number of nan iterations:   0 |
[2026-08-28 16:20:37][INFO] iteration      379/    1000 | consumed samples:        36384 | elapsed time per iteration (ms): 2578.6 | throughput (samples/sec/per_device): 4.654 | learning rate: 1.767124E-05 | global batch size:    96 | action loss: 1.563344E-01 | loss scale: 1.0 | grad norm: 0.557970 | number of skipped iterations:   0 | number of nan iterations:   0 |
[2026-08-28 16:20:41][INFO] iteration      380/    1000 | consumed samples:        36480 | elapsed time per iteration (ms): 3811.2 | throughput (samples/sec/per_device): 3.149 | learning rate: 1.763614E-05 | global batch size:    96 | action loss: 1.908450E-01 | loss scale: 1.0 | grad norm: 0.532995 | number of skipped iterations:   0 | number of nan iterations:   0 |
[2026-08-28 16:20:41][INFO] max time across ranks (ms):
    forward-backward................................: 3681.42
    forward-compute.................................: 1798.39
    backward-compute................................: 3404.54
    batch-generator.................................: 1.42
    nan-grad-cleanup................................: 13.45
    grad-clip.......................................: 32.55
    optimizer.......................................: 83.11
    optimizer-inner-step............................: 82.14
    optimizer-scheduler-step........................: 1.00
    optimizer-zero-grad.............................: 0.97
[2026-08-28 16:20:44][INFO] iteration      381/    1000 | consumed samples:        36576 | elapsed time per iteration (ms): 3137.5 | throughput (samples/sec/per_device): 3.825 | learning rate: 1.760100E-05 | global batch size:    96 | action loss: 1.658446E-01 | loss scale: 1.0 | grad norm: 0.541043 | number of skipped iterations:   0 | number of nan iterations:   0 |
[2026-08-28 16:20:46][INFO] iteration      382/    1000 | consumed samples:        36672 | elapsed time per iteration (ms): 2234.6 | throughput (samples/sec/per_device): 5.370 | learning rate: 1.756580E-05 | global batch size:    96 | action loss: 1.807662E-01 | loss scale: 1.0 | grad norm: 0.574097 | number of skipped iterations:   0 | number of nan iterations:   0 |
[2026-08-28 16:20:50][INFO] iteration      383/    1000 | consumed samples:        36768 | elapsed time per iteration (ms): 3940.7 | throughput (samples/sec/per_device): 3.045 | learning rate: 1.753056E-05 | global batch size:    96 | action loss: 1.554860E-01 | loss scale: 1.0 | grad norm: 0.565208 | number of skipped iterations:   0 | number of nan iterations:   0 |
[2026-08-28 16:20:52][INFO] iteration      384/    1000 | consumed samples:        36864 | elapsed time per iteration (ms): 1765.5 | throughput (samples/sec/per_device): 6.797 | learning rate: 1.749528E-05 | global batch size:    96 | action loss: 1.684509E-01 | loss scale: 1.0 | grad norm: 0.565171 | number of skipped iterations:   0 | number of nan iterations:   0 |
[2026-08-28 16:20:56][INFO] iteration      385/    1000 | consumed samples:        36960 | elapsed time per iteration (ms): 4330.4 | throughput (samples/sec/per_device): 2.771 | learning rate: 1.745995E-05 | global batch size:    96 | action loss: 1.786363E-01 | loss scale: 1.0 | grad norm: 0.571765 | number of skipped iterations:   0 | number of nan iterations:   0 |
[2026-08-28 16:21:01][INFO] iteration      386/    1000 | consumed samples:        37056 | elapsed time per iteration (ms): 4937.6 | throughput (samples/sec/per_device): 2.430 | learning rate: 1.742457E-05 | global batch size:    96 | action loss: 1.714715E-01 | loss scale: 1.0 | grad norm: 0.548390 | number of skipped iterations:   0 | number of nan iterations:   0 |
[2026-08-28 16:21:04][INFO] iteration      387/    1000 | consumed samples:        37152 | elapsed time per iteration (ms): 2606.7 | throughput (samples/sec/per_device): 4.604 | learning rate: 1.738916E-05 | global batch size:    96 | action loss: 1.562553E-01 | loss scale: 1.0 | grad norm: 0.592800 | number of skipped iterations:   0 | number of nan iterations:   0 |
[2026-08-28 16:21:06][INFO] iteration      388/    1000 | consumed samples:        37248 | elapsed time per iteration (ms): 2271.4 | throughput (samples/sec/per_device): 5.283 | learning rate: 1.735369E-05 | global batch size:    96 | action loss: 1.649724E-01 | loss scale: 1.0 | grad norm: 0.633389 | number of skipped iterations:   0 | number of nan iterations:   0 |
[2026-08-28 16:21:08][INFO] iteration      389/    1000 | consumed samples:        37344 | elapsed time per iteration (ms): 2301.2 | throughput (samples/sec/per_device): 5.215 | learning rate: 1.731819E-05 | global batch size:    96 | action loss: 2.071436E-01 | loss scale: 1.0 | grad norm: 0.675529 | number of skipped iterations:   0 | number of nan iterations:   0 |
[2026-08-28 16:21:11][INFO] iteration      390/    1000 | consumed samples:        37440 | elapsed time per iteration (ms): 2307.7 | throughput (samples/sec/per_device): 5.200 | learning rate: 1.728263E-05 | global batch size:    96 | action loss: 1.597346E-01 | loss scale: 1.0 | grad norm: 0.575639 | number of skipped iterations:   0 | number of nan iterations:   0 |
[2026-08-28 16:21:13][INFO] iteration      391/    1000 | consumed samples:        37536 | elapsed time per iteration (ms): 2778.0 | throughput (samples/sec/per_device): 4.320 | learning rate: 1.724704E-05 | global batch size:    96 | action loss: 1.614503E-01 | loss scale: 1.0 | grad norm: 0.499907 | number of skipped iterations:   0 | number of nan iterations:   0 |
[2026-08-28 16:21:15][INFO] iteration      392/    1000 | consumed samples:        37632 | elapsed time per iteration (ms): 1912.9 | throughput (samples/sec/per_device): 6.273 | learning rate: 1.721140E-05 | global batch size:    96 | action loss: 1.585692E-01 | loss scale: 1.0 | grad norm: 0.534135 | number of skipped iterations:   0 | number of nan iterations:   0 |
[2026-08-28 16:21:18][INFO] iteration      393/    1000 | consumed samples:        37728 | elapsed time per iteration (ms): 3071.5 | throughput (samples/sec/per_device): 3.907 | learning rate: 1.717573E-05 | global batch size:    96 | action loss: 1.767786E-01 | loss scale: 1.0 | grad norm: 0.518576 | number of skipped iterations:   0 | number of nan iterations:   0 |
[2026-08-28 16:21:20][INFO] iteration      394/    1000 | consumed samples:        37824 | elapsed time per iteration (ms): 2040.1 | throughput (samples/sec/per_device): 5.882 | learning rate: 1.714000E-05 | global batch size:    96 | action loss: 1.829892E-01 | loss scale: 1.0 | grad norm: 0.624185 | number of skipped iterations:   0 | number of nan iterations:   0 |
[2026-08-28 16:21:24][INFO] iteration      395/    1000 | consumed samples:        37920 | elapsed time per iteration (ms): 3238.6 | throughput (samples/sec/per_device): 3.705 | learning rate: 1.710424E-05 | global batch size:    96 | action loss: 1.511151E-01 | loss scale: 1.0 | grad norm: 0.568107 | number of skipped iterations:   0 | number of nan iterations:   0 |
[2026-08-28 16:21:26][INFO] iteration      396/    1000 | consumed samples:        38016 | elapsed time per iteration (ms): 2705.9 | throughput (samples/sec/per_device): 4.435 | learning rate: 1.706844E-05 | global batch size:    96 | action loss: 1.659116E-01 | loss scale: 1.0 | grad norm: 0.562684 | number of skipped iterations:   0 | number of nan iterations:   0 |
[2026-08-28 16:21:29][INFO] iteration      397/    1000 | consumed samples:        38112 | elapsed time per iteration (ms): 2529.1 | throughput (samples/sec/per_device): 4.745 | learning rate: 1.703259E-05 | global batch size:    96 | action loss: 1.758305E-01 | loss scale: 1.0 | grad norm: 0.612929 | number of skipped iterations:   0 | number of nan iterations:   0 |
[2026-08-28 16:21:32][INFO] iteration      398/    1000 | consumed samples:        38208 | elapsed time per iteration (ms): 2785.1 | throughput (samples/sec/per_device): 4.309 | learning rate: 1.699671E-05 | global batch size:    96 | action loss: 1.892900E-01 | loss scale: 1.0 | grad norm: 0.601347 | number of skipped iterations:   0 | number of nan iterations:   0 |
[2026-08-28 16:21:35][INFO] iteration      399/    1000 | consumed samples:        38304 | elapsed time per iteration (ms): 3729.3 | throughput (samples/sec/per_device): 3.218 | learning rate: 1.696078E-05 | global batch size:    96 | action loss: 1.858155E-01 | loss scale: 1.0 | grad norm: 0.604787 | number of skipped iterations:   0 | number of nan iterations:   0 |
[2026-08-28 16:21:38][INFO] iteration      400/    1000 | consumed samples:        38400 | elapsed time per iteration (ms): 2548.9 | throughput (samples/sec/per_device): 4.708 | learning rate: 1.692482E-05 | global batch size:    96 | action loss: 1.835429E-01 | loss scale: 1.0 | grad norm: 0.586728 | number of skipped iterations:   0 | number of nan iterations:   0 |
[2026-08-28 16:21:38][INFO] max time across ranks (ms):
    forward-backward................................: 2418.98
    forward-compute.................................: 618.44
    backward-compute................................: 2142.41
    batch-generator.................................: 2.52
    nan-grad-cleanup................................: 13.15
    grad-clip.......................................: 32.95
    optimizer.......................................: 83.71
    optimizer-inner-step............................: 82.62
    optimizer-scheduler-step........................: 1.09
    optimizer-zero-grad.............................: 0.58
[2026-08-28 16:21:39][INFO] PowerSGDPlusState restart: iter=299 compressed_iter=100 method=approximate rank=1 apply_exact=False
[2026-08-28 16:21:40][INFO] iteration      401/    1000 | consumed samples:        38496 | elapsed time per iteration (ms): 1850.1 | throughput (samples/sec/per_device): 6.486 | learning rate: 1.688881E-05 | global batch size:    96 | action loss: 1.590569E-01 | loss scale: 1.0 | grad norm: 0.666845 | number of skipped iterations:   0 | number of nan iterations:   0 |
[2026-08-28 16:21:44][INFO] iteration      402/    1000 | consumed samples:        38592 | elapsed time per iteration (ms): 4370.2 | throughput (samples/sec/per_device): 2.746 | learning rate: 1.685277E-05 | global batch size:    96 | action loss: 1.717737E-01 | loss scale: 1.0 | grad norm: 0.533048 | number of skipped iterations:   0 | number of nan iterations:   0 |
[2026-08-28 16:21:47][INFO] iteration      403/    1000 | consumed samples:        38688 | elapsed time per iteration (ms): 3200.8 | throughput (samples/sec/per_device): 3.749 | learning rate: 1.681668E-05 | global batch size:    96 | action loss: 1.622550E-01 | loss scale: 1.0 | grad norm: 0.715390 | number of skipped iterations:   0 | number of nan iterations:   0 |
[2026-08-28 16:21:49][INFO] iteration      404/    1000 | consumed samples:        38784 | elapsed time per iteration (ms): 1096.4 | throughput (samples/sec/per_device): 10.945 | learning rate: 1.678056E-05 | global batch size:    96 | action loss: 1.632777E-01 | loss scale: 1.0 | grad norm: 0.623134 | number of skipped iterations:   0 | number of nan iterations:   0 |
[2026-08-28 16:21:50][INFO] iteration      405/    1000 | consumed samples:        38880 | elapsed time per iteration (ms): 1220.5 | throughput (samples/sec/per_device): 9.832 | learning rate: 1.674440E-05 | global batch size:    96 | action loss: 1.591179E-01 | loss scale: 1.0 | grad norm: 0.570979 | number of skipped iterations:   0 | number of nan iterations:   0 |
[2026-08-28 16:21:51][INFO] iteration      406/    1000 | consumed samples:        38976 | elapsed time per iteration (ms): 1510.9 | throughput (samples/sec/per_device): 7.942 | learning rate: 1.670820E-05 | global batch size:    96 | action loss: 1.528173E-01 | loss scale: 1.0 | grad norm: 0.581279 | number of skipped iterations:   0 | number of nan iterations:   0 |
[2026-08-28 16:21:54][INFO] iteration      407/    1000 | consumed samples:        39072 | elapsed time per iteration (ms): 2498.5 | throughput (samples/sec/per_device): 4.803 | learning rate: 1.667197E-05 | global batch size:    96 | action loss: 1.819213E-01 | loss scale: 1.0 | grad norm: 0.607166 | number of skipped iterations:   0 | number of nan iterations:   0 |
[2026-08-28 16:21:56][INFO] iteration      408/    1000 | consumed samples:        39168 | elapsed time per iteration (ms): 1921.7 | throughput (samples/sec/per_device): 6.244 | learning rate: 1.663570E-05 | global batch size:    96 | action loss: 1.630697E-01 | loss scale: 1.0 | grad norm: 0.595396 | number of skipped iterations:   0 | number of nan iterations:   0 |
[2026-08-28 16:22:01][INFO] iteration      409/    1000 | consumed samples:        39264 | elapsed time per iteration (ms): 5426.4 | throughput (samples/sec/per_device): 2.211 | learning rate: 1.659939E-05 | global batch size:    96 | action loss: 1.625538E-01 | loss scale: 1.0 | grad norm: 0.606519 | number of skipped iterations:   0 | number of nan iterations:   0 |
[2026-08-28 16:22:04][INFO] iteration      410/    1000 | consumed samples:        39360 | elapsed time per iteration (ms): 2894.7 | throughput (samples/sec/per_device): 4.146 | learning rate: 1.656304E-05 | global batch size:    96 | action loss: 1.734469E-01 | loss scale: 1.0 | grad norm: 0.555740 | number of skipped iterations:   0 | number of nan iterations:   0 |
[2026-08-28 16:22:06][INFO] iteration      411/    1000 | consumed samples:        39456 | elapsed time per iteration (ms): 1743.3 | throughput (samples/sec/per_device): 6.884 | learning rate: 1.652666E-05 | global batch size:    96 | action loss: 1.665009E-01 | loss scale: 1.0 | grad norm: 0.629372 | number of skipped iterations:   0 | number of nan iterations:   0 |
[2026-08-28 16:22:09][INFO] iteration      412/    1000 | consumed samples:        39552 | elapsed time per iteration (ms): 3197.3 | throughput (samples/sec/per_device): 3.753 | learning rate: 1.649025E-05 | global batch size:    96 | action loss: 1.602612E-01 | loss scale: 1.0 | grad norm: 0.662640 | number of skipped iterations:   0 | number of nan iterations:   0 |
[2026-08-28 16:22:11][INFO] iteration      413/    1000 | consumed samples:        39648 | elapsed time per iteration (ms): 2061.1 | throughput (samples/sec/per_device): 5.822 | learning rate: 1.645380E-05 | global batch size:    96 | action loss: 1.581835E-01 | loss scale: 1.0 | grad norm: 0.539595 | number of skipped iterations:   0 | number of nan iterations:   0 |
[2026-08-28 16:22:14][INFO] iteration      414/    1000 | consumed samples:        39744 | elapsed time per iteration (ms): 2798.1 | throughput (samples/sec/per_device): 4.289 | learning rate: 1.641731E-05 | global batch size:    96 | action loss: 1.729151E-01 | loss scale: 1.0 | grad norm: 0.589546 | number of skipped iterations:   0 | number of nan iterations:   0 |
[2026-08-28 16:22:17][INFO] iteration      415/    1000 | consumed samples:        39840 | elapsed time per iteration (ms): 2692.9 | throughput (samples/sec/per_device): 4.456 | learning rate: 1.638079E-05 | global batch size:    96 | action loss: 1.454107E-01 | loss scale: 1.0 | grad norm: 0.542200 | number of skipped iterations:   0 | number of nan iterations:   0 |
[2026-08-28 16:22:20][INFO] iteration      416/    1000 | consumed samples:        39936 | elapsed time per iteration (ms): 3666.0 | throughput (samples/sec/per_device): 3.273 | learning rate: 1.634424E-05 | global batch size:    96 | action loss: 1.462348E-01 | loss scale: 1.0 | grad norm: 0.519296 | number of skipped iterations:   0 | number of nan iterations:   0 |
[2026-08-28 16:22:22][INFO] iteration      417/    1000 | consumed samples:        40032 | elapsed time per iteration (ms): 2075.9 | throughput (samples/sec/per_device): 5.781 | learning rate: 1.630765E-05 | global batch size:    96 | action loss: 1.763420E-01 | loss scale: 1.0 | grad norm: 0.600757 | number of skipped iterations:   0 | number of nan iterations:   0 |
[2026-08-28 16:22:25][INFO] iteration      418/    1000 | consumed samples:        40128 | elapsed time per iteration (ms): 2891.5 | throughput (samples/sec/per_device): 4.150 | learning rate: 1.627103E-05 | global batch size:    96 | action loss: 1.622658E-01 | loss scale: 1.0 | grad norm: 0.628319 | number of skipped iterations:   0 | number of nan iterations:   0 |
[2026-08-28 16:22:28][INFO] iteration      419/    1000 | consumed samples:        40224 | elapsed time per iteration (ms): 2365.1 | throughput (samples/sec/per_device): 5.074 | learning rate: 1.623437E-05 | global batch size:    96 | action loss: 1.597769E-01 | loss scale: 1.0 | grad norm: 0.604847 | number of skipped iterations:   0 | number of nan iterations:   0 |
[2026-08-28 16:22:31][INFO] iteration      420/    1000 | consumed samples:        40320 | elapsed time per iteration (ms): 3784.4 | throughput (samples/sec/per_device): 3.171 | learning rate: 1.619769E-05 | global batch size:    96 | action loss: 1.680697E-01 | loss scale: 1.0 | grad norm: 0.580522 | number of skipped iterations:   0 | number of nan iterations:   0 |
[2026-08-28 16:22:31][INFO] max time across ranks (ms):
    forward-backward................................: 2662.70
    forward-compute.................................: 990.33
    backward-compute................................: 2385.78
    batch-generator.................................: 1.75
    nan-grad-cleanup................................: 13.29
    grad-clip.......................................: 32.83
    optimizer.......................................: 1074.87
    optimizer-inner-step............................: 1073.70
    optimizer-scheduler-step........................: 1.20
    optimizer-zero-grad.............................: 0.96
[2026-08-28 16:22:33][INFO] iteration      421/    1000 | consumed samples:        40416 | elapsed time per iteration (ms): 1825.6 | throughput (samples/sec/per_device): 6.573 | learning rate: 1.616097E-05 | global batch size:    96 | action loss: 1.628522E-01 | loss scale: 1.0 | grad norm: 0.600320 | number of skipped iterations:   0 | number of nan iterations:   0 |
[2026-08-28 16:22:35][INFO] iteration      422/    1000 | consumed samples:        40512 | elapsed time per iteration (ms): 2255.2 | throughput (samples/sec/per_device): 5.321 | learning rate: 1.612422E-05 | global batch size:    96 | action loss: 1.619912E-01 | loss scale: 1.0 | grad norm: 0.551988 | number of skipped iterations:   0 | number of nan iterations:   0 |
[2026-08-28 16:22:38][INFO] iteration      423/    1000 | consumed samples:        40608 | elapsed time per iteration (ms): 2258.7 | throughput (samples/sec/per_device): 5.313 | learning rate: 1.608743E-05 | global batch size:    96 | action loss: 1.611673E-01 | loss scale: 1.0 | grad norm: 0.551862 | number of skipped iterations:   0 | number of nan iterations:   0 |
[2026-08-28 16:22:40][INFO] iteration      424/    1000 | consumed samples:        40704 | elapsed time per iteration (ms): 2791.8 | throughput (samples/sec/per_device): 4.298 | learning rate: 1.605062E-05 | global batch size:    96 | action loss: 1.711868E-01 | loss scale: 1.0 | grad norm: 0.601669 | number of skipped iterations:   0 | number of nan iterations:   0 |
[2026-08-28 16:22:45][INFO] iteration      425/    1000 | consumed samples:        40800 | elapsed time per iteration (ms): 4292.7 | throughput (samples/sec/per_device): 2.795 | learning rate: 1.601378E-05 | global batch size:    96 | action loss: 1.897136E-01 | loss scale: 1.0 | grad norm: 0.616647 | number of skipped iterations:   0 | number of nan iterations:   0 |
[2026-08-28 16:22:47][INFO] iteration      426/    1000 | consumed samples:        40896 | elapsed time per iteration (ms): 1922.3 | throughput (samples/sec/per_device): 6.243 | learning rate: 1.597690E-05 | global batch size:    96 | action loss: 1.723629E-01 | loss scale: 1.0 | grad norm: 0.642376 | number of skipped iterations:   0 | number of nan iterations:   0 |
[2026-08-28 16:22:50][INFO] iteration      427/    1000 | consumed samples:        40992 | elapsed time per iteration (ms): 3154.7 | throughput (samples/sec/per_device): 3.804 | learning rate: 1.594000E-05 | global batch size:    96 | action loss: 1.620226E-01 | loss scale: 1.0 | grad norm: 0.529149 | number of skipped iterations:   0 | number of nan iterations:   0 |
[2026-08-28 16:22:52][INFO] iteration      428/    1000 | consumed samples:        41088 | elapsed time per iteration (ms): 2398.5 | throughput (samples/sec/per_device): 5.003 | learning rate: 1.590306E-05 | global batch size:    96 | action loss: 1.839794E-01 | loss scale: 1.0 | grad norm: 0.502423 | number of skipped iterations:   0 | number of nan iterations:   0 |
[2026-08-28 16:22:56][INFO] iteration      429/    1000 | consumed samples:        41184 | elapsed time per iteration (ms): 3532.8 | throughput (samples/sec/per_device): 3.397 | learning rate: 1.586610E-05 | global batch size:    96 | action loss: 1.839279E-01 | loss scale: 1.0 | grad norm: 0.520226 | number of skipped iterations:   0 | number of nan iterations:   0 |
[2026-08-28 16:22:59][INFO] iteration      430/    1000 | consumed samples:        41280 | elapsed time per iteration (ms): 2900.0 | throughput (samples/sec/per_device): 4.138 | learning rate: 1.582911E-05 | global batch size:    96 | action loss: 1.813149E-01 | loss scale: 1.0 | grad norm: 0.547685 | number of skipped iterations:   0 | number of nan iterations:   0 |
[2026-08-28 16:23:02][INFO] iteration      431/    1000 | consumed samples:        41376 | elapsed time per iteration (ms): 3267.8 | throughput (samples/sec/per_device): 3.672 | learning rate: 1.579209E-05 | global batch size:    96 | action loss: 1.691480E-01 | loss scale: 1.0 | grad norm: 0.609131 | number of skipped iterations:   0 | number of nan iterations:   0 |
[2026-08-28 16:23:07][INFO] iteration      432/    1000 | consumed samples:        41472 | elapsed time per iteration (ms): 4742.4 | throughput (samples/sec/per_device): 2.530 | learning rate: 1.575504E-05 | global batch size:    96 | action loss: 1.746608E-01 | loss scale: 1.0 | grad norm: 0.607462 | number of skipped iterations:   0 | number of nan iterations:   0 |
[2026-08-28 16:23:09][INFO] iteration      433/    1000 | consumed samples:        41568 | elapsed time per iteration (ms): 2826.2 | throughput (samples/sec/per_device): 4.246 | learning rate: 1.571796E-05 | global batch size:    96 | action loss: 1.673885E-01 | loss scale: 1.0 | grad norm: 0.557897 | number of skipped iterations:   0 | number of nan iterations:   0 |
[2026-08-28 16:23:12][INFO] iteration      434/    1000 | consumed samples:        41664 | elapsed time per iteration (ms): 2151.3 | throughput (samples/sec/per_device): 5.578 | learning rate: 1.568086E-05 | global batch size:    96 | action loss: 1.676422E-01 | loss scale: 1.0 | grad norm: 0.568698 | number of skipped iterations:   0 | number of nan iterations:   0 |
[2026-08-28 16:23:14][INFO] iteration      435/    1000 | consumed samples:        41760 | elapsed time per iteration (ms): 2624.7 | throughput (samples/sec/per_device): 4.572 | learning rate: 1.564373E-05 | global batch size:    96 | action loss: 1.735234E-01 | loss scale: 1.0 | grad norm: 0.540648 | number of skipped iterations:   0 | number of nan iterations:   0 |
[2026-08-28 16:23:18][INFO] iteration      436/    1000 | consumed samples:        41856 | elapsed time per iteration (ms): 3805.8 | throughput (samples/sec/per_device): 3.153 | learning rate: 1.560657E-05 | global batch size:    96 | action loss: 1.641618E-01 | loss scale: 1.0 | grad norm: 0.542498 | number of skipped iterations:   0 | number of nan iterations:   0 |
[2026-08-28 16:23:20][INFO] iteration      437/    1000 | consumed samples:        41952 | elapsed time per iteration (ms): 2374.9 | throughput (samples/sec/per_device): 5.053 | learning rate: 1.556939E-05 | global batch size:    96 | action loss: 1.652213E-01 | loss scale: 1.0 | grad norm: 0.555490 | number of skipped iterations:   0 | number of nan iterations:   0 |
[2026-08-28 16:23:24][INFO] iteration      438/    1000 | consumed samples:        42048 | elapsed time per iteration (ms): 3347.2 | throughput (samples/sec/per_device): 3.585 | learning rate: 1.553218E-05 | global batch size:    96 | action loss: 1.709906E-01 | loss scale: 1.0 | grad norm: 0.559417 | number of skipped iterations:   0 | number of nan iterations:   0 |
[2026-08-28 16:23:28][INFO] iteration      439/    1000 | consumed samples:        42144 | elapsed time per iteration (ms): 3954.8 | throughput (samples/sec/per_device): 3.034 | learning rate: 1.549494E-05 | global batch size:    96 | action loss: 1.588202E-01 | loss scale: 1.0 | grad norm: 0.533218 | number of skipped iterations:   0 | number of nan iterations:   0 |
[2026-08-28 16:23:30][INFO] iteration      440/    1000 | consumed samples:        42240 | elapsed time per iteration (ms): 2161.4 | throughput (samples/sec/per_device): 5.552 | learning rate: 1.545768E-05 | global batch size:    96 | action loss: 1.771115E-01 | loss scale: 1.0 | grad norm: 0.535403 | number of skipped iterations:   0 | number of nan iterations:   0 |
[2026-08-28 16:23:30][INFO] max time across ranks (ms):
    forward-backward................................: 2031.46
    forward-compute.................................: 574.56
    backward-compute................................: 1753.70
    batch-generator.................................: 1.88
    nan-grad-cleanup................................: 13.14
    grad-clip.......................................: 33.12
    optimizer.......................................: 83.73
    optimizer-inner-step............................: 82.56
    optimizer-scheduler-step........................: 1.07
    optimizer-zero-grad.............................: 0.59
[2026-08-28 16:23:33][INFO] iteration      441/    1000 | consumed samples:        42336 | elapsed time per iteration (ms): 3005.2 | throughput (samples/sec/per_device): 3.993 | learning rate: 1.542039E-05 | global batch size:    96 | action loss: 1.749686E-01 | loss scale: 1.0 | grad norm: 0.537596 | number of skipped iterations:   0 | number of nan iterations:   0 |
[2026-08-28 16:23:36][INFO] iteration      442/    1000 | consumed samples:        42432 | elapsed time per iteration (ms): 2953.7 | throughput (samples/sec/per_device): 4.063 | learning rate: 1.538309E-05 | global batch size:    96 | action loss: 1.595153E-01 | loss scale: 1.0 | grad norm: 0.516098 | number of skipped iterations:   0 | number of nan iterations:   0 |
[2026-08-28 16:23:40][INFO] iteration      443/    1000 | consumed samples:        42528 | elapsed time per iteration (ms): 3746.3 | throughput (samples/sec/per_device): 3.203 | learning rate: 1.534575E-05 | global batch size:    96 | action loss: 1.451614E-01 | loss scale: 1.0 | grad norm: 0.506113 | number of skipped iterations:   0 | number of nan iterations:   0 |
[2026-08-28 16:23:43][INFO] iteration      444/    1000 | consumed samples:        42624 | elapsed time per iteration (ms): 3144.2 | throughput (samples/sec/per_device): 3.817 | learning rate: 1.530840E-05 | global batch size:    96 | action loss: 1.801432E-01 | loss scale: 1.0 | grad norm: 0.539130 | number of skipped iterations:   0 | number of nan iterations:   0 |
[2026-08-28 16:23:45][INFO] iteration      445/    1000 | consumed samples:        42720 | elapsed time per iteration (ms): 2528.1 | throughput (samples/sec/per_device): 4.747 | learning rate: 1.527101E-05 | global batch size:    96 | action loss: 1.468953E-01 | loss scale: 1.0 | grad norm: 0.544195 | number of skipped iterations:   0 | number of nan iterations:   0 |
[2026-08-28 16:23:47][INFO] iteration      446/    1000 | consumed samples:        42816 | elapsed time per iteration (ms): 2126.6 | throughput (samples/sec/per_device): 5.643 | learning rate: 1.523361E-05 | global batch size:    96 | action loss: 1.683238E-01 | loss scale: 1.0 | grad norm: 0.615496 | number of skipped iterations:   0 | number of nan iterations:   0 |
[2026-08-28 16:23:51][INFO] iteration      447/    1000 | consumed samples:        42912 | elapsed time per iteration (ms): 3388.6 | throughput (samples/sec/per_device): 3.541 | learning rate: 1.519619E-05 | global batch size:    96 | action loss: 1.585345E-01 | loss scale: 1.0 | grad norm: 0.567231 | number of skipped iterations:   0 | number of nan iterations:   0 |
[2026-08-28 16:23:53][INFO] iteration      448/    1000 | consumed samples:        43008 | elapsed time per iteration (ms): 1868.2 | throughput (samples/sec/per_device): 6.423 | learning rate: 1.515874E-05 | global batch size:    96 | action loss: 1.864631E-01 | loss scale: 1.0 | grad norm: 0.517463 | number of skipped iterations:   0 | number of nan iterations:   0 |
[2026-08-28 16:23:55][INFO] iteration      449/    1000 | consumed samples:        43104 | elapsed time per iteration (ms): 2392.7 | throughput (samples/sec/per_device): 5.015 | learning rate: 1.512127E-05 | global batch size:    96 | action loss: 1.618308E-01 | loss scale: 1.0 | grad norm: 0.507375 | number of skipped iterations:   0 | number of nan iterations:   0 |
[2026-08-28 16:23:57][INFO] iteration      450/    1000 | consumed samples:        43200 | elapsed time per iteration (ms): 2257.8 | throughput (samples/sec/per_device): 5.315 | learning rate: 1.508378E-05 | global batch size:    96 | action loss: 1.537535E-01 | loss scale: 1.0 | grad norm: 0.502306 | number of skipped iterations:   0 | number of nan iterations:   0 |
[2026-08-28 16:23:58][INFO] PowerSGDPlusState restart: iter=349 compressed_iter=150 method=approximate rank=1 apply_exact=False
[2026-08-28 16:23:59][INFO] iteration      451/    1000 | consumed samples:        43296 | elapsed time per iteration (ms): 1817.5 | throughput (samples/sec/per_device): 6.602 | learning rate: 1.504627E-05 | global batch size:    96 | action loss: 1.450342E-01 | loss scale: 1.0 | grad norm: 0.584795 | number of skipped iterations:   0 | number of nan iterations:   0 |
[2026-08-28 16:24:05][INFO] iteration      452/    1000 | consumed samples:        43392 | elapsed time per iteration (ms): 6114.5 | throughput (samples/sec/per_device): 1.963 | learning rate: 1.500873E-05 | global batch size:    96 | action loss: 1.868841E-01 | loss scale: 1.0 | grad norm: 0.491875 | number of skipped iterations:   0 | number of nan iterations:   0 |
[2026-08-28 16:24:08][INFO] iteration      453/    1000 | consumed samples:        43488 | elapsed time per iteration (ms): 3198.8 | throughput (samples/sec/per_device): 3.751 | learning rate: 1.497118E-05 | global batch size:    96 | action loss: 1.823634E-01 | loss scale: 1.0 | grad norm: 0.541022 | number of skipped iterations:   0 | number of nan iterations:   0 |
[2026-08-28 16:24:10][INFO] iteration      454/    1000 | consumed samples:        43584 | elapsed time per iteration (ms): 1128.5 | throughput (samples/sec/per_device): 10.634 | learning rate: 1.493361E-05 | global batch size:    96 | action loss: 1.505470E-01 | loss scale: 1.0 | grad norm: 0.600062 | number of skipped iterations:   0 | number of nan iterations:   0 |
[2026-08-28 16:24:11][INFO] iteration      455/    1000 | consumed samples:        43680 | elapsed time per iteration (ms): 1245.0 | throughput (samples/sec/per_device): 9.639 | learning rate: 1.489602E-05 | global batch size:    96 | action loss: 1.583360E-01 | loss scale: 1.0 | grad norm: 0.557985 | number of skipped iterations:   0 | number of nan iterations:   0 |
[2026-08-28 16:24:13][INFO] iteration      456/    1000 | consumed samples:        43776 | elapsed time per iteration (ms): 2511.6 | throughput (samples/sec/per_device): 4.778 | learning rate: 1.485841E-05 | global batch size:    96 | action loss: 1.830991E-01 | loss scale: 1.0 | grad norm: 0.579826 | number of skipped iterations:   0 | number of nan iterations:   0 |
[2026-08-28 16:24:16][INFO] iteration      457/    1000 | consumed samples:        43872 | elapsed time per iteration (ms): 2214.7 | throughput (samples/sec/per_device): 5.418 | learning rate: 1.482078E-05 | global batch size:    96 | action loss: 1.751204E-01 | loss scale: 1.0 | grad norm: 0.600723 | number of skipped iterations:   0 | number of nan iterations:   0 |
[2026-08-28 16:24:18][INFO] iteration      458/    1000 | consumed samples:        43968 | elapsed time per iteration (ms): 1986.6 | throughput (samples/sec/per_device): 6.040 | learning rate: 1.478313E-05 | global batch size:    96 | action loss: 1.473539E-01 | loss scale: 1.0 | grad norm: 0.553950 | number of skipped iterations:   0 | number of nan iterations:   0 |
[2026-08-28 16:24:20][INFO] iteration      459/    1000 | consumed samples:        44064 | elapsed time per iteration (ms): 2392.8 | throughput (samples/sec/per_device): 5.015 | learning rate: 1.474546E-05 | global batch size:    96 | action loss: 1.945138E-01 | loss scale: 1.0 | grad norm: 0.579368 | number of skipped iterations:   0 | number of nan iterations:   0 |
[2026-08-28 16:24:23][INFO] iteration      460/    1000 | consumed samples:        44160 | elapsed time per iteration (ms): 2681.4 | throughput (samples/sec/per_device): 4.475 | learning rate: 1.470778E-05 | global batch size:    96 | action loss: 1.648529E-01 | loss scale: 1.0 | grad norm: 0.547165 | number of skipped iterations:   0 | number of nan iterations:   0 |
[2026-08-28 16:24:23][INFO] max time across ranks (ms):
    forward-backward................................: 2534.22
    forward-compute.................................: 1141.50
    backward-compute................................: 2254.62
    batch-generator.................................: 1.93
    nan-grad-cleanup................................: 15.95
    grad-clip.......................................: 40.23
    optimizer.......................................: 99.85
    optimizer-inner-step............................: 98.74
    optimizer-scheduler-step........................: 1.07
    optimizer-zero-grad.............................: 0.97
[2026-08-28 16:24:26][INFO] iteration      461/    1000 | consumed samples:        44256 | elapsed time per iteration (ms): 3533.1 | throughput (samples/sec/per_device): 3.396 | learning rate: 1.467008E-05 | global batch size:    96 | action loss: 1.461174E-01 | loss scale: 1.0 | grad norm: 0.550369 | number of skipped iterations:   0 | number of nan iterations:   0 |
[2026-08-28 16:24:29][INFO] iteration      462/    1000 | consumed samples:        44352 | elapsed time per iteration (ms): 2773.1 | throughput (samples/sec/per_device): 4.327 | learning rate: 1.463236E-05 | global batch size:    96 | action loss: 1.652856E-01 | loss scale: 1.0 | grad norm: 0.557280 | number of skipped iterations:   0 | number of nan iterations:   0 |
[2026-08-28 16:24:31][INFO] iteration      463/    1000 | consumed samples:        44448 | elapsed time per iteration (ms): 2302.1 | throughput (samples/sec/per_device): 5.213 | learning rate: 1.459463E-05 | global batch size:    96 | action loss: 1.631054E-01 | loss scale: 1.0 | grad norm: 0.524164 | number of skipped iterations:   0 | number of nan iterations:   0 |
[2026-08-28 16:24:34][INFO] iteration      464/    1000 | consumed samples:        44544 | elapsed time per iteration (ms): 2698.5 | throughput (samples/sec/per_device): 4.447 | learning rate: 1.455688E-05 | global batch size:    96 | action loss: 1.541493E-01 | loss scale: 1.0 | grad norm: 0.605907 | number of skipped iterations:   0 | number of nan iterations:   0 |
[2026-08-28 16:24:37][INFO] iteration      465/    1000 | consumed samples:        44640 | elapsed time per iteration (ms): 3150.2 | throughput (samples/sec/per_device): 3.809 | learning rate: 1.451911E-05 | global batch size:    96 | action loss: 1.857295E-01 | loss scale: 1.0 | grad norm: 0.604261 | number of skipped iterations:   0 | number of nan iterations:   0 |
[2026-08-28 16:24:40][INFO] iteration      466/    1000 | consumed samples:        44736 | elapsed time per iteration (ms): 2557.6 | throughput (samples/sec/per_device): 4.692 | learning rate: 1.448133E-05 | global batch size:    96 | action loss: 1.759233E-01 | loss scale: 1.0 | grad norm: 0.584387 | number of skipped iterations:   0 | number of nan iterations:   0 |
[2026-08-28 16:24:42][INFO] iteration      467/    1000 | consumed samples:        44832 | elapsed time per iteration (ms): 2600.7 | throughput (samples/sec/per_device): 4.614 | learning rate: 1.444353E-05 | global batch size:    96 | action loss: 2.132877E-01 | loss scale: 1.0 | grad norm: 0.555517 | number of skipped iterations:   0 | number of nan iterations:   0 |
[2026-08-28 16:24:45][INFO] iteration      468/    1000 | consumed samples:        44928 | elapsed time per iteration (ms): 2968.1 | throughput (samples/sec/per_device): 4.043 | learning rate: 1.440572E-05 | global batch size:    96 | action loss: 1.644208E-01 | loss scale: 1.0 | grad norm: 0.534362 | number of skipped iterations:   0 | number of nan iterations:   0 |
[2026-08-28 16:24:48][INFO] iteration      469/    1000 | consumed samples:        45024 | elapsed time per iteration (ms): 3072.0 | throughput (samples/sec/per_device): 3.906 | learning rate: 1.436790E-05 | global batch size:    96 | action loss: 1.819209E-01 | loss scale: 1.0 | grad norm: 0.532396 | number of skipped iterations:   0 | number of nan iterations:   0 |
[2026-08-28 16:24:51][INFO] iteration      470/    1000 | consumed samples:        45120 | elapsed time per iteration (ms): 2206.6 | throughput (samples/sec/per_device): 5.438 | learning rate: 1.433006E-05 | global batch size:    96 | action loss: 1.509986E-01 | loss scale: 1.0 | grad norm: 0.645396 | number of skipped iterations:   0 | number of nan iterations:   0 |
[2026-08-28 16:24:53][INFO] iteration      471/    1000 | consumed samples:        45216 | elapsed time per iteration (ms): 2556.5 | throughput (samples/sec/per_device): 4.694 | learning rate: 1.429221E-05 | global batch size:    96 | action loss: 1.833315E-01 | loss scale: 1.0 | grad norm: 0.588326 | number of skipped iterations:   0 | number of nan iterations:   0 |
[2026-08-28 16:24:56][INFO] iteration      472/    1000 | consumed samples:        45312 | elapsed time per iteration (ms): 2784.9 | throughput (samples/sec/per_device): 4.309 | learning rate: 1.425434E-05 | global batch size:    96 | action loss: 1.849424E-01 | loss scale: 1.0 | grad norm: 0.563590 | number of skipped iterations:   0 | number of nan iterations:   0 |
[2026-08-28 16:25:00][INFO] iteration      473/    1000 | consumed samples:        45408 | elapsed time per iteration (ms): 3988.7 | throughput (samples/sec/per_device): 3.008 | learning rate: 1.421646E-05 | global batch size:    96 | action loss: 1.423395E-01 | loss scale: 1.0 | grad norm: 0.517093 | number of skipped iterations:   0 | number of nan iterations:   0 |
[2026-08-28 16:25:03][INFO] iteration      474/    1000 | consumed samples:        45504 | elapsed time per iteration (ms): 3167.4 | throughput (samples/sec/per_device): 3.789 | learning rate: 1.417857E-05 | global batch size:    96 | action loss: 1.556832E-01 | loss scale: 1.0 | grad norm: 0.649701 | number of skipped iterations:   0 | number of nan iterations:   0 |
[2026-08-28 16:25:06][INFO] iteration      475/    1000 | consumed samples:        45600 | elapsed time per iteration (ms): 2683.9 | throughput (samples/sec/per_device): 4.471 | learning rate: 1.414067E-05 | global batch size:    96 | action loss: 1.790008E-01 | loss scale: 1.0 | grad norm: 0.588296 | number of skipped iterations:   0 | number of nan iterations:   0 |
[2026-08-28 16:25:11][INFO] iteration      476/    1000 | consumed samples:        45696 | elapsed time per iteration (ms): 5461.1 | throughput (samples/sec/per_device): 2.197 | learning rate: 1.410276E-05 | global batch size:    96 | action loss: 1.664029E-01 | loss scale: 1.0 | grad norm: 0.539814 | number of skipped iterations:   0 | number of nan iterations:   0 |
[2026-08-28 16:25:14][INFO] iteration      477/    1000 | consumed samples:        45792 | elapsed time per iteration (ms): 3220.9 | throughput (samples/sec/per_device): 3.726 | learning rate: 1.406484E-05 | global batch size:    96 | action loss: 1.761452E-01 | loss scale: 1.0 | grad norm: 0.552228 | number of skipped iterations:   0 | number of nan iterations:   0 |
[2026-08-28 16:25:17][INFO] iteration      478/    1000 | consumed samples:        45888 | elapsed time per iteration (ms): 2968.0 | throughput (samples/sec/per_device): 4.043 | learning rate: 1.402690E-05 | global batch size:    96 | action loss: 1.931980E-01 | loss scale: 1.0 | grad norm: 0.590999 | number of skipped iterations:   0 | number of nan iterations:   0 |
[2026-08-28 16:25:21][INFO] iteration      479/    1000 | consumed samples:        45984 | elapsed time per iteration (ms): 3406.0 | throughput (samples/sec/per_device): 3.523 | learning rate: 1.398895E-05 | global batch size:    96 | action loss: 1.708289E-01 | loss scale: 1.0 | grad norm: 0.595963 | number of skipped iterations:   0 | number of nan iterations:   0 |
[2026-08-28 16:25:24][INFO] iteration      480/    1000 | consumed samples:        46080 | elapsed time per iteration (ms): 3581.3 | throughput (samples/sec/per_device): 3.351 | learning rate: 1.395100E-05 | global batch size:    96 | action loss: 1.752404E-01 | loss scale: 1.0 | grad norm: 0.588854 | number of skipped iterations:   0 | number of nan iterations:   0 |
[2026-08-28 16:25:24][INFO] max time across ranks (ms):
    forward-backward................................: 3452.60
    forward-compute.................................: 1001.65
    backward-compute................................: 3174.82
    batch-generator.................................: 2.73
    nan-grad-cleanup................................: 13.14
    grad-clip.......................................: 32.50
    optimizer.......................................: 84.60
    optimizer-inner-step............................: 83.61
    optimizer-scheduler-step........................: 0.96
    optimizer-zero-grad.............................: 0.53
[2026-08-28 16:25:27][INFO] iteration      481/    1000 | consumed samples:        46176 | elapsed time per iteration (ms): 2778.8 | throughput (samples/sec/per_device): 4.318 | learning rate: 1.391303E-05 | global batch size:    96 | action loss: 1.705854E-01 | loss scale: 1.0 | grad norm: 0.538797 | number of skipped iterations:   0 | number of nan iterations:   0 |
[2026-08-28 16:25:30][INFO] iteration      482/    1000 | consumed samples:        46272 | elapsed time per iteration (ms): 2860.4 | throughput (samples/sec/per_device): 4.195 | learning rate: 1.387506E-05 | global batch size:    96 | action loss: 1.564092E-01 | loss scale: 1.0 | grad norm: 0.581693 | number of skipped iterations:   0 | number of nan iterations:   0 |
[2026-08-28 16:25:34][INFO] iteration      483/    1000 | consumed samples:        46368 | elapsed time per iteration (ms): 3722.1 | throughput (samples/sec/per_device): 3.224 | learning rate: 1.383708E-05 | global batch size:    96 | action loss: 1.643454E-01 | loss scale: 1.0 | grad norm: 0.587173 | number of skipped iterations:   0 | number of nan iterations:   0 |
[2026-08-28 16:25:36][INFO] iteration      484/    1000 | consumed samples:        46464 | elapsed time per iteration (ms): 2781.1 | throughput (samples/sec/per_device): 4.315 | learning rate: 1.379909E-05 | global batch size:    96 | action loss: 1.567495E-01 | loss scale: 1.0 | grad norm: 0.568602 | number of skipped iterations:   0 | number of nan iterations:   0 |
[2026-08-28 16:25:40][INFO] iteration      485/    1000 | consumed samples:        46560 | elapsed time per iteration (ms): 3282.0 | throughput (samples/sec/per_device): 3.656 | learning rate: 1.376109E-05 | global batch size:    96 | action loss: 1.866582E-01 | loss scale: 1.0 | grad norm: 0.551288 | number of skipped iterations:   0 | number of nan iterations:   0 |
[2026-08-28 16:25:45][INFO] iteration      486/    1000 | consumed samples:        46656 | elapsed time per iteration (ms): 4736.1 | throughput (samples/sec/per_device): 2.534 | learning rate: 1.372308E-05 | global batch size:    96 | action loss: 1.610727E-01 | loss scale: 1.0 | grad norm: 0.558728 | number of skipped iterations:   0 | number of nan iterations:   0 |
[2026-08-28 16:25:47][INFO] iteration      487/    1000 | consumed samples:        46752 | elapsed time per iteration (ms): 2700.9 | throughput (samples/sec/per_device): 4.443 | learning rate: 1.368507E-05 | global batch size:    96 | action loss: 1.693924E-01 | loss scale: 1.0 | grad norm: 0.515990 | number of skipped iterations:   0 | number of nan iterations:   0 |
[2026-08-28 16:25:50][INFO] iteration      488/    1000 | consumed samples:        46848 | elapsed time per iteration (ms): 2880.9 | throughput (samples/sec/per_device): 4.165 | learning rate: 1.364704E-05 | global batch size:    96 | action loss: 1.487703E-01 | loss scale: 1.0 | grad norm: 0.571544 | number of skipped iterations:   0 | number of nan iterations:   0 |
[2026-08-28 16:25:53][INFO] iteration      489/    1000 | consumed samples:        46944 | elapsed time per iteration (ms): 2796.6 | throughput (samples/sec/per_device): 4.291 | learning rate: 1.360902E-05 | global batch size:    96 | action loss: 1.506574E-01 | loss scale: 1.0 | grad norm: 0.540888 | number of skipped iterations:   0 | number of nan iterations:   0 |
[2026-08-28 16:25:56][INFO] iteration      490/    1000 | consumed samples:        47040 | elapsed time per iteration (ms): 2896.4 | throughput (samples/sec/per_device): 4.143 | learning rate: 1.357098E-05 | global batch size:    96 | action loss: 1.551469E-01 | loss scale: 1.0 | grad norm: 0.572600 | number of skipped iterations:   0 | number of nan iterations:   0 |
[2026-08-28 16:25:58][INFO] iteration      491/    1000 | consumed samples:        47136 | elapsed time per iteration (ms): 2695.0 | throughput (samples/sec/per_device): 4.453 | learning rate: 1.353294E-05 | global batch size:    96 | action loss: 1.547346E-01 | loss scale: 1.0 | grad norm: 0.593737 | number of skipped iterations:   0 | number of nan iterations:   0 |
[2026-08-28 16:26:01][INFO] iteration      492/    1000 | consumed samples:        47232 | elapsed time per iteration (ms): 2066.1 | throughput (samples/sec/per_device): 5.808 | learning rate: 1.349490E-05 | global batch size:    96 | action loss: 1.547621E-01 | loss scale: 1.0 | grad norm: 0.571757 | number of skipped iterations:   0 | number of nan iterations:   0 |
[2026-08-28 16:26:03][INFO] iteration      493/    1000 | consumed samples:        47328 | elapsed time per iteration (ms): 2441.2 | throughput (samples/sec/per_device): 4.916 | learning rate: 1.345685E-05 | global batch size:    96 | action loss: 1.784246E-01 | loss scale: 1.0 | grad norm: 0.555168 | number of skipped iterations:   0 | number of nan iterations:   0 |
[2026-08-28 16:26:07][INFO] iteration      494/    1000 | consumed samples:        47424 | elapsed time per iteration (ms): 3759.0 | throughput (samples/sec/per_device): 3.192 | learning rate: 1.341879E-05 | global batch size:    96 | action loss: 1.594105E-01 | loss scale: 1.0 | grad norm: 0.537550 | number of skipped iterations:   0 | number of nan iterations:   0 |
[2026-08-28 16:26:09][INFO] iteration      495/    1000 | consumed samples:        47520 | elapsed time per iteration (ms): 2694.6 | throughput (samples/sec/per_device): 4.453 | learning rate: 1.338074E-05 | global batch size:    96 | action loss: 1.729236E-01 | loss scale: 1.0 | grad norm: 0.513561 | number of skipped iterations:   0 | number of nan iterations:   0 |
[2026-08-28 16:26:14][INFO] iteration      496/    1000 | consumed samples:        47616 | elapsed time per iteration (ms): 4937.2 | throughput (samples/sec/per_device): 2.431 | learning rate: 1.334267E-05 | global batch size:    96 | action loss: 1.758510E-01 | loss scale: 1.0 | grad norm: 0.549411 | number of skipped iterations:   0 | number of nan iterations:   0 |
[2026-08-28 16:26:18][INFO] iteration      497/    1000 | consumed samples:        47712 | elapsed time per iteration (ms): 3899.7 | throughput (samples/sec/per_device): 3.077 | learning rate: 1.330461E-05 | global batch size:    96 | action loss: 1.593072E-01 | loss scale: 1.0 | grad norm: 0.564081 | number of skipped iterations:   0 | number of nan iterations:   0 |
[2026-08-28 16:26:21][INFO] iteration      498/    1000 | consumed samples:        47808 | elapsed time per iteration (ms): 2945.1 | throughput (samples/sec/per_device): 4.075 | learning rate: 1.326654E-05 | global batch size:    96 | action loss: 2.056300E-01 | loss scale: 1.0 | grad norm: 0.565043 | number of skipped iterations:   0 | number of nan iterations:   0 |
[2026-08-28 16:26:25][INFO] iteration      499/    1000 | consumed samples:        47904 | elapsed time per iteration (ms): 3452.3 | throughput (samples/sec/per_device): 3.476 | learning rate: 1.322847E-05 | global batch size:    96 | action loss: 1.468191E-01 | loss scale: 1.0 | grad norm: 0.563224 | number of skipped iterations:   0 | number of nan iterations:   0 |
[2026-08-28 16:26:27][INFO] iteration      500/    1000 | consumed samples:        48000 | elapsed time per iteration (ms): 2397.7 | throughput (samples/sec/per_device): 5.005 | learning rate: 1.319039E-05 | global batch size:    96 | action loss: 1.724590E-01 | loss scale: 1.0 | grad norm: 0.512045 | number of skipped iterations:   0 | number of nan iterations:   0 |
[2026-08-28 16:26:27][INFO] max time across ranks (ms):
    forward-backward................................: 2267.93
    forward-compute.................................: 1081.10
    backward-compute................................: 1990.04
    batch-generator.................................: 1.49
    nan-grad-cleanup................................: 13.08
    grad-clip.......................................: 32.58
    optimizer.......................................: 82.83
    optimizer-inner-step............................: 81.69
    optimizer-scheduler-step........................: 1.65
    optimizer-zero-grad.............................: 0.57
[2026-08-28 16:26:27][INFO] PowerSGDPlusState restart: iter=399 compressed_iter=200 method=approximate rank=1 apply_exact=False
[2026-08-28 16:26:30][INFO] iteration      501/    1000 | consumed samples:        48096 | elapsed time per iteration (ms): 2955.0 | throughput (samples/sec/per_device): 4.061 | learning rate: 1.315232E-05 | global batch size:    96 | action loss: 1.673062E-01 | loss scale: 1.0 | grad norm: 0.663257 | number of skipped iterations:   0 | number of nan iterations:   0 |
[2026-08-28 16:26:34][INFO] iteration      502/    1000 | consumed samples:        48192 | elapsed time per iteration (ms): 3918.0 | throughput (samples/sec/per_device): 3.063 | learning rate: 1.311424E-05 | global batch size:    96 | action loss: 1.441643E-01 | loss scale: 1.0 | grad norm: 0.561087 | number of skipped iterations:   0 | number of nan iterations:   0 |
[2026-08-28 16:26:36][INFO] iteration      503/    1000 | consumed samples:        48288 | elapsed time per iteration (ms): 2237.6 | throughput (samples/sec/per_device): 5.363 | learning rate: 1.307616E-05 | global batch size:    96 | action loss: 1.694425E-01 | loss scale: 1.0 | grad norm: 0.587249 | number of skipped iterations:   0 | number of nan iterations:   0 |
[2026-08-28 16:26:37][INFO] iteration      504/    1000 | consumed samples:        48384 | elapsed time per iteration (ms): 1111.5 | throughput (samples/sec/per_device): 10.796 | learning rate: 1.303808E-05 | global batch size:    96 | action loss: 1.429051E-01 | loss scale: 1.0 | grad norm: 0.613885 | number of skipped iterations:   0 | number of nan iterations:   0 |
[2026-08-28 16:26:39][INFO] iteration      505/    1000 | consumed samples:        48480 | elapsed time per iteration (ms): 1232.9 | throughput (samples/sec/per_device): 9.733 | learning rate: 1.300000E-05 | global batch size:    96 | action loss: 1.802264E-01 | loss scale: 1.0 | grad norm: 0.523052 | number of skipped iterations:   0 | number of nan iterations:   0 |
[2026-08-28 16:26:41][INFO] iteration      506/    1000 | consumed samples:        48576 | elapsed time per iteration (ms): 2530.6 | throughput (samples/sec/per_device): 4.742 | learning rate: 1.296192E-05 | global batch size:    96 | action loss: 1.480510E-01 | loss scale: 1.0 | grad norm: 0.503084 | number of skipped iterations:   0 | number of nan iterations:   0 |
[2026-08-28 16:26:44][INFO] iteration      507/    1000 | consumed samples:        48672 | elapsed time per iteration (ms): 2500.6 | throughput (samples/sec/per_device): 4.799 | learning rate: 1.292384E-05 | global batch size:    96 | action loss: 1.705202E-01 | loss scale: 1.0 | grad norm: 0.527110 | number of skipped iterations:   0 | number of nan iterations:   0 |
[2026-08-28 16:26:46][INFO] iteration      508/    1000 | consumed samples:        48768 | elapsed time per iteration (ms): 1976.2 | throughput (samples/sec/per_device): 6.072 | learning rate: 1.288576E-05 | global batch size:    96 | action loss: 1.742143E-01 | loss scale: 1.0 | grad norm: 0.563903 | number of skipped iterations:   0 | number of nan iterations:   0 |
[2026-08-28 16:26:48][INFO] iteration      509/    1000 | consumed samples:        48864 | elapsed time per iteration (ms): 2221.1 | throughput (samples/sec/per_device): 5.403 | learning rate: 1.284768E-05 | global batch size:    96 | action loss: 1.730271E-01 | loss scale: 1.0 | grad norm: 0.583950 | number of skipped iterations:   0 | number of nan iterations:   0 |
[2026-08-28 16:26:50][INFO] iteration      510/    1000 | consumed samples:        48960 | elapsed time per iteration (ms): 1992.2 | throughput (samples/sec/per_device): 6.024 | learning rate: 1.280961E-05 | global batch size:    96 | action loss: 1.482932E-01 | loss scale: 1.0 | grad norm: 0.552311 | number of skipped iterations:   0 | number of nan iterations:   0 |
[2026-08-28 16:26:53][INFO] iteration      511/    1000 | consumed samples:        49056 | elapsed time per iteration (ms): 3053.0 | throughput (samples/sec/per_device): 3.931 | learning rate: 1.277153E-05 | global batch size:    96 | action loss: 1.572885E-01 | loss scale: 1.0 | grad norm: 0.556686 | number of skipped iterations:   0 | number of nan iterations:   0 |
[2026-08-28 16:26:55][INFO] iteration      512/    1000 | consumed samples:        49152 | elapsed time per iteration (ms): 2526.4 | throughput (samples/sec/per_device): 4.750 | learning rate: 1.273346E-05 | global batch size:    96 | action loss: 1.812696E-01 | loss scale: 1.0 | grad norm: 0.532446 | number of skipped iterations:   0 | number of nan iterations:   0 |
[2026-08-28 16:26:57][INFO] iteration      513/    1000 | consumed samples:        49248 | elapsed time per iteration (ms): 1877.4 | throughput (samples/sec/per_device): 6.392 | learning rate: 1.269539E-05 | global batch size:    96 | action loss: 1.673819E-01 | loss scale: 1.0 | grad norm: 0.582115 | number of skipped iterations:   0 | number of nan iterations:   0 |
[2026-08-28 16:27:00][INFO] iteration      514/    1000 | consumed samples:        49344 | elapsed time per iteration (ms): 2698.7 | throughput (samples/sec/per_device): 4.447 | learning rate: 1.265733E-05 | global batch size:    96 | action loss: 1.589933E-01 | loss scale: 1.0 | grad norm: 0.577263 | number of skipped iterations:   0 | number of nan iterations:   0 |
[2026-08-28 16:27:03][INFO] iteration      515/    1000 | consumed samples:        49440 | elapsed time per iteration (ms): 3114.7 | throughput (samples/sec/per_device): 3.853 | learning rate: 1.261926E-05 | global batch size:    96 | action loss: 1.585388E-01 | loss scale: 1.0 | grad norm: 0.580348 | number of skipped iterations:   0 | number of nan iterations:   0 |
[2026-08-28 16:27:05][INFO] iteration      516/    1000 | consumed samples:        49536 | elapsed time per iteration (ms): 2433.3 | throughput (samples/sec/per_device): 4.932 | learning rate: 1.258121E-05 | global batch size:    96 | action loss: 1.977627E-01 | loss scale: 1.0 | grad norm: 0.576602 | number of skipped iterations:   0 | number of nan iterations:   0 |
[2026-08-28 16:27:08][INFO] iteration      517/    1000 | consumed samples:        49632 | elapsed time per iteration (ms): 2631.5 | throughput (samples/sec/per_device): 4.560 | learning rate: 1.254315E-05 | global batch size:    96 | action loss: 1.805904E-01 | loss scale: 1.0 | grad norm: 0.570216 | number of skipped iterations:   0 | number of nan iterations:   0 |
[2026-08-28 16:27:11][INFO] iteration      518/    1000 | consumed samples:        49728 | elapsed time per iteration (ms): 2680.3 | throughput (samples/sec/per_device): 4.477 | learning rate: 1.250510E-05 | global batch size:    96 | action loss: 1.701093E-01 | loss scale: 1.0 | grad norm: 0.570487 | number of skipped iterations:   0 | number of nan iterations:   0 |
[2026-08-28 16:27:14][INFO] iteration      519/    1000 | consumed samples:        49824 | elapsed time per iteration (ms): 3411.2 | throughput (samples/sec/per_device): 3.518 | learning rate: 1.246706E-05 | global batch size:    96 | action loss: 1.602325E-01 | loss scale: 1.0 | grad norm: 0.545024 | number of skipped iterations:   0 | number of nan iterations:   0 |
[2026-08-28 16:27:18][INFO] iteration      520/    1000 | consumed samples:        49920 | elapsed time per iteration (ms): 3625.0 | throughput (samples/sec/per_device): 3.310 | learning rate: 1.242902E-05 | global batch size:    96 | action loss: 1.598110E-01 | loss scale: 1.0 | grad norm: 0.552735 | number of skipped iterations:   0 | number of nan iterations:   0 |
[2026-08-28 16:27:18][INFO] max time across ranks (ms):
    forward-backward................................: 3476.81
    forward-compute.................................: 1122.34
    backward-compute................................: 3198.86
    batch-generator.................................: 1.41
    nan-grad-cleanup................................: 15.13
    grad-clip.......................................: 39.96
    optimizer.......................................: 101.03
    optimizer-inner-step............................: 99.98
    optimizer-scheduler-step........................: 1.97
    optimizer-zero-grad.............................: 0.61
[2026-08-28 16:27:20][INFO] iteration      521/    1000 | consumed samples:        50016 | elapsed time per iteration (ms): 2156.3 | throughput (samples/sec/per_device): 5.565 | learning rate: 1.239098E-05 | global batch size:    96 | action loss: 1.471268E-01 | loss scale: 1.0 | grad norm: 0.565985 | number of skipped iterations:   0 | number of nan iterations:   0 |
[2026-08-28 16:27:22][INFO] iteration      522/    1000 | consumed samples:        50112 | elapsed time per iteration (ms): 2237.3 | throughput (samples/sec/per_device): 5.363 | learning rate: 1.235296E-05 | global batch size:    96 | action loss: 1.440999E-01 | loss scale: 1.0 | grad norm: 0.616755 | number of skipped iterations:   0 | number of nan iterations:   0 |
[2026-08-28 16:27:26][INFO] iteration      523/    1000 | consumed samples:        50208 | elapsed time per iteration (ms): 3520.8 | throughput (samples/sec/per_device): 3.408 | learning rate: 1.231493E-05 | global batch size:    96 | action loss: 1.924685E-01 | loss scale: 1.0 | grad norm: 0.648395 | number of skipped iterations:   0 | number of nan iterations:   0 |
[2026-08-28 16:27:29][INFO] iteration      524/    1000 | consumed samples:        50304 | elapsed time per iteration (ms): 3166.9 | throughput (samples/sec/per_device): 3.789 | learning rate: 1.227692E-05 | global batch size:    96 | action loss: 1.482756E-01 | loss scale: 1.0 | grad norm: 0.543269 | number of skipped iterations:   0 | number of nan iterations:   0 |
[2026-08-28 16:27:32][INFO] iteration      525/    1000 | consumed samples:        50400 | elapsed time per iteration (ms): 2954.8 | throughput (samples/sec/per_device): 4.061 | learning rate: 1.223891E-05 | global batch size:    96 | action loss: 1.697670E-01 | loss scale: 1.0 | grad norm: 0.642954 | number of skipped iterations:   0 | number of nan iterations:   0 |
[2026-08-28 16:27:34][INFO] iteration      526/    1000 | consumed samples:        50496 | elapsed time per iteration (ms): 2245.6 | throughput (samples/sec/per_device): 5.344 | learning rate: 1.220091E-05 | global batch size:    96 | action loss: 1.559620E-01 | loss scale: 1.0 | grad norm: 0.586008 | number of skipped iterations:   0 | number of nan iterations:   0 |
[2026-08-28 16:27:38][INFO] iteration      527/    1000 | consumed samples:        50592 | elapsed time per iteration (ms): 4076.7 | throughput (samples/sec/per_device): 2.944 | learning rate: 1.216292E-05 | global batch size:    96 | action loss: 1.580152E-01 | loss scale: 1.0 | grad norm: 0.560552 | number of skipped iterations:   0 | number of nan iterations:   0 |
[2026-08-28 16:27:41][INFO] iteration      528/    1000 | consumed samples:        50688 | elapsed time per iteration (ms): 2846.6 | throughput (samples/sec/per_device): 4.216 | learning rate: 1.212494E-05 | global batch size:    96 | action loss: 1.694864E-01 | loss scale: 1.0 | grad norm: 0.548931 | number of skipped iterations:   0 | number of nan iterations:   0 |
[2026-08-28 16:27:44][INFO] iteration      529/    1000 | consumed samples:        50784 | elapsed time per iteration (ms): 3179.7 | throughput (samples/sec/per_device): 3.774 | learning rate: 1.208697E-05 | global batch size:    96 | action loss: 1.703172E-01 | loss scale: 1.0 | grad norm: 0.587549 | number of skipped iterations:   0 | number of nan iterations:   0 |
[2026-08-28 16:27:48][INFO] iteration      530/    1000 | consumed samples:        50880 | elapsed time per iteration (ms): 3542.6 | throughput (samples/sec/per_device): 3.387 | learning rate: 1.204900E-05 | global batch size:    96 | action loss: 1.957859E-01 | loss scale: 1.0 | grad norm: 0.582510 | number of skipped iterations:   0 | number of nan iterations:   0 |
[2026-08-28 16:27:50][INFO] iteration      531/    1000 | consumed samples:        50976 | elapsed time per iteration (ms): 2257.6 | throughput (samples/sec/per_device): 5.315 | learning rate: 1.201105E-05 | global batch size:    96 | action loss: 1.589187E-01 | loss scale: 1.0 | grad norm: 0.543243 | number of skipped iterations:   0 | number of nan iterations:   0 |
[2026-08-28 16:27:53][INFO] iteration      532/    1000 | consumed samples:        51072 | elapsed time per iteration (ms): 2682.7 | throughput (samples/sec/per_device): 4.473 | learning rate: 1.197310E-05 | global batch size:    96 | action loss: 1.831978E-01 | loss scale: 1.0 | grad norm: 0.566716 | number of skipped iterations:   0 | number of nan iterations:   0 |
[2026-08-28 16:27:55][INFO] iteration      533/    1000 | consumed samples:        51168 | elapsed time per iteration (ms): 2595.2 | throughput (samples/sec/per_device): 4.624 | learning rate: 1.193516E-05 | global batch size:    96 | action loss: 1.649457E-01 | loss scale: 1.0 | grad norm: 0.559221 | number of skipped iterations:   0 | number of nan iterations:   0 |
[2026-08-28 16:27:57][INFO] iteration      534/    1000 | consumed samples:        51264 | elapsed time per iteration (ms): 2103.1 | throughput (samples/sec/per_device): 5.706 | learning rate: 1.189724E-05 | global batch size:    96 | action loss: 1.450931E-01 | loss scale: 1.0 | grad norm: 0.535401 | number of skipped iterations:   0 | number of nan iterations:   0 |
[2026-08-28 16:28:01][INFO] iteration      535/    1000 | consumed samples:        51360 | elapsed time per iteration (ms): 4023.9 | throughput (samples/sec/per_device): 2.982 | learning rate: 1.185933E-05 | global batch size:    96 | action loss: 1.586172E-01 | loss scale: 1.0 | grad norm: 0.538517 | number of skipped iterations:   0 | number of nan iterations:   0 |
[2026-08-28 16:28:04][INFO] iteration      536/    1000 | consumed samples:        51456 | elapsed time per iteration (ms): 2827.0 | throughput (samples/sec/per_device): 4.245 | learning rate: 1.182143E-05 | global batch size:    96 | action loss: 1.628672E-01 | loss scale: 1.0 | grad norm: 0.630909 | number of skipped iterations:   0 | number of nan iterations:   0 |
[2026-08-28 16:28:07][INFO] iteration      537/    1000 | consumed samples:        51552 | elapsed time per iteration (ms): 2376.1 | throughput (samples/sec/per_device): 5.050 | learning rate: 1.178354E-05 | global batch size:    96 | action loss: 1.845742E-01 | loss scale: 1.0 | grad norm: 0.643578 | number of skipped iterations:   0 | number of nan iterations:   0 |
[2026-08-28 16:28:11][INFO] iteration      538/    1000 | consumed samples:        51648 | elapsed time per iteration (ms): 3899.8 | throughput (samples/sec/per_device): 3.077 | learning rate: 1.174566E-05 | global batch size:    96 | action loss: 1.648932E-01 | loss scale: 1.0 | grad norm: 0.718217 | number of skipped iterations:   0 | number of nan iterations:   0 |
[2026-08-28 16:28:13][INFO] iteration      539/    1000 | consumed samples:        51744 | elapsed time per iteration (ms): 2671.1 | throughput (samples/sec/per_device): 4.492 | learning rate: 1.170779E-05 | global batch size:    96 | action loss: 1.609168E-01 | loss scale: 1.0 | grad norm: 0.610086 | number of skipped iterations:   0 | number of nan iterations:   0 |
[2026-08-28 16:28:15][INFO] iteration      540/    1000 | consumed samples:        51840 | elapsed time per iteration (ms): 2121.7 | throughput (samples/sec/per_device): 5.656 | learning rate: 1.166994E-05 | global batch size:    96 | action loss: 1.618700E-01 | loss scale: 1.0 | grad norm: 0.605591 | number of skipped iterations:   0 | number of nan iterations:   0 |
[2026-08-28 16:28:15][INFO] max time across ranks (ms):
    forward-backward................................: 1991.48
    forward-compute.................................: 682.51
    backward-compute................................: 1712.86
    batch-generator.................................: 3.14
    nan-grad-cleanup................................: 13.33
    grad-clip.......................................: 33.06
    optimizer.......................................: 82.78
    optimizer-inner-step............................: 81.72
    optimizer-scheduler-step........................: 1.12
    optimizer-zero-grad.............................: 1.06
[2026-08-28 16:28:20][INFO] iteration      541/    1000 | consumed samples:        51936 | elapsed time per iteration (ms): 4528.1 | throughput (samples/sec/per_device): 2.650 | learning rate: 1.163210E-05 | global batch size:    96 | action loss: 1.501781E-01 | loss scale: 1.0 | grad norm: 0.553181 | number of skipped iterations:   0 | number of nan iterations:   0 |
[2026-08-28 16:28:23][INFO] iteration      542/    1000 | consumed samples:        52032 | elapsed time per iteration (ms): 3454.1 | throughput (samples/sec/per_device): 3.474 | learning rate: 1.159428E-05 | global batch size:    96 | action loss: 1.639781E-01 | loss scale: 1.0 | grad norm: 0.550887 | number of skipped iterations:   0 | number of nan iterations:   0 |
[2026-08-28 16:28:26][INFO] iteration      543/    1000 | consumed samples:        52128 | elapsed time per iteration (ms): 2543.6 | throughput (samples/sec/per_device): 4.718 | learning rate: 1.155647E-05 | global batch size:    96 | action loss: 1.541636E-01 | loss scale: 1.0 | grad norm: 0.562099 | number of skipped iterations:   0 | number of nan iterations:   0 |
[2026-08-28 16:28:29][INFO] iteration      544/    1000 | consumed samples:        52224 | elapsed time per iteration (ms): 2837.0 | throughput (samples/sec/per_device): 4.230 | learning rate: 1.151867E-05 | global batch size:    96 | action loss: 1.619043E-01 | loss scale: 1.0 | grad norm: 0.599949 | number of skipped iterations:   0 | number of nan iterations:   0 |
[2026-08-28 16:28:31][INFO] iteration      545/    1000 | consumed samples:        52320 | elapsed time per iteration (ms): 2507.9 | throughput (samples/sec/per_device): 4.785 | learning rate: 1.148089E-05 | global batch size:    96 | action loss: 1.626806E-01 | loss scale: 1.0 | grad norm: 0.682146 | number of skipped iterations:   0 | number of nan iterations:   0 |
[2026-08-28 16:28:35][INFO] iteration      546/    1000 | consumed samples:        52416 | elapsed time per iteration (ms): 3351.4 | throughput (samples/sec/per_device): 3.581 | learning rate: 1.144312E-05 | global batch size:    96 | action loss: 1.469573E-01 | loss scale: 1.0 | grad norm: 0.570087 | number of skipped iterations:   0 | number of nan iterations:   0 |
[2026-08-28 16:28:37][INFO] iteration      547/    1000 | consumed samples:        52512 | elapsed time per iteration (ms): 2744.8 | throughput (samples/sec/per_device): 4.372 | learning rate: 1.140537E-05 | global batch size:    96 | action loss: 1.699295E-01 | loss scale: 1.0 | grad norm: 0.530203 | number of skipped iterations:   0 | number of nan iterations:   0 |
[2026-08-28 16:28:40][INFO] iteration      548/    1000 | consumed samples:        52608 | elapsed time per iteration (ms): 2411.1 | throughput (samples/sec/per_device): 4.977 | learning rate: 1.136764E-05 | global batch size:    96 | action loss: 1.517038E-01 | loss scale: 1.0 | grad norm: 0.569679 | number of skipped iterations:   0 | number of nan iterations:   0 |
[2026-08-28 16:28:43][INFO] iteration      549/    1000 | consumed samples:        52704 | elapsed time per iteration (ms): 2823.5 | throughput (samples/sec/per_device): 4.250 | learning rate: 1.132992E-05 | global batch size:    96 | action loss: 1.971306E-01 | loss scale: 1.0 | grad norm: 0.637725 | number of skipped iterations:   0 | number of nan iterations:   0 |
[2026-08-28 16:28:46][INFO] iteration      550/    1000 | consumed samples:        52800 | elapsed time per iteration (ms): 3501.6 | throughput (samples/sec/per_device): 3.427 | learning rate: 1.129222E-05 | global batch size:    96 | action loss: 1.529284E-01 | loss scale: 1.0 | grad norm: 0.605013 | number of skipped iterations:   0 | number of nan iterations:   0 |
[2026-08-28 16:28:46][INFO] PowerSGDPlusState restart: iter=449 compressed_iter=250 method=approximate rank=1 apply_exact=False
[2026-08-28 16:28:48][INFO] iteration      551/    1000 | consumed samples:        52896 | elapsed time per iteration (ms): 1537.3 | throughput (samples/sec/per_device): 7.806 | learning rate: 1.125454E-05 | global batch size:    96 | action loss: 1.625935E-01 | loss scale: 1.0 | grad norm: 0.713688 | number of skipped iterations:   0 | number of nan iterations:   0 |
[2026-08-28 16:28:52][INFO] iteration      552/    1000 | consumed samples:        52992 | elapsed time per iteration (ms): 4015.1 | throughput (samples/sec/per_device): 2.989 | learning rate: 1.121687E-05 | global batch size:    96 | action loss: 1.382198E-01 | loss scale: 1.0 | grad norm: 0.582607 | number of skipped iterations:   0 | number of nan iterations:   0 |
[2026-08-28 16:28:54][INFO] iteration      553/    1000 | consumed samples:        53088 | elapsed time per iteration (ms): 2226.0 | throughput (samples/sec/per_device): 5.391 | learning rate: 1.117922E-05 | global batch size:    96 | action loss: 1.506030E-01 | loss scale: 1.0 | grad norm: 0.543232 | number of skipped iterations:   0 | number of nan iterations:   0 |
[2026-08-28 16:28:55][INFO] iteration      554/    1000 | consumed samples:        53184 | elapsed time per iteration (ms): 1117.5 | throughput (samples/sec/per_device): 10.738 | learning rate: 1.114159E-05 | global batch size:    96 | action loss: 1.517158E-01 | loss scale: 1.0 | grad norm: 0.553013 | number of skipped iterations:   0 | number of nan iterations:   0 |
[2026-08-28 16:28:57][INFO] iteration      555/    1000 | consumed samples:        53280 | elapsed time per iteration (ms): 1832.2 | throughput (samples/sec/per_device): 6.550 | learning rate: 1.110398E-05 | global batch size:    96 | action loss: 1.524011E-01 | loss scale: 1.0 | grad norm: 0.536844 | number of skipped iterations:   0 | number of nan iterations:   0 |
[2026-08-28 16:28:58][INFO] iteration      556/    1000 | consumed samples:        53376 | elapsed time per iteration (ms): 1484.9 | throughput (samples/sec/per_device): 8.081 | learning rate: 1.106639E-05 | global batch size:    96 | action loss: 1.432006E-01 | loss scale: 1.0 | grad norm: 0.519947 | number of skipped iterations:   0 | number of nan iterations:   0 |
[2026-08-28 16:29:01][INFO] iteration      557/    1000 | consumed samples:        53472 | elapsed time per iteration (ms): 2448.7 | throughput (samples/sec/per_device): 4.901 | learning rate: 1.102882E-05 | global batch size:    96 | action loss: 1.501421E-01 | loss scale: 1.0 | grad norm: 0.543984 | number of skipped iterations:   0 | number of nan iterations:   0 |
[2026-08-28 16:29:03][INFO] iteration      558/    1000 | consumed samples:        53568 | elapsed time per iteration (ms): 1990.2 | throughput (samples/sec/per_device): 6.030 | learning rate: 1.099127E-05 | global batch size:    96 | action loss: 1.530360E-01 | loss scale: 1.0 | grad norm: 0.524112 | number of skipped iterations:   0 | number of nan iterations:   0 |
[2026-08-28 16:29:05][INFO] iteration      559/    1000 | consumed samples:        53664 | elapsed time per iteration (ms): 2706.1 | throughput (samples/sec/per_device): 4.434 | learning rate: 1.095373E-05 | global batch size:    96 | action loss: 1.577920E-01 | loss scale: 1.0 | grad norm: 0.596573 | number of skipped iterations:   0 | number of nan iterations:   0 |
[2026-08-28 16:29:09][INFO] iteration      560/    1000 | consumed samples:        53760 | elapsed time per iteration (ms): 3421.6 | throughput (samples/sec/per_device): 3.507 | learning rate: 1.091622E-05 | global batch size:    96 | action loss: 1.814716E-01 | loss scale: 1.0 | grad norm: 0.568510 | number of skipped iterations:   0 | number of nan iterations:   0 |
[2026-08-28 16:29:09][INFO] max time across ranks (ms):
    forward-backward................................: 3291.94
    forward-compute.................................: 1913.29
    backward-compute................................: 3015.02
    batch-generator.................................: 2.03
    nan-grad-cleanup................................: 13.29
    grad-clip.......................................: 32.38
    optimizer.......................................: 82.93
    optimizer-inner-step............................: 81.86
    optimizer-scheduler-step........................: 1.06
    optimizer-zero-grad.............................: 0.93
[2026-08-28 16:29:11][INFO] iteration      561/    1000 | consumed samples:        53856 | elapsed time per iteration (ms): 2210.1 | throughput (samples/sec/per_device): 5.430 | learning rate: 1.087873E-05 | global batch size:    96 | action loss: 1.521802E-01 | loss scale: 1.0 | grad norm: 0.579499 | number of skipped iterations:   0 | number of nan iterations:   0 |
[2026-08-28 16:29:14][INFO] iteration      562/    1000 | consumed samples:        53952 | elapsed time per iteration (ms): 2785.2 | throughput (samples/sec/per_device): 4.308 | learning rate: 1.084126E-05 | global batch size:    96 | action loss: 1.467085E-01 | loss scale: 1.0 | grad norm: 0.551541 | number of skipped iterations:   0 | number of nan iterations:   0 |
[2026-08-28 16:29:16][INFO] iteration      563/    1000 | consumed samples:        54048 | elapsed time per iteration (ms): 2274.5 | throughput (samples/sec/per_device): 5.276 | learning rate: 1.080381E-05 | global batch size:    96 | action loss: 1.552609E-01 | loss scale: 1.0 | grad norm: 0.559512 | number of skipped iterations:   0 | number of nan iterations:   0 |
[2026-08-28 16:29:20][INFO] iteration      564/    1000 | consumed samples:        54144 | elapsed time per iteration (ms): 3721.9 | throughput (samples/sec/per_device): 3.224 | learning rate: 1.076639E-05 | global batch size:    96 | action loss: 1.524844E-01 | loss scale: 1.0 | grad norm: 0.559677 | number of skipped iterations:   0 | number of nan iterations:   0 |
[2026-08-28 16:29:25][INFO] iteration      565/    1000 | consumed samples:        54240 | elapsed time per iteration (ms): 4692.8 | throughput (samples/sec/per_device): 2.557 | learning rate: 1.072899E-05 | global batch size:    96 | action loss: 1.822648E-01 | loss scale: 1.0 | grad norm: 0.538308 | number of skipped iterations:   0 | number of nan iterations:   0 |
[2026-08-28 16:29:27][INFO] iteration      566/    1000 | consumed samples:        54336 | elapsed time per iteration (ms): 2667.4 | throughput (samples/sec/per_device): 4.499 | learning rate: 1.069160E-05 | global batch size:    96 | action loss: 1.614551E-01 | loss scale: 1.0 | grad norm: 0.555698 | number of skipped iterations:   0 | number of nan iterations:   0 |
[2026-08-28 16:29:31][INFO] iteration      567/    1000 | consumed samples:        54432 | elapsed time per iteration (ms): 3846.5 | throughput (samples/sec/per_device): 3.120 | learning rate: 1.065425E-05 | global batch size:    96 | action loss: 1.652956E-01 | loss scale: 1.0 | grad norm: 0.617511 | number of skipped iterations:   0 | number of nan iterations:   0 |
[2026-08-28 16:29:34][INFO] iteration      568/    1000 | consumed samples:        54528 | elapsed time per iteration (ms): 2683.6 | throughput (samples/sec/per_device): 4.472 | learning rate: 1.061691E-05 | global batch size:    96 | action loss: 1.554695E-01 | loss scale: 1.0 | grad norm: 0.602973 | number of skipped iterations:   0 | number of nan iterations:   0 |
[2026-08-28 16:29:36][INFO] iteration      569/    1000 | consumed samples:        54624 | elapsed time per iteration (ms): 2423.7 | throughput (samples/sec/per_device): 4.951 | learning rate: 1.057961E-05 | global batch size:    96 | action loss: 1.342868E-01 | loss scale: 1.0 | grad norm: 0.514387 | number of skipped iterations:   0 | number of nan iterations:   0 |
[2026-08-28 16:29:39][INFO] iteration      570/    1000 | consumed samples:        54720 | elapsed time per iteration (ms): 2461.2 | throughput (samples/sec/per_device): 4.876 | learning rate: 1.054232E-05 | global batch size:    96 | action loss: 1.414265E-01 | loss scale: 1.0 | grad norm: 0.528640 | number of skipped iterations:   0 | number of nan iterations:   0 |
[2026-08-28 16:29:42][INFO] iteration      571/    1000 | consumed samples:        54816 | elapsed time per iteration (ms): 3674.2 | throughput (samples/sec/per_device): 3.266 | learning rate: 1.050506E-05 | global batch size:    96 | action loss: 1.574668E-01 | loss scale: 1.0 | grad norm: 0.518021 | number of skipped iterations:   0 | number of nan iterations:   0 |
[2026-08-28 16:29:45][INFO] iteration      572/    1000 | consumed samples:        54912 | elapsed time per iteration (ms): 2529.2 | throughput (samples/sec/per_device): 4.745 | learning rate: 1.046782E-05 | global batch size:    96 | action loss: 1.704174E-01 | loss scale: 1.0 | grad norm: 0.524295 | number of skipped iterations:   0 | number of nan iterations:   0 |
[2026-08-28 16:29:48][INFO] iteration      573/    1000 | consumed samples:        55008 | elapsed time per iteration (ms): 2969.2 | throughput (samples/sec/per_device): 4.042 | learning rate: 1.043061E-05 | global batch size:    96 | action loss: 1.571435E-01 | loss scale: 1.0 | grad norm: 0.521434 | number of skipped iterations:   0 | number of nan iterations:   0 |
[2026-08-28 16:29:51][INFO] iteration      574/    1000 | consumed samples:        55104 | elapsed time per iteration (ms): 3097.7 | throughput (samples/sec/per_device): 3.874 | learning rate: 1.039343E-05 | global batch size:    96 | action loss: 1.810039E-01 | loss scale: 1.0 | grad norm: 0.535193 | number of skipped iterations:   0 | number of nan iterations:   0 |
[2026-08-28 16:29:54][INFO] iteration      575/    1000 | consumed samples:        55200 | elapsed time per iteration (ms): 3358.2 | throughput (samples/sec/per_device): 3.573 | learning rate: 1.035627E-05 | global batch size:    96 | action loss: 1.541559E-01 | loss scale: 1.0 | grad norm: 0.557843 | number of skipped iterations:   0 | number of nan iterations:   0 |
[2026-08-28 16:29:57][INFO] iteration      576/    1000 | consumed samples:        55296 | elapsed time per iteration (ms): 2752.3 | throughput (samples/sec/per_device): 4.360 | learning rate: 1.031914E-05 | global batch size:    96 | action loss: 1.606153E-01 | loss scale: 1.0 | grad norm: 0.534784 | number of skipped iterations:   0 | number of nan iterations:   0 |
[2026-08-28 16:30:00][INFO] iteration      577/    1000 | consumed samples:        55392 | elapsed time per iteration (ms): 2702.4 | throughput (samples/sec/per_device): 4.441 | learning rate: 1.028204E-05 | global batch size:    96 | action loss: 1.642337E-01 | loss scale: 1.0 | grad norm: 0.542875 | number of skipped iterations:   0 | number of nan iterations:   0 |
[2026-08-28 16:30:04][INFO] iteration      578/    1000 | consumed samples:        55488 | elapsed time per iteration (ms): 4480.3 | throughput (samples/sec/per_device): 2.678 | learning rate: 1.024496E-05 | global batch size:    96 | action loss: 1.503598E-01 | loss scale: 1.0 | grad norm: 0.550565 | number of skipped iterations:   0 | number of nan iterations:   0 |
[2026-08-28 16:30:07][INFO] iteration      579/    1000 | consumed samples:        55584 | elapsed time per iteration (ms): 2356.8 | throughput (samples/sec/per_device): 5.092 | learning rate: 1.020791E-05 | global batch size:    96 | action loss: 1.651059E-01 | loss scale: 1.0 | grad norm: 0.566001 | number of skipped iterations:   0 | number of nan iterations:   0 |
[2026-08-28 16:30:09][INFO] iteration      580/    1000 | consumed samples:        55680 | elapsed time per iteration (ms): 2387.8 | throughput (samples/sec/per_device): 5.026 | learning rate: 1.017089E-05 | global batch size:    96 | action loss: 1.801123E-01 | loss scale: 1.0 | grad norm: 0.716139 | number of skipped iterations:   0 | number of nan iterations:   0 |
[2026-08-28 16:30:09][INFO] max time across ranks (ms):
    forward-backward................................: 2257.31
    forward-compute.................................: 389.75
    backward-compute................................: 1981.59
    batch-generator.................................: 3.10
    nan-grad-cleanup................................: 13.32
    grad-clip.......................................: 32.83
    optimizer.......................................: 83.86
    optimizer-inner-step............................: 82.57
    optimizer-scheduler-step........................: 1.19
    optimizer-zero-grad.............................: 0.93
[2026-08-28 16:30:12][INFO] iteration      581/    1000 | consumed samples:        55776 | elapsed time per iteration (ms): 2962.0 | throughput (samples/sec/per_device): 4.051 | learning rate: 1.013390E-05 | global batch size:    96 | action loss: 1.659321E-01 | loss scale: 1.0 | grad norm: 0.578265 | number of skipped iterations:   0 | number of nan iterations:   0 |
[2026-08-28 16:30:16][INFO] iteration      582/    1000 | consumed samples:        55872 | elapsed time per iteration (ms): 3955.8 | throughput (samples/sec/per_device): 3.034 | learning rate: 1.009694E-05 | global batch size:    96 | action loss: 2.166745E-01 | loss scale: 1.0 | grad norm: 0.609183 | number of skipped iterations:   0 | number of nan iterations:   0 |
[2026-08-28 16:30:18][INFO] iteration      583/    1000 | consumed samples:        55968 | elapsed time per iteration (ms): 2488.5 | throughput (samples/sec/per_device): 4.822 | learning rate: 1.006000E-05 | global batch size:    96 | action loss: 1.578527E-01 | loss scale: 1.0 | grad norm: 0.561081 | number of skipped iterations:   0 | number of nan iterations:   0 |
[2026-08-28 16:30:20][INFO] iteration      584/    1000 | consumed samples:        56064 | elapsed time per iteration (ms): 1954.7 | throughput (samples/sec/per_device): 6.139 | learning rate: 1.002310E-05 | global batch size:    96 | action loss: 1.573385E-01 | loss scale: 1.0 | grad norm: 0.548221 | number of skipped iterations:   0 | number of nan iterations:   0 |
[2026-08-28 16:30:23][INFO] iteration      585/    1000 | consumed samples:        56160 | elapsed time per iteration (ms): 3140.1 | throughput (samples/sec/per_device): 3.821 | learning rate: 9.986224E-06 | global batch size:    96 | action loss: 1.471879E-01 | loss scale: 1.0 | grad norm: 0.542077 | number of skipped iterations:   0 | number of nan iterations:   0 |
[2026-08-28 16:30:29][INFO] iteration      586/    1000 | consumed samples:        56256 | elapsed time per iteration (ms): 5884.1 | throughput (samples/sec/per_device): 2.039 | learning rate: 9.949380E-06 | global batch size:    96 | action loss: 1.532334E-01 | loss scale: 1.0 | grad norm: 0.560749 | number of skipped iterations:   0 | number of nan iterations:   0 |
[2026-08-28 16:30:32][INFO] iteration      587/    1000 | consumed samples:        56352 | elapsed time per iteration (ms): 2561.1 | throughput (samples/sec/per_device): 4.686 | learning rate: 9.912567E-06 | global batch size:    96 | action loss: 1.836674E-01 | loss scale: 1.0 | grad norm: 0.614363 | number of skipped iterations:   0 | number of nan iterations:   0 |
[2026-08-28 16:30:34][INFO] iteration      588/    1000 | consumed samples:        56448 | elapsed time per iteration (ms): 2175.8 | throughput (samples/sec/per_device): 5.515 | learning rate: 9.875784E-06 | global batch size:    96 | action loss: 2.106950E-01 | loss scale: 1.0 | grad norm: 0.630063 | number of skipped iterations:   0 | number of nan iterations:   0 |
[2026-08-28 16:30:38][INFO] iteration      589/    1000 | consumed samples:        56544 | elapsed time per iteration (ms): 4016.9 | throughput (samples/sec/per_device): 2.987 | learning rate: 9.839033E-06 | global batch size:    96 | action loss: 1.541581E-01 | loss scale: 1.0 | grad norm: 0.594980 | number of skipped iterations:   0 | number of nan iterations:   0 |
[2026-08-28 16:30:41][INFO] iteration      590/    1000 | consumed samples:        56640 | elapsed time per iteration (ms): 2404.1 | throughput (samples/sec/per_device): 4.991 | learning rate: 9.802314E-06 | global batch size:    96 | action loss: 1.481966E-01 | loss scale: 1.0 | grad norm: 0.554953 | number of skipped iterations:   0 | number of nan iterations:   0 |
[2026-08-28 16:30:44][INFO] iteration      591/    1000 | consumed samples:        56736 | elapsed time per iteration (ms): 3359.0 | throughput (samples/sec/per_device): 3.573 | learning rate: 9.765627E-06 | global batch size:    96 | action loss: 1.642129E-01 | loss scale: 1.0 | grad norm: 0.554638 | number of skipped iterations:   0 | number of nan iterations:   0 |
[2026-08-28 16:30:46][INFO] iteration      592/    1000 | consumed samples:        56832 | elapsed time per iteration (ms): 1972.8 | throughput (samples/sec/per_device): 6.083 | learning rate: 9.728973E-06 | global batch size:    96 | action loss: 1.546640E-01 | loss scale: 1.0 | grad norm: 0.605555 | number of skipped iterations:   0 | number of nan iterations:   0 |
[2026-08-28 16:30:49][INFO] iteration      593/    1000 | consumed samples:        56928 | elapsed time per iteration (ms): 3127.9 | throughput (samples/sec/per_device): 3.836 | learning rate: 9.692352E-06 | global batch size:    96 | action loss: 1.612111E-01 | loss scale: 1.0 | grad norm: 0.577073 | number of skipped iterations:   0 | number of nan iterations:   0 |
[2026-08-28 16:30:52][INFO] iteration      594/    1000 | consumed samples:        57024 | elapsed time per iteration (ms): 2576.3 | throughput (samples/sec/per_device): 4.658 | learning rate: 9.655764E-06 | global batch size:    96 | action loss: 1.364538E-01 | loss scale: 1.0 | grad norm: 0.544991 | number of skipped iterations:   0 | number of nan iterations:   0 |
[2026-08-28 16:30:54][INFO] iteration      595/    1000 | consumed samples:        57120 | elapsed time per iteration (ms): 2430.5 | throughput (samples/sec/per_device): 4.937 | learning rate: 9.619209E-06 | global batch size:    96 | action loss: 1.559967E-01 | loss scale: 1.0 | grad norm: 0.599288 | number of skipped iterations:   0 | number of nan iterations:   0 |
[2026-08-28 16:30:57][INFO] iteration      596/    1000 | consumed samples:        57216 | elapsed time per iteration (ms): 3021.3 | throughput (samples/sec/per_device): 3.972 | learning rate: 9.582689E-06 | global batch size:    96 | action loss: 1.614959E-01 | loss scale: 1.0 | grad norm: 0.593058 | number of skipped iterations:   0 | number of nan iterations:   0 |
[2026-08-28 16:31:01][INFO] iteration      597/    1000 | consumed samples:        57312 | elapsed time per iteration (ms): 4206.3 | throughput (samples/sec/per_device): 2.853 | learning rate: 9.546203E-06 | global batch size:    96 | action loss: 1.726307E-01 | loss scale: 1.0 | grad norm: 0.586284 | number of skipped iterations:   0 | number of nan iterations:   0 |
[2026-08-28 16:31:04][INFO] iteration      598/    1000 | consumed samples:        57408 | elapsed time per iteration (ms): 3024.0 | throughput (samples/sec/per_device): 3.968 | learning rate: 9.509752E-06 | global batch size:    96 | action loss: 1.514308E-01 | loss scale: 1.0 | grad norm: 0.515405 | number of skipped iterations:   0 | number of nan iterations:   0 |
[2026-08-28 16:31:08][INFO] iteration      599/    1000 | consumed samples:        57504 | elapsed time per iteration (ms): 3576.1 | throughput (samples/sec/per_device): 3.356 | learning rate: 9.473336E-06 | global batch size:    96 | action loss: 1.628727E-01 | loss scale: 1.0 | grad norm: 0.541898 | number of skipped iterations:   0 | number of nan iterations:   0 |
[2026-08-28 16:31:10][INFO] iteration      600/    1000 | consumed samples:        57600 | elapsed time per iteration (ms): 2504.0 | throughput (samples/sec/per_device): 4.792 | learning rate: 9.436955E-06 | global batch size:    96 | action loss: 1.593199E-01 | loss scale: 1.0 | grad norm: 0.533074 | number of skipped iterations:   0 | number of nan iterations:   0 |
[2026-08-28 16:31:10][INFO] max time across ranks (ms):
    forward-backward................................: 2373.33
    forward-compute.................................: 1084.64
    backward-compute................................: 2095.63
    batch-generator.................................: 1.92
    nan-grad-cleanup................................: 13.09
    grad-clip.......................................: 33.55
    optimizer.......................................: 83.99
    optimizer-inner-step............................: 82.92
    optimizer-scheduler-step........................: 1.02
    optimizer-zero-grad.............................: 0.55
[2026-08-28 16:31:11][INFO] PowerSGDPlusState restart: iter=499 compressed_iter=300 method=approximate rank=1 apply_exact=False
[2026-08-28 16:31:13][INFO] iteration      601/    1000 | consumed samples:        57696 | elapsed time per iteration (ms): 2469.9 | throughput (samples/sec/per_device): 4.859 | learning rate: 9.400611E-06 | global batch size:    96 | action loss: 1.596562E-01 | loss scale: 1.0 | grad norm: 0.635985 | number of skipped iterations:   0 | number of nan iterations:   0 |
[2026-08-28 16:31:17][INFO] iteration      602/    1000 | consumed samples:        57792 | elapsed time per iteration (ms): 3995.6 | throughput (samples/sec/per_device): 3.003 | learning rate: 9.364303E-06 | global batch size:    96 | action loss: 1.792777E-01 | loss scale: 1.0 | grad norm: 0.555147 | number of skipped iterations:   0 | number of nan iterations:   0 |
[2026-08-28 16:31:19][INFO] iteration      603/    1000 | consumed samples:        57888 | elapsed time per iteration (ms): 2195.2 | throughput (samples/sec/per_device): 5.467 | learning rate: 9.328031E-06 | global batch size:    96 | action loss: 1.702175E-01 | loss scale: 1.0 | grad norm: 0.582973 | number of skipped iterations:   0 | number of nan iterations:   0 |
[2026-08-28 16:31:20][INFO] iteration      604/    1000 | consumed samples:        57984 | elapsed time per iteration (ms): 1111.3 | throughput (samples/sec/per_device): 10.798 | learning rate: 9.291796E-06 | global batch size:    96 | action loss: 1.640726E-01 | loss scale: 1.0 | grad norm: 0.560938 | number of skipped iterations:   0 | number of nan iterations:   0 |
[2026-08-28 16:31:21][INFO] iteration      605/    1000 | consumed samples:        58080 | elapsed time per iteration (ms): 1244.9 | throughput (samples/sec/per_device): 9.639 | learning rate: 9.255599E-06 | global batch size:    96 | action loss: 1.480486E-01 | loss scale: 1.0 | grad norm: 0.549005 | number of skipped iterations:   0 | number of nan iterations:   0 |
[2026-08-28 16:31:24][INFO] iteration      606/    1000 | consumed samples:        58176 | elapsed time per iteration (ms): 2893.8 | throughput (samples/sec/per_device): 4.147 | learning rate: 9.219439E-06 | global batch size:    96 | action loss: 1.560893E-01 | loss scale: 1.0 | grad norm: 0.542122 | number of skipped iterations:   0 | number of nan iterations:   0 |
[2026-08-28 16:31:27][INFO] iteration      607/    1000 | consumed samples:        58272 | elapsed time per iteration (ms): 2389.3 | throughput (samples/sec/per_device): 5.022 | learning rate: 9.183317E-06 | global batch size:    96 | action loss: 1.541476E-01 | loss scale: 1.0 | grad norm: 0.549734 | number of skipped iterations:   0 | number of nan iterations:   0 |
[2026-08-28 16:31:31][INFO] iteration      608/    1000 | consumed samples:        58368 | elapsed time per iteration (ms): 4014.3 | throughput (samples/sec/per_device): 2.989 | learning rate: 9.147234E-06 | global batch size:    96 | action loss: 1.831290E-01 | loss scale: 1.0 | grad norm: 0.550511 | number of skipped iterations:   0 | number of nan iterations:   0 |
[2026-08-28 16:31:33][INFO] iteration      609/    1000 | consumed samples:        58464 | elapsed time per iteration (ms): 2358.2 | throughput (samples/sec/per_device): 5.089 | learning rate: 9.111190E-06 | global batch size:    96 | action loss: 1.609799E-01 | loss scale: 1.0 | grad norm: 0.636758 | number of skipped iterations:   0 | number of nan iterations:   0 |
[2026-08-28 16:31:36][INFO] iteration      610/    1000 | consumed samples:        58560 | elapsed time per iteration (ms): 3153.0 | throughput (samples/sec/per_device): 3.806 | learning rate: 9.075184E-06 | global batch size:    96 | action loss: 1.902146E-01 | loss scale: 1.0 | grad norm: 0.585996 | number of skipped iterations:   0 | number of nan iterations:   0 |
[2026-08-28 16:31:38][INFO] iteration      611/    1000 | consumed samples:        58656 | elapsed time per iteration (ms): 2148.6 | throughput (samples/sec/per_device): 5.585 | learning rate: 9.039219E-06 | global batch size:    96 | action loss: 1.704596E-01 | loss scale: 1.0 | grad norm: 0.572938 | number of skipped iterations:   0 | number of nan iterations:   0 |
[2026-08-28 16:31:41][INFO] iteration      612/    1000 | consumed samples:        58752 | elapsed time per iteration (ms): 2740.3 | throughput (samples/sec/per_device): 4.379 | learning rate: 9.003293E-06 | global batch size:    96 | action loss: 1.625998E-01 | loss scale: 1.0 | grad norm: 0.542034 | number of skipped iterations:   0 | number of nan iterations:   0 |
[2026-08-28 16:31:43][INFO] iteration      613/    1000 | consumed samples:        58848 | elapsed time per iteration (ms): 2100.2 | throughput (samples/sec/per_device): 5.714 | learning rate: 8.967407E-06 | global batch size:    96 | action loss: 1.492885E-01 | loss scale: 1.0 | grad norm: 0.521718 | number of skipped iterations:   0 | number of nan iterations:   0 |
[2026-08-28 16:31:47][INFO] iteration      614/    1000 | consumed samples:        58944 | elapsed time per iteration (ms): 3668.2 | throughput (samples/sec/per_device): 3.271 | learning rate: 8.931562E-06 | global batch size:    96 | action loss: 1.704102E-01 | loss scale: 1.0 | grad norm: 0.535525 | number of skipped iterations:   0 | number of nan iterations:   0 |
[2026-08-28 16:31:49][INFO] iteration      615/    1000 | consumed samples:        59040 | elapsed time per iteration (ms): 2274.1 | throughput (samples/sec/per_device): 5.277 | learning rate: 8.895758E-06 | global batch size:    96 | action loss: 1.338586E-01 | loss scale: 1.0 | grad norm: 0.563630 | number of skipped iterations:   0 | number of nan iterations:   0 |
[2026-08-28 16:31:52][INFO] iteration      616/    1000 | consumed samples:        59136 | elapsed time per iteration (ms): 2583.2 | throughput (samples/sec/per_device): 4.645 | learning rate: 8.859996E-06 | global batch size:    96 | action loss: 1.718152E-01 | loss scale: 1.0 | grad norm: 0.626142 | number of skipped iterations:   0 | number of nan iterations:   0 |
[2026-08-28 16:31:54][INFO] iteration      617/    1000 | consumed samples:        59232 | elapsed time per iteration (ms): 2597.2 | throughput (samples/sec/per_device): 4.620 | learning rate: 8.824275E-06 | global batch size:    96 | action loss: 1.713961E-01 | loss scale: 1.0 | grad norm: 0.542907 | number of skipped iterations:   0 | number of nan iterations:   0 |
[2026-08-28 16:31:58][INFO] iteration      618/    1000 | consumed samples:        59328 | elapsed time per iteration (ms): 3722.0 | throughput (samples/sec/per_device): 3.224 | learning rate: 8.788596E-06 | global batch size:    96 | action loss: 1.652229E-01 | loss scale: 1.0 | grad norm: 0.531803 | number of skipped iterations:   0 | number of nan iterations:   0 |
[2026-08-28 16:32:00][INFO] iteration      619/    1000 | consumed samples:        59424 | elapsed time per iteration (ms): 2307.9 | throughput (samples/sec/per_device): 5.200 | learning rate: 8.752959E-06 | global batch size:    96 | action loss: 1.446039E-01 | loss scale: 1.0 | grad norm: 0.520522 | number of skipped iterations:   0 | number of nan iterations:   0 |
[2026-08-28 16:32:02][INFO] iteration      620/    1000 | consumed samples:        59520 | elapsed time per iteration (ms): 2114.1 | throughput (samples/sec/per_device): 5.676 | learning rate: 8.717365E-06 | global batch size:    96 | action loss: 1.537425E-01 | loss scale: 1.0 | grad norm: 0.510762 | number of skipped iterations:   0 | number of nan iterations:   0 |
[2026-08-28 16:32:02][INFO] max time across ranks (ms):
    forward-backward................................: 1983.46
    forward-compute.................................: 569.03
    backward-compute................................: 1707.61
    batch-generator.................................: 2.81
    nan-grad-cleanup................................: 13.18
    grad-clip.......................................: 32.92
    optimizer.......................................: 83.33
    optimizer-inner-step............................: 82.17
    optimizer-scheduler-step........................: 1.07
    optimizer-zero-grad.............................: 0.90
[2026-08-28 16:32:05][INFO] iteration      621/    1000 | consumed samples:        59616 | elapsed time per iteration (ms): 2597.2 | throughput (samples/sec/per_device): 4.620 | learning rate: 8.681815E-06 | global batch size:    96 | action loss: 1.573661E-01 | loss scale: 1.0 | grad norm: 0.505949 | number of skipped iterations:   0 | number of nan iterations:   0 |
[2026-08-28 16:32:09][INFO] iteration      622/    1000 | consumed samples:        59712 | elapsed time per iteration (ms): 3559.4 | throughput (samples/sec/per_device): 3.371 | learning rate: 8.646308E-06 | global batch size:    96 | action loss: 1.450945E-01 | loss scale: 1.0 | grad norm: 0.540149 | number of skipped iterations:   0 | number of nan iterations:   0 |
[2026-08-28 16:32:11][INFO] iteration      623/    1000 | consumed samples:        59808 | elapsed time per iteration (ms): 2061.5 | throughput (samples/sec/per_device): 5.821 | learning rate: 8.610844E-06 | global batch size:    96 | action loss: 1.372104E-01 | loss scale: 1.0 | grad norm: 0.558501 | number of skipped iterations:   0 | number of nan iterations:   0 |
[2026-08-28 16:32:14][INFO] iteration      624/    1000 | consumed samples:        59904 | elapsed time per iteration (ms): 3282.4 | throughput (samples/sec/per_device): 3.656 | learning rate: 8.575425E-06 | global batch size:    96 | action loss: 1.484875E-01 | loss scale: 1.0 | grad norm: 0.556874 | number of skipped iterations:   0 | number of nan iterations:   0 |
[2026-08-28 16:32:17][INFO] iteration      625/    1000 | consumed samples:        60000 | elapsed time per iteration (ms): 2732.8 | throughput (samples/sec/per_device): 4.391 | learning rate: 8.540051E-06 | global batch size:    96 | action loss: 1.855060E-01 | loss scale: 1.0 | grad norm: 0.561004 | number of skipped iterations:   0 | number of nan iterations:   0 |
[2026-08-28 16:32:20][INFO] iteration      626/    1000 | consumed samples:        60096 | elapsed time per iteration (ms): 3422.7 | throughput (samples/sec/per_device): 3.506 | learning rate: 8.504721E-06 | global batch size:    96 | action loss: 1.868058E-01 | loss scale: 1.0 | grad norm: 0.582213 | number of skipped iterations:   0 | number of nan iterations:   0 |
[2026-08-28 16:32:23][INFO] iteration      627/    1000 | consumed samples:        60192 | elapsed time per iteration (ms): 3398.4 | throughput (samples/sec/per_device): 3.531 | learning rate: 8.469436E-06 | global batch size:    96 | action loss: 1.572856E-01 | loss scale: 1.0 | grad norm: 0.546441 | number of skipped iterations:   0 | number of nan iterations:   0 |
[2026-08-28 16:32:26][INFO] iteration      628/    1000 | consumed samples:        60288 | elapsed time per iteration (ms): 2679.9 | throughput (samples/sec/per_device): 4.478 | learning rate: 8.434198E-06 | global batch size:    96 | action loss: 1.801757E-01 | loss scale: 1.0 | grad norm: 0.527390 | number of skipped iterations:   0 | number of nan iterations:   0 |
[2026-08-28 16:32:29][INFO] iteration      629/    1000 | consumed samples:        60384 | elapsed time per iteration (ms): 2898.0 | throughput (samples/sec/per_device): 4.141 | learning rate: 8.399005E-06 | global batch size:    96 | action loss: 1.628124E-01 | loss scale: 1.0 | grad norm: 0.622639 | number of skipped iterations:   0 | number of nan iterations:   0 |
[2026-08-28 16:32:35][INFO] iteration      630/    1000 | consumed samples:        60480 | elapsed time per iteration (ms): 5556.6 | throughput (samples/sec/per_device): 2.160 | learning rate: 8.363858E-06 | global batch size:    96 | action loss: 1.663038E-01 | loss scale: 1.0 | grad norm: 0.555774 | number of skipped iterations:   0 | number of nan iterations:   0 |
[2026-08-28 16:32:37][INFO] iteration      631/    1000 | consumed samples:        60576 | elapsed time per iteration (ms): 2325.9 | throughput (samples/sec/per_device): 5.159 | learning rate: 8.328759E-06 | global batch size:    96 | action loss: 1.686938E-01 | loss scale: 1.0 | grad norm: 0.550578 | number of skipped iterations:   0 | number of nan iterations:   0 |
[2026-08-28 16:32:39][INFO] iteration      632/    1000 | consumed samples:        60672 | elapsed time per iteration (ms): 2511.3 | throughput (samples/sec/per_device): 4.778 | learning rate: 8.293706E-06 | global batch size:    96 | action loss: 1.854930E-01 | loss scale: 1.0 | grad norm: 0.544613 | number of skipped iterations:   0 | number of nan iterations:   0 |
[2026-08-28 16:32:44][INFO] iteration      633/    1000 | consumed samples:        60768 | elapsed time per iteration (ms): 4120.5 | throughput (samples/sec/per_device): 2.912 | learning rate: 8.258701E-06 | global batch size:    96 | action loss: 1.663400E-01 | loss scale: 1.0 | grad norm: 0.583927 | number of skipped iterations:   0 | number of nan iterations:   0 |
[2026-08-28 16:32:46][INFO] iteration      634/    1000 | consumed samples:        60864 | elapsed time per iteration (ms): 2164.7 | throughput (samples/sec/per_device): 5.544 | learning rate: 8.223743E-06 | global batch size:    96 | action loss: 1.616446E-01 | loss scale: 1.0 | grad norm: 0.579245 | number of skipped iterations:   0 | number of nan iterations:   0 |
[2026-08-28 16:32:49][INFO] iteration      635/    1000 | consumed samples:        60960 | elapsed time per iteration (ms): 3183.1 | throughput (samples/sec/per_device): 3.770 | learning rate: 8.188834E-06 | global batch size:    96 | action loss: 1.593507E-01 | loss scale: 1.0 | grad norm: 0.581261 | number of skipped iterations:   0 | number of nan iterations:   0 |
[2026-08-28 16:32:52][INFO] iteration      636/    1000 | consumed samples:        61056 | elapsed time per iteration (ms): 2824.8 | throughput (samples/sec/per_device): 4.248 | learning rate: 8.153973E-06 | global batch size:    96 | action loss: 1.812795E-01 | loss scale: 1.0 | grad norm: 0.569881 | number of skipped iterations:   0 | number of nan iterations:   0 |
[2026-08-28 16:32:55][INFO] iteration      637/    1000 | consumed samples:        61152 | elapsed time per iteration (ms): 3349.0 | throughput (samples/sec/per_device): 3.583 | learning rate: 8.119160E-06 | global batch size:    96 | action loss: 1.472375E-01 | loss scale: 1.0 | grad norm: 0.569752 | number of skipped iterations:   0 | number of nan iterations:   0 |
[2026-08-28 16:32:58][INFO] iteration      638/    1000 | consumed samples:        61248 | elapsed time per iteration (ms): 2988.9 | throughput (samples/sec/per_device): 4.015 | learning rate: 8.084397E-06 | global batch size:    96 | action loss: 1.787802E-01 | loss scale: 1.0 | grad norm: 0.610497 | number of skipped iterations:   0 | number of nan iterations:   0 |
[2026-08-28 16:33:01][INFO] iteration      639/    1000 | consumed samples:        61344 | elapsed time per iteration (ms): 2814.6 | throughput (samples/sec/per_device): 4.264 | learning rate: 8.049684E-06 | global batch size:    96 | action loss: 1.620019E-01 | loss scale: 1.0 | grad norm: 0.567097 | number of skipped iterations:   0 | number of nan iterations:   0 |
[2026-08-28 16:33:03][INFO] iteration      640/    1000 | consumed samples:        61440 | elapsed time per iteration (ms): 2220.6 | throughput (samples/sec/per_device): 5.404 | learning rate: 8.015020E-06 | global batch size:    96 | action loss: 1.329245E-01 | loss scale: 1.0 | grad norm: 0.548483 | number of skipped iterations:   0 | number of nan iterations:   0 |
[2026-08-28 16:33:03][INFO] max time across ranks (ms):
    forward-backward................................: 2080.89
    forward-compute.................................: 573.22
    backward-compute................................: 1801.98
    batch-generator.................................: 1.88
    nan-grad-cleanup................................: 15.64
    grad-clip.......................................: 39.44
    optimizer.......................................: 94.26
    optimizer-inner-step............................: 93.14
    optimizer-scheduler-step........................: 1.06
    optimizer-zero-grad.............................: 0.88
[2026-08-28 16:33:07][INFO] iteration      641/    1000 | consumed samples:        61536 | elapsed time per iteration (ms): 3943.3 | throughput (samples/sec/per_device): 3.043 | learning rate: 7.980406E-06 | global batch size:    96 | action loss: 1.487019E-01 | loss scale: 1.0 | grad norm: 0.526081 | number of skipped iterations:   0 | number of nan iterations:   0 |
[2026-08-28 16:33:10][INFO] iteration      642/    1000 | consumed samples:        61632 | elapsed time per iteration (ms): 2466.3 | throughput (samples/sec/per_device): 4.866 | learning rate: 7.945843E-06 | global batch size:    96 | action loss: 1.658013E-01 | loss scale: 1.0 | grad norm: 0.536078 | number of skipped iterations:   0 | number of nan iterations:   0 |
[2026-08-28 16:33:12][INFO] iteration      643/    1000 | consumed samples:        61728 | elapsed time per iteration (ms): 2656.7 | throughput (samples/sec/per_device): 4.517 | learning rate: 7.911331E-06 | global batch size:    96 | action loss: 1.537845E-01 | loss scale: 1.0 | grad norm: 0.534340 | number of skipped iterations:   0 | number of nan iterations:   0 |
[2026-08-28 16:33:16][INFO] iteration      644/    1000 | consumed samples:        61824 | elapsed time per iteration (ms): 3907.4 | throughput (samples/sec/per_device): 3.071 | learning rate: 7.876870E-06 | global batch size:    96 | action loss: 1.559498E-01 | loss scale: 1.0 | grad norm: 0.559847 | number of skipped iterations:   0 | number of nan iterations:   0 |
[2026-08-28 16:33:18][INFO] iteration      645/    1000 | consumed samples:        61920 | elapsed time per iteration (ms): 1692.9 | throughput (samples/sec/per_device): 7.088 | learning rate: 7.842461E-06 | global batch size:    96 | action loss: 1.670136E-01 | loss scale: 1.0 | grad norm: 0.598866 | number of skipped iterations:   0 | number of nan iterations:   0 |
[2026-08-28 16:33:20][INFO] iteration      646/    1000 | consumed samples:        62016 | elapsed time per iteration (ms): 2684.0 | throughput (samples/sec/per_device): 4.471 | learning rate: 7.808104E-06 | global batch size:    96 | action loss: 1.782979E-01 | loss scale: 1.0 | grad norm: 0.575149 | number of skipped iterations:   0 | number of nan iterations:   0 |
[2026-08-28 16:33:23][INFO] iteration      647/    1000 | consumed samples:        62112 | elapsed time per iteration (ms): 2724.2 | throughput (samples/sec/per_device): 4.405 | learning rate: 7.773799E-06 | global batch size:    96 | action loss: 1.559799E-01 | loss scale: 1.0 | grad norm: 0.534867 | number of skipped iterations:   0 | number of nan iterations:   0 |
[2026-08-28 16:33:26][INFO] iteration      648/    1000 | consumed samples:        62208 | elapsed time per iteration (ms): 2313.4 | throughput (samples/sec/per_device): 5.187 | learning rate: 7.739546E-06 | global batch size:    96 | action loss: 1.501769E-01 | loss scale: 1.0 | grad norm: 0.515777 | number of skipped iterations:   0 | number of nan iterations:   0 |
[2026-08-28 16:33:29][INFO] iteration      649/    1000 | consumed samples:        62304 | elapsed time per iteration (ms): 3688.8 | throughput (samples/sec/per_device): 3.253 | learning rate: 7.705347E-06 | global batch size:    96 | action loss: 1.519777E-01 | loss scale: 1.0 | grad norm: 0.529765 | number of skipped iterations:   0 | number of nan iterations:   0 |
[2026-08-28 16:33:32][INFO] iteration      650/    1000 | consumed samples:        62400 | elapsed time per iteration (ms): 2481.4 | throughput (samples/sec/per_device): 4.836 | learning rate: 7.671201E-06 | global batch size:    96 | action loss: 1.619598E-01 | loss scale: 1.0 | grad norm: 0.532307 | number of skipped iterations:   0 | number of nan iterations:   0 |
[2026-08-28 16:33:32][INFO] PowerSGDPlusState restart: iter=549 compressed_iter=350 method=approximate rank=1 apply_exact=False
[2026-08-28 16:33:34][INFO] iteration      651/    1000 | consumed samples:        62496 | elapsed time per iteration (ms): 1798.8 | throughput (samples/sec/per_device): 6.671 | learning rate: 7.637108E-06 | global batch size:    96 | action loss: 1.556114E-01 | loss scale: 1.0 | grad norm: 0.636003 | number of skipped iterations:   0 | number of nan iterations:   0 |
[2026-08-28 16:33:40][INFO] iteration      652/    1000 | consumed samples:        62592 | elapsed time per iteration (ms): 6877.9 | throughput (samples/sec/per_device): 1.745 | learning rate: 7.603070E-06 | global batch size:    96 | action loss: 1.624090E-01 | loss scale: 1.0 | grad norm: 0.541061 | number of skipped iterations:   0 | number of nan iterations:   0 |
[2026-08-28 16:33:43][INFO] iteration      653/    1000 | consumed samples:        62688 | elapsed time per iteration (ms): 2208.3 | throughput (samples/sec/per_device): 5.434 | learning rate: 7.569086E-06 | global batch size:    96 | action loss: 1.558945E-01 | loss scale: 1.0 | grad norm: 0.512204 | number of skipped iterations:   0 | number of nan iterations:   0 |
[2026-08-28 16:33:44][INFO] iteration      654/    1000 | consumed samples:        62784 | elapsed time per iteration (ms): 1163.1 | throughput (samples/sec/per_device): 10.317 | learning rate: 7.535156E-06 | global batch size:    96 | action loss: 1.929149E-01 | loss scale: 1.0 | grad norm: 0.561039 | number of skipped iterations:   0 | number of nan iterations:   0 |
[2026-08-28 16:33:45][INFO] iteration      655/    1000 | consumed samples:        62880 | elapsed time per iteration (ms): 1231.2 | throughput (samples/sec/per_device): 9.747 | learning rate: 7.501282E-06 | global batch size:    96 | action loss: 1.525445E-01 | loss scale: 1.0 | grad norm: 0.535414 | number of skipped iterations:   0 | number of nan iterations:   0 |
[2026-08-28 16:33:46][INFO] iteration      656/    1000 | consumed samples:        62976 | elapsed time per iteration (ms): 1488.2 | throughput (samples/sec/per_device): 8.063 | learning rate: 7.467463E-06 | global batch size:    96 | action loss: 2.166549E-01 | loss scale: 1.0 | grad norm: 0.542898 | number of skipped iterations:   0 | number of nan iterations:   0 |
[2026-08-28 16:33:50][INFO] iteration      657/    1000 | consumed samples:        63072 | elapsed time per iteration (ms): 3350.2 | throughput (samples/sec/per_device): 3.582 | learning rate: 7.433699E-06 | global batch size:    96 | action loss: 1.690776E-01 | loss scale: 1.0 | grad norm: 0.528645 | number of skipped iterations:   0 | number of nan iterations:   0 |
[2026-08-28 16:33:52][INFO] iteration      658/    1000 | consumed samples:        63168 | elapsed time per iteration (ms): 1940.6 | throughput (samples/sec/per_device): 6.184 | learning rate: 7.399992E-06 | global batch size:    96 | action loss: 1.395936E-01 | loss scale: 1.0 | grad norm: 0.532025 | number of skipped iterations:   0 | number of nan iterations:   0 |
[2026-08-28 16:33:54][INFO] iteration      659/    1000 | consumed samples:        63264 | elapsed time per iteration (ms): 2398.1 | throughput (samples/sec/per_device): 5.004 | learning rate: 7.366341E-06 | global batch size:    96 | action loss: 1.860591E-01 | loss scale: 1.0 | grad norm: 0.511013 | number of skipped iterations:   0 | number of nan iterations:   0 |
[2026-08-28 16:33:57][INFO] iteration      660/    1000 | consumed samples:        63360 | elapsed time per iteration (ms): 2588.2 | throughput (samples/sec/per_device): 4.636 | learning rate: 7.332747E-06 | global batch size:    96 | action loss: 1.649375E-01 | loss scale: 1.0 | grad norm: 0.519507 | number of skipped iterations:   0 | number of nan iterations:   0 |
[2026-08-28 16:33:57][INFO] max time across ranks (ms):
    forward-backward................................: 2458.32
    forward-compute.................................: 1136.25
    backward-compute................................: 2180.29
    batch-generator.................................: 1.50
    nan-grad-cleanup................................: 13.25
    grad-clip.......................................: 32.47
    optimizer.......................................: 82.99
    optimizer-inner-step............................: 81.89
    optimizer-scheduler-step........................: 1.07
    optimizer-zero-grad.............................: 1.00
[2026-08-28 16:33:59][INFO] iteration      661/    1000 | consumed samples:        63456 | elapsed time per iteration (ms): 2160.3 | throughput (samples/sec/per_device): 5.555 | learning rate: 7.299210E-06 | global batch size:    96 | action loss: 1.595621E-01 | loss scale: 1.0 | grad norm: 0.529527 | number of skipped iterations:   0 | number of nan iterations:   0 |
[2026-08-28 16:34:03][INFO] iteration      662/    1000 | consumed samples:        63552 | elapsed time per iteration (ms): 3794.1 | throughput (samples/sec/per_device): 3.163 | learning rate: 7.265730E-06 | global batch size:    96 | action loss: 1.553437E-01 | loss scale: 1.0 | grad norm: 0.570500 | number of skipped iterations:   0 | number of nan iterations:   0 |
[2026-08-28 16:34:05][INFO] iteration      663/    1000 | consumed samples:        63648 | elapsed time per iteration (ms): 2423.9 | throughput (samples/sec/per_device): 4.951 | learning rate: 7.232308E-06 | global batch size:    96 | action loss: 1.462521E-01 | loss scale: 1.0 | grad norm: 0.552759 | number of skipped iterations:   0 | number of nan iterations:   0 |
[2026-08-28 16:34:08][INFO] iteration      664/    1000 | consumed samples:        63744 | elapsed time per iteration (ms): 2725.8 | throughput (samples/sec/per_device): 4.402 | learning rate: 7.198945E-06 | global batch size:    96 | action loss: 1.480438E-01 | loss scale: 1.0 | grad norm: 0.522411 | number of skipped iterations:   0 | number of nan iterations:   0 |
[2026-08-28 16:34:10][INFO] iteration      665/    1000 | consumed samples:        63840 | elapsed time per iteration (ms): 2238.3 | throughput (samples/sec/per_device): 5.361 | learning rate: 7.165639E-06 | global batch size:    96 | action loss: 1.886301E-01 | loss scale: 1.0 | grad norm: 0.532742 | number of skipped iterations:   0 | number of nan iterations:   0 |
[2026-08-28 16:34:14][INFO] iteration      666/    1000 | consumed samples:        63936 | elapsed time per iteration (ms): 3542.0 | throughput (samples/sec/per_device): 3.388 | learning rate: 7.132392E-06 | global batch size:    96 | action loss: 1.854712E-01 | loss scale: 1.0 | grad norm: 0.601556 | number of skipped iterations:   0 | number of nan iterations:   0 |
[2026-08-28 16:34:16][INFO] iteration      667/    1000 | consumed samples:        64032 | elapsed time per iteration (ms): 2604.2 | throughput (samples/sec/per_device): 4.608 | learning rate: 7.099205E-06 | global batch size:    96 | action loss: 1.869471E-01 | loss scale: 1.0 | grad norm: 0.562388 | number of skipped iterations:   0 | number of nan iterations:   0 |
[2026-08-28 16:34:19][INFO] iteration      668/    1000 | consumed samples:        64128 | elapsed time per iteration (ms): 2710.2 | throughput (samples/sec/per_device): 4.428 | learning rate: 7.066077E-06 | global batch size:    96 | action loss: 1.545637E-01 | loss scale: 1.0 | grad norm: 0.505910 | number of skipped iterations:   0 | number of nan iterations:   0 |
[2026-08-28 16:34:21][INFO] iteration      669/    1000 | consumed samples:        64224 | elapsed time per iteration (ms): 2390.8 | throughput (samples/sec/per_device): 5.019 | learning rate: 7.033008E-06 | global batch size:    96 | action loss: 1.554103E-01 | loss scale: 1.0 | grad norm: 0.508099 | number of skipped iterations:   0 | number of nan iterations:   0 |
[2026-08-28 16:34:25][INFO] iteration      670/    1000 | consumed samples:        64320 | elapsed time per iteration (ms): 3560.1 | throughput (samples/sec/per_device): 3.371 | learning rate: 7.000000E-06 | global batch size:    96 | action loss: 1.580795E-01 | loss scale: 1.0 | grad norm: 0.572615 | number of skipped iterations:   0 | number of nan iterations:   0 |
[2026-08-28 16:34:27][INFO] iteration      671/    1000 | consumed samples:        64416 | elapsed time per iteration (ms): 2249.8 | throughput (samples/sec/per_device): 5.334 | learning rate: 6.967052E-06 | global batch size:    96 | action loss: 1.539214E-01 | loss scale: 1.0 | grad norm: 0.545090 | number of skipped iterations:   0 | number of nan iterations:   0 |
[2026-08-28 16:34:29][INFO] iteration      672/    1000 | consumed samples:        64512 | elapsed time per iteration (ms): 2277.8 | throughput (samples/sec/per_device): 5.268 | learning rate: 6.934165E-06 | global batch size:    96 | action loss: 1.540586E-01 | loss scale: 1.0 | grad norm: 0.512651 | number of skipped iterations:   0 | number of nan iterations:   0 |
[2026-08-28 16:34:32][INFO] iteration      673/    1000 | consumed samples:        64608 | elapsed time per iteration (ms): 2940.2 | throughput (samples/sec/per_device): 4.081 | learning rate: 6.901339E-06 | global batch size:    96 | action loss: 1.650569E-01 | loss scale: 1.0 | grad norm: 0.544024 | number of skipped iterations:   0 | number of nan iterations:   0 |
[2026-08-28 16:34:36][INFO] iteration      674/    1000 | consumed samples:        64704 | elapsed time per iteration (ms): 4079.8 | throughput (samples/sec/per_device): 2.941 | learning rate: 6.868574E-06 | global batch size:    96 | action loss: 1.531131E-01 | loss scale: 1.0 | grad norm: 0.520635 | number of skipped iterations:   0 | number of nan iterations:   0 |
[2026-08-28 16:34:41][INFO] iteration      675/    1000 | consumed samples:        64800 | elapsed time per iteration (ms): 4540.8 | throughput (samples/sec/per_device): 2.643 | learning rate: 6.835871E-06 | global batch size:    96 | action loss: 1.652434E-01 | loss scale: 1.0 | grad norm: 0.529569 | number of skipped iterations:   0 | number of nan iterations:   0 |
[2026-08-28 16:34:44][INFO] iteration      676/    1000 | consumed samples:        64896 | elapsed time per iteration (ms): 2890.1 | throughput (samples/sec/per_device): 4.152 | learning rate: 6.803230E-06 | global batch size:    96 | action loss: 1.849437E-01 | loss scale: 1.0 | grad norm: 0.549829 | number of skipped iterations:   0 | number of nan iterations:   0 |
[2026-08-28 16:34:48][INFO] iteration      677/    1000 | consumed samples:        64992 | elapsed time per iteration (ms): 3816.6 | throughput (samples/sec/per_device): 3.144 | learning rate: 6.770652E-06 | global batch size:    96 | action loss: 1.861989E-01 | loss scale: 1.0 | grad norm: 0.582801 | number of skipped iterations:   0 | number of nan iterations:   0 |
[2026-08-28 16:34:51][INFO] iteration      678/    1000 | consumed samples:        65088 | elapsed time per iteration (ms): 3174.3 | throughput (samples/sec/per_device): 3.780 | learning rate: 6.738136E-06 | global batch size:    96 | action loss: 1.373007E-01 | loss scale: 1.0 | grad norm: 0.580190 | number of skipped iterations:   0 | number of nan iterations:   0 |
[2026-08-28 16:34:53][INFO] iteration      679/    1000 | consumed samples:        65184 | elapsed time per iteration (ms): 2548.1 | throughput (samples/sec/per_device): 4.709 | learning rate: 6.705684E-06 | global batch size:    96 | action loss: 1.777397E-01 | loss scale: 1.0 | grad norm: 0.556114 | number of skipped iterations:   0 | number of nan iterations:   0 |
[2026-08-28 16:34:56][INFO] iteration      680/    1000 | consumed samples:        65280 | elapsed time per iteration (ms): 2908.6 | throughput (samples/sec/per_device): 4.126 | learning rate: 6.673294E-06 | global batch size:    96 | action loss: 1.808381E-01 | loss scale: 1.0 | grad norm: 0.522354 | number of skipped iterations:   0 | number of nan iterations:   0 |
[2026-08-28 16:34:56][INFO] max time across ranks (ms):
    forward-backward................................: 2777.76
    forward-compute.................................: 955.68
    backward-compute................................: 2500.80
    batch-generator.................................: 2.75
    nan-grad-cleanup................................: 13.38
    grad-clip.......................................: 33.21
    optimizer.......................................: 83.81
    optimizer-inner-step............................: 82.72
    optimizer-scheduler-step........................: 1.11
    optimizer-zero-grad.............................: 0.97
[2026-08-28 16:35:00][INFO] iteration      681/    1000 | consumed samples:        65376 | elapsed time per iteration (ms): 3176.2 | throughput (samples/sec/per_device): 3.778 | learning rate: 6.640969E-06 | global batch size:    96 | action loss: 1.525911E-01 | loss scale: 1.0 | grad norm: 0.525939 | number of skipped iterations:   0 | number of nan iterations:   0 |
[2026-08-28 16:35:02][INFO] iteration      682/    1000 | consumed samples:        65472 | elapsed time per iteration (ms): 2431.1 | throughput (samples/sec/per_device): 4.936 | learning rate: 6.608707E-06 | global batch size:    96 | action loss: 1.523300E-01 | loss scale: 1.0 | grad norm: 0.559983 | number of skipped iterations:   0 | number of nan iterations:   0 |
[2026-08-28 16:35:05][INFO] iteration      683/    1000 | consumed samples:        65568 | elapsed time per iteration (ms): 2809.8 | throughput (samples/sec/per_device): 4.271 | learning rate: 6.576510E-06 | global batch size:    96 | action loss: 1.513014E-01 | loss scale: 1.0 | grad norm: 0.566343 | number of skipped iterations:   0 | number of nan iterations:   0 |
[2026-08-28 16:35:07][INFO] iteration      684/    1000 | consumed samples:        65664 | elapsed time per iteration (ms): 1945.8 | throughput (samples/sec/per_device): 6.167 | learning rate: 6.544378E-06 | global batch size:    96 | action loss: 2.084549E-01 | loss scale: 1.0 | grad norm: 0.574569 | number of skipped iterations:   0 | number of nan iterations:   0 |
[2026-08-28 16:35:11][INFO] iteration      685/    1000 | consumed samples:        65760 | elapsed time per iteration (ms): 3806.8 | throughput (samples/sec/per_device): 3.152 | learning rate: 6.512310E-06 | global batch size:    96 | action loss: 1.634340E-01 | loss scale: 1.0 | grad norm: 0.579394 | number of skipped iterations:   0 | number of nan iterations:   0 |
[2026-08-28 16:35:14][INFO] iteration      686/    1000 | consumed samples:        65856 | elapsed time per iteration (ms): 2961.2 | throughput (samples/sec/per_device): 4.052 | learning rate: 6.480308E-06 | global batch size:    96 | action loss: 1.431285E-01 | loss scale: 1.0 | grad norm: 0.552447 | number of skipped iterations:   0 | number of nan iterations:   0 |
[2026-08-28 16:35:16][INFO] iteration      687/    1000 | consumed samples:        65952 | elapsed time per iteration (ms): 2826.7 | throughput (samples/sec/per_device): 4.245 | learning rate: 6.448372E-06 | global batch size:    96 | action loss: 1.666583E-01 | loss scale: 1.0 | grad norm: 0.519111 | number of skipped iterations:   0 | number of nan iterations:   0 |
[2026-08-28 16:35:20][INFO] iteration      688/    1000 | consumed samples:        66048 | elapsed time per iteration (ms): 3882.7 | throughput (samples/sec/per_device): 3.091 | learning rate: 6.416501E-06 | global batch size:    96 | action loss: 1.577432E-01 | loss scale: 1.0 | grad norm: 0.583698 | number of skipped iterations:   0 | number of nan iterations:   0 |
[2026-08-28 16:35:23][INFO] iteration      689/    1000 | consumed samples:        66144 | elapsed time per iteration (ms): 2658.9 | throughput (samples/sec/per_device): 4.513 | learning rate: 6.384697E-06 | global batch size:    96 | action loss: 1.656893E-01 | loss scale: 1.0 | grad norm: 0.594288 | number of skipped iterations:   0 | number of nan iterations:   0 |
[2026-08-28 16:35:25][INFO] iteration      690/    1000 | consumed samples:        66240 | elapsed time per iteration (ms): 2193.7 | throughput (samples/sec/per_device): 5.470 | learning rate: 6.352959E-06 | global batch size:    96 | action loss: 1.628077E-01 | loss scale: 1.0 | grad norm: 0.567404 | number of skipped iterations:   0 | number of nan iterations:   0 |
[2026-08-28 16:35:28][INFO] iteration      691/    1000 | consumed samples:        66336 | elapsed time per iteration (ms): 2769.5 | throughput (samples/sec/per_device): 4.333 | learning rate: 6.321289E-06 | global batch size:    96 | action loss: 1.444231E-01 | loss scale: 1.0 | grad norm: 0.561455 | number of skipped iterations:   0 | number of nan iterations:   0 |
[2026-08-28 16:35:30][INFO] iteration      692/    1000 | consumed samples:        66432 | elapsed time per iteration (ms): 2444.7 | throughput (samples/sec/per_device): 4.909 | learning rate: 6.289685E-06 | global batch size:    96 | action loss: 1.588534E-01 | loss scale: 1.0 | grad norm: 0.560372 | number of skipped iterations:   0 | number of nan iterations:   0 |
[2026-08-28 16:35:33][INFO] iteration      693/    1000 | consumed samples:        66528 | elapsed time per iteration (ms): 3063.2 | throughput (samples/sec/per_device): 3.917 | learning rate: 6.258149E-06 | global batch size:    96 | action loss: 1.488943E-01 | loss scale: 1.0 | grad norm: 0.547568 | number of skipped iterations:   0 | number of nan iterations:   0 |
[2026-08-28 16:35:36][INFO] iteration      694/    1000 | consumed samples:        66624 | elapsed time per iteration (ms): 2518.3 | throughput (samples/sec/per_device): 4.765 | learning rate: 6.226681E-06 | global batch size:    96 | action loss: 1.686414E-01 | loss scale: 1.0 | grad norm: 0.538745 | number of skipped iterations:   0 | number of nan iterations:   0 |
[2026-08-28 16:35:39][INFO] iteration      695/    1000 | consumed samples:        66720 | elapsed time per iteration (ms): 2674.9 | throughput (samples/sec/per_device): 4.486 | learning rate: 6.195282E-06 | global batch size:    96 | action loss: 1.673555E-01 | loss scale: 1.0 | grad norm: 0.583915 | number of skipped iterations:   0 | number of nan iterations:   0 |
[2026-08-28 16:35:45][INFO] iteration      696/    1000 | consumed samples:        66816 | elapsed time per iteration (ms): 5996.4 | throughput (samples/sec/per_device): 2.001 | learning rate: 6.163950E-06 | global batch size:    96 | action loss: 1.554697E-01 | loss scale: 1.0 | grad norm: 0.548437 | number of skipped iterations:   0 | number of nan iterations:   0 |
[2026-08-28 16:35:48][INFO] iteration      697/    1000 | consumed samples:        66912 | elapsed time per iteration (ms): 3057.7 | throughput (samples/sec/per_device): 3.924 | learning rate: 6.132688E-06 | global batch size:    96 | action loss: 1.426122E-01 | loss scale: 1.0 | grad norm: 0.510036 | number of skipped iterations:   0 | number of nan iterations:   0 |
[2026-08-28 16:35:50][INFO] iteration      698/    1000 | consumed samples:        67008 | elapsed time per iteration (ms): 2598.8 | throughput (samples/sec/per_device): 4.618 | learning rate: 6.101495E-06 | global batch size:    96 | action loss: 1.528912E-01 | loss scale: 1.0 | grad norm: 0.567619 | number of skipped iterations:   0 | number of nan iterations:   0 |
[2026-08-28 16:35:54][INFO] iteration      699/    1000 | consumed samples:        67104 | elapsed time per iteration (ms): 4163.5 | throughput (samples/sec/per_device): 2.882 | learning rate: 6.070371E-06 | global batch size:    96 | action loss: 1.514297E-01 | loss scale: 1.0 | grad norm: 0.555577 | number of skipped iterations:   0 | number of nan iterations:   0 |
[2026-08-28 16:35:57][INFO] iteration      700/    1000 | consumed samples:        67200 | elapsed time per iteration (ms): 2525.8 | throughput (samples/sec/per_device): 4.751 | learning rate: 6.039317E-06 | global batch size:    96 | action loss: 1.579693E-01 | loss scale: 1.0 | grad norm: 0.555913 | number of skipped iterations:   0 | number of nan iterations:   0 |
[2026-08-28 16:35:57][INFO] max time across ranks (ms):
    forward-backward................................: 2394.75
    forward-compute.................................: 1084.50
    backward-compute................................: 2116.96
    batch-generator.................................: 1.66
    nan-grad-cleanup................................: 13.13
    grad-clip.......................................: 33.26
    optimizer.......................................: 83.14
    optimizer-inner-step............................: 82.03
    optimizer-scheduler-step........................: 1.09
    optimizer-zero-grad.............................: 0.71
[2026-08-28 16:35:57][INFO] PowerSGDPlusState restart: iter=599 compressed_iter=400 method=approximate rank=1 apply_exact=False
[2026-08-28 16:35:59][INFO] iteration      701/    1000 | consumed samples:        67296 | elapsed time per iteration (ms): 1769.0 | throughput (samples/sec/per_device): 6.784 | learning rate: 6.008333E-06 | global batch size:    96 | action loss: 1.820479E-01 | loss scale: 1.0 | grad norm: 0.648275 | number of skipped iterations:   0 | number of nan iterations:   0 |
[2026-08-28 16:36:03][INFO] iteration      702/    1000 | consumed samples:        67392 | elapsed time per iteration (ms): 3881.6 | throughput (samples/sec/per_device): 3.092 | learning rate: 5.977420E-06 | global batch size:    96 | action loss: 1.663400E-01 | loss scale: 1.0 | grad norm: 0.579809 | number of skipped iterations:   0 | number of nan iterations:   0 |
[2026-08-28 16:36:06][INFO] iteration      703/    1000 | consumed samples:        67488 | elapsed time per iteration (ms): 3602.6 | throughput (samples/sec/per_device): 3.331 | learning rate: 5.946577E-06 | global batch size:    96 | action loss: 1.580118E-01 | loss scale: 1.0 | grad norm: 0.581096 | number of skipped iterations:   0 | number of nan iterations:   0 |
[2026-08-28 16:36:07][INFO] iteration      704/    1000 | consumed samples:        67584 | elapsed time per iteration (ms): 1121.4 | throughput (samples/sec/per_device): 10.701 | learning rate: 5.915805E-06 | global batch size:    96 | action loss: 1.491247E-01 | loss scale: 1.0 | grad norm: 0.622151 | number of skipped iterations:   0 | number of nan iterations:   0 |
[2026-08-28 16:36:09][INFO] iteration      705/    1000 | consumed samples:        67680 | elapsed time per iteration (ms): 1228.5 | throughput (samples/sec/per_device): 9.768 | learning rate: 5.885105E-06 | global batch size:    96 | action loss: 1.621306E-01 | loss scale: 1.0 | grad norm: 0.575979 | number of skipped iterations:   0 | number of nan iterations:   0 |
[2026-08-28 16:36:10][INFO] iteration      706/    1000 | consumed samples:        67776 | elapsed time per iteration (ms): 1492.5 | throughput (samples/sec/per_device): 8.040 | learning rate: 5.854476E-06 | global batch size:    96 | action loss: 1.624146E-01 | loss scale: 1.0 | grad norm: 0.545376 | number of skipped iterations:   0 | number of nan iterations:   0 |
[2026-08-28 16:36:12][INFO] iteration      707/    1000 | consumed samples:        67872 | elapsed time per iteration (ms): 2444.6 | throughput (samples/sec/per_device): 4.909 | learning rate: 5.823919E-06 | global batch size:    96 | action loss: 1.622291E-01 | loss scale: 1.0 | grad norm: 0.544562 | number of skipped iterations:   0 | number of nan iterations:   0 |
[2026-08-28 16:36:14][INFO] iteration      708/    1000 | consumed samples:        67968 | elapsed time per iteration (ms): 1991.0 | throughput (samples/sec/per_device): 6.027 | learning rate: 5.793435E-06 | global batch size:    96 | action loss: 1.492064E-01 | loss scale: 1.0 | grad norm: 0.531183 | number of skipped iterations:   0 | number of nan iterations:   0 |
[2026-08-28 16:36:18][INFO] iteration      709/    1000 | consumed samples:        68064 | elapsed time per iteration (ms): 3215.6 | throughput (samples/sec/per_device): 3.732 | learning rate: 5.763023E-06 | global batch size:    96 | action loss: 1.552677E-01 | loss scale: 1.0 | grad norm: 0.542416 | number of skipped iterations:   0 | number of nan iterations:   0 |
[2026-08-28 16:36:20][INFO] iteration      710/    1000 | consumed samples:        68160 | elapsed time per iteration (ms): 2215.7 | throughput (samples/sec/per_device): 5.416 | learning rate: 5.732684E-06 | global batch size:    96 | action loss: 1.495711E-01 | loss scale: 1.0 | grad norm: 0.552615 | number of skipped iterations:   0 | number of nan iterations:   0 |
[2026-08-28 16:36:22][INFO] iteration      711/    1000 | consumed samples:        68256 | elapsed time per iteration (ms): 2164.4 | throughput (samples/sec/per_device): 5.544 | learning rate: 5.702418E-06 | global batch size:    96 | action loss: 1.468036E-01 | loss scale: 1.0 | grad norm: 0.553957 | number of skipped iterations:   0 | number of nan iterations:   0 |
[2026-08-28 16:36:25][INFO] iteration      712/    1000 | consumed samples:        68352 | elapsed time per iteration (ms): 2818.8 | throughput (samples/sec/per_device): 4.257 | learning rate: 5.672225E-06 | global batch size:    96 | action loss: 1.546804E-01 | loss scale: 1.0 | grad norm: 0.591558 | number of skipped iterations:   0 | number of nan iterations:   0 |
[2026-08-28 16:36:28][INFO] iteration      713/    1000 | consumed samples:        68448 | elapsed time per iteration (ms): 3195.7 | throughput (samples/sec/per_device): 3.755 | learning rate: 5.642107E-06 | global batch size:    96 | action loss: 1.581392E-01 | loss scale: 1.0 | grad norm: 0.581675 | number of skipped iterations:   0 | number of nan iterations:   0 |
[2026-08-28 16:36:30][INFO] iteration      714/    1000 | consumed samples:        68544 | elapsed time per iteration (ms): 2301.7 | throughput (samples/sec/per_device): 5.214 | learning rate: 5.612062E-06 | global batch size:    96 | action loss: 1.589550E-01 | loss scale: 1.0 | grad norm: 0.524136 | number of skipped iterations:   0 | number of nan iterations:   0 |
[2026-08-28 16:36:32][INFO] iteration      715/    1000 | consumed samples:        68640 | elapsed time per iteration (ms): 2101.4 | throughput (samples/sec/per_device): 5.710 | learning rate: 5.582092E-06 | global batch size:    96 | action loss: 1.523306E-01 | loss scale: 1.0 | grad norm: 0.535902 | number of skipped iterations:   0 | number of nan iterations:   0 |
[2026-08-28 16:36:35][INFO] iteration      716/    1000 | consumed samples:        68736 | elapsed time per iteration (ms): 2639.9 | throughput (samples/sec/per_device): 4.546 | learning rate: 5.552197E-06 | global batch size:    96 | action loss: 1.641471E-01 | loss scale: 1.0 | grad norm: 0.544720 | number of skipped iterations:   0 | number of nan iterations:   0 |
[2026-08-28 16:36:38][INFO] iteration      717/    1000 | consumed samples:        68832 | elapsed time per iteration (ms): 2605.3 | throughput (samples/sec/per_device): 4.606 | learning rate: 5.522376E-06 | global batch size:    96 | action loss: 1.551589E-01 | loss scale: 1.0 | grad norm: 0.531681 | number of skipped iterations:   0 | number of nan iterations:   0 |
[2026-08-28 16:36:41][INFO] iteration      718/    1000 | consumed samples:        68928 | elapsed time per iteration (ms): 3784.9 | throughput (samples/sec/per_device): 3.170 | learning rate: 5.492631E-06 | global batch size:    96 | action loss: 1.614224E-01 | loss scale: 1.0 | grad norm: 0.544422 | number of skipped iterations:   0 | number of nan iterations:   0 |
[2026-08-28 16:36:45][INFO] iteration      719/    1000 | consumed samples:        69024 | elapsed time per iteration (ms): 3643.2 | throughput (samples/sec/per_device): 3.294 | learning rate: 5.462962E-06 | global batch size:    96 | action loss: 1.551037E-01 | loss scale: 1.0 | grad norm: 0.545754 | number of skipped iterations:   0 | number of nan iterations:   0 |
[2026-08-28 16:36:48][INFO] iteration      720/    1000 | consumed samples:        69120 | elapsed time per iteration (ms): 3083.7 | throughput (samples/sec/per_device): 3.891 | learning rate: 5.433368E-06 | global batch size:    96 | action loss: 1.653652E-01 | loss scale: 1.0 | grad norm: 0.568933 | number of skipped iterations:   0 | number of nan iterations:   0 |
[2026-08-28 16:36:48][INFO] max time across ranks (ms):
    forward-backward................................: 2949.89
    forward-compute.................................: 320.52
    backward-compute................................: 2672.09
    batch-generator.................................: 1.61
    nan-grad-cleanup................................: 13.43
    grad-clip.......................................: 33.10
    optimizer.......................................: 86.36
    optimizer-inner-step............................: 85.30
    optimizer-scheduler-step........................: 1.07
    optimizer-zero-grad.............................: 0.83
[2026-08-28 16:36:52][INFO] iteration      721/    1000 | consumed samples:        69216 | elapsed time per iteration (ms): 3736.6 | throughput (samples/sec/per_device): 3.211 | learning rate: 5.403851E-06 | global batch size:    96 | action loss: 1.482073E-01 | loss scale: 1.0 | grad norm: 0.541655 | number of skipped iterations:   0 | number of nan iterations:   0 |
[2026-08-28 16:36:54][INFO] iteration      722/    1000 | consumed samples:        69312 | elapsed time per iteration (ms): 2238.1 | throughput (samples/sec/per_device): 5.362 | learning rate: 5.374410E-06 | global batch size:    96 | action loss: 1.601927E-01 | loss scale: 1.0 | grad norm: 0.558449 | number of skipped iterations:   0 | number of nan iterations:   0 |
[2026-08-28 16:36:56][INFO] iteration      723/    1000 | consumed samples:        69408 | elapsed time per iteration (ms): 2133.6 | throughput (samples/sec/per_device): 5.624 | learning rate: 5.345045E-06 | global batch size:    96 | action loss: 1.699211E-01 | loss scale: 1.0 | grad norm: 0.526894 | number of skipped iterations:   0 | number of nan iterations:   0 |
[2026-08-28 16:37:00][INFO] iteration      724/    1000 | consumed samples:        69504 | elapsed time per iteration (ms): 3159.5 | throughput (samples/sec/per_device): 3.798 | learning rate: 5.315758E-06 | global batch size:    96 | action loss: 1.480271E-01 | loss scale: 1.0 | grad norm: 0.522277 | number of skipped iterations:   0 | number of nan iterations:   0 |
[2026-08-28 16:37:03][INFO] iteration      725/    1000 | consumed samples:        69600 | elapsed time per iteration (ms): 3802.5 | throughput (samples/sec/per_device): 3.156 | learning rate: 5.286549E-06 | global batch size:    96 | action loss: 1.433454E-01 | loss scale: 1.0 | grad norm: 0.506653 | number of skipped iterations:   0 | number of nan iterations:   0 |
[2026-08-28 16:37:06][INFO] iteration      726/    1000 | consumed samples:        69696 | elapsed time per iteration (ms): 2716.2 | throughput (samples/sec/per_device): 4.418 | learning rate: 5.257417E-06 | global batch size:    96 | action loss: 1.570077E-01 | loss scale: 1.0 | grad norm: 0.576755 | number of skipped iterations:   0 | number of nan iterations:   0 |
[2026-08-28 16:37:09][INFO] iteration      727/    1000 | consumed samples:        69792 | elapsed time per iteration (ms): 2983.7 | throughput (samples/sec/per_device): 4.022 | learning rate: 5.228363E-06 | global batch size:    96 | action loss: 1.677707E-01 | loss scale: 1.0 | grad norm: 0.592189 | number of skipped iterations:   0 | number of nan iterations:   0 |
[2026-08-28 16:37:13][INFO] iteration      728/    1000 | consumed samples:        69888 | elapsed time per iteration (ms): 3919.3 | throughput (samples/sec/per_device): 3.062 | learning rate: 5.199387E-06 | global batch size:    96 | action loss: 1.474915E-01 | loss scale: 1.0 | grad norm: 0.605006 | number of skipped iterations:   0 | number of nan iterations:   0 |
[2026-08-28 16:37:15][INFO] iteration      729/    1000 | consumed samples:        69984 | elapsed time per iteration (ms): 2361.1 | throughput (samples/sec/per_device): 5.082 | learning rate: 5.170490E-06 | global batch size:    96 | action loss: 1.647780E-01 | loss scale: 1.0 | grad norm: 0.572643 | number of skipped iterations:   0 | number of nan iterations:   0 |
[2026-08-28 16:37:18][INFO] iteration      730/    1000 | consumed samples:        70080 | elapsed time per iteration (ms): 2238.4 | throughput (samples/sec/per_device): 5.361 | learning rate: 5.141671E-06 | global batch size:    96 | action loss: 1.620262E-01 | loss scale: 1.0 | grad norm: 0.576961 | number of skipped iterations:   0 | number of nan iterations:   0 |
[2026-08-28 16:37:20][INFO] iteration      731/    1000 | consumed samples:        70176 | elapsed time per iteration (ms): 2571.8 | throughput (samples/sec/per_device): 4.666 | learning rate: 5.112932E-06 | global batch size:    96 | action loss: 1.570059E-01 | loss scale: 1.0 | grad norm: 0.526653 | number of skipped iterations:   0 | number of nan iterations:   0 |
[2026-08-28 16:37:24][INFO] iteration      732/    1000 | consumed samples:        70272 | elapsed time per iteration (ms): 4019.7 | throughput (samples/sec/per_device): 2.985 | learning rate: 5.084272E-06 | global batch size:    96 | action loss: 1.720334E-01 | loss scale: 1.0 | grad norm: 0.527452 | number of skipped iterations:   0 | number of nan iterations:   0 |
[2026-08-28 16:37:27][INFO] iteration      733/    1000 | consumed samples:        70368 | elapsed time per iteration (ms): 2437.9 | throughput (samples/sec/per_device): 4.922 | learning rate: 5.055692E-06 | global batch size:    96 | action loss: 1.614675E-01 | loss scale: 1.0 | grad norm: 0.562277 | number of skipped iterations:   0 | number of nan iterations:   0 |
[2026-08-28 16:37:28][INFO] iteration      734/    1000 | consumed samples:        70464 | elapsed time per iteration (ms): 1894.5 | throughput (samples/sec/per_device): 6.334 | learning rate: 5.027192E-06 | global batch size:    96 | action loss: 1.411206E-01 | loss scale: 1.0 | grad norm: 0.535084 | number of skipped iterations:   0 | number of nan iterations:   0 |
[2026-08-28 16:37:32][INFO] iteration      735/    1000 | consumed samples:        70560 | elapsed time per iteration (ms): 3328.9 | throughput (samples/sec/per_device): 3.605 | learning rate: 4.998772E-06 | global batch size:    96 | action loss: 1.604803E-01 | loss scale: 1.0 | grad norm: 0.552212 | number of skipped iterations:   0 | number of nan iterations:   0 |
[2026-08-28 16:37:36][INFO] iteration      736/    1000 | consumed samples:        70656 | elapsed time per iteration (ms): 3821.0 | throughput (samples/sec/per_device): 3.141 | learning rate: 4.970433E-06 | global batch size:    96 | action loss: 1.509173E-01 | loss scale: 1.0 | grad norm: 0.563266 | number of skipped iterations:   0 | number of nan iterations:   0 |
[2026-08-28 16:37:39][INFO] iteration      737/    1000 | consumed samples:        70752 | elapsed time per iteration (ms): 3034.2 | throughput (samples/sec/per_device): 3.955 | learning rate: 4.942174E-06 | global batch size:    96 | action loss: 1.840418E-01 | loss scale: 1.0 | grad norm: 0.576607 | number of skipped iterations:   0 | number of nan iterations:   0 |
[2026-08-28 16:37:42][INFO] iteration      738/    1000 | consumed samples:        70848 | elapsed time per iteration (ms): 2986.1 | throughput (samples/sec/per_device): 4.019 | learning rate: 4.913997E-06 | global batch size:    96 | action loss: 1.696818E-01 | loss scale: 1.0 | grad norm: 0.594515 | number of skipped iterations:   0 | number of nan iterations:   0 |
[2026-08-28 16:37:45][INFO] iteration      739/    1000 | consumed samples:        70944 | elapsed time per iteration (ms): 3370.6 | throughput (samples/sec/per_device): 3.560 | learning rate: 4.885901E-06 | global batch size:    96 | action loss: 1.644864E-01 | loss scale: 1.0 | grad norm: 0.595277 | number of skipped iterations:   0 | number of nan iterations:   0 |
[2026-08-28 16:37:50][INFO] iteration      740/    1000 | consumed samples:        71040 | elapsed time per iteration (ms): 5156.0 | throughput (samples/sec/per_device): 2.327 | learning rate: 4.857887E-06 | global batch size:    96 | action loss: 1.616976E-01 | loss scale: 1.0 | grad norm: 0.582297 | number of skipped iterations:   0 | number of nan iterations:   0 |
[2026-08-28 16:37:50][INFO] max time across ranks (ms):
    forward-backward................................: 5026.31
    forward-compute.................................: 1820.78
    backward-compute................................: 4746.94
    batch-generator.................................: 2.52
    nan-grad-cleanup................................: 13.18
    grad-clip.......................................: 32.70
    optimizer.......................................: 83.04
    optimizer-inner-step............................: 82.05
    optimizer-scheduler-step........................: 1.02
    optimizer-zero-grad.............................: 0.63
[2026-08-28 16:37:53][INFO] iteration      741/    1000 | consumed samples:        71136 | elapsed time per iteration (ms): 2971.4 | throughput (samples/sec/per_device): 4.039 | learning rate: 4.829955E-06 | global batch size:    96 | action loss: 1.646177E-01 | loss scale: 1.0 | grad norm: 0.557728 | number of skipped iterations:   0 | number of nan iterations:   0 |
[2026-08-28 16:37:56][INFO] iteration      742/    1000 | consumed samples:        71232 | elapsed time per iteration (ms): 2460.5 | throughput (samples/sec/per_device): 4.877 | learning rate: 4.802105E-06 | global batch size:    96 | action loss: 1.642350E-01 | loss scale: 1.0 | grad norm: 0.545439 | number of skipped iterations:   0 | number of nan iterations:   0 |
[2026-08-28 16:37:59][INFO] iteration      743/    1000 | consumed samples:        71328 | elapsed time per iteration (ms): 3660.2 | throughput (samples/sec/per_device): 3.279 | learning rate: 4.774338E-06 | global batch size:    96 | action loss: 1.513178E-01 | loss scale: 1.0 | grad norm: 0.538885 | number of skipped iterations:   0 | number of nan iterations:   0 |
[2026-08-28 16:38:02][INFO] iteration      744/    1000 | consumed samples:        71424 | elapsed time per iteration (ms): 2870.6 | throughput (samples/sec/per_device): 4.180 | learning rate: 4.746653E-06 | global batch size:    96 | action loss: 1.555744E-01 | loss scale: 1.0 | grad norm: 0.549915 | number of skipped iterations:   0 | number of nan iterations:   0 |
[2026-08-28 16:38:05][INFO] iteration      745/    1000 | consumed samples:        71520 | elapsed time per iteration (ms): 2491.4 | throughput (samples/sec/per_device): 4.817 | learning rate: 4.719052E-06 | global batch size:    96 | action loss: 1.575727E-01 | loss scale: 1.0 | grad norm: 0.568406 | number of skipped iterations:   0 | number of nan iterations:   0 |
[2026-08-28 16:38:07][INFO] iteration      746/    1000 | consumed samples:        71616 | elapsed time per iteration (ms): 2677.3 | throughput (samples/sec/per_device): 4.482 | learning rate: 4.691534E-06 | global batch size:    96 | action loss: 1.852886E-01 | loss scale: 1.0 | grad norm: 0.536457 | number of skipped iterations:   0 | number of nan iterations:   0 |
[2026-08-28 16:38:11][INFO] iteration      747/    1000 | consumed samples:        71712 | elapsed time per iteration (ms): 3751.7 | throughput (samples/sec/per_device): 3.199 | learning rate: 4.664100E-06 | global batch size:    96 | action loss: 1.524535E-01 | loss scale: 1.0 | grad norm: 0.588396 | number of skipped iterations:   0 | number of nan iterations:   0 |
[2026-08-28 16:38:13][INFO] iteration      748/    1000 | consumed samples:        71808 | elapsed time per iteration (ms): 2420.3 | throughput (samples/sec/per_device): 4.958 | learning rate: 4.636749E-06 | global batch size:    96 | action loss: 1.622544E-01 | loss scale: 1.0 | grad norm: 0.551605 | number of skipped iterations:   0 | number of nan iterations:   0 |
[2026-08-28 16:38:17][INFO] iteration      749/    1000 | consumed samples:        71904 | elapsed time per iteration (ms): 3099.2 | throughput (samples/sec/per_device): 3.872 | learning rate: 4.609483E-06 | global batch size:    96 | action loss: 1.500096E-01 | loss scale: 1.0 | grad norm: 0.550383 | number of skipped iterations:   0 | number of nan iterations:   0 |
[2026-08-28 16:38:19][INFO] iteration      750/    1000 | consumed samples:        72000 | elapsed time per iteration (ms): 2114.6 | throughput (samples/sec/per_device): 5.675 | learning rate: 4.582301E-06 | global batch size:    96 | action loss: 1.580186E-01 | loss scale: 1.0 | grad norm: 0.618686 | number of skipped iterations:   0 | number of nan iterations:   0 |
[2026-08-28 16:38:19][INFO] PowerSGDPlusState restart: iter=649 compressed_iter=450 method=approximate rank=1 apply_exact=False
[2026-08-28 16:38:20][INFO] iteration      751/    1000 | consumed samples:        72096 | elapsed time per iteration (ms): 1629.1 | throughput (samples/sec/per_device): 7.366 | learning rate: 4.555204E-06 | global batch size:    96 | action loss: 1.566312E-01 | loss scale: 1.0 | grad norm: 0.628720 | number of skipped iterations:   0 | number of nan iterations:   0 |
[2026-08-28 16:38:25][INFO] iteration      752/    1000 | consumed samples:        72192 | elapsed time per iteration (ms): 4353.8 | throughput (samples/sec/per_device): 2.756 | learning rate: 4.528193E-06 | global batch size:    96 | action loss: 1.450130E-01 | loss scale: 1.0 | grad norm: 0.577054 | number of skipped iterations:   0 | number of nan iterations:   0 |
[2026-08-28 16:38:27][INFO] iteration      753/    1000 | consumed samples:        72288 | elapsed time per iteration (ms): 2190.8 | throughput (samples/sec/per_device): 5.478 | learning rate: 4.501266E-06 | global batch size:    96 | action loss: 1.862708E-01 | loss scale: 1.0 | grad norm: 0.572469 | number of skipped iterations:   0 | number of nan iterations:   0 |
[2026-08-28 16:38:28][INFO] iteration      754/    1000 | consumed samples:        72384 | elapsed time per iteration (ms): 1108.7 | throughput (samples/sec/per_device): 10.823 | learning rate: 4.474425E-06 | global batch size:    96 | action loss: 1.336784E-01 | loss scale: 1.0 | grad norm: 0.594878 | number of skipped iterations:   0 | number of nan iterations:   0 |
[2026-08-28 16:38:29][INFO] iteration      755/    1000 | consumed samples:        72480 | elapsed time per iteration (ms): 1215.6 | throughput (samples/sec/per_device): 9.872 | learning rate: 4.447670E-06 | global batch size:    96 | action loss: 1.550274E-01 | loss scale: 1.0 | grad norm: 0.566195 | number of skipped iterations:   0 | number of nan iterations:   0 |
[2026-08-28 16:38:32][INFO] iteration      756/    1000 | consumed samples:        72576 | elapsed time per iteration (ms): 2473.2 | throughput (samples/sec/per_device): 4.852 | learning rate: 4.421001E-06 | global batch size:    96 | action loss: 1.798473E-01 | loss scale: 1.0 | grad norm: 0.538062 | number of skipped iterations:   0 | number of nan iterations:   0 |
[2026-08-28 16:38:34][INFO] iteration      757/    1000 | consumed samples:        72672 | elapsed time per iteration (ms): 2212.0 | throughput (samples/sec/per_device): 5.425 | learning rate: 4.394418E-06 | global batch size:    96 | action loss: 1.486487E-01 | loss scale: 1.0 | grad norm: 0.534142 | number of skipped iterations:   0 | number of nan iterations:   0 |
[2026-08-28 16:38:36][INFO] iteration      758/    1000 | consumed samples:        72768 | elapsed time per iteration (ms): 2022.1 | throughput (samples/sec/per_device): 5.934 | learning rate: 4.367922E-06 | global batch size:    96 | action loss: 1.543597E-01 | loss scale: 1.0 | grad norm: 0.536869 | number of skipped iterations:   0 | number of nan iterations:   0 |
[2026-08-28 16:38:39][INFO] iteration      759/    1000 | consumed samples:        72864 | elapsed time per iteration (ms): 2640.5 | throughput (samples/sec/per_device): 4.545 | learning rate: 4.341513E-06 | global batch size:    96 | action loss: 1.462298E-01 | loss scale: 1.0 | grad norm: 0.546821 | number of skipped iterations:   0 | number of nan iterations:   0 |
[2026-08-28 16:38:41][INFO] iteration      760/    1000 | consumed samples:        72960 | elapsed time per iteration (ms): 2513.3 | throughput (samples/sec/per_device): 4.775 | learning rate: 4.315192E-06 | global batch size:    96 | action loss: 1.466885E-01 | loss scale: 1.0 | grad norm: 0.556173 | number of skipped iterations:   0 | number of nan iterations:   0 |
[2026-08-28 16:38:41][INFO] max time across ranks (ms):
    forward-backward................................: 2358.34
    forward-compute.................................: 1129.41
    backward-compute................................: 2079.76
    batch-generator.................................: 3.09
    nan-grad-cleanup................................: 16.24
    grad-clip.......................................: 42.15
    optimizer.......................................: 105.66
    optimizer-inner-step............................: 104.53
    optimizer-scheduler-step........................: 1.98
    optimizer-zero-grad.............................: 1.00
[2026-08-28 16:38:45][INFO] iteration      761/    1000 | consumed samples:        73056 | elapsed time per iteration (ms): 3505.9 | throughput (samples/sec/per_device): 3.423 | learning rate: 4.288957E-06 | global batch size:    96 | action loss: 1.580128E-01 | loss scale: 1.0 | grad norm: 0.559667 | number of skipped iterations:   0 | number of nan iterations:   0 |
[2026-08-28 16:38:48][INFO] iteration      762/    1000 | consumed samples:        73152 | elapsed time per iteration (ms): 2987.8 | throughput (samples/sec/per_device): 4.016 | learning rate: 4.262811E-06 | global batch size:    96 | action loss: 1.799488E-01 | loss scale: 1.0 | grad norm: 0.606957 | number of skipped iterations:   0 | number of nan iterations:   0 |
[2026-08-28 16:38:50][INFO] iteration      763/    1000 | consumed samples:        73248 | elapsed time per iteration (ms): 2120.9 | throughput (samples/sec/per_device): 5.658 | learning rate: 4.236752E-06 | global batch size:    96 | action loss: 1.438981E-01 | loss scale: 1.0 | grad norm: 0.575030 | number of skipped iterations:   0 | number of nan iterations:   0 |
[2026-08-28 16:38:55][INFO] iteration      764/    1000 | consumed samples:        73344 | elapsed time per iteration (ms): 5043.1 | throughput (samples/sec/per_device): 2.380 | learning rate: 4.210781E-06 | global batch size:    96 | action loss: 1.735915E-01 | loss scale: 1.0 | grad norm: 0.731999 | number of skipped iterations:   0 | number of nan iterations:   0 |
[2026-08-28 16:38:57][INFO] iteration      765/    1000 | consumed samples:        73440 | elapsed time per iteration (ms): 2071.8 | throughput (samples/sec/per_device): 5.792 | learning rate: 4.184899E-06 | global batch size:    96 | action loss: 1.511018E-01 | loss scale: 1.0 | grad norm: 0.593218 | number of skipped iterations:   0 | number of nan iterations:   0 |
[2026-08-28 16:38:59][INFO] iteration      766/    1000 | consumed samples:        73536 | elapsed time per iteration (ms): 2543.0 | throughput (samples/sec/per_device): 4.719 | learning rate: 4.159106E-06 | global batch size:    96 | action loss: 1.727689E-01 | loss scale: 1.0 | grad norm: 0.550923 | number of skipped iterations:   0 | number of nan iterations:   0 |
[2026-08-28 16:39:02][INFO] iteration      767/    1000 | consumed samples:        73632 | elapsed time per iteration (ms): 2604.4 | throughput (samples/sec/per_device): 4.608 | learning rate: 4.133402E-06 | global batch size:    96 | action loss: 1.637445E-01 | loss scale: 1.0 | grad norm: 0.554817 | number of skipped iterations:   0 | number of nan iterations:   0 |
[2026-08-28 16:39:06][INFO] iteration      768/    1000 | consumed samples:        73728 | elapsed time per iteration (ms): 4035.9 | throughput (samples/sec/per_device): 2.973 | learning rate: 4.107787E-06 | global batch size:    96 | action loss: 1.549766E-01 | loss scale: 1.0 | grad norm: 0.581362 | number of skipped iterations:   0 | number of nan iterations:   0 |
[2026-08-28 16:39:08][INFO] iteration      769/    1000 | consumed samples:        73824 | elapsed time per iteration (ms): 2305.3 | throughput (samples/sec/per_device): 5.205 | learning rate: 4.082262E-06 | global batch size:    96 | action loss: 1.492790E-01 | loss scale: 1.0 | grad norm: 0.566623 | number of skipped iterations:   0 | number of nan iterations:   0 |
[2026-08-28 16:39:10][INFO] iteration      770/    1000 | consumed samples:        73920 | elapsed time per iteration (ms): 2205.5 | throughput (samples/sec/per_device): 5.441 | learning rate: 4.056827E-06 | global batch size:    96 | action loss: 1.372833E-01 | loss scale: 1.0 | grad norm: 0.586220 | number of skipped iterations:   0 | number of nan iterations:   0 |
[2026-08-28 16:39:13][INFO] iteration      771/    1000 | consumed samples:        74016 | elapsed time per iteration (ms): 2464.7 | throughput (samples/sec/per_device): 4.869 | learning rate: 4.031481E-06 | global batch size:    96 | action loss: 1.435442E-01 | loss scale: 1.0 | grad norm: 0.558843 | number of skipped iterations:   0 | number of nan iterations:   0 |
[2026-08-28 16:39:16][INFO] iteration      772/    1000 | consumed samples:        74112 | elapsed time per iteration (ms): 2906.2 | throughput (samples/sec/per_device): 4.129 | learning rate: 4.006226E-06 | global batch size:    96 | action loss: 1.655363E-01 | loss scale: 1.0 | grad norm: 0.543602 | number of skipped iterations:   0 | number of nan iterations:   0 |
[2026-08-28 16:39:19][INFO] iteration      773/    1000 | consumed samples:        74208 | elapsed time per iteration (ms): 3061.8 | throughput (samples/sec/per_device): 3.919 | learning rate: 3.981061E-06 | global batch size:    96 | action loss: 1.552767E-01 | loss scale: 1.0 | grad norm: 0.540349 | number of skipped iterations:   0 | number of nan iterations:   0 |
[2026-08-28 16:39:22][INFO] iteration      774/    1000 | consumed samples:        74304 | elapsed time per iteration (ms): 3263.4 | throughput (samples/sec/per_device): 3.677 | learning rate: 3.955988E-06 | global batch size:    96 | action loss: 1.600353E-01 | loss scale: 1.0 | grad norm: 0.571143 | number of skipped iterations:   0 | number of nan iterations:   0 |
[2026-08-28 16:39:25][INFO] iteration      775/    1000 | consumed samples:        74400 | elapsed time per iteration (ms): 2901.0 | throughput (samples/sec/per_device): 4.137 | learning rate: 3.931005E-06 | global batch size:    96 | action loss: 1.868657E-01 | loss scale: 1.0 | grad norm: 0.560284 | number of skipped iterations:   0 | number of nan iterations:   0 |
[2026-08-28 16:39:29][INFO] iteration      776/    1000 | consumed samples:        74496 | elapsed time per iteration (ms): 3704.9 | throughput (samples/sec/per_device): 3.239 | learning rate: 3.906114E-06 | global batch size:    96 | action loss: 1.437472E-01 | loss scale: 1.0 | grad norm: 0.529841 | number of skipped iterations:   0 | number of nan iterations:   0 |
[2026-08-28 16:39:32][INFO] iteration      777/    1000 | consumed samples:        74592 | elapsed time per iteration (ms): 3015.8 | throughput (samples/sec/per_device): 3.979 | learning rate: 3.881314E-06 | global batch size:    96 | action loss: 1.586983E-01 | loss scale: 1.0 | grad norm: 0.531192 | number of skipped iterations:   0 | number of nan iterations:   0 |
[2026-08-28 16:39:35][INFO] iteration      778/    1000 | consumed samples:        74688 | elapsed time per iteration (ms): 3233.8 | throughput (samples/sec/per_device): 3.711 | learning rate: 3.856606E-06 | global batch size:    96 | action loss: 1.526734E-01 | loss scale: 1.0 | grad norm: 0.533503 | number of skipped iterations:   0 | number of nan iterations:   0 |
[2026-08-28 16:39:38][INFO] iteration      779/    1000 | consumed samples:        74784 | elapsed time per iteration (ms): 2517.8 | throughput (samples/sec/per_device): 4.766 | learning rate: 3.831990E-06 | global batch size:    96 | action loss: 1.465415E-01 | loss scale: 1.0 | grad norm: 0.564977 | number of skipped iterations:   0 | number of nan iterations:   0 |
[2026-08-28 16:39:42][INFO] iteration      780/    1000 | consumed samples:        74880 | elapsed time per iteration (ms): 4280.8 | throughput (samples/sec/per_device): 2.803 | learning rate: 3.807467E-06 | global batch size:    96 | action loss: 1.509438E-01 | loss scale: 1.0 | grad norm: 0.546096 | number of skipped iterations:   0 | number of nan iterations:   0 |
[2026-08-28 16:39:42][INFO] max time across ranks (ms):
    forward-backward................................: 4150.24
    forward-compute.................................: 2032.79
    backward-compute................................: 3871.71
    batch-generator.................................: 1.67
    nan-grad-cleanup................................: 14.19
    grad-clip.......................................: 32.61
    optimizer.......................................: 83.57
    optimizer-inner-step............................: 82.44
    optimizer-scheduler-step........................: 1.11
    optimizer-zero-grad.............................: 1.01
[2026-08-28 16:39:45][INFO] iteration      781/    1000 | consumed samples:        74976 | elapsed time per iteration (ms): 3034.6 | throughput (samples/sec/per_device): 3.954 | learning rate: 3.783036E-06 | global batch size:    96 | action loss: 1.372687E-01 | loss scale: 1.0 | grad norm: 0.606594 | number of skipped iterations:   0 | number of nan iterations:   0 |
[2026-08-28 16:39:48][INFO] iteration      782/    1000 | consumed samples:        75072 | elapsed time per iteration (ms): 2607.2 | throughput (samples/sec/per_device): 4.603 | learning rate: 3.758698E-06 | global batch size:    96 | action loss: 1.412988E-01 | loss scale: 1.0 | grad norm: 0.618081 | number of skipped iterations:   0 | number of nan iterations:   0 |
[2026-08-28 16:39:51][INFO] iteration      783/    1000 | consumed samples:        75168 | elapsed time per iteration (ms): 3908.8 | throughput (samples/sec/per_device): 3.070 | learning rate: 3.734452E-06 | global batch size:    96 | action loss: 1.480718E-01 | loss scale: 1.0 | grad norm: 0.603384 | number of skipped iterations:   0 | number of nan iterations:   0 |
[2026-08-28 16:39:55][INFO] iteration      784/    1000 | consumed samples:        75264 | elapsed time per iteration (ms): 3271.4 | throughput (samples/sec/per_device): 3.668 | learning rate: 3.710301E-06 | global batch size:    96 | action loss: 1.758637E-01 | loss scale: 1.0 | grad norm: 0.626438 | number of skipped iterations:   0 | number of nan iterations:   0 |
[2026-08-28 16:39:58][INFO] iteration      785/    1000 | consumed samples:        75360 | elapsed time per iteration (ms): 3580.9 | throughput (samples/sec/per_device): 3.351 | learning rate: 3.686242E-06 | global batch size:    96 | action loss: 1.834271E-01 | loss scale: 1.0 | grad norm: 0.625256 | number of skipped iterations:   0 | number of nan iterations:   0 |
[2026-08-28 16:40:03][INFO] iteration      786/    1000 | consumed samples:        75456 | elapsed time per iteration (ms): 4241.6 | throughput (samples/sec/per_device): 2.829 | learning rate: 3.662278E-06 | global batch size:    96 | action loss: 1.435118E-01 | loss scale: 1.0 | grad norm: 0.606476 | number of skipped iterations:   0 | number of nan iterations:   0 |
[2026-08-28 16:40:05][INFO] iteration      787/    1000 | consumed samples:        75552 | elapsed time per iteration (ms): 2846.6 | throughput (samples/sec/per_device): 4.216 | learning rate: 3.638408E-06 | global batch size:    96 | action loss: 1.499350E-01 | loss scale: 1.0 | grad norm: 0.611582 | number of skipped iterations:   0 | number of nan iterations:   0 |
[2026-08-28 16:40:08][INFO] iteration      788/    1000 | consumed samples:        75648 | elapsed time per iteration (ms): 2196.6 | throughput (samples/sec/per_device): 5.463 | learning rate: 3.614631E-06 | global batch size:    96 | action loss: 1.625788E-01 | loss scale: 1.0 | grad norm: 0.577146 | number of skipped iterations:   0 | number of nan iterations:   0 |
[2026-08-28 16:40:10][INFO] iteration      789/    1000 | consumed samples:        75744 | elapsed time per iteration (ms): 2894.5 | throughput (samples/sec/per_device): 4.146 | learning rate: 3.590950E-06 | global batch size:    96 | action loss: 1.801303E-01 | loss scale: 1.0 | grad norm: 0.574686 | number of skipped iterations:   0 | number of nan iterations:   0 |
[2026-08-28 16:40:13][INFO] iteration      790/    1000 | consumed samples:        75840 | elapsed time per iteration (ms): 2792.4 | throughput (samples/sec/per_device): 4.297 | learning rate: 3.567363E-06 | global batch size:    96 | action loss: 1.352013E-01 | loss scale: 1.0 | grad norm: 0.588887 | number of skipped iterations:   0 | number of nan iterations:   0 |
[2026-08-28 16:40:16][INFO] iteration      791/    1000 | consumed samples:        75936 | elapsed time per iteration (ms): 2578.9 | throughput (samples/sec/per_device): 4.653 | learning rate: 3.543871E-06 | global batch size:    96 | action loss: 1.610232E-01 | loss scale: 1.0 | grad norm: 0.573695 | number of skipped iterations:   0 | number of nan iterations:   0 |
[2026-08-28 16:40:18][INFO] iteration      792/    1000 | consumed samples:        76032 | elapsed time per iteration (ms): 2069.6 | throughput (samples/sec/per_device): 5.798 | learning rate: 3.520474E-06 | global batch size:    96 | action loss: 1.470703E-01 | loss scale: 1.0 | grad norm: 0.618751 | number of skipped iterations:   0 | number of nan iterations:   0 |
[2026-08-28 16:40:20][INFO] iteration      793/    1000 | consumed samples:        76128 | elapsed time per iteration (ms): 2216.7 | throughput (samples/sec/per_device): 5.413 | learning rate: 3.497173E-06 | global batch size:    96 | action loss: 1.598055E-01 | loss scale: 1.0 | grad norm: 0.609768 | number of skipped iterations:   0 | number of nan iterations:   0 |
[2026-08-28 16:40:23][INFO] iteration      794/    1000 | consumed samples:        76224 | elapsed time per iteration (ms): 2776.7 | throughput (samples/sec/per_device): 4.322 | learning rate: 3.473968E-06 | global batch size:    96 | action loss: 1.485198E-01 | loss scale: 1.0 | grad norm: 0.588484 | number of skipped iterations:   0 | number of nan iterations:   0 |
[2026-08-28 16:40:27][INFO] iteration      795/    1000 | consumed samples:        76320 | elapsed time per iteration (ms): 3796.1 | throughput (samples/sec/per_device): 3.161 | learning rate: 3.450858E-06 | global batch size:    96 | action loss: 1.690216E-01 | loss scale: 1.0 | grad norm: 0.585799 | number of skipped iterations:   0 | number of nan iterations:   0 |
[2026-08-28 16:40:30][INFO] iteration      796/    1000 | consumed samples:        76416 | elapsed time per iteration (ms): 2975.5 | throughput (samples/sec/per_device): 4.033 | learning rate: 3.427844E-06 | global batch size:    96 | action loss: 1.414084E-01 | loss scale: 1.0 | grad norm: 0.530268 | number of skipped iterations:   0 | number of nan iterations:   0 |
[2026-08-28 16:40:33][INFO] iteration      797/    1000 | consumed samples:        76512 | elapsed time per iteration (ms): 3162.7 | throughput (samples/sec/per_device): 3.794 | learning rate: 3.404927E-06 | global batch size:    96 | action loss: 1.583554E-01 | loss scale: 1.0 | grad norm: 0.594389 | number of skipped iterations:   0 | number of nan iterations:   0 |
[2026-08-28 16:40:36][INFO] iteration      798/    1000 | consumed samples:        76608 | elapsed time per iteration (ms): 3559.2 | throughput (samples/sec/per_device): 3.372 | learning rate: 3.382107E-06 | global batch size:    96 | action loss: 1.498716E-01 | loss scale: 1.0 | grad norm: 0.638682 | number of skipped iterations:   0 | number of nan iterations:   0 |
[2026-08-28 16:40:40][INFO] iteration      799/    1000 | consumed samples:        76704 | elapsed time per iteration (ms): 3326.7 | throughput (samples/sec/per_device): 3.607 | learning rate: 3.359383E-06 | global batch size:    96 | action loss: 1.460077E-01 | loss scale: 1.0 | grad norm: 0.571355 | number of skipped iterations:   0 | number of nan iterations:   0 |
[2026-08-28 16:40:42][INFO] iteration      800/    1000 | consumed samples:        76800 | elapsed time per iteration (ms): 2612.4 | throughput (samples/sec/per_device): 4.594 | learning rate: 3.336757E-06 | global batch size:    96 | action loss: 1.497084E-01 | loss scale: 1.0 | grad norm: 0.572936 | number of skipped iterations:   0 | number of nan iterations:   0 |
[2026-08-28 16:40:42][INFO] max time across ranks (ms):
    forward-backward................................: 2483.04
    forward-compute.................................: 1084.18
    backward-compute................................: 2203.24
    batch-generator.................................: 1.52
    nan-grad-cleanup................................: 13.09
    grad-clip.......................................: 32.89
    optimizer.......................................: 82.72
    optimizer-inner-step............................: 81.59
    optimizer-scheduler-step........................: 1.10
    optimizer-zero-grad.............................: 0.71
[2026-08-28 16:40:43][INFO] PowerSGDPlusState restart: iter=699 compressed_iter=500 method=approximate rank=1 apply_exact=False
[2026-08-28 16:40:44][INFO] iteration      801/    1000 | consumed samples:        76896 | elapsed time per iteration (ms): 1833.5 | throughput (samples/sec/per_device): 6.545 | learning rate: 3.314228E-06 | global batch size:    96 | action loss: 1.426224E-01 | loss scale: 1.0 | grad norm: 0.642765 | number of skipped iterations:   0 | number of nan iterations:   0 |
[2026-08-28 16:40:49][INFO] iteration      802/    1000 | consumed samples:        76992 | elapsed time per iteration (ms): 4890.8 | throughput (samples/sec/per_device): 2.454 | learning rate: 3.291796E-06 | global batch size:    96 | action loss: 1.537758E-01 | loss scale: 1.0 | grad norm: 0.540886 | number of skipped iterations:   0 | number of nan iterations:   0 |
[2026-08-28 16:40:51][INFO] iteration      803/    1000 | consumed samples:        77088 | elapsed time per iteration (ms): 2219.4 | throughput (samples/sec/per_device): 5.407 | learning rate: 3.269462E-06 | global batch size:    96 | action loss: 1.386604E-01 | loss scale: 1.0 | grad norm: 0.517927 | number of skipped iterations:   0 | number of nan iterations:   0 |
[2026-08-28 16:40:52][INFO] iteration      804/    1000 | consumed samples:        77184 | elapsed time per iteration (ms): 1115.7 | throughput (samples/sec/per_device): 10.756 | learning rate: 3.247226E-06 | global batch size:    96 | action loss: 1.515844E-01 | loss scale: 1.0 | grad norm: 0.574345 | number of skipped iterations:   0 | number of nan iterations:   0 |
[2026-08-28 16:40:54][INFO] iteration      805/    1000 | consumed samples:        77280 | elapsed time per iteration (ms): 1247.8 | throughput (samples/sec/per_device): 9.617 | learning rate: 3.225089E-06 | global batch size:    96 | action loss: 1.497598E-01 | loss scale: 1.0 | grad norm: 0.587908 | number of skipped iterations:   0 | number of nan iterations:   0 |
[2026-08-28 16:40:55][INFO] iteration      806/    1000 | consumed samples:        77376 | elapsed time per iteration (ms): 1523.0 | throughput (samples/sec/per_device): 7.879 | learning rate: 3.203049E-06 | global batch size:    96 | action loss: 1.614392E-01 | loss scale: 1.0 | grad norm: 0.561676 | number of skipped iterations:   0 | number of nan iterations:   0 |
[2026-08-28 16:41:01][INFO] iteration      807/    1000 | consumed samples:        77472 | elapsed time per iteration (ms): 5365.0 | throughput (samples/sec/per_device): 2.237 | learning rate: 3.181109E-06 | global batch size:    96 | action loss: 1.731844E-01 | loss scale: 1.0 | grad norm: 0.580901 | number of skipped iterations:   0 | number of nan iterations:   0 |
[2026-08-28 16:41:02][INFO] iteration      808/    1000 | consumed samples:        77568 | elapsed time per iteration (ms): 1864.1 | throughput (samples/sec/per_device): 6.438 | learning rate: 3.159267E-06 | global batch size:    96 | action loss: 1.503762E-01 | loss scale: 1.0 | grad norm: 0.537882 | number of skipped iterations:   0 | number of nan iterations:   0 |
[2026-08-28 16:41:05][INFO] iteration      809/    1000 | consumed samples:        77664 | elapsed time per iteration (ms): 2461.7 | throughput (samples/sec/per_device): 4.875 | learning rate: 3.137524E-06 | global batch size:    96 | action loss: 1.812056E-01 | loss scale: 1.0 | grad norm: 0.558826 | number of skipped iterations:   0 | number of nan iterations:   0 |
[2026-08-28 16:41:07][INFO] iteration      810/    1000 | consumed samples:        77760 | elapsed time per iteration (ms): 2039.0 | throughput (samples/sec/per_device): 5.885 | learning rate: 3.115881E-06 | global batch size:    96 | action loss: 1.786282E-01 | loss scale: 1.0 | grad norm: 0.575900 | number of skipped iterations:   0 | number of nan iterations:   0 |
[2026-08-28 16:41:09][INFO] iteration      811/    1000 | consumed samples:        77856 | elapsed time per iteration (ms): 2425.7 | throughput (samples/sec/per_device): 4.947 | learning rate: 3.094337E-06 | global batch size:    96 | action loss: 1.578534E-01 | loss scale: 1.0 | grad norm: 0.591202 | number of skipped iterations:   0 | number of nan iterations:   0 |
[2026-08-28 16:41:12][INFO] iteration      812/    1000 | consumed samples:        77952 | elapsed time per iteration (ms): 3045.8 | throughput (samples/sec/per_device): 3.940 | learning rate: 3.072893E-06 | global batch size:    96 | action loss: 1.760258E-01 | loss scale: 1.0 | grad norm: 0.606811 | number of skipped iterations:   0 | number of nan iterations:   0 |
[2026-08-28 16:41:14][INFO] iteration      813/    1000 | consumed samples:        78048 | elapsed time per iteration (ms): 1893.7 | throughput (samples/sec/per_device): 6.337 | learning rate: 3.051549E-06 | global batch size:    96 | action loss: 1.505947E-01 | loss scale: 1.0 | grad norm: 0.590293 | number of skipped iterations:   0 | number of nan iterations:   0 |
[2026-08-28 16:41:17][INFO] iteration      814/    1000 | consumed samples:        78144 | elapsed time per iteration (ms): 2721.8 | throughput (samples/sec/per_device): 4.409 | learning rate: 3.030305E-06 | global batch size:    96 | action loss: 1.322684E-01 | loss scale: 1.0 | grad norm: 0.587224 | number of skipped iterations:   0 | number of nan iterations:   0 |
[2026-08-28 16:41:19][INFO] iteration      815/    1000 | consumed samples:        78240 | elapsed time per iteration (ms): 2085.0 | throughput (samples/sec/per_device): 5.756 | learning rate: 3.009162E-06 | global batch size:    96 | action loss: 1.534337E-01 | loss scale: 1.0 | grad norm: 0.563393 | number of skipped iterations:   0 | number of nan iterations:   0 |
[2026-08-28 16:41:23][INFO] iteration      816/    1000 | consumed samples:        78336 | elapsed time per iteration (ms): 3600.0 | throughput (samples/sec/per_device): 3.333 | learning rate: 2.988119E-06 | global batch size:    96 | action loss: 1.395641E-01 | loss scale: 1.0 | grad norm: 0.539878 | number of skipped iterations:   0 | number of nan iterations:   0 |
[2026-08-28 16:41:25][INFO] iteration      817/    1000 | consumed samples:        78432 | elapsed time per iteration (ms): 2347.4 | throughput (samples/sec/per_device): 5.112 | learning rate: 2.967177E-06 | global batch size:    96 | action loss: 1.532845E-01 | loss scale: 1.0 | grad norm: 0.534693 | number of skipped iterations:   0 | number of nan iterations:   0 |
[2026-08-28 16:41:28][INFO] iteration      818/    1000 | consumed samples:        78528 | elapsed time per iteration (ms): 2719.8 | throughput (samples/sec/per_device): 4.412 | learning rate: 2.946336E-06 | global batch size:    96 | action loss: 1.867598E-01 | loss scale: 1.0 | grad norm: 0.575720 | number of skipped iterations:   0 | number of nan iterations:   0 |
[2026-08-28 16:41:30][INFO] iteration      819/    1000 | consumed samples:        78624 | elapsed time per iteration (ms): 2393.0 | throughput (samples/sec/per_device): 5.015 | learning rate: 2.925596E-06 | global batch size:    96 | action loss: 1.677226E-01 | loss scale: 1.0 | grad norm: 0.625416 | number of skipped iterations:   0 | number of nan iterations:   0 |
[2026-08-28 16:41:33][INFO] iteration      820/    1000 | consumed samples:        78720 | elapsed time per iteration (ms): 3173.2 | throughput (samples/sec/per_device): 3.782 | learning rate: 2.904958E-06 | global batch size:    96 | action loss: 1.533095E-01 | loss scale: 1.0 | grad norm: 0.577571 | number of skipped iterations:   0 | number of nan iterations:   0 |
[2026-08-28 16:41:33][INFO] max time across ranks (ms):
    forward-backward................................: 3043.78
    forward-compute.................................: 573.50
    backward-compute................................: 2767.74
    batch-generator.................................: 2.73
    nan-grad-cleanup................................: 13.04
    grad-clip.......................................: 32.64
    optimizer.......................................: 82.57
    optimizer-inner-step............................: 81.53
    optimizer-scheduler-step........................: 1.04
    optimizer-zero-grad.............................: 1.02
[2026-08-28 16:41:35][INFO] iteration      821/    1000 | consumed samples:        78816 | elapsed time per iteration (ms): 2035.1 | throughput (samples/sec/per_device): 5.897 | learning rate: 2.884421E-06 | global batch size:    96 | action loss: 1.498214E-01 | loss scale: 1.0 | grad norm: 0.590571 | number of skipped iterations:   0 | number of nan iterations:   0 |
[2026-08-28 16:41:38][INFO] iteration      822/    1000 | consumed samples:        78912 | elapsed time per iteration (ms): 2264.9 | throughput (samples/sec/per_device): 5.298 | learning rate: 2.863986E-06 | global batch size:    96 | action loss: 1.840165E-01 | loss scale: 1.0 | grad norm: 0.539096 | number of skipped iterations:   0 | number of nan iterations:   0 |
[2026-08-28 16:41:40][INFO] iteration      823/    1000 | consumed samples:        79008 | elapsed time per iteration (ms): 2386.1 | throughput (samples/sec/per_device): 5.029 | learning rate: 2.843653E-06 | global batch size:    96 | action loss: 1.411106E-01 | loss scale: 1.0 | grad norm: 0.577535 | number of skipped iterations:   0 | number of nan iterations:   0 |
[2026-08-28 16:41:43][INFO] iteration      824/    1000 | consumed samples:        79104 | elapsed time per iteration (ms): 2923.3 | throughput (samples/sec/per_device): 4.105 | learning rate: 2.823423E-06 | global batch size:    96 | action loss: 1.502046E-01 | loss scale: 1.0 | grad norm: 0.559061 | number of skipped iterations:   0 | number of nan iterations:   0 |
[2026-08-28 16:41:47][INFO] iteration      825/    1000 | consumed samples:        79200 | elapsed time per iteration (ms): 3795.8 | throughput (samples/sec/per_device): 3.161 | learning rate: 2.803295E-06 | global batch size:    96 | action loss: 1.635722E-01 | loss scale: 1.0 | grad norm: 0.532915 | number of skipped iterations:   0 | number of nan iterations:   0 |
[2026-08-28 16:41:49][INFO] iteration      826/    1000 | consumed samples:        79296 | elapsed time per iteration (ms): 2250.4 | throughput (samples/sec/per_device): 5.332 | learning rate: 2.783270E-06 | global batch size:    96 | action loss: 1.653213E-01 | loss scale: 1.0 | grad norm: 0.598899 | number of skipped iterations:   0 | number of nan iterations:   0 |
[2026-08-28 16:41:52][INFO] iteration      827/    1000 | consumed samples:        79392 | elapsed time per iteration (ms): 3070.2 | throughput (samples/sec/per_device): 3.909 | learning rate: 2.763347E-06 | global batch size:    96 | action loss: 1.662374E-01 | loss scale: 1.0 | grad norm: 0.562656 | number of skipped iterations:   0 | number of nan iterations:   0 |
[2026-08-28 16:41:55][INFO] iteration      828/    1000 | consumed samples:        79488 | elapsed time per iteration (ms): 2685.7 | throughput (samples/sec/per_device): 4.468 | learning rate: 2.743528E-06 | global batch size:    96 | action loss: 1.509821E-01 | loss scale: 1.0 | grad norm: 0.587396 | number of skipped iterations:   0 | number of nan iterations:   0 |
[2026-08-28 16:41:58][INFO] iteration      829/    1000 | consumed samples:        79584 | elapsed time per iteration (ms): 3360.7 | throughput (samples/sec/per_device): 3.571 | learning rate: 2.723812E-06 | global batch size:    96 | action loss: 1.564242E-01 | loss scale: 1.0 | grad norm: 0.595330 | number of skipped iterations:   0 | number of nan iterations:   0 |
[2026-08-28 16:42:02][INFO] iteration      830/    1000 | consumed samples:        79680 | elapsed time per iteration (ms): 3468.0 | throughput (samples/sec/per_device): 3.460 | learning rate: 2.704199E-06 | global batch size:    96 | action loss: 1.955246E-01 | loss scale: 1.0 | grad norm: 0.571305 | number of skipped iterations:   0 | number of nan iterations:   0 |
[2026-08-28 16:42:05][INFO] iteration      831/    1000 | consumed samples:        79776 | elapsed time per iteration (ms): 3432.4 | throughput (samples/sec/per_device): 3.496 | learning rate: 2.684690E-06 | global batch size:    96 | action loss: 1.496719E-01 | loss scale: 1.0 | grad norm: 0.562059 | number of skipped iterations:   0 | number of nan iterations:   0 |
[2026-08-28 16:42:09][INFO] iteration      832/    1000 | consumed samples:        79872 | elapsed time per iteration (ms): 3600.1 | throughput (samples/sec/per_device): 3.333 | learning rate: 2.665285E-06 | global batch size:    96 | action loss: 1.632670E-01 | loss scale: 1.0 | grad norm: 0.617401 | number of skipped iterations:   0 | number of nan iterations:   0 |
[2026-08-28 16:42:11][INFO] iteration      833/    1000 | consumed samples:        79968 | elapsed time per iteration (ms): 2324.0 | throughput (samples/sec/per_device): 5.164 | learning rate: 2.645984E-06 | global batch size:    96 | action loss: 1.655439E-01 | loss scale: 1.0 | grad norm: 0.590937 | number of skipped iterations:   0 | number of nan iterations:   0 |
[2026-08-28 16:42:13][INFO] iteration      834/    1000 | consumed samples:        80064 | elapsed time per iteration (ms): 2108.6 | throughput (samples/sec/per_device): 5.691 | learning rate: 2.626787E-06 | global batch size:    96 | action loss: 1.587452E-01 | loss scale: 1.0 | grad norm: 0.608659 | number of skipped iterations:   0 | number of nan iterations:   0 |
[2026-08-28 16:42:16][INFO] iteration      835/    1000 | consumed samples:        80160 | elapsed time per iteration (ms): 3285.6 | throughput (samples/sec/per_device): 3.652 | learning rate: 2.607695E-06 | global batch size:    96 | action loss: 1.693942E-01 | loss scale: 1.0 | grad norm: 0.618419 | number of skipped iterations:   0 | number of nan iterations:   0 |
[2026-08-28 16:42:20][INFO] iteration      836/    1000 | consumed samples:        80256 | elapsed time per iteration (ms): 3704.0 | throughput (samples/sec/per_device): 3.240 | learning rate: 2.588708E-06 | global batch size:    96 | action loss: 1.644907E-01 | loss scale: 1.0 | grad norm: 0.604557 | number of skipped iterations:   0 | number of nan iterations:   0 |
[2026-08-28 16:42:23][INFO] iteration      837/    1000 | consumed samples:        80352 | elapsed time per iteration (ms): 3334.6 | throughput (samples/sec/per_device): 3.599 | learning rate: 2.569825E-06 | global batch size:    96 | action loss: 1.644874E-01 | loss scale: 1.0 | grad norm: 0.595712 | number of skipped iterations:   0 | number of nan iterations:   0 |
[2026-08-28 16:42:26][INFO] iteration      838/    1000 | consumed samples:        80448 | elapsed time per iteration (ms): 2414.2 | throughput (samples/sec/per_device): 4.971 | learning rate: 2.551047E-06 | global batch size:    96 | action loss: 1.971177E-01 | loss scale: 1.0 | grad norm: 0.663250 | number of skipped iterations:   0 | number of nan iterations:   0 |
[2026-08-28 16:42:30][INFO] iteration      839/    1000 | consumed samples:        80544 | elapsed time per iteration (ms): 3931.3 | throughput (samples/sec/per_device): 3.052 | learning rate: 2.532375E-06 | global batch size:    96 | action loss: 1.561049E-01 | loss scale: 1.0 | grad norm: 0.598979 | number of skipped iterations:   0 | number of nan iterations:   0 |
[2026-08-28 16:42:32][INFO] iteration      840/    1000 | consumed samples:        80640 | elapsed time per iteration (ms): 2282.9 | throughput (samples/sec/per_device): 5.257 | learning rate: 2.513807E-06 | global batch size:    96 | action loss: 1.491241E-01 | loss scale: 1.0 | grad norm: 0.631402 | number of skipped iterations:   0 | number of nan iterations:   0 |
[2026-08-28 16:42:32][INFO] max time across ranks (ms):
    forward-backward................................: 2151.52
    forward-compute.................................: 626.19
    backward-compute................................: 1874.59
    batch-generator.................................: 1.41
    nan-grad-cleanup................................: 13.07
    grad-clip.......................................: 33.33
    optimizer.......................................: 84.58
    optimizer-inner-step............................: 83.46
    optimizer-scheduler-step........................: 1.06
    optimizer-zero-grad.............................: 0.55
[2026-08-28 16:42:34][INFO] iteration      841/    1000 | consumed samples:        80736 | elapsed time per iteration (ms): 2482.6 | throughput (samples/sec/per_device): 4.834 | learning rate: 2.495346E-06 | global batch size:    96 | action loss: 1.626077E-01 | loss scale: 1.0 | grad norm: 0.605396 | number of skipped iterations:   0 | number of nan iterations:   0 |
[2026-08-28 16:42:37][INFO] iteration      842/    1000 | consumed samples:        80832 | elapsed time per iteration (ms): 2767.1 | throughput (samples/sec/per_device): 4.337 | learning rate: 2.476990E-06 | global batch size:    96 | action loss: 1.584306E-01 | loss scale: 1.0 | grad norm: 0.581009 | number of skipped iterations:   0 | number of nan iterations:   0 |
[2026-08-28 16:42:40][INFO] iteration      843/    1000 | consumed samples:        80928 | elapsed time per iteration (ms): 2268.9 | throughput (samples/sec/per_device): 5.289 | learning rate: 2.458741E-06 | global batch size:    96 | action loss: 1.617363E-01 | loss scale: 1.0 | grad norm: 0.555480 | number of skipped iterations:   0 | number of nan iterations:   0 |
[2026-08-28 16:42:43][INFO] iteration      844/    1000 | consumed samples:        81024 | elapsed time per iteration (ms): 3660.3 | throughput (samples/sec/per_device): 3.278 | learning rate: 2.440597E-06 | global batch size:    96 | action loss: 1.672342E-01 | loss scale: 1.0 | grad norm: 0.566951 | number of skipped iterations:   0 | number of nan iterations:   0 |
[2026-08-28 16:42:46][INFO] iteration      845/    1000 | consumed samples:        81120 | elapsed time per iteration (ms): 2635.9 | throughput (samples/sec/per_device): 4.553 | learning rate: 2.422560E-06 | global batch size:    96 | action loss: 1.389228E-01 | loss scale: 1.0 | grad norm: 0.550612 | number of skipped iterations:   0 | number of nan iterations:   0 |
[2026-08-28 16:42:48][INFO] iteration      846/    1000 | consumed samples:        81216 | elapsed time per iteration (ms): 2489.6 | throughput (samples/sec/per_device): 4.820 | learning rate: 2.404629E-06 | global batch size:    96 | action loss: 1.697629E-01 | loss scale: 1.0 | grad norm: 0.569056 | number of skipped iterations:   0 | number of nan iterations:   0 |
[2026-08-28 16:42:51][INFO] iteration      847/    1000 | consumed samples:        81312 | elapsed time per iteration (ms): 2616.0 | throughput (samples/sec/per_device): 4.587 | learning rate: 2.386805E-06 | global batch size:    96 | action loss: 1.480287E-01 | loss scale: 1.0 | grad norm: 0.570028 | number of skipped iterations:   0 | number of nan iterations:   0 |
[2026-08-28 16:42:54][INFO] iteration      848/    1000 | consumed samples:        81408 | elapsed time per iteration (ms): 3009.5 | throughput (samples/sec/per_device): 3.987 | learning rate: 2.369088E-06 | global batch size:    96 | action loss: 1.533523E-01 | loss scale: 1.0 | grad norm: 0.564976 | number of skipped iterations:   0 | number of nan iterations:   0 |
[2026-08-28 16:42:57][INFO] iteration      849/    1000 | consumed samples:        81504 | elapsed time per iteration (ms): 2787.8 | throughput (samples/sec/per_device): 4.305 | learning rate: 2.351478E-06 | global batch size:    96 | action loss: 1.644868E-01 | loss scale: 1.0 | grad norm: 0.574424 | number of skipped iterations:   0 | number of nan iterations:   0 |
[2026-08-28 16:42:59][INFO] iteration      850/    1000 | consumed samples:        81600 | elapsed time per iteration (ms): 2255.3 | throughput (samples/sec/per_device): 5.321 | learning rate: 2.333975E-06 | global batch size:    96 | action loss: 1.875156E-01 | loss scale: 1.0 | grad norm: 0.571298 | number of skipped iterations:   0 | number of nan iterations:   0 |
[2026-08-28 16:42:59][INFO] PowerSGDPlusState restart: iter=749 compressed_iter=550 method=approximate rank=1 apply_exact=False
[2026-08-28 16:43:01][INFO] iteration      851/    1000 | consumed samples:        81696 | elapsed time per iteration (ms): 1520.1 | throughput (samples/sec/per_device): 7.894 | learning rate: 2.316579E-06 | global batch size:    96 | action loss: 1.592843E-01 | loss scale: 1.0 | grad norm: 0.653839 | number of skipped iterations:   0 | number of nan iterations:   0 |
[2026-08-28 16:43:08][INFO] iteration      852/    1000 | consumed samples:        81792 | elapsed time per iteration (ms): 7249.4 | throughput (samples/sec/per_device): 1.655 | learning rate: 2.299291E-06 | global batch size:    96 | action loss: 1.626273E-01 | loss scale: 1.0 | grad norm: 0.547769 | number of skipped iterations:   0 | number of nan iterations:   0 |
[2026-08-28 16:43:10][INFO] iteration      853/    1000 | consumed samples:        81888 | elapsed time per iteration (ms): 2198.3 | throughput (samples/sec/per_device): 5.459 | learning rate: 2.282111E-06 | global batch size:    96 | action loss: 1.617171E-01 | loss scale: 1.0 | grad norm: 0.564038 | number of skipped iterations:   0 | number of nan iterations:   0 |
[2026-08-28 16:43:11][INFO] iteration      854/    1000 | consumed samples:        81984 | elapsed time per iteration (ms): 1103.6 | throughput (samples/sec/per_device): 10.873 | learning rate: 2.265039E-06 | global batch size:    96 | action loss: 1.701663E-01 | loss scale: 1.0 | grad norm: 0.610338 | number of skipped iterations:   0 | number of nan iterations:   0 |
[2026-08-28 16:43:12][INFO] iteration      855/    1000 | consumed samples:        82080 | elapsed time per iteration (ms): 1214.2 | throughput (samples/sec/per_device): 9.883 | learning rate: 2.248075E-06 | global batch size:    96 | action loss: 1.565181E-01 | loss scale: 1.0 | grad norm: 0.591130 | number of skipped iterations:   0 | number of nan iterations:   0 |
[2026-08-28 16:43:14][INFO] iteration      856/    1000 | consumed samples:        82176 | elapsed time per iteration (ms): 1490.7 | throughput (samples/sec/per_device): 8.050 | learning rate: 2.231219E-06 | global batch size:    96 | action loss: 1.987627E-01 | loss scale: 1.0 | grad norm: 0.602707 | number of skipped iterations:   0 | number of nan iterations:   0 |
[2026-08-28 16:43:17][INFO] iteration      857/    1000 | consumed samples:        82272 | elapsed time per iteration (ms): 3460.0 | throughput (samples/sec/per_device): 3.468 | learning rate: 2.214471E-06 | global batch size:    96 | action loss: 1.454980E-01 | loss scale: 1.0 | grad norm: 0.556733 | number of skipped iterations:   0 | number of nan iterations:   0 |
[2026-08-28 16:43:19][INFO] iteration      858/    1000 | consumed samples:        82368 | elapsed time per iteration (ms): 1957.9 | throughput (samples/sec/per_device): 6.129 | learning rate: 2.197833E-06 | global batch size:    96 | action loss: 1.550622E-01 | loss scale: 1.0 | grad norm: 0.539071 | number of skipped iterations:   0 | number of nan iterations:   0 |
[2026-08-28 16:43:22][INFO] iteration      859/    1000 | consumed samples:        82464 | elapsed time per iteration (ms): 2416.0 | throughput (samples/sec/per_device): 4.967 | learning rate: 2.181303E-06 | global batch size:    96 | action loss: 1.748460E-01 | loss scale: 1.0 | grad norm: 0.537298 | number of skipped iterations:   0 | number of nan iterations:   0 |
[2026-08-28 16:43:25][INFO] iteration      860/    1000 | consumed samples:        82560 | elapsed time per iteration (ms): 2929.4 | throughput (samples/sec/per_device): 4.096 | learning rate: 2.164882E-06 | global batch size:    96 | action loss: 1.458554E-01 | loss scale: 1.0 | grad norm: 0.525882 | number of skipped iterations:   0 | number of nan iterations:   0 |
[2026-08-28 16:43:25][INFO] max time across ranks (ms):
    forward-backward................................: 2798.86
    forward-compute.................................: 1145.84
    backward-compute................................: 2522.89
    batch-generator.................................: 1.97
    nan-grad-cleanup................................: 13.14
    grad-clip.......................................: 33.56
    optimizer.......................................: 83.21
    optimizer-inner-step............................: 82.08
    optimizer-scheduler-step........................: 1.07
    optimizer-zero-grad.............................: 0.97
[2026-08-28 16:43:28][INFO] iteration      861/    1000 | consumed samples:        82656 | elapsed time per iteration (ms): 3263.5 | throughput (samples/sec/per_device): 3.677 | learning rate: 2.148570E-06 | global batch size:    96 | action loss: 1.270912E-01 | loss scale: 1.0 | grad norm: 0.513422 | number of skipped iterations:   0 | number of nan iterations:   0 |
[2026-08-28 16:43:31][INFO] iteration      862/    1000 | consumed samples:        82752 | elapsed time per iteration (ms): 2742.3 | throughput (samples/sec/per_device): 4.376 | learning rate: 2.132367E-06 | global batch size:    96 | action loss: 1.412241E-01 | loss scale: 1.0 | grad norm: 0.524443 | number of skipped iterations:   0 | number of nan iterations:   0 |
[2026-08-28 16:43:33][INFO] iteration      863/    1000 | consumed samples:        82848 | elapsed time per iteration (ms): 2288.8 | throughput (samples/sec/per_device): 5.243 | learning rate: 2.116274E-06 | global batch size:    96 | action loss: 1.661852E-01 | loss scale: 1.0 | grad norm: 0.558830 | number of skipped iterations:   0 | number of nan iterations:   0 |
[2026-08-28 16:43:36][INFO] iteration      864/    1000 | consumed samples:        82944 | elapsed time per iteration (ms): 2691.8 | throughput (samples/sec/per_device): 4.458 | learning rate: 2.100290E-06 | global batch size:    96 | action loss: 1.543805E-01 | loss scale: 1.0 | grad norm: 0.570045 | number of skipped iterations:   0 | number of nan iterations:   0 |
[2026-08-28 16:43:39][INFO] iteration      865/    1000 | consumed samples:        83040 | elapsed time per iteration (ms): 3069.7 | throughput (samples/sec/per_device): 3.909 | learning rate: 2.084416E-06 | global batch size:    96 | action loss: 1.578992E-01 | loss scale: 1.0 | grad norm: 0.549835 | number of skipped iterations:   0 | number of nan iterations:   0 |
[2026-08-28 16:43:41][INFO] iteration      866/    1000 | consumed samples:        83136 | elapsed time per iteration (ms): 2651.2 | throughput (samples/sec/per_device): 4.526 | learning rate: 2.068652E-06 | global batch size:    96 | action loss: 1.506976E-01 | loss scale: 1.0 | grad norm: 0.520429 | number of skipped iterations:   0 | number of nan iterations:   0 |
[2026-08-28 16:43:44][INFO] iteration      867/    1000 | consumed samples:        83232 | elapsed time per iteration (ms): 2861.1 | throughput (samples/sec/per_device): 4.194 | learning rate: 2.052998E-06 | global batch size:    96 | action loss: 1.441327E-01 | loss scale: 1.0 | grad norm: 0.506824 | number of skipped iterations:   0 | number of nan iterations:   0 |
[2026-08-28 16:43:47][INFO] iteration      868/    1000 | consumed samples:        83328 | elapsed time per iteration (ms): 2568.8 | throughput (samples/sec/per_device): 4.671 | learning rate: 2.037455E-06 | global batch size:    96 | action loss: 1.449570E-01 | loss scale: 1.0 | grad norm: 0.555393 | number of skipped iterations:   0 | number of nan iterations:   0 |
[2026-08-28 16:43:50][INFO] iteration      869/    1000 | consumed samples:        83424 | elapsed time per iteration (ms): 3469.7 | throughput (samples/sec/per_device): 3.459 | learning rate: 2.022021E-06 | global batch size:    96 | action loss: 1.569149E-01 | loss scale: 1.0 | grad norm: 0.562437 | number of skipped iterations:   0 | number of nan iterations:   0 |
[2026-08-28 16:43:53][INFO] iteration      870/    1000 | consumed samples:        83520 | elapsed time per iteration (ms): 2423.4 | throughput (samples/sec/per_device): 4.952 | learning rate: 2.006699E-06 | global batch size:    96 | action loss: 1.576737E-01 | loss scale: 1.0 | grad norm: 0.533339 | number of skipped iterations:   0 | number of nan iterations:   0 |
[2026-08-28 16:43:55][INFO] iteration      871/    1000 | consumed samples:        83616 | elapsed time per iteration (ms): 2678.9 | throughput (samples/sec/per_device): 4.479 | learning rate: 1.991486E-06 | global batch size:    96 | action loss: 1.373805E-01 | loss scale: 1.0 | grad norm: 0.536396 | number of skipped iterations:   0 | number of nan iterations:   0 |
[2026-08-28 16:43:58][INFO] iteration      872/    1000 | consumed samples:        83712 | elapsed time per iteration (ms): 2258.7 | throughput (samples/sec/per_device): 5.313 | learning rate: 1.976385E-06 | global batch size:    96 | action loss: 1.453275E-01 | loss scale: 1.0 | grad norm: 0.533486 | number of skipped iterations:   0 | number of nan iterations:   0 |
[2026-08-28 16:44:01][INFO] iteration      873/    1000 | consumed samples:        83808 | elapsed time per iteration (ms): 3959.6 | throughput (samples/sec/per_device): 3.031 | learning rate: 1.961395E-06 | global batch size:    96 | action loss: 1.565199E-01 | loss scale: 1.0 | grad norm: 0.522619 | number of skipped iterations:   0 | number of nan iterations:   0 |
[2026-08-28 16:44:05][INFO] iteration      874/    1000 | consumed samples:        83904 | elapsed time per iteration (ms): 3565.2 | throughput (samples/sec/per_device): 3.366 | learning rate: 1.946516E-06 | global batch size:    96 | action loss: 1.478162E-01 | loss scale: 1.0 | grad norm: 0.554887 | number of skipped iterations:   0 | number of nan iterations:   0 |
[2026-08-28 16:44:08][INFO] iteration      875/    1000 | consumed samples:        84000 | elapsed time per iteration (ms): 3450.6 | throughput (samples/sec/per_device): 3.478 | learning rate: 1.931748E-06 | global batch size:    96 | action loss: 1.384802E-01 | loss scale: 1.0 | grad norm: 0.548161 | number of skipped iterations:   0 | number of nan iterations:   0 |
[2026-08-28 16:44:13][INFO] iteration      876/    1000 | consumed samples:        84096 | elapsed time per iteration (ms): 4379.8 | throughput (samples/sec/per_device): 2.740 | learning rate: 1.917092E-06 | global batch size:    96 | action loss: 1.643199E-01 | loss scale: 1.0 | grad norm: 0.570383 | number of skipped iterations:   0 | number of nan iterations:   0 |
[2026-08-28 16:44:16][INFO] iteration      877/    1000 | consumed samples:        84192 | elapsed time per iteration (ms): 2695.1 | throughput (samples/sec/per_device): 4.453 | learning rate: 1.902548E-06 | global batch size:    96 | action loss: 1.456191E-01 | loss scale: 1.0 | grad norm: 0.550655 | number of skipped iterations:   0 | number of nan iterations:   0 |
[2026-08-28 16:44:19][INFO] iteration      878/    1000 | consumed samples:        84288 | elapsed time per iteration (ms): 3276.6 | throughput (samples/sec/per_device): 3.662 | learning rate: 1.888115E-06 | global batch size:    96 | action loss: 1.480466E-01 | loss scale: 1.0 | grad norm: 0.546623 | number of skipped iterations:   0 | number of nan iterations:   0 |
[2026-08-28 16:44:21][INFO] iteration      879/    1000 | consumed samples:        84384 | elapsed time per iteration (ms): 2558.3 | throughput (samples/sec/per_device): 4.691 | learning rate: 1.873794E-06 | global batch size:    96 | action loss: 1.569487E-01 | loss scale: 1.0 | grad norm: 0.588067 | number of skipped iterations:   0 | number of nan iterations:   0 |
[2026-08-28 16:44:25][INFO] iteration      880/    1000 | consumed samples:        84480 | elapsed time per iteration (ms): 3515.4 | throughput (samples/sec/per_device): 3.414 | learning rate: 1.859585E-06 | global batch size:    96 | action loss: 1.536754E-01 | loss scale: 1.0 | grad norm: 0.564386 | number of skipped iterations:   0 | number of nan iterations:   0 |
[2026-08-28 16:44:25][INFO] max time across ranks (ms):
    forward-backward................................: 3385.02
    forward-compute.................................: 385.54
    backward-compute................................: 3108.40
    batch-generator.................................: 1.76
    nan-grad-cleanup................................: 13.41
    grad-clip.......................................: 32.59
    optimizer.......................................: 84.94
    optimizer-inner-step............................: 83.95
    optimizer-scheduler-step........................: 0.97
    optimizer-zero-grad.............................: 0.91
[2026-08-28 16:44:28][INFO] iteration      881/    1000 | consumed samples:        84576 | elapsed time per iteration (ms): 2935.9 | throughput (samples/sec/per_device): 4.087 | learning rate: 1.845488E-06 | global batch size:    96 | action loss: 1.674770E-01 | loss scale: 1.0 | grad norm: 0.566574 | number of skipped iterations:   0 | number of nan iterations:   0 |
[2026-08-28 16:44:31][INFO] iteration      882/    1000 | consumed samples:        84672 | elapsed time per iteration (ms): 3062.8 | throughput (samples/sec/per_device): 3.918 | learning rate: 1.831504E-06 | global batch size:    96 | action loss: 1.633850E-01 | loss scale: 1.0 | grad norm: 0.554636 | number of skipped iterations:   0 | number of nan iterations:   0 |
[2026-08-28 16:44:34][INFO] iteration      883/    1000 | consumed samples:        84768 | elapsed time per iteration (ms): 3491.2 | throughput (samples/sec/per_device): 3.437 | learning rate: 1.817632E-06 | global batch size:    96 | action loss: 1.482130E-01 | loss scale: 1.0 | grad norm: 0.537585 | number of skipped iterations:   0 | number of nan iterations:   0 |
[2026-08-28 16:44:36][INFO] iteration      884/    1000 | consumed samples:        84864 | elapsed time per iteration (ms): 1901.7 | throughput (samples/sec/per_device): 6.310 | learning rate: 1.803872E-06 | global batch size:    96 | action loss: 1.269373E-01 | loss scale: 1.0 | grad norm: 0.563904 | number of skipped iterations:   0 | number of nan iterations:   0 |
[2026-08-28 16:44:39][INFO] iteration      885/    1000 | consumed samples:        84960 | elapsed time per iteration (ms): 2702.4 | throughput (samples/sec/per_device): 4.440 | learning rate: 1.790226E-06 | global batch size:    96 | action loss: 1.510153E-01 | loss scale: 1.0 | grad norm: 0.539958 | number of skipped iterations:   0 | number of nan iterations:   0 |
[2026-08-28 16:44:42][INFO] iteration      886/    1000 | consumed samples:        85056 | elapsed time per iteration (ms): 3219.0 | throughput (samples/sec/per_device): 3.728 | learning rate: 1.776692E-06 | global batch size:    96 | action loss: 1.998672E-01 | loss scale: 1.0 | grad norm: 0.538714 | number of skipped iterations:   0 | number of nan iterations:   0 |
[2026-08-28 16:44:46][INFO] iteration      887/    1000 | consumed samples:        85152 | elapsed time per iteration (ms): 3867.1 | throughput (samples/sec/per_device): 3.103 | learning rate: 1.763271E-06 | global batch size:    96 | action loss: 1.747349E-01 | loss scale: 1.0 | grad norm: 0.559226 | number of skipped iterations:   0 | number of nan iterations:   0 |
[2026-08-28 16:44:48][INFO] iteration      888/    1000 | consumed samples:        85248 | elapsed time per iteration (ms): 1995.8 | throughput (samples/sec/per_device): 6.013 | learning rate: 1.749964E-06 | global batch size:    96 | action loss: 1.715854E-01 | loss scale: 1.0 | grad norm: 0.583799 | number of skipped iterations:   0 | number of nan iterations:   0 |
[2026-08-28 16:44:51][INFO] iteration      889/    1000 | consumed samples:        85344 | elapsed time per iteration (ms): 3192.5 | throughput (samples/sec/per_device): 3.759 | learning rate: 1.736769E-06 | global batch size:    96 | action loss: 1.318458E-01 | loss scale: 1.0 | grad norm: 0.561888 | number of skipped iterations:   0 | number of nan iterations:   0 |
[2026-08-28 16:44:54][INFO] iteration      890/    1000 | consumed samples:        85440 | elapsed time per iteration (ms): 2380.0 | throughput (samples/sec/per_device): 5.042 | learning rate: 1.723689E-06 | global batch size:    96 | action loss: 1.422337E-01 | loss scale: 1.0 | grad norm: 0.517263 | number of skipped iterations:   0 | number of nan iterations:   0 |
[2026-08-28 16:44:58][INFO] iteration      891/    1000 | consumed samples:        85536 | elapsed time per iteration (ms): 4004.1 | throughput (samples/sec/per_device): 2.997 | learning rate: 1.710721E-06 | global batch size:    96 | action loss: 1.493339E-01 | loss scale: 1.0 | grad norm: 0.525971 | number of skipped iterations:   0 | number of nan iterations:   0 |
[2026-08-28 16:45:00][INFO] iteration      892/    1000 | consumed samples:        85632 | elapsed time per iteration (ms): 2087.4 | throughput (samples/sec/per_device): 5.749 | learning rate: 1.697868E-06 | global batch size:    96 | action loss: 1.619494E-01 | loss scale: 1.0 | grad norm: 0.530040 | number of skipped iterations:   0 | number of nan iterations:   0 |
[2026-08-28 16:45:02][INFO] iteration      893/    1000 | consumed samples:        85728 | elapsed time per iteration (ms): 2253.6 | throughput (samples/sec/per_device): 5.325 | learning rate: 1.685128E-06 | global batch size:    96 | action loss: 1.543577E-01 | loss scale: 1.0 | grad norm: 0.553953 | number of skipped iterations:   0 | number of nan iterations:   0 |
[2026-08-28 16:45:05][INFO] iteration      894/    1000 | consumed samples:        85824 | elapsed time per iteration (ms): 2846.9 | throughput (samples/sec/per_device): 4.215 | learning rate: 1.672502E-06 | global batch size:    96 | action loss: 1.288614E-01 | loss scale: 1.0 | grad norm: 0.534569 | number of skipped iterations:   0 | number of nan iterations:   0 |
[2026-08-28 16:45:09][INFO] iteration      895/    1000 | consumed samples:        85920 | elapsed time per iteration (ms): 3618.2 | throughput (samples/sec/per_device): 3.317 | learning rate: 1.659990E-06 | global batch size:    96 | action loss: 1.479274E-01 | loss scale: 1.0 | grad norm: 0.576906 | number of skipped iterations:   0 | number of nan iterations:   0 |
[2026-08-28 16:45:13][INFO] iteration      896/    1000 | consumed samples:        86016 | elapsed time per iteration (ms): 4351.1 | throughput (samples/sec/per_device): 2.758 | learning rate: 1.647593E-06 | global batch size:    96 | action loss: 1.532540E-01 | loss scale: 1.0 | grad norm: 0.544399 | number of skipped iterations:   0 | number of nan iterations:   0 |
[2026-08-28 16:45:16][INFO] iteration      897/    1000 | consumed samples:        86112 | elapsed time per iteration (ms): 2878.4 | throughput (samples/sec/per_device): 4.169 | learning rate: 1.635309E-06 | global batch size:    96 | action loss: 1.777247E-01 | loss scale: 1.0 | grad norm: 0.561529 | number of skipped iterations:   0 | number of nan iterations:   0 |
[2026-08-28 16:45:18][INFO] iteration      898/    1000 | consumed samples:        86208 | elapsed time per iteration (ms): 2598.8 | throughput (samples/sec/per_device): 4.618 | learning rate: 1.623140E-06 | global batch size:    96 | action loss: 1.526776E-01 | loss scale: 1.0 | grad norm: 0.564733 | number of skipped iterations:   0 | number of nan iterations:   0 |
[2026-08-28 16:45:22][INFO] iteration      899/    1000 | consumed samples:        86304 | elapsed time per iteration (ms): 4095.9 | throughput (samples/sec/per_device): 2.930 | learning rate: 1.611086E-06 | global batch size:    96 | action loss: 1.473085E-01 | loss scale: 1.0 | grad norm: 0.531017 | number of skipped iterations:   0 | number of nan iterations:   0 |
[2026-08-28 16:45:25][INFO] iteration      900/    1000 | consumed samples:        86400 | elapsed time per iteration (ms): 2712.9 | throughput (samples/sec/per_device): 4.423 | learning rate: 1.599147E-06 | global batch size:    96 | action loss: 1.526037E-01 | loss scale: 1.0 | grad norm: 0.526116 | number of skipped iterations:   0 | number of nan iterations:   0 |
[2026-08-28 16:45:25][INFO] max time across ranks (ms):
    forward-backward................................: 2571.33
    forward-compute.................................: 1375.70
    backward-compute................................: 2291.34
    batch-generator.................................: 3.17
    nan-grad-cleanup................................: 14.54
    grad-clip.......................................: 39.51
    optimizer.......................................: 93.67
    optimizer-inner-step............................: 92.55
    optimizer-scheduler-step........................: 2.12
    optimizer-zero-grad.............................: 0.53
[2026-08-28 16:45:25][INFO] PowerSGDPlusState restart: iter=799 compressed_iter=600 method=approximate rank=1 apply_exact=False
[2026-08-28 16:45:27][INFO] iteration      901/    1000 | consumed samples:        86496 | elapsed time per iteration (ms): 1791.8 | throughput (samples/sec/per_device): 6.697 | learning rate: 1.587322E-06 | global batch size:    96 | action loss: 1.548015E-01 | loss scale: 1.0 | grad norm: 0.645023 | number of skipped iterations:   0 | number of nan iterations:   0 |
[2026-08-28 16:45:32][INFO] iteration      902/    1000 | consumed samples:        86592 | elapsed time per iteration (ms): 5043.0 | throughput (samples/sec/per_device): 2.380 | learning rate: 1.575612E-06 | global batch size:    96 | action loss: 1.793741E-01 | loss scale: 1.0 | grad norm: 0.624168 | number of skipped iterations:   0 | number of nan iterations:   0 |
[2026-08-28 16:45:34][INFO] iteration      903/    1000 | consumed samples:        86688 | elapsed time per iteration (ms): 2218.5 | throughput (samples/sec/per_device): 5.409 | learning rate: 1.564017E-06 | global batch size:    96 | action loss: 1.406340E-01 | loss scale: 1.0 | grad norm: 0.615369 | number of skipped iterations:   0 | number of nan iterations:   0 |
[2026-08-28 16:45:35][INFO] iteration      904/    1000 | consumed samples:        86784 | elapsed time per iteration (ms): 1125.2 | throughput (samples/sec/per_device): 10.665 | learning rate: 1.552537E-06 | global batch size:    96 | action loss: 1.872337E-01 | loss scale: 1.0 | grad norm: 0.571745 | number of skipped iterations:   0 | number of nan iterations:   0 |
[2026-08-28 16:45:37][INFO] iteration      905/    1000 | consumed samples:        86880 | elapsed time per iteration (ms): 1219.4 | throughput (samples/sec/per_device): 9.841 | learning rate: 1.541173E-06 | global batch size:    96 | action loss: 1.623750E-01 | loss scale: 1.0 | grad norm: 0.602645 | number of skipped iterations:   0 | number of nan iterations:   0 |
[2026-08-28 16:45:38][INFO] iteration      906/    1000 | consumed samples:        86976 | elapsed time per iteration (ms): 1484.4 | throughput (samples/sec/per_device): 8.084 | learning rate: 1.529924E-06 | global batch size:    96 | action loss: 1.681949E-01 | loss scale: 1.0 | grad norm: 0.612715 | number of skipped iterations:   0 | number of nan iterations:   0 |
[2026-08-28 16:45:40][INFO] iteration      907/    1000 | consumed samples:        87072 | elapsed time per iteration (ms): 2446.8 | throughput (samples/sec/per_device): 4.904 | learning rate: 1.518791E-06 | global batch size:    96 | action loss: 1.523434E-01 | loss scale: 1.0 | grad norm: 0.543792 | number of skipped iterations:   0 | number of nan iterations:   0 |
[2026-08-28 16:45:44][INFO] iteration      908/    1000 | consumed samples:        87168 | elapsed time per iteration (ms): 3162.9 | throughput (samples/sec/per_device): 3.794 | learning rate: 1.507773E-06 | global batch size:    96 | action loss: 1.259742E-01 | loss scale: 1.0 | grad norm: 0.532928 | number of skipped iterations:   0 | number of nan iterations:   0 |
[2026-08-28 16:45:46][INFO] iteration      909/    1000 | consumed samples:        87264 | elapsed time per iteration (ms): 2329.4 | throughput (samples/sec/per_device): 5.152 | learning rate: 1.496871E-06 | global batch size:    96 | action loss: 1.543269E-01 | loss scale: 1.0 | grad norm: 0.560775 | number of skipped iterations:   0 | number of nan iterations:   0 |
[2026-08-28 16:45:48][INFO] iteration      910/    1000 | consumed samples:        87360 | elapsed time per iteration (ms): 2107.8 | throughput (samples/sec/per_device): 5.693 | learning rate: 1.486084E-06 | global batch size:    96 | action loss: 1.597043E-01 | loss scale: 1.0 | grad norm: 0.547388 | number of skipped iterations:   0 | number of nan iterations:   0 |
[2026-08-28 16:45:50][INFO] iteration      911/    1000 | consumed samples:        87456 | elapsed time per iteration (ms): 2198.8 | throughput (samples/sec/per_device): 5.458 | learning rate: 1.475414E-06 | global batch size:    96 | action loss: 1.571998E-01 | loss scale: 1.0 | grad norm: 0.586086 | number of skipped iterations:   0 | number of nan iterations:   0 |
[2026-08-28 16:45:54][INFO] iteration      912/    1000 | consumed samples:        87552 | elapsed time per iteration (ms): 3719.0 | throughput (samples/sec/per_device): 3.227 | learning rate: 1.464860E-06 | global batch size:    96 | action loss: 1.754157E-01 | loss scale: 1.0 | grad norm: 0.526825 | number of skipped iterations:   0 | number of nan iterations:   0 |
[2026-08-28 16:45:56][INFO] iteration      913/    1000 | consumed samples:        87648 | elapsed time per iteration (ms): 1993.3 | throughput (samples/sec/per_device): 6.020 | learning rate: 1.454421E-06 | global batch size:    96 | action loss: 1.656196E-01 | loss scale: 1.0 | grad norm: 0.552045 | number of skipped iterations:   0 | number of nan iterations:   0 |
[2026-08-28 16:45:59][INFO] iteration      914/    1000 | consumed samples:        87744 | elapsed time per iteration (ms): 2672.7 | throughput (samples/sec/per_device): 4.490 | learning rate: 1.444100E-06 | global batch size:    96 | action loss: 1.293539E-01 | loss scale: 1.0 | grad norm: 0.553865 | number of skipped iterations:   0 | number of nan iterations:   0 |
[2026-08-28 16:46:01][INFO] iteration      915/    1000 | consumed samples:        87840 | elapsed time per iteration (ms): 2250.6 | throughput (samples/sec/per_device): 5.332 | learning rate: 1.433894E-06 | global batch size:    96 | action loss: 1.479420E-01 | loss scale: 1.0 | grad norm: 0.547968 | number of skipped iterations:   0 | number of nan iterations:   0 |
[2026-08-28 16:46:04][INFO] iteration      916/    1000 | consumed samples:        87936 | elapsed time per iteration (ms): 2893.7 | throughput (samples/sec/per_device): 4.147 | learning rate: 1.423805E-06 | global batch size:    96 | action loss: 1.802447E-01 | loss scale: 1.0 | grad norm: 0.552572 | number of skipped iterations:   0 | number of nan iterations:   0 |
[2026-08-28 16:46:07][INFO] iteration      917/    1000 | consumed samples:        88032 | elapsed time per iteration (ms): 2862.7 | throughput (samples/sec/per_device): 4.192 | learning rate: 1.413833E-06 | global batch size:    96 | action loss: 1.522269E-01 | loss scale: 1.0 | grad norm: 0.565852 | number of skipped iterations:   0 | number of nan iterations:   0 |
[2026-08-28 16:46:09][INFO] iteration      918/    1000 | consumed samples:        88128 | elapsed time per iteration (ms): 2774.7 | throughput (samples/sec/per_device): 4.325 | learning rate: 1.403977E-06 | global batch size:    96 | action loss: 1.789474E-01 | loss scale: 1.0 | grad norm: 0.570236 | number of skipped iterations:   0 | number of nan iterations:   0 |
[2026-08-28 16:46:12][INFO] iteration      919/    1000 | consumed samples:        88224 | elapsed time per iteration (ms): 2285.0 | throughput (samples/sec/per_device): 5.252 | learning rate: 1.394238E-06 | global batch size:    96 | action loss: 1.538815E-01 | loss scale: 1.0 | grad norm: 0.549262 | number of skipped iterations:   0 | number of nan iterations:   0 |
[2026-08-28 16:46:16][INFO] iteration      920/    1000 | consumed samples:        88320 | elapsed time per iteration (ms): 4008.6 | throughput (samples/sec/per_device): 2.994 | learning rate: 1.384616E-06 | global batch size:    96 | action loss: 1.335402E-01 | loss scale: 1.0 | grad norm: 0.531734 | number of skipped iterations:   0 | number of nan iterations:   0 |
[2026-08-28 16:46:16][INFO] max time across ranks (ms):
    forward-backward................................: 3877.17
    forward-compute.................................: 568.66
    backward-compute................................: 3600.96
    batch-generator.................................: 1.89
    nan-grad-cleanup................................: 13.29
    grad-clip.......................................: 32.80
    optimizer.......................................: 84.25
    optimizer-inner-step............................: 83.17
    optimizer-scheduler-step........................: 1.06
    optimizer-zero-grad.............................: 1.03
[2026-08-28 16:46:19][INFO] iteration      921/    1000 | consumed samples:        88416 | elapsed time per iteration (ms): 3114.4 | throughput (samples/sec/per_device): 3.853 | learning rate: 1.375110E-06 | global batch size:    96 | action loss: 1.633573E-01 | loss scale: 1.0 | grad norm: 0.569848 | number of skipped iterations:   0 | number of nan iterations:   0 |
[2026-08-28 16:46:22][INFO] iteration      922/    1000 | consumed samples:        88512 | elapsed time per iteration (ms): 2720.9 | throughput (samples/sec/per_device): 4.410 | learning rate: 1.365722E-06 | global batch size:    96 | action loss: 1.598577E-01 | loss scale: 1.0 | grad norm: 0.593389 | number of skipped iterations:   0 | number of nan iterations:   0 |
[2026-08-28 16:46:24][INFO] iteration      923/    1000 | consumed samples:        88608 | elapsed time per iteration (ms): 2356.0 | throughput (samples/sec/per_device): 5.093 | learning rate: 1.356451E-06 | global batch size:    96 | action loss: 2.049190E-01 | loss scale: 1.0 | grad norm: 0.577637 | number of skipped iterations:   0 | number of nan iterations:   0 |
[2026-08-28 16:46:27][INFO] iteration      924/    1000 | consumed samples:        88704 | elapsed time per iteration (ms): 3091.3 | throughput (samples/sec/per_device): 3.882 | learning rate: 1.347298E-06 | global batch size:    96 | action loss: 1.519568E-01 | loss scale: 1.0 | grad norm: 0.522564 | number of skipped iterations:   0 | number of nan iterations:   0 |
[2026-08-28 16:46:30][INFO] iteration      925/    1000 | consumed samples:        88800 | elapsed time per iteration (ms): 3230.6 | throughput (samples/sec/per_device): 3.714 | learning rate: 1.338261E-06 | global batch size:    96 | action loss: 1.374086E-01 | loss scale: 1.0 | grad norm: 0.543952 | number of skipped iterations:   0 | number of nan iterations:   0 |
[2026-08-28 16:46:33][INFO] iteration      926/    1000 | consumed samples:        88896 | elapsed time per iteration (ms): 2448.8 | throughput (samples/sec/per_device): 4.900 | learning rate: 1.329342E-06 | global batch size:    96 | action loss: 1.436069E-01 | loss scale: 1.0 | grad norm: 0.533547 | number of skipped iterations:   0 | number of nan iterations:   0 |
[2026-08-28 16:46:36][INFO] iteration      927/    1000 | consumed samples:        88992 | elapsed time per iteration (ms): 3205.2 | throughput (samples/sec/per_device): 3.744 | learning rate: 1.320541E-06 | global batch size:    96 | action loss: 1.498561E-01 | loss scale: 1.0 | grad norm: 0.536714 | number of skipped iterations:   0 | number of nan iterations:   0 |
[2026-08-28 16:46:40][INFO] iteration      928/    1000 | consumed samples:        89088 | elapsed time per iteration (ms): 3843.9 | throughput (samples/sec/per_device): 3.122 | learning rate: 1.311857E-06 | global batch size:    96 | action loss: 1.591369E-01 | loss scale: 1.0 | grad norm: 0.590327 | number of skipped iterations:   0 | number of nan iterations:   0 |
[2026-08-28 16:46:43][INFO] iteration      929/    1000 | consumed samples:        89184 | elapsed time per iteration (ms): 2879.2 | throughput (samples/sec/per_device): 4.168 | learning rate: 1.303291E-06 | global batch size:    96 | action loss: 1.722468E-01 | loss scale: 1.0 | grad norm: 0.583461 | number of skipped iterations:   0 | number of nan iterations:   0 |
[2026-08-28 16:46:46][INFO] iteration      930/    1000 | consumed samples:        89280 | elapsed time per iteration (ms): 3050.4 | throughput (samples/sec/per_device): 3.934 | learning rate: 1.294843E-06 | global batch size:    96 | action loss: 1.649603E-01 | loss scale: 1.0 | grad norm: 0.587213 | number of skipped iterations:   0 | number of nan iterations:   0 |
[2026-08-28 16:46:48][INFO] iteration      931/    1000 | consumed samples:        89376 | elapsed time per iteration (ms): 2311.6 | throughput (samples/sec/per_device): 5.191 | learning rate: 1.286512E-06 | global batch size:    96 | action loss: 1.712889E-01 | loss scale: 1.0 | grad norm: 0.563347 | number of skipped iterations:   0 | number of nan iterations:   0 |
[2026-08-28 16:46:51][INFO] iteration      932/    1000 | consumed samples:        89472 | elapsed time per iteration (ms): 3418.6 | throughput (samples/sec/per_device): 3.510 | learning rate: 1.278300E-06 | global batch size:    96 | action loss: 1.477026E-01 | loss scale: 1.0 | grad norm: 0.536230 | number of skipped iterations:   0 | number of nan iterations:   0 |
[2026-08-28 16:46:54][INFO] iteration      933/    1000 | consumed samples:        89568 | elapsed time per iteration (ms): 2943.5 | throughput (samples/sec/per_device): 4.077 | learning rate: 1.270205E-06 | global batch size:    96 | action loss: 1.415148E-01 | loss scale: 1.0 | grad norm: 0.537103 | number of skipped iterations:   0 | number of nan iterations:   0 |
[2026-08-28 16:46:57][INFO] iteration      934/    1000 | consumed samples:        89664 | elapsed time per iteration (ms): 2256.5 | throughput (samples/sec/per_device): 5.318 | learning rate: 1.262229E-06 | global batch size:    96 | action loss: 1.412963E-01 | loss scale: 1.0 | grad norm: 0.585071 | number of skipped iterations:   0 | number of nan iterations:   0 |
[2026-08-28 16:47:00][INFO] iteration      935/    1000 | consumed samples:        89760 | elapsed time per iteration (ms): 3159.5 | throughput (samples/sec/per_device): 3.798 | learning rate: 1.254371E-06 | global batch size:    96 | action loss: 1.637686E-01 | loss scale: 1.0 | grad norm: 0.577294 | number of skipped iterations:   0 | number of nan iterations:   0 |
[2026-08-28 16:47:04][INFO] iteration      936/    1000 | consumed samples:        89856 | elapsed time per iteration (ms): 4176.5 | throughput (samples/sec/per_device): 2.873 | learning rate: 1.246631E-06 | global batch size:    96 | action loss: 1.637776E-01 | loss scale: 1.0 | grad norm: 0.565237 | number of skipped iterations:   0 | number of nan iterations:   0 |
[2026-08-28 16:47:06][INFO] iteration      937/    1000 | consumed samples:        89952 | elapsed time per iteration (ms): 2389.1 | throughput (samples/sec/per_device): 5.023 | learning rate: 1.239009E-06 | global batch size:    96 | action loss: 2.107769E-01 | loss scale: 1.0 | grad norm: 0.567404 | number of skipped iterations:   0 | number of nan iterations:   0 |
[2026-08-28 16:47:09][INFO] iteration      938/    1000 | consumed samples:        90048 | elapsed time per iteration (ms): 2947.8 | throughput (samples/sec/per_device): 4.071 | learning rate: 1.231506E-06 | global batch size:    96 | action loss: 1.761378E-01 | loss scale: 1.0 | grad norm: 0.558342 | number of skipped iterations:   0 | number of nan iterations:   0 |
[2026-08-28 16:47:12][INFO] iteration      939/    1000 | consumed samples:        90144 | elapsed time per iteration (ms): 2835.0 | throughput (samples/sec/per_device): 4.233 | learning rate: 1.224122E-06 | global batch size:    96 | action loss: 1.714546E-01 | loss scale: 1.0 | grad norm: 0.550284 | number of skipped iterations:   0 | number of nan iterations:   0 |
[2026-08-28 16:47:15][INFO] iteration      940/    1000 | consumed samples:        90240 | elapsed time per iteration (ms): 3037.7 | throughput (samples/sec/per_device): 3.950 | learning rate: 1.216856E-06 | global batch size:    96 | action loss: 1.679706E-01 | loss scale: 1.0 | grad norm: 0.543191 | number of skipped iterations:   0 | number of nan iterations:   0 |
[2026-08-28 16:47:15][INFO] max time across ranks (ms):
    forward-backward................................: 2901.92
    forward-compute.................................: 1456.99
    backward-compute................................: 2620.68
    batch-generator.................................: 1.76
    nan-grad-cleanup................................: 14.07
    grad-clip.......................................: 33.20
    optimizer.......................................: 88.62
    optimizer-inner-step............................: 86.68
    optimizer-scheduler-step........................: 2.00
    optimizer-zero-grad.............................: 0.89
[2026-08-28 16:47:20][INFO] iteration      941/    1000 | consumed samples:        90336 | elapsed time per iteration (ms): 4753.5 | throughput (samples/sec/per_device): 2.524 | learning rate: 1.209708E-06 | global batch size:    96 | action loss: 1.478327E-01 | loss scale: 1.0 | grad norm: 0.611708 | number of skipped iterations:   0 | number of nan iterations:   0 |
[2026-08-28 16:47:22][INFO] iteration      942/    1000 | consumed samples:        90432 | elapsed time per iteration (ms): 2458.1 | throughput (samples/sec/per_device): 4.882 | learning rate: 1.202680E-06 | global batch size:    96 | action loss: 2.051034E-01 | loss scale: 1.0 | grad norm: 0.634424 | number of skipped iterations:   0 | number of nan iterations:   0 |
[2026-08-28 16:47:26][INFO] iteration      943/    1000 | consumed samples:        90528 | elapsed time per iteration (ms): 3907.2 | throughput (samples/sec/per_device): 3.071 | learning rate: 1.195770E-06 | global batch size:    96 | action loss: 1.538161E-01 | loss scale: 1.0 | grad norm: 0.579589 | number of skipped iterations:   0 | number of nan iterations:   0 |
[2026-08-28 16:47:29][INFO] iteration      944/    1000 | consumed samples:        90624 | elapsed time per iteration (ms): 2963.1 | throughput (samples/sec/per_device): 4.050 | learning rate: 1.188979E-06 | global batch size:    96 | action loss: 1.405438E-01 | loss scale: 1.0 | grad norm: 0.556038 | number of skipped iterations:   0 | number of nan iterations:   0 |
[2026-08-28 16:47:31][INFO] iteration      945/    1000 | consumed samples:        90720 | elapsed time per iteration (ms): 2172.2 | throughput (samples/sec/per_device): 5.524 | learning rate: 1.182307E-06 | global batch size:    96 | action loss: 1.357684E-01 | loss scale: 1.0 | grad norm: 0.531046 | number of skipped iterations:   0 | number of nan iterations:   0 |
[2026-08-28 16:47:34][INFO] iteration      946/    1000 | consumed samples:        90816 | elapsed time per iteration (ms): 2729.5 | throughput (samples/sec/per_device): 4.396 | learning rate: 1.175754E-06 | global batch size:    96 | action loss: 1.610948E-01 | loss scale: 1.0 | grad norm: 0.576438 | number of skipped iterations:   0 | number of nan iterations:   0 |
[2026-08-28 16:47:38][INFO] iteration      947/    1000 | consumed samples:        90912 | elapsed time per iteration (ms): 3588.9 | throughput (samples/sec/per_device): 3.344 | learning rate: 1.169320E-06 | global batch size:    96 | action loss: 1.422130E-01 | loss scale: 1.0 | grad norm: 0.541180 | number of skipped iterations:   0 | number of nan iterations:   0 |
[2026-08-28 16:47:40][INFO] iteration      948/    1000 | consumed samples:        91008 | elapsed time per iteration (ms): 2409.1 | throughput (samples/sec/per_device): 4.981 | learning rate: 1.163005E-06 | global batch size:    96 | action loss: 1.463961E-01 | loss scale: 1.0 | grad norm: 0.531021 | number of skipped iterations:   0 | number of nan iterations:   0 |
[2026-08-28 16:47:43][INFO] iteration      949/    1000 | consumed samples:        91104 | elapsed time per iteration (ms): 2753.3 | throughput (samples/sec/per_device): 4.358 | learning rate: 1.156810E-06 | global batch size:    96 | action loss: 1.436740E-01 | loss scale: 1.0 | grad norm: 0.542161 | number of skipped iterations:   0 | number of nan iterations:   0 |
[2026-08-28 16:47:45][INFO] iteration      950/    1000 | consumed samples:        91200 | elapsed time per iteration (ms): 2530.1 | throughput (samples/sec/per_device): 4.743 | learning rate: 1.150733E-06 | global batch size:    96 | action loss: 1.654369E-01 | loss scale: 1.0 | grad norm: 0.551036 | number of skipped iterations:   0 | number of nan iterations:   0 |
[2026-08-28 16:47:46][INFO] PowerSGDPlusState restart: iter=849 compressed_iter=650 method=approximate rank=1 apply_exact=False
[2026-08-28 16:47:47][INFO] iteration      951/    1000 | consumed samples:        91296 | elapsed time per iteration (ms): 1926.5 | throughput (samples/sec/per_device): 6.229 | learning rate: 1.144776E-06 | global batch size:    96 | action loss: 1.569260E-01 | loss scale: 1.0 | grad norm: 0.627776 | number of skipped iterations:   0 | number of nan iterations:   0 |
[2026-08-28 16:47:51][INFO] iteration      952/    1000 | consumed samples:        91392 | elapsed time per iteration (ms): 3919.6 | throughput (samples/sec/per_device): 3.062 | learning rate: 1.138939E-06 | global batch size:    96 | action loss: 1.509702E-01 | loss scale: 1.0 | grad norm: 0.588214 | number of skipped iterations:   0 | number of nan iterations:   0 |
[2026-08-28 16:47:54][INFO] iteration      953/    1000 | consumed samples:        91488 | elapsed time per iteration (ms): 2232.9 | throughput (samples/sec/per_device): 5.374 | learning rate: 1.133221E-06 | global batch size:    96 | action loss: 1.517230E-01 | loss scale: 1.0 | grad norm: 0.602744 | number of skipped iterations:   0 | number of nan iterations:   0 |
[2026-08-28 16:47:55][INFO] iteration      954/    1000 | consumed samples:        91584 | elapsed time per iteration (ms): 1128.8 | throughput (samples/sec/per_device): 10.631 | learning rate: 1.127622E-06 | global batch size:    96 | action loss: 1.598188E-01 | loss scale: 1.0 | grad norm: 0.567441 | number of skipped iterations:   0 | number of nan iterations:   0 |
[2026-08-28 16:47:56][INFO] iteration      955/    1000 | consumed samples:        91680 | elapsed time per iteration (ms): 1222.6 | throughput (samples/sec/per_device): 9.815 | learning rate: 1.122143E-06 | global batch size:    96 | action loss: 1.641043E-01 | loss scale: 1.0 | grad norm: 0.712688 | number of skipped iterations:   0 | number of nan iterations:   0 |
[2026-08-28 16:47:57][INFO] iteration      956/    1000 | consumed samples:        91776 | elapsed time per iteration (ms): 1499.6 | throughput (samples/sec/per_device): 8.002 | learning rate: 1.116783E-06 | global batch size:    96 | action loss: 1.542617E-01 | loss scale: 1.0 | grad norm: 0.606712 | number of skipped iterations:   0 | number of nan iterations:   0 |
[2026-08-28 16:48:01][INFO] iteration      957/    1000 | consumed samples:        91872 | elapsed time per iteration (ms): 3364.7 | throughput (samples/sec/per_device): 3.566 | learning rate: 1.111543E-06 | global batch size:    96 | action loss: 1.534982E-01 | loss scale: 1.0 | grad norm: 0.567919 | number of skipped iterations:   0 | number of nan iterations:   0 |
[2026-08-28 16:48:03][INFO] iteration      958/    1000 | consumed samples:        91968 | elapsed time per iteration (ms): 2005.0 | throughput (samples/sec/per_device): 5.985 | learning rate: 1.106423E-06 | global batch size:    96 | action loss: 1.671418E-01 | loss scale: 1.0 | grad norm: 0.591852 | number of skipped iterations:   0 | number of nan iterations:   0 |
[2026-08-28 16:48:06][INFO] iteration      959/    1000 | consumed samples:        92064 | elapsed time per iteration (ms): 2786.8 | throughput (samples/sec/per_device): 4.306 | learning rate: 1.101423E-06 | global batch size:    96 | action loss: 1.687000E-01 | loss scale: 1.0 | grad norm: 0.592168 | number of skipped iterations:   0 | number of nan iterations:   0 |
[2026-08-28 16:48:08][INFO] iteration      960/    1000 | consumed samples:        92160 | elapsed time per iteration (ms): 2603.9 | throughput (samples/sec/per_device): 4.609 | learning rate: 1.096542E-06 | global batch size:    96 | action loss: 1.685233E-01 | loss scale: 1.0 | grad norm: 0.552248 | number of skipped iterations:   0 | number of nan iterations:   0 |
[2026-08-28 16:48:08][INFO] max time across ranks (ms):
    forward-backward................................: 2472.34
    forward-compute.................................: 1124.29
    backward-compute................................: 2194.05
    batch-generator.................................: 1.94
    nan-grad-cleanup................................: 13.36
    grad-clip.......................................: 33.24
    optimizer.......................................: 84.10
    optimizer-inner-step............................: 82.99
    optimizer-scheduler-step........................: 1.10
    optimizer-zero-grad.............................: 1.25
[2026-08-28 16:48:11][INFO] iteration      961/    1000 | consumed samples:        92256 | elapsed time per iteration (ms): 3132.9 | throughput (samples/sec/per_device): 3.830 | learning rate: 1.091782E-06 | global batch size:    96 | action loss: 1.468869E-01 | loss scale: 1.0 | grad norm: 0.565224 | number of skipped iterations:   0 | number of nan iterations:   0 |
[2026-08-28 16:48:14][INFO] iteration      962/    1000 | consumed samples:        92352 | elapsed time per iteration (ms): 2831.6 | throughput (samples/sec/per_device): 4.238 | learning rate: 1.087141E-06 | global batch size:    96 | action loss: 1.732585E-01 | loss scale: 1.0 | grad norm: 0.549959 | number of skipped iterations:   0 | number of nan iterations:   0 |
[2026-08-28 16:48:16][INFO] iteration      963/    1000 | consumed samples:        92448 | elapsed time per iteration (ms): 2301.5 | throughput (samples/sec/per_device): 5.214 | learning rate: 1.082620E-06 | global batch size:    96 | action loss: 1.360538E-01 | loss scale: 1.0 | grad norm: 0.535424 | number of skipped iterations:   0 | number of nan iterations:   0 |
[2026-08-28 16:48:20][INFO] iteration      964/    1000 | consumed samples:        92544 | elapsed time per iteration (ms): 3563.1 | throughput (samples/sec/per_device): 3.368 | learning rate: 1.078219E-06 | global batch size:    96 | action loss: 1.478168E-01 | loss scale: 1.0 | grad norm: 0.531894 | number of skipped iterations:   0 | number of nan iterations:   0 |
[2026-08-28 16:48:25][INFO] iteration      965/    1000 | consumed samples:        92640 | elapsed time per iteration (ms): 4516.0 | throughput (samples/sec/per_device): 2.657 | learning rate: 1.073938E-06 | global batch size:    96 | action loss: 1.438128E-01 | loss scale: 1.0 | grad norm: 0.549785 | number of skipped iterations:   0 | number of nan iterations:   0 |
[2026-08-28 16:48:27][INFO] iteration      966/    1000 | consumed samples:        92736 | elapsed time per iteration (ms): 2625.2 | throughput (samples/sec/per_device): 4.571 | learning rate: 1.069778E-06 | global batch size:    96 | action loss: 1.539163E-01 | loss scale: 1.0 | grad norm: 0.540221 | number of skipped iterations:   0 | number of nan iterations:   0 |
[2026-08-28 16:48:30][INFO] iteration      967/    1000 | consumed samples:        92832 | elapsed time per iteration (ms): 2645.4 | throughput (samples/sec/per_device): 4.536 | learning rate: 1.065737E-06 | global batch size:    96 | action loss: 1.728314E-01 | loss scale: 1.0 | grad norm: 0.568914 | number of skipped iterations:   0 | number of nan iterations:   0 |
[2026-08-28 16:48:34][INFO] iteration      968/    1000 | consumed samples:        92928 | elapsed time per iteration (ms): 3710.6 | throughput (samples/sec/per_device): 3.234 | learning rate: 1.061817E-06 | global batch size:    96 | action loss: 1.428452E-01 | loss scale: 1.0 | grad norm: 0.593382 | number of skipped iterations:   0 | number of nan iterations:   0 |
[2026-08-28 16:48:36][INFO] iteration      969/    1000 | consumed samples:        93024 | elapsed time per iteration (ms): 2376.2 | throughput (samples/sec/per_device): 5.050 | learning rate: 1.058017E-06 | global batch size:    96 | action loss: 1.744242E-01 | loss scale: 1.0 | grad norm: 0.553390 | number of skipped iterations:   0 | number of nan iterations:   0 |
[2026-08-28 16:48:38][INFO] iteration      970/    1000 | consumed samples:        93120 | elapsed time per iteration (ms): 2210.7 | throughput (samples/sec/per_device): 5.428 | learning rate: 1.054337E-06 | global batch size:    96 | action loss: 1.545449E-01 | loss scale: 1.0 | grad norm: 0.545273 | number of skipped iterations:   0 | number of nan iterations:   0 |
[2026-08-28 16:48:40][INFO] iteration      971/    1000 | consumed samples:        93216 | elapsed time per iteration (ms): 2368.7 | throughput (samples/sec/per_device): 5.066 | learning rate: 1.050777E-06 | global batch size:    96 | action loss: 1.458945E-01 | loss scale: 1.0 | grad norm: 0.550041 | number of skipped iterations:   0 | number of nan iterations:   0 |
[2026-08-28 16:48:43][INFO] iteration      972/    1000 | consumed samples:        93312 | elapsed time per iteration (ms): 2324.2 | throughput (samples/sec/per_device): 5.163 | learning rate: 1.047338E-06 | global batch size:    96 | action loss: 1.553262E-01 | loss scale: 1.0 | grad norm: 0.542268 | number of skipped iterations:   0 | number of nan iterations:   0 |
[2026-08-28 16:48:46][INFO] iteration      973/    1000 | consumed samples:        93408 | elapsed time per iteration (ms): 3587.8 | throughput (samples/sec/per_device): 3.345 | learning rate: 1.044019E-06 | global batch size:    96 | action loss: 1.505587E-01 | loss scale: 1.0 | grad norm: 0.548831 | number of skipped iterations:   0 | number of nan iterations:   0 |
[2026-08-28 16:48:50][INFO] iteration      974/    1000 | consumed samples:        93504 | elapsed time per iteration (ms): 3154.6 | throughput (samples/sec/per_device): 3.804 | learning rate: 1.040821E-06 | global batch size:    96 | action loss: 1.362303E-01 | loss scale: 1.0 | grad norm: 0.559431 | number of skipped iterations:   0 | number of nan iterations:   0 |
[2026-08-28 16:48:52][INFO] iteration      975/    1000 | consumed samples:        93600 | elapsed time per iteration (ms): 2691.1 | throughput (samples/sec/per_device): 4.459 | learning rate: 1.037743E-06 | global batch size:    96 | action loss: 1.685841E-01 | loss scale: 1.0 | grad norm: 0.665460 | number of skipped iterations:   0 | number of nan iterations:   0 |
[2026-08-28 16:48:56][INFO] iteration      976/    1000 | consumed samples:        93696 | elapsed time per iteration (ms): 3577.9 | throughput (samples/sec/per_device): 3.354 | learning rate: 1.034785E-06 | global batch size:    96 | action loss: 1.549710E-01 | loss scale: 1.0 | grad norm: 0.597515 | number of skipped iterations:   0 | number of nan iterations:   0 |
[2026-08-28 16:48:59][INFO] iteration      977/    1000 | consumed samples:        93792 | elapsed time per iteration (ms): 2896.1 | throughput (samples/sec/per_device): 4.143 | learning rate: 1.031948E-06 | global batch size:    96 | action loss: 1.572853E-01 | loss scale: 1.0 | grad norm: 0.561649 | number of skipped iterations:   0 | number of nan iterations:   0 |
[2026-08-28 16:49:02][INFO] iteration      978/    1000 | consumed samples:        93888 | elapsed time per iteration (ms): 3215.0 | throughput (samples/sec/per_device): 3.733 | learning rate: 1.029231E-06 | global batch size:    96 | action loss: 1.428621E-01 | loss scale: 1.0 | grad norm: 0.539495 | number of skipped iterations:   0 | number of nan iterations:   0 |
[2026-08-28 16:49:05][INFO] iteration      979/    1000 | consumed samples:        93984 | elapsed time per iteration (ms): 2867.0 | throughput (samples/sec/per_device): 4.186 | learning rate: 1.026635E-06 | global batch size:    96 | action loss: 1.623053E-01 | loss scale: 1.0 | grad norm: 0.544975 | number of skipped iterations:   0 | number of nan iterations:   0 |
[2026-08-28 16:49:09][INFO] iteration      980/    1000 | consumed samples:        94080 | elapsed time per iteration (ms): 3809.9 | throughput (samples/sec/per_device): 3.150 | learning rate: 1.024160E-06 | global batch size:    96 | action loss: 1.489970E-01 | loss scale: 1.0 | grad norm: 0.566811 | number of skipped iterations:   0 | number of nan iterations:   0 |
[2026-08-28 16:49:09][INFO] max time across ranks (ms):
    forward-backward................................: 3681.44
    forward-compute.................................: 1834.63
    backward-compute................................: 3402.64
    batch-generator.................................: 1.87
    nan-grad-cleanup................................: 13.17
    grad-clip.......................................: 32.66
    optimizer.......................................: 83.19
    optimizer-inner-step............................: 82.16
    optimizer-scheduler-step........................: 0.99
    optimizer-zero-grad.............................: 0.86
[2026-08-28 16:49:11][INFO] iteration      981/    1000 | consumed samples:        94176 | elapsed time per iteration (ms): 2739.5 | throughput (samples/sec/per_device): 4.380 | learning rate: 1.021805E-06 | global batch size:    96 | action loss: 1.570880E-01 | loss scale: 1.0 | grad norm: 0.585223 | number of skipped iterations:   0 | number of nan iterations:   0 |
[2026-08-28 16:49:14][INFO] iteration      982/    1000 | consumed samples:        94272 | elapsed time per iteration (ms): 2500.9 | throughput (samples/sec/per_device): 4.798 | learning rate: 1.019571E-06 | global batch size:    96 | action loss: 1.417219E-01 | loss scale: 1.0 | grad norm: 0.564109 | number of skipped iterations:   0 | number of nan iterations:   0 |
[2026-08-28 16:49:16][INFO] iteration      983/    1000 | consumed samples:        94368 | elapsed time per iteration (ms): 2584.2 | throughput (samples/sec/per_device): 4.644 | learning rate: 1.017457E-06 | global batch size:    96 | action loss: 1.601780E-01 | loss scale: 1.0 | grad norm: 0.589883 | number of skipped iterations:   0 | number of nan iterations:   0 |
[2026-08-28 16:49:20][INFO] iteration      984/    1000 | consumed samples:        94464 | elapsed time per iteration (ms): 3162.8 | throughput (samples/sec/per_device): 3.794 | learning rate: 1.015464E-06 | global batch size:    96 | action loss: 1.530041E-01 | loss scale: 1.0 | grad norm: 0.583492 | number of skipped iterations:   0 | number of nan iterations:   0 |
[2026-08-28 16:49:22][INFO] iteration      985/    1000 | consumed samples:        94560 | elapsed time per iteration (ms): 2824.7 | throughput (samples/sec/per_device): 4.248 | learning rate: 1.013592E-06 | global batch size:    96 | action loss: 1.578530E-01 | loss scale: 1.0 | grad norm: 0.547665 | number of skipped iterations:   0 | number of nan iterations:   0 |
[2026-08-28 16:49:28][INFO] iteration      986/    1000 | consumed samples:        94656 | elapsed time per iteration (ms): 5197.3 | throughput (samples/sec/per_device): 2.309 | learning rate: 1.011840E-06 | global batch size:    96 | action loss: 1.585163E-01 | loss scale: 1.0 | grad norm: 0.535067 | number of skipped iterations:   0 | number of nan iterations:   0 |
[2026-08-28 16:49:31][INFO] iteration      987/    1000 | consumed samples:        94752 | elapsed time per iteration (ms): 3514.0 | throughput (samples/sec/per_device): 3.415 | learning rate: 1.010210E-06 | global batch size:    96 | action loss: 1.637332E-01 | loss scale: 1.0 | grad norm: 0.553440 | number of skipped iterations:   0 | number of nan iterations:   0 |
[2026-08-28 16:49:34][INFO] iteration      988/    1000 | consumed samples:        94848 | elapsed time per iteration (ms): 2809.1 | throughput (samples/sec/per_device): 4.272 | learning rate: 1.008699E-06 | global batch size:    96 | action loss: 1.659567E-01 | loss scale: 1.0 | grad norm: 0.549201 | number of skipped iterations:   0 | number of nan iterations:   0 |
[2026-08-28 16:49:37][INFO] iteration      989/    1000 | consumed samples:        94944 | elapsed time per iteration (ms): 3206.7 | throughput (samples/sec/per_device): 3.742 | learning rate: 1.007310E-06 | global batch size:    96 | action loss: 1.419109E-01 | loss scale: 1.0 | grad norm: 0.580878 | number of skipped iterations:   0 | number of nan iterations:   0 |
[2026-08-28 16:49:39][INFO] iteration      990/    1000 | consumed samples:        95040 | elapsed time per iteration (ms): 1936.4 | throughput (samples/sec/per_device): 6.197 | learning rate: 1.006041E-06 | global batch size:    96 | action loss: 1.505450E-01 | loss scale: 1.0 | grad norm: 0.592804 | number of skipped iterations:   0 | number of nan iterations:   0 |
[2026-08-28 16:49:43][INFO] iteration      991/    1000 | consumed samples:        95136 | elapsed time per iteration (ms): 3750.4 | throughput (samples/sec/per_device): 3.200 | learning rate: 1.004894E-06 | global batch size:    96 | action loss: 1.439250E-01 | loss scale: 1.0 | grad norm: 0.579522 | number of skipped iterations:   0 | number of nan iterations:   0 |
[2026-08-28 16:49:45][INFO] iteration      992/    1000 | consumed samples:        95232 | elapsed time per iteration (ms): 2589.9 | throughput (samples/sec/per_device): 4.633 | learning rate: 1.003867E-06 | global batch size:    96 | action loss: 1.499400E-01 | loss scale: 1.0 | grad norm: 0.562255 | number of skipped iterations:   0 | number of nan iterations:   0 |
[2026-08-28 16:49:48][INFO] iteration      993/    1000 | consumed samples:        95328 | elapsed time per iteration (ms): 2396.7 | throughput (samples/sec/per_device): 5.007 | learning rate: 1.002960E-06 | global batch size:    96 | action loss: 1.457209E-01 | loss scale: 1.0 | grad norm: 0.567671 | number of skipped iterations:   0 | number of nan iterations:   0 |
[2026-08-28 16:49:50][INFO] iteration      994/    1000 | consumed samples:        95424 | elapsed time per iteration (ms): 2539.7 | throughput (samples/sec/per_device): 4.725 | learning rate: 1.002175E-06 | global batch size:    96 | action loss: 1.490199E-01 | loss scale: 1.0 | grad norm: 0.554634 | number of skipped iterations:   0 | number of nan iterations:   0 |
[2026-08-28 16:49:54][INFO] iteration      995/    1000 | consumed samples:        95520 | elapsed time per iteration (ms): 3353.8 | throughput (samples/sec/per_device): 3.578 | learning rate: 1.001510E-06 | global batch size:    96 | action loss: 1.715365E-01 | loss scale: 1.0 | grad norm: 0.539301 | number of skipped iterations:   0 | number of nan iterations:   0 |
[2026-08-28 16:49:57][INFO] iteration      996/    1000 | consumed samples:        95616 | elapsed time per iteration (ms): 2836.4 | throughput (samples/sec/per_device): 4.231 | learning rate: 1.000967E-06 | global batch size:    96 | action loss: 1.601863E-01 | loss scale: 1.0 | grad norm: 0.613154 | number of skipped iterations:   0 | number of nan iterations:   0 |
[2026-08-28 16:50:00][INFO] iteration      997/    1000 | consumed samples:        95712 | elapsed time per iteration (ms): 3243.1 | throughput (samples/sec/per_device): 3.700 | learning rate: 1.000544E-06 | global batch size:    96 | action loss: 1.427539E-01 | loss scale: 1.0 | grad norm: 0.576761 | number of skipped iterations:   0 | number of nan iterations:   0 |
[2026-08-28 16:50:04][INFO] iteration      998/    1000 | consumed samples:        95808 | elapsed time per iteration (ms): 3816.7 | throughput (samples/sec/per_device): 3.144 | learning rate: 1.000242E-06 | global batch size:    96 | action loss: 1.562718E-01 | loss scale: 1.0 | grad norm: 0.607299 | number of skipped iterations:   0 | number of nan iterations:   0 |
[2026-08-28 16:50:07][INFO] iteration      999/    1000 | consumed samples:        95904 | elapsed time per iteration (ms): 3158.3 | throughput (samples/sec/per_device): 3.800 | learning rate: 1.000060E-06 | global batch size:    96 | action loss: 1.696678E-01 | loss scale: 1.0 | grad norm: 0.582275 | number of skipped iterations:   0 | number of nan iterations:   0 |
[2026-08-28 16:50:09][INFO] iteration     1000/    1000 | consumed samples:        96000 | elapsed time per iteration (ms): 2553.6 | throughput (samples/sec/per_device): 4.699 | learning rate: 1.000000E-06 | global batch size:    96 | action loss: 1.387377E-01 | loss scale: 1.0 | grad norm: 0.554005 | number of skipped iterations:   0 | number of nan iterations:   0 |
[2026-08-28 16:50:09][INFO] max time across ranks (ms):
    forward-backward................................: 2407.51
    forward-compute.................................: 1081.58
    backward-compute................................: 2128.74
    batch-generator.................................: 1.62
    nan-grad-cleanup................................: 15.08
    grad-clip.......................................: 40.07
    optimizer.......................................: 98.89
    optimizer-inner-step............................: 97.80
    optimizer-scheduler-step........................: 2.01
    optimizer-zero-grad.............................: 0.52
