════════════════════════════════════════════════════════════
  LoongForge pi05 Training (DDP)
  GPUs:       8 x 1 node(s)
  Model:      pi05
  Checkpoint: /raid0/fastwam/vla_artifacts/pi05/models/pi05_base
  Data:       /raid0/fastwam/vla_artifacts/pi05/datasets/libero
  Output:     /raid0/fastwam/experiments/pi05_precision_mechanisms_start300_a800_100_1000_v1/attempts/standard_powersgd_plus/attempt_1/standard_powersgd_plus
════════════════════════════════════════════════════════════
W0824 01:33:30.514000 1612940 torch/distributed/run.py:766] 
W0824 01:33:30.514000 1612940 torch/distributed/run.py:766] *****************************************
W0824 01:33:30.514000 1612940 torch/distributed/run.py:766] Setting OMP_NUM_THREADS environment variable for each process to be 1 in default, to avoid your system being overloaded, please further tune the variable for optimal performance in your application as needed. 
W0824 01:33:30.514000 1612940 torch/distributed/run.py:766] *****************************************
fused_indices_to_multihot has reached end of life. Please migrate to a non-experimental function.
fused_indices_to_multihot has reached end of life. Please migrate to a non-experimental function.
fused_indices_to_multihot has reached end of life. Please migrate to a non-experimental function.
fused_indices_to_multihot has reached end of life. Please migrate to a non-experimental function.
fused_indices_to_multihot has reached end of life. Please migrate to a non-experimental function.
fused_indices_to_multihot has reached end of life. Please migrate to a non-experimental function.
fused_indices_to_multihot has reached end of life. Please migrate to a non-experimental function.
fused_indices_to_multihot has reached end of life. Please migrate to a non-experimental function.
INFO:loongforge.embodied.data.datasets.groot_n1_6.transforms.eagle3_model.processing_eagle3_vl:set VIDEO_TOTAL_PIXELS: 90316800
INFO:loongforge.embodied.data.datasets.groot_n1_6.transforms.eagle3_model.processing_eagle3_vl:set VIDEO_TOTAL_PIXELS: 90316800
INFO:loongforge.embodied.data.datasets.groot_n1_6.transforms.eagle3_model.processing_eagle3_vl:set VIDEO_TOTAL_PIXELS: 90316800
INFO:loongforge.embodied.data.datasets.groot_n1_6.transforms.eagle3_model.processing_eagle3_vl:set VIDEO_TOTAL_PIXELS: 90316800
INFO:loongforge.embodied.data.datasets.groot_n1_6.transforms.eagle3_model.processing_eagle3_vl:set VIDEO_TOTAL_PIXELS: 90316800
INFO:loongforge.embodied.data.datasets.groot_n1_6.transforms.eagle3_model.processing_eagle3_vl:set VIDEO_TOTAL_PIXELS: 90316800
INFO:loongforge.embodied.data.datasets.groot_n1_6.transforms.eagle3_model.processing_eagle3_vl:set VIDEO_TOTAL_PIXELS: 90316800
INFO:loongforge.embodied.data.datasets.groot_n1_6.transforms.eagle3_model.processing_eagle3_vl:set VIDEO_TOTAL_PIXELS: 90316800
[Gloo] Rank [Gloo] Rank 3 is connected to 07 is connected to  peer ranks. 7Expected number of connected peer ranks is :  peer ranks. 7Expected number of connected peer ranks is : 
7
[Gloo] Rank 1 is connected to 7 peer ranks. [Gloo] Rank Expected number of connected peer ranks is : 57 is connected to 
7 peer ranks. Expected number of connected peer ranks is : 7
[Gloo] Rank 2 is connected to 7 peer ranks. Expected number of connected peer ranks is : 7
[Gloo] Rank 6 is connected to 7 peer ranks. Expected number of connected peer ranks is : 7
[Gloo] Rank 4 is connected to 7 peer ranks. Expected number of connected peer ranks is : 7
[Gloo] Rank 7 is connected to 7 peer ranks. Expected number of connected peer ranks is : 7
bddx-inf-sci-k8s-a800-03849:1613008:1613008 [0] NCCL INFO NCCL_SOCKET_IFNAME set by environment to bond0
bddx-inf-sci-k8s-a800-03849:1613008:1613008 [0] NCCL INFO cudaDriverVersion 12090
bddx-inf-sci-k8s-a800-03849:1613008:1613008 [0] NCCL INFO NCCL version 2.27.3+cuda12.9
bddx-inf-sci-k8s-a800-03849:1613009:1613009 [1] NCCL INFO cudaDriverVersion 12090
bddx-inf-sci-k8s-a800-03849:1613012:1613012 [4] NCCL INFO cudaDriverVersion 12090
bddx-inf-sci-k8s-a800-03849:1613015:1613015 [7] NCCL INFO cudaDriverVersion 12090
bddx-inf-sci-k8s-a800-03849:1613009:1613009 [1] NCCL INFO NCCL_SOCKET_IFNAME set by environment to bond0
bddx-inf-sci-k8s-a800-03849:1613012:1613012 [4] NCCL INFO NCCL_SOCKET_IFNAME set by environment to bond0
bddx-inf-sci-k8s-a800-03849:1613015:1613015 [7] NCCL INFO NCCL_SOCKET_IFNAME set by environment to bond0
bddx-inf-sci-k8s-a800-03849:1613009:1613009 [1] NCCL INFO NCCL version 2.27.3+cuda12.9
bddx-inf-sci-k8s-a800-03849:1613012:1613012 [4] NCCL INFO NCCL version 2.27.3+cuda12.9
bddx-inf-sci-k8s-a800-03849:1613015:1613015 [7] NCCL INFO NCCL version 2.27.3+cuda12.9
bddx-inf-sci-k8s-a800-03849:1613012:1613012 [4] NCCL INFO Comm config Blocking set to 1
bddx-inf-sci-k8s-a800-03849:1613009:1613009 [1] NCCL INFO Comm config Blocking set to 1
bddx-inf-sci-k8s-a800-03849:1613015:1613015 [7] NCCL INFO Comm config Blocking set to 1
bddx-inf-sci-k8s-a800-03849:1613013:1613013 [5] NCCL INFO cudaDriverVersion 12090
bddx-inf-sci-k8s-a800-03849:1613013:1613013 [5] NCCL INFO NCCL_SOCKET_IFNAME set by environment to bond0
bddx-inf-sci-k8s-a800-03849:1613013:1613013 [5] NCCL INFO NCCL version 2.27.3+cuda12.9
bddx-inf-sci-k8s-a800-03849:1613013:1613013 [5] NCCL INFO Comm config Blocking set to 1
bddx-inf-sci-k8s-a800-03849:1613011:1613011 [3] NCCL INFO cudaDriverVersion 12090
bddx-inf-sci-k8s-a800-03849:1613011:1613011 [3] NCCL INFO NCCL_SOCKET_IFNAME set by environment to bond0
bddx-inf-sci-k8s-a800-03849:1613014:1613014 [6] NCCL INFO cudaDriverVersion 12090
bddx-inf-sci-k8s-a800-03849:1613014:1613014 [6] NCCL INFO NCCL_SOCKET_IFNAME set by environment to bond0
bddx-inf-sci-k8s-a800-03849:1613010:1613010 [2] NCCL INFO cudaDriverVersion 12090
bddx-inf-sci-k8s-a800-03849:1613011:1613011 [3] NCCL INFO NCCL version 2.27.3+cuda12.9
bddx-inf-sci-k8s-a800-03849:1613014:1613014 [6] NCCL INFO NCCL version 2.27.3+cuda12.9
bddx-inf-sci-k8s-a800-03849:1613010:1613010 [2] NCCL INFO NCCL_SOCKET_IFNAME set by environment to bond0
bddx-inf-sci-k8s-a800-03849:1613010:1613010 [2] NCCL INFO NCCL version 2.27.3+cuda12.9
bddx-inf-sci-k8s-a800-03849:1613014:1613014 [6] NCCL INFO Comm config Blocking set to 1
bddx-inf-sci-k8s-a800-03849:1613010:1613010 [2] NCCL INFO Comm config Blocking set to 1
bddx-inf-sci-k8s-a800-03849:1613011:1613011 [3] NCCL INFO Comm config Blocking set to 1
bddx-inf-sci-k8s-a800-03849:1613008:1613008 [0] NCCL INFO Comm config Blocking set to 1
bddx-inf-sci-k8s-a800-03849:1613015:1613975 [7] NCCL INFO NET/Plugin: Plugin name set by env to libnccl-net.so
bddx-inf-sci-k8s-a800-03849:1613012:1613973 [4] NCCL INFO NET/Plugin: Plugin name set by env to libnccl-net.so
bddx-inf-sci-k8s-a800-03849:1613009:1613974 [1] NCCL INFO NET/Plugin: Plugin name set by env to libnccl-net.so
bddx-inf-sci-k8s-a800-03849:1613015:1613975 [7] NCCL INFO NET/Plugin: Loaded net plugin NCCL RDMA Plugin v10 (v10)
bddx-inf-sci-k8s-a800-03849:1613012:1613973 [4] NCCL INFO NET/Plugin: Loaded net plugin NCCL RDMA Plugin v10 (v10)
bddx-inf-sci-k8s-a800-03849:1613015:1613975 [7] NCCL INFO NET/Plugin: Loaded collnet plugin NCCL RDMA Plugin v10 (v10)
bddx-inf-sci-k8s-a800-03849:1613009:1613974 [1] NCCL INFO NET/Plugin: Loaded net plugin NCCL RDMA Plugin v10 (v10)
bddx-inf-sci-k8s-a800-03849:1613012:1613973 [4] NCCL INFO NET/Plugin: Loaded collnet plugin NCCL RDMA Plugin v10 (v10)
bddx-inf-sci-k8s-a800-03849:1613015:1613975 [7] NCCL INFO Successfully loaded external plugin libnccl-net.so
bddx-inf-sci-k8s-a800-03849:1613009:1613974 [1] NCCL INFO NET/Plugin: Loaded collnet plugin NCCL RDMA Plugin v10 (v10)
bddx-inf-sci-k8s-a800-03849:1613012:1613973 [4] NCCL INFO Successfully loaded external plugin libnccl-net.so
bddx-inf-sci-k8s-a800-03849:1613009:1613974 [1] NCCL INFO Successfully loaded external plugin libnccl-net.so
bddx-inf-sci-k8s-a800-03849:1613015:1613975 [7] NCCL INFO Plugin Path : /opt/hpcx/nccl_rdma_sharp_plugin/lib/libnccl-net.so
bddx-inf-sci-k8s-a800-03849:1613015:1613975 [7] NCCL INFO P2P plugin v10 IBext_v10
bddx-inf-sci-k8s-a800-03849:1613009:1613974 [1] NCCL INFO Plugin Path : /opt/hpcx/nccl_rdma_sharp_plugin/lib/libnccl-net.so
bddx-inf-sci-k8s-a800-03849:1613012:1613973 [4] NCCL INFO Plugin Path : /opt/hpcx/nccl_rdma_sharp_plugin/lib/libnccl-net.so
bddx-inf-sci-k8s-a800-03849:1613009:1613974 [1] NCCL INFO P2P plugin v10 IBext_v10
bddx-inf-sci-k8s-a800-03849:1613012:1613973 [4] NCCL INFO P2P plugin v10 IBext_v10
bddx-inf-sci-k8s-a800-03849:1613015:1613975 [7] NCCL INFO NCCL_SOCKET_IFNAME set by environment to bond0
bddx-inf-sci-k8s-a800-03849:1613009:1613974 [1] NCCL INFO NCCL_SOCKET_IFNAME set by environment to bond0
bddx-inf-sci-k8s-a800-03849:1613012:1613973 [4] NCCL INFO NCCL_SOCKET_IFNAME set by environment to bond0
bddx-inf-sci-k8s-a800-03849:1613009:1613974 [1] NCCL INFO NCCL_IB_ADAPTIVE_ROUTING set by environment to 0.
bddx-inf-sci-k8s-a800-03849:1613012:1613973 [4] NCCL INFO NCCL_IB_ADAPTIVE_ROUTING set by environment to 0.
bddx-inf-sci-k8s-a800-03849:1613015:1613975 [7] NCCL INFO NCCL_IB_ADAPTIVE_ROUTING set by environment to 0.
bddx-inf-sci-k8s-a800-03849:1613013:1613976 [5] NCCL INFO NET/Plugin: Plugin name set by env to libnccl-net.so
bddx-inf-sci-k8s-a800-03849:1613013:1613976 [5] NCCL INFO NET/Plugin: Loaded net plugin NCCL RDMA Plugin v10 (v10)
bddx-inf-sci-k8s-a800-03849:1613013:1613976 [5] NCCL INFO NET/Plugin: Loaded collnet plugin NCCL RDMA Plugin v10 (v10)
bddx-inf-sci-k8s-a800-03849:1613013:1613976 [5] NCCL INFO Successfully loaded external plugin libnccl-net.so
bddx-inf-sci-k8s-a800-03849:1613013:1613976 [5] NCCL INFO Plugin Path : /opt/hpcx/nccl_rdma_sharp_plugin/lib/libnccl-net.so
bddx-inf-sci-k8s-a800-03849:1613013:1613976 [5] NCCL INFO P2P plugin v10 IBext_v10
bddx-inf-sci-k8s-a800-03849:1613013:1613976 [5] NCCL INFO NCCL_SOCKET_IFNAME set by environment to bond0
bddx-inf-sci-k8s-a800-03849:1613013:1613976 [5] NCCL INFO NCCL_IB_ADAPTIVE_ROUTING set by environment to 0.
bddx-inf-sci-k8s-a800-03849:1613014:1613977 [6] NCCL INFO NET/Plugin: Plugin name set by env to libnccl-net.so
bddx-inf-sci-k8s-a800-03849:1613014:1613977 [6] NCCL INFO NET/Plugin: Loaded net plugin NCCL RDMA Plugin v10 (v10)
bddx-inf-sci-k8s-a800-03849:1613014:1613977 [6] NCCL INFO NET/Plugin: Loaded collnet plugin NCCL RDMA Plugin v10 (v10)
bddx-inf-sci-k8s-a800-03849:1613014:1613977 [6] NCCL INFO Successfully loaded external plugin libnccl-net.so
bddx-inf-sci-k8s-a800-03849:1613014:1613977 [6] NCCL INFO Plugin Path : /opt/hpcx/nccl_rdma_sharp_plugin/lib/libnccl-net.so
bddx-inf-sci-k8s-a800-03849:1613014:1613977 [6] NCCL INFO P2P plugin v10 IBext_v10
bddx-inf-sci-k8s-a800-03849:1613014:1613977 [6] NCCL INFO NCCL_SOCKET_IFNAME set by environment to bond0
bddx-inf-sci-k8s-a800-03849:1613010:1613978 [2] NCCL INFO NET/Plugin: Plugin name set by env to libnccl-net.so
bddx-inf-sci-k8s-a800-03849:1613011:1613979 [3] NCCL INFO NET/Plugin: Plugin name set by env to libnccl-net.so
bddx-inf-sci-k8s-a800-03849:1613010:1613978 [2] NCCL INFO NET/Plugin: Loaded net plugin NCCL RDMA Plugin v10 (v10)
bddx-inf-sci-k8s-a800-03849:1613010:1613978 [2] NCCL INFO NET/Plugin: Loaded collnet plugin NCCL RDMA Plugin v10 (v10)
bddx-inf-sci-k8s-a800-03849:1613011:1613979 [3] NCCL INFO NET/Plugin: Loaded net plugin NCCL RDMA Plugin v10 (v10)
bddx-inf-sci-k8s-a800-03849:1613010:1613978 [2] NCCL INFO Successfully loaded external plugin libnccl-net.so
bddx-inf-sci-k8s-a800-03849:1613011:1613979 [3] NCCL INFO NET/Plugin: Loaded collnet plugin NCCL RDMA Plugin v10 (v10)
bddx-inf-sci-k8s-a800-03849:1613011:1613979 [3] NCCL INFO Successfully loaded external plugin libnccl-net.so
bddx-inf-sci-k8s-a800-03849:1613010:1613978 [2] NCCL INFO Plugin Path : /opt/hpcx/nccl_rdma_sharp_plugin/lib/libnccl-net.so
bddx-inf-sci-k8s-a800-03849:1613010:1613978 [2] NCCL INFO P2P plugin v10 IBext_v10
bddx-inf-sci-k8s-a800-03849:1613011:1613979 [3] NCCL INFO Plugin Path : /opt/hpcx/nccl_rdma_sharp_plugin/lib/libnccl-net.so
bddx-inf-sci-k8s-a800-03849:1613011:1613979 [3] NCCL INFO P2P plugin v10 IBext_v10
bddx-inf-sci-k8s-a800-03849:1613011:1613979 [3] NCCL INFO NCCL_SOCKET_IFNAME set by environment to bond0
bddx-inf-sci-k8s-a800-03849:1613010:1613978 [2] NCCL INFO NCCL_SOCKET_IFNAME set by environment to bond0
bddx-inf-sci-k8s-a800-03849:1613014:1613977 [6] NCCL INFO NCCL_IB_ADAPTIVE_ROUTING set by environment to 0.
bddx-inf-sci-k8s-a800-03849:1613010:1613978 [2] NCCL INFO NCCL_IB_ADAPTIVE_ROUTING set by environment to 0.
bddx-inf-sci-k8s-a800-03849:1613012:1613973 [4] NCCL INFO NET/IB : Using [0]mlx5_2:1/RoCE [1]mlx5_3:1/RoCE [2]mlx5_4:1/RoCE [3]mlx5_5:1/RoCE [4]mlx5_6:1/RoCE [5]mlx5_7:1/RoCE [6]mlx5_8:1/RoCE [7]mlx5_9:1/RoCE [RO]; OOB bond0:10.206.118.11<0>
bddx-inf-sci-k8s-a800-03849:1613012:1613973 [4] NCCL INFO Initialized NET plugin IBext_v10
bddx-inf-sci-k8s-a800-03849:1613012:1613973 [4] NCCL INFO Assigned NET plugin IBext_v10 to comm
bddx-inf-sci-k8s-a800-03849:1613012:1613973 [4] NCCL INFO Using network IBext_v10
bddx-inf-sci-k8s-a800-03849:1613011:1613979 [3] NCCL INFO NCCL_IB_ADAPTIVE_ROUTING set by environment to 0.
bddx-inf-sci-k8s-a800-03849:1613009:1613974 [1] NCCL INFO NET/IB : Using [0]mlx5_2:1/RoCE [1]mlx5_3:1/RoCE [2]mlx5_4:1/RoCE [3]mlx5_5:1/RoCE [4]mlx5_6:1/RoCE [5]mlx5_7:1/RoCE [6]mlx5_8:1/RoCE [7]mlx5_9:1/RoCE [RO]; OOB bond0:10.206.118.11<0>
bddx-inf-sci-k8s-a800-03849:1613009:1613974 [1] NCCL INFO Initialized NET plugin IBext_v10
bddx-inf-sci-k8s-a800-03849:1613015:1613975 [7] NCCL INFO NET/IB : Using [0]mlx5_2:1/RoCE [1]mlx5_3:1/RoCE [2]mlx5_4:1/RoCE [3]mlx5_5:1/RoCE [4]mlx5_6:1/RoCE [5]mlx5_7:1/RoCE [6]mlx5_8:1/RoCE [7]mlx5_9:1/RoCE [RO]; OOB bond0:10.206.118.11<0>
bddx-inf-sci-k8s-a800-03849:1613015:1613975 [7] NCCL INFO Initialized NET plugin IBext_v10
bddx-inf-sci-k8s-a800-03849:1613009:1613974 [1] NCCL INFO Assigned NET plugin IBext_v10 to comm
bddx-inf-sci-k8s-a800-03849:1613009:1613974 [1] NCCL INFO Using network IBext_v10
bddx-inf-sci-k8s-a800-03849:1613015:1613975 [7] NCCL INFO Assigned NET plugin IBext_v10 to comm
bddx-inf-sci-k8s-a800-03849:1613015:1613975 [7] NCCL INFO Using network IBext_v10
bddx-inf-sci-k8s-a800-03849:1613012:1613973 [4] NCCL INFO ncclCommInitRankConfig comm 0x12b34fb0 rank 4 nranks 8 cudaDev 4 nvmlDev 4 busId 89000 commId 0xf2b45b4b6d3df0fc - Init START
bddx-inf-sci-k8s-a800-03849:1613009:1613974 [1] NCCL INFO ncclCommInitRankConfig comm 0x12354810 rank 1 nranks 8 cudaDev 1 nvmlDev 1 busId 18000 commId 0xf2b45b4b6d3df0fc - Init START
bddx-inf-sci-k8s-a800-03849:1613015:1613975 [7] NCCL INFO ncclCommInitRankConfig comm 0x13645050 rank 7 nranks 8 cudaDev 7 nvmlDev 7 busId c9000 commId 0xf2b45b4b6d3df0fc - Init START
bddx-inf-sci-k8s-a800-03849:1613008:1613980 [0] NCCL INFO NET/Plugin: Plugin name set by env to libnccl-net.so
bddx-inf-sci-k8s-a800-03849:1613008:1613980 [0] NCCL INFO NET/Plugin: Loaded net plugin NCCL RDMA Plugin v10 (v10)
bddx-inf-sci-k8s-a800-03849:1613008:1613980 [0] NCCL INFO NET/Plugin: Loaded collnet plugin NCCL RDMA Plugin v10 (v10)
bddx-inf-sci-k8s-a800-03849:1613008:1613980 [0] NCCL INFO Successfully loaded external plugin libnccl-net.so
bddx-inf-sci-k8s-a800-03849:1613008:1613980 [0] NCCL INFO Plugin Path : /opt/hpcx/nccl_rdma_sharp_plugin/lib/libnccl-net.so
bddx-inf-sci-k8s-a800-03849:1613008:1613980 [0] NCCL INFO P2P plugin v10 IBext_v10
bddx-inf-sci-k8s-a800-03849:1613008:1613980 [0] NCCL INFO NCCL_SOCKET_IFNAME set by environment to bond0
bddx-inf-sci-k8s-a800-03849:1613010:1613978 [2] NCCL INFO NET/IB : Using [0]mlx5_2:1/RoCE [1]mlx5_3:1/RoCE [2]mlx5_4:1/RoCE [3]mlx5_5:1/RoCE [4]mlx5_6:1/RoCE [5]mlx5_7:1/RoCE [6]mlx5_8:1/RoCE [7]mlx5_9:1/RoCE [RO]; OOB bond0:10.206.118.11<0>
bddx-inf-sci-k8s-a800-03849:1613010:1613978 [2] NCCL INFO Initialized NET plugin IBext_v10
bddx-inf-sci-k8s-a800-03849:1613010:1613978 [2] NCCL INFO Assigned NET plugin IBext_v10 to comm
bddx-inf-sci-k8s-a800-03849:1613010:1613978 [2] NCCL INFO Using network IBext_v10
bddx-inf-sci-k8s-a800-03849:1613008:1613980 [0] NCCL INFO NCCL_IB_ADAPTIVE_ROUTING set by environment to 0.
bddx-inf-sci-k8s-a800-03849:1613010:1613978 [2] NCCL INFO ncclCommInitRankConfig comm 0x134b6fe0 rank 2 nranks 8 cudaDev 2 nvmlDev 2 busId 49000 commId 0xf2b45b4b6d3df0fc - Init START
bddx-inf-sci-k8s-a800-03849:1613011:1613979 [3] NCCL INFO NET/IB : Using [0]mlx5_2:1/RoCE [1]mlx5_3:1/RoCE [2]mlx5_4:1/RoCE [3]mlx5_5:1/RoCE [4]mlx5_6:1/RoCE [5]mlx5_7:1/RoCE [6]mlx5_8:1/RoCE [7]mlx5_9:1/RoCE [RO]; OOB bond0:10.206.118.11<0>
bddx-inf-sci-k8s-a800-03849:1613011:1613979 [3] NCCL INFO Initialized NET plugin IBext_v10
bddx-inf-sci-k8s-a800-03849:1613011:1613979 [3] NCCL INFO Assigned NET plugin IBext_v10 to comm
bddx-inf-sci-k8s-a800-03849:1613011:1613979 [3] NCCL INFO Using network IBext_v10
bddx-inf-sci-k8s-a800-03849:1613014:1613977 [6] NCCL INFO NET/IB : Using [0]mlx5_2:1/RoCE [1]mlx5_3:1/RoCE [2]mlx5_4:1/RoCE [3]mlx5_5:1/RoCE [4]mlx5_6:1/RoCE [5]mlx5_7:1/RoCE [6]mlx5_8:1/RoCE [7]mlx5_9:1/RoCE [RO]; OOB bond0:10.206.118.11<0>
bddx-inf-sci-k8s-a800-03849:1613014:1613977 [6] NCCL INFO Initialized NET plugin IBext_v10
bddx-inf-sci-k8s-a800-03849:1613014:1613977 [6] NCCL INFO Assigned NET plugin IBext_v10 to comm
bddx-inf-sci-k8s-a800-03849:1613014:1613977 [6] NCCL INFO Using network IBext_v10
bddx-inf-sci-k8s-a800-03849:1613008:1613980 [0] NCCL INFO NET/IB : Using [0]mlx5_2:1/RoCE [1]mlx5_3:1/RoCE [2]mlx5_4:1/RoCE [3]mlx5_5:1/RoCE [4]mlx5_6:1/RoCE [5]mlx5_7:1/RoCE [6]mlx5_8:1/RoCE [7]mlx5_9:1/RoCE [RO]; OOB bond0:10.206.118.11<0>
bddx-inf-sci-k8s-a800-03849:1613008:1613980 [0] NCCL INFO Initialized NET plugin IBext_v10
bddx-inf-sci-k8s-a800-03849:1613008:1613980 [0] NCCL INFO Assigned NET plugin IBext_v10 to comm
bddx-inf-sci-k8s-a800-03849:1613008:1613980 [0] NCCL INFO Using network IBext_v10
bddx-inf-sci-k8s-a800-03849:1613013:1613976 [5] NCCL INFO NET/IB : Using [0]mlx5_2:1/RoCE [1]mlx5_3:1/RoCE [2]mlx5_4:1/RoCE [3]mlx5_5:1/RoCE [4]mlx5_6:1/RoCE [5]mlx5_7:1/RoCE [6]mlx5_8:1/RoCE [7]mlx5_9:1/RoCE [RO]; OOB bond0:10.206.118.11<0>
bddx-inf-sci-k8s-a800-03849:1613013:1613976 [5] NCCL INFO Initialized NET plugin IBext_v10
bddx-inf-sci-k8s-a800-03849:1613013:1613976 [5] NCCL INFO Assigned NET plugin IBext_v10 to comm
bddx-inf-sci-k8s-a800-03849:1613013:1613976 [5] NCCL INFO Using network IBext_v10
bddx-inf-sci-k8s-a800-03849:1613011:1613979 [3] NCCL INFO ncclCommInitRankConfig comm 0x131751a0 rank 3 nranks 8 cudaDev 3 nvmlDev 3 busId 4d000 commId 0xf2b45b4b6d3df0fc - Init START
bddx-inf-sci-k8s-a800-03849:1613014:1613977 [6] NCCL INFO ncclCommInitRankConfig comm 0x11b79240 rank 6 nranks 8 cudaDev 6 nvmlDev 6 busId c5000 commId 0xf2b45b4b6d3df0fc - Init START
bddx-inf-sci-k8s-a800-03849:1613008:1613980 [0] NCCL INFO ncclCommInitRankConfig comm 0x11710da0 rank 0 nranks 8 cudaDev 0 nvmlDev 0 busId 12000 commId 0xf2b45b4b6d3df0fc - Init START
bddx-inf-sci-k8s-a800-03849:1613013:1613976 [5] NCCL INFO ncclCommInitRankConfig comm 0x131d79e0 rank 5 nranks 8 cudaDev 5 nvmlDev 5 busId 8e000 commId 0xf2b45b4b6d3df0fc - Init START
bddx-inf-sci-k8s-a800-03849:1613011:1613979 [3] NCCL INFO RAS client listening socket at 127.0.0.1<28028>
bddx-inf-sci-k8s-a800-03849:1613010:1613978 [2] NCCL INFO RAS client listening socket at 127.0.0.1<28028>
bddx-inf-sci-k8s-a800-03849:1613014:1613977 [6] NCCL INFO RAS client listening socket at 127.0.0.1<28028>
bddx-inf-sci-k8s-a800-03849:1613015:1613975 [7] NCCL INFO RAS client listening socket at 127.0.0.1<28028>
bddx-inf-sci-k8s-a800-03849:1613008:1613980 [0] NCCL INFO RAS client listening socket at 127.0.0.1<28028>
bddx-inf-sci-k8s-a800-03849:1613009:1613974 [1] NCCL INFO RAS client listening socket at 127.0.0.1<28028>
bddx-inf-sci-k8s-a800-03849:1613013:1613976 [5] NCCL INFO RAS client listening socket at 127.0.0.1<28028>
bddx-inf-sci-k8s-a800-03849:1613012:1613973 [4] NCCL INFO RAS client listening socket at 127.0.0.1<28028>
bddx-inf-sci-k8s-a800-03849:1613011:1613979 [3] NCCL INFO TOPO/NET : Importing network plugins to topology
bddx-inf-sci-k8s-a800-03849:1613011:1613979 [3] NCCL INFO Retrieving state for IBext_v10
bddx-inf-sci-k8s-a800-03849:1613011:1613979 [3] NCCL INFO Initialized state 0 for IBext_v10
bddx-inf-sci-k8s-a800-03849:1613011:1613979 [3] NCCL INFO ncclTopoPopulateNics : Filled mlx5_2 in topo with pciPath=/sys/devices/pci0000:0b/0000:0b:02.0/0000:0c:00.0/0000:0d:08.0/0000:1d:00.0/0000:1e:00.0/0000:1f:00.0 keep=1 coll=(null)
bddx-inf-sci-k8s-a800-03849:1613010:1613978 [2] NCCL INFO TOPO/NET : Importing network plugins to topology
bddx-inf-sci-k8s-a800-03849:1613010:1613978 [2] NCCL INFO Retrieving state for IBext_v10
bddx-inf-sci-k8s-a800-03849:1613010:1613978 [2] NCCL INFO Initialized state 0 for IBext_v10
bddx-inf-sci-k8s-a800-03849:1613010:1613978 [2] NCCL INFO ncclTopoPopulateNics : Filled mlx5_2 in topo with pciPath=/sys/devices/pci0000:0b/0000:0b:02.0/0000:0c:00.0/0000:0d:08.0/0000:1d:00.0/0000:1e:00.0/0000:1f:00.0 keep=1 coll=(null)
bddx-inf-sci-k8s-a800-03849:1613011:1613979 [3] NCCL INFO ncclTopoPopulateNics : Filled mlx5_3 in topo with pciPath=/sys/devices/pci0000:0b/0000:0b:02.0/0000:0c:00.0/0000:0d:08.0/0000:1d:00.0/0000:1e:00.0/0000:1f:00.1 keep=1 coll=(null)
bddx-inf-sci-k8s-a800-03849:1613010:1613978 [2] NCCL INFO ncclTopoPopulateNics : Filled mlx5_3 in topo with pciPath=/sys/devices/pci0000:0b/0000:0b:02.0/0000:0c:00.0/0000:0d:08.0/0000:1d:00.0/0000:1e:00.0/0000:1f:00.1 keep=1 coll=(null)
bddx-inf-sci-k8s-a800-03849:1613011:1613979 [3] NCCL INFO ncclTopoPopulateNics : Filled mlx5_4 in topo with pciPath=/sys/devices/pci0000:42/0000:42:02.0/0000:43:00.0/0000:44:08.0/0000:5d:00.0/0000:5e:00.0/0000:5f:00.0 keep=1 coll=(null)
bddx-inf-sci-k8s-a800-03849:1613010:1613978 [2] NCCL INFO ncclTopoPopulateNics : Filled mlx5_4 in topo with pciPath=/sys/devices/pci0000:42/0000:42:02.0/0000:43:00.0/0000:44:08.0/0000:5d:00.0/0000:5e:00.0/0000:5f:00.0 keep=1 coll=(null)
bddx-inf-sci-k8s-a800-03849:1613011:1613979 [3] NCCL INFO ncclTopoPopulateNics : Filled mlx5_5 in topo with pciPath=/sys/devices/pci0000:42/0000:42:02.0/0000:43:00.0/0000:44:08.0/0000:5d:00.0/0000:5e:00.0/0000:5f:00.1 keep=1 coll=(null)
bddx-inf-sci-k8s-a800-03849:1613010:1613978 [2] NCCL INFO ncclTopoPopulateNics : Filled mlx5_5 in topo with pciPath=/sys/devices/pci0000:42/0000:42:02.0/0000:43:00.0/0000:44:08.0/0000:5d:00.0/0000:5e:00.0/0000:5f:00.1 keep=1 coll=(null)
bddx-inf-sci-k8s-a800-03849:1613011:1613979 [3] NCCL INFO ncclTopoPopulateNics : Filled mlx5_6 in topo with pciPath=/sys/devices/pci0000:82/0000:82:02.0/0000:83:00.0/0000:84:08.0/0000:93:00.0/0000:94:00.0/0000:95:00.0 keep=1 coll=(null)
bddx-inf-sci-k8s-a800-03849:1613010:1613978 [2] NCCL INFO ncclTopoPopulateNics : Filled mlx5_6 in topo with pciPath=/sys/devices/pci0000:82/0000:82:02.0/0000:83:00.0/0000:84:08.0/0000:93:00.0/0000:94:00.0/0000:95:00.0 keep=1 coll=(null)
bddx-inf-sci-k8s-a800-03849:1613011:1613979 [3] NCCL INFO ncclTopoPopulateNics : Filled mlx5_7 in topo with pciPath=/sys/devices/pci0000:82/0000:82:02.0/0000:83:00.0/0000:84:08.0/0000:93:00.0/0000:94:00.0/0000:95:00.1 keep=1 coll=(null)
bddx-inf-sci-k8s-a800-03849:1613010:1613978 [2] NCCL INFO ncclTopoPopulateNics : Filled mlx5_7 in topo with pciPath=/sys/devices/pci0000:82/0000:82:02.0/0000:83:00.0/0000:84:08.0/0000:93:00.0/0000:94:00.0/0000:95:00.1 keep=1 coll=(null)
bddx-inf-sci-k8s-a800-03849:1613011:1613979 [3] NCCL INFO ncclTopoPopulateNics : Filled mlx5_8 in topo with pciPath=/sys/devices/pci0000:be/0000:be:02.0/0000:bf:00.0/0000:c0:04.0/0000:ca:00.0/0000:cb:10.0/0000:cc:00.0 keep=1 coll=(null)
bddx-inf-sci-k8s-a800-03849:1613010:1613978 [2] NCCL INFO ncclTopoPopulateNics : Filled mlx5_8 in topo with pciPath=/sys/devices/pci0000:be/0000:be:02.0/0000:bf:00.0/0000:c0:04.0/0000:ca:00.0/0000:cb:10.0/0000:cc:00.0 keep=1 coll=(null)
bddx-inf-sci-k8s-a800-03849:1613011:1613979 [3] NCCL INFO ncclTopoPopulateNics : Filled mlx5_9 in topo with pciPath=/sys/devices/pci0000:be/0000:be:02.0/0000:bf:00.0/0000:c0:04.0/0000:ca:00.0/0000:cb:10.0/0000:cc:00.1 keep=1 coll=(null)
bddx-inf-sci-k8s-a800-03849:1613011:1613979 [3] NCCL INFO TOPO/NET : Made vNic 8
bddx-inf-sci-k8s-a800-03849:1613011:1613979 [3] NCCL INFO TOPO/NET : Made vNic 9
bddx-inf-sci-k8s-a800-03849:1613011:1613979 [3] NCCL INFO TOPO/NET : Made vNic 10
bddx-inf-sci-k8s-a800-03849:1613010:1613978 [2] NCCL INFO ncclTopoPopulateNics : Filled mlx5_9 in topo with pciPath=/sys/devices/pci0000:be/0000:be:02.0/0000:bf:00.0/0000:c0:04.0/0000:ca:00.0/0000:cb:10.0/0000:cc:00.1 keep=1 coll=(null)
bddx-inf-sci-k8s-a800-03849:1613011:1613979 [3] NCCL INFO TOPO/NET : Made vNic 11
bddx-inf-sci-k8s-a800-03849:1613010:1613978 [2] NCCL INFO TOPO/NET : Made vNic 8
bddx-inf-sci-k8s-a800-03849:1613011:1613979 [3] NCCL INFO ncclTopoPopulateNics : Filled mlx5_2+mlx5_3 in topo with pciPath=/sys/devices/pci0000:0b/0000:0b:02.0/0000:0c:00.0/0000:0d:08.0/0000:1d:00.0/0000:1e:00.0/0000:1f:00.0 keep=1 coll=(null)
bddx-inf-sci-k8s-a800-03849:1613010:1613978 [2] NCCL INFO TOPO/NET : Made vNic 9
bddx-inf-sci-k8s-a800-03849:1613010:1613978 [2] NCCL INFO TOPO/NET : Made vNic 10
bddx-inf-sci-k8s-a800-03849:1613010:1613978 [2] NCCL INFO TOPO/NET : Made vNic 11
bddx-inf-sci-k8s-a800-03849:1613011:1613979 [3] NCCL INFO ncclTopoPopulateNics : Filled mlx5_4+mlx5_5 in topo with pciPath=/sys/devices/pci0000:42/0000:42:02.0/0000:43:00.0/0000:44:08.0/0000:5d:00.0/0000:5e:00.0/0000:5f:00.0 keep=1 coll=(null)
bddx-inf-sci-k8s-a800-03849:1613010:1613978 [2] NCCL INFO ncclTopoPopulateNics : Filled mlx5_2+mlx5_3 in topo with pciPath=/sys/devices/pci0000:0b/0000:0b:02.0/0000:0c:00.0/0000:0d:08.0/0000:1d:00.0/0000:1e:00.0/0000:1f:00.0 keep=1 coll=(null)
bddx-inf-sci-k8s-a800-03849:1613011:1613979 [3] NCCL INFO ncclTopoPopulateNics : Filled mlx5_6+mlx5_7 in topo with pciPath=/sys/devices/pci0000:82/0000:82:02.0/0000:83:00.0/0000:84:08.0/0000:93:00.0/0000:94:00.0/0000:95:00.0 keep=1 coll=(null)
bddx-inf-sci-k8s-a800-03849:1613010:1613978 [2] NCCL INFO ncclTopoPopulateNics : Filled mlx5_4+mlx5_5 in topo with pciPath=/sys/devices/pci0000:42/0000:42:02.0/0000:43:00.0/0000:44:08.0/0000:5d:00.0/0000:5e:00.0/0000:5f:00.0 keep=1 coll=(null)
bddx-inf-sci-k8s-a800-03849:1613011:1613979 [3] NCCL INFO ncclTopoPopulateNics : Filled mlx5_8+mlx5_9 in topo with pciPath=/sys/devices/pci0000:be/0000:be:02.0/0000:bf:00.0/0000:c0:04.0/0000:ca:00.0/0000:cb:10.0/0000:cc:00.0 keep=1 coll=(null)
bddx-inf-sci-k8s-a800-03849:1613010:1613978 [2] NCCL INFO ncclTopoPopulateNics : Filled mlx5_6+mlx5_7 in topo with pciPath=/sys/devices/pci0000:82/0000:82:02.0/0000:83:00.0/0000:84:08.0/0000:93:00.0/0000:94:00.0/0000:95:00.0 keep=1 coll=(null)
bddx-inf-sci-k8s-a800-03849:1613010:1613978 [2] NCCL INFO ncclTopoPopulateNics : Filled mlx5_8+mlx5_9 in topo with pciPath=/sys/devices/pci0000:be/0000:be:02.0/0000:bf:00.0/0000:c0:04.0/0000:ca:00.0/0000:cb:10.0/0000:cc:00.0 keep=1 coll=(null)
bddx-inf-sci-k8s-a800-03849:1613013:1613976 [5] NCCL INFO TOPO/NET : Importing network plugins to topology
bddx-inf-sci-k8s-a800-03849:1613013:1613976 [5] NCCL INFO Retrieving state for IBext_v10
bddx-inf-sci-k8s-a800-03849:1613013:1613976 [5] NCCL INFO Initialized state 0 for IBext_v10
bddx-inf-sci-k8s-a800-03849:1613013:1613976 [5] NCCL INFO ncclTopoPopulateNics : Filled mlx5_2 in topo with pciPath=/sys/devices/pci0000:0b/0000:0b:02.0/0000:0c:00.0/0000:0d:08.0/0000:1d:00.0/0000:1e:00.0/0000:1f:00.0 keep=1 coll=(null)
bddx-inf-sci-k8s-a800-03849:1613013:1613976 [5] NCCL INFO ncclTopoPopulateNics : Filled mlx5_3 in topo with pciPath=/sys/devices/pci0000:0b/0000:0b:02.0/0000:0c:00.0/0000:0d:08.0/0000:1d:00.0/0000:1e:00.0/0000:1f:00.1 keep=1 coll=(null)
bddx-inf-sci-k8s-a800-03849:1613008:1613980 [0] NCCL INFO TOPO/NET : Importing network plugins to topology
bddx-inf-sci-k8s-a800-03849:1613008:1613980 [0] NCCL INFO Retrieving state for IBext_v10
bddx-inf-sci-k8s-a800-03849:1613008:1613980 [0] NCCL INFO Initialized state 0 for IBext_v10
bddx-inf-sci-k8s-a800-03849:1613008:1613980 [0] NCCL INFO ncclTopoPopulateNics : Filled mlx5_2 in topo with pciPath=/sys/devices/pci0000:0b/0000:0b:02.0/0000:0c:00.0/0000:0d:08.0/0000:1d:00.0/0000:1e:00.0/0000:1f:00.0 keep=1 coll=(null)
bddx-inf-sci-k8s-a800-03849:1613013:1613976 [5] NCCL INFO ncclTopoPopulateNics : Filled mlx5_4 in topo with pciPath=/sys/devices/pci0000:42/0000:42:02.0/0000:43:00.0/0000:44:08.0/0000:5d:00.0/0000:5e:00.0/0000:5f:00.0 keep=1 coll=(null)
bddx-inf-sci-k8s-a800-03849:1613008:1613980 [0] NCCL INFO ncclTopoPopulateNics : Filled mlx5_3 in topo with pciPath=/sys/devices/pci0000:0b/0000:0b:02.0/0000:0c:00.0/0000:0d:08.0/0000:1d:00.0/0000:1e:00.0/0000:1f:00.1 keep=1 coll=(null)
bddx-inf-sci-k8s-a800-03849:1613013:1613976 [5] NCCL INFO ncclTopoPopulateNics : Filled mlx5_5 in topo with pciPath=/sys/devices/pci0000:42/0000:42:02.0/0000:43:00.0/0000:44:08.0/0000:5d:00.0/0000:5e:00.0/0000:5f:00.1 keep=1 coll=(null)
bddx-inf-sci-k8s-a800-03849:1613008:1613980 [0] NCCL INFO ncclTopoPopulateNics : Filled mlx5_4 in topo with pciPath=/sys/devices/pci0000:42/0000:42:02.0/0000:43:00.0/0000:44:08.0/0000:5d:00.0/0000:5e:00.0/0000:5f:00.0 keep=1 coll=(null)
bddx-inf-sci-k8s-a800-03849:1613013:1613976 [5] NCCL INFO ncclTopoPopulateNics : Filled mlx5_6 in topo with pciPath=/sys/devices/pci0000:82/0000:82:02.0/0000:83:00.0/0000:84:08.0/0000:93:00.0/0000:94:00.0/0000:95:00.0 keep=1 coll=(null)
bddx-inf-sci-k8s-a800-03849:1613008:1613980 [0] NCCL INFO ncclTopoPopulateNics : Filled mlx5_5 in topo with pciPath=/sys/devices/pci0000:42/0000:42:02.0/0000:43:00.0/0000:44:08.0/0000:5d:00.0/0000:5e:00.0/0000:5f:00.1 keep=1 coll=(null)
bddx-inf-sci-k8s-a800-03849:1613013:1613976 [5] NCCL INFO ncclTopoPopulateNics : Filled mlx5_7 in topo with pciPath=/sys/devices/pci0000:82/0000:82:02.0/0000:83:00.0/0000:84:08.0/0000:93:00.0/0000:94:00.0/0000:95:00.1 keep=1 coll=(null)
bddx-inf-sci-k8s-a800-03849:1613008:1613980 [0] NCCL INFO ncclTopoPopulateNics : Filled mlx5_6 in topo with pciPath=/sys/devices/pci0000:82/0000:82:02.0/0000:83:00.0/0000:84:08.0/0000:93:00.0/0000:94:00.0/0000:95:00.0 keep=1 coll=(null)
bddx-inf-sci-k8s-a800-03849:1613013:1613976 [5] NCCL INFO ncclTopoPopulateNics : Filled mlx5_8 in topo with pciPath=/sys/devices/pci0000:be/0000:be:02.0/0000:bf:00.0/0000:c0:04.0/0000:ca:00.0/0000:cb:10.0/0000:cc:00.0 keep=1 coll=(null)
bddx-inf-sci-k8s-a800-03849:1613015:1613975 [7] NCCL INFO TOPO/NET : Importing network plugins to topology
bddx-inf-sci-k8s-a800-03849:1613015:1613975 [7] NCCL INFO Retrieving state for IBext_v10
bddx-inf-sci-k8s-a800-03849:1613015:1613975 [7] NCCL INFO Initialized state 0 for IBext_v10
bddx-inf-sci-k8s-a800-03849:1613008:1613980 [0] NCCL INFO ncclTopoPopulateNics : Filled mlx5_7 in topo with pciPath=/sys/devices/pci0000:82/0000:82:02.0/0000:83:00.0/0000:84:08.0/0000:93:00.0/0000:94:00.0/0000:95:00.1 keep=1 coll=(null)
bddx-inf-sci-k8s-a800-03849:1613013:1613976 [5] NCCL INFO ncclTopoPopulateNics : Filled mlx5_9 in topo with pciPath=/sys/devices/pci0000:be/0000:be:02.0/0000:bf:00.0/0000:c0:04.0/0000:ca:00.0/0000:cb:10.0/0000:cc:00.1 keep=1 coll=(null)
bddx-inf-sci-k8s-a800-03849:1613013:1613976 [5] NCCL INFO TOPO/NET : Made vNic 8
bddx-inf-sci-k8s-a800-03849:1613013:1613976 [5] NCCL INFO TOPO/NET : Made vNic 9
bddx-inf-sci-k8s-a800-03849:1613013:1613976 [5] NCCL INFO TOPO/NET : Made vNic 10
bddx-inf-sci-k8s-a800-03849:1613013:1613976 [5] NCCL INFO TOPO/NET : Made vNic 11
bddx-inf-sci-k8s-a800-03849:1613015:1613975 [7] NCCL INFO ncclTopoPopulateNics : Filled mlx5_2 in topo with pciPath=/sys/devices/pci0000:0b/0000:0b:02.0/0000:0c:00.0/0000:0d:08.0/0000:1d:00.0/0000:1e:00.0/0000:1f:00.0 keep=1 coll=(null)
bddx-inf-sci-k8s-a800-03849:1613013:1613976 [5] NCCL INFO ncclTopoPopulateNics : Filled mlx5_2+mlx5_3 in topo with pciPath=/sys/devices/pci0000:0b/0000:0b:02.0/0000:0c:00.0/0000:0d:08.0/0000:1d:00.0/0000:1e:00.0/0000:1f:00.0 keep=1 coll=(null)
bddx-inf-sci-k8s-a800-03849:1613013:1613976 [5] NCCL INFO ncclTopoPopulateNics : Filled mlx5_4+mlx5_5 in topo with pciPath=/sys/devices/pci0000:42/0000:42:02.0/0000:43:00.0/0000:44:08.0/0000:5d:00.0/0000:5e:00.0/0000:5f:00.0 keep=1 coll=(null)
bddx-inf-sci-k8s-a800-03849:1613013:1613976 [5] NCCL INFO ncclTopoPopulateNics : Filled mlx5_6+mlx5_7 in topo with pciPath=/sys/devices/pci0000:82/0000:82:02.0/0000:83:00.0/0000:84:08.0/0000:93:00.0/0000:94:00.0/0000:95:00.0 keep=1 coll=(null)
bddx-inf-sci-k8s-a800-03849:1613013:1613976 [5] NCCL INFO ncclTopoPopulateNics : Filled mlx5_8+mlx5_9 in topo with pciPath=/sys/devices/pci0000:be/0000:be:02.0/0000:bf:00.0/0000:c0:04.0/0000:ca:00.0/0000:cb:10.0/0000:cc:00.0 keep=1 coll=(null)
bddx-inf-sci-k8s-a800-03849:1613014:1613977 [6] NCCL INFO TOPO/NET : Importing network plugins to topology
bddx-inf-sci-k8s-a800-03849:1613015:1613975 [7] NCCL INFO ncclTopoPopulateNics : Filled mlx5_3 in topo with pciPath=/sys/devices/pci0000:0b/0000:0b:02.0/0000:0c:00.0/0000:0d:08.0/0000:1d:00.0/0000:1e:00.0/0000:1f:00.1 keep=1 coll=(null)
bddx-inf-sci-k8s-a800-03849:1613014:1613977 [6] NCCL INFO Retrieving state for IBext_v10
bddx-inf-sci-k8s-a800-03849:1613014:1613977 [6] NCCL INFO Initialized state 0 for IBext_v10
bddx-inf-sci-k8s-a800-03849:1613008:1613980 [0] NCCL INFO ncclTopoPopulateNics : Filled mlx5_8 in topo with pciPath=/sys/devices/pci0000:be/0000:be:02.0/0000:bf:00.0/0000:c0:04.0/0000:ca:00.0/0000:cb:10.0/0000:cc:00.0 keep=1 coll=(null)
bddx-inf-sci-k8s-a800-03849:1613014:1613977 [6] NCCL INFO ncclTopoPopulateNics : Filled mlx5_2 in topo with pciPath=/sys/devices/pci0000:0b/0000:0b:02.0/0000:0c:00.0/0000:0d:08.0/0000:1d:00.0/0000:1e:00.0/0000:1f:00.0 keep=1 coll=(null)
bddx-inf-sci-k8s-a800-03849:1613008:1613980 [0] NCCL INFO ncclTopoPopulateNics : Filled mlx5_9 in topo with pciPath=/sys/devices/pci0000:be/0000:be:02.0/0000:bf:00.0/0000:c0:04.0/0000:ca:00.0/0000:cb:10.0/0000:cc:00.1 keep=1 coll=(null)
bddx-inf-sci-k8s-a800-03849:1613008:1613980 [0] NCCL INFO TOPO/NET : Made vNic 8
bddx-inf-sci-k8s-a800-03849:1613008:1613980 [0] NCCL INFO TOPO/NET : Made vNic 9
bddx-inf-sci-k8s-a800-03849:1613008:1613980 [0] NCCL INFO TOPO/NET : Made vNic 10
bddx-inf-sci-k8s-a800-03849:1613008:1613980 [0] NCCL INFO TOPO/NET : Made vNic 11
bddx-inf-sci-k8s-a800-03849:1613008:1613980 [0] NCCL INFO ncclTopoPopulateNics : Filled mlx5_2+mlx5_3 in topo with pciPath=/sys/devices/pci0000:0b/0000:0b:02.0/0000:0c:00.0/0000:0d:08.0/0000:1d:00.0/0000:1e:00.0/0000:1f:00.0 keep=1 coll=(null)
bddx-inf-sci-k8s-a800-03849:1613015:1613975 [7] NCCL INFO ncclTopoPopulateNics : Filled mlx5_4 in topo with pciPath=/sys/devices/pci0000:42/0000:42:02.0/0000:43:00.0/0000:44:08.0/0000:5d:00.0/0000:5e:00.0/0000:5f:00.0 keep=1 coll=(null)
bddx-inf-sci-k8s-a800-03849:1613008:1613980 [0] NCCL INFO ncclTopoPopulateNics : Filled mlx5_4+mlx5_5 in topo with pciPath=/sys/devices/pci0000:42/0000:42:02.0/0000:43:00.0/0000:44:08.0/0000:5d:00.0/0000:5e:00.0/0000:5f:00.0 keep=1 coll=(null)
bddx-inf-sci-k8s-a800-03849:1613008:1613980 [0] NCCL INFO ncclTopoPopulateNics : Filled mlx5_6+mlx5_7 in topo with pciPath=/sys/devices/pci0000:82/0000:82:02.0/0000:83:00.0/0000:84:08.0/0000:93:00.0/0000:94:00.0/0000:95:00.0 keep=1 coll=(null)
bddx-inf-sci-k8s-a800-03849:1613008:1613980 [0] NCCL INFO ncclTopoPopulateNics : Filled mlx5_8+mlx5_9 in topo with pciPath=/sys/devices/pci0000:be/0000:be:02.0/0000:bf:00.0/0000:c0:04.0/0000:ca:00.0/0000:cb:10.0/0000:cc:00.0 keep=1 coll=(null)
bddx-inf-sci-k8s-a800-03849:1613014:1613977 [6] NCCL INFO ncclTopoPopulateNics : Filled mlx5_3 in topo with pciPath=/sys/devices/pci0000:0b/0000:0b:02.0/0000:0c:00.0/0000:0d:08.0/0000:1d:00.0/0000:1e:00.0/0000:1f:00.1 keep=1 coll=(null)
bddx-inf-sci-k8s-a800-03849:1613015:1613975 [7] NCCL INFO ncclTopoPopulateNics : Filled mlx5_5 in topo with pciPath=/sys/devices/pci0000:42/0000:42:02.0/0000:43:00.0/0000:44:08.0/0000:5d:00.0/0000:5e:00.0/0000:5f:00.1 keep=1 coll=(null)
bddx-inf-sci-k8s-a800-03849:1613014:1613977 [6] NCCL INFO ncclTopoPopulateNics : Filled mlx5_4 in topo with pciPath=/sys/devices/pci0000:42/0000:42:02.0/0000:43:00.0/0000:44:08.0/0000:5d:00.0/0000:5e:00.0/0000:5f:00.0 keep=1 coll=(null)
bddx-inf-sci-k8s-a800-03849:1613015:1613975 [7] NCCL INFO ncclTopoPopulateNics : Filled mlx5_6 in topo with pciPath=/sys/devices/pci0000:82/0000:82:02.0/0000:83:00.0/0000:84:08.0/0000:93:00.0/0000:94:00.0/0000:95:00.0 keep=1 coll=(null)
bddx-inf-sci-k8s-a800-03849:1613014:1613977 [6] NCCL INFO ncclTopoPopulateNics : Filled mlx5_5 in topo with pciPath=/sys/devices/pci0000:42/0000:42:02.0/0000:43:00.0/0000:44:08.0/0000:5d:00.0/0000:5e:00.0/0000:5f:00.1 keep=1 coll=(null)
bddx-inf-sci-k8s-a800-03849:1613015:1613975 [7] NCCL INFO ncclTopoPopulateNics : Filled mlx5_7 in topo with pciPath=/sys/devices/pci0000:82/0000:82:02.0/0000:83:00.0/0000:84:08.0/0000:93:00.0/0000:94:00.0/0000:95:00.1 keep=1 coll=(null)
bddx-inf-sci-k8s-a800-03849:1613014:1613977 [6] NCCL INFO ncclTopoPopulateNics : Filled mlx5_6 in topo with pciPath=/sys/devices/pci0000:82/0000:82:02.0/0000:83:00.0/0000:84:08.0/0000:93:00.0/0000:94:00.0/0000:95:00.0 keep=1 coll=(null)
bddx-inf-sci-k8s-a800-03849:1613015:1613975 [7] NCCL INFO ncclTopoPopulateNics : Filled mlx5_8 in topo with pciPath=/sys/devices/pci0000:be/0000:be:02.0/0000:bf:00.0/0000:c0:04.0/0000:ca:00.0/0000:cb:10.0/0000:cc:00.0 keep=1 coll=(null)
bddx-inf-sci-k8s-a800-03849:1613014:1613977 [6] NCCL INFO ncclTopoPopulateNics : Filled mlx5_7 in topo with pciPath=/sys/devices/pci0000:82/0000:82:02.0/0000:83:00.0/0000:84:08.0/0000:93:00.0/0000:94:00.0/0000:95:00.1 keep=1 coll=(null)
bddx-inf-sci-k8s-a800-03849:1613015:1613975 [7] NCCL INFO ncclTopoPopulateNics : Filled mlx5_9 in topo with pciPath=/sys/devices/pci0000:be/0000:be:02.0/0000:bf:00.0/0000:c0:04.0/0000:ca:00.0/0000:cb:10.0/0000:cc:00.1 keep=1 coll=(null)
bddx-inf-sci-k8s-a800-03849:1613015:1613975 [7] NCCL INFO TOPO/NET : Made vNic 8
bddx-inf-sci-k8s-a800-03849:1613015:1613975 [7] NCCL INFO TOPO/NET : Made vNic 9
bddx-inf-sci-k8s-a800-03849:1613015:1613975 [7] NCCL INFO TOPO/NET : Made vNic 10
bddx-inf-sci-k8s-a800-03849:1613015:1613975 [7] NCCL INFO TOPO/NET : Made vNic 11
bddx-inf-sci-k8s-a800-03849:1613015:1613975 [7] NCCL INFO ncclTopoPopulateNics : Filled mlx5_2+mlx5_3 in topo with pciPath=/sys/devices/pci0000:0b/0000:0b:02.0/0000:0c:00.0/0000:0d:08.0/0000:1d:00.0/0000:1e:00.0/0000:1f:00.0 keep=1 coll=(null)
bddx-inf-sci-k8s-a800-03849:1613015:1613975 [7] NCCL INFO ncclTopoPopulateNics : Filled mlx5_4+mlx5_5 in topo with pciPath=/sys/devices/pci0000:42/0000:42:02.0/0000:43:00.0/0000:44:08.0/0000:5d:00.0/0000:5e:00.0/0000:5f:00.0 keep=1 coll=(null)
bddx-inf-sci-k8s-a800-03849:1613015:1613975 [7] NCCL INFO ncclTopoPopulateNics : Filled mlx5_6+mlx5_7 in topo with pciPath=/sys/devices/pci0000:82/0000:82:02.0/0000:83:00.0/0000:84:08.0/0000:93:00.0/0000:94:00.0/0000:95:00.0 keep=1 coll=(null)
bddx-inf-sci-k8s-a800-03849:1613015:1613975 [7] NCCL INFO ncclTopoPopulateNics : Filled mlx5_8+mlx5_9 in topo with pciPath=/sys/devices/pci0000:be/0000:be:02.0/0000:bf:00.0/0000:c0:04.0/0000:ca:00.0/0000:cb:10.0/0000:cc:00.0 keep=1 coll=(null)
bddx-inf-sci-k8s-a800-03849:1613014:1613977 [6] NCCL INFO ncclTopoPopulateNics : Filled mlx5_8 in topo with pciPath=/sys/devices/pci0000:be/0000:be:02.0/0000:bf:00.0/0000:c0:04.0/0000:ca:00.0/0000:cb:10.0/0000:cc:00.0 keep=1 coll=(null)
bddx-inf-sci-k8s-a800-03849:1613014:1613977 [6] NCCL INFO ncclTopoPopulateNics : Filled mlx5_9 in topo with pciPath=/sys/devices/pci0000:be/0000:be:02.0/0000:bf:00.0/0000:c0:04.0/0000:ca:00.0/0000:cb:10.0/0000:cc:00.1 keep=1 coll=(null)
bddx-inf-sci-k8s-a800-03849:1613014:1613977 [6] NCCL INFO TOPO/NET : Made vNic 8
bddx-inf-sci-k8s-a800-03849:1613014:1613977 [6] NCCL INFO TOPO/NET : Made vNic 9
bddx-inf-sci-k8s-a800-03849:1613014:1613977 [6] NCCL INFO TOPO/NET : Made vNic 10
bddx-inf-sci-k8s-a800-03849:1613014:1613977 [6] NCCL INFO TOPO/NET : Made vNic 11
bddx-inf-sci-k8s-a800-03849:1613014:1613977 [6] NCCL INFO ncclTopoPopulateNics : Filled mlx5_2+mlx5_3 in topo with pciPath=/sys/devices/pci0000:0b/0000:0b:02.0/0000:0c:00.0/0000:0d:08.0/0000:1d:00.0/0000:1e:00.0/0000:1f:00.0 keep=1 coll=(null)
bddx-inf-sci-k8s-a800-03849:1613014:1613977 [6] NCCL INFO ncclTopoPopulateNics : Filled mlx5_4+mlx5_5 in topo with pciPath=/sys/devices/pci0000:42/0000:42:02.0/0000:43:00.0/0000:44:08.0/0000:5d:00.0/0000:5e:00.0/0000:5f:00.0 keep=1 coll=(null)
bddx-inf-sci-k8s-a800-03849:1613014:1613977 [6] NCCL INFO ncclTopoPopulateNics : Filled mlx5_6+mlx5_7 in topo with pciPath=/sys/devices/pci0000:82/0000:82:02.0/0000:83:00.0/0000:84:08.0/0000:93:00.0/0000:94:00.0/0000:95:00.0 keep=1 coll=(null)
bddx-inf-sci-k8s-a800-03849:1613014:1613977 [6] NCCL INFO ncclTopoPopulateNics : Filled mlx5_8+mlx5_9 in topo with pciPath=/sys/devices/pci0000:be/0000:be:02.0/0000:bf:00.0/0000:c0:04.0/0000:ca:00.0/0000:cb:10.0/0000:cc:00.0 keep=1 coll=(null)
bddx-inf-sci-k8s-a800-03849:1613009:1613974 [1] NCCL INFO TOPO/NET : Importing network plugins to topology
bddx-inf-sci-k8s-a800-03849:1613009:1613974 [1] NCCL INFO Retrieving state for IBext_v10
bddx-inf-sci-k8s-a800-03849:1613009:1613974 [1] NCCL INFO Initialized state 0 for IBext_v10
bddx-inf-sci-k8s-a800-03849:1613009:1613974 [1] NCCL INFO ncclTopoPopulateNics : Filled mlx5_2 in topo with pciPath=/sys/devices/pci0000:0b/0000:0b:02.0/0000:0c:00.0/0000:0d:08.0/0000:1d:00.0/0000:1e:00.0/0000:1f:00.0 keep=1 coll=(null)
bddx-inf-sci-k8s-a800-03849:1613012:1613973 [4] NCCL INFO TOPO/NET : Importing network plugins to topology
bddx-inf-sci-k8s-a800-03849:1613012:1613973 [4] NCCL INFO Retrieving state for IBext_v10
bddx-inf-sci-k8s-a800-03849:1613012:1613973 [4] NCCL INFO Initialized state 0 for IBext_v10
bddx-inf-sci-k8s-a800-03849:1613009:1613974 [1] NCCL INFO ncclTopoPopulateNics : Filled mlx5_3 in topo with pciPath=/sys/devices/pci0000:0b/0000:0b:02.0/0000:0c:00.0/0000:0d:08.0/0000:1d:00.0/0000:1e:00.0/0000:1f:00.1 keep=1 coll=(null)
bddx-inf-sci-k8s-a800-03849:1613012:1613973 [4] NCCL INFO ncclTopoPopulateNics : Filled mlx5_2 in topo with pciPath=/sys/devices/pci0000:0b/0000:0b:02.0/0000:0c:00.0/0000:0d:08.0/0000:1d:00.0/0000:1e:00.0/0000:1f:00.0 keep=1 coll=(null)
bddx-inf-sci-k8s-a800-03849:1613009:1613974 [1] NCCL INFO ncclTopoPopulateNics : Filled mlx5_4 in topo with pciPath=/sys/devices/pci0000:42/0000:42:02.0/0000:43:00.0/0000:44:08.0/0000:5d:00.0/0000:5e:00.0/0000:5f:00.0 keep=1 coll=(null)
bddx-inf-sci-k8s-a800-03849:1613012:1613973 [4] NCCL INFO ncclTopoPopulateNics : Filled mlx5_3 in topo with pciPath=/sys/devices/pci0000:0b/0000:0b:02.0/0000:0c:00.0/0000:0d:08.0/0000:1d:00.0/0000:1e:00.0/0000:1f:00.1 keep=1 coll=(null)
bddx-inf-sci-k8s-a800-03849:1613009:1613974 [1] NCCL INFO ncclTopoPopulateNics : Filled mlx5_5 in topo with pciPath=/sys/devices/pci0000:42/0000:42:02.0/0000:43:00.0/0000:44:08.0/0000:5d:00.0/0000:5e:00.0/0000:5f:00.1 keep=1 coll=(null)
bddx-inf-sci-k8s-a800-03849:1613012:1613973 [4] NCCL INFO ncclTopoPopulateNics : Filled mlx5_4 in topo with pciPath=/sys/devices/pci0000:42/0000:42:02.0/0000:43:00.0/0000:44:08.0/0000:5d:00.0/0000:5e:00.0/0000:5f:00.0 keep=1 coll=(null)
bddx-inf-sci-k8s-a800-03849:1613009:1613974 [1] NCCL INFO ncclTopoPopulateNics : Filled mlx5_6 in topo with pciPath=/sys/devices/pci0000:82/0000:82:02.0/0000:83:00.0/0000:84:08.0/0000:93:00.0/0000:94:00.0/0000:95:00.0 keep=1 coll=(null)
bddx-inf-sci-k8s-a800-03849:1613012:1613973 [4] NCCL INFO ncclTopoPopulateNics : Filled mlx5_5 in topo with pciPath=/sys/devices/pci0000:42/0000:42:02.0/0000:43:00.0/0000:44:08.0/0000:5d:00.0/0000:5e:00.0/0000:5f:00.1 keep=1 coll=(null)
bddx-inf-sci-k8s-a800-03849:1613009:1613974 [1] NCCL INFO ncclTopoPopulateNics : Filled mlx5_7 in topo with pciPath=/sys/devices/pci0000:82/0000:82:02.0/0000:83:00.0/0000:84:08.0/0000:93:00.0/0000:94:00.0/0000:95:00.1 keep=1 coll=(null)
bddx-inf-sci-k8s-a800-03849:1613012:1613973 [4] NCCL INFO ncclTopoPopulateNics : Filled mlx5_6 in topo with pciPath=/sys/devices/pci0000:82/0000:82:02.0/0000:83:00.0/0000:84:08.0/0000:93:00.0/0000:94:00.0/0000:95:00.0 keep=1 coll=(null)
bddx-inf-sci-k8s-a800-03849:1613012:1613973 [4] NCCL INFO ncclTopoPopulateNics : Filled mlx5_7 in topo with pciPath=/sys/devices/pci0000:82/0000:82:02.0/0000:83:00.0/0000:84:08.0/0000:93:00.0/0000:94:00.0/0000:95:00.1 keep=1 coll=(null)
bddx-inf-sci-k8s-a800-03849:1613009:1613974 [1] NCCL INFO ncclTopoPopulateNics : Filled mlx5_8 in topo with pciPath=/sys/devices/pci0000:be/0000:be:02.0/0000:bf:00.0/0000:c0:04.0/0000:ca:00.0/0000:cb:10.0/0000:cc:00.0 keep=1 coll=(null)
bddx-inf-sci-k8s-a800-03849:1613009:1613974 [1] NCCL INFO ncclTopoPopulateNics : Filled mlx5_9 in topo with pciPath=/sys/devices/pci0000:be/0000:be:02.0/0000:bf:00.0/0000:c0:04.0/0000:ca:00.0/0000:cb:10.0/0000:cc:00.1 keep=1 coll=(null)
bddx-inf-sci-k8s-a800-03849:1613009:1613974 [1] NCCL INFO TOPO/NET : Made vNic 8
bddx-inf-sci-k8s-a800-03849:1613009:1613974 [1] NCCL INFO TOPO/NET : Made vNic 9
bddx-inf-sci-k8s-a800-03849:1613009:1613974 [1] NCCL INFO TOPO/NET : Made vNic 10
bddx-inf-sci-k8s-a800-03849:1613009:1613974 [1] NCCL INFO TOPO/NET : Made vNic 11
bddx-inf-sci-k8s-a800-03849:1613012:1613973 [4] NCCL INFO ncclTopoPopulateNics : Filled mlx5_8 in topo with pciPath=/sys/devices/pci0000:be/0000:be:02.0/0000:bf:00.0/0000:c0:04.0/0000:ca:00.0/0000:cb:10.0/0000:cc:00.0 keep=1 coll=(null)
bddx-inf-sci-k8s-a800-03849:1613009:1613974 [1] NCCL INFO ncclTopoPopulateNics : Filled mlx5_2+mlx5_3 in topo with pciPath=/sys/devices/pci0000:0b/0000:0b:02.0/0000:0c:00.0/0000:0d:08.0/0000:1d:00.0/0000:1e:00.0/0000:1f:00.0 keep=1 coll=(null)
bddx-inf-sci-k8s-a800-03849:1613009:1613974 [1] NCCL INFO ncclTopoPopulateNics : Filled mlx5_4+mlx5_5 in topo with pciPath=/sys/devices/pci0000:42/0000:42:02.0/0000:43:00.0/0000:44:08.0/0000:5d:00.0/0000:5e:00.0/0000:5f:00.0 keep=1 coll=(null)
bddx-inf-sci-k8s-a800-03849:1613009:1613974 [1] NCCL INFO ncclTopoPopulateNics : Filled mlx5_6+mlx5_7 in topo with pciPath=/sys/devices/pci0000:82/0000:82:02.0/0000:83:00.0/0000:84:08.0/0000:93:00.0/0000:94:00.0/0000:95:00.0 keep=1 coll=(null)
bddx-inf-sci-k8s-a800-03849:1613009:1613974 [1] NCCL INFO ncclTopoPopulateNics : Filled mlx5_8+mlx5_9 in topo with pciPath=/sys/devices/pci0000:be/0000:be:02.0/0000:bf:00.0/0000:c0:04.0/0000:ca:00.0/0000:cb:10.0/0000:cc:00.0 keep=1 coll=(null)
bddx-inf-sci-k8s-a800-03849:1613012:1613973 [4] NCCL INFO ncclTopoPopulateNics : Filled mlx5_9 in topo with pciPath=/sys/devices/pci0000:be/0000:be:02.0/0000:bf:00.0/0000:c0:04.0/0000:ca:00.0/0000:cb:10.0/0000:cc:00.1 keep=1 coll=(null)
bddx-inf-sci-k8s-a800-03849:1613012:1613973 [4] NCCL INFO TOPO/NET : Made vNic 8
bddx-inf-sci-k8s-a800-03849:1613012:1613973 [4] NCCL INFO TOPO/NET : Made vNic 9
bddx-inf-sci-k8s-a800-03849:1613012:1613973 [4] NCCL INFO TOPO/NET : Made vNic 10
bddx-inf-sci-k8s-a800-03849:1613012:1613973 [4] NCCL INFO TOPO/NET : Made vNic 11
bddx-inf-sci-k8s-a800-03849:1613012:1613973 [4] NCCL INFO ncclTopoPopulateNics : Filled mlx5_2+mlx5_3 in topo with pciPath=/sys/devices/pci0000:0b/0000:0b:02.0/0000:0c:00.0/0000:0d:08.0/0000:1d:00.0/0000:1e:00.0/0000:1f:00.0 keep=1 coll=(null)
bddx-inf-sci-k8s-a800-03849:1613012:1613973 [4] NCCL INFO ncclTopoPopulateNics : Filled mlx5_4+mlx5_5 in topo with pciPath=/sys/devices/pci0000:42/0000:42:02.0/0000:43:00.0/0000:44:08.0/0000:5d:00.0/0000:5e:00.0/0000:5f:00.0 keep=1 coll=(null)
bddx-inf-sci-k8s-a800-03849:1613012:1613973 [4] NCCL INFO ncclTopoPopulateNics : Filled mlx5_6+mlx5_7 in topo with pciPath=/sys/devices/pci0000:82/0000:82:02.0/0000:83:00.0/0000:84:08.0/0000:93:00.0/0000:94:00.0/0000:95:00.0 keep=1 coll=(null)
bddx-inf-sci-k8s-a800-03849:1613012:1613973 [4] NCCL INFO ncclTopoPopulateNics : Filled mlx5_8+mlx5_9 in topo with pciPath=/sys/devices/pci0000:be/0000:be:02.0/0000:bf:00.0/0000:c0:04.0/0000:ca:00.0/0000:cb:10.0/0000:cc:00.0 keep=1 coll=(null)
bddx-inf-sci-k8s-a800-03849:1613013:1613976 [5] NCCL INFO GPU Direct RDMA Enabled for GPU 0 / HCA 8 (distance 5 <= 5), read 0 mode Default
bddx-inf-sci-k8s-a800-03849:1613013:1613976 [5] NCCL INFO GPU Direct RDMA Enabled for GPU 1 / HCA 8 (distance 5 <= 5), read 0 mode Default
bddx-inf-sci-k8s-a800-03849:1613013:1613976 [5] NCCL INFO GPU Direct RDMA Enabled for GPU 2 / HCA 8 (distance 5 <= 5), read 0 mode Default
bddx-inf-sci-k8s-a800-03849:1613013:1613976 [5] NCCL INFO GPU Direct RDMA Enabled for GPU 3 / HCA 8 (distance 5 <= 5), read 0 mode Default
bddx-inf-sci-k8s-a800-03849:1613013:1613976 [5] NCCL INFO GPU Direct RDMA Enabled for GPU 4 / HCA 8 (distance 5 <= 5), read 0 mode Default
bddx-inf-sci-k8s-a800-03849:1613013:1613976 [5] NCCL INFO GPU Direct RDMA Enabled for GPU 5 / HCA 8 (distance 5 <= 5), read 0 mode Default
bddx-inf-sci-k8s-a800-03849:1613013:1613976 [5] NCCL INFO GPU Direct RDMA Enabled for GPU 6 / HCA 8 (distance 5 <= 5), read 0 mode Default
bddx-inf-sci-k8s-a800-03849:1613013:1613976 [5] NCCL INFO GPU Direct RDMA Enabled for GPU 7 / HCA 8 (distance 5 <= 5), read 0 mode Default
bddx-inf-sci-k8s-a800-03849:1613013:1613976 [5] NCCL INFO GPU Direct RDMA Enabled for GPU 0 / HCA 9 (distance 5 <= 5), read 0 mode Default
bddx-inf-sci-k8s-a800-03849:1613013:1613976 [5] NCCL INFO GPU Direct RDMA Enabled for GPU 1 / HCA 9 (distance 5 <= 5), read 0 mode Default
bddx-inf-sci-k8s-a800-03849:1613013:1613976 [5] NCCL INFO GPU Direct RDMA Enabled for GPU 2 / HCA 9 (distance 5 <= 5), read 0 mode Default
bddx-inf-sci-k8s-a800-03849:1613013:1613976 [5] NCCL INFO GPU Direct RDMA Enabled for GPU 3 / HCA 9 (distance 5 <= 5), read 0 mode Default
bddx-inf-sci-k8s-a800-03849:1613013:1613976 [5] NCCL INFO GPU Direct RDMA Enabled for GPU 4 / HCA 9 (distance 5 <= 5), read 0 mode Default
bddx-inf-sci-k8s-a800-03849:1613013:1613976 [5] NCCL INFO GPU Direct RDMA Enabled for GPU 5 / HCA 9 (distance 5 <= 5), read 0 mode Default
bddx-inf-sci-k8s-a800-03849:1613013:1613976 [5] NCCL INFO GPU Direct RDMA Enabled for GPU 6 / HCA 9 (distance 5 <= 5), read 0 mode Default
bddx-inf-sci-k8s-a800-03849:1613013:1613976 [5] NCCL INFO GPU Direct RDMA Enabled for GPU 7 / HCA 9 (distance 5 <= 5), read 0 mode Default
bddx-inf-sci-k8s-a800-03849:1613013:1613976 [5] NCCL INFO GPU Direct RDMA Enabled for GPU 0 / HCA a (distance 5 <= 5), read 0 mode Default
bddx-inf-sci-k8s-a800-03849:1613013:1613976 [5] NCCL INFO GPU Direct RDMA Enabled for GPU 1 / HCA a (distance 5 <= 5), read 0 mode Default
bddx-inf-sci-k8s-a800-03849:1613013:1613976 [5] NCCL INFO GPU Direct RDMA Enabled for GPU 2 / HCA a (distance 5 <= 5), read 0 mode Default
bddx-inf-sci-k8s-a800-03849:1613013:1613976 [5] NCCL INFO GPU Direct RDMA Enabled for GPU 3 / HCA a (distance 5 <= 5), read 0 mode Default
bddx-inf-sci-k8s-a800-03849:1613013:1613976 [5] NCCL INFO GPU Direct RDMA Enabled for GPU 4 / HCA a (distance 5 <= 5), read 0 mode Default
bddx-inf-sci-k8s-a800-03849:1613013:1613976 [5] NCCL INFO GPU Direct RDMA Enabled for GPU 5 / HCA a (distance 5 <= 5), read 0 mode Default
bddx-inf-sci-k8s-a800-03849:1613013:1613976 [5] NCCL INFO GPU Direct RDMA Enabled for GPU 6 / HCA a (distance 5 <= 5), read 0 mode Default
bddx-inf-sci-k8s-a800-03849:1613013:1613976 [5] NCCL INFO GPU Direct RDMA Enabled for GPU 7 / HCA a (distance 5 <= 5), read 0 mode Default
bddx-inf-sci-k8s-a800-03849:1613013:1613976 [5] NCCL INFO GPU Direct RDMA Enabled for GPU 0 / HCA b (distance 5 <= 5), read 0 mode Default
bddx-inf-sci-k8s-a800-03849:1613013:1613976 [5] NCCL INFO GPU Direct RDMA Enabled for GPU 1 / HCA b (distance 5 <= 5), read 0 mode Default
bddx-inf-sci-k8s-a800-03849:1613013:1613976 [5] NCCL INFO GPU Direct RDMA Enabled for GPU 2 / HCA b (distance 5 <= 5), read 0 mode Default
bddx-inf-sci-k8s-a800-03849:1613013:1613976 [5] NCCL INFO GPU Direct RDMA Enabled for GPU 3 / HCA b (distance 5 <= 5), read 0 mode Default
bddx-inf-sci-k8s-a800-03849:1613013:1613976 [5] NCCL INFO GPU Direct RDMA Enabled for GPU 4 / HCA b (distance 5 <= 5), read 0 mode Default
bddx-inf-sci-k8s-a800-03849:1613013:1613976 [5] NCCL INFO GPU Direct RDMA Enabled for GPU 5 / HCA b (distance 5 <= 5), read 0 mode Default
bddx-inf-sci-k8s-a800-03849:1613013:1613976 [5] NCCL INFO GPU Direct RDMA Enabled for GPU 6 / HCA b (distance 5 <= 5), read 0 mode Default
bddx-inf-sci-k8s-a800-03849:1613013:1613976 [5] NCCL INFO GPU Direct RDMA Enabled for GPU 7 / HCA b (distance 5 <= 5), read 0 mode Default
bddx-inf-sci-k8s-a800-03849:1613011:1613979 [3] NCCL INFO GPU Direct RDMA Enabled for GPU 0 / HCA 8 (distance 5 <= 5), read 0 mode Default
bddx-inf-sci-k8s-a800-03849:1613011:1613979 [3] NCCL INFO GPU Direct RDMA Enabled for GPU 1 / HCA 8 (distance 5 <= 5), read 0 mode Default
bddx-inf-sci-k8s-a800-03849:1613011:1613979 [3] NCCL INFO GPU Direct RDMA Enabled for GPU 2 / HCA 8 (distance 5 <= 5), read 0 mode Default
bddx-inf-sci-k8s-a800-03849:1613011:1613979 [3] NCCL INFO GPU Direct RDMA Enabled for GPU 3 / HCA 8 (distance 5 <= 5), read 0 mode Default
bddx-inf-sci-k8s-a800-03849:1613011:1613979 [3] NCCL INFO GPU Direct RDMA Enabled for GPU 4 / HCA 8 (distance 5 <= 5), read 0 mode Default
bddx-inf-sci-k8s-a800-03849:1613011:1613979 [3] NCCL INFO GPU Direct RDMA Enabled for GPU 5 / HCA 8 (distance 5 <= 5), read 0 mode Default
bddx-inf-sci-k8s-a800-03849:1613010:1613978 [2] NCCL INFO GPU Direct RDMA Enabled for GPU 0 / HCA 8 (distance 5 <= 5), read 0 mode Default
bddx-inf-sci-k8s-a800-03849:1613011:1613979 [3] NCCL INFO GPU Direct RDMA Enabled for GPU 6 / HCA 8 (distance 5 <= 5), read 0 mode Default
bddx-inf-sci-k8s-a800-03849:1613010:1613978 [2] NCCL INFO GPU Direct RDMA Enabled for GPU 1 / HCA 8 (distance 5 <= 5), read 0 mode Default
bddx-inf-sci-k8s-a800-03849:1613011:1613979 [3] NCCL INFO GPU Direct RDMA Enabled for GPU 7 / HCA 8 (distance 5 <= 5), read 0 mode Default
bddx-inf-sci-k8s-a800-03849:1613010:1613978 [2] NCCL INFO GPU Direct RDMA Enabled for GPU 2 / HCA 8 (distance 5 <= 5), read 0 mode Default
bddx-inf-sci-k8s-a800-03849:1613011:1613979 [3] NCCL INFO GPU Direct RDMA Enabled for GPU 0 / HCA 9 (distance 5 <= 5), read 0 mode Default
bddx-inf-sci-k8s-a800-03849:1613010:1613978 [2] NCCL INFO GPU Direct RDMA Enabled for GPU 3 / HCA 8 (distance 5 <= 5), read 0 mode Default
bddx-inf-sci-k8s-a800-03849:1613011:1613979 [3] NCCL INFO GPU Direct RDMA Enabled for GPU 1 / HCA 9 (distance 5 <= 5), read 0 mode Default
bddx-inf-sci-k8s-a800-03849:1613010:1613978 [2] NCCL INFO GPU Direct RDMA Enabled for GPU 4 / HCA 8 (distance 5 <= 5), read 0 mode Default
bddx-inf-sci-k8s-a800-03849:1613011:1613979 [3] NCCL INFO GPU Direct RDMA Enabled for GPU 2 / HCA 9 (distance 5 <= 5), read 0 mode Default
bddx-inf-sci-k8s-a800-03849:1613010:1613978 [2] NCCL INFO GPU Direct RDMA Enabled for GPU 5 / HCA 8 (distance 5 <= 5), read 0 mode Default
bddx-inf-sci-k8s-a800-03849:1613011:1613979 [3] NCCL INFO GPU Direct RDMA Enabled for GPU 3 / HCA 9 (distance 5 <= 5), read 0 mode Default
bddx-inf-sci-k8s-a800-03849:1613010:1613978 [2] NCCL INFO GPU Direct RDMA Enabled for GPU 6 / HCA 8 (distance 5 <= 5), read 0 mode Default
bddx-inf-sci-k8s-a800-03849:1613011:1613979 [3] NCCL INFO GPU Direct RDMA Enabled for GPU 4 / HCA 9 (distance 5 <= 5), read 0 mode Default
bddx-inf-sci-k8s-a800-03849:1613010:1613978 [2] NCCL INFO GPU Direct RDMA Enabled for GPU 7 / HCA 8 (distance 5 <= 5), read 0 mode Default
bddx-inf-sci-k8s-a800-03849:1613011:1613979 [3] NCCL INFO GPU Direct RDMA Enabled for GPU 5 / HCA 9 (distance 5 <= 5), read 0 mode Default
bddx-inf-sci-k8s-a800-03849:1613010:1613978 [2] NCCL INFO GPU Direct RDMA Enabled for GPU 0 / HCA 9 (distance 5 <= 5), read 0 mode Default
bddx-inf-sci-k8s-a800-03849:1613011:1613979 [3] NCCL INFO GPU Direct RDMA Enabled for GPU 6 / HCA 9 (distance 5 <= 5), read 0 mode Default
bddx-inf-sci-k8s-a800-03849:1613010:1613978 [2] NCCL INFO GPU Direct RDMA Enabled for GPU 1 / HCA 9 (distance 5 <= 5), read 0 mode Default
bddx-inf-sci-k8s-a800-03849:1613011:1613979 [3] NCCL INFO GPU Direct RDMA Enabled for GPU 7 / HCA 9 (distance 5 <= 5), read 0 mode Default
bddx-inf-sci-k8s-a800-03849:1613010:1613978 [2] NCCL INFO GPU Direct RDMA Enabled for GPU 2 / HCA 9 (distance 5 <= 5), read 0 mode Default
bddx-inf-sci-k8s-a800-03849:1613011:1613979 [3] NCCL INFO GPU Direct RDMA Enabled for GPU 0 / HCA a (distance 5 <= 5), read 0 mode Default
bddx-inf-sci-k8s-a800-03849:1613010:1613978 [2] NCCL INFO GPU Direct RDMA Enabled for GPU 3 / HCA 9 (distance 5 <= 5), read 0 mode Default
bddx-inf-sci-k8s-a800-03849:1613011:1613979 [3] NCCL INFO GPU Direct RDMA Enabled for GPU 1 / HCA a (distance 5 <= 5), read 0 mode Default
bddx-inf-sci-k8s-a800-03849:1613010:1613978 [2] NCCL INFO GPU Direct RDMA Enabled for GPU 4 / HCA 9 (distance 5 <= 5), read 0 mode Default
bddx-inf-sci-k8s-a800-03849:1613011:1613979 [3] NCCL INFO GPU Direct RDMA Enabled for GPU 2 / HCA a (distance 5 <= 5), read 0 mode Default
bddx-inf-sci-k8s-a800-03849:1613010:1613978 [2] NCCL INFO GPU Direct RDMA Enabled for GPU 5 / HCA 9 (distance 5 <= 5), read 0 mode Default
bddx-inf-sci-k8s-a800-03849:1613011:1613979 [3] NCCL INFO GPU Direct RDMA Enabled for GPU 3 / HCA a (distance 5 <= 5), read 0 mode Default
bddx-inf-sci-k8s-a800-03849:1613010:1613978 [2] NCCL INFO GPU Direct RDMA Enabled for GPU 6 / HCA 9 (distance 5 <= 5), read 0 mode Default
bddx-inf-sci-k8s-a800-03849:1613011:1613979 [3] NCCL INFO GPU Direct RDMA Enabled for GPU 4 / HCA a (distance 5 <= 5), read 0 mode Default
bddx-inf-sci-k8s-a800-03849:1613010:1613978 [2] NCCL INFO GPU Direct RDMA Enabled for GPU 7 / HCA 9 (distance 5 <= 5), read 0 mode Default
bddx-inf-sci-k8s-a800-03849:1613011:1613979 [3] NCCL INFO GPU Direct RDMA Enabled for GPU 5 / HCA a (distance 5 <= 5), read 0 mode Default
bddx-inf-sci-k8s-a800-03849:1613010:1613978 [2] NCCL INFO GPU Direct RDMA Enabled for GPU 0 / HCA a (distance 5 <= 5), read 0 mode Default
bddx-inf-sci-k8s-a800-03849:1613011:1613979 [3] NCCL INFO GPU Direct RDMA Enabled for GPU 6 / HCA a (distance 5 <= 5), read 0 mode Default
bddx-inf-sci-k8s-a800-03849:1613010:1613978 [2] NCCL INFO GPU Direct RDMA Enabled for GPU 1 / HCA a (distance 5 <= 5), read 0 mode Default
bddx-inf-sci-k8s-a800-03849:1613011:1613979 [3] NCCL INFO GPU Direct RDMA Enabled for GPU 7 / HCA a (distance 5 <= 5), read 0 mode Default
bddx-inf-sci-k8s-a800-03849:1613010:1613978 [2] NCCL INFO GPU Direct RDMA Enabled for GPU 2 / HCA a (distance 5 <= 5), read 0 mode Default
bddx-inf-sci-k8s-a800-03849:1613011:1613979 [3] NCCL INFO GPU Direct RDMA Enabled for GPU 0 / HCA b (distance 5 <= 5), read 0 mode Default
bddx-inf-sci-k8s-a800-03849:1613010:1613978 [2] NCCL INFO GPU Direct RDMA Enabled for GPU 3 / HCA a (distance 5 <= 5), read 0 mode Default
bddx-inf-sci-k8s-a800-03849:1613011:1613979 [3] NCCL INFO GPU Direct RDMA Enabled for GPU 1 / HCA b (distance 5 <= 5), read 0 mode Default
bddx-inf-sci-k8s-a800-03849:1613010:1613978 [2] NCCL INFO GPU Direct RDMA Enabled for GPU 4 / HCA a (distance 5 <= 5), read 0 mode Default
bddx-inf-sci-k8s-a800-03849:1613011:1613979 [3] NCCL INFO GPU Direct RDMA Enabled for GPU 2 / HCA b (distance 5 <= 5), read 0 mode Default
bddx-inf-sci-k8s-a800-03849:1613010:1613978 [2] NCCL INFO GPU Direct RDMA Enabled for GPU 5 / HCA a (distance 5 <= 5), read 0 mode Default
bddx-inf-sci-k8s-a800-03849:1613011:1613979 [3] NCCL INFO GPU Direct RDMA Enabled for GPU 3 / HCA b (distance 5 <= 5), read 0 mode Default
bddx-inf-sci-k8s-a800-03849:1613010:1613978 [2] NCCL INFO GPU Direct RDMA Enabled for GPU 6 / HCA a (distance 5 <= 5), read 0 mode Default
bddx-inf-sci-k8s-a800-03849:1613011:1613979 [3] NCCL INFO GPU Direct RDMA Enabled for GPU 4 / HCA b (distance 5 <= 5), read 0 mode Default
bddx-inf-sci-k8s-a800-03849:1613010:1613978 [2] NCCL INFO GPU Direct RDMA Enabled for GPU 7 / HCA a (distance 5 <= 5), read 0 mode Default
bddx-inf-sci-k8s-a800-03849:1613011:1613979 [3] NCCL INFO GPU Direct RDMA Enabled for GPU 5 / HCA b (distance 5 <= 5), read 0 mode Default
bddx-inf-sci-k8s-a800-03849:1613010:1613978 [2] NCCL INFO GPU Direct RDMA Enabled for GPU 0 / HCA b (distance 5 <= 5), read 0 mode Default
bddx-inf-sci-k8s-a800-03849:1613011:1613979 [3] NCCL INFO GPU Direct RDMA Enabled for GPU 6 / HCA b (distance 5 <= 5), read 0 mode Default
bddx-inf-sci-k8s-a800-03849:1613010:1613978 [2] NCCL INFO GPU Direct RDMA Enabled for GPU 1 / HCA b (distance 5 <= 5), read 0 mode Default
bddx-inf-sci-k8s-a800-03849:1613011:1613979 [3] NCCL INFO GPU Direct RDMA Enabled for GPU 7 / HCA b (distance 5 <= 5), read 0 mode Default
bddx-inf-sci-k8s-a800-03849:1613010:1613978 [2] NCCL INFO GPU Direct RDMA Enabled for GPU 2 / HCA b (distance 5 <= 5), read 0 mode Default
bddx-inf-sci-k8s-a800-03849:1613010:1613978 [2] NCCL INFO GPU Direct RDMA Enabled for GPU 3 / HCA b (distance 5 <= 5), read 0 mode Default
bddx-inf-sci-k8s-a800-03849:1613010:1613978 [2] NCCL INFO GPU Direct RDMA Enabled for GPU 4 / HCA b (distance 5 <= 5), read 0 mode Default
bddx-inf-sci-k8s-a800-03849:1613010:1613978 [2] NCCL INFO GPU Direct RDMA Enabled for GPU 5 / HCA b (distance 5 <= 5), read 0 mode Default
bddx-inf-sci-k8s-a800-03849:1613010:1613978 [2] NCCL INFO GPU Direct RDMA Enabled for GPU 6 / HCA b (distance 5 <= 5), read 0 mode Default
bddx-inf-sci-k8s-a800-03849:1613010:1613978 [2] NCCL INFO GPU Direct RDMA Enabled for GPU 7 / HCA b (distance 5 <= 5), read 0 mode Default
bddx-inf-sci-k8s-a800-03849:1613009:1613974 [1] NCCL INFO GPU Direct RDMA Enabled for GPU 0 / HCA 8 (distance 5 <= 5), read 0 mode Default
bddx-inf-sci-k8s-a800-03849:1613009:1613974 [1] NCCL INFO GPU Direct RDMA Enabled for GPU 1 / HCA 8 (distance 5 <= 5), read 0 mode Default
bddx-inf-sci-k8s-a800-03849:1613009:1613974 [1] NCCL INFO GPU Direct RDMA Enabled for GPU 2 / HCA 8 (distance 5 <= 5), read 0 mode Default
bddx-inf-sci-k8s-a800-03849:1613009:1613974 [1] NCCL INFO GPU Direct RDMA Enabled for GPU 3 / HCA 8 (distance 5 <= 5), read 0 mode Default
bddx-inf-sci-k8s-a800-03849:1613009:1613974 [1] NCCL INFO GPU Direct RDMA Enabled for GPU 4 / HCA 8 (distance 5 <= 5), read 0 mode Default
bddx-inf-sci-k8s-a800-03849:1613009:1613974 [1] NCCL INFO GPU Direct RDMA Enabled for GPU 5 / HCA 8 (distance 5 <= 5), read 0 mode Default
bddx-inf-sci-k8s-a800-03849:1613012:1613973 [4] NCCL INFO GPU Direct RDMA Enabled for GPU 0 / HCA 8 (distance 5 <= 5), read 0 mode Default
bddx-inf-sci-k8s-a800-03849:1613009:1613974 [1] NCCL INFO GPU Direct RDMA Enabled for GPU 6 / HCA 8 (distance 5 <= 5), read 0 mode Default
bddx-inf-sci-k8s-a800-03849:1613012:1613973 [4] NCCL INFO GPU Direct RDMA Enabled for GPU 1 / HCA 8 (distance 5 <= 5), read 0 mode Default
bddx-inf-sci-k8s-a800-03849:1613009:1613974 [1] NCCL INFO GPU Direct RDMA Enabled for GPU 7 / HCA 8 (distance 5 <= 5), read 0 mode Default
bddx-inf-sci-k8s-a800-03849:1613012:1613973 [4] NCCL INFO GPU Direct RDMA Enabled for GPU 2 / HCA 8 (distance 5 <= 5), read 0 mode Default
bddx-inf-sci-k8s-a800-03849:1613009:1613974 [1] NCCL INFO GPU Direct RDMA Enabled for GPU 0 / HCA 9 (distance 5 <= 5), read 0 mode Default
bddx-inf-sci-k8s-a800-03849:1613012:1613973 [4] NCCL INFO GPU Direct RDMA Enabled for GPU 3 / HCA 8 (distance 5 <= 5), read 0 mode Default
bddx-inf-sci-k8s-a800-03849:1613009:1613974 [1] NCCL INFO GPU Direct RDMA Enabled for GPU 1 / HCA 9 (distance 5 <= 5), read 0 mode Default
bddx-inf-sci-k8s-a800-03849:1613012:1613973 [4] NCCL INFO GPU Direct RDMA Enabled for GPU 4 / HCA 8 (distance 5 <= 5), read 0 mode Default
bddx-inf-sci-k8s-a800-03849:1613009:1613974 [1] NCCL INFO GPU Direct RDMA Enabled for GPU 2 / HCA 9 (distance 5 <= 5), read 0 mode Default
bddx-inf-sci-k8s-a800-03849:1613012:1613973 [4] NCCL INFO GPU Direct RDMA Enabled for GPU 5 / HCA 8 (distance 5 <= 5), read 0 mode Default
bddx-inf-sci-k8s-a800-03849:1613009:1613974 [1] NCCL INFO GPU Direct RDMA Enabled for GPU 3 / HCA 9 (distance 5 <= 5), read 0 mode Default
bddx-inf-sci-k8s-a800-03849:1613012:1613973 [4] NCCL INFO GPU Direct RDMA Enabled for GPU 6 / HCA 8 (distance 5 <= 5), read 0 mode Default
bddx-inf-sci-k8s-a800-03849:1613009:1613974 [1] NCCL INFO GPU Direct RDMA Enabled for GPU 4 / HCA 9 (distance 5 <= 5), read 0 mode Default
bddx-inf-sci-k8s-a800-03849:1613012:1613973 [4] NCCL INFO GPU Direct RDMA Enabled for GPU 7 / HCA 8 (distance 5 <= 5), read 0 mode Default
bddx-inf-sci-k8s-a800-03849:1613009:1613974 [1] NCCL INFO GPU Direct RDMA Enabled for GPU 5 / HCA 9 (distance 5 <= 5), read 0 mode Default
bddx-inf-sci-k8s-a800-03849:1613012:1613973 [4] NCCL INFO GPU Direct RDMA Enabled for GPU 0 / HCA 9 (distance 5 <= 5), read 0 mode Default
bddx-inf-sci-k8s-a800-03849:1613009:1613974 [1] NCCL INFO GPU Direct RDMA Enabled for GPU 6 / HCA 9 (distance 5 <= 5), read 0 mode Default
bddx-inf-sci-k8s-a800-03849:1613012:1613973 [4] NCCL INFO GPU Direct RDMA Enabled for GPU 1 / HCA 9 (distance 5 <= 5), read 0 mode Default
bddx-inf-sci-k8s-a800-03849:1613009:1613974 [1] NCCL INFO GPU Direct RDMA Enabled for GPU 7 / HCA 9 (distance 5 <= 5), read 0 mode Default
bddx-inf-sci-k8s-a800-03849:1613009:1613974 [1] NCCL INFO GPU Direct RDMA Enabled for GPU 0 / HCA a (distance 5 <= 5), read 0 mode Default
bddx-inf-sci-k8s-a800-03849:1613009:1613974 [1] NCCL INFO GPU Direct RDMA Enabled for GPU 1 / HCA a (distance 5 <= 5), read 0 mode Default
bddx-inf-sci-k8s-a800-03849:1613012:1613973 [4] NCCL INFO GPU Direct RDMA Enabled for GPU 2 / HCA 9 (distance 5 <= 5), read 0 mode Default
bddx-inf-sci-k8s-a800-03849:1613009:1613974 [1] NCCL INFO GPU Direct RDMA Enabled for GPU 2 / HCA a (distance 5 <= 5), read 0 mode Default
bddx-inf-sci-k8s-a800-03849:1613012:1613973 [4] NCCL INFO GPU Direct RDMA Enabled for GPU 3 / HCA 9 (distance 5 <= 5), read 0 mode Default
bddx-inf-sci-k8s-a800-03849:1613009:1613974 [1] NCCL INFO GPU Direct RDMA Enabled for GPU 3 / HCA a (distance 5 <= 5), read 0 mode Default
bddx-inf-sci-k8s-a800-03849:1613008:1613980 [0] NCCL INFO GPU Direct RDMA Enabled for GPU 0 / HCA 8 (distance 5 <= 5), read 0 mode Default
bddx-inf-sci-k8s-a800-03849:1613012:1613973 [4] NCCL INFO GPU Direct RDMA Enabled for GPU 4 / HCA 9 (distance 5 <= 5), read 0 mode Default
bddx-inf-sci-k8s-a800-03849:1613009:1613974 [1] NCCL INFO GPU Direct RDMA Enabled for GPU 4 / HCA a (distance 5 <= 5), read 0 mode Default
bddx-inf-sci-k8s-a800-03849:1613008:1613980 [0] NCCL INFO GPU Direct RDMA Enabled for GPU 1 / HCA 8 (distance 5 <= 5), read 0 mode Default
bddx-inf-sci-k8s-a800-03849:1613012:1613973 [4] NCCL INFO GPU Direct RDMA Enabled for GPU 5 / HCA 9 (distance 5 <= 5), read 0 mode Default
bddx-inf-sci-k8s-a800-03849:1613009:1613974 [1] NCCL INFO GPU Direct RDMA Enabled for GPU 5 / HCA a (distance 5 <= 5), read 0 mode Default
bddx-inf-sci-k8s-a800-03849:1613008:1613980 [0] NCCL INFO GPU Direct RDMA Enabled for GPU 2 / HCA 8 (distance 5 <= 5), read 0 mode Default
bddx-inf-sci-k8s-a800-03849:1613008:1613980 [0] NCCL INFO GPU Direct RDMA Enabled for GPU 3 / HCA 8 (distance 5 <= 5), read 0 mode Default
bddx-inf-sci-k8s-a800-03849:1613012:1613973 [4] NCCL INFO GPU Direct RDMA Enabled for GPU 6 / HCA 9 (distance 5 <= 5), read 0 mode Default
bddx-inf-sci-k8s-a800-03849:1613009:1613974 [1] NCCL INFO GPU Direct RDMA Enabled for GPU 6 / HCA a (distance 5 <= 5), read 0 mode Default
bddx-inf-sci-k8s-a800-03849:1613008:1613980 [0] NCCL INFO GPU Direct RDMA Enabled for GPU 4 / HCA 8 (distance 5 <= 5), read 0 mode Default
bddx-inf-sci-k8s-a800-03849:1613008:1613980 [0] NCCL INFO GPU Direct RDMA Enabled for GPU 5 / HCA 8 (distance 5 <= 5), read 0 mode Default
bddx-inf-sci-k8s-a800-03849:1613012:1613973 [4] NCCL INFO GPU Direct RDMA Enabled for GPU 7 / HCA 9 (distance 5 <= 5), read 0 mode Default
bddx-inf-sci-k8s-a800-03849:1613009:1613974 [1] NCCL INFO GPU Direct RDMA Enabled for GPU 7 / HCA a (distance 5 <= 5), read 0 mode Default
bddx-inf-sci-k8s-a800-03849:1613008:1613980 [0] NCCL INFO GPU Direct RDMA Enabled for GPU 6 / HCA 8 (distance 5 <= 5), read 0 mode Default
bddx-inf-sci-k8s-a800-03849:1613012:1613973 [4] NCCL INFO GPU Direct RDMA Enabled for GPU 0 / HCA a (distance 5 <= 5), read 0 mode Default
bddx-inf-sci-k8s-a800-03849:1613009:1613974 [1] NCCL INFO GPU Direct RDMA Enabled for GPU 0 / HCA b (distance 5 <= 5), read 0 mode Default
bddx-inf-sci-k8s-a800-03849:1613008:1613980 [0] NCCL INFO GPU Direct RDMA Enabled for GPU 7 / HCA 8 (distance 5 <= 5), read 0 mode Default
bddx-inf-sci-k8s-a800-03849:1613012:1613973 [4] NCCL INFO GPU Direct RDMA Enabled for GPU 1 / HCA a (distance 5 <= 5), read 0 mode Default
bddx-inf-sci-k8s-a800-03849:1613009:1613974 [1] NCCL INFO GPU Direct RDMA Enabled for GPU 1 / HCA b (distance 5 <= 5), read 0 mode Default
bddx-inf-sci-k8s-a800-03849:1613008:1613980 [0] NCCL INFO GPU Direct RDMA Enabled for GPU 0 / HCA 9 (distance 5 <= 5), read 0 mode Default
bddx-inf-sci-k8s-a800-03849:1613012:1613973 [4] NCCL INFO GPU Direct RDMA Enabled for GPU 2 / HCA a (distance 5 <= 5), read 0 mode Default
bddx-inf-sci-k8s-a800-03849:1613009:1613974 [1] NCCL INFO GPU Direct RDMA Enabled for GPU 2 / HCA b (distance 5 <= 5), read 0 mode Default
bddx-inf-sci-k8s-a800-03849:1613008:1613980 [0] NCCL INFO GPU Direct RDMA Enabled for GPU 1 / HCA 9 (distance 5 <= 5), read 0 mode Default
bddx-inf-sci-k8s-a800-03849:1613012:1613973 [4] NCCL INFO GPU Direct RDMA Enabled for GPU 3 / HCA a (distance 5 <= 5), read 0 mode Default
bddx-inf-sci-k8s-a800-03849:1613009:1613974 [1] NCCL INFO GPU Direct RDMA Enabled for GPU 3 / HCA b (distance 5 <= 5), read 0 mode Default
bddx-inf-sci-k8s-a800-03849:1613008:1613980 [0] NCCL INFO GPU Direct RDMA Enabled for GPU 2 / HCA 9 (distance 5 <= 5), read 0 mode Default
bddx-inf-sci-k8s-a800-03849:1613012:1613973 [4] NCCL INFO GPU Direct RDMA Enabled for GPU 4 / HCA a (distance 5 <= 5), read 0 mode Default
bddx-inf-sci-k8s-a800-03849:1613009:1613974 [1] NCCL INFO GPU Direct RDMA Enabled for GPU 4 / HCA b (distance 5 <= 5), read 0 mode Default
bddx-inf-sci-k8s-a800-03849:1613008:1613980 [0] NCCL INFO GPU Direct RDMA Enabled for GPU 3 / HCA 9 (distance 5 <= 5), read 0 mode Default
bddx-inf-sci-k8s-a800-03849:1613012:1613973 [4] NCCL INFO GPU Direct RDMA Enabled for GPU 5 / HCA a (distance 5 <= 5), read 0 mode Default
bddx-inf-sci-k8s-a800-03849:1613009:1613974 [1] NCCL INFO GPU Direct RDMA Enabled for GPU 5 / HCA b (distance 5 <= 5), read 0 mode Default
bddx-inf-sci-k8s-a800-03849:1613008:1613980 [0] NCCL INFO GPU Direct RDMA Enabled for GPU 4 / HCA 9 (distance 5 <= 5), read 0 mode Default
bddx-inf-sci-k8s-a800-03849:1613012:1613973 [4] NCCL INFO GPU Direct RDMA Enabled for GPU 6 / HCA a (distance 5 <= 5), read 0 mode Default
bddx-inf-sci-k8s-a800-03849:1613009:1613974 [1] NCCL INFO GPU Direct RDMA Enabled for GPU 6 / HCA b (distance 5 <= 5), read 0 mode Default
bddx-inf-sci-k8s-a800-03849:1613008:1613980 [0] NCCL INFO GPU Direct RDMA Enabled for GPU 5 / HCA 9 (distance 5 <= 5), read 0 mode Default
bddx-inf-sci-k8s-a800-03849:1613015:1613975 [7] NCCL INFO GPU Direct RDMA Enabled for GPU 0 / HCA 8 (distance 5 <= 5), read 0 mode Default
bddx-inf-sci-k8s-a800-03849:1613012:1613973 [4] NCCL INFO GPU Direct RDMA Enabled for GPU 7 / HCA a (distance 5 <= 5), read 0 mode Default
bddx-inf-sci-k8s-a800-03849:1613009:1613974 [1] NCCL INFO GPU Direct RDMA Enabled for GPU 7 / HCA b (distance 5 <= 5), read 0 mode Default
bddx-inf-sci-k8s-a800-03849:1613008:1613980 [0] NCCL INFO GPU Direct RDMA Enabled for GPU 6 / HCA 9 (distance 5 <= 5), read 0 mode Default
bddx-inf-sci-k8s-a800-03849:1613015:1613975 [7] NCCL INFO GPU Direct RDMA Enabled for GPU 1 / HCA 8 (distance 5 <= 5), read 0 mode Default
bddx-inf-sci-k8s-a800-03849:1613012:1613973 [4] NCCL INFO GPU Direct RDMA Enabled for GPU 0 / HCA b (distance 5 <= 5), read 0 mode Default
bddx-inf-sci-k8s-a800-03849:1613008:1613980 [0] NCCL INFO GPU Direct RDMA Enabled for GPU 7 / HCA 9 (distance 5 <= 5), read 0 mode Default
bddx-inf-sci-k8s-a800-03849:1613015:1613975 [7] NCCL INFO GPU Direct RDMA Enabled for GPU 2 / HCA 8 (distance 5 <= 5), read 0 mode Default
bddx-inf-sci-k8s-a800-03849:1613012:1613973 [4] NCCL INFO GPU Direct RDMA Enabled for GPU 1 / HCA b (distance 5 <= 5), read 0 mode Default
bddx-inf-sci-k8s-a800-03849:1613008:1613980 [0] NCCL INFO GPU Direct RDMA Enabled for GPU 0 / HCA a (distance 5 <= 5), read 0 mode Default
bddx-inf-sci-k8s-a800-03849:1613015:1613975 [7] NCCL INFO GPU Direct RDMA Enabled for GPU 3 / HCA 8 (distance 5 <= 5), read 0 mode Default
bddx-inf-sci-k8s-a800-03849:1613012:1613973 [4] NCCL INFO GPU Direct RDMA Enabled for GPU 2 / HCA b (distance 5 <= 5), read 0 mode Default
bddx-inf-sci-k8s-a800-03849:1613008:1613980 [0] NCCL INFO GPU Direct RDMA Enabled for GPU 1 / HCA a (distance 5 <= 5), read 0 mode Default
bddx-inf-sci-k8s-a800-03849:1613015:1613975 [7] NCCL INFO GPU Direct RDMA Enabled for GPU 4 / HCA 8 (distance 5 <= 5), read 0 mode Default
bddx-inf-sci-k8s-a800-03849:1613012:1613973 [4] NCCL INFO GPU Direct RDMA Enabled for GPU 3 / HCA b (distance 5 <= 5), read 0 mode Default
bddx-inf-sci-k8s-a800-03849:1613008:1613980 [0] NCCL INFO GPU Direct RDMA Enabled for GPU 2 / HCA a (distance 5 <= 5), read 0 mode Default
bddx-inf-sci-k8s-a800-03849:1613015:1613975 [7] NCCL INFO GPU Direct RDMA Enabled for GPU 5 / HCA 8 (distance 5 <= 5), read 0 mode Default
bddx-inf-sci-k8s-a800-03849:1613012:1613973 [4] NCCL INFO GPU Direct RDMA Enabled for GPU 4 / HCA b (distance 5 <= 5), read 0 mode Default
bddx-inf-sci-k8s-a800-03849:1613008:1613980 [0] NCCL INFO GPU Direct RDMA Enabled for GPU 3 / HCA a (distance 5 <= 5), read 0 mode Default
bddx-inf-sci-k8s-a800-03849:1613015:1613975 [7] NCCL INFO GPU Direct RDMA Enabled for GPU 6 / HCA 8 (distance 5 <= 5), read 0 mode Default
bddx-inf-sci-k8s-a800-03849:1613015:1613975 [7] NCCL INFO GPU Direct RDMA Enabled for GPU 7 / HCA 8 (distance 5 <= 5), read 0 mode Default
bddx-inf-sci-k8s-a800-03849:1613012:1613973 [4] NCCL INFO GPU Direct RDMA Enabled for GPU 5 / HCA b (distance 5 <= 5), read 0 mode Default
bddx-inf-sci-k8s-a800-03849:1613008:1613980 [0] NCCL INFO GPU Direct RDMA Enabled for GPU 4 / HCA a (distance 5 <= 5), read 0 mode Default
bddx-inf-sci-k8s-a800-03849:1613015:1613975 [7] NCCL INFO GPU Direct RDMA Enabled for GPU 0 / HCA 9 (distance 5 <= 5), read 0 mode Default
bddx-inf-sci-k8s-a800-03849:1613008:1613980 [0] NCCL INFO GPU Direct RDMA Enabled for GPU 5 / HCA a (distance 5 <= 5), read 0 mode Default
bddx-inf-sci-k8s-a800-03849:1613012:1613973 [4] NCCL INFO GPU Direct RDMA Enabled for GPU 6 / HCA b (distance 5 <= 5), read 0 mode Default
bddx-inf-sci-k8s-a800-03849:1613015:1613975 [7] NCCL INFO GPU Direct RDMA Enabled for GPU 1 / HCA 9 (distance 5 <= 5), read 0 mode Default
bddx-inf-sci-k8s-a800-03849:1613008:1613980 [0] NCCL INFO GPU Direct RDMA Enabled for GPU 6 / HCA a (distance 5 <= 5), read 0 mode Default
bddx-inf-sci-k8s-a800-03849:1613012:1613973 [4] NCCL INFO GPU Direct RDMA Enabled for GPU 7 / HCA b (distance 5 <= 5), read 0 mode Default
bddx-inf-sci-k8s-a800-03849:1613015:1613975 [7] NCCL INFO GPU Direct RDMA Enabled for GPU 2 / HCA 9 (distance 5 <= 5), read 0 mode Default
bddx-inf-sci-k8s-a800-03849:1613008:1613980 [0] NCCL INFO GPU Direct RDMA Enabled for GPU 7 / HCA a (distance 5 <= 5), read 0 mode Default
bddx-inf-sci-k8s-a800-03849:1613015:1613975 [7] NCCL INFO GPU Direct RDMA Enabled for GPU 3 / HCA 9 (distance 5 <= 5), read 0 mode Default
bddx-inf-sci-k8s-a800-03849:1613008:1613980 [0] NCCL INFO GPU Direct RDMA Enabled for GPU 0 / HCA b (distance 5 <= 5), read 0 mode Default
bddx-inf-sci-k8s-a800-03849:1613015:1613975 [7] NCCL INFO GPU Direct RDMA Enabled for GPU 4 / HCA 9 (distance 5 <= 5), read 0 mode Default
bddx-inf-sci-k8s-a800-03849:1613008:1613980 [0] NCCL INFO GPU Direct RDMA Enabled for GPU 1 / HCA b (distance 5 <= 5), read 0 mode Default
bddx-inf-sci-k8s-a800-03849:1613015:1613975 [7] NCCL INFO GPU Direct RDMA Enabled for GPU 5 / HCA 9 (distance 5 <= 5), read 0 mode Default
bddx-inf-sci-k8s-a800-03849:1613008:1613980 [0] NCCL INFO GPU Direct RDMA Enabled for GPU 2 / HCA b (distance 5 <= 5), read 0 mode Default
bddx-inf-sci-k8s-a800-03849:1613015:1613975 [7] NCCL INFO GPU Direct RDMA Enabled for GPU 6 / HCA 9 (distance 5 <= 5), read 0 mode Default
bddx-inf-sci-k8s-a800-03849:1613008:1613980 [0] NCCL INFO GPU Direct RDMA Enabled for GPU 3 / HCA b (distance 5 <= 5), read 0 mode Default
bddx-inf-sci-k8s-a800-03849:1613015:1613975 [7] NCCL INFO GPU Direct RDMA Enabled for GPU 7 / HCA 9 (distance 5 <= 5), read 0 mode Default
bddx-inf-sci-k8s-a800-03849:1613008:1613980 [0] NCCL INFO GPU Direct RDMA Enabled for GPU 4 / HCA b (distance 5 <= 5), read 0 mode Default
bddx-inf-sci-k8s-a800-03849:1613015:1613975 [7] NCCL INFO GPU Direct RDMA Enabled for GPU 0 / HCA a (distance 5 <= 5), read 0 mode Default
bddx-inf-sci-k8s-a800-03849:1613008:1613980 [0] NCCL INFO GPU Direct RDMA Enabled for GPU 5 / HCA b (distance 5 <= 5), read 0 mode Default
bddx-inf-sci-k8s-a800-03849:1613015:1613975 [7] NCCL INFO GPU Direct RDMA Enabled for GPU 1 / HCA a (distance 5 <= 5), read 0 mode Default
bddx-inf-sci-k8s-a800-03849:1613008:1613980 [0] NCCL INFO GPU Direct RDMA Enabled for GPU 6 / HCA b (distance 5 <= 5), read 0 mode Default
bddx-inf-sci-k8s-a800-03849:1613015:1613975 [7] NCCL INFO GPU Direct RDMA Enabled for GPU 2 / HCA a (distance 5 <= 5), read 0 mode Default
bddx-inf-sci-k8s-a800-03849:1613008:1613980 [0] NCCL INFO GPU Direct RDMA Enabled for GPU 7 / HCA b (distance 5 <= 5), read 0 mode Default
bddx-inf-sci-k8s-a800-03849:1613015:1613975 [7] NCCL INFO GPU Direct RDMA Enabled for GPU 3 / HCA a (distance 5 <= 5), read 0 mode Default
bddx-inf-sci-k8s-a800-03849:1613015:1613975 [7] NCCL INFO GPU Direct RDMA Enabled for GPU 4 / HCA a (distance 5 <= 5), read 0 mode Default
bddx-inf-sci-k8s-a800-03849:1613015:1613975 [7] NCCL INFO GPU Direct RDMA Enabled for GPU 5 / HCA a (distance 5 <= 5), read 0 mode Default
bddx-inf-sci-k8s-a800-03849:1613015:1613975 [7] NCCL INFO GPU Direct RDMA Enabled for GPU 6 / HCA a (distance 5 <= 5), read 0 mode Default
bddx-inf-sci-k8s-a800-03849:1613015:1613975 [7] NCCL INFO GPU Direct RDMA Enabled for GPU 7 / HCA a (distance 5 <= 5), read 0 mode Default
bddx-inf-sci-k8s-a800-03849:1613015:1613975 [7] NCCL INFO GPU Direct RDMA Enabled for GPU 0 / HCA b (distance 5 <= 5), read 0 mode Default
bddx-inf-sci-k8s-a800-03849:1613015:1613975 [7] NCCL INFO GPU Direct RDMA Enabled for GPU 1 / HCA b (distance 5 <= 5), read 0 mode Default
bddx-inf-sci-k8s-a800-03849:1613015:1613975 [7] NCCL INFO GPU Direct RDMA Enabled for GPU 2 / HCA b (distance 5 <= 5), read 0 mode Default
bddx-inf-sci-k8s-a800-03849:1613015:1613975 [7] NCCL INFO GPU Direct RDMA Enabled for GPU 3 / HCA b (distance 5 <= 5), read 0 mode Default
bddx-inf-sci-k8s-a800-03849:1613015:1613975 [7] NCCL INFO GPU Direct RDMA Enabled for GPU 4 / HCA b (distance 5 <= 5), read 0 mode Default
bddx-inf-sci-k8s-a800-03849:1613015:1613975 [7] NCCL INFO GPU Direct RDMA Enabled for GPU 5 / HCA b (distance 5 <= 5), read 0 mode Default
bddx-inf-sci-k8s-a800-03849:1613015:1613975 [7] NCCL INFO GPU Direct RDMA Enabled for GPU 6 / HCA b (distance 5 <= 5), read 0 mode Default
bddx-inf-sci-k8s-a800-03849:1613015:1613975 [7] NCCL INFO GPU Direct RDMA Enabled for GPU 7 / HCA b (distance 5 <= 5), read 0 mode Default
bddx-inf-sci-k8s-a800-03849:1613013:1613976 [5] NCCL INFO === System : maxBw 160.0 totalBw 160.0 ===
bddx-inf-sci-k8s-a800-03849:1613013:1613976 [5] NCCL INFO CPU/0-0 (1/1/2)
bddx-inf-sci-k8s-a800-03849:1613013:1613976 [5] NCCL INFO + PCI[24.0] - PCI/0-c000 (1000c0101000ffff)
bddx-inf-sci-k8s-a800-03849:1613013:1613976 [5] NCCL INFO               + PCI[24.0] - PCI/0-10000 (1000c01010de13b8)
bddx-inf-sci-k8s-a800-03849:1613013:1613976 [5] NCCL INFO                             + PCI[24.0] - GPU/0-12000 (0)
bddx-inf-sci-k8s-a800-03849:1613013:1613976 [5] NCCL INFO                                           + NVL[160.0] - NVS/0-0
bddx-inf-sci-k8s-a800-03849:1613013:1613976 [5] NCCL INFO               + PCI[24.0] - NIC/0-1f002
bddx-inf-sci-k8s-a800-03849:1613013:1613976 [5] NCCL INFO               + PCI[24.0] - PCI/0-16000 (1000c01010de13b8)
bddx-inf-sci-k8s-a800-03849:1613013:1613976 [5] NCCL INFO                             + PCI[24.0] - GPU/0-18000 (1)
bddx-inf-sci-k8s-a800-03849:1613013:1613976 [5] NCCL INFO                                           + NVL[160.0] - NVS/0-0
bddx-inf-sci-k8s-a800-03849:1613013:1613976 [5] NCCL INFO + PCI[24.0] - PCI/0-43000 (1000c0101000ffff)
bddx-inf-sci-k8s-a800-03849:1613013:1613976 [5] NCCL INFO               + PCI[24.0] - NIC/0-5f002
bddx-inf-sci-k8s-a800-03849:1613013:1613976 [5] NCCL INFO               + PCI[24.0] - PCI/0-47000 (1000c01010de13b8)
bddx-inf-sci-k8s-a800-03849:1613013:1613976 [5] NCCL INFO                             + PCI[24.0] - GPU/0-49000 (2)
bddx-inf-sci-k8s-a800-03849:1613013:1613976 [5] NCCL INFO                                           + NVL[160.0] - NVS/0-0
bddx-inf-sci-k8s-a800-03849:1613013:1613976 [5] NCCL INFO               + PCI[24.0] - PCI/0-4b000 (1000c01010de13b8)
bddx-inf-sci-k8s-a800-03849:1613013:1613976 [5] NCCL INFO                             + PCI[24.0] - GPU/0-4d000 (3)
bddx-inf-sci-k8s-a800-03849:1613013:1613976 [5] NCCL INFO                                           + NVL[160.0] - NVS/0-0
bddx-inf-sci-k8s-a800-03849:1613013:1613976 [5] NCCL INFO + SYS[10.0] - CPU/0-1
bddx-inf-sci-k8s-a800-03849:1613013:1613976 [5] NCCL INFO CPU/0-1 (1/1/2)
bddx-inf-sci-k8s-a800-03849:1613013:1613976 [5] NCCL INFO + PCI[24.0] - PCI/0-83000 (1000c0101000ffff)
bddx-inf-sci-k8s-a800-03849:1613013:1613976 [5] NCCL INFO               + PCI[24.0] - NIC/0-95002
bddx-inf-sci-k8s-a800-03849:1613013:1613976 [5] NCCL INFO               + PCI[24.0] - PCI/0-87000 (1000c01010de13b8)
bddx-inf-sci-k8s-a800-03849:1613013:1613976 [5] NCCL INFO                             + PCI[24.0] - GPU/0-89000 (4)
bddx-inf-sci-k8s-a800-03849:1613013:1613976 [5] NCCL INFO                                           + NVL[160.0] - NVS/0-0
bddx-inf-sci-k8s-a800-03849:1613013:1613976 [5] NCCL INFO               + PCI[24.0] - PCI/0-8c000 (1000c01010de13b8)
bddx-inf-sci-k8s-a800-03849:1613013:1613976 [5] NCCL INFO                             + PCI[24.0] - GPU/0-8e000 (5)
bddx-inf-sci-k8s-a800-03849:1613013:1613976 [5] NCCL INFO                                           + NVL[160.0] - NVS/0-0
bddx-inf-sci-k8s-a800-03849:1613013:1613976 [5] NCCL INFO + PCI[24.0] - PCI/0-bf000 (1000c0101000ffff)
bddx-inf-sci-k8s-a800-03849:1613013:1613976 [5] NCCL INFO               + PCI[24.0] - NIC/0-cc002
bddx-inf-sci-k8s-a800-03849:1613013:1613976 [5] NCCL INFO               + PCI[24.0] - PCI/0-c3000 (1000c01010de13b8)
bddx-inf-sci-k8s-a800-03849:1613013:1613976 [5] NCCL INFO                             + PCI[24.0] - GPU/0-c5000 (6)
bddx-inf-sci-k8s-a800-03849:1613013:1613976 [5] NCCL INFO                                           + NVL[160.0] - NVS/0-0
bddx-inf-sci-k8s-a800-03849:1613013:1613976 [5] NCCL INFO               + PCI[24.0] - PCI/0-c7000 (1000c01010de13b8)
bddx-inf-sci-k8s-a800-03849:1613013:1613976 [5] NCCL INFO                             + PCI[24.0] - GPU/0-c9000 (7)
bddx-inf-sci-k8s-a800-03849:1613013:1613976 [5] NCCL INFO                                           + NVL[160.0] - NVS/0-0
bddx-inf-sci-k8s-a800-03849:1613013:1613976 [5] NCCL INFO + SYS[10.0] - CPU/0-0
bddx-inf-sci-k8s-a800-03849:1613013:1613976 [5] NCCL INFO ==========================================
bddx-inf-sci-k8s-a800-03849:1613013:1613976 [5] NCCL INFO GPU/0-12000 :GPU/0-12000 (0/5000.0/LOC) GPU/0-18000 (2/160.0/NVL) GPU/0-49000 (2/160.0/NVL) GPU/0-4d000 (2/160.0/NVL) GPU/0-89000 (2/160.0/NVL) GPU/0-8e000 (2/160.0/NVL) GPU/0-c5000 (2/160.0/NVL) GPU/0-c9000 (2/160.0/NVL) NVS/0-0 (1/160.0/NVL) CPU/0-0 (3/24.0/PHB) CPU/0-1 (4/10.0/SYS) 
bddx-inf-sci-k8s-a800-03849:1613013:1613976 [5] NCCL INFO GPU/0-18000 :GPU/0-12000 (2/160.0/NVL) GPU/0-18000 (0/5000.0/LOC) GPU/0-49000 (2/160.0/NVL) GPU/0-4d000 (2/160.0/NVL) GPU/0-89000 (2/160.0/NVL) GPU/0-8e000 (2/160.0/NVL) GPU/0-c5000 (2/160.0/NVL) GPU/0-c9000 (2/160.0/NVL) NVS/0-0 (1/160.0/NVL) CPU/0-0 (3/24.0/PHB) CPU/0-1 (4/10.0/SYS) 
bddx-inf-sci-k8s-a800-03849:1613013:1613976 [5] NCCL INFO GPU/0-49000 :GPU/0-12000 (2/160.0/NVL) GPU/0-18000 (2/160.0/NVL) GPU/0-49000 (0/5000.0/LOC) GPU/0-4d000 (2/160.0/NVL) GPU/0-89000 (2/160.0/NVL) GPU/0-8e000 (2/160.0/NVL) GPU/0-c5000 (2/160.0/NVL) GPU/0-c9000 (2/160.0/NVL) NVS/0-0 (1/160.0/NVL) CPU/0-0 (3/24.0/PHB) CPU/0-1 (4/10.0/SYS) 
bddx-inf-sci-k8s-a800-03849:1613013:1613976 [5] NCCL INFO GPU/0-4d000 :GPU/0-12000 (2/160.0/NVL) GPU/0-18000 (2/160.0/NVL) GPU/0-49000 (2/160.0/NVL) GPU/0-4d000 (0/5000.0/LOC) GPU/0-89000 (2/160.0/NVL) GPU/0-8e000 (2/160.0/NVL) GPU/0-c5000 (2/160.0/NVL) GPU/0-c9000 (2/160.0/NVL) NVS/0-0 (1/160.0/NVL) CPU/0-0 (3/24.0/PHB) CPU/0-1 (4/10.0/SYS) 
bddx-inf-sci-k8s-a800-03849:1613013:1613976 [5] NCCL INFO GPU/0-89000 :GPU/0-12000 (2/160.0/NVL) GPU/0-18000 (2/160.0/NVL) GPU/0-49000 (2/160.0/NVL) GPU/0-4d000 (2/160.0/NVL) GPU/0-89000 (0/5000.0/LOC) GPU/0-8e000 (2/160.0/NVL) GPU/0-c5000 (2/160.0/NVL) GPU/0-c9000 (2/160.0/NVL) NVS/0-0 (1/160.0/NVL) CPU/0-0 (4/10.0/SYS) CPU/0-1 (3/24.0/PHB) 
bddx-inf-sci-k8s-a800-03849:1613013:1613976 [5] NCCL INFO GPU/0-8e000 :GPU/0-12000 (2/160.0/NVL) GPU/0-18000 (2/160.0/NVL) GPU/0-49000 (2/160.0/NVL) GPU/0-4d000 (2/160.0/NVL) GPU/0-89000 (2/160.0/NVL) GPU/0-8e000 (0/5000.0/LOC) GPU/0-c5000 (2/160.0/NVL) GPU/0-c9000 (2/160.0/NVL) NVS/0-0 (1/160.0/NVL) CPU/0-0 (4/10.0/SYS) CPU/0-1 (3/24.0/PHB) 
bddx-inf-sci-k8s-a800-03849:1613013:1613976 [5] NCCL INFO GPU/0-c5000 :GPU/0-12000 (2/160.0/NVL) GPU/0-18000 (2/160.0/NVL) GPU/0-49000 (2/160.0/NVL) GPU/0-4d000 (2/160.0/NVL) GPU/0-89000 (2/160.0/NVL) GPU/0-8e000 (2/160.0/NVL) GPU/0-c5000 (0/5000.0/LOC) GPU/0-c9000 (2/160.0/NVL) NVS/0-0 (1/160.0/NVL) CPU/0-0 (4/10.0/SYS) CPU/0-1 (3/24.0/PHB) 
bddx-inf-sci-k8s-a800-03849:1613013:1613976 [5] NCCL INFO GPU/0-c9000 :GPU/0-12000 (2/160.0/NVL) GPU/0-18000 (2/160.0/NVL) GPU/0-49000 (2/160.0/NVL) GPU/0-4d000 (2/160.0/NVL) GPU/0-89000 (2/160.0/NVL) GPU/0-8e000 (2/160.0/NVL) GPU/0-c5000 (2/160.0/NVL) GPU/0-c9000 (0/5000.0/LOC) NVS/0-0 (1/160.0/NVL) CPU/0-0 (4/10.0/SYS) CPU/0-1 (3/24.0/PHB) 
bddx-inf-sci-k8s-a800-03849:1613013:1613976 [5] NCCL INFO Setting affinity for GPU 5 to 32-63,96-127
bddx-inf-sci-k8s-a800-03849:1613014:1613977 [6] NCCL INFO GPU Direct RDMA Enabled for GPU 0 / HCA 8 (distance 5 <= 5), read 0 mode Default
bddx-inf-sci-k8s-a800-03849:1613014:1613977 [6] NCCL INFO GPU Direct RDMA Enabled for GPU 1 / HCA 8 (distance 5 <= 5), read 0 mode Default
bddx-inf-sci-k8s-a800-03849:1613014:1613977 [6] NCCL INFO GPU Direct RDMA Enabled for GPU 2 / HCA 8 (distance 5 <= 5), read 0 mode Default
bddx-inf-sci-k8s-a800-03849:1613014:1613977 [6] NCCL INFO GPU Direct RDMA Enabled for GPU 3 / HCA 8 (distance 5 <= 5), read 0 mode Default
bddx-inf-sci-k8s-a800-03849:1613014:1613977 [6] NCCL INFO GPU Direct RDMA Enabled for GPU 4 / HCA 8 (distance 5 <= 5), read 0 mode Default
bddx-inf-sci-k8s-a800-03849:1613014:1613977 [6] NCCL INFO GPU Direct RDMA Enabled for GPU 5 / HCA 8 (distance 5 <= 5), read 0 mode Default
bddx-inf-sci-k8s-a800-03849:1613014:1613977 [6] NCCL INFO GPU Direct RDMA Enabled for GPU 6 / HCA 8 (distance 5 <= 5), read 0 mode Default
bddx-inf-sci-k8s-a800-03849:1613014:1613977 [6] NCCL INFO GPU Direct RDMA Enabled for GPU 7 / HCA 8 (distance 5 <= 5), read 0 mode Default
bddx-inf-sci-k8s-a800-03849:1613014:1613977 [6] NCCL INFO GPU Direct RDMA Enabled for GPU 0 / HCA 9 (distance 5 <= 5), read 0 mode Default
bddx-inf-sci-k8s-a800-03849:1613014:1613977 [6] NCCL INFO GPU Direct RDMA Enabled for GPU 1 / HCA 9 (distance 5 <= 5), read 0 mode Default
bddx-inf-sci-k8s-a800-03849:1613014:1613977 [6] NCCL INFO GPU Direct RDMA Enabled for GPU 2 / HCA 9 (distance 5 <= 5), read 0 mode Default
bddx-inf-sci-k8s-a800-03849:1613014:1613977 [6] NCCL INFO GPU Direct RDMA Enabled for GPU 3 / HCA 9 (distance 5 <= 5), read 0 mode Default
bddx-inf-sci-k8s-a800-03849:1613014:1613977 [6] NCCL INFO GPU Direct RDMA Enabled for GPU 4 / HCA 9 (distance 5 <= 5), read 0 mode Default
bddx-inf-sci-k8s-a800-03849:1613014:1613977 [6] NCCL INFO GPU Direct RDMA Enabled for GPU 5 / HCA 9 (distance 5 <= 5), read 0 mode Default
bddx-inf-sci-k8s-a800-03849:1613014:1613977 [6] NCCL INFO GPU Direct RDMA Enabled for GPU 6 / HCA 9 (distance 5 <= 5), read 0 mode Default
bddx-inf-sci-k8s-a800-03849:1613014:1613977 [6] NCCL INFO GPU Direct RDMA Enabled for GPU 7 / HCA 9 (distance 5 <= 5), read 0 mode Default
bddx-inf-sci-k8s-a800-03849:1613014:1613977 [6] NCCL INFO GPU Direct RDMA Enabled for GPU 0 / HCA a (distance 5 <= 5), read 0 mode Default
bddx-inf-sci-k8s-a800-03849:1613014:1613977 [6] NCCL INFO GPU Direct RDMA Enabled for GPU 1 / HCA a (distance 5 <= 5), read 0 mode Default
bddx-inf-sci-k8s-a800-03849:1613014:1613977 [6] NCCL INFO GPU Direct RDMA Enabled for GPU 2 / HCA a (distance 5 <= 5), read 0 mode Default
bddx-inf-sci-k8s-a800-03849:1613014:1613977 [6] NCCL INFO GPU Direct RDMA Enabled for GPU 3 / HCA a (distance 5 <= 5), read 0 mode Default
bddx-inf-sci-k8s-a800-03849:1613014:1613977 [6] NCCL INFO GPU Direct RDMA Enabled for GPU 4 / HCA a (distance 5 <= 5), read 0 mode Default
bddx-inf-sci-k8s-a800-03849:1613014:1613977 [6] NCCL INFO GPU Direct RDMA Enabled for GPU 5 / HCA a (distance 5 <= 5), read 0 mode Default
bddx-inf-sci-k8s-a800-03849:1613014:1613977 [6] NCCL INFO GPU Direct RDMA Enabled for GPU 6 / HCA a (distance 5 <= 5), read 0 mode Default
bddx-inf-sci-k8s-a800-03849:1613013:1613976 [5] NCCL INFO NVLS multicast support is not available on dev 5 (NVLS_NCHANNELS 0)
bddx-inf-sci-k8s-a800-03849:1613014:1613977 [6] NCCL INFO GPU Direct RDMA Enabled for GPU 7 / HCA a (distance 5 <= 5), read 0 mode Default
bddx-inf-sci-k8s-a800-03849:1613014:1613977 [6] NCCL INFO GPU Direct RDMA Enabled for GPU 0 / HCA b (distance 5 <= 5), read 0 mode Default
bddx-inf-sci-k8s-a800-03849:1613014:1613977 [6] NCCL INFO GPU Direct RDMA Enabled for GPU 1 / HCA b (distance 5 <= 5), read 0 mode Default
bddx-inf-sci-k8s-a800-03849:1613014:1613977 [6] NCCL INFO GPU Direct RDMA Enabled for GPU 2 / HCA b (distance 5 <= 5), read 0 mode Default
bddx-inf-sci-k8s-a800-03849:1613014:1613977 [6] NCCL INFO GPU Direct RDMA Enabled for GPU 3 / HCA b (distance 5 <= 5), read 0 mode Default
bddx-inf-sci-k8s-a800-03849:1613014:1613977 [6] NCCL INFO GPU Direct RDMA Enabled for GPU 4 / HCA b (distance 5 <= 5), read 0 mode Default
bddx-inf-sci-k8s-a800-03849:1613014:1613977 [6] NCCL INFO GPU Direct RDMA Enabled for GPU 5 / HCA b (distance 5 <= 5), read 0 mode Default
bddx-inf-sci-k8s-a800-03849:1613014:1613977 [6] NCCL INFO GPU Direct RDMA Enabled for GPU 6 / HCA b (distance 5 <= 5), read 0 mode Default
bddx-inf-sci-k8s-a800-03849:1613014:1613977 [6] NCCL INFO GPU Direct RDMA Enabled for GPU 7 / HCA b (distance 5 <= 5), read 0 mode Default
bddx-inf-sci-k8s-a800-03849:1613013:1613976 [5] NCCL INFO Pattern 4, crossNic 0, nChannels 8, bw 20.000000/20.000000, type NVL/PIX, sameChannels 1
bddx-inf-sci-k8s-a800-03849:1613013:1613976 [5] NCCL INFO  0 : GPU/0 GPU/1 GPU/2 GPU/3 GPU/4 GPU/5 GPU/6 GPU/7
bddx-inf-sci-k8s-a800-03849:1613013:1613976 [5] NCCL INFO  1 : GPU/0 GPU/1 GPU/2 GPU/3 GPU/4 GPU/5 GPU/6 GPU/7
bddx-inf-sci-k8s-a800-03849:1613013:1613976 [5] NCCL INFO  2 : GPU/0 GPU/1 GPU/2 GPU/3 GPU/4 GPU/5 GPU/6 GPU/7
bddx-inf-sci-k8s-a800-03849:1613013:1613976 [5] NCCL INFO  3 : GPU/0 GPU/1 GPU/2 GPU/3 GPU/4 GPU/5 GPU/6 GPU/7
bddx-inf-sci-k8s-a800-03849:1613013:1613976 [5] NCCL INFO  4 : GPU/0 GPU/1 GPU/2 GPU/3 GPU/4 GPU/5 GPU/6 GPU/7
bddx-inf-sci-k8s-a800-03849:1613013:1613976 [5] NCCL INFO  5 : GPU/0 GPU/1 GPU/2 GPU/3 GPU/4 GPU/5 GPU/6 GPU/7
bddx-inf-sci-k8s-a800-03849:1613013:1613976 [5] NCCL INFO  6 : GPU/0 GPU/1 GPU/2 GPU/3 GPU/4 GPU/5 GPU/6 GPU/7
bddx-inf-sci-k8s-a800-03849:1613013:1613976 [5] NCCL INFO  7 : GPU/0 GPU/1 GPU/2 GPU/3 GPU/4 GPU/5 GPU/6 GPU/7
bddx-inf-sci-k8s-a800-03849:1613011:1613979 [3] NCCL INFO === System : maxBw 160.0 totalBw 160.0 ===
bddx-inf-sci-k8s-a800-03849:1613011:1613979 [3] NCCL INFO CPU/0-0 (1/1/2)
bddx-inf-sci-k8s-a800-03849:1613011:1613979 [3] NCCL INFO + PCI[24.0] - PCI/0-c000 (1000c0101000ffff)
bddx-inf-sci-k8s-a800-03849:1613011:1613979 [3] NCCL INFO               + PCI[24.0] - PCI/0-10000 (1000c01010de13b8)
bddx-inf-sci-k8s-a800-03849:1613011:1613979 [3] NCCL INFO                             + PCI[24.0] - GPU/0-12000 (0)
bddx-inf-sci-k8s-a800-03849:1613011:1613979 [3] NCCL INFO                                           + NVL[160.0] - NVS/0-0
bddx-inf-sci-k8s-a800-03849:1613011:1613979 [3] NCCL INFO               + PCI[24.0] - NIC/0-1f002
bddx-inf-sci-k8s-a800-03849:1613011:1613979 [3] NCCL INFO               + PCI[24.0] - PCI/0-16000 (1000c01010de13b8)
bddx-inf-sci-k8s-a800-03849:1613011:1613979 [3] NCCL INFO                             + PCI[24.0] - GPU/0-18000 (1)
bddx-inf-sci-k8s-a800-03849:1613011:1613979 [3] NCCL INFO                                           + NVL[160.0] - NVS/0-0
bddx-inf-sci-k8s-a800-03849:1613011:1613979 [3] NCCL INFO + PCI[24.0] - PCI/0-43000 (1000c0101000ffff)
bddx-inf-sci-k8s-a800-03849:1613011:1613979 [3] NCCL INFO               + PCI[24.0] - NIC/0-5f002
bddx-inf-sci-k8s-a800-03849:1613011:1613979 [3] NCCL INFO               + PCI[24.0] - PCI/0-47000 (1000c01010de13b8)
bddx-inf-sci-k8s-a800-03849:1613011:1613979 [3] NCCL INFO                             + PCI[24.0] - GPU/0-49000 (2)
bddx-inf-sci-k8s-a800-03849:1613011:1613979 [3] NCCL INFO                                           + NVL[160.0] - NVS/0-0
bddx-inf-sci-k8s-a800-03849:1613011:1613979 [3] NCCL INFO               + PCI[24.0] - PCI/0-4b000 (1000c01010de13b8)
bddx-inf-sci-k8s-a800-03849:1613010:1613978 [2] NCCL INFO === System : maxBw 160.0 totalBw 160.0 ===
bddx-inf-sci-k8s-a800-03849:1613011:1613979 [3] NCCL INFO                             + PCI[24.0] - GPU/0-4d000 (3)
bddx-inf-sci-k8s-a800-03849:1613010:1613978 [2] NCCL INFO CPU/0-0 (1/1/2)
bddx-inf-sci-k8s-a800-03849:1613011:1613979 [3] NCCL INFO                                           + NVL[160.0] - NVS/0-0
bddx-inf-sci-k8s-a800-03849:1613010:1613978 [2] NCCL INFO + PCI[24.0] - PCI/0-c000 (1000c0101000ffff)
bddx-inf-sci-k8s-a800-03849:1613011:1613979 [3] NCCL INFO + SYS[10.0] - CPU/0-1
bddx-inf-sci-k8s-a800-03849:1613010:1613978 [2] NCCL INFO               + PCI[24.0] - PCI/0-10000 (1000c01010de13b8)
bddx-inf-sci-k8s-a800-03849:1613011:1613979 [3] NCCL INFO CPU/0-1 (1/1/2)
bddx-inf-sci-k8s-a800-03849:1613010:1613978 [2] NCCL INFO                             + PCI[24.0] - GPU/0-12000 (0)
bddx-inf-sci-k8s-a800-03849:1613011:1613979 [3] NCCL INFO + PCI[24.0] - PCI/0-83000 (1000c0101000ffff)
bddx-inf-sci-k8s-a800-03849:1613010:1613978 [2] NCCL INFO                                           + NVL[160.0] - NVS/0-0
bddx-inf-sci-k8s-a800-03849:1613011:1613979 [3] NCCL INFO               + PCI[24.0] - NIC/0-95002
bddx-inf-sci-k8s-a800-03849:1613010:1613978 [2] NCCL INFO               + PCI[24.0] - NIC/0-1f002
bddx-inf-sci-k8s-a800-03849:1613011:1613979 [3] NCCL INFO               + PCI[24.0] - PCI/0-87000 (1000c01010de13b8)
bddx-inf-sci-k8s-a800-03849:1613010:1613978 [2] NCCL INFO               + PCI[24.0] - PCI/0-16000 (1000c01010de13b8)
bddx-inf-sci-k8s-a800-03849:1613011:1613979 [3] NCCL INFO                             + PCI[24.0] - GPU/0-89000 (4)
bddx-inf-sci-k8s-a800-03849:1613010:1613978 [2] NCCL INFO                             + PCI[24.0] - GPU/0-18000 (1)
bddx-inf-sci-k8s-a800-03849:1613011:1613979 [3] NCCL INFO                                           + NVL[160.0] - NVS/0-0
bddx-inf-sci-k8s-a800-03849:1613010:1613978 [2] NCCL INFO                                           + NVL[160.0] - NVS/0-0
bddx-inf-sci-k8s-a800-03849:1613011:1613979 [3] NCCL INFO               + PCI[24.0] - PCI/0-8c000 (1000c01010de13b8)
bddx-inf-sci-k8s-a800-03849:1613010:1613978 [2] NCCL INFO + PCI[24.0] - PCI/0-43000 (1000c0101000ffff)
bddx-inf-sci-k8s-a800-03849:1613011:1613979 [3] NCCL INFO                             + PCI[24.0] - GPU/0-8e000 (5)
bddx-inf-sci-k8s-a800-03849:1613010:1613978 [2] NCCL INFO               + PCI[24.0] - NIC/0-5f002
bddx-inf-sci-k8s-a800-03849:1613011:1613979 [3] NCCL INFO                                           + NVL[160.0] - NVS/0-0
bddx-inf-sci-k8s-a800-03849:1613010:1613978 [2] NCCL INFO               + PCI[24.0] - PCI/0-47000 (1000c01010de13b8)
bddx-inf-sci-k8s-a800-03849:1613011:1613979 [3] NCCL INFO + PCI[24.0] - PCI/0-bf000 (1000c0101000ffff)
bddx-inf-sci-k8s-a800-03849:1613010:1613978 [2] NCCL INFO                             + PCI[24.0] - GPU/0-49000 (2)
bddx-inf-sci-k8s-a800-03849:1613011:1613979 [3] NCCL INFO               + PCI[24.0] - NIC/0-cc002
bddx-inf-sci-k8s-a800-03849:1613013:1613976 [5] NCCL INFO Pattern 1, crossNic 0, nChannels 8, bw 20.000000/20.000000, type NVL/PIX, sameChannels 1
bddx-inf-sci-k8s-a800-03849:1613010:1613978 [2] NCCL INFO                                           + NVL[160.0] - NVS/0-0
bddx-inf-sci-k8s-a800-03849:1613011:1613979 [3] NCCL INFO               + PCI[24.0] - PCI/0-c3000 (1000c01010de13b8)
bddx-inf-sci-k8s-a800-03849:1613013:1613976 [5] NCCL INFO  0 : GPU/0 GPU/1 GPU/2 GPU/3 GPU/4 GPU/5 GPU/6 GPU/7
bddx-inf-sci-k8s-a800-03849:1613010:1613978 [2] NCCL INFO               + PCI[24.0] - PCI/0-4b000 (1000c01010de13b8)
bddx-inf-sci-k8s-a800-03849:1613011:1613979 [3] NCCL INFO                             + PCI[24.0] - GPU/0-c5000 (6)
bddx-inf-sci-k8s-a800-03849:1613013:1613976 [5] NCCL INFO  1 : GPU/0 GPU/1 GPU/2 GPU/3 GPU/4 GPU/5 GPU/6 GPU/7
bddx-inf-sci-k8s-a800-03849:1613010:1613978 [2] NCCL INFO                             + PCI[24.0] - GPU/0-4d000 (3)
bddx-inf-sci-k8s-a800-03849:1613011:1613979 [3] NCCL INFO                                           + NVL[160.0] - NVS/0-0
bddx-inf-sci-k8s-a800-03849:1613013:1613976 [5] NCCL INFO  2 : GPU/0 GPU/1 GPU/2 GPU/3 GPU/4 GPU/5 GPU/6 GPU/7
bddx-inf-sci-k8s-a800-03849:1613010:1613978 [2] NCCL INFO                                           + NVL[160.0] - NVS/0-0
bddx-inf-sci-k8s-a800-03849:1613011:1613979 [3] NCCL INFO               + PCI[24.0] - PCI/0-c7000 (1000c01010de13b8)
bddx-inf-sci-k8s-a800-03849:1613013:1613976 [5] NCCL INFO  3 : GPU/0 GPU/1 GPU/2 GPU/3 GPU/4 GPU/5 GPU/6 GPU/7
bddx-inf-sci-k8s-a800-03849:1613010:1613978 [2] NCCL INFO + SYS[10.0] - CPU/0-1
bddx-inf-sci-k8s-a800-03849:1613011:1613979 [3] NCCL INFO                             + PCI[24.0] - GPU/0-c9000 (7)
bddx-inf-sci-k8s-a800-03849:1613013:1613976 [5] NCCL INFO  4 : GPU/0 GPU/1 GPU/2 GPU/3 GPU/4 GPU/5 GPU/6 GPU/7
bddx-inf-sci-k8s-a800-03849:1613010:1613978 [2] NCCL INFO CPU/0-1 (1/1/2)
bddx-inf-sci-k8s-a800-03849:1613011:1613979 [3] NCCL INFO                                           + NVL[160.0] - NVS/0-0
bddx-inf-sci-k8s-a800-03849:1613013:1613976 [5] NCCL INFO  5 : GPU/0 GPU/1 GPU/2 GPU/3 GPU/4 GPU/5 GPU/6 GPU/7
bddx-inf-sci-k8s-a800-03849:1613010:1613978 [2] NCCL INFO + PCI[24.0] - PCI/0-83000 (1000c0101000ffff)
bddx-inf-sci-k8s-a800-03849:1613011:1613979 [3] NCCL INFO + SYS[10.0] - CPU/0-0
bddx-inf-sci-k8s-a800-03849:1613013:1613976 [5] NCCL INFO  6 : GPU/0 GPU/1 GPU/2 GPU/3 GPU/4 GPU/5 GPU/6 GPU/7
bddx-inf-sci-k8s-a800-03849:1613010:1613978 [2] NCCL INFO               + PCI[24.0] - NIC/0-95002
bddx-inf-sci-k8s-a800-03849:1613011:1613979 [3] NCCL INFO ==========================================
bddx-inf-sci-k8s-a800-03849:1613013:1613976 [5] NCCL INFO  7 : GPU/0 GPU/1 GPU/2 GPU/3 GPU/4 GPU/5 GPU/6 GPU/7
bddx-inf-sci-k8s-a800-03849:1613010:1613978 [2] NCCL INFO               + PCI[24.0] - PCI/0-87000 (1000c01010de13b8)
bddx-inf-sci-k8s-a800-03849:1613010:1613978 [2] NCCL INFO                             + PCI[24.0] - GPU/0-89000 (4)
bddx-inf-sci-k8s-a800-03849:1613010:1613978 [2] NCCL INFO                                           + NVL[160.0] - NVS/0-0
bddx-inf-sci-k8s-a800-03849:1613011:1613979 [3] NCCL INFO GPU/0-12000 :GPU/0-12000 (0/5000.0/LOC) GPU/0-18000 (2/160.0/NVL) GPU/0-49000 (2/160.0/NVL) GPU/0-4d000 (2/160.0/NVL) GPU/0-89000 (2/160.0/NVL) GPU/0-8e000 (2/160.0/NVL) GPU/0-c5000 (2/160.0/NVL) GPU/0-c9000 (2/160.0/NVL) NVS/0-0 (1/160.0/NVL) CPU/0-0 (3/24.0/PHB) CPU/0-1 (4/10.0/SYS) 
bddx-inf-sci-k8s-a800-03849:1613010:1613978 [2] NCCL INFO               + PCI[24.0] - PCI/0-8c000 (1000c01010de13b8)
bddx-inf-sci-k8s-a800-03849:1613010:1613978 [2] NCCL INFO                             + PCI[24.0] - GPU/0-8e000 (5)
bddx-inf-sci-k8s-a800-03849:1613010:1613978 [2] NCCL INFO                                           + NVL[160.0] - NVS/0-0
bddx-inf-sci-k8s-a800-03849:1613011:1613979 [3] NCCL INFO GPU/0-18000 :GPU/0-12000 (2/160.0/NVL) GPU/0-18000 (0/5000.0/LOC) GPU/0-49000 (2/160.0/NVL) GPU/0-4d000 (2/160.0/NVL) GPU/0-89000 (2/160.0/NVL) GPU/0-8e000 (2/160.0/NVL) GPU/0-c5000 (2/160.0/NVL) GPU/0-c9000 (2/160.0/NVL) NVS/0-0 (1/160.0/NVL) CPU/0-0 (3/24.0/PHB) CPU/0-1 (4/10.0/SYS) 
bddx-inf-sci-k8s-a800-03849:1613010:1613978 [2] NCCL INFO + PCI[24.0] - PCI/0-bf000 (1000c0101000ffff)
bddx-inf-sci-k8s-a800-03849:1613010:1613978 [2] NCCL INFO               + PCI[24.0] - NIC/0-cc002
bddx-inf-sci-k8s-a800-03849:1613010:1613978 [2] NCCL INFO               + PCI[24.0] - PCI/0-c3000 (1000c01010de13b8)
bddx-inf-sci-k8s-a800-03849:1613011:1613979 [3] NCCL INFO GPU/0-49000 :GPU/0-12000 (2/160.0/NVL) GPU/0-18000 (2/160.0/NVL) GPU/0-49000 (0/5000.0/LOC) GPU/0-4d000 (2/160.0/NVL) GPU/0-89000 (2/160.0/NVL) GPU/0-8e000 (2/160.0/NVL) GPU/0-c5000 (2/160.0/NVL) GPU/0-c9000 (2/160.0/NVL) NVS/0-0 (1/160.0/NVL) CPU/0-0 (3/24.0/PHB) CPU/0-1 (4/10.0/SYS) 
bddx-inf-sci-k8s-a800-03849:1613010:1613978 [2] NCCL INFO                             + PCI[24.0] - GPU/0-c5000 (6)
bddx-inf-sci-k8s-a800-03849:1613010:1613978 [2] NCCL INFO                                           + NVL[160.0] - NVS/0-0
bddx-inf-sci-k8s-a800-03849:1613010:1613978 [2] NCCL INFO               + PCI[24.0] - PCI/0-c7000 (1000c01010de13b8)
bddx-inf-sci-k8s-a800-03849:1613011:1613979 [3] NCCL INFO GPU/0-4d000 :GPU/0-12000 (2/160.0/NVL) GPU/0-18000 (2/160.0/NVL) GPU/0-49000 (2/160.0/NVL) GPU/0-4d000 (0/5000.0/LOC) GPU/0-89000 (2/160.0/NVL) GPU/0-8e000 (2/160.0/NVL) GPU/0-c5000 (2/160.0/NVL) GPU/0-c9000 (2/160.0/NVL) NVS/0-0 (1/160.0/NVL) CPU/0-0 (3/24.0/PHB) CPU/0-1 (4/10.0/SYS) 
bddx-inf-sci-k8s-a800-03849:1613010:1613978 [2] NCCL INFO                             + PCI[24.0] - GPU/0-c9000 (7)
bddx-inf-sci-k8s-a800-03849:1613010:1613978 [2] NCCL INFO                                           + NVL[160.0] - NVS/0-0
bddx-inf-sci-k8s-a800-03849:1613010:1613978 [2] NCCL INFO + SYS[10.0] - CPU/0-0
bddx-inf-sci-k8s-a800-03849:1613010:1613978 [2] NCCL INFO ==========================================
bddx-inf-sci-k8s-a800-03849:1613011:1613979 [3] NCCL INFO GPU/0-89000 :GPU/0-12000 (2/160.0/NVL) GPU/0-18000 (2/160.0/NVL) GPU/0-49000 (2/160.0/NVL) GPU/0-4d000 (2/160.0/NVL) GPU/0-89000 (0/5000.0/LOC) GPU/0-8e000 (2/160.0/NVL) GPU/0-c5000 (2/160.0/NVL) GPU/0-c9000 (2/160.0/NVL) NVS/0-0 (1/160.0/NVL) CPU/0-0 (4/10.0/SYS) CPU/0-1 (3/24.0/PHB) 
bddx-inf-sci-k8s-a800-03849:1613010:1613978 [2] NCCL INFO GPU/0-12000 :GPU/0-12000 (0/5000.0/LOC) GPU/0-18000 (2/160.0/NVL) GPU/0-49000 (2/160.0/NVL) GPU/0-4d000 (2/160.0/NVL) GPU/0-89000 (2/160.0/NVL) GPU/0-8e000 (2/160.0/NVL) GPU/0-c5000 (2/160.0/NVL) GPU/0-c9000 (2/160.0/NVL) NVS/0-0 (1/160.0/NVL) CPU/0-0 (3/24.0/PHB) CPU/0-1 (4/10.0/SYS) 
bddx-inf-sci-k8s-a800-03849:1613011:1613979 [3] NCCL INFO GPU/0-8e000 :GPU/0-12000 (2/160.0/NVL) GPU/0-18000 (2/160.0/NVL) GPU/0-49000 (2/160.0/NVL) GPU/0-4d000 (2/160.0/NVL) GPU/0-89000 (2/160.0/NVL) GPU/0-8e000 (0/5000.0/LOC) GPU/0-c5000 (2/160.0/NVL) GPU/0-c9000 (2/160.0/NVL) NVS/0-0 (1/160.0/NVL) CPU/0-0 (4/10.0/SYS) CPU/0-1 (3/24.0/PHB) 
bddx-inf-sci-k8s-a800-03849:1613010:1613978 [2] NCCL INFO GPU/0-18000 :GPU/0-12000 (2/160.0/NVL) GPU/0-18000 (0/5000.0/LOC) GPU/0-49000 (2/160.0/NVL) GPU/0-4d000 (2/160.0/NVL) GPU/0-89000 (2/160.0/NVL) GPU/0-8e000 (2/160.0/NVL) GPU/0-c5000 (2/160.0/NVL) GPU/0-c9000 (2/160.0/NVL) NVS/0-0 (1/160.0/NVL) CPU/0-0 (3/24.0/PHB) CPU/0-1 (4/10.0/SYS) 
bddx-inf-sci-k8s-a800-03849:1613011:1613979 [3] NCCL INFO GPU/0-c5000 :GPU/0-12000 (2/160.0/NVL) GPU/0-18000 (2/160.0/NVL) GPU/0-49000 (2/160.0/NVL) GPU/0-4d000 (2/160.0/NVL) GPU/0-89000 (2/160.0/NVL) GPU/0-8e000 (2/160.0/NVL) GPU/0-c5000 (0/5000.0/LOC) GPU/0-c9000 (2/160.0/NVL) NVS/0-0 (1/160.0/NVL) CPU/0-0 (4/10.0/SYS) CPU/0-1 (3/24.0/PHB) 
bddx-inf-sci-k8s-a800-03849:1613010:1613978 [2] NCCL INFO GPU/0-49000 :GPU/0-12000 (2/160.0/NVL) GPU/0-18000 (2/160.0/NVL) GPU/0-49000 (0/5000.0/LOC) GPU/0-4d000 (2/160.0/NVL) GPU/0-89000 (2/160.0/NVL) GPU/0-8e000 (2/160.0/NVL) GPU/0-c5000 (2/160.0/NVL) GPU/0-c9000 (2/160.0/NVL) NVS/0-0 (1/160.0/NVL) CPU/0-0 (3/24.0/PHB) CPU/0-1 (4/10.0/SYS) 
bddx-inf-sci-k8s-a800-03849:1613011:1613979 [3] NCCL INFO GPU/0-c9000 :GPU/0-12000 (2/160.0/NVL) GPU/0-18000 (2/160.0/NVL) GPU/0-49000 (2/160.0/NVL) GPU/0-4d000 (2/160.0/NVL) GPU/0-89000 (2/160.0/NVL) GPU/0-8e000 (2/160.0/NVL) GPU/0-c5000 (2/160.0/NVL) GPU/0-c9000 (0/5000.0/LOC) NVS/0-0 (1/160.0/NVL) CPU/0-0 (4/10.0/SYS) CPU/0-1 (3/24.0/PHB) 
bddx-inf-sci-k8s-a800-03849:1613010:1613978 [2] NCCL INFO GPU/0-4d000 :GPU/0-12000 (2/160.0/NVL) GPU/0-18000 (2/160.0/NVL) GPU/0-49000 (2/160.0/NVL) GPU/0-4d000 (0/5000.0/LOC) GPU/0-89000 (2/160.0/NVL) GPU/0-8e000 (2/160.0/NVL) GPU/0-c5000 (2/160.0/NVL) GPU/0-c9000 (2/160.0/NVL) NVS/0-0 (1/160.0/NVL) CPU/0-0 (3/24.0/PHB) CPU/0-1 (4/10.0/SYS) 
bddx-inf-sci-k8s-a800-03849:1613011:1613979 [3] NCCL INFO Setting affinity for GPU 3 to 0-31,64-95
bddx-inf-sci-k8s-a800-03849:1613010:1613978 [2] NCCL INFO GPU/0-89000 :GPU/0-12000 (2/160.0/NVL) GPU/0-18000 (2/160.0/NVL) GPU/0-49000 (2/160.0/NVL) GPU/0-4d000 (2/160.0/NVL) GPU/0-89000 (0/5000.0/LOC) GPU/0-8e000 (2/160.0/NVL) GPU/0-c5000 (2/160.0/NVL) GPU/0-c9000 (2/160.0/NVL) NVS/0-0 (1/160.0/NVL) CPU/0-0 (4/10.0/SYS) CPU/0-1 (3/24.0/PHB) 
bddx-inf-sci-k8s-a800-03849:1613010:1613978 [2] NCCL INFO GPU/0-8e000 :GPU/0-12000 (2/160.0/NVL) GPU/0-18000 (2/160.0/NVL) GPU/0-49000 (2/160.0/NVL) GPU/0-4d000 (2/160.0/NVL) GPU/0-89000 (2/160.0/NVL) GPU/0-8e000 (0/5000.0/LOC) GPU/0-c5000 (2/160.0/NVL) GPU/0-c9000 (2/160.0/NVL) NVS/0-0 (1/160.0/NVL) CPU/0-0 (4/10.0/SYS) CPU/0-1 (3/24.0/PHB) 
bddx-inf-sci-k8s-a800-03849:1613010:1613978 [2] NCCL INFO GPU/0-c5000 :GPU/0-12000 (2/160.0/NVL) GPU/0-18000 (2/160.0/NVL) GPU/0-49000 (2/160.0/NVL) GPU/0-4d000 (2/160.0/NVL) GPU/0-89000 (2/160.0/NVL) GPU/0-8e000 (2/160.0/NVL) GPU/0-c5000 (0/5000.0/LOC) GPU/0-c9000 (2/160.0/NVL) NVS/0-0 (1/160.0/NVL) CPU/0-0 (4/10.0/SYS) CPU/0-1 (3/24.0/PHB) 
bddx-inf-sci-k8s-a800-03849:1613010:1613978 [2] NCCL INFO GPU/0-c9000 :GPU/0-12000 (2/160.0/NVL) GPU/0-18000 (2/160.0/NVL) GPU/0-49000 (2/160.0/NVL) GPU/0-4d000 (2/160.0/NVL) GPU/0-89000 (2/160.0/NVL) GPU/0-8e000 (2/160.0/NVL) GPU/0-c5000 (2/160.0/NVL) GPU/0-c9000 (0/5000.0/LOC) NVS/0-0 (1/160.0/NVL) CPU/0-0 (4/10.0/SYS) CPU/0-1 (3/24.0/PHB) 
bddx-inf-sci-k8s-a800-03849:1613010:1613978 [2] NCCL INFO Setting affinity for GPU 2 to 0-31,64-95
bddx-inf-sci-k8s-a800-03849:1613011:1613979 [3] NCCL INFO NVLS multicast support is not available on dev 3 (NVLS_NCHANNELS 0)
bddx-inf-sci-k8s-a800-03849:1613010:1613978 [2] NCCL INFO NVLS multicast support is not available on dev 2 (NVLS_NCHANNELS 0)
bddx-inf-sci-k8s-a800-03849:1613009:1613974 [1] NCCL INFO === System : maxBw 160.0 totalBw 160.0 ===
bddx-inf-sci-k8s-a800-03849:1613015:1613975 [7] NCCL INFO === System : maxBw 160.0 totalBw 160.0 ===
bddx-inf-sci-k8s-a800-03849:1613008:1613980 [0] NCCL INFO === System : maxBw 160.0 totalBw 160.0 ===
bddx-inf-sci-k8s-a800-03849:1613012:1613973 [4] NCCL INFO === System : maxBw 160.0 totalBw 160.0 ===
bddx-inf-sci-k8s-a800-03849:1613014:1613977 [6] NCCL INFO === System : maxBw 160.0 totalBw 160.0 ===
bddx-inf-sci-k8s-a800-03849:1613009:1613974 [1] NCCL INFO CPU/0-0 (1/1/2)
bddx-inf-sci-k8s-a800-03849:1613014:1613977 [6] NCCL INFO CPU/0-0 (1/1/2)
bddx-inf-sci-k8s-a800-03849:1613015:1613975 [7] NCCL INFO CPU/0-0 (1/1/2)
bddx-inf-sci-k8s-a800-03849:1613008:1613980 [0] NCCL INFO CPU/0-0 (1/1/2)
bddx-inf-sci-k8s-a800-03849:1613012:1613973 [4] NCCL INFO CPU/0-0 (1/1/2)
bddx-inf-sci-k8s-a800-03849:1613009:1613974 [1] NCCL INFO + PCI[24.0] - PCI/0-c000 (1000c0101000ffff)
bddx-inf-sci-k8s-a800-03849:1613014:1613977 [6] NCCL INFO + PCI[24.0] - PCI/0-c000 (1000c0101000ffff)
bddx-inf-sci-k8s-a800-03849:1613015:1613975 [7] NCCL INFO + PCI[24.0] - PCI/0-c000 (1000c0101000ffff)
bddx-inf-sci-k8s-a800-03849:1613008:1613980 [0] NCCL INFO + PCI[24.0] - PCI/0-c000 (1000c0101000ffff)
bddx-inf-sci-k8s-a800-03849:1613012:1613973 [4] NCCL INFO + PCI[24.0] - PCI/0-c000 (1000c0101000ffff)
bddx-inf-sci-k8s-a800-03849:1613009:1613974 [1] NCCL INFO               + PCI[24.0] - PCI/0-10000 (1000c01010de13b8)
bddx-inf-sci-k8s-a800-03849:1613014:1613977 [6] NCCL INFO               + PCI[24.0] - PCI/0-10000 (1000c01010de13b8)
bddx-inf-sci-k8s-a800-03849:1613015:1613975 [7] NCCL INFO               + PCI[24.0] - PCI/0-10000 (1000c01010de13b8)
bddx-inf-sci-k8s-a800-03849:1613008:1613980 [0] NCCL INFO               + PCI[24.0] - PCI/0-10000 (1000c01010de13b8)
bddx-inf-sci-k8s-a800-03849:1613012:1613973 [4] NCCL INFO               + PCI[24.0] - PCI/0-10000 (1000c01010de13b8)
bddx-inf-sci-k8s-a800-03849:1613009:1613974 [1] NCCL INFO                             + PCI[24.0] - GPU/0-12000 (0)
bddx-inf-sci-k8s-a800-03849:1613014:1613977 [6] NCCL INFO                             + PCI[24.0] - GPU/0-12000 (0)
bddx-inf-sci-k8s-a800-03849:1613015:1613975 [7] NCCL INFO                             + PCI[24.0] - GPU/0-12000 (0)
bddx-inf-sci-k8s-a800-03849:1613008:1613980 [0] NCCL INFO                             + PCI[24.0] - GPU/0-12000 (0)
bddx-inf-sci-k8s-a800-03849:1613012:1613973 [4] NCCL INFO                             + PCI[24.0] - GPU/0-12000 (0)
bddx-inf-sci-k8s-a800-03849:1613009:1613974 [1] NCCL INFO                                           + NVL[160.0] - NVS/0-0
bddx-inf-sci-k8s-a800-03849:1613014:1613977 [6] NCCL INFO                                           + NVL[160.0] - NVS/0-0
bddx-inf-sci-k8s-a800-03849:1613015:1613975 [7] NCCL INFO                                           + NVL[160.0] - NVS/0-0
bddx-inf-sci-k8s-a800-03849:1613008:1613980 [0] NCCL INFO                                           + NVL[160.0] - NVS/0-0
bddx-inf-sci-k8s-a800-03849:1613012:1613973 [4] NCCL INFO                                           + NVL[160.0] - NVS/0-0
bddx-inf-sci-k8s-a800-03849:1613009:1613974 [1] NCCL INFO               + PCI[24.0] - NIC/0-1f002
bddx-inf-sci-k8s-a800-03849:1613014:1613977 [6] NCCL INFO               + PCI[24.0] - NIC/0-1f002
bddx-inf-sci-k8s-a800-03849:1613015:1613975 [7] NCCL INFO               + PCI[24.0] - NIC/0-1f002
bddx-inf-sci-k8s-a800-03849:1613008:1613980 [0] NCCL INFO               + PCI[24.0] - NIC/0-1f002
bddx-inf-sci-k8s-a800-03849:1613012:1613973 [4] NCCL INFO               + PCI[24.0] - NIC/0-1f002
bddx-inf-sci-k8s-a800-03849:1613009:1613974 [1] NCCL INFO               + PCI[24.0] - PCI/0-16000 (1000c01010de13b8)
bddx-inf-sci-k8s-a800-03849:1613014:1613977 [6] NCCL INFO               + PCI[24.0] - PCI/0-16000 (1000c01010de13b8)
bddx-inf-sci-k8s-a800-03849:1613015:1613975 [7] NCCL INFO               + PCI[24.0] - PCI/0-16000 (1000c01010de13b8)
bddx-inf-sci-k8s-a800-03849:1613008:1613980 [0] NCCL INFO               + PCI[24.0] - PCI/0-16000 (1000c01010de13b8)
bddx-inf-sci-k8s-a800-03849:1613012:1613973 [4] NCCL INFO               + PCI[24.0] - PCI/0-16000 (1000c01010de13b8)
bddx-inf-sci-k8s-a800-03849:1613009:1613974 [1] NCCL INFO                             + PCI[24.0] - GPU/0-18000 (1)
bddx-inf-sci-k8s-a800-03849:1613014:1613977 [6] NCCL INFO                             + PCI[24.0] - GPU/0-18000 (1)
bddx-inf-sci-k8s-a800-03849:1613015:1613975 [7] NCCL INFO                             + PCI[24.0] - GPU/0-18000 (1)
bddx-inf-sci-k8s-a800-03849:1613008:1613980 [0] NCCL INFO                             + PCI[24.0] - GPU/0-18000 (1)
bddx-inf-sci-k8s-a800-03849:1613012:1613973 [4] NCCL INFO                             + PCI[24.0] - GPU/0-18000 (1)
bddx-inf-sci-k8s-a800-03849:1613009:1613974 [1] NCCL INFO                                           + NVL[160.0] - NVS/0-0
bddx-inf-sci-k8s-a800-03849:1613014:1613977 [6] NCCL INFO                                           + NVL[160.0] - NVS/0-0
bddx-inf-sci-k8s-a800-03849:1613015:1613975 [7] NCCL INFO                                           + NVL[160.0] - NVS/0-0
bddx-inf-sci-k8s-a800-03849:1613008:1613980 [0] NCCL INFO                                           + NVL[160.0] - NVS/0-0
bddx-inf-sci-k8s-a800-03849:1613012:1613973 [4] NCCL INFO                                           + NVL[160.0] - NVS/0-0
bddx-inf-sci-k8s-a800-03849:1613009:1613974 [1] NCCL INFO + PCI[24.0] - PCI/0-43000 (1000c0101000ffff)
bddx-inf-sci-k8s-a800-03849:1613014:1613977 [6] NCCL INFO + PCI[24.0] - PCI/0-43000 (1000c0101000ffff)
bddx-inf-sci-k8s-a800-03849:1613015:1613975 [7] NCCL INFO + PCI[24.0] - PCI/0-43000 (1000c0101000ffff)
bddx-inf-sci-k8s-a800-03849:1613008:1613980 [0] NCCL INFO + PCI[24.0] - PCI/0-43000 (1000c0101000ffff)
bddx-inf-sci-k8s-a800-03849:1613012:1613973 [4] NCCL INFO + PCI[24.0] - PCI/0-43000 (1000c0101000ffff)
bddx-inf-sci-k8s-a800-03849:1613009:1613974 [1] NCCL INFO               + PCI[24.0] - NIC/0-5f002
bddx-inf-sci-k8s-a800-03849:1613014:1613977 [6] NCCL INFO               + PCI[24.0] - NIC/0-5f002
bddx-inf-sci-k8s-a800-03849:1613015:1613975 [7] NCCL INFO               + PCI[24.0] - NIC/0-5f002
bddx-inf-sci-k8s-a800-03849:1613008:1613980 [0] NCCL INFO               + PCI[24.0] - NIC/0-5f002
bddx-inf-sci-k8s-a800-03849:1613012:1613973 [4] NCCL INFO               + PCI[24.0] - NIC/0-5f002
bddx-inf-sci-k8s-a800-03849:1613009:1613974 [1] NCCL INFO               + PCI[24.0] - PCI/0-47000 (1000c01010de13b8)
bddx-inf-sci-k8s-a800-03849:1613014:1613977 [6] NCCL INFO               + PCI[24.0] - PCI/0-47000 (1000c01010de13b8)
bddx-inf-sci-k8s-a800-03849:1613015:1613975 [7] NCCL INFO               + PCI[24.0] - PCI/0-47000 (1000c01010de13b8)
bddx-inf-sci-k8s-a800-03849:1613008:1613980 [0] NCCL INFO               + PCI[24.0] - PCI/0-47000 (1000c01010de13b8)
bddx-inf-sci-k8s-a800-03849:1613012:1613973 [4] NCCL INFO               + PCI[24.0] - PCI/0-47000 (1000c01010de13b8)
bddx-inf-sci-k8s-a800-03849:1613009:1613974 [1] NCCL INFO                             + PCI[24.0] - GPU/0-49000 (2)
bddx-inf-sci-k8s-a800-03849:1613014:1613977 [6] NCCL INFO                             + PCI[24.0] - GPU/0-49000 (2)
bddx-inf-sci-k8s-a800-03849:1613015:1613975 [7] NCCL INFO                             + PCI[24.0] - GPU/0-49000 (2)
bddx-inf-sci-k8s-a800-03849:1613008:1613980 [0] NCCL INFO                             + PCI[24.0] - GPU/0-49000 (2)
bddx-inf-sci-k8s-a800-03849:1613012:1613973 [4] NCCL INFO                             + PCI[24.0] - GPU/0-49000 (2)
bddx-inf-sci-k8s-a800-03849:1613009:1613974 [1] NCCL INFO                                           + NVL[160.0] - NVS/0-0
bddx-inf-sci-k8s-a800-03849:1613014:1613977 [6] NCCL INFO                                           + NVL[160.0] - NVS/0-0
bddx-inf-sci-k8s-a800-03849:1613015:1613975 [7] NCCL INFO                                           + NVL[160.0] - NVS/0-0
bddx-inf-sci-k8s-a800-03849:1613008:1613980 [0] NCCL INFO                                           + NVL[160.0] - NVS/0-0
bddx-inf-sci-k8s-a800-03849:1613012:1613973 [4] NCCL INFO                                           + NVL[160.0] - NVS/0-0
bddx-inf-sci-k8s-a800-03849:1613009:1613974 [1] NCCL INFO               + PCI[24.0] - PCI/0-4b000 (1000c01010de13b8)
bddx-inf-sci-k8s-a800-03849:1613014:1613977 [6] NCCL INFO               + PCI[24.0] - PCI/0-4b000 (1000c01010de13b8)
bddx-inf-sci-k8s-a800-03849:1613015:1613975 [7] NCCL INFO               + PCI[24.0] - PCI/0-4b000 (1000c01010de13b8)
bddx-inf-sci-k8s-a800-03849:1613008:1613980 [0] NCCL INFO               + PCI[24.0] - PCI/0-4b000 (1000c01010de13b8)
bddx-inf-sci-k8s-a800-03849:1613012:1613973 [4] NCCL INFO               + PCI[24.0] - PCI/0-4b000 (1000c01010de13b8)
bddx-inf-sci-k8s-a800-03849:1613009:1613974 [1] NCCL INFO                             + PCI[24.0] - GPU/0-4d000 (3)
bddx-inf-sci-k8s-a800-03849:1613014:1613977 [6] NCCL INFO                             + PCI[24.0] - GPU/0-4d000 (3)
bddx-inf-sci-k8s-a800-03849:1613010:1613978 [2] NCCL INFO Pattern 4, crossNic 0, nChannels 8, bw 20.000000/20.000000, type NVL/PIX, sameChannels 1
bddx-inf-sci-k8s-a800-03849:1613015:1613975 [7] NCCL INFO                             + PCI[24.0] - GPU/0-4d000 (3)
bddx-inf-sci-k8s-a800-03849:1613008:1613980 [0] NCCL INFO                             + PCI[24.0] - GPU/0-4d000 (3)
bddx-inf-sci-k8s-a800-03849:1613012:1613973 [4] NCCL INFO                             + PCI[24.0] - GPU/0-4d000 (3)
bddx-inf-sci-k8s-a800-03849:1613009:1613974 [1] NCCL INFO                                           + NVL[160.0] - NVS/0-0
bddx-inf-sci-k8s-a800-03849:1613014:1613977 [6] NCCL INFO                                           + NVL[160.0] - NVS/0-0
bddx-inf-sci-k8s-a800-03849:1613015:1613975 [7] NCCL INFO                                           + NVL[160.0] - NVS/0-0
bddx-inf-sci-k8s-a800-03849:1613010:1613978 [2] NCCL INFO  0 : GPU/0 GPU/1 GPU/2 GPU/3 GPU/4 GPU/5 GPU/6 GPU/7
bddx-inf-sci-k8s-a800-03849:1613008:1613980 [0] NCCL INFO                                           + NVL[160.0] - NVS/0-0
bddx-inf-sci-k8s-a800-03849:1613012:1613973 [4] NCCL INFO                                           + NVL[160.0] - NVS/0-0
bddx-inf-sci-k8s-a800-03849:1613009:1613974 [1] NCCL INFO + SYS[10.0] - CPU/0-1
bddx-inf-sci-k8s-a800-03849:1613014:1613977 [6] NCCL INFO + SYS[10.0] - CPU/0-1
bddx-inf-sci-k8s-a800-03849:1613015:1613975 [7] NCCL INFO + SYS[10.0] - CPU/0-1
bddx-inf-sci-k8s-a800-03849:1613011:1613979 [3] NCCL INFO Pattern 4, crossNic 0, nChannels 8, bw 20.000000/20.000000, type NVL/PIX, sameChannels 1
bddx-inf-sci-k8s-a800-03849:1613010:1613978 [2] NCCL INFO  1 : GPU/0 GPU/1 GPU/2 GPU/3 GPU/4 GPU/5 GPU/6 GPU/7
bddx-inf-sci-k8s-a800-03849:1613008:1613980 [0] NCCL INFO + SYS[10.0] - CPU/0-1
bddx-inf-sci-k8s-a800-03849:1613012:1613973 [4] NCCL INFO + SYS[10.0] - CPU/0-1
bddx-inf-sci-k8s-a800-03849:1613009:1613974 [1] NCCL INFO CPU/0-1 (1/1/2)
bddx-inf-sci-k8s-a800-03849:1613014:1613977 [6] NCCL INFO CPU/0-1 (1/1/2)
bddx-inf-sci-k8s-a800-03849:1613015:1613975 [7] NCCL INFO CPU/0-1 (1/1/2)
bddx-inf-sci-k8s-a800-03849:1613011:1613979 [3] NCCL INFO  0 : GPU/0 GPU/1 GPU/2 GPU/3 GPU/4 GPU/5 GPU/6 GPU/7
bddx-inf-sci-k8s-a800-03849:1613010:1613978 [2] NCCL INFO  2 : GPU/0 GPU/1 GPU/2 GPU/3 GPU/4 GPU/5 GPU/6 GPU/7
bddx-inf-sci-k8s-a800-03849:1613008:1613980 [0] NCCL INFO CPU/0-1 (1/1/2)
bddx-inf-sci-k8s-a800-03849:1613012:1613973 [4] NCCL INFO CPU/0-1 (1/1/2)
bddx-inf-sci-k8s-a800-03849:1613009:1613974 [1] NCCL INFO + PCI[24.0] - PCI/0-83000 (1000c0101000ffff)
bddx-inf-sci-k8s-a800-03849:1613014:1613977 [6] NCCL INFO + PCI[24.0] - PCI/0-83000 (1000c0101000ffff)
bddx-inf-sci-k8s-a800-03849:1613015:1613975 [7] NCCL INFO + PCI[24.0] - PCI/0-83000 (1000c0101000ffff)
bddx-inf-sci-k8s-a800-03849:1613011:1613979 [3] NCCL INFO  1 : GPU/0 GPU/1 GPU/2 GPU/3 GPU/4 GPU/5 GPU/6 GPU/7
bddx-inf-sci-k8s-a800-03849:1613010:1613978 [2] NCCL INFO  3 : GPU/0 GPU/1 GPU/2 GPU/3 GPU/4 GPU/5 GPU/6 GPU/7
bddx-inf-sci-k8s-a800-03849:1613008:1613980 [0] NCCL INFO + PCI[24.0] - PCI/0-83000 (1000c0101000ffff)
bddx-inf-sci-k8s-a800-03849:1613012:1613973 [4] NCCL INFO + PCI[24.0] - PCI/0-83000 (1000c0101000ffff)
bddx-inf-sci-k8s-a800-03849:1613009:1613974 [1] NCCL INFO               + PCI[24.0] - NIC/0-95002
bddx-inf-sci-k8s-a800-03849:1613014:1613977 [6] NCCL INFO               + PCI[24.0] - NIC/0-95002
bddx-inf-sci-k8s-a800-03849:1613015:1613975 [7] NCCL INFO               + PCI[24.0] - NIC/0-95002
bddx-inf-sci-k8s-a800-03849:1613011:1613979 [3] NCCL INFO  2 : GPU/0 GPU/1 GPU/2 GPU/3 GPU/4 GPU/5 GPU/6 GPU/7
bddx-inf-sci-k8s-a800-03849:1613010:1613978 [2] NCCL INFO  4 : GPU/0 GPU/1 GPU/2 GPU/3 GPU/4 GPU/5 GPU/6 GPU/7
bddx-inf-sci-k8s-a800-03849:1613008:1613980 [0] NCCL INFO               + PCI[24.0] - NIC/0-95002
bddx-inf-sci-k8s-a800-03849:1613012:1613973 [4] NCCL INFO               + PCI[24.0] - NIC/0-95002
bddx-inf-sci-k8s-a800-03849:1613009:1613974 [1] NCCL INFO               + PCI[24.0] - PCI/0-87000 (1000c01010de13b8)
bddx-inf-sci-k8s-a800-03849:1613014:1613977 [6] NCCL INFO               + PCI[24.0] - PCI/0-87000 (1000c01010de13b8)
bddx-inf-sci-k8s-a800-03849:1613015:1613975 [7] NCCL INFO               + PCI[24.0] - PCI/0-87000 (1000c01010de13b8)
bddx-inf-sci-k8s-a800-03849:1613011:1613979 [3] NCCL INFO  3 : GPU/0 GPU/1 GPU/2 GPU/3 GPU/4 GPU/5 GPU/6 GPU/7
bddx-inf-sci-k8s-a800-03849:1613010:1613978 [2] NCCL INFO  5 : GPU/0 GPU/1 GPU/2 GPU/3 GPU/4 GPU/5 GPU/6 GPU/7
bddx-inf-sci-k8s-a800-03849:1613008:1613980 [0] NCCL INFO               + PCI[24.0] - PCI/0-87000 (1000c01010de13b8)
bddx-inf-sci-k8s-a800-03849:1613012:1613973 [4] NCCL INFO               + PCI[24.0] - PCI/0-87000 (1000c01010de13b8)
bddx-inf-sci-k8s-a800-03849:1613009:1613974 [1] NCCL INFO                             + PCI[24.0] - GPU/0-89000 (4)
bddx-inf-sci-k8s-a800-03849:1613014:1613977 [6] NCCL INFO                             + PCI[24.0] - GPU/0-89000 (4)
bddx-inf-sci-k8s-a800-03849:1613015:1613975 [7] NCCL INFO                             + PCI[24.0] - GPU/0-89000 (4)
bddx-inf-sci-k8s-a800-03849:1613011:1613979 [3] NCCL INFO  4 : GPU/0 GPU/1 GPU/2 GPU/3 GPU/4 GPU/5 GPU/6 GPU/7
bddx-inf-sci-k8s-a800-03849:1613010:1613978 [2] NCCL INFO  6 : GPU/0 GPU/1 GPU/2 GPU/3 GPU/4 GPU/5 GPU/6 GPU/7
bddx-inf-sci-k8s-a800-03849:1613008:1613980 [0] NCCL INFO                             + PCI[24.0] - GPU/0-89000 (4)
bddx-inf-sci-k8s-a800-03849:1613012:1613973 [4] NCCL INFO                             + PCI[24.0] - GPU/0-89000 (4)
bddx-inf-sci-k8s-a800-03849:1613009:1613974 [1] NCCL INFO                                           + NVL[160.0] - NVS/0-0
bddx-inf-sci-k8s-a800-03849:1613014:1613977 [6] NCCL INFO                                           + NVL[160.0] - NVS/0-0
bddx-inf-sci-k8s-a800-03849:1613015:1613975 [7] NCCL INFO                                           + NVL[160.0] - NVS/0-0
bddx-inf-sci-k8s-a800-03849:1613011:1613979 [3] NCCL INFO  5 : GPU/0 GPU/1 GPU/2 GPU/3 GPU/4 GPU/5 GPU/6 GPU/7
bddx-inf-sci-k8s-a800-03849:1613010:1613978 [2] NCCL INFO  7 : GPU/0 GPU/1 GPU/2 GPU/3 GPU/4 GPU/5 GPU/6 GPU/7
bddx-inf-sci-k8s-a800-03849:1613008:1613980 [0] NCCL INFO                                           + NVL[160.0] - NVS/0-0
bddx-inf-sci-k8s-a800-03849:1613012:1613973 [4] NCCL INFO                                           + NVL[160.0] - NVS/0-0
bddx-inf-sci-k8s-a800-03849:1613009:1613974 [1] NCCL INFO               + PCI[24.0] - PCI/0-8c000 (1000c01010de13b8)
bddx-inf-sci-k8s-a800-03849:1613012:1613973 [4] NCCL INFO               + PCI[24.0] - PCI/0-8c000 (1000c01010de13b8)
bddx-inf-sci-k8s-a800-03849:1613014:1613977 [6] NCCL INFO               + PCI[24.0] - PCI/0-8c000 (1000c01010de13b8)
bddx-inf-sci-k8s-a800-03849:1613015:1613975 [7] NCCL INFO               + PCI[24.0] - PCI/0-8c000 (1000c01010de13b8)
bddx-inf-sci-k8s-a800-03849:1613011:1613979 [3] NCCL INFO  6 : GPU/0 GPU/1 GPU/2 GPU/3 GPU/4 GPU/5 GPU/6 GPU/7
bddx-inf-sci-k8s-a800-03849:1613008:1613980 [0] NCCL INFO               + PCI[24.0] - PCI/0-8c000 (1000c01010de13b8)
bddx-inf-sci-k8s-a800-03849:1613011:1613979 [3] NCCL INFO  7 : GPU/0 GPU/1 GPU/2 GPU/3 GPU/4 GPU/5 GPU/6 GPU/7
bddx-inf-sci-k8s-a800-03849:1613009:1613974 [1] NCCL INFO                             + PCI[24.0] - GPU/0-8e000 (5)
bddx-inf-sci-k8s-a800-03849:1613012:1613973 [4] NCCL INFO                             + PCI[24.0] - GPU/0-8e000 (5)
bddx-inf-sci-k8s-a800-03849:1613014:1613977 [6] NCCL INFO                             + PCI[24.0] - GPU/0-8e000 (5)
bddx-inf-sci-k8s-a800-03849:1613015:1613975 [7] NCCL INFO                             + PCI[24.0] - GPU/0-8e000 (5)
bddx-inf-sci-k8s-a800-03849:1613008:1613980 [0] NCCL INFO                             + PCI[24.0] - GPU/0-8e000 (5)
bddx-inf-sci-k8s-a800-03849:1613009:1613974 [1] NCCL INFO                                           + NVL[160.0] - NVS/0-0
bddx-inf-sci-k8s-a800-03849:1613012:1613973 [4] NCCL INFO                                           + NVL[160.0] - NVS/0-0
bddx-inf-sci-k8s-a800-03849:1613014:1613977 [6] NCCL INFO                                           + NVL[160.0] - NVS/0-0
bddx-inf-sci-k8s-a800-03849:1613015:1613975 [7] NCCL INFO                                           + NVL[160.0] - NVS/0-0
bddx-inf-sci-k8s-a800-03849:1613008:1613980 [0] NCCL INFO                                           + NVL[160.0] - NVS/0-0
bddx-inf-sci-k8s-a800-03849:1613009:1613974 [1] NCCL INFO + PCI[24.0] - PCI/0-bf000 (1000c0101000ffff)
bddx-inf-sci-k8s-a800-03849:1613012:1613973 [4] NCCL INFO + PCI[24.0] - PCI/0-bf000 (1000c0101000ffff)
bddx-inf-sci-k8s-a800-03849:1613014:1613977 [6] NCCL INFO + PCI[24.0] - PCI/0-bf000 (1000c0101000ffff)
bddx-inf-sci-k8s-a800-03849:1613015:1613975 [7] NCCL INFO + PCI[24.0] - PCI/0-bf000 (1000c0101000ffff)
bddx-inf-sci-k8s-a800-03849:1613008:1613980 [0] NCCL INFO + PCI[24.0] - PCI/0-bf000 (1000c0101000ffff)
bddx-inf-sci-k8s-a800-03849:1613009:1613974 [1] NCCL INFO               + PCI[24.0] - NIC/0-cc002
bddx-inf-sci-k8s-a800-03849:1613012:1613973 [4] NCCL INFO               + PCI[24.0] - NIC/0-cc002
bddx-inf-sci-k8s-a800-03849:1613014:1613977 [6] NCCL INFO               + PCI[24.0] - NIC/0-cc002
bddx-inf-sci-k8s-a800-03849:1613015:1613975 [7] NCCL INFO               + PCI[24.0] - NIC/0-cc002
bddx-inf-sci-k8s-a800-03849:1613008:1613980 [0] NCCL INFO               + PCI[24.0] - NIC/0-cc002
bddx-inf-sci-k8s-a800-03849:1613009:1613974 [1] NCCL INFO               + PCI[24.0] - PCI/0-c3000 (1000c01010de13b8)
bddx-inf-sci-k8s-a800-03849:1613012:1613973 [4] NCCL INFO               + PCI[24.0] - PCI/0-c3000 (1000c01010de13b8)
bddx-inf-sci-k8s-a800-03849:1613014:1613977 [6] NCCL INFO               + PCI[24.0] - PCI/0-c3000 (1000c01010de13b8)
bddx-inf-sci-k8s-a800-03849:1613015:1613975 [7] NCCL INFO               + PCI[24.0] - PCI/0-c3000 (1000c01010de13b8)
bddx-inf-sci-k8s-a800-03849:1613008:1613980 [0] NCCL INFO               + PCI[24.0] - PCI/0-c3000 (1000c01010de13b8)
bddx-inf-sci-k8s-a800-03849:1613009:1613974 [1] NCCL INFO                             + PCI[24.0] - GPU/0-c5000 (6)
bddx-inf-sci-k8s-a800-03849:1613010:1613978 [2] NCCL INFO Pattern 1, crossNic 0, nChannels 8, bw 20.000000/20.000000, type NVL/PIX, sameChannels 1
bddx-inf-sci-k8s-a800-03849:1613012:1613973 [4] NCCL INFO                             + PCI[24.0] - GPU/0-c5000 (6)
bddx-inf-sci-k8s-a800-03849:1613014:1613977 [6] NCCL INFO                             + PCI[24.0] - GPU/0-c5000 (6)
bddx-inf-sci-k8s-a800-03849:1613015:1613975 [7] NCCL INFO                             + PCI[24.0] - GPU/0-c5000 (6)
bddx-inf-sci-k8s-a800-03849:1613008:1613980 [0] NCCL INFO                             + PCI[24.0] - GPU/0-c5000 (6)
bddx-inf-sci-k8s-a800-03849:1613009:1613974 [1] NCCL INFO                                           + NVL[160.0] - NVS/0-0
bddx-inf-sci-k8s-a800-03849:1613010:1613978 [2] NCCL INFO  0 : GPU/0 GPU/1 GPU/2 GPU/3 GPU/4 GPU/5 GPU/6 GPU/7
bddx-inf-sci-k8s-a800-03849:1613012:1613973 [4] NCCL INFO                                           + NVL[160.0] - NVS/0-0
bddx-inf-sci-k8s-a800-03849:1613014:1613977 [6] NCCL INFO                                           + NVL[160.0] - NVS/0-0
bddx-inf-sci-k8s-a800-03849:1613015:1613975 [7] NCCL INFO                                           + NVL[160.0] - NVS/0-0
bddx-inf-sci-k8s-a800-03849:1613008:1613980 [0] NCCL INFO                                           + NVL[160.0] - NVS/0-0
bddx-inf-sci-k8s-a800-03849:1613009:1613974 [1] NCCL INFO               + PCI[24.0] - PCI/0-c7000 (1000c01010de13b8)
bddx-inf-sci-k8s-a800-03849:1613010:1613978 [2] NCCL INFO  1 : GPU/0 GPU/1 GPU/2 GPU/3 GPU/4 GPU/5 GPU/6 GPU/7
bddx-inf-sci-k8s-a800-03849:1613012:1613973 [4] NCCL INFO               + PCI[24.0] - PCI/0-c7000 (1000c01010de13b8)
bddx-inf-sci-k8s-a800-03849:1613014:1613977 [6] NCCL INFO               + PCI[24.0] - PCI/0-c7000 (1000c01010de13b8)
bddx-inf-sci-k8s-a800-03849:1613015:1613975 [7] NCCL INFO               + PCI[24.0] - PCI/0-c7000 (1000c01010de13b8)
bddx-inf-sci-k8s-a800-03849:1613008:1613980 [0] NCCL INFO               + PCI[24.0] - PCI/0-c7000 (1000c01010de13b8)
bddx-inf-sci-k8s-a800-03849:1613009:1613974 [1] NCCL INFO                             + PCI[24.0] - GPU/0-c9000 (7)
bddx-inf-sci-k8s-a800-03849:1613010:1613978 [2] NCCL INFO  2 : GPU/0 GPU/1 GPU/2 GPU/3 GPU/4 GPU/5 GPU/6 GPU/7
bddx-inf-sci-k8s-a800-03849:1613012:1613973 [4] NCCL INFO                             + PCI[24.0] - GPU/0-c9000 (7)
bddx-inf-sci-k8s-a800-03849:1613014:1613977 [6] NCCL INFO                             + PCI[24.0] - GPU/0-c9000 (7)
bddx-inf-sci-k8s-a800-03849:1613015:1613975 [7] NCCL INFO                             + PCI[24.0] - GPU/0-c9000 (7)
bddx-inf-sci-k8s-a800-03849:1613008:1613980 [0] NCCL INFO                             + PCI[24.0] - GPU/0-c9000 (7)
bddx-inf-sci-k8s-a800-03849:1613009:1613974 [1] NCCL INFO                                           + NVL[160.0] - NVS/0-0
bddx-inf-sci-k8s-a800-03849:1613010:1613978 [2] NCCL INFO  3 : GPU/0 GPU/1 GPU/2 GPU/3 GPU/4 GPU/5 GPU/6 GPU/7
bddx-inf-sci-k8s-a800-03849:1613009:1613974 [1] NCCL INFO + SYS[10.0] - CPU/0-0
bddx-inf-sci-k8s-a800-03849:1613012:1613973 [4] NCCL INFO                                           + NVL[160.0] - NVS/0-0
bddx-inf-sci-k8s-a800-03849:1613011:1613979 [3] NCCL INFO Pattern 1, crossNic 0, nChannels 8, bw 20.000000/20.000000, type NVL/PIX, sameChannels 1
bddx-inf-sci-k8s-a800-03849:1613011:1613979 [3] NCCL INFO  0 : GPU/0 GPU/1 GPU/2 GPU/3 GPU/4 GPU/5 GPU/6 GPU/7
bddx-inf-sci-k8s-a800-03849:1613011:1613979 [3] NCCL INFO  1 : GPU/0 GPU/1 GPU/2 GPU/3 GPU/4 GPU/5 GPU/6 GPU/7
bddx-inf-sci-k8s-a800-03849:1613011:1613979 [3] NCCL INFO  2 : GPU/0 GPU/1 GPU/2 GPU/3 GPU/4 GPU/5 GPU/6 GPU/7
bddx-inf-sci-k8s-a800-03849:1613015:1613975 [7] NCCL INFO                                           + NVL[160.0] - NVS/0-0
bddx-inf-sci-k8s-a800-03849:1613008:1613980 [0] NCCL INFO                                           + NVL[160.0] - NVS/0-0
bddx-inf-sci-k8s-a800-03849:1613010:1613978 [2] NCCL INFO  4 : GPU/0 GPU/1 GPU/2 GPU/3 GPU/4 GPU/5 GPU/6 GPU/7
bddx-inf-sci-k8s-a800-03849:1613009:1613974 [1] NCCL INFO ==========================================
bddx-inf-sci-k8s-a800-03849:1613011:1613979 [3] NCCL INFO  3 : GPU/0 GPU/1 GPU/2 GPU/3 GPU/4 GPU/5 GPU/6 GPU/7
bddx-inf-sci-k8s-a800-03849:1613015:1613975 [7] NCCL INFO + SYS[10.0] - CPU/0-0
bddx-inf-sci-k8s-a800-03849:1613008:1613980 [0] NCCL INFO + SYS[10.0] - CPU/0-0
bddx-inf-sci-k8s-a800-03849:1613010:1613978 [2] NCCL INFO  5 : GPU/0 GPU/1 GPU/2 GPU/3 GPU/4 GPU/5 GPU/6 GPU/7
bddx-inf-sci-k8s-a800-03849:1613011:1613979 [3] NCCL INFO  4 : GPU/0 GPU/1 GPU/2 GPU/3 GPU/4 GPU/5 GPU/6 GPU/7
bddx-inf-sci-k8s-a800-03849:1613015:1613975 [7] NCCL INFO ==========================================
bddx-inf-sci-k8s-a800-03849:1613014:1613977 [6] NCCL INFO                                           + NVL[160.0] - NVS/0-0
bddx-inf-sci-k8s-a800-03849:1613008:1613980 [0] NCCL INFO ==========================================
bddx-inf-sci-k8s-a800-03849:1613009:1613974 [1] NCCL INFO GPU/0-12000 :GPU/0-12000 (0/5000.0/LOC) GPU/0-18000 (2/160.0/NVL) GPU/0-49000 (2/160.0/NVL) GPU/0-4d000 (2/160.0/NVL) GPU/0-89000 (2/160.0/NVL) GPU/0-8e000 (2/160.0/NVL) GPU/0-c5000 (2/160.0/NVL) GPU/0-c9000 (2/160.0/NVL) NVS/0-0 (1/160.0/NVL) CPU/0-0 (3/24.0/PHB) CPU/0-1 (4/10.0/SYS) 
bddx-inf-sci-k8s-a800-03849:1613010:1613978 [2] NCCL INFO  6 : GPU/0 GPU/1 GPU/2 GPU/3 GPU/4 GPU/5 GPU/6 GPU/7
bddx-inf-sci-k8s-a800-03849:1613011:1613979 [3] NCCL INFO  5 : GPU/0 GPU/1 GPU/2 GPU/3 GPU/4 GPU/5 GPU/6 GPU/7
bddx-inf-sci-k8s-a800-03849:1613012:1613973 [4] NCCL INFO + SYS[10.0] - CPU/0-0
bddx-inf-sci-k8s-a800-03849:1613014:1613977 [6] NCCL INFO + SYS[10.0] - CPU/0-0
bddx-inf-sci-k8s-a800-03849:1613015:1613975 [7] NCCL INFO GPU/0-12000 :GPU/0-12000 (0/5000.0/LOC) GPU/0-18000 (2/160.0/NVL) GPU/0-49000 (2/160.0/NVL) GPU/0-4d000 (2/160.0/NVL) GPU/0-89000 (2/160.0/NVL) GPU/0-8e000 (2/160.0/NVL) GPU/0-c5000 (2/160.0/NVL) GPU/0-c9000 (2/160.0/NVL) NVS/0-0 (1/160.0/NVL) CPU/0-0 (3/24.0/PHB) CPU/0-1 (4/10.0/SYS) 
bddx-inf-sci-k8s-a800-03849:1613010:1613978 [2] NCCL INFO  7 : GPU/0 GPU/1 GPU/2 GPU/3 GPU/4 GPU/5 GPU/6 GPU/7
bddx-inf-sci-k8s-a800-03849:1613008:1613980 [0] NCCL INFO GPU/0-12000 :GPU/0-12000 (0/5000.0/LOC) GPU/0-18000 (2/160.0/NVL) GPU/0-49000 (2/160.0/NVL) GPU/0-4d000 (2/160.0/NVL) GPU/0-89000 (2/160.0/NVL) GPU/0-8e000 (2/160.0/NVL) GPU/0-c5000 (2/160.0/NVL) GPU/0-c9000 (2/160.0/NVL) NVS/0-0 (1/160.0/NVL) CPU/0-0 (3/24.0/PHB) CPU/0-1 (4/10.0/SYS) 
bddx-inf-sci-k8s-a800-03849:1613009:1613974 [1] NCCL INFO GPU/0-18000 :GPU/0-12000 (2/160.0/NVL) GPU/0-18000 (0/5000.0/LOC) GPU/0-49000 (2/160.0/NVL) GPU/0-4d000 (2/160.0/NVL) GPU/0-89000 (2/160.0/NVL) GPU/0-8e000 (2/160.0/NVL) GPU/0-c5000 (2/160.0/NVL) GPU/0-c9000 (2/160.0/NVL) NVS/0-0 (1/160.0/NVL) CPU/0-0 (3/24.0/PHB) CPU/0-1 (4/10.0/SYS) 
bddx-inf-sci-k8s-a800-03849:1613011:1613979 [3] NCCL INFO  6 : GPU/0 GPU/1 GPU/2 GPU/3 GPU/4 GPU/5 GPU/6 GPU/7
bddx-inf-sci-k8s-a800-03849:1613012:1613973 [4] NCCL INFO ==========================================
bddx-inf-sci-k8s-a800-03849:1613014:1613977 [6] NCCL INFO ==========================================
bddx-inf-sci-k8s-a800-03849:1613015:1613975 [7] NCCL INFO GPU/0-18000 :GPU/0-12000 (2/160.0/NVL) GPU/0-18000 (0/5000.0/LOC) GPU/0-49000 (2/160.0/NVL) GPU/0-4d000 (2/160.0/NVL) GPU/0-89000 (2/160.0/NVL) GPU/0-8e000 (2/160.0/NVL) GPU/0-c5000 (2/160.0/NVL) GPU/0-c9000 (2/160.0/NVL) NVS/0-0 (1/160.0/NVL) CPU/0-0 (3/24.0/PHB) CPU/0-1 (4/10.0/SYS) 
bddx-inf-sci-k8s-a800-03849:1613011:1613979 [3] NCCL INFO  7 : GPU/0 GPU/1 GPU/2 GPU/3 GPU/4 GPU/5 GPU/6 GPU/7
bddx-inf-sci-k8s-a800-03849:1613008:1613980 [0] NCCL INFO GPU/0-18000 :GPU/0-12000 (2/160.0/NVL) GPU/0-18000 (0/5000.0/LOC) GPU/0-49000 (2/160.0/NVL) GPU/0-4d000 (2/160.0/NVL) GPU/0-89000 (2/160.0/NVL) GPU/0-8e000 (2/160.0/NVL) GPU/0-c5000 (2/160.0/NVL) GPU/0-c9000 (2/160.0/NVL) NVS/0-0 (1/160.0/NVL) CPU/0-0 (3/24.0/PHB) CPU/0-1 (4/10.0/SYS) 
bddx-inf-sci-k8s-a800-03849:1613009:1613974 [1] NCCL INFO GPU/0-49000 :GPU/0-12000 (2/160.0/NVL) GPU/0-18000 (2/160.0/NVL) GPU/0-49000 (0/5000.0/LOC) GPU/0-4d000 (2/160.0/NVL) GPU/0-89000 (2/160.0/NVL) GPU/0-8e000 (2/160.0/NVL) GPU/0-c5000 (2/160.0/NVL) GPU/0-c9000 (2/160.0/NVL) NVS/0-0 (1/160.0/NVL) CPU/0-0 (3/24.0/PHB) CPU/0-1 (4/10.0/SYS) 
bddx-inf-sci-k8s-a800-03849:1613014:1613977 [6] NCCL INFO GPU/0-12000 :GPU/0-12000 (0/5000.0/LOC) GPU/0-18000 (2/160.0/NVL) GPU/0-49000 (2/160.0/NVL) GPU/0-4d000 (2/160.0/NVL) GPU/0-89000 (2/160.0/NVL) GPU/0-8e000 (2/160.0/NVL) GPU/0-c5000 (2/160.0/NVL) GPU/0-c9000 (2/160.0/NVL) NVS/0-0 (1/160.0/NVL) CPU/0-0 (3/24.0/PHB) CPU/0-1 (4/10.0/SYS) 
bddx-inf-sci-k8s-a800-03849:1613015:1613975 [7] NCCL INFO GPU/0-49000 :GPU/0-12000 (2/160.0/NVL) GPU/0-18000 (2/160.0/NVL) GPU/0-49000 (0/5000.0/LOC) GPU/0-4d000 (2/160.0/NVL) GPU/0-89000 (2/160.0/NVL) GPU/0-8e000 (2/160.0/NVL) GPU/0-c5000 (2/160.0/NVL) GPU/0-c9000 (2/160.0/NVL) NVS/0-0 (1/160.0/NVL) CPU/0-0 (3/24.0/PHB) CPU/0-1 (4/10.0/SYS) 
bddx-inf-sci-k8s-a800-03849:1613012:1613973 [4] NCCL INFO GPU/0-12000 :GPU/0-12000 (0/5000.0/LOC) GPU/0-18000 (2/160.0/NVL) GPU/0-49000 (2/160.0/NVL) GPU/0-4d000 (2/160.0/NVL) GPU/0-89000 (2/160.0/NVL) GPU/0-8e000 (2/160.0/NVL) GPU/0-c5000 (2/160.0/NVL) GPU/0-c9000 (2/160.0/NVL) NVS/0-0 (1/160.0/NVL) CPU/0-0 (3/24.0/PHB) CPU/0-1 (4/10.0/SYS) 
bddx-inf-sci-k8s-a800-03849:1613008:1613980 [0] NCCL INFO GPU/0-49000 :GPU/0-12000 (2/160.0/NVL) GPU/0-18000 (2/160.0/NVL) GPU/0-49000 (0/5000.0/LOC) GPU/0-4d000 (2/160.0/NVL) GPU/0-89000 (2/160.0/NVL) GPU/0-8e000 (2/160.0/NVL) GPU/0-c5000 (2/160.0/NVL) GPU/0-c9000 (2/160.0/NVL) NVS/0-0 (1/160.0/NVL) CPU/0-0 (3/24.0/PHB) CPU/0-1 (4/10.0/SYS) 
bddx-inf-sci-k8s-a800-03849:1613009:1613974 [1] NCCL INFO GPU/0-4d000 :GPU/0-12000 (2/160.0/NVL) GPU/0-18000 (2/160.0/NVL) GPU/0-49000 (2/160.0/NVL) GPU/0-4d000 (0/5000.0/LOC) GPU/0-89000 (2/160.0/NVL) GPU/0-8e000 (2/160.0/NVL) GPU/0-c5000 (2/160.0/NVL) GPU/0-c9000 (2/160.0/NVL) NVS/0-0 (1/160.0/NVL) CPU/0-0 (3/24.0/PHB) CPU/0-1 (4/10.0/SYS) 
bddx-inf-sci-k8s-a800-03849:1613014:1613977 [6] NCCL INFO GPU/0-18000 :GPU/0-12000 (2/160.0/NVL) GPU/0-18000 (0/5000.0/LOC) GPU/0-49000 (2/160.0/NVL) GPU/0-4d000 (2/160.0/NVL) GPU/0-89000 (2/160.0/NVL) GPU/0-8e000 (2/160.0/NVL) GPU/0-c5000 (2/160.0/NVL) GPU/0-c9000 (2/160.0/NVL) NVS/0-0 (1/160.0/NVL) CPU/0-0 (3/24.0/PHB) CPU/0-1 (4/10.0/SYS) 
bddx-inf-sci-k8s-a800-03849:1613015:1613975 [7] NCCL INFO GPU/0-4d000 :GPU/0-12000 (2/160.0/NVL) GPU/0-18000 (2/160.0/NVL) GPU/0-49000 (2/160.0/NVL) GPU/0-4d000 (0/5000.0/LOC) GPU/0-89000 (2/160.0/NVL) GPU/0-8e000 (2/160.0/NVL) GPU/0-c5000 (2/160.0/NVL) GPU/0-c9000 (2/160.0/NVL) NVS/0-0 (1/160.0/NVL) CPU/0-0 (3/24.0/PHB) CPU/0-1 (4/10.0/SYS) 
bddx-inf-sci-k8s-a800-03849:1613008:1613980 [0] NCCL INFO GPU/0-4d000 :GPU/0-12000 (2/160.0/NVL) GPU/0-18000 (2/160.0/NVL) GPU/0-49000 (2/160.0/NVL) GPU/0-4d000 (0/5000.0/LOC) GPU/0-89000 (2/160.0/NVL) GPU/0-8e000 (2/160.0/NVL) GPU/0-c5000 (2/160.0/NVL) GPU/0-c9000 (2/160.0/NVL) NVS/0-0 (1/160.0/NVL) CPU/0-0 (3/24.0/PHB) CPU/0-1 (4/10.0/SYS) 
bddx-inf-sci-k8s-a800-03849:1613012:1613973 [4] NCCL INFO GPU/0-18000 :GPU/0-12000 (2/160.0/NVL) GPU/0-18000 (0/5000.0/LOC) GPU/0-49000 (2/160.0/NVL) GPU/0-4d000 (2/160.0/NVL) GPU/0-89000 (2/160.0/NVL) GPU/0-8e000 (2/160.0/NVL) GPU/0-c5000 (2/160.0/NVL) GPU/0-c9000 (2/160.0/NVL) NVS/0-0 (1/160.0/NVL) CPU/0-0 (3/24.0/PHB) CPU/0-1 (4/10.0/SYS) 
bddx-inf-sci-k8s-a800-03849:1613009:1613974 [1] NCCL INFO GPU/0-89000 :GPU/0-12000 (2/160.0/NVL) GPU/0-18000 (2/160.0/NVL) GPU/0-49000 (2/160.0/NVL) GPU/0-4d000 (2/160.0/NVL) GPU/0-89000 (0/5000.0/LOC) GPU/0-8e000 (2/160.0/NVL) GPU/0-c5000 (2/160.0/NVL) GPU/0-c9000 (2/160.0/NVL) NVS/0-0 (1/160.0/NVL) CPU/0-0 (4/10.0/SYS) CPU/0-1 (3/24.0/PHB) 
bddx-inf-sci-k8s-a800-03849:1613014:1613977 [6] NCCL INFO GPU/0-49000 :GPU/0-12000 (2/160.0/NVL) GPU/0-18000 (2/160.0/NVL) GPU/0-49000 (0/5000.0/LOC) GPU/0-4d000 (2/160.0/NVL) GPU/0-89000 (2/160.0/NVL) GPU/0-8e000 (2/160.0/NVL) GPU/0-c5000 (2/160.0/NVL) GPU/0-c9000 (2/160.0/NVL) NVS/0-0 (1/160.0/NVL) CPU/0-0 (3/24.0/PHB) CPU/0-1 (4/10.0/SYS) 
bddx-inf-sci-k8s-a800-03849:1613015:1613975 [7] NCCL INFO GPU/0-89000 :GPU/0-12000 (2/160.0/NVL) GPU/0-18000 (2/160.0/NVL) GPU/0-49000 (2/160.0/NVL) GPU/0-4d000 (2/160.0/NVL) GPU/0-89000 (0/5000.0/LOC) GPU/0-8e000 (2/160.0/NVL) GPU/0-c5000 (2/160.0/NVL) GPU/0-c9000 (2/160.0/NVL) NVS/0-0 (1/160.0/NVL) CPU/0-0 (4/10.0/SYS) CPU/0-1 (3/24.0/PHB) 
bddx-inf-sci-k8s-a800-03849:1613008:1613980 [0] NCCL INFO GPU/0-89000 :GPU/0-12000 (2/160.0/NVL) GPU/0-18000 (2/160.0/NVL) GPU/0-49000 (2/160.0/NVL) GPU/0-4d000 (2/160.0/NVL) GPU/0-89000 (0/5000.0/LOC) GPU/0-8e000 (2/160.0/NVL) GPU/0-c5000 (2/160.0/NVL) GPU/0-c9000 (2/160.0/NVL) NVS/0-0 (1/160.0/NVL) CPU/0-0 (4/10.0/SYS) CPU/0-1 (3/24.0/PHB) 
bddx-inf-sci-k8s-a800-03849:1613009:1613974 [1] NCCL INFO GPU/0-8e000 :GPU/0-12000 (2/160.0/NVL) GPU/0-18000 (2/160.0/NVL) GPU/0-49000 (2/160.0/NVL) GPU/0-4d000 (2/160.0/NVL) GPU/0-89000 (2/160.0/NVL) GPU/0-8e000 (0/5000.0/LOC) GPU/0-c5000 (2/160.0/NVL) GPU/0-c9000 (2/160.0/NVL) NVS/0-0 (1/160.0/NVL) CPU/0-0 (4/10.0/SYS) CPU/0-1 (3/24.0/PHB) 
bddx-inf-sci-k8s-a800-03849:1613012:1613973 [4] NCCL INFO GPU/0-49000 :GPU/0-12000 (2/160.0/NVL) GPU/0-18000 (2/160.0/NVL) GPU/0-49000 (0/5000.0/LOC) GPU/0-4d000 (2/160.0/NVL) GPU/0-89000 (2/160.0/NVL) GPU/0-8e000 (2/160.0/NVL) GPU/0-c5000 (2/160.0/NVL) GPU/0-c9000 (2/160.0/NVL) NVS/0-0 (1/160.0/NVL) CPU/0-0 (3/24.0/PHB) CPU/0-1 (4/10.0/SYS) 
bddx-inf-sci-k8s-a800-03849:1613014:1613977 [6] NCCL INFO GPU/0-4d000 :GPU/0-12000 (2/160.0/NVL) GPU/0-18000 (2/160.0/NVL) GPU/0-49000 (2/160.0/NVL) GPU/0-4d000 (0/5000.0/LOC) GPU/0-89000 (2/160.0/NVL) GPU/0-8e000 (2/160.0/NVL) GPU/0-c5000 (2/160.0/NVL) GPU/0-c9000 (2/160.0/NVL) NVS/0-0 (1/160.0/NVL) CPU/0-0 (3/24.0/PHB) CPU/0-1 (4/10.0/SYS) 
bddx-inf-sci-k8s-a800-03849:1613015:1613975 [7] NCCL INFO GPU/0-8e000 :GPU/0-12000 (2/160.0/NVL) GPU/0-18000 (2/160.0/NVL) GPU/0-49000 (2/160.0/NVL) GPU/0-4d000 (2/160.0/NVL) GPU/0-89000 (2/160.0/NVL) GPU/0-8e000 (0/5000.0/LOC) GPU/0-c5000 (2/160.0/NVL) GPU/0-c9000 (2/160.0/NVL) NVS/0-0 (1/160.0/NVL) CPU/0-0 (4/10.0/SYS) CPU/0-1 (3/24.0/PHB) 
bddx-inf-sci-k8s-a800-03849:1613008:1613980 [0] NCCL INFO GPU/0-8e000 :GPU/0-12000 (2/160.0/NVL) GPU/0-18000 (2/160.0/NVL) GPU/0-49000 (2/160.0/NVL) GPU/0-4d000 (2/160.0/NVL) GPU/0-89000 (2/160.0/NVL) GPU/0-8e000 (0/5000.0/LOC) GPU/0-c5000 (2/160.0/NVL) GPU/0-c9000 (2/160.0/NVL) NVS/0-0 (1/160.0/NVL) CPU/0-0 (4/10.0/SYS) CPU/0-1 (3/24.0/PHB) 
bddx-inf-sci-k8s-a800-03849:1613009:1613974 [1] NCCL INFO GPU/0-c5000 :GPU/0-12000 (2/160.0/NVL) GPU/0-18000 (2/160.0/NVL) GPU/0-49000 (2/160.0/NVL) GPU/0-4d000 (2/160.0/NVL) GPU/0-89000 (2/160.0/NVL) GPU/0-8e000 (2/160.0/NVL) GPU/0-c5000 (0/5000.0/LOC) GPU/0-c9000 (2/160.0/NVL) NVS/0-0 (1/160.0/NVL) CPU/0-0 (4/10.0/SYS) CPU/0-1 (3/24.0/PHB) 
bddx-inf-sci-k8s-a800-03849:1613014:1613977 [6] NCCL INFO GPU/0-89000 :GPU/0-12000 (2/160.0/NVL) GPU/0-18000 (2/160.0/NVL) GPU/0-49000 (2/160.0/NVL) GPU/0-4d000 (2/160.0/NVL) GPU/0-89000 (0/5000.0/LOC) GPU/0-8e000 (2/160.0/NVL) GPU/0-c5000 (2/160.0/NVL) GPU/0-c9000 (2/160.0/NVL) NVS/0-0 (1/160.0/NVL) CPU/0-0 (4/10.0/SYS) CPU/0-1 (3/24.0/PHB) 
bddx-inf-sci-k8s-a800-03849:1613012:1613973 [4] NCCL INFO GPU/0-4d000 :GPU/0-12000 (2/160.0/NVL) GPU/0-18000 (2/160.0/NVL) GPU/0-49000 (2/160.0/NVL) GPU/0-4d000 (0/5000.0/LOC) GPU/0-89000 (2/160.0/NVL) GPU/0-8e000 (2/160.0/NVL) GPU/0-c5000 (2/160.0/NVL) GPU/0-c9000 (2/160.0/NVL) NVS/0-0 (1/160.0/NVL) CPU/0-0 (3/24.0/PHB) CPU/0-1 (4/10.0/SYS) 
bddx-inf-sci-k8s-a800-03849:1613015:1613975 [7] NCCL INFO GPU/0-c5000 :GPU/0-12000 (2/160.0/NVL) GPU/0-18000 (2/160.0/NVL) GPU/0-49000 (2/160.0/NVL) GPU/0-4d000 (2/160.0/NVL) GPU/0-89000 (2/160.0/NVL) GPU/0-8e000 (2/160.0/NVL) GPU/0-c5000 (0/5000.0/LOC) GPU/0-c9000 (2/160.0/NVL) NVS/0-0 (1/160.0/NVL) CPU/0-0 (4/10.0/SYS) CPU/0-1 (3/24.0/PHB) 
bddx-inf-sci-k8s-a800-03849:1613008:1613980 [0] NCCL INFO GPU/0-c5000 :GPU/0-12000 (2/160.0/NVL) GPU/0-18000 (2/160.0/NVL) GPU/0-49000 (2/160.0/NVL) GPU/0-4d000 (2/160.0/NVL) GPU/0-89000 (2/160.0/NVL) GPU/0-8e000 (2/160.0/NVL) GPU/0-c5000 (0/5000.0/LOC) GPU/0-c9000 (2/160.0/NVL) NVS/0-0 (1/160.0/NVL) CPU/0-0 (4/10.0/SYS) CPU/0-1 (3/24.0/PHB) 
bddx-inf-sci-k8s-a800-03849:1613009:1613974 [1] NCCL INFO GPU/0-c9000 :GPU/0-12000 (2/160.0/NVL) GPU/0-18000 (2/160.0/NVL) GPU/0-49000 (2/160.0/NVL) GPU/0-4d000 (2/160.0/NVL) GPU/0-89000 (2/160.0/NVL) GPU/0-8e000 (2/160.0/NVL) GPU/0-c5000 (2/160.0/NVL) GPU/0-c9000 (0/5000.0/LOC) NVS/0-0 (1/160.0/NVL) CPU/0-0 (4/10.0/SYS) CPU/0-1 (3/24.0/PHB) 
bddx-inf-sci-k8s-a800-03849:1613014:1613977 [6] NCCL INFO GPU/0-8e000 :GPU/0-12000 (2/160.0/NVL) GPU/0-18000 (2/160.0/NVL) GPU/0-49000 (2/160.0/NVL) GPU/0-4d000 (2/160.0/NVL) GPU/0-89000 (2/160.0/NVL) GPU/0-8e000 (0/5000.0/LOC) GPU/0-c5000 (2/160.0/NVL) GPU/0-c9000 (2/160.0/NVL) NVS/0-0 (1/160.0/NVL) CPU/0-0 (4/10.0/SYS) CPU/0-1 (3/24.0/PHB) 
bddx-inf-sci-k8s-a800-03849:1613015:1613975 [7] NCCL INFO GPU/0-c9000 :GPU/0-12000 (2/160.0/NVL) GPU/0-18000 (2/160.0/NVL) GPU/0-49000 (2/160.0/NVL) GPU/0-4d000 (2/160.0/NVL) GPU/0-89000 (2/160.0/NVL) GPU/0-8e000 (2/160.0/NVL) GPU/0-c5000 (2/160.0/NVL) GPU/0-c9000 (0/5000.0/LOC) NVS/0-0 (1/160.0/NVL) CPU/0-0 (4/10.0/SYS) CPU/0-1 (3/24.0/PHB) 
bddx-inf-sci-k8s-a800-03849:1613014:1613977 [6] NCCL INFO GPU/0-c5000 :GPU/0-12000 (2/160.0/NVL) GPU/0-18000 (2/160.0/NVL) GPU/0-49000 (2/160.0/NVL) GPU/0-4d000 (2/160.0/NVL) GPU/0-89000 (2/160.0/NVL) GPU/0-8e000 (2/160.0/NVL) GPU/0-c5000 (0/5000.0/LOC) GPU/0-c9000 (2/160.0/NVL) NVS/0-0 (1/160.0/NVL) CPU/0-0 (4/10.0/SYS) CPU/0-1 (3/24.0/PHB) 
bddx-inf-sci-k8s-a800-03849:1613008:1613980 [0] NCCL INFO GPU/0-c9000 :GPU/0-12000 (2/160.0/NVL) GPU/0-18000 (2/160.0/NVL) GPU/0-49000 (2/160.0/NVL) GPU/0-4d000 (2/160.0/NVL) GPU/0-89000 (2/160.0/NVL) GPU/0-8e000 (2/160.0/NVL) GPU/0-c5000 (2/160.0/NVL) GPU/0-c9000 (0/5000.0/LOC) NVS/0-0 (1/160.0/NVL) CPU/0-0 (4/10.0/SYS) CPU/0-1 (3/24.0/PHB) 
bddx-inf-sci-k8s-a800-03849:1613012:1613973 [4] NCCL INFO GPU/0-89000 :GPU/0-12000 (2/160.0/NVL) GPU/0-18000 (2/160.0/NVL) GPU/0-49000 (2/160.0/NVL) GPU/0-4d000 (2/160.0/NVL) GPU/0-89000 (0/5000.0/LOC) GPU/0-8e000 (2/160.0/NVL) GPU/0-c5000 (2/160.0/NVL) GPU/0-c9000 (2/160.0/NVL) NVS/0-0 (1/160.0/NVL) CPU/0-0 (4/10.0/SYS) CPU/0-1 (3/24.0/PHB) 
bddx-inf-sci-k8s-a800-03849:1613009:1613974 [1] NCCL INFO Setting affinity for GPU 1 to 0-31,64-95
bddx-inf-sci-k8s-a800-03849:1613015:1613975 [7] NCCL INFO Setting affinity for GPU 7 to 32-63,96-127
bddx-inf-sci-k8s-a800-03849:1613014:1613977 [6] NCCL INFO GPU/0-c9000 :GPU/0-12000 (2/160.0/NVL) GPU/0-18000 (2/160.0/NVL) GPU/0-49000 (2/160.0/NVL) GPU/0-4d000 (2/160.0/NVL) GPU/0-89000 (2/160.0/NVL) GPU/0-8e000 (2/160.0/NVL) GPU/0-c5000 (2/160.0/NVL) GPU/0-c9000 (0/5000.0/LOC) NVS/0-0 (1/160.0/NVL) CPU/0-0 (4/10.0/SYS) CPU/0-1 (3/24.0/PHB) 
bddx-inf-sci-k8s-a800-03849:1613008:1613980 [0] NCCL INFO Setting affinity for GPU 0 to 0-31,64-95
bddx-inf-sci-k8s-a800-03849:1613012:1613973 [4] NCCL INFO GPU/0-8e000 :GPU/0-12000 (2/160.0/NVL) GPU/0-18000 (2/160.0/NVL) GPU/0-49000 (2/160.0/NVL) GPU/0-4d000 (2/160.0/NVL) GPU/0-89000 (2/160.0/NVL) GPU/0-8e000 (0/5000.0/LOC) GPU/0-c5000 (2/160.0/NVL) GPU/0-c9000 (2/160.0/NVL) NVS/0-0 (1/160.0/NVL) CPU/0-0 (4/10.0/SYS) CPU/0-1 (3/24.0/PHB) 
bddx-inf-sci-k8s-a800-03849:1613014:1613977 [6] NCCL INFO Setting affinity for GPU 6 to 32-63,96-127
bddx-inf-sci-k8s-a800-03849:1613009:1613974 [1] NCCL INFO NVLS multicast support is not available on dev 1 (NVLS_NCHANNELS 0)
bddx-inf-sci-k8s-a800-03849:1613012:1613973 [4] NCCL INFO GPU/0-c5000 :GPU/0-12000 (2/160.0/NVL) GPU/0-18000 (2/160.0/NVL) GPU/0-49000 (2/160.0/NVL) GPU/0-4d000 (2/160.0/NVL) GPU/0-89000 (2/160.0/NVL) GPU/0-8e000 (2/160.0/NVL) GPU/0-c5000 (0/5000.0/LOC) GPU/0-c9000 (2/160.0/NVL) NVS/0-0 (1/160.0/NVL) CPU/0-0 (4/10.0/SYS) CPU/0-1 (3/24.0/PHB) 
bddx-inf-sci-k8s-a800-03849:1613014:1613977 [6] NCCL INFO NVLS multicast support is not available on dev 6 (NVLS_NCHANNELS 0)
bddx-inf-sci-k8s-a800-03849:1613012:1613973 [4] NCCL INFO GPU/0-c9000 :GPU/0-12000 (2/160.0/NVL) GPU/0-18000 (2/160.0/NVL) GPU/0-49000 (2/160.0/NVL) GPU/0-4d000 (2/160.0/NVL) GPU/0-89000 (2/160.0/NVL) GPU/0-8e000 (2/160.0/NVL) GPU/0-c5000 (2/160.0/NVL) GPU/0-c9000 (0/5000.0/LOC) NVS/0-0 (1/160.0/NVL) CPU/0-0 (4/10.0/SYS) CPU/0-1 (3/24.0/PHB) 
bddx-inf-sci-k8s-a800-03849:1613012:1613973 [4] NCCL INFO Setting affinity for GPU 4 to 32-63,96-127
bddx-inf-sci-k8s-a800-03849:1613015:1613975 [7] NCCL INFO NVLS multicast support is not available on dev 7 (NVLS_NCHANNELS 0)
bddx-inf-sci-k8s-a800-03849:1613008:1613980 [0] NCCL INFO NVLS multicast support is not available on dev 0 (NVLS_NCHANNELS 0)
bddx-inf-sci-k8s-a800-03849:1613009:1613974 [1] NCCL INFO Pattern 4, crossNic 0, nChannels 8, bw 20.000000/20.000000, type NVL/PIX, sameChannels 1
bddx-inf-sci-k8s-a800-03849:1613009:1613974 [1] NCCL INFO  0 : GPU/0 GPU/1 GPU/2 GPU/3 GPU/4 GPU/5 GPU/6 GPU/7
bddx-inf-sci-k8s-a800-03849:1613009:1613974 [1] NCCL INFO  1 : GPU/0 GPU/1 GPU/2 GPU/3 GPU/4 GPU/5 GPU/6 GPU/7
bddx-inf-sci-k8s-a800-03849:1613009:1613974 [1] NCCL INFO  2 : GPU/0 GPU/1 GPU/2 GPU/3 GPU/4 GPU/5 GPU/6 GPU/7
bddx-inf-sci-k8s-a800-03849:1613009:1613974 [1] NCCL INFO  3 : GPU/0 GPU/1 GPU/2 GPU/3 GPU/4 GPU/5 GPU/6 GPU/7
bddx-inf-sci-k8s-a800-03849:1613014:1613977 [6] NCCL INFO Pattern 4, crossNic 0, nChannels 8, bw 20.000000/20.000000, type NVL/PIX, sameChannels 1
bddx-inf-sci-k8s-a800-03849:1613009:1613974 [1] NCCL INFO  4 : GPU/0 GPU/1 GPU/2 GPU/3 GPU/4 GPU/5 GPU/6 GPU/7
bddx-inf-sci-k8s-a800-03849:1613014:1613977 [6] NCCL INFO  0 : GPU/0 GPU/1 GPU/2 GPU/3 GPU/4 GPU/5 GPU/6 GPU/7
bddx-inf-sci-k8s-a800-03849:1613009:1613974 [1] NCCL INFO  5 : GPU/0 GPU/1 GPU/2 GPU/3 GPU/4 GPU/5 GPU/6 GPU/7
bddx-inf-sci-k8s-a800-03849:1613014:1613977 [6] NCCL INFO  1 : GPU/0 GPU/1 GPU/2 GPU/3 GPU/4 GPU/5 GPU/6 GPU/7
bddx-inf-sci-k8s-a800-03849:1613009:1613974 [1] NCCL INFO  6 : GPU/0 GPU/1 GPU/2 GPU/3 GPU/4 GPU/5 GPU/6 GPU/7
bddx-inf-sci-k8s-a800-03849:1613014:1613977 [6] NCCL INFO  2 : GPU/0 GPU/1 GPU/2 GPU/3 GPU/4 GPU/5 GPU/6 GPU/7
bddx-inf-sci-k8s-a800-03849:1613009:1613974 [1] NCCL INFO  7 : GPU/0 GPU/1 GPU/2 GPU/3 GPU/4 GPU/5 GPU/6 GPU/7
bddx-inf-sci-k8s-a800-03849:1613014:1613977 [6] NCCL INFO  3 : GPU/0 GPU/1 GPU/2 GPU/3 GPU/4 GPU/5 GPU/6 GPU/7
bddx-inf-sci-k8s-a800-03849:1613014:1613977 [6] NCCL INFO  4 : GPU/0 GPU/1 GPU/2 GPU/3 GPU/4 GPU/5 GPU/6 GPU/7
bddx-inf-sci-k8s-a800-03849:1613014:1613977 [6] NCCL INFO  5 : GPU/0 GPU/1 GPU/2 GPU/3 GPU/4 GPU/5 GPU/6 GPU/7
bddx-inf-sci-k8s-a800-03849:1613014:1613977 [6] NCCL INFO  6 : GPU/0 GPU/1 GPU/2 GPU/3 GPU/4 GPU/5 GPU/6 GPU/7
bddx-inf-sci-k8s-a800-03849:1613014:1613977 [6] NCCL INFO  7 : GPU/0 GPU/1 GPU/2 GPU/3 GPU/4 GPU/5 GPU/6 GPU/7
bddx-inf-sci-k8s-a800-03849:1613015:1613975 [7] NCCL INFO Pattern 4, crossNic 0, nChannels 8, bw 20.000000/20.000000, type NVL/PIX, sameChannels 1
bddx-inf-sci-k8s-a800-03849:1613015:1613975 [7] NCCL INFO  0 : GPU/0 GPU/1 GPU/2 GPU/3 GPU/4 GPU/5 GPU/6 GPU/7
bddx-inf-sci-k8s-a800-03849:1613015:1613975 [7] NCCL INFO  1 : GPU/0 GPU/1 GPU/2 GPU/3 GPU/4 GPU/5 GPU/6 GPU/7
bddx-inf-sci-k8s-a800-03849:1613015:1613975 [7] NCCL INFO  2 : GPU/0 GPU/1 GPU/2 GPU/3 GPU/4 GPU/5 GPU/6 GPU/7
bddx-inf-sci-k8s-a800-03849:1613015:1613975 [7] NCCL INFO  3 : GPU/0 GPU/1 GPU/2 GPU/3 GPU/4 GPU/5 GPU/6 GPU/7
bddx-inf-sci-k8s-a800-03849:1613015:1613975 [7] NCCL INFO  4 : GPU/0 GPU/1 GPU/2 GPU/3 GPU/4 GPU/5 GPU/6 GPU/7
bddx-inf-sci-k8s-a800-03849:1613015:1613975 [7] NCCL INFO  5 : GPU/0 GPU/1 GPU/2 GPU/3 GPU/4 GPU/5 GPU/6 GPU/7
bddx-inf-sci-k8s-a800-03849:1613015:1613975 [7] NCCL INFO  6 : GPU/0 GPU/1 GPU/2 GPU/3 GPU/4 GPU/5 GPU/6 GPU/7
bddx-inf-sci-k8s-a800-03849:1613015:1613975 [7] NCCL INFO  7 : GPU/0 GPU/1 GPU/2 GPU/3 GPU/4 GPU/5 GPU/6 GPU/7
bddx-inf-sci-k8s-a800-03849:1613008:1613980 [0] NCCL INFO Pattern 4, crossNic 0, nChannels 8, bw 20.000000/20.000000, type NVL/PIX, sameChannels 1
bddx-inf-sci-k8s-a800-03849:1613008:1613980 [0] NCCL INFO  0 : GPU/0 GPU/1 GPU/2 GPU/3 GPU/4 GPU/5 GPU/6 GPU/7
bddx-inf-sci-k8s-a800-03849:1613014:1613977 [6] NCCL INFO Pattern 1, crossNic 0, nChannels 8, bw 20.000000/20.000000, type NVL/PIX, sameChannels 1
bddx-inf-sci-k8s-a800-03849:1613008:1613980 [0] NCCL INFO  1 : GPU/0 GPU/1 GPU/2 GPU/3 GPU/4 GPU/5 GPU/6 GPU/7
bddx-inf-sci-k8s-a800-03849:1613014:1613977 [6] NCCL INFO  0 : GPU/0 GPU/1 GPU/2 GPU/3 GPU/4 GPU/5 GPU/6 GPU/7
bddx-inf-sci-k8s-a800-03849:1613009:1613974 [1] NCCL INFO Pattern 1, crossNic 0, nChannels 8, bw 20.000000/20.000000, type NVL/PIX, sameChannels 1
bddx-inf-sci-k8s-a800-03849:1613008:1613980 [0] NCCL INFO  2 : GPU/0 GPU/1 GPU/2 GPU/3 GPU/4 GPU/5 GPU/6 GPU/7
bddx-inf-sci-k8s-a800-03849:1613014:1613977 [6] NCCL INFO  1 : GPU/0 GPU/1 GPU/2 GPU/3 GPU/4 GPU/5 GPU/6 GPU/7
bddx-inf-sci-k8s-a800-03849:1613009:1613974 [1] NCCL INFO  0 : GPU/0 GPU/1 GPU/2 GPU/3 GPU/4 GPU/5 GPU/6 GPU/7
bddx-inf-sci-k8s-a800-03849:1613008:1613980 [0] NCCL INFO  3 : GPU/0 GPU/1 GPU/2 GPU/3 GPU/4 GPU/5 GPU/6 GPU/7
bddx-inf-sci-k8s-a800-03849:1613014:1613977 [6] NCCL INFO  2 : GPU/0 GPU/1 GPU/2 GPU/3 GPU/4 GPU/5 GPU/6 GPU/7
bddx-inf-sci-k8s-a800-03849:1613009:1613974 [1] NCCL INFO  1 : GPU/0 GPU/1 GPU/2 GPU/3 GPU/4 GPU/5 GPU/6 GPU/7
bddx-inf-sci-k8s-a800-03849:1613008:1613980 [0] NCCL INFO  4 : GPU/0 GPU/1 GPU/2 GPU/3 GPU/4 GPU/5 GPU/6 GPU/7
bddx-inf-sci-k8s-a800-03849:1613014:1613977 [6] NCCL INFO  3 : GPU/0 GPU/1 GPU/2 GPU/3 GPU/4 GPU/5 GPU/6 GPU/7
bddx-inf-sci-k8s-a800-03849:1613009:1613974 [1] NCCL INFO  2 : GPU/0 GPU/1 GPU/2 GPU/3 GPU/4 GPU/5 GPU/6 GPU/7
bddx-inf-sci-k8s-a800-03849:1613008:1613980 [0] NCCL INFO  5 : GPU/0 GPU/1 GPU/2 GPU/3 GPU/4 GPU/5 GPU/6 GPU/7
bddx-inf-sci-k8s-a800-03849:1613014:1613977 [6] NCCL INFO  4 : GPU/0 GPU/1 GPU/2 GPU/3 GPU/4 GPU/5 GPU/6 GPU/7
bddx-inf-sci-k8s-a800-03849:1613015:1613975 [7] NCCL INFO Pattern 1, crossNic 0, nChannels 8, bw 20.000000/20.000000, type NVL/PIX, sameChannels 1
bddx-inf-sci-k8s-a800-03849:1613009:1613974 [1] NCCL INFO  3 : GPU/0 GPU/1 GPU/2 GPU/3 GPU/4 GPU/5 GPU/6 GPU/7
bddx-inf-sci-k8s-a800-03849:1613008:1613980 [0] NCCL INFO  6 : GPU/0 GPU/1 GPU/2 GPU/3 GPU/4 GPU/5 GPU/6 GPU/7
bddx-inf-sci-k8s-a800-03849:1613014:1613977 [6] NCCL INFO  5 : GPU/0 GPU/1 GPU/2 GPU/3 GPU/4 GPU/5 GPU/6 GPU/7
bddx-inf-sci-k8s-a800-03849:1613015:1613975 [7] NCCL INFO  0 : GPU/0 GPU/1 GPU/2 GPU/3 GPU/4 GPU/5 GPU/6 GPU/7
bddx-inf-sci-k8s-a800-03849:1613009:1613974 [1] NCCL INFO  4 : GPU/0 GPU/1 GPU/2 GPU/3 GPU/4 GPU/5 GPU/6 GPU/7
bddx-inf-sci-k8s-a800-03849:1613008:1613980 [0] NCCL INFO  7 : GPU/0 GPU/1 GPU/2 GPU/3 GPU/4 GPU/5 GPU/6 GPU/7
bddx-inf-sci-k8s-a800-03849:1613014:1613977 [6] NCCL INFO  6 : GPU/0 GPU/1 GPU/2 GPU/3 GPU/4 GPU/5 GPU/6 GPU/7
bddx-inf-sci-k8s-a800-03849:1613015:1613975 [7] NCCL INFO  1 : GPU/0 GPU/1 GPU/2 GPU/3 GPU/4 GPU/5 GPU/6 GPU/7
bddx-inf-sci-k8s-a800-03849:1613009:1613974 [1] NCCL INFO  5 : GPU/0 GPU/1 GPU/2 GPU/3 GPU/4 GPU/5 GPU/6 GPU/7
bddx-inf-sci-k8s-a800-03849:1613014:1613977 [6] NCCL INFO  7 : GPU/0 GPU/1 GPU/2 GPU/3 GPU/4 GPU/5 GPU/6 GPU/7
bddx-inf-sci-k8s-a800-03849:1613015:1613975 [7] NCCL INFO  2 : GPU/0 GPU/1 GPU/2 GPU/3 GPU/4 GPU/5 GPU/6 GPU/7
bddx-inf-sci-k8s-a800-03849:1613009:1613974 [1] NCCL INFO  6 : GPU/0 GPU/1 GPU/2 GPU/3 GPU/4 GPU/5 GPU/6 GPU/7
bddx-inf-sci-k8s-a800-03849:1613015:1613975 [7] NCCL INFO  3 : GPU/0 GPU/1 GPU/2 GPU/3 GPU/4 GPU/5 GPU/6 GPU/7
bddx-inf-sci-k8s-a800-03849:1613009:1613974 [1] NCCL INFO  7 : GPU/0 GPU/1 GPU/2 GPU/3 GPU/4 GPU/5 GPU/6 GPU/7
bddx-inf-sci-k8s-a800-03849:1613015:1613975 [7] NCCL INFO  4 : GPU/0 GPU/1 GPU/2 GPU/3 GPU/4 GPU/5 GPU/6 GPU/7
bddx-inf-sci-k8s-a800-03849:1613015:1613975 [7] NCCL INFO  5 : GPU/0 GPU/1 GPU/2 GPU/3 GPU/4 GPU/5 GPU/6 GPU/7
bddx-inf-sci-k8s-a800-03849:1613015:1613975 [7] NCCL INFO  6 : GPU/0 GPU/1 GPU/2 GPU/3 GPU/4 GPU/5 GPU/6 GPU/7
bddx-inf-sci-k8s-a800-03849:1613015:1613975 [7] NCCL INFO  7 : GPU/0 GPU/1 GPU/2 GPU/3 GPU/4 GPU/5 GPU/6 GPU/7
bddx-inf-sci-k8s-a800-03849:1613008:1613980 [0] NCCL INFO Pattern 1, crossNic 0, nChannels 8, bw 20.000000/20.000000, type NVL/PIX, sameChannels 1
bddx-inf-sci-k8s-a800-03849:1613008:1613980 [0] NCCL INFO  0 : GPU/0 GPU/1 GPU/2 GPU/3 GPU/4 GPU/5 GPU/6 GPU/7
bddx-inf-sci-k8s-a800-03849:1613008:1613980 [0] NCCL INFO  1 : GPU/0 GPU/1 GPU/2 GPU/3 GPU/4 GPU/5 GPU/6 GPU/7
bddx-inf-sci-k8s-a800-03849:1613008:1613980 [0] NCCL INFO  2 : GPU/0 GPU/1 GPU/2 GPU/3 GPU/4 GPU/5 GPU/6 GPU/7
bddx-inf-sci-k8s-a800-03849:1613008:1613980 [0] NCCL INFO  3 : GPU/0 GPU/1 GPU/2 GPU/3 GPU/4 GPU/5 GPU/6 GPU/7
bddx-inf-sci-k8s-a800-03849:1613008:1613980 [0] NCCL INFO  4 : GPU/0 GPU/1 GPU/2 GPU/3 GPU/4 GPU/5 GPU/6 GPU/7
bddx-inf-sci-k8s-a800-03849:1613008:1613980 [0] NCCL INFO  5 : GPU/0 GPU/1 GPU/2 GPU/3 GPU/4 GPU/5 GPU/6 GPU/7
bddx-inf-sci-k8s-a800-03849:1613008:1613980 [0] NCCL INFO  6 : GPU/0 GPU/1 GPU/2 GPU/3 GPU/4 GPU/5 GPU/6 GPU/7
bddx-inf-sci-k8s-a800-03849:1613008:1613980 [0] NCCL INFO  7 : GPU/0 GPU/1 GPU/2 GPU/3 GPU/4 GPU/5 GPU/6 GPU/7
bddx-inf-sci-k8s-a800-03849:1613012:1613973 [4] NCCL INFO NVLS multicast support is not available on dev 4 (NVLS_NCHANNELS 0)
bddx-inf-sci-k8s-a800-03849:1613012:1613973 [4] NCCL INFO Pattern 4, crossNic 0, nChannels 8, bw 20.000000/20.000000, type NVL/PIX, sameChannels 1
bddx-inf-sci-k8s-a800-03849:1613012:1613973 [4] NCCL INFO  0 : GPU/0 GPU/1 GPU/2 GPU/3 GPU/4 GPU/5 GPU/6 GPU/7
bddx-inf-sci-k8s-a800-03849:1613012:1613973 [4] NCCL INFO  1 : GPU/0 GPU/1 GPU/2 GPU/3 GPU/4 GPU/5 GPU/6 GPU/7
bddx-inf-sci-k8s-a800-03849:1613012:1613973 [4] NCCL INFO  2 : GPU/0 GPU/1 GPU/2 GPU/3 GPU/4 GPU/5 GPU/6 GPU/7
bddx-inf-sci-k8s-a800-03849:1613012:1613973 [4] NCCL INFO  3 : GPU/0 GPU/1 GPU/2 GPU/3 GPU/4 GPU/5 GPU/6 GPU/7
bddx-inf-sci-k8s-a800-03849:1613012:1613973 [4] NCCL INFO  4 : GPU/0 GPU/1 GPU/2 GPU/3 GPU/4 GPU/5 GPU/6 GPU/7
bddx-inf-sci-k8s-a800-03849:1613012:1613973 [4] NCCL INFO  5 : GPU/0 GPU/1 GPU/2 GPU/3 GPU/4 GPU/5 GPU/6 GPU/7
bddx-inf-sci-k8s-a800-03849:1613012:1613973 [4] NCCL INFO  6 : GPU/0 GPU/1 GPU/2 GPU/3 GPU/4 GPU/5 GPU/6 GPU/7
bddx-inf-sci-k8s-a800-03849:1613012:1613973 [4] NCCL INFO  7 : GPU/0 GPU/1 GPU/2 GPU/3 GPU/4 GPU/5 GPU/6 GPU/7
bddx-inf-sci-k8s-a800-03849:1613012:1613973 [4] NCCL INFO Pattern 1, crossNic 0, nChannels 8, bw 20.000000/20.000000, type NVL/PIX, sameChannels 1
bddx-inf-sci-k8s-a800-03849:1613012:1613973 [4] NCCL INFO  0 : GPU/0 GPU/1 GPU/2 GPU/3 GPU/4 GPU/5 GPU/6 GPU/7
bddx-inf-sci-k8s-a800-03849:1613012:1613973 [4] NCCL INFO  1 : GPU/0 GPU/1 GPU/2 GPU/3 GPU/4 GPU/5 GPU/6 GPU/7
bddx-inf-sci-k8s-a800-03849:1613012:1613973 [4] NCCL INFO  2 : GPU/0 GPU/1 GPU/2 GPU/3 GPU/4 GPU/5 GPU/6 GPU/7
bddx-inf-sci-k8s-a800-03849:1613012:1613973 [4] NCCL INFO  3 : GPU/0 GPU/1 GPU/2 GPU/3 GPU/4 GPU/5 GPU/6 GPU/7
bddx-inf-sci-k8s-a800-03849:1613012:1613973 [4] NCCL INFO  4 : GPU/0 GPU/1 GPU/2 GPU/3 GPU/4 GPU/5 GPU/6 GPU/7
bddx-inf-sci-k8s-a800-03849:1613012:1613973 [4] NCCL INFO  5 : GPU/0 GPU/1 GPU/2 GPU/3 GPU/4 GPU/5 GPU/6 GPU/7
bddx-inf-sci-k8s-a800-03849:1613012:1613973 [4] NCCL INFO  6 : GPU/0 GPU/1 GPU/2 GPU/3 GPU/4 GPU/5 GPU/6 GPU/7
bddx-inf-sci-k8s-a800-03849:1613012:1613973 [4] NCCL INFO  7 : GPU/0 GPU/1 GPU/2 GPU/3 GPU/4 GPU/5 GPU/6 GPU/7
bddx-inf-sci-k8s-a800-03849:1613015:1613975 [7] NCCL INFO comm 0x13645050 rank 7 nRanks 8 nNodes 1 localRanks 8 localRank 7 MNNVL 0
bddx-inf-sci-k8s-a800-03849:1613014:1613977 [6] NCCL INFO comm 0x11b79240 rank 6 nRanks 8 nNodes 1 localRanks 8 localRank 6 MNNVL 0
bddx-inf-sci-k8s-a800-03849:1613013:1613976 [5] NCCL INFO comm 0x131d79e0 rank 5 nRanks 8 nNodes 1 localRanks 8 localRank 5 MNNVL 0
bddx-inf-sci-k8s-a800-03849:1613012:1613973 [4] NCCL INFO comm 0x12b34fb0 rank 4 nRanks 8 nNodes 1 localRanks 8 localRank 4 MNNVL 0
bddx-inf-sci-k8s-a800-03849:1613010:1613978 [2] NCCL INFO comm 0x134b6fe0 rank 2 nRanks 8 nNodes 1 localRanks 8 localRank 2 MNNVL 0
bddx-inf-sci-k8s-a800-03849:1613009:1613974 [1] NCCL INFO comm 0x12354810 rank 1 nRanks 8 nNodes 1 localRanks 8 localRank 1 MNNVL 0
bddx-inf-sci-k8s-a800-03849:1613011:1613979 [3] NCCL INFO comm 0x131751a0 rank 3 nRanks 8 nNodes 1 localRanks 8 localRank 3 MNNVL 0
bddx-inf-sci-k8s-a800-03849:1613008:1613980 [0] NCCL INFO comm 0x11710da0 rank 0 nRanks 8 nNodes 1 localRanks 8 localRank 0 MNNVL 0
bddx-inf-sci-k8s-a800-03849:1613014:1613977 [6] NCCL INFO Ring 00 : 5 -> 6 -> 7
bddx-inf-sci-k8s-a800-03849:1613015:1613975 [7] NCCL INFO Ring 00 : 6 -> 7 -> 0
bddx-inf-sci-k8s-a800-03849:1613009:1613974 [1] NCCL INFO Tree 0 : 0 -> 1 -> 2/-1/-1
bddx-inf-sci-k8s-a800-03849:1613012:1613973 [4] NCCL INFO Ring 00 : 3 -> 4 -> 5
bddx-inf-sci-k8s-a800-03849:1613014:1613977 [6] NCCL INFO Ring 01 : 5 -> 6 -> 7
bddx-inf-sci-k8s-a800-03849:1613008:1613980 [0] NCCL INFO Tree 0 : -1 -> 0 -> 1/-1/-1
bddx-inf-sci-k8s-a800-03849:1613013:1613976 [5] NCCL INFO Ring 00 : 4 -> 5 -> 6
bddx-inf-sci-k8s-a800-03849:1613015:1613975 [7] NCCL INFO Ring 01 : 6 -> 7 -> 0
bddx-inf-sci-k8s-a800-03849:1613009:1613974 [1] NCCL INFO Tree 8 : 0 -> 1 -> 2/-1/-1
bddx-inf-sci-k8s-a800-03849:1613012:1613973 [4] NCCL INFO Ring 01 : 3 -> 4 -> 5
bddx-inf-sci-k8s-a800-03849:1613014:1613977 [6] NCCL INFO Ring 02 : 5 -> 6 -> 7
bddx-inf-sci-k8s-a800-03849:1613010:1613978 [2] NCCL INFO Ring 00 : 1 -> 2 -> 3
bddx-inf-sci-k8s-a800-03849:1613008:1613980 [0] NCCL INFO Tree 8 : -1 -> 0 -> 1/-1/-1
bddx-inf-sci-k8s-a800-03849:1613013:1613976 [5] NCCL INFO Ring 01 : 4 -> 5 -> 6
bddx-inf-sci-k8s-a800-03849:1613011:1613979 [3] NCCL INFO Ring 00 : 2 -> 3 -> 4
bddx-inf-sci-k8s-a800-03849:1613015:1613975 [7] NCCL INFO Ring 02 : 6 -> 7 -> 0
bddx-inf-sci-k8s-a800-03849:1613011:1613979 [3] NCCL INFO Ring 01 : 2 -> 3 -> 4
bddx-inf-sci-k8s-a800-03849:1613009:1613974 [1] NCCL INFO Tree 1 : 0 -> 1 -> 2/-1/-1
bddx-inf-sci-k8s-a800-03849:1613012:1613973 [4] NCCL INFO Ring 02 : 3 -> 4 -> 5
bddx-inf-sci-k8s-a800-03849:1613014:1613977 [6] NCCL INFO Ring 03 : 5 -> 6 -> 7
bddx-inf-sci-k8s-a800-03849:1613010:1613978 [2] NCCL INFO Ring 01 : 1 -> 2 -> 3
bddx-inf-sci-k8s-a800-03849:1613008:1613980 [0] NCCL INFO Tree 1 : -1 -> 0 -> 1/-1/-1
bddx-inf-sci-k8s-a800-03849:1613013:1613976 [5] NCCL INFO Ring 02 : 4 -> 5 -> 6
bddx-inf-sci-k8s-a800-03849:1613015:1613975 [7] NCCL INFO Ring 03 : 6 -> 7 -> 0
bddx-inf-sci-k8s-a800-03849:1613011:1613979 [3] NCCL INFO Ring 02 : 2 -> 3 -> 4
bddx-inf-sci-k8s-a800-03849:1613009:1613974 [1] NCCL INFO Tree 9 : 0 -> 1 -> 2/-1/-1
bddx-inf-sci-k8s-a800-03849:1613012:1613973 [4] NCCL INFO Ring 03 : 3 -> 4 -> 5
bddx-inf-sci-k8s-a800-03849:1613014:1613977 [6] NCCL INFO Ring 04 : 5 -> 6 -> 7
bddx-inf-sci-k8s-a800-03849:1613010:1613978 [2] NCCL INFO Ring 02 : 1 -> 2 -> 3
bddx-inf-sci-k8s-a800-03849:1613008:1613980 [0] NCCL INFO Tree 9 : -1 -> 0 -> 1/-1/-1
bddx-inf-sci-k8s-a800-03849:1613013:1613976 [5] NCCL INFO Ring 03 : 4 -> 5 -> 6
bddx-inf-sci-k8s-a800-03849:1613015:1613975 [7] NCCL INFO Ring 04 : 6 -> 7 -> 0
bddx-inf-sci-k8s-a800-03849:1613011:1613979 [3] NCCL INFO Ring 03 : 2 -> 3 -> 4
bddx-inf-sci-k8s-a800-03849:1613009:1613974 [1] NCCL INFO Tree 2 : 0 -> 1 -> 2/-1/-1
bddx-inf-sci-k8s-a800-03849:1613012:1613973 [4] NCCL INFO Ring 04 : 3 -> 4 -> 5
bddx-inf-sci-k8s-a800-03849:1613014:1613977 [6] NCCL INFO Ring 05 : 5 -> 6 -> 7
bddx-inf-sci-k8s-a800-03849:1613010:1613978 [2] NCCL INFO Ring 03 : 1 -> 2 -> 3
bddx-inf-sci-k8s-a800-03849:1613014:1613977 [6] NCCL INFO Ring 06 : 5 -> 6 -> 7
bddx-inf-sci-k8s-a800-03849:1613008:1613980 [0] NCCL INFO Tree 2 : -1 -> 0 -> 1/-1/-1
bddx-inf-sci-k8s-a800-03849:1613013:1613976 [5] NCCL INFO Ring 04 : 4 -> 5 -> 6
bddx-inf-sci-k8s-a800-03849:1613015:1613975 [7] NCCL INFO Ring 05 : 6 -> 7 -> 0
bddx-inf-sci-k8s-a800-03849:1613011:1613979 [3] NCCL INFO Ring 04 : 2 -> 3 -> 4
bddx-inf-sci-k8s-a800-03849:1613009:1613974 [1] NCCL INFO Tree 10 : 0 -> 1 -> 2/-1/-1
bddx-inf-sci-k8s-a800-03849:1613012:1613973 [4] NCCL INFO Ring 05 : 3 -> 4 -> 5
bddx-inf-sci-k8s-a800-03849:1613010:1613978 [2] NCCL INFO Ring 04 : 1 -> 2 -> 3
bddx-inf-sci-k8s-a800-03849:1613014:1613977 [6] NCCL INFO Ring 07 : 5 -> 6 -> 7
bddx-inf-sci-k8s-a800-03849:1613013:1613976 [5] NCCL INFO Ring 05 : 4 -> 5 -> 6
bddx-inf-sci-k8s-a800-03849:1613015:1613975 [7] NCCL INFO Ring 06 : 6 -> 7 -> 0
bddx-inf-sci-k8s-a800-03849:1613011:1613979 [3] NCCL INFO Ring 05 : 2 -> 3 -> 4
bddx-inf-sci-k8s-a800-03849:1613009:1613974 [1] NCCL INFO Tree 3 : 0 -> 1 -> 2/-1/-1
bddx-inf-sci-k8s-a800-03849:1613012:1613973 [4] NCCL INFO Ring 06 : 3 -> 4 -> 5
bddx-inf-sci-k8s-a800-03849:1613010:1613978 [2] NCCL INFO Ring 05 : 1 -> 2 -> 3
bddx-inf-sci-k8s-a800-03849:1613008:1613980 [0] NCCL INFO Tree 10 : -1 -> 0 -> 1/-1/-1
bddx-inf-sci-k8s-a800-03849:1613014:1613977 [6] NCCL INFO Ring 08 : 5 -> 6 -> 7
bddx-inf-sci-k8s-a800-03849:1613013:1613976 [5] NCCL INFO Ring 06 : 4 -> 5 -> 6
bddx-inf-sci-k8s-a800-03849:1613015:1613975 [7] NCCL INFO Ring 07 : 6 -> 7 -> 0
bddx-inf-sci-k8s-a800-03849:1613011:1613979 [3] NCCL INFO Ring 06 : 2 -> 3 -> 4
bddx-inf-sci-k8s-a800-03849:1613009:1613974 [1] NCCL INFO Tree 11 : 0 -> 1 -> 2/-1/-1
bddx-inf-sci-k8s-a800-03849:1613012:1613973 [4] NCCL INFO Ring 07 : 3 -> 4 -> 5
bddx-inf-sci-k8s-a800-03849:1613010:1613978 [2] NCCL INFO Ring 06 : 1 -> 2 -> 3
bddx-inf-sci-k8s-a800-03849:1613008:1613980 [0] NCCL INFO Tree 3 : -1 -> 0 -> 1/-1/-1
bddx-inf-sci-k8s-a800-03849:1613014:1613977 [6] NCCL INFO Ring 09 : 5 -> 6 -> 7
bddx-inf-sci-k8s-a800-03849:1613013:1613976 [5] NCCL INFO Ring 07 : 4 -> 5 -> 6
bddx-inf-sci-k8s-a800-03849:1613015:1613975 [7] NCCL INFO Ring 08 : 6 -> 7 -> 0
bddx-inf-sci-k8s-a800-03849:1613011:1613979 [3] NCCL INFO Ring 07 : 2 -> 3 -> 4
bddx-inf-sci-k8s-a800-03849:1613009:1613974 [1] NCCL INFO Tree 4 : 0 -> 1 -> 2/-1/-1
bddx-inf-sci-k8s-a800-03849:1613012:1613973 [4] NCCL INFO Ring 08 : 3 -> 4 -> 5
bddx-inf-sci-k8s-a800-03849:1613010:1613978 [2] NCCL INFO Ring 07 : 1 -> 2 -> 3
bddx-inf-sci-k8s-a800-03849:1613008:1613980 [0] NCCL INFO Tree 11 : -1 -> 0 -> 1/-1/-1
bddx-inf-sci-k8s-a800-03849:1613014:1613977 [6] NCCL INFO Ring 10 : 5 -> 6 -> 7
bddx-inf-sci-k8s-a800-03849:1613013:1613976 [5] NCCL INFO Ring 08 : 4 -> 5 -> 6
bddx-inf-sci-k8s-a800-03849:1613015:1613975 [7] NCCL INFO Ring 09 : 6 -> 7 -> 0
bddx-inf-sci-k8s-a800-03849:1613011:1613979 [3] NCCL INFO Ring 08 : 2 -> 3 -> 4
bddx-inf-sci-k8s-a800-03849:1613009:1613974 [1] NCCL INFO Tree 12 : 0 -> 1 -> 2/-1/-1
bddx-inf-sci-k8s-a800-03849:1613012:1613973 [4] NCCL INFO Ring 09 : 3 -> 4 -> 5
bddx-inf-sci-k8s-a800-03849:1613010:1613978 [2] NCCL INFO Ring 08 : 1 -> 2 -> 3
bddx-inf-sci-k8s-a800-03849:1613008:1613980 [0] NCCL INFO Tree 4 : -1 -> 0 -> 1/-1/-1
bddx-inf-sci-k8s-a800-03849:1613014:1613977 [6] NCCL INFO Ring 11 : 5 -> 6 -> 7
bddx-inf-sci-k8s-a800-03849:1613013:1613976 [5] NCCL INFO Ring 09 : 4 -> 5 -> 6
bddx-inf-sci-k8s-a800-03849:1613014:1613977 [6] NCCL INFO Ring 12 : 5 -> 6 -> 7
bddx-inf-sci-k8s-a800-03849:1613015:1613975 [7] NCCL INFO Ring 10 : 6 -> 7 -> 0
bddx-inf-sci-k8s-a800-03849:1613011:1613979 [3] NCCL INFO Ring 09 : 2 -> 3 -> 4
bddx-inf-sci-k8s-a800-03849:1613009:1613974 [1] NCCL INFO Tree 5 : 0 -> 1 -> 2/-1/-1
bddx-inf-sci-k8s-a800-03849:1613011:1613979 [3] NCCL INFO Ring 10 : 2 -> 3 -> 4
bddx-inf-sci-k8s-a800-03849:1613012:1613973 [4] NCCL INFO Ring 10 : 3 -> 4 -> 5
bddx-inf-sci-k8s-a800-03849:1613010:1613978 [2] NCCL INFO Ring 09 : 1 -> 2 -> 3
bddx-inf-sci-k8s-a800-03849:1613008:1613980 [0] NCCL INFO Tree 12 : -1 -> 0 -> 1/-1/-1
bddx-inf-sci-k8s-a800-03849:1613013:1613976 [5] NCCL INFO Ring 10 : 4 -> 5 -> 6
bddx-inf-sci-k8s-a800-03849:1613008:1613980 [0] NCCL INFO Tree 5 : -1 -> 0 -> 1/-1/-1
bddx-inf-sci-k8s-a800-03849:1613014:1613977 [6] NCCL INFO Ring 13 : 5 -> 6 -> 7
bddx-inf-sci-k8s-a800-03849:1613015:1613975 [7] NCCL INFO Ring 11 : 6 -> 7 -> 0
bddx-inf-sci-k8s-a800-03849:1613009:1613974 [1] NCCL INFO Tree 13 : 0 -> 1 -> 2/-1/-1
bddx-inf-sci-k8s-a800-03849:1613015:1613975 [7] NCCL INFO Ring 12 : 6 -> 7 -> 0
bddx-inf-sci-k8s-a800-03849:1613011:1613979 [3] NCCL INFO Ring 11 : 2 -> 3 -> 4
bddx-inf-sci-k8s-a800-03849:1613012:1613973 [4] NCCL INFO Ring 11 : 3 -> 4 -> 5
bddx-inf-sci-k8s-a800-03849:1613010:1613978 [2] NCCL INFO Ring 10 : 1 -> 2 -> 3
bddx-inf-sci-k8s-a800-03849:1613013:1613976 [5] NCCL INFO Ring 11 : 4 -> 5 -> 6
bddx-inf-sci-k8s-a800-03849:1613008:1613980 [0] NCCL INFO Tree 13 : -1 -> 0 -> 1/-1/-1
bddx-inf-sci-k8s-a800-03849:1613014:1613977 [6] NCCL INFO Ring 14 : 5 -> 6 -> 7
bddx-inf-sci-k8s-a800-03849:1613009:1613974 [1] NCCL INFO Tree 6 : 0 -> 1 -> 2/-1/-1
bddx-inf-sci-k8s-a800-03849:1613015:1613975 [7] NCCL INFO Ring 13 : 6 -> 7 -> 0
bddx-inf-sci-k8s-a800-03849:1613011:1613979 [3] NCCL INFO Ring 12 : 2 -> 3 -> 4
bddx-inf-sci-k8s-a800-03849:1613012:1613973 [4] NCCL INFO Ring 12 : 3 -> 4 -> 5
bddx-inf-sci-k8s-a800-03849:1613010:1613978 [2] NCCL INFO Ring 11 : 1 -> 2 -> 3
bddx-inf-sci-k8s-a800-03849:1613013:1613976 [5] NCCL INFO Ring 12 : 4 -> 5 -> 6
bddx-inf-sci-k8s-a800-03849:1613008:1613980 [0] NCCL INFO Tree 6 : -1 -> 0 -> 1/-1/-1
bddx-inf-sci-k8s-a800-03849:1613014:1613977 [6] NCCL INFO Ring 15 : 5 -> 6 -> 7
bddx-inf-sci-k8s-a800-03849:1613009:1613974 [1] NCCL INFO Tree 14 : 0 -> 1 -> 2/-1/-1
bddx-inf-sci-k8s-a800-03849:1613015:1613975 [7] NCCL INFO Ring 14 : 6 -> 7 -> 0
bddx-inf-sci-k8s-a800-03849:1613011:1613979 [3] NCCL INFO Ring 13 : 2 -> 3 -> 4
bddx-inf-sci-k8s-a800-03849:1613012:1613973 [4] NCCL INFO Ring 13 : 3 -> 4 -> 5
bddx-inf-sci-k8s-a800-03849:1613010:1613978 [2] NCCL INFO Ring 12 : 1 -> 2 -> 3
bddx-inf-sci-k8s-a800-03849:1613013:1613976 [5] NCCL INFO Ring 13 : 4 -> 5 -> 6
bddx-inf-sci-k8s-a800-03849:1613008:1613980 [0] NCCL INFO Tree 14 : -1 -> 0 -> 1/-1/-1
bddx-inf-sci-k8s-a800-03849:1613014:1613977 [6] NCCL INFO Trees [0] 7/-1/-1->6->5 [1] 7/-1/-1->6->5 [2] 7/-1/-1->6->5 [3] 7/-1/-1->6->5 [4] 7/-1/-1->6->5 [5] 7/-1/-1->6->5 [6] 7/-1/-1->6->5 [7] 7/-1/-1->6->5 [8] 7/-1/-1->6->5 [9] 7/-1/-1->6->5 [10] 7/-1/-1->6->5 [11] 7/-1/-1->6->5 [12] 7/-1/-1->6->5 [13] 7/-1/-1->6->5 [14] 7/-1/-1->6->5 [15] 7/-1/-1->6->5
bddx-inf-sci-k8s-a800-03849:1613009:1613974 [1] NCCL INFO Tree 7 : 0 -> 1 -> 2/-1/-1
bddx-inf-sci-k8s-a800-03849:1613015:1613975 [7] NCCL INFO Ring 15 : 6 -> 7 -> 0
bddx-inf-sci-k8s-a800-03849:1613011:1613979 [3] NCCL INFO Ring 14 : 2 -> 3 -> 4
bddx-inf-sci-k8s-a800-03849:1613012:1613973 [4] NCCL INFO Ring 14 : 3 -> 4 -> 5
bddx-inf-sci-k8s-a800-03849:1613010:1613978 [2] NCCL INFO Ring 13 : 1 -> 2 -> 3
bddx-inf-sci-k8s-a800-03849:1613013:1613976 [5] NCCL INFO Ring 14 : 4 -> 5 -> 6
bddx-inf-sci-k8s-a800-03849:1613008:1613980 [0] NCCL INFO Tree 7 : -1 -> 0 -> 1/-1/-1
bddx-inf-sci-k8s-a800-03849:1613014:1613977 [6] NCCL INFO P2P Chunksize set to 524288
bddx-inf-sci-k8s-a800-03849:1613009:1613974 [1] NCCL INFO Tree 15 : 0 -> 1 -> 2/-1/-1
bddx-inf-sci-k8s-a800-03849:1613015:1613975 [7] NCCL INFO Trees [0] -1/-1/-1->7->6 [1] -1/-1/-1->7->6 [2] -1/-1/-1->7->6 [3] -1/-1/-1->7->6 [4] -1/-1/-1->7->6 [5] -1/-1/-1->7->6 [6] -1/-1/-1->7->6 [7] -1/-1/-1->7->6 [8] -1/-1/-1->7->6 [9] -1/-1/-1->7->6 [10] -1/-1/-1->7->6 [11] -1/-1/-1->7->6 [12] -1/-1/-1->7->6 [13] -1/-1/-1->7->6 [14] -1/-1/-1->7->6 [15] -1/-1/-1->7->6
bddx-inf-sci-k8s-a800-03849:1613011:1613979 [3] NCCL INFO Ring 15 : 2 -> 3 -> 4
bddx-inf-sci-k8s-a800-03849:1613012:1613973 [4] NCCL INFO Ring 15 : 3 -> 4 -> 5
bddx-inf-sci-k8s-a800-03849:1613010:1613978 [2] NCCL INFO Ring 14 : 1 -> 2 -> 3
bddx-inf-sci-k8s-a800-03849:1613013:1613976 [5] NCCL INFO Ring 15 : 4 -> 5 -> 6
bddx-inf-sci-k8s-a800-03849:1613008:1613980 [0] NCCL INFO Tree 15 : -1 -> 0 -> 1/-1/-1
bddx-inf-sci-k8s-a800-03849:1613015:1613975 [7] NCCL INFO P2P Chunksize set to 524288
bddx-inf-sci-k8s-a800-03849:1613009:1613974 [1] NCCL INFO Ring 00 : 0 -> 1 -> 2
bddx-inf-sci-k8s-a800-03849:1613011:1613979 [3] NCCL INFO Trees [0] 4/-1/-1->3->2 [1] 4/-1/-1->3->2 [2] 4/-1/-1->3->2 [3] 4/-1/-1->3->2 [4] 4/-1/-1->3->2 [5] 4/-1/-1->3->2 [6] 4/-1/-1->3->2 [7] 4/-1/-1->3->2 [8] 4/-1/-1->3->2 [9] 4/-1/-1->3->2 [10] 4/-1/-1->3->2 [11] 4/-1/-1->3->2 [12] 4/-1/-1->3->2 [13] 4/-1/-1->3->2 [14] 4/-1/-1->3->2 [15] 4/-1/-1->3->2
bddx-inf-sci-k8s-a800-03849:1613012:1613973 [4] NCCL INFO Trees [0] 5/-1/-1->4->3 [1] 5/-1/-1->4->3 [2] 5/-1/-1->4->3 [3] 5/-1/-1->4->3 [4] 5/-1/-1->4->3 [5] 5/-1/-1->4->3 [6] 5/-1/-1->4->3 [7] 5/-1/-1->4->3 [8] 5/-1/-1->4->3 [9] 5/-1/-1->4->3 [10] 5/-1/-1->4->3 [11] 5/-1/-1->4->3 [12] 5/-1/-1->4->3 [13] 5/-1/-1->4->3 [14] 5/-1/-1->4->3 [15] 5/-1/-1->4->3
bddx-inf-sci-k8s-a800-03849:1613010:1613978 [2] NCCL INFO Ring 15 : 1 -> 2 -> 3
bddx-inf-sci-k8s-a800-03849:1613013:1613976 [5] NCCL INFO Trees [0] 6/-1/-1->5->4 [1] 6/-1/-1->5->4 [2] 6/-1/-1->5->4 [3] 6/-1/-1->5->4 [4] 6/-1/-1->5->4 [5] 6/-1/-1->5->4 [6] 6/-1/-1->5->4 [7] 6/-1/-1->5->4 [8] 6/-1/-1->5->4 [9] 6/-1/-1->5->4 [10] 6/-1/-1->5->4 [11] 6/-1/-1->5->4 [12] 6/-1/-1->5->4 [13] 6/-1/-1->5->4 [14] 6/-1/-1->5->4 [15] 6/-1/-1->5->4
bddx-inf-sci-k8s-a800-03849:1613009:1613974 [1] NCCL INFO Ring 01 : 0 -> 1 -> 2
bddx-inf-sci-k8s-a800-03849:1613008:1613980 [0] NCCL INFO Channel 00/16 : 0 1 2 3 4 5 6 7
bddx-inf-sci-k8s-a800-03849:1613011:1613979 [3] NCCL INFO P2P Chunksize set to 524288
bddx-inf-sci-k8s-a800-03849:1613012:1613973 [4] NCCL INFO P2P Chunksize set to 524288
bddx-inf-sci-k8s-a800-03849:1613010:1613978 [2] NCCL INFO Trees [0] 3/-1/-1->2->1 [1] 3/-1/-1->2->1 [2] 3/-1/-1->2->1 [3] 3/-1/-1->2->1 [4] 3/-1/-1->2->1 [5] 3/-1/-1->2->1 [6] 3/-1/-1->2->1 [7] 3/-1/-1->2->1 [8] 3/-1/-1->2->1 [9] 3/-1/-1->2->1 [10] 3/-1/-1->2->1 [11] 3/-1/-1->2->1 [12] 3/-1/-1->2->1 [13] 3/-1/-1->2->1 [14] 3/-1/-1->2->1 [15] 3/-1/-1->2->1
bddx-inf-sci-k8s-a800-03849:1613013:1613976 [5] NCCL INFO P2P Chunksize set to 524288
bddx-inf-sci-k8s-a800-03849:1613009:1613974 [1] NCCL INFO Ring 02 : 0 -> 1 -> 2
bddx-inf-sci-k8s-a800-03849:1613008:1613980 [0] NCCL INFO Channel 01/16 : 0 1 2 3 4 5 6 7
bddx-inf-sci-k8s-a800-03849:1613010:1613978 [2] NCCL INFO P2P Chunksize set to 524288
bddx-inf-sci-k8s-a800-03849:1613009:1613974 [1] NCCL INFO Ring 03 : 0 -> 1 -> 2
bddx-inf-sci-k8s-a800-03849:1613008:1613980 [0] NCCL INFO Channel 02/16 : 0 1 2 3 4 5 6 7
bddx-inf-sci-k8s-a800-03849:1613009:1613974 [1] NCCL INFO Ring 04 : 0 -> 1 -> 2
bddx-inf-sci-k8s-a800-03849:1613009:1613974 [1] NCCL INFO Ring 05 : 0 -> 1 -> 2
bddx-inf-sci-k8s-a800-03849:1613008:1613980 [0] NCCL INFO Channel 03/16 : 0 1 2 3 4 5 6 7
bddx-inf-sci-k8s-a800-03849:1613009:1613974 [1] NCCL INFO Ring 06 : 0 -> 1 -> 2
bddx-inf-sci-k8s-a800-03849:1613009:1613974 [1] NCCL INFO Ring 07 : 0 -> 1 -> 2
bddx-inf-sci-k8s-a800-03849:1613008:1613980 [0] NCCL INFO Channel 04/16 : 0 1 2 3 4 5 6 7
bddx-inf-sci-k8s-a800-03849:1613009:1613974 [1] NCCL INFO Ring 08 : 0 -> 1 -> 2
bddx-inf-sci-k8s-a800-03849:1613009:1613974 [1] NCCL INFO Ring 09 : 0 -> 1 -> 2
bddx-inf-sci-k8s-a800-03849:1613008:1613980 [0] NCCL INFO Channel 05/16 : 0 1 2 3 4 5 6 7
bddx-inf-sci-k8s-a800-03849:1613009:1613974 [1] NCCL INFO Ring 10 : 0 -> 1 -> 2
bddx-inf-sci-k8s-a800-03849:1613009:1613974 [1] NCCL INFO Ring 11 : 0 -> 1 -> 2
bddx-inf-sci-k8s-a800-03849:1613008:1613980 [0] NCCL INFO Channel 06/16 : 0 1 2 3 4 5 6 7
bddx-inf-sci-k8s-a800-03849:1613009:1613974 [1] NCCL INFO Ring 12 : 0 -> 1 -> 2
bddx-inf-sci-k8s-a800-03849:1613009:1613974 [1] NCCL INFO Ring 13 : 0 -> 1 -> 2
bddx-inf-sci-k8s-a800-03849:1613008:1613980 [0] NCCL INFO Channel 07/16 : 0 1 2 3 4 5 6 7
bddx-inf-sci-k8s-a800-03849:1613009:1613974 [1] NCCL INFO Ring 14 : 0 -> 1 -> 2
bddx-inf-sci-k8s-a800-03849:1613009:1613974 [1] NCCL INFO Ring 15 : 0 -> 1 -> 2
bddx-inf-sci-k8s-a800-03849:1613008:1613980 [0] NCCL INFO Channel 08/16 : 0 1 2 3 4 5 6 7
bddx-inf-sci-k8s-a800-03849:1613009:1613974 [1] NCCL INFO Trees [0] 2/-1/-1->1->0 [1] 2/-1/-1->1->0 [2] 2/-1/-1->1->0 [3] 2/-1/-1->1->0 [4] 2/-1/-1->1->0 [5] 2/-1/-1->1->0 [6] 2/-1/-1->1->0 [7] 2/-1/-1->1->0 [8] 2/-1/-1->1->0 [9] 2/-1/-1->1->0 [10] 2/-1/-1->1->0 [11] 2/-1/-1->1->0 [12] 2/-1/-1->1->0 [13] 2/-1/-1->1->0 [14] 2/-1/-1->1->0 [15] 2/-1/-1->1->0
bddx-inf-sci-k8s-a800-03849:1613008:1613980 [0] NCCL INFO Channel 09/16 : 0 1 2 3 4 5 6 7
bddx-inf-sci-k8s-a800-03849:1613009:1613974 [1] NCCL INFO P2P Chunksize set to 524288
bddx-inf-sci-k8s-a800-03849:1613008:1613980 [0] NCCL INFO Channel 10/16 : 0 1 2 3 4 5 6 7
bddx-inf-sci-k8s-a800-03849:1613008:1613980 [0] NCCL INFO Channel 11/16 : 0 1 2 3 4 5 6 7
bddx-inf-sci-k8s-a800-03849:1613008:1613980 [0] NCCL INFO Channel 12/16 : 0 1 2 3 4 5 6 7
bddx-inf-sci-k8s-a800-03849:1613008:1613980 [0] NCCL INFO Channel 13/16 : 0 1 2 3 4 5 6 7
bddx-inf-sci-k8s-a800-03849:1613008:1613980 [0] NCCL INFO Channel 14/16 : 0 1 2 3 4 5 6 7
bddx-inf-sci-k8s-a800-03849:1613008:1613980 [0] NCCL INFO Channel 15/16 : 0 1 2 3 4 5 6 7
bddx-inf-sci-k8s-a800-03849:1613008:1613980 [0] NCCL INFO Ring 00 : 7 -> 0 -> 1
bddx-inf-sci-k8s-a800-03849:1613008:1613980 [0] NCCL INFO Ring 01 : 7 -> 0 -> 1
bddx-inf-sci-k8s-a800-03849:1613008:1613980 [0] NCCL INFO Ring 02 : 7 -> 0 -> 1
bddx-inf-sci-k8s-a800-03849:1613008:1613980 [0] NCCL INFO Ring 03 : 7 -> 0 -> 1
bddx-inf-sci-k8s-a800-03849:1613008:1613980 [0] NCCL INFO Ring 04 : 7 -> 0 -> 1
bddx-inf-sci-k8s-a800-03849:1613008:1613980 [0] NCCL INFO Ring 05 : 7 -> 0 -> 1
bddx-inf-sci-k8s-a800-03849:1613008:1613980 [0] NCCL INFO Ring 06 : 7 -> 0 -> 1
bddx-inf-sci-k8s-a800-03849:1613008:1613980 [0] NCCL INFO Ring 07 : 7 -> 0 -> 1
bddx-inf-sci-k8s-a800-03849:1613008:1613980 [0] NCCL INFO Ring 08 : 7 -> 0 -> 1
bddx-inf-sci-k8s-a800-03849:1613008:1613980 [0] NCCL INFO Ring 09 : 7 -> 0 -> 1
bddx-inf-sci-k8s-a800-03849:1613008:1613980 [0] NCCL INFO Ring 10 : 7 -> 0 -> 1
bddx-inf-sci-k8s-a800-03849:1613008:1613980 [0] NCCL INFO Ring 11 : 7 -> 0 -> 1
bddx-inf-sci-k8s-a800-03849:1613008:1613980 [0] NCCL INFO Ring 12 : 7 -> 0 -> 1
bddx-inf-sci-k8s-a800-03849:1613008:1613980 [0] NCCL INFO Ring 13 : 7 -> 0 -> 1
bddx-inf-sci-k8s-a800-03849:1613008:1613980 [0] NCCL INFO Ring 14 : 7 -> 0 -> 1
bddx-inf-sci-k8s-a800-03849:1613008:1613980 [0] NCCL INFO Ring 15 : 7 -> 0 -> 1
bddx-inf-sci-k8s-a800-03849:1613008:1613980 [0] NCCL INFO Trees [0] 1/-1/-1->0->-1 [1] 1/-1/-1->0->-1 [2] 1/-1/-1->0->-1 [3] 1/-1/-1->0->-1 [4] 1/-1/-1->0->-1 [5] 1/-1/-1->0->-1 [6] 1/-1/-1->0->-1 [7] 1/-1/-1->0->-1 [8] 1/-1/-1->0->-1 [9] 1/-1/-1->0->-1 [10] 1/-1/-1->0->-1 [11] 1/-1/-1->0->-1 [12] 1/-1/-1->0->-1 [13] 1/-1/-1->0->-1 [14] 1/-1/-1->0->-1 [15] 1/-1/-1->0->-1
bddx-inf-sci-k8s-a800-03849:1613008:1613980 [0] NCCL INFO P2P Chunksize set to 524288
bddx-inf-sci-k8s-a800-03849:1613014:1613977 [6] NCCL INFO PROFILER/Plugin: Could not find: libnccl-profiler.so. 
bddx-inf-sci-k8s-a800-03849:1613015:1613975 [7] NCCL INFO PROFILER/Plugin: Could not find: libnccl-profiler.so. 
bddx-inf-sci-k8s-a800-03849:1613012:1613973 [4] NCCL INFO PROFILER/Plugin: Could not find: libnccl-profiler.so. 
bddx-inf-sci-k8s-a800-03849:1613009:1613974 [1] NCCL INFO PROFILER/Plugin: Could not find: libnccl-profiler.so. 
bddx-inf-sci-k8s-a800-03849:1613013:1613976 [5] NCCL INFO PROFILER/Plugin: Could not find: libnccl-profiler.so. 
bddx-inf-sci-k8s-a800-03849:1613010:1613978 [2] NCCL INFO PROFILER/Plugin: Could not find: libnccl-profiler.so. 
bddx-inf-sci-k8s-a800-03849:1613011:1613979 [3] NCCL INFO PROFILER/Plugin: Could not find: libnccl-profiler.so. 
bddx-inf-sci-k8s-a800-03849:1613014:1614053 [6] NCCL INFO [Proxy Service] Device 6 CPU core 110
bddx-inf-sci-k8s-a800-03849:1613014:1614054 [6] NCCL INFO [Proxy Service UDS] Device 6 CPU core 57
bddx-inf-sci-k8s-a800-03849:1613012:1614056 [4] NCCL INFO [Proxy Service] Device 4 CPU core 108
bddx-inf-sci-k8s-a800-03849:1613012:1614058 [4] NCCL INFO [Proxy Service UDS] Device 4 CPU core 52
bddx-inf-sci-k8s-a800-03849:1613015:1614055 [7] NCCL INFO [Proxy Service] Device 7 CPU core 57
bddx-inf-sci-k8s-a800-03849:1613015:1614057 [7] NCCL INFO [Proxy Service UDS] Device 7 CPU core 51
bddx-inf-sci-k8s-a800-03849:1613013:1614060 [5] NCCL INFO [Proxy Service] Device 5 CPU core 60
bddx-inf-sci-k8s-a800-03849:1613010:1614061 [2] NCCL INFO [Proxy Service] Device 2 CPU core 24
bddx-inf-sci-k8s-a800-03849:1613009:1614059 [1] NCCL INFO [Proxy Service] Device 1 CPU core 88
bddx-inf-sci-k8s-a800-03849:1613013:1614064 [5] NCCL INFO [Proxy Service UDS] Device 5 CPU core 48
bddx-inf-sci-k8s-a800-03849:1613010:1614062 [2] NCCL INFO [Proxy Service UDS] Device 2 CPU core 93
bddx-inf-sci-k8s-a800-03849:1613008:1613980 [0] NCCL INFO PROFILER/Plugin: Could not find: libnccl-profiler.so. 
bddx-inf-sci-k8s-a800-03849:1613009:1614065 [1] NCCL INFO [Proxy Service UDS] Device 1 CPU core 2
bddx-inf-sci-k8s-a800-03849:1613011:1614063 [3] NCCL INFO [Proxy Service] Device 3 CPU core 66
bddx-inf-sci-k8s-a800-03849:1613008:1613980 [0] NCCL INFO Check P2P Type isAllDirectP2p 1 directMode 0
bddx-inf-sci-k8s-a800-03849:1613011:1614066 [3] NCCL INFO [Proxy Service UDS] Device 3 CPU core 31
bddx-inf-sci-k8s-a800-03849:1613008:1614067 [0] NCCL INFO [Proxy Service] Device 0 CPU core 8
bddx-inf-sci-k8s-a800-03849:1613008:1614068 [0] NCCL INFO [Proxy Service UDS] Device 0 CPU core 17
bddx-inf-sci-k8s-a800-03849:1613012:1613973 [4] NCCL INFO threadThresholds 8/8/64 | 64/8/64 | 512 | 512
bddx-inf-sci-k8s-a800-03849:1613012:1613973 [4] NCCL INFO 16 coll channels, 16 collnet channels, 0 nvls channels, 16 p2p channels, 16 p2p channels per peer
bddx-inf-sci-k8s-a800-03849:1613013:1613976 [5] NCCL INFO threadThresholds 8/8/64 | 64/8/64 | 512 | 512
bddx-inf-sci-k8s-a800-03849:1613013:1613976 [5] NCCL INFO 16 coll channels, 16 collnet channels, 0 nvls channels, 16 p2p channels, 16 p2p channels per peer
bddx-inf-sci-k8s-a800-03849:1613011:1613979 [3] NCCL INFO threadThresholds 8/8/64 | 64/8/64 | 512 | 512
bddx-inf-sci-k8s-a800-03849:1613011:1613979 [3] NCCL INFO 16 coll channels, 16 collnet channels, 0 nvls channels, 16 p2p channels, 16 p2p channels per peer
bddx-inf-sci-k8s-a800-03849:1613015:1613975 [7] NCCL INFO threadThresholds 8/8/64 | 64/8/64 | 512 | 512
bddx-inf-sci-k8s-a800-03849:1613015:1613975 [7] NCCL INFO 16 coll channels, 16 collnet channels, 0 nvls channels, 16 p2p channels, 16 p2p channels per peer
bddx-inf-sci-k8s-a800-03849:1613010:1613978 [2] NCCL INFO threadThresholds 8/8/64 | 64/8/64 | 512 | 512
bddx-inf-sci-k8s-a800-03849:1613010:1613978 [2] NCCL INFO 16 coll channels, 16 collnet channels, 0 nvls channels, 16 p2p channels, 16 p2p channels per peer
bddx-inf-sci-k8s-a800-03849:1613014:1613977 [6] NCCL INFO threadThresholds 8/8/64 | 64/8/64 | 512 | 512
bddx-inf-sci-k8s-a800-03849:1613014:1613977 [6] NCCL INFO 16 coll channels, 16 collnet channels, 0 nvls channels, 16 p2p channels, 16 p2p channels per peer
bddx-inf-sci-k8s-a800-03849:1613008:1613980 [0] NCCL INFO threadThresholds 8/8/64 | 64/8/64 | 512 | 512
bddx-inf-sci-k8s-a800-03849:1613008:1613980 [0] NCCL INFO 16 coll channels, 16 collnet channels, 0 nvls channels, 16 p2p channels, 16 p2p channels per peer
bddx-inf-sci-k8s-a800-03849:1613009:1613974 [1] NCCL INFO threadThresholds 8/8/64 | 64/8/64 | 512 | 512
bddx-inf-sci-k8s-a800-03849:1613009:1613974 [1] NCCL INFO 16 coll channels, 16 collnet channels, 0 nvls channels, 16 p2p channels, 16 p2p channels per peer
bddx-inf-sci-k8s-a800-03849:1613008:1613980 [0] NCCL INFO CC Off, workFifoBytes 1048576
bddx-inf-sci-k8s-a800-03849:1613009:1613974 [1] NCCL INFO TUNER/Plugin: Could not find: libnccl-tuner.so. Using internal tuner plugin.
bddx-inf-sci-k8s-a800-03849:1613009:1613974 [1] NCCL INFO TUNER/Plugin: Failed to find ncclTunerPlugin_v4 symbol.
bddx-inf-sci-k8s-a800-03849:1613009:1613974 [1] NCCL INFO TUNER/Plugin: Failed to find ncclTunerPlugin_v3 symbol.
bddx-inf-sci-k8s-a800-03849:1613009:1613974 [1] NCCL INFO TUNER/Plugin: Failed to find ncclTunerPlugin_v2 symbol, using internal tuner instead.
bddx-inf-sci-k8s-a800-03849:1613009:1613974 [1] NCCL INFO ncclCommInitRankConfig comm 0x12354810 rank 1 nranks 8 cudaDev 1 nvmlDev 1 busId 18000 commId 0xf2b45b4b6d3df0fc - Init COMPLETE
bddx-inf-sci-k8s-a800-03849:1613009:1613974 [1] NCCL INFO Init timings - ncclCommInitRankConfig: rank 1 nranks 8 total 0.57 (kernels 0.15, alloc 0.12, bootstrap 0.11, allgathers 0.00, topo 0.13, graphs 0.00, connections 0.05, rest 0.00)
bddx-inf-sci-k8s-a800-03849:1613013:1613976 [5] NCCL INFO TUNER/Plugin: Could not find: libnccl-tuner.so. Using internal tuner plugin.
bddx-inf-sci-k8s-a800-03849:1613014:1613977 [6] NCCL INFO TUNER/Plugin: Could not find: libnccl-tuner.so. Using internal tuner plugin.
bddx-inf-sci-k8s-a800-03849:1613013:1613976 [5] NCCL INFO TUNER/Plugin: Failed to find ncclTunerPlugin_v4 symbol.
bddx-inf-sci-k8s-a800-03849:1613013:1613976 [5] NCCL INFO TUNER/Plugin: Failed to find ncclTunerPlugin_v3 symbol.
bddx-inf-sci-k8s-a800-03849:1613014:1613977 [6] NCCL INFO TUNER/Plugin: Failed to find ncclTunerPlugin_v4 symbol.
bddx-inf-sci-k8s-a800-03849:1613013:1613976 [5] NCCL INFO TUNER/Plugin: Failed to find ncclTunerPlugin_v2 symbol, using internal tuner instead.
bddx-inf-sci-k8s-a800-03849:1613014:1613977 [6] NCCL INFO TUNER/Plugin: Failed to find ncclTunerPlugin_v3 symbol.
bddx-inf-sci-k8s-a800-03849:1613013:1613976 [5] NCCL INFO ncclCommInitRankConfig comm 0x131d79e0 rank 5 nranks 8 cudaDev 5 nvmlDev 5 busId 8e000 commId 0xf2b45b4b6d3df0fc - Init COMPLETE
bddx-inf-sci-k8s-a800-03849:1613014:1613977 [6] NCCL INFO TUNER/Plugin: Failed to find ncclTunerPlugin_v2 symbol, using internal tuner instead.
bddx-inf-sci-k8s-a800-03849:1613014:1613977 [6] NCCL INFO ncclCommInitRankConfig comm 0x11b79240 rank 6 nranks 8 cudaDev 6 nvmlDev 6 busId c5000 commId 0xf2b45b4b6d3df0fc - Init COMPLETE
bddx-inf-sci-k8s-a800-03849:1613010:1613978 [2] NCCL INFO TUNER/Plugin: Could not find: libnccl-tuner.so. Using internal tuner plugin.
bddx-inf-sci-k8s-a800-03849:1613013:1613976 [5] NCCL INFO Init timings - ncclCommInitRankConfig: rank 5 nranks 8 total 0.52 (kernels 0.14, alloc 0.16, bootstrap 0.03, allgathers 0.01, topo 0.13, graphs 0.00, connections 0.03, rest 0.02)
bddx-inf-sci-k8s-a800-03849:1613014:1613977 [6] NCCL INFO Init timings - ncclCommInitRankConfig: rank 6 nranks 8 total 0.49 (kernels 0.15, alloc 0.12, bootstrap 0.03, allgathers 0.00, topo 0.13, graphs 0.00, connections 0.04, rest 0.01)
bddx-inf-sci-k8s-a800-03849:1613010:1613978 [2] NCCL INFO TUNER/Plugin: Failed to find ncclTunerPlugin_v4 symbol.
bddx-inf-sci-k8s-a800-03849:1613010:1613978 [2] NCCL INFO TUNER/Plugin: Failed to find ncclTunerPlugin_v3 symbol.
bddx-inf-sci-k8s-a800-03849:1613010:1613978 [2] NCCL INFO TUNER/Plugin: Failed to find ncclTunerPlugin_v2 symbol, using internal tuner instead.
bddx-inf-sci-k8s-a800-03849:1613010:1613978 [2] NCCL INFO ncclCommInitRankConfig comm 0x134b6fe0 rank 2 nranks 8 cudaDev 2 nvmlDev 2 busId 49000 commId 0xf2b45b4b6d3df0fc - Init COMPLETE
bddx-inf-sci-k8s-a800-03849:1613010:1613978 [2] NCCL INFO Init timings - ncclCommInitRankConfig: rank 2 nranks 8 total 0.49 (kernels 0.15, alloc 0.06, bootstrap 0.10, allgathers 0.00, topo 0.13, graphs 0.00, connections 0.04, rest 0.02)
bddx-inf-sci-k8s-a800-03849:1613015:1613975 [7] NCCL INFO TUNER/Plugin: Could not find: libnccl-tuner.so. Using internal tuner plugin.
bddx-inf-sci-k8s-a800-03849:1613011:1613979 [3] NCCL INFO TUNER/Plugin: Could not find: libnccl-tuner.so. Using internal tuner plugin.
bddx-inf-sci-k8s-a800-03849:1613012:1613973 [4] NCCL INFO TUNER/Plugin: Could not find: libnccl-tuner.so. Using internal tuner plugin.
bddx-inf-sci-k8s-a800-03849:1613015:1613975 [7] NCCL INFO TUNER/Plugin: Failed to find ncclTunerPlugin_v4 symbol.
bddx-inf-sci-k8s-a800-03849:1613015:1613975 [7] NCCL INFO TUNER/Plugin: Failed to find ncclTunerPlugin_v3 symbol.
bddx-inf-sci-k8s-a800-03849:1613011:1613979 [3] NCCL INFO TUNER/Plugin: Failed to find ncclTunerPlugin_v4 symbol.
bddx-inf-sci-k8s-a800-03849:1613015:1613975 [7] NCCL INFO TUNER/Plugin: Failed to find ncclTunerPlugin_v2 symbol, using internal tuner instead.
bddx-inf-sci-k8s-a800-03849:1613012:1613973 [4] NCCL INFO TUNER/Plugin: Failed to find ncclTunerPlugin_v4 symbol.
bddx-inf-sci-k8s-a800-03849:1613011:1613979 [3] NCCL INFO TUNER/Plugin: Failed to find ncclTunerPlugin_v3 symbol.
bddx-inf-sci-k8s-a800-03849:1613015:1613975 [7] NCCL INFO ncclCommInitRankConfig comm 0x13645050 rank 7 nranks 8 cudaDev 7 nvmlDev 7 busId c9000 commId 0xf2b45b4b6d3df0fc - Init COMPLETE
bddx-inf-sci-k8s-a800-03849:1613012:1613973 [4] NCCL INFO TUNER/Plugin: Failed to find ncclTunerPlugin_v3 symbol.
bddx-inf-sci-k8s-a800-03849:1613011:1613979 [3] NCCL INFO TUNER/Plugin: Failed to find ncclTunerPlugin_v2 symbol, using internal tuner instead.
bddx-inf-sci-k8s-a800-03849:1613012:1613973 [4] NCCL INFO TUNER/Plugin: Failed to find ncclTunerPlugin_v2 symbol, using internal tuner instead.
bddx-inf-sci-k8s-a800-03849:1613015:1613975 [7] NCCL INFO Init timings - ncclCommInitRankConfig: rank 7 nranks 8 total 0.57 (kernels 0.15, alloc 0.12, bootstrap 0.11, allgathers 0.00, topo 0.13, graphs 0.00, connections 0.03, rest 0.02)
bddx-inf-sci-k8s-a800-03849:1613011:1613979 [3] NCCL INFO ncclCommInitRankConfig comm 0x131751a0 rank 3 nranks 8 cudaDev 3 nvmlDev 3 busId 4d000 commId 0xf2b45b4b6d3df0fc - Init COMPLETE
bddx-inf-sci-k8s-a800-03849:1613012:1613973 [4] NCCL INFO ncclCommInitRankConfig comm 0x12b34fb0 rank 4 nranks 8 cudaDev 4 nvmlDev 4 busId 89000 commId 0xf2b45b4b6d3df0fc - Init COMPLETE
bddx-inf-sci-k8s-a800-03849:1613011:1613979 [3] NCCL INFO Init timings - ncclCommInitRankConfig: rank 3 nranks 8 total 0.48 (kernels 0.14, alloc 0.12, bootstrap 0.03, allgathers 0.00, topo 0.13, graphs 0.00, connections 0.03, rest 0.02)
bddx-inf-sci-k8s-a800-03849:1613012:1613973 [4] NCCL INFO Init timings - ncclCommInitRankConfig: rank 4 nranks 8 total 0.57 (kernels 0.15, alloc 0.11, bootstrap 0.12, allgathers 0.00, topo 0.13, graphs 0.00, connections 0.03, rest 0.02)
bddx-inf-sci-k8s-a800-03849:1613008:1613980 [0] NCCL INFO TUNER/Plugin: Could not find: libnccl-tuner.so. Using internal tuner plugin.
bddx-inf-sci-k8s-a800-03849:1613008:1613980 [0] NCCL INFO TUNER/Plugin: Failed to find ncclTunerPlugin_v4 symbol.
bddx-inf-sci-k8s-a800-03849:1613008:1613980 [0] NCCL INFO TUNER/Plugin: Failed to find ncclTunerPlugin_v3 symbol.
bddx-inf-sci-k8s-a800-03849:1613008:1613980 [0] NCCL INFO TUNER/Plugin: Failed to find ncclTunerPlugin_v2 symbol, using internal tuner instead.
bddx-inf-sci-k8s-a800-03849:1613008:1613980 [0] NCCL INFO ncclCommInitRankConfig comm 0x11710da0 rank 0 nranks 8 cudaDev 0 nvmlDev 0 busId 12000 commId 0xf2b45b4b6d3df0fc - Init COMPLETE
bddx-inf-sci-k8s-a800-03849:1613008:1613980 [0] NCCL INFO Init timings - ncclCommInitRankConfig: rank 0 nranks 8 total 0.44 (kernels 0.15, alloc 0.08, bootstrap 0.03, allgathers 0.00, topo 0.13, graphs 0.00, connections 0.05, rest 0.00)
INFO:loongforge.embodied.train.utils.utils:Using random seed 42.
INFO:loongforge.embodied.train.utils.utils:Using random seed 42.
INFO:loongforge.embodied.train.utils.utils:Using random seed 42.
INFO:loongforge.embodied.train.utils.utils:Using random seed 42.
INFO:loongforge.embodied.train.utils.utils:Using random seed 42.
INFO:loongforge.embodied.train.utils.utils:Using random seed 42.
INFO:loongforge.embodied.train.utils.utils:Using random seed 42.
INFO:loongforge.embodied.train.utils.utils:Using random seed 42.
2026-08-24 01:33:44 [INFO] 
------------------------ training training_args ------------------------
  activation_checkpoint_module_patterns ........... None
  activation_checkpoint_skip_modules .............. None
  adam_beta1 ...................................... 0.9
  adam_beta2 ...................................... 0.95
  adam_eps ........................................ 1e-08
  async_save ...................................... False
  batch_drop_last ................................. True
  check_for_nan_in_loss_and_grad .................. True
  clip_grad ....................................... 1.0
  config_file ..................................... None
  cuda_graph_ddp_sync_in_graph .................... False
  cuda_graph_grad_sync_bucket_mb .................. 200.0
  cuda_graph_grad_sync_dtype ...................... fp32
  cuda_graph_grad_sync_impl ....................... coalesced
  cuda_graph_impl ................................. none
  cuda_graph_pad_length ........................... None
  cuda_graph_scope ................................ full_iteration
  cuda_graph_warmup_steps ......................... 3
  cudnn_benchmark ................................. False
  data_root_dir ................................... None
  dataloader_multiprocessing_context .............. None
  dataloader_seed_workers ......................... False
  dataset_format .................................. lerobot_datasets
  dataset_path .................................... /raid0/fastwam/vla_artifacts/pi05/datasets/libero
  dataset_strategy ................................ default
  ddp_accordion_detection_window .................. 50
  ddp_accordion_protection_steps .................. 25
  ddp_accordion_relative_change_threshold ......... 0.5
  ddp_batched_grad_copy ........................... False
  ddp_broadcast_buffers ........................... True
  ddp_bucket_cap_mb ............................... None
  ddp_bucket_cap_mb_list .......................... None
  ddp_comm_hook ................................... powersgd_plus_hook
  ddp_comm_hook_logging ........................... False
  ddp_dynamic_powersgd_adapt_interval ............. 5
  ddp_dynamic_powersgd_high_rank .................. 4
  ddp_dynamic_powersgd_low_rank ................... 1
  ddp_dynamic_powersgd_relative_change_threshold .. 0.1
  ddp_ef21_powersgd_log_interval .................. 25
  ddp_find_unused_parameters ...................... True
  ddp_gradient_as_bucket_view ..................... True
  ddp_init_sync ................................... True
  ddp_layerwise_powersgd_candidate_ranks .......... 1,2,4,8,16
  ddp_layerwise_powersgd_log_tensor_stats ......... False
  ddp_layerwise_powersgd_power_iterations ......... 2
  ddp_layerwise_powersgd_refresh_period ........... 50
  ddp_layerwise_powersgd_relative_error ........... 0.1
  ddp_layerwise_powersgd_uncompressed_patterns .... 
  ddp_oracle_error_budget_random_seed ............. 0
  ddp_powersgd_global_step_offset ................. 0
  ddp_powersgd_lr_high_rank ....................... 2
  ddp_powersgd_lr_high_rank_end_step .............. 452
  ddp_powersgd_matrix_approximation_rank .......... 1
  ddp_powersgd_min_compression_rate ............... 4.0
  ddp_powersgd_period_schedule .................... 300-452:25,453-734:50,735-1000:100
  ddp_powersgd_plus_restart_method ................ approximate
  ddp_powersgd_plus_restart_period ................ 50
  ddp_powersgd_scheduled_start_step ............... 300
  ddp_powersgd_start_iter ......................... 2
  ddp_powersgd_window_ranges ...................... 
  ddp_separate_compression_ratio .................. 16.0
  ddp_separate_error_feedback_beta ................ 0.95
  ddp_separate_error_reset_interval ............... 128
  ddp_skip_all_reduce_unused_params ............... False
  ddp_static_graph ................................ True
  detail_log_interval ............................. 20
  deterministic_mode .............................. False
  disable_tf32 .................................... False
  distributed_sampler_mode ........................ cyclic
  distributed_strategy ............................ ddp
  dtype ........................................... bfloat16
  dynamo_optimize_ddp ............................. False
  freeze_modules .................................. 
  fsdp_backward_prefetch_distance ................. 0
  fsdp_cast_forward_inputs ........................ True
  fsdp_forward_prefetch_distance .................. 0
  fsdp_leftover_min_num_params .................... 1000000
  fsdp_min_num_params ............................. 1000000
  fsdp_no_wrap_modules ............................ None
  fsdp_original_param_dtype ....................... None
  fsdp_reduce_dtype ............................... fp32
  fsdp_reshard_default ............................ None
  fsdp_reshard_module_overrides ................... None
  fsdp_reshard_root ............................... False
  fsdp_unsharded_param_dtype ...................... None
  fsdp_wrap_modules ............................... None
  gradient_accumulation_steps ..................... 1
  hsdp_shard_size ................................. None
  init_on_meta .................................... False
  lambda_cycle_length ............................. 10000
  lambda_f_max .................................... 0.4
  lambda_f_min .................................... 0.0
  lambda_f_start .................................. 0.0
  lerobotdataset_version .......................... v3.0
  log_interval .................................... 1
  lora_alpha ...................................... 32
  lora_bias ....................................... none
  lora_dropout .................................... 0.0
  lora_init ....................................... true
  lora_modules_to_save ............................ None
  lora_r .......................................... 16
  lora_target_modules ............................. None
  loss_log_rank ................................... [-1]
  loss_spike_threshold ............................ 100.0
  lr_base ......................................... 2.5e-05
  lr_decay_iters .................................. 1000
  lr_decay_style .................................. cosine_with_min_lr
  lr_end .......................................... 1e-07
  lr_group ........................................ None
  lr_warmup_iters ................................. 10
  manual_gc ....................................... False
  manual_gc_interval .............................. 0
  min_lr .......................................... 1e-06
  model_name ...................................... pi05
  num_cycles ...................................... 1.0
  num_samples ..................................... 100
  num_workers ..................................... 4
  optimizer ....................................... AdamW
  optimizer_state_log_interval .................... 25
  output_dir ...................................... /raid0/fastwam/experiments/pi05_precision_mechanisms_start300_a800_100_1000_v1/attempts/standard_powersgd_plus/attempt_1/standard_powersgd_plus
  per_device_batch_size ........................... 12
  polynomial_power ................................ 1.0
  pretrained_checkpoint ........................... /raid0/fastwam/vla_artifacts/pi05/models/pi05_base
  profile_output_dir .............................. None
  profile_ranks ................................... [0]
  profile_step_end ................................ 12
  profile_step_start .............................. 10
  resume .......................................... True
  robot_type ...................................... libero_franka
  sampler_shuffle ................................. True
  save_format ..................................... dcp
  save_interval ................................... 0
  save_lr_thresholds .............................. 
  save_steps ...................................... 
  save_training_state ............................. True
  seed ............................................ 42
  set_seed_by_rank ................................ False
  split ........................................... train
  streaming ....................................... False
  task_name ....................................... perform the task
  tensorboard_dir ................................. /raid0/fastwam/experiments/pi05_precision_mechanisms_start300_a800_100_1000_v1/attempts/standard_powersgd_plus/attempt_1/standard_powersgd_plus/tensorboard
  tensorboard_queue_size .......................... 1000
  timing_log_level ................................ 0
  tokenizer_path .................................. /raid0/fastwam/vla_artifacts/pi05/tokenizers/paligemma-3b-pt-224
  train_iters ..................................... 1000
  trainer_type .................................... FinetuneTrainer
  use_lora ........................................ False
  use_nsys_profiler ............................... False
  use_pytorch_profiler ............................ False
  video_backend ................................... torchcodec
  wandb_mode ...................................... disabled
  wandb_project ................................... loongforge-vla
  weight_decay .................................... 0.01
  weight_decay_grouping ........................... all
  zero_master_param_dtype ......................... none
  zero_optimizer .................................. True
  zero_parameters_as_bucket_view .................. True
-------------------- end of training training_args ---------------------
2026-08-24 01:33:44 [INFO] 
------------------------ model config ------------------------
  action_dim ...................................... 7
  action_horizon .................................. 50
  compile_dynamic ................................. False
  compile_fullgraph ............................... True
  compile_mode .................................... max-autotune
  compile_model ................................... False
  compile_scope ................................... multi_group
  freeze_vision_encoder ........................... False
  gradient_checkpointing .......................... False
  max_action_dim .................................. 32
  max_state_dim ................................... 32
  model_type ...................................... pi05
  state_dim ....................................... 7
  train_expert_only ............................... False
-------------------- end of model config ---------------------
2026-08-24 01:33:44 [INFO] 
------------------------ data config ------------------------
  action_apply_to ................................. ['action']
  action_padding_strategy ......................... zero
  action_transform_horizon ........................ None
  action_transform_max_action_dim ................. None
  action_use_statistics ........................... True
  image_mask ...................................... None
  image_normalize_mode ............................ identity
  image_resize_strategy ........................... resize_with_pad
  image_size ...................................... 224
  max_token_len ................................... 200
  normalization_mode .............................. q99
  num_images ...................................... 2
  observation_delta_indices ....................... None
  use_action_transform ............................ True
  use_image_transform ............................. True
-------------------- end of data config ---------------------
2026-08-24 01:33:44 [INFO] TensorBoard enabled: /raid0/fastwam/experiments/pi05_precision_mechanisms_start300_a800_100_1000_v1/attempts/standard_powersgd_plus/attempt_1/standard_powersgd_plus/tensorboard
2026-08-24 01:33:44 [INFO] [model] start building model: model_type=pi05, class=Pi05ModelConfig
2026-08-24 01:36:03 [INFO] [model] model built in 139.35s
2026-08-24 01:36:03 [INFO] [ckpt] resume requested: dir==/raid0/fastwam/experiments/pi05_precision_mechanisms_start300_a800_100_1000_v1/attempts/standard_powersgd_plus/attempt_1/standard_powersgd_plus/checkpoints/steps_300
2026-08-24 01:36:03 [INFO] resume: detected DCP checkpoint at /raid0/fastwam/experiments/pi05_precision_mechanisms_start300_a800_100_1000_v1/attempts/standard_powersgd_plus/attempt_1/standard_powersgd_plus/checkpoints/steps_300 — deferring weight load until after wrap_model.
2026-08-24 01:36:03 [INFO] Resumed model weights from step 300
2026-08-24 01:36:03 [INFO] [ckpt] resume done in 0.00s
2026-08-24 01:36:03 [INFO] [wrap_model] wrap_model: strategy=ddp, dtype=bfloat16
bddx-inf-sci-k8s-a800-03849:1613010:1614440 [2] NCCL INFO Channel 00/0 : 2[2] -> 3[3] via P2P/CUMEM/read
bddx-inf-sci-k8s-a800-03849:1613010:1614440 [2] NCCL INFO Channel 01/0 : 2[2] -> 3[3] via P2P/CUMEM/read
bddx-inf-sci-k8s-a800-03849:1613010:1614440 [2] NCCL INFO Channel 02/0 : 2[2] -> 3[3] via P2P/CUMEM/read
bddx-inf-sci-k8s-a800-03849:1613010:1614440 [2] NCCL INFO Channel 03/0 : 2[2] -> 3[3] via P2P/CUMEM/read
bddx-inf-sci-k8s-a800-03849:1613010:1614440 [2] NCCL INFO Channel 04/0 : 2[2] -> 3[3] via P2P/CUMEM/read
bddx-inf-sci-k8s-a800-03849:1613010:1614440 [2] NCCL INFO Channel 05/0 : 2[2] -> 3[3] via P2P/CUMEM/read
bddx-inf-sci-k8s-a800-03849:1613010:1614440 [2] NCCL INFO Channel 06/0 : 2[2] -> 3[3] via P2P/CUMEM/read
bddx-inf-sci-k8s-a800-03849:1613010:1614440 [2] NCCL INFO Channel 07/0 : 2[2] -> 3[3] via P2P/CUMEM/read
bddx-inf-sci-k8s-a800-03849:1613010:1614440 [2] NCCL INFO Channel 08/0 : 2[2] -> 3[3] via P2P/CUMEM/read
bddx-inf-sci-k8s-a800-03849:1613010:1614440 [2] NCCL INFO Channel 09/0 : 2[2] -> 3[3] via P2P/CUMEM/read
bddx-inf-sci-k8s-a800-03849:1613010:1614440 [2] NCCL INFO Channel 10/0 : 2[2] -> 3[3] via P2P/CUMEM/read
bddx-inf-sci-k8s-a800-03849:1613010:1614440 [2] NCCL INFO Channel 11/0 : 2[2] -> 3[3] via P2P/CUMEM/read
bddx-inf-sci-k8s-a800-03849:1613010:1614440 [2] NCCL INFO Channel 12/0 : 2[2] -> 3[3] via P2P/CUMEM/read
bddx-inf-sci-k8s-a800-03849:1613010:1614440 [2] NCCL INFO Channel 13/0 : 2[2] -> 3[3] via P2P/CUMEM/read
bddx-inf-sci-k8s-a800-03849:1613010:1614440 [2] NCCL INFO Channel 14/0 : 2[2] -> 3[3] via P2P/CUMEM/read
bddx-inf-sci-k8s-a800-03849:1613010:1614440 [2] NCCL INFO Channel 15/0 : 2[2] -> 3[3] via P2P/CUMEM/read
bddx-inf-sci-k8s-a800-03849:1613008:1614441 [0] NCCL INFO Channel 00/0 : 0[0] -> 1[1] via P2P/CUMEM/read
bddx-inf-sci-k8s-a800-03849:1613008:1614441 [0] NCCL INFO Channel 01/0 : 0[0] -> 1[1] via P2P/CUMEM/read
bddx-inf-sci-k8s-a800-03849:1613008:1614441 [0] NCCL INFO Channel 02/0 : 0[0] -> 1[1] via P2P/CUMEM/read
bddx-inf-sci-k8s-a800-03849:1613008:1614441 [0] NCCL INFO Channel 03/0 : 0[0] -> 1[1] via P2P/CUMEM/read
bddx-inf-sci-k8s-a800-03849:1613008:1614441 [0] NCCL INFO Channel 04/0 : 0[0] -> 1[1] via P2P/CUMEM/read
bddx-inf-sci-k8s-a800-03849:1613008:1614441 [0] NCCL INFO Channel 05/0 : 0[0] -> 1[1] via P2P/CUMEM/read
bddx-inf-sci-k8s-a800-03849:1613008:1614441 [0] NCCL INFO Channel 06/0 : 0[0] -> 1[1] via P2P/CUMEM/read
bddx-inf-sci-k8s-a800-03849:1613008:1614441 [0] NCCL INFO Channel 07/0 : 0[0] -> 1[1] via P2P/CUMEM/read
bddx-inf-sci-k8s-a800-03849:1613008:1614441 [0] NCCL INFO Channel 08/0 : 0[0] -> 1[1] via P2P/CUMEM/read
bddx-inf-sci-k8s-a800-03849:1613008:1614441 [0] NCCL INFO Channel 09/0 : 0[0] -> 1[1] via P2P/CUMEM/read
bddx-inf-sci-k8s-a800-03849:1613008:1614441 [0] NCCL INFO Channel 10/0 : 0[0] -> 1[1] via P2P/CUMEM/read
bddx-inf-sci-k8s-a800-03849:1613008:1614441 [0] NCCL INFO Channel 11/0 : 0[0] -> 1[1] via P2P/CUMEM/read
bddx-inf-sci-k8s-a800-03849:1613008:1614441 [0] NCCL INFO Channel 12/0 : 0[0] -> 1[1] via P2P/CUMEM/read
bddx-inf-sci-k8s-a800-03849:1613008:1614441 [0] NCCL INFO Channel 13/0 : 0[0] -> 1[1] via P2P/CUMEM/read
bddx-inf-sci-k8s-a800-03849:1613008:1614441 [0] NCCL INFO Channel 14/0 : 0[0] -> 1[1] via P2P/CUMEM/read
bddx-inf-sci-k8s-a800-03849:1613008:1614441 [0] NCCL INFO Channel 15/0 : 0[0] -> 1[1] via P2P/CUMEM/read
bddx-inf-sci-k8s-a800-03849:1613014:1614443 [6] NCCL INFO Channel 00/0 : 6[6] -> 7[7] via P2P/CUMEM/read
bddx-inf-sci-k8s-a800-03849:1613014:1614443 [6] NCCL INFO Channel 01/0 : 6[6] -> 7[7] via P2P/CUMEM/read
bddx-inf-sci-k8s-a800-03849:1613014:1614443 [6] NCCL INFO Channel 02/0 : 6[6] -> 7[7] via P2P/CUMEM/read
bddx-inf-sci-k8s-a800-03849:1613014:1614443 [6] NCCL INFO Channel 03/0 : 6[6] -> 7[7] via P2P/CUMEM/read
bddx-inf-sci-k8s-a800-03849:1613014:1614443 [6] NCCL INFO Channel 04/0 : 6[6] -> 7[7] via P2P/CUMEM/read
bddx-inf-sci-k8s-a800-03849:1613014:1614443 [6] NCCL INFO Channel 05/0 : 6[6] -> 7[7] via P2P/CUMEM/read
bddx-inf-sci-k8s-a800-03849:1613014:1614443 [6] NCCL INFO Channel 06/0 : 6[6] -> 7[7] via P2P/CUMEM/read
bddx-inf-sci-k8s-a800-03849:1613014:1614443 [6] NCCL INFO Channel 07/0 : 6[6] -> 7[7] via P2P/CUMEM/read
bddx-inf-sci-k8s-a800-03849:1613014:1614443 [6] NCCL INFO Channel 08/0 : 6[6] -> 7[7] via P2P/CUMEM/read
bddx-inf-sci-k8s-a800-03849:1613014:1614443 [6] NCCL INFO Channel 09/0 : 6[6] -> 7[7] via P2P/CUMEM/read
bddx-inf-sci-k8s-a800-03849:1613014:1614443 [6] NCCL INFO Channel 10/0 : 6[6] -> 7[7] via P2P/CUMEM/read
bddx-inf-sci-k8s-a800-03849:1613014:1614443 [6] NCCL INFO Channel 11/0 : 6[6] -> 7[7] via P2P/CUMEM/read
bddx-inf-sci-k8s-a800-03849:1613014:1614443 [6] NCCL INFO Channel 12/0 : 6[6] -> 7[7] via P2P/CUMEM/read
bddx-inf-sci-k8s-a800-03849:1613014:1614443 [6] NCCL INFO Channel 13/0 : 6[6] -> 7[7] via P2P/CUMEM/read
bddx-inf-sci-k8s-a800-03849:1613014:1614443 [6] NCCL INFO Channel 14/0 : 6[6] -> 7[7] via P2P/CUMEM/read
bddx-inf-sci-k8s-a800-03849:1613014:1614443 [6] NCCL INFO Channel 15/0 : 6[6] -> 7[7] via P2P/CUMEM/read
bddx-inf-sci-k8s-a800-03849:1613011:1614444 [3] NCCL INFO Channel 00/0 : 3[3] -> 4[4] via P2P/CUMEM/read
bddx-inf-sci-k8s-a800-03849:1613011:1614444 [3] NCCL INFO Channel 01/0 : 3[3] -> 4[4] via P2P/CUMEM/read
bddx-inf-sci-k8s-a800-03849:1613011:1614444 [3] NCCL INFO Channel 02/0 : 3[3] -> 4[4] via P2P/CUMEM/read
bddx-inf-sci-k8s-a800-03849:1613011:1614444 [3] NCCL INFO Channel 03/0 : 3[3] -> 4[4] via P2P/CUMEM/read
bddx-inf-sci-k8s-a800-03849:1613011:1614444 [3] NCCL INFO Channel 04/0 : 3[3] -> 4[4] via P2P/CUMEM/read
bddx-inf-sci-k8s-a800-03849:1613011:1614444 [3] NCCL INFO Channel 05/0 : 3[3] -> 4[4] via P2P/CUMEM/read
bddx-inf-sci-k8s-a800-03849:1613011:1614444 [3] NCCL INFO Channel 06/0 : 3[3] -> 4[4] via P2P/CUMEM/read
bddx-inf-sci-k8s-a800-03849:1613011:1614444 [3] NCCL INFO Channel 07/0 : 3[3] -> 4[4] via P2P/CUMEM/read
bddx-inf-sci-k8s-a800-03849:1613011:1614444 [3] NCCL INFO Channel 08/0 : 3[3] -> 4[4] via P2P/CUMEM/read
bddx-inf-sci-k8s-a800-03849:1613011:1614444 [3] NCCL INFO Channel 09/0 : 3[3] -> 4[4] via P2P/CUMEM/read
bddx-inf-sci-k8s-a800-03849:1613011:1614444 [3] NCCL INFO Channel 10/0 : 3[3] -> 4[4] via P2P/CUMEM/read
bddx-inf-sci-k8s-a800-03849:1613011:1614444 [3] NCCL INFO Channel 11/0 : 3[3] -> 4[4] via P2P/CUMEM/read
bddx-inf-sci-k8s-a800-03849:1613011:1614444 [3] NCCL INFO Channel 12/0 : 3[3] -> 4[4] via P2P/CUMEM/read
bddx-inf-sci-k8s-a800-03849:1613011:1614444 [3] NCCL INFO Channel 13/0 : 3[3] -> 4[4] via P2P/CUMEM/read
bddx-inf-sci-k8s-a800-03849:1613011:1614444 [3] NCCL INFO Channel 14/0 : 3[3] -> 4[4] via P2P/CUMEM/read
bddx-inf-sci-k8s-a800-03849:1613011:1614444 [3] NCCL INFO Channel 15/0 : 3[3] -> 4[4] via P2P/CUMEM/read
bddx-inf-sci-k8s-a800-03849:1613013:1614446 [5] NCCL INFO Channel 00/0 : 5[5] -> 6[6] via P2P/CUMEM/read
bddx-inf-sci-k8s-a800-03849:1613013:1614446 [5] NCCL INFO Channel 01/0 : 5[5] -> 6[6] via P2P/CUMEM/read
bddx-inf-sci-k8s-a800-03849:1613013:1614446 [5] NCCL INFO Channel 02/0 : 5[5] -> 6[6] via P2P/CUMEM/read
bddx-inf-sci-k8s-a800-03849:1613013:1614446 [5] NCCL INFO Channel 03/0 : 5[5] -> 6[6] via P2P/CUMEM/read
bddx-inf-sci-k8s-a800-03849:1613013:1614446 [5] NCCL INFO Channel 04/0 : 5[5] -> 6[6] via P2P/CUMEM/read
bddx-inf-sci-k8s-a800-03849:1613013:1614446 [5] NCCL INFO Channel 05/0 : 5[5] -> 6[6] via P2P/CUMEM/read
bddx-inf-sci-k8s-a800-03849:1613013:1614446 [5] NCCL INFO Channel 06/0 : 5[5] -> 6[6] via P2P/CUMEM/read
bddx-inf-sci-k8s-a800-03849:1613013:1614446 [5] NCCL INFO Channel 07/0 : 5[5] -> 6[6] via P2P/CUMEM/read
bddx-inf-sci-k8s-a800-03849:1613013:1614446 [5] NCCL INFO Channel 08/0 : 5[5] -> 6[6] via P2P/CUMEM/read
bddx-inf-sci-k8s-a800-03849:1613013:1614446 [5] NCCL INFO Channel 09/0 : 5[5] -> 6[6] via P2P/CUMEM/read
bddx-inf-sci-k8s-a800-03849:1613013:1614446 [5] NCCL INFO Channel 10/0 : 5[5] -> 6[6] via P2P/CUMEM/read
bddx-inf-sci-k8s-a800-03849:1613013:1614446 [5] NCCL INFO Channel 11/0 : 5[5] -> 6[6] via P2P/CUMEM/read
bddx-inf-sci-k8s-a800-03849:1613013:1614446 [5] NCCL INFO Channel 12/0 : 5[5] -> 6[6] via P2P/CUMEM/read
bddx-inf-sci-k8s-a800-03849:1613013:1614446 [5] NCCL INFO Channel 13/0 : 5[5] -> 6[6] via P2P/CUMEM/read
bddx-inf-sci-k8s-a800-03849:1613013:1614446 [5] NCCL INFO Channel 14/0 : 5[5] -> 6[6] via P2P/CUMEM/read
bddx-inf-sci-k8s-a800-03849:1613013:1614446 [5] NCCL INFO Channel 15/0 : 5[5] -> 6[6] via P2P/CUMEM/read
bddx-inf-sci-k8s-a800-03849:1613009:1614448 [1] NCCL INFO Channel 00/0 : 1[1] -> 2[2] via P2P/CUMEM/read
bddx-inf-sci-k8s-a800-03849:1613009:1614448 [1] NCCL INFO Channel 01/0 : 1[1] -> 2[2] via P2P/CUMEM/read
bddx-inf-sci-k8s-a800-03849:1613009:1614448 [1] NCCL INFO Channel 02/0 : 1[1] -> 2[2] via P2P/CUMEM/read
bddx-inf-sci-k8s-a800-03849:1613009:1614448 [1] NCCL INFO Channel 03/0 : 1[1] -> 2[2] via P2P/CUMEM/read
bddx-inf-sci-k8s-a800-03849:1613009:1614448 [1] NCCL INFO Channel 04/0 : 1[1] -> 2[2] via P2P/CUMEM/read
bddx-inf-sci-k8s-a800-03849:1613009:1614448 [1] NCCL INFO Channel 05/0 : 1[1] -> 2[2] via P2P/CUMEM/read
bddx-inf-sci-k8s-a800-03849:1613009:1614448 [1] NCCL INFO Channel 06/0 : 1[1] -> 2[2] via P2P/CUMEM/read
bddx-inf-sci-k8s-a800-03849:1613009:1614448 [1] NCCL INFO Channel 07/0 : 1[1] -> 2[2] via P2P/CUMEM/read
bddx-inf-sci-k8s-a800-03849:1613009:1614448 [1] NCCL INFO Channel 08/0 : 1[1] -> 2[2] via P2P/CUMEM/read
bddx-inf-sci-k8s-a800-03849:1613009:1614448 [1] NCCL INFO Channel 09/0 : 1[1] -> 2[2] via P2P/CUMEM/read
bddx-inf-sci-k8s-a800-03849:1613009:1614448 [1] NCCL INFO Channel 10/0 : 1[1] -> 2[2] via P2P/CUMEM/read
bddx-inf-sci-k8s-a800-03849:1613009:1614448 [1] NCCL INFO Channel 11/0 : 1[1] -> 2[2] via P2P/CUMEM/read
bddx-inf-sci-k8s-a800-03849:1613009:1614448 [1] NCCL INFO Channel 12/0 : 1[1] -> 2[2] via P2P/CUMEM/read
bddx-inf-sci-k8s-a800-03849:1613009:1614448 [1] NCCL INFO Channel 13/0 : 1[1] -> 2[2] via P2P/CUMEM/read
bddx-inf-sci-k8s-a800-03849:1613009:1614448 [1] NCCL INFO Channel 14/0 : 1[1] -> 2[2] via P2P/CUMEM/read
bddx-inf-sci-k8s-a800-03849:1613009:1614448 [1] NCCL INFO Channel 15/0 : 1[1] -> 2[2] via P2P/CUMEM/read
bddx-inf-sci-k8s-a800-03849:1613012:1614450 [4] NCCL INFO Channel 00/0 : 4[4] -> 5[5] via P2P/CUMEM/read
bddx-inf-sci-k8s-a800-03849:1613012:1614450 [4] NCCL INFO Channel 01/0 : 4[4] -> 5[5] via P2P/CUMEM/read
bddx-inf-sci-k8s-a800-03849:1613012:1614450 [4] NCCL INFO Channel 02/0 : 4[4] -> 5[5] via P2P/CUMEM/read
bddx-inf-sci-k8s-a800-03849:1613012:1614450 [4] NCCL INFO Channel 03/0 : 4[4] -> 5[5] via P2P/CUMEM/read
bddx-inf-sci-k8s-a800-03849:1613012:1614450 [4] NCCL INFO Channel 04/0 : 4[4] -> 5[5] via P2P/CUMEM/read
bddx-inf-sci-k8s-a800-03849:1613012:1614450 [4] NCCL INFO Channel 05/0 : 4[4] -> 5[5] via P2P/CUMEM/read
bddx-inf-sci-k8s-a800-03849:1613012:1614450 [4] NCCL INFO Channel 06/0 : 4[4] -> 5[5] via P2P/CUMEM/read
bddx-inf-sci-k8s-a800-03849:1613012:1614450 [4] NCCL INFO Channel 07/0 : 4[4] -> 5[5] via P2P/CUMEM/read
bddx-inf-sci-k8s-a800-03849:1613012:1614450 [4] NCCL INFO Channel 08/0 : 4[4] -> 5[5] via P2P/CUMEM/read
bddx-inf-sci-k8s-a800-03849:1613012:1614450 [4] NCCL INFO Channel 09/0 : 4[4] -> 5[5] via P2P/CUMEM/read
bddx-inf-sci-k8s-a800-03849:1613012:1614450 [4] NCCL INFO Channel 10/0 : 4[4] -> 5[5] via P2P/CUMEM/read
bddx-inf-sci-k8s-a800-03849:1613012:1614450 [4] NCCL INFO Channel 11/0 : 4[4] -> 5[5] via P2P/CUMEM/read
bddx-inf-sci-k8s-a800-03849:1613012:1614450 [4] NCCL INFO Channel 12/0 : 4[4] -> 5[5] via P2P/CUMEM/read
bddx-inf-sci-k8s-a800-03849:1613012:1614450 [4] NCCL INFO Channel 13/0 : 4[4] -> 5[5] via P2P/CUMEM/read
bddx-inf-sci-k8s-a800-03849:1613012:1614450 [4] NCCL INFO Channel 14/0 : 4[4] -> 5[5] via P2P/CUMEM/read
bddx-inf-sci-k8s-a800-03849:1613012:1614450 [4] NCCL INFO Channel 15/0 : 4[4] -> 5[5] via P2P/CUMEM/read
bddx-inf-sci-k8s-a800-03849:1613015:1614451 [7] NCCL INFO Channel 00/0 : 7[7] -> 0[0] via P2P/CUMEM/read
bddx-inf-sci-k8s-a800-03849:1613015:1614451 [7] NCCL INFO Channel 01/0 : 7[7] -> 0[0] via P2P/CUMEM/read
bddx-inf-sci-k8s-a800-03849:1613015:1614451 [7] NCCL INFO Channel 02/0 : 7[7] -> 0[0] via P2P/CUMEM/read
bddx-inf-sci-k8s-a800-03849:1613015:1614451 [7] NCCL INFO Channel 03/0 : 7[7] -> 0[0] via P2P/CUMEM/read
bddx-inf-sci-k8s-a800-03849:1613015:1614451 [7] NCCL INFO Channel 04/0 : 7[7] -> 0[0] via P2P/CUMEM/read
bddx-inf-sci-k8s-a800-03849:1613015:1614451 [7] NCCL INFO Channel 05/0 : 7[7] -> 0[0] via P2P/CUMEM/read
bddx-inf-sci-k8s-a800-03849:1613015:1614451 [7] NCCL INFO Channel 06/0 : 7[7] -> 0[0] via P2P/CUMEM/read
bddx-inf-sci-k8s-a800-03849:1613015:1614451 [7] NCCL INFO Channel 07/0 : 7[7] -> 0[0] via P2P/CUMEM/read
bddx-inf-sci-k8s-a800-03849:1613015:1614451 [7] NCCL INFO Channel 08/0 : 7[7] -> 0[0] via P2P/CUMEM/read
bddx-inf-sci-k8s-a800-03849:1613015:1614451 [7] NCCL INFO Channel 09/0 : 7[7] -> 0[0] via P2P/CUMEM/read
bddx-inf-sci-k8s-a800-03849:1613015:1614451 [7] NCCL INFO Channel 10/0 : 7[7] -> 0[0] via P2P/CUMEM/read
bddx-inf-sci-k8s-a800-03849:1613015:1614451 [7] NCCL INFO Channel 11/0 : 7[7] -> 0[0] via P2P/CUMEM/read
bddx-inf-sci-k8s-a800-03849:1613015:1614451 [7] NCCL INFO Channel 12/0 : 7[7] -> 0[0] via P2P/CUMEM/read
bddx-inf-sci-k8s-a800-03849:1613015:1614451 [7] NCCL INFO Channel 13/0 : 7[7] -> 0[0] via P2P/CUMEM/read
bddx-inf-sci-k8s-a800-03849:1613015:1614451 [7] NCCL INFO Channel 14/0 : 7[7] -> 0[0] via P2P/CUMEM/read
bddx-inf-sci-k8s-a800-03849:1613015:1614451 [7] NCCL INFO Channel 15/0 : 7[7] -> 0[0] via P2P/CUMEM/read
bddx-inf-sci-k8s-a800-03849:1613015:1614451 [7] NCCL INFO Connected all rings, use ring PXN 0 GDR 1
bddx-inf-sci-k8s-a800-03849:1613014:1614443 [6] NCCL INFO Connected all rings, use ring PXN 0 GDR 1
bddx-inf-sci-k8s-a800-03849:1613009:1614448 [1] NCCL INFO Connected all rings, use ring PXN 0 GDR 1
bddx-inf-sci-k8s-a800-03849:1613013:1614446 [5] NCCL INFO Connected all rings, use ring PXN 0 GDR 1
bddx-inf-sci-k8s-a800-03849:1613008:1614441 [0] NCCL INFO Connected all rings, use ring PXN 0 GDR 1
bddx-inf-sci-k8s-a800-03849:1613012:1614450 [4] NCCL INFO Connected all rings, use ring PXN 0 GDR 1
bddx-inf-sci-k8s-a800-03849:1613010:1614440 [2] NCCL INFO Connected all rings, use ring PXN 0 GDR 1
bddx-inf-sci-k8s-a800-03849:1613011:1614444 [3] NCCL INFO Connected all rings, use ring PXN 0 GDR 1
/usr/local/lib/python3.12/dist-packages/torch/nn/parallel/distributed.py:2348: UserWarning: You passed find_unused_parameters=true to DistributedDataParallel, `_set_static_graph` will detect unused parameters automatically, so you do not need to set find_unused_parameters=true, just be sure these unused parameters will not change during training loop while calling `_set_static_graph`.
  warnings.warn(
/usr/local/lib/python3.12/dist-packages/torch/nn/parallel/distributed.py:2348: UserWarning: You passed find_unused_parameters=true to DistributedDataParallel, `_set_static_graph` will detect unused parameters automatically, so you do not need to set find_unused_parameters=true, just be sure these unused parameters will not change during training loop while calling `_set_static_graph`.
  warnings.warn(
2026-08-24 01:36:09 [INFO] [wrap_model] done in 5.66s
2026-08-24 01:36:09 [INFO] [optimizer] building optimizer
/usr/local/lib/python3.12/dist-packages/torch/nn/parallel/distributed.py:2348: UserWarning: You passed find_unused_parameters=true to DistributedDataParallel, `_set_static_graph` will detect unused parameters automatically, so you do not need to set find_unused_parameters=true, just be sure these unused parameters will not change during training loop while calling `_set_static_graph`.
  warnings.warn(
/usr/local/lib/python3.12/dist-packages/torch/nn/parallel/distributed.py:2348: UserWarning: You passed find_unused_parameters=true to DistributedDataParallel, `_set_static_graph` will detect unused parameters automatically, so you do not need to set find_unused_parameters=true, just be sure these unused parameters will not change during training loop while calling `_set_static_graph`.
  warnings.warn(
2026-08-24 01:36:09 [INFO] [LR Groups] Model modules (use paths below with --lr-group to set per-module LR):
  model                                                         (4143.4M trainable params)
    model.paligemma_with_expert                                   (4141.2M trainable params)
      model.paligemma_with_expert.paligemma                         (3450.0M trainable params)
      model.paligemma_with_expert.gemma_expert                      (691.3M trainable params)
    model.action_in_proj                                          (33.8K trainable params)
    model.action_out_proj                                         (32.8K trainable params)
    model.time_mlp_in                                             (1.0M trainable params)
    model.time_mlp_out                                            (1.0M trainable params)
/usr/local/lib/python3.12/dist-packages/torch/nn/parallel/distributed.py:2348: UserWarning: You passed find_unused_parameters=true to DistributedDataParallel, `_set_static_graph` will detect unused parameters automatically, so you do not need to set find_unused_parameters=true, just be sure these unused parameters will not change during training loop while calling `_set_static_graph`.
  warnings.warn(
/usr/local/lib/python3.12/dist-packages/torch/nn/parallel/distributed.py:2348: UserWarning: You passed find_unused_parameters=true to DistributedDataParallel, `_set_static_graph` will detect unused parameters automatically, so you do not need to set find_unused_parameters=true, just be sure these unused parameters will not change during training loop while calling `_set_static_graph`.
  warnings.warn(
/usr/local/lib/python3.12/dist-packages/torch/nn/parallel/distributed.py:2348: UserWarning: You passed find_unused_parameters=true to DistributedDataParallel, `_set_static_graph` will detect unused parameters automatically, so you do not need to set find_unused_parameters=true, just be sure these unused parameters will not change during training loop while calling `_set_static_graph`.
  warnings.warn(
2026-08-24 01:36:09 [INFO] [LR Groups] Model modules with LR assignment:
  model                                                         (4143.4M trainable params)  lr=2.50e-05
    model.paligemma_with_expert                                   (4141.2M trainable params)  lr=2.50e-05
      model.paligemma_with_expert.paligemma                         (3450.0M trainable params)  lr=2.50e-05
      model.paligemma_with_expert.gemma_expert                      (691.3M trainable params)  lr=2.50e-05
    model.action_in_proj                                          (33.8K trainable params)  lr=2.50e-05
    model.action_out_proj                                         (32.8K trainable params)  lr=2.50e-05
    model.time_mlp_in                                             (1.0M trainable params)  lr=2.50e-05
    model.time_mlp_out                                            (1.0M trainable params)  lr=2.50e-05
2026-08-24 01:36:09 [INFO] Optimizer trainable parameter dtypes: torch.bfloat16: 255 tensors/3609853952 elems, torch.float32: 558 tensors/533550864 elems
2026-08-24 01:36:09 [INFO] Mixed dtype params {torch.bfloat16, torch.float32}: using per-dtype ZeroRedundancyOptimizer
/usr/local/lib/python3.12/dist-packages/torch/nn/parallel/distributed.py:2348: UserWarning: You passed find_unused_parameters=true to DistributedDataParallel, `_set_static_graph` will detect unused parameters automatically, so you do not need to set find_unused_parameters=true, just be sure these unused parameters will not change during training loop while calling `_set_static_graph`.
  warnings.warn(
2026-08-24 01:36:09 [INFO] [optimizer] optimizer built in 0.18s
2026-08-24 01:36:09 [INFO] [ckpt] restoring optimizer/scheduler/RNG state from /raid0/fastwam/experiments/pi05_precision_mechanisms_start300_a800_100_1000_v1/attempts/standard_powersgd_plus/attempt_1/standard_powersgd_plus/checkpoints/steps_300
2026-08-24 01:36:21 [INFO] model resumed via DCP (strict)
2026-08-24 01:36:23 [INFO] optimizer resumed from rank-local ZeRO state
2026-08-24 01:36:23 [INFO] scheduler resumed successfully
2026-08-24 01:36:23 [INFO] [ckpt] optimizer/scheduler/RNG state restored in 14.58s
2026-08-24 01:36:23 [INFO] [data] building dataloaders
2026-08-24 01:36:23 [INFO] Using video codec: libsvtav1
2026-08-24 01:36:24 [INFO] LeRobotV3Dataset: repo_id=libero, len=273465, action_horizon=50, fps=10.0, video_backend=torchcodec
2026-08-24 01:36:24 [INFO] Using preprocessor: pi05
2026-08-24 01:36:24 [INFO] Restored dataloader state: vla
2026-08-24 01:36:24 [INFO] [data] done in 0.41s
2026-08-24 01:36:24 [INFO] Parameters: 4143.4M total, 4143.4M trainable (100.0%)
2026-08-24 01:36:24 [INFO] Model: PI05Policy
/usr/local/lib/python3.12/dist-packages/torch/utils/cpp_extension.py:2407: UserWarning: TORCH_CUDA_ARCH_LIST is not set, all archs for visible cards are included for compilation. 
If this is not desired, please set os.environ['TORCH_CUDA_ARCH_LIST'].
  warnings.warn(
fused_indices_to_multihot has reached end of life. Please migrate to a non-experimental function.
/usr/local/lib/python3.12/dist-packages/torch/utils/cpp_extension.py:2407: UserWarning: TORCH_CUDA_ARCH_LIST is not set, all archs for visible cards are included for compilation. 
If this is not desired, please set os.environ['TORCH_CUDA_ARCH_LIST'].
  warnings.warn(
fused_indices_to_multihot has reached end of life. Please migrate to a non-experimental function.
/usr/local/lib/python3.12/dist-packages/torch/utils/cpp_extension.py:2407: UserWarning: TORCH_CUDA_ARCH_LIST is not set, all archs for visible cards are included for compilation. 
If this is not desired, please set os.environ['TORCH_CUDA_ARCH_LIST'].
  warnings.warn(
fused_indices_to_multihot has reached end of life. Please migrate to a non-experimental function.
/usr/local/lib/python3.12/dist-packages/torch/utils/cpp_extension.py:2407: UserWarning: TORCH_CUDA_ARCH_LIST is not set, all archs for visible cards are included for compilation. 
If this is not desired, please set os.environ['TORCH_CUDA_ARCH_LIST'].
  warnings.warn(
fused_indices_to_multihot has reached end of life. Please migrate to a non-experimental function.
/usr/local/lib/python3.12/dist-packages/torch/utils/cpp_extension.py:2407: UserWarning: TORCH_CUDA_ARCH_LIST is not set, all archs for visible cards are included for compilation. 
If this is not desired, please set os.environ['TORCH_CUDA_ARCH_LIST'].
  warnings.warn(
fused_indices_to_multihot has reached end of life. Please migrate to a non-experimental function.
/usr/local/lib/python3.12/dist-packages/torch/utils/cpp_extension.py:2407: UserWarning: TORCH_CUDA_ARCH_LIST is not set, all archs for visible cards are included for compilation. 
If this is not desired, please set os.environ['TORCH_CUDA_ARCH_LIST'].
  warnings.warn(
fused_indices_to_multihot has reached end of life. Please migrate to a non-experimental function.
/usr/local/lib/python3.12/dist-packages/torch/utils/cpp_extension.py:2407: UserWarning: TORCH_CUDA_ARCH_LIST is not set, all archs for visible cards are included for compilation. 
If this is not desired, please set os.environ['TORCH_CUDA_ARCH_LIST'].
  warnings.warn(
fused_indices_to_multihot has reached end of life. Please migrate to a non-experimental function.
/usr/local/lib/python3.12/dist-packages/torch/utils/cpp_extension.py:2407: UserWarning: TORCH_CUDA_ARCH_LIST is not set, all archs for visible cards are included for compilation. 
If this is not desired, please set os.environ['TORCH_CUDA_ARCH_LIST'].
  warnings.warn(
fused_indices_to_multihot has reached end of life. Please migrate to a non-experimental function.
/usr/local/lib/python3.12/dist-packages/torch/utils/cpp_extension.py:2407: UserWarning: TORCH_CUDA_ARCH_LIST is not set, all archs for visible cards are included for compilation. 
If this is not desired, please set os.environ['TORCH_CUDA_ARCH_LIST'].
  warnings.warn(
fused_indices_to_multihot has reached end of life. Please migrate to a non-experimental function.
/usr/local/lib/python3.12/dist-packages/torch/utils/cpp_extension.py:2407: UserWarning: TORCH_CUDA_ARCH_LIST is not set, all archs for visible cards are included for compilation. 
If this is not desired, please set os.environ['TORCH_CUDA_ARCH_LIST'].
  warnings.warn(
fused_indices_to_multihot has reached end of life. Please migrate to a non-experimental function.
/usr/local/lib/python3.12/dist-packages/torch/utils/cpp_extension.py:2407: UserWarning: TORCH_CUDA_ARCH_LIST is not set, all archs for visible cards are included for compilation. 
If this is not desired, please set os.environ['TORCH_CUDA_ARCH_LIST'].
  warnings.warn(
fused_indices_to_multihot has reached end of life. Please migrate to a non-experimental function.
fused_indices_to_multihot has reached end of life. Please migrate to a non-experimental function.
fused_indices_to_multihot has reached end of life. Please migrate to a non-experimental function.
/usr/local/lib/python3.12/dist-packages/torch/utils/cpp_extension.py:2407: UserWarning: TORCH_CUDA_ARCH_LIST is not set, all archs for visible cards are included for compilation. 
If this is not desired, please set os.environ['TORCH_CUDA_ARCH_LIST'].
  warnings.warn(
fused_indices_to_multihot has reached end of life. Please migrate to a non-experimental function.
/usr/local/lib/python3.12/dist-packages/torch/utils/cpp_extension.py:2407: UserWarning: TORCH_CUDA_ARCH_LIST is not set, all archs for visible cards are included for compilation. 
If this is not desired, please set os.environ['TORCH_CUDA_ARCH_LIST'].
  warnings.warn(
fused_indices_to_multihot has reached end of life. Please migrate to a non-experimental function.
/usr/local/lib/python3.12/dist-packages/torch/utils/cpp_extension.py:2407: UserWarning: TORCH_CUDA_ARCH_LIST is not set, all archs for visible cards are included for compilation. 
If this is not desired, please set os.environ['TORCH_CUDA_ARCH_LIST'].
  warnings.warn(
fused_indices_to_multihot has reached end of life. Please migrate to a non-experimental function.
/usr/local/lib/python3.12/dist-packages/torch/utils/cpp_extension.py:2407: UserWarning: TORCH_CUDA_ARCH_LIST is not set, all archs for visible cards are included for compilation. 
If this is not desired, please set os.environ['TORCH_CUDA_ARCH_LIST'].
  warnings.warn(
fused_indices_to_multihot has reached end of life. Please migrate to a non-experimental function.
/usr/local/lib/python3.12/dist-packages/torch/utils/cpp_extension.py:2407: UserWarning: TORCH_CUDA_ARCH_LIST is not set, all archs for visible cards are included for compilation. 
If this is not desired, please set os.environ['TORCH_CUDA_ARCH_LIST'].
  warnings.warn(
fused_indices_to_multihot has reached end of life. Please migrate to a non-experimental function.
/usr/local/lib/python3.12/dist-packages/torch/utils/cpp_extension.py:2407: UserWarning: TORCH_CUDA_ARCH_LIST is not set, all archs for visible cards are included for compilation. 
If this is not desired, please set os.environ['TORCH_CUDA_ARCH_LIST'].
  warnings.warn(
fused_indices_to_multihot has reached end of life. Please migrate to a non-experimental function.
/usr/local/lib/python3.12/dist-packages/torch/utils/cpp_extension.py:2407: UserWarning: TORCH_CUDA_ARCH_LIST is not set, all archs for visible cards are included for compilation. 
If this is not desired, please set os.environ['TORCH_CUDA_ARCH_LIST'].
  warnings.warn(
fused_indices_to_multihot has reached end of life. Please migrate to a non-experimental function.
fused_indices_to_multihot has reached end of life. Please migrate to a non-experimental function.
fused_indices_to_multihot has reached end of life. Please migrate to a non-experimental function.
/usr/local/lib/python3.12/dist-packages/torch/utils/cpp_extension.py:2407: UserWarning: TORCH_CUDA_ARCH_LIST is not set, all archs for visible cards are included for compilation. 
If this is not desired, please set os.environ['TORCH_CUDA_ARCH_LIST'].
  warnings.warn(
fused_indices_to_multihot has reached end of life. Please migrate to a non-experimental function.
/usr/local/lib/python3.12/dist-packages/torch/utils/cpp_extension.py:2407: UserWarning: TORCH_CUDA_ARCH_LIST is not set, all archs for visible cards are included for compilation. 
If this is not desired, please set os.environ['TORCH_CUDA_ARCH_LIST'].
  warnings.warn(
fused_indices_to_multihot has reached end of life. Please migrate to a non-experimental function.
/usr/local/lib/python3.12/dist-packages/torch/utils/cpp_extension.py:2407: UserWarning: TORCH_CUDA_ARCH_LIST is not set, all archs for visible cards are included for compilation. 
If this is not desired, please set os.environ['TORCH_CUDA_ARCH_LIST'].
  warnings.warn(
fused_indices_to_multihot has reached end of life. Please migrate to a non-experimental function.
fused_indices_to_multihot has reached end of life. Please migrate to a non-experimental function.
/usr/local/lib/python3.12/dist-packages/torch/utils/cpp_extension.py:2407: UserWarning: TORCH_CUDA_ARCH_LIST is not set, all archs for visible cards are included for compilation. 
If this is not desired, please set os.environ['TORCH_CUDA_ARCH_LIST'].
  warnings.warn(
fused_indices_to_multihot has reached end of life. Please migrate to a non-experimental function.
fused_indices_to_multihot has reached end of life. Please migrate to a non-experimental function.
/usr/local/lib/python3.12/dist-packages/torch/utils/cpp_extension.py:2407: UserWarning: TORCH_CUDA_ARCH_LIST is not set, all archs for visible cards are included for compilation. 
If this is not desired, please set os.environ['TORCH_CUDA_ARCH_LIST'].
  warnings.warn(
fused_indices_to_multihot has reached end of life. Please migrate to a non-experimental function.
/usr/local/lib/python3.12/dist-packages/torch/utils/cpp_extension.py:2407: UserWarning: TORCH_CUDA_ARCH_LIST is not set, all archs for visible cards are included for compilation. 
If this is not desired, please set os.environ['TORCH_CUDA_ARCH_LIST'].
  warnings.warn(
fused_indices_to_multihot has reached end of life. Please migrate to a non-experimental function.
/usr/local/lib/python3.12/dist-packages/torch/utils/cpp_extension.py:2407: UserWarning: TORCH_CUDA_ARCH_LIST is not set, all archs for visible cards are included for compilation. 
If this is not desired, please set os.environ['TORCH_CUDA_ARCH_LIST'].
  warnings.warn(
fused_indices_to_multihot has reached end of life. Please migrate to a non-experimental function.
/usr/local/lib/python3.12/dist-packages/torch/utils/cpp_extension.py:2407: UserWarning: TORCH_CUDA_ARCH_LIST is not set, all archs for visible cards are included for compilation. 
If this is not desired, please set os.environ['TORCH_CUDA_ARCH_LIST'].
  warnings.warn(
fused_indices_to_multihot has reached end of life. Please migrate to a non-experimental function.
INFO:loongforge.embodied.data.datasets.groot_n1_6.transforms.eagle3_model.processing_eagle3_vl:set VIDEO_TOTAL_PIXELS: 90316800
INFO:loongforge.embodied.data.datasets.groot_n1_6.transforms.eagle3_model.processing_eagle3_vl:set VIDEO_TOTAL_PIXELS: 90316800
INFO:loongforge.embodied.data.datasets.groot_n1_6.transforms.eagle3_model.processing_eagle3_vl:set VIDEO_TOTAL_PIXELS: 90316800
INFO:loongforge.embodied.data.datasets.groot_n1_6.transforms.eagle3_model.processing_eagle3_vl:set VIDEO_TOTAL_PIXELS: 90316800
INFO:loongforge.embodied.data.datasets.groot_n1_6.transforms.eagle3_model.processing_eagle3_vl:set VIDEO_TOTAL_PIXELS: 90316800
INFO:loongforge.embodied.data.datasets.groot_n1_6.transforms.eagle3_model.processing_eagle3_vl:set VIDEO_TOTAL_PIXELS: 90316800
INFO:loongforge.embodied.data.datasets.groot_n1_6.transforms.eagle3_model.processing_eagle3_vl:set VIDEO_TOTAL_PIXELS: 90316800
INFO:loongforge.embodied.data.datasets.groot_n1_6.transforms.eagle3_model.processing_eagle3_vl:set VIDEO_TOTAL_PIXELS: 90316800
INFO:loongforge.embodied.data.datasets.groot_n1_6.transforms.eagle3_model.processing_eagle3_vl:set VIDEO_TOTAL_PIXELS: 90316800
INFO:loongforge.embodied.data.datasets.groot_n1_6.transforms.eagle3_model.processing_eagle3_vl:set VIDEO_TOTAL_PIXELS: 90316800
INFO:loongforge.embodied.data.datasets.groot_n1_6.transforms.eagle3_model.processing_eagle3_vl:set VIDEO_TOTAL_PIXELS: 90316800
INFO:loongforge.embodied.data.datasets.groot_n1_6.transforms.eagle3_model.processing_eagle3_vl:set VIDEO_TOTAL_PIXELS: 90316800
INFO:loongforge.embodied.data.datasets.groot_n1_6.transforms.eagle3_model.processing_eagle3_vl:set VIDEO_TOTAL_PIXELS: 90316800
INFO:loongforge.embodied.data.datasets.groot_n1_6.transforms.eagle3_model.processing_eagle3_vl:set VIDEO_TOTAL_PIXELS: 90316800
INFO:loongforge.embodied.data.datasets.groot_n1_6.transforms.eagle3_model.processing_eagle3_vl:set VIDEO_TOTAL_PIXELS: 90316800
INFO:loongforge.embodied.data.datasets.groot_n1_6.transforms.eagle3_model.processing_eagle3_vl:set VIDEO_TOTAL_PIXELS: 90316800
INFO:loongforge.embodied.data.datasets.groot_n1_6.transforms.eagle3_model.processing_eagle3_vl:set VIDEO_TOTAL_PIXELS: 90316800
INFO:loongforge.embodied.data.datasets.groot_n1_6.transforms.eagle3_model.processing_eagle3_vl:set VIDEO_TOTAL_PIXELS: 90316800
INFO:loongforge.embodied.data.datasets.groot_n1_6.transforms.eagle3_model.processing_eagle3_vl:set VIDEO_TOTAL_PIXELS: 90316800
INFO:loongforge.embodied.data.datasets.groot_n1_6.transforms.eagle3_model.processing_eagle3_vl:set VIDEO_TOTAL_PIXELS: 90316800
INFO:loongforge.embodied.data.datasets.groot_n1_6.transforms.eagle3_model.processing_eagle3_vl:set VIDEO_TOTAL_PIXELS: 90316800
INFO:loongforge.embodied.data.datasets.groot_n1_6.transforms.eagle3_model.processing_eagle3_vl:set VIDEO_TOTAL_PIXELS: 90316800
INFO:loongforge.embodied.data.datasets.groot_n1_6.transforms.eagle3_model.processing_eagle3_vl:set VIDEO_TOTAL_PIXELS: 90316800
INFO:loongforge.embodied.data.datasets.groot_n1_6.transforms.eagle3_model.processing_eagle3_vl:set VIDEO_TOTAL_PIXELS: 90316800
INFO:loongforge.embodied.data.datasets.groot_n1_6.transforms.eagle3_model.processing_eagle3_vl:set VIDEO_TOTAL_PIXELS: 90316800
INFO:loongforge.embodied.data.datasets.groot_n1_6.transforms.eagle3_model.processing_eagle3_vl:set VIDEO_TOTAL_PIXELS: 90316800
INFO:loongforge.embodied.data.datasets.groot_n1_6.transforms.eagle3_model.processing_eagle3_vl:set VIDEO_TOTAL_PIXELS: 90316800
INFO:loongforge.embodied.data.datasets.groot_n1_6.transforms.eagle3_model.processing_eagle3_vl:set VIDEO_TOTAL_PIXELS: 90316800
INFO:loongforge.embodied.data.datasets.groot_n1_6.transforms.eagle3_model.processing_eagle3_vl:set VIDEO_TOTAL_PIXELS: 90316800
INFO:loongforge.embodied.data.datasets.groot_n1_6.transforms.eagle3_model.processing_eagle3_vl:set VIDEO_TOTAL_PIXELS: 90316800
INFO:loongforge.embodied.data.datasets.groot_n1_6.transforms.eagle3_model.processing_eagle3_vl:set VIDEO_TOTAL_PIXELS: 90316800
INFO:loongforge.embodied.data.datasets.groot_n1_6.transforms.eagle3_model.processing_eagle3_vl:set VIDEO_TOTAL_PIXELS: 90316800
2026-08-24 01:36:37 [INFO] RNG state resumed successfully after dataloader iterator init
2026-08-24 01:36:37 [INFO] Dataloader 'vla' positioned at epoch=0
2026-08-24 01:36:45 [INFO] iteration      301/    1000 | consumed samples:        28896 | elapsed time per iteration (ms): 7908.8 | throughput (samples/sec/per_device): 1.517 | learning rate: 2.023698E-05 | global batch size:    96 | action loss: 1.531705E-01 | loss scale: 1.0 | grad norm: 0.396064 | number of skipped iterations:   0 | number of nan iterations:   0 |
2026-08-24 01:36:46 [INFO] iteration      302/    1000 | consumed samples:        28992 | elapsed time per iteration (ms): 982.6 | throughput (samples/sec/per_device): 12.213 | learning rate: 2.020657E-05 | global batch size:    96 | action loss: 1.630346E-01 | loss scale: 1.0 | grad norm: 0.671344 | number of skipped iterations:   0 | number of nan iterations:   0 |
2026-08-24 01:36:47 [INFO] iteration      303/    1000 | consumed samples:        29088 | elapsed time per iteration (ms): 985.1 | throughput (samples/sec/per_device): 12.182 | learning rate: 2.017608E-05 | global batch size:    96 | action loss: 1.862880E-01 | loss scale: 1.0 | grad norm: 0.468419 | number of skipped iterations:   0 | number of nan iterations:   0 |
2026-08-24 01:36:48 [INFO] PowerSGDPlusState restart: iter=2 compressed_iter=0 method=approximate rank=1 apply_exact=False
2026-08-24 01:36:53 [INFO] iteration      304/    1000 | consumed samples:        29184 | elapsed time per iteration (ms): 5482.4 | throughput (samples/sec/per_device): 2.189 | learning rate: 2.014552E-05 | global batch size:    96 | action loss: 1.730891E-01 | loss scale: 1.0 | grad norm: 0.359751 | number of skipped iterations:   0 | number of nan iterations:   0 |
2026-08-24 01:36:56 [INFO] iteration      305/    1000 | consumed samples:        29280 | elapsed time per iteration (ms): 3601.2 | throughput (samples/sec/per_device): 3.332 | learning rate: 2.011490E-05 | global batch size:    96 | action loss: 1.726388E-01 | loss scale: 1.0 | grad norm: 0.412455 | number of skipped iterations:   0 | number of nan iterations:   0 |
2026-08-24 01:37:01 [INFO] iteration      306/    1000 | consumed samples:        29376 | elapsed time per iteration (ms): 4662.7 | throughput (samples/sec/per_device): 2.574 | learning rate: 2.008419E-05 | global batch size:    96 | action loss: 1.667946E-01 | loss scale: 1.0 | grad norm: 0.396564 | number of skipped iterations:   0 | number of nan iterations:   0 |
2026-08-24 01:37:05 [INFO] iteration      307/    1000 | consumed samples:        29472 | elapsed time per iteration (ms): 3585.1 | throughput (samples/sec/per_device): 3.347 | learning rate: 2.005342E-05 | global batch size:    96 | action loss: 1.771246E-01 | loss scale: 1.0 | grad norm: 0.344891 | number of skipped iterations:   0 | number of nan iterations:   0 |
2026-08-24 01:37:06 [INFO] iteration      308/    1000 | consumed samples:        29568 | elapsed time per iteration (ms): 1615.1 | throughput (samples/sec/per_device): 7.430 | learning rate: 2.002258E-05 | global batch size:    96 | action loss: 1.704785E-01 | loss scale: 1.0 | grad norm: 0.431316 | number of skipped iterations:   0 | number of nan iterations:   0 |
2026-08-24 01:37:09 [INFO] iteration      309/    1000 | consumed samples:        29664 | elapsed time per iteration (ms): 2345.6 | throughput (samples/sec/per_device): 5.116 | learning rate: 1.999167E-05 | global batch size:    96 | action loss: 1.873254E-01 | loss scale: 1.0 | grad norm: 0.383184 | number of skipped iterations:   0 | number of nan iterations:   0 |
2026-08-24 01:37:12 [INFO] iteration      310/    1000 | consumed samples:        29760 | elapsed time per iteration (ms): 3817.5 | throughput (samples/sec/per_device): 3.143 | learning rate: 1.996068E-05 | global batch size:    96 | action loss: 1.498482E-01 | loss scale: 1.0 | grad norm: 0.422727 | number of skipped iterations:   0 | number of nan iterations:   0 |
2026-08-24 01:37:15 [INFO] iteration      311/    1000 | consumed samples:        29856 | elapsed time per iteration (ms): 2994.6 | throughput (samples/sec/per_device): 4.007 | learning rate: 1.992963E-05 | global batch size:    96 | action loss: 1.678250E-01 | loss scale: 1.0 | grad norm: 0.427737 | number of skipped iterations:   0 | number of nan iterations:   0 |
2026-08-24 01:37:17 [INFO] iteration      312/    1000 | consumed samples:        29952 | elapsed time per iteration (ms): 1917.3 | throughput (samples/sec/per_device): 6.259 | learning rate: 1.989851E-05 | global batch size:    96 | action loss: 1.603962E-01 | loss scale: 1.0 | grad norm: 0.385018 | number of skipped iterations:   0 | number of nan iterations:   0 |
2026-08-24 01:37:19 [INFO] iteration      313/    1000 | consumed samples:        30048 | elapsed time per iteration (ms): 2078.8 | throughput (samples/sec/per_device): 5.773 | learning rate: 1.986731E-05 | global batch size:    96 | action loss: 1.784238E-01 | loss scale: 1.0 | grad norm: 0.547199 | number of skipped iterations:   0 | number of nan iterations:   0 |
2026-08-24 01:37:23 [INFO] iteration      314/    1000 | consumed samples:        30144 | elapsed time per iteration (ms): 3129.5 | throughput (samples/sec/per_device): 3.835 | learning rate: 1.983605E-05 | global batch size:    96 | action loss: 1.564397E-01 | loss scale: 1.0 | grad norm: 0.443954 | number of skipped iterations:   0 | number of nan iterations:   0 |
2026-08-24 01:37:26 [INFO] iteration      315/    1000 | consumed samples:        30240 | elapsed time per iteration (ms): 2997.8 | throughput (samples/sec/per_device): 4.003 | learning rate: 1.980472E-05 | global batch size:    96 | action loss: 1.482396E-01 | loss scale: 1.0 | grad norm: 0.417408 | number of skipped iterations:   0 | number of nan iterations:   0 |
2026-08-24 01:37:29 [INFO] iteration      316/    1000 | consumed samples:        30336 | elapsed time per iteration (ms): 3005.6 | throughput (samples/sec/per_device): 3.992 | learning rate: 1.977332E-05 | global batch size:    96 | action loss: 1.704129E-01 | loss scale: 1.0 | grad norm: 0.457187 | number of skipped iterations:   0 | number of nan iterations:   0 |
2026-08-24 01:37:31 [INFO] iteration      317/    1000 | consumed samples:        30432 | elapsed time per iteration (ms): 2592.0 | throughput (samples/sec/per_device): 4.630 | learning rate: 1.974185E-05 | global batch size:    96 | action loss: 1.332736E-01 | loss scale: 1.0 | grad norm: 0.410247 | number of skipped iterations:   0 | number of nan iterations:   0 |
2026-08-24 01:37:35 [INFO] iteration      318/    1000 | consumed samples:        30528 | elapsed time per iteration (ms): 3657.9 | throughput (samples/sec/per_device): 3.281 | learning rate: 1.971031E-05 | global batch size:    96 | action loss: 1.661330E-01 | loss scale: 1.0 | grad norm: 0.480977 | number of skipped iterations:   0 | number of nan iterations:   0 |
2026-08-24 01:37:38 [INFO] iteration      319/    1000 | consumed samples:        30624 | elapsed time per iteration (ms): 2785.5 | throughput (samples/sec/per_device): 4.308 | learning rate: 1.967871E-05 | global batch size:    96 | action loss: 1.670285E-01 | loss scale: 1.0 | grad norm: 0.464956 | number of skipped iterations:   0 | number of nan iterations:   0 |
2026-08-24 01:37:41 [INFO] iteration      320/    1000 | consumed samples:        30720 | elapsed time per iteration (ms): 3084.8 | throughput (samples/sec/per_device): 3.890 | learning rate: 1.964704E-05 | global batch size:    96 | action loss: 2.266493E-01 | loss scale: 1.0 | grad norm: 0.478340 | number of skipped iterations:   0 | number of nan iterations:   0 |
2026-08-24 01:37:41 [INFO] max time across ranks (ms):
    forward-backward................................: 2954.99
    forward-compute.................................: 1112.42
    backward-compute................................: 2678.04
    batch-generator.................................: 2.76
    nan-grad-cleanup................................: 12.87
    grad-clip.......................................: 32.16
    optimizer.......................................: 84.05
    optimizer-inner-step............................: 83.94
    optimizer-scheduler-step........................: 0.06
    optimizer-zero-grad.............................: 0.80
2026-08-24 01:37:45 [INFO] iteration      321/    1000 | consumed samples:        30816 | elapsed time per iteration (ms): 3995.9 | throughput (samples/sec/per_device): 3.003 | learning rate: 1.961530E-05 | global batch size:    96 | action loss: 1.625083E-01 | loss scale: 1.0 | grad norm: 0.425266 | number of skipped iterations:   0 | number of nan iterations:   0 |
2026-08-24 01:37:47 [INFO] iteration      322/    1000 | consumed samples:        30912 | elapsed time per iteration (ms): 2515.1 | throughput (samples/sec/per_device): 4.771 | learning rate: 1.958350E-05 | global batch size:    96 | action loss: 1.573199E-01 | loss scale: 1.0 | grad norm: 0.416019 | number of skipped iterations:   0 | number of nan iterations:   0 |
2026-08-24 01:37:50 [INFO] iteration      323/    1000 | consumed samples:        31008 | elapsed time per iteration (ms): 3264.0 | throughput (samples/sec/per_device): 3.677 | learning rate: 1.955163E-05 | global batch size:    96 | action loss: 1.837919E-01 | loss scale: 1.0 | grad norm: 0.415607 | number of skipped iterations:   0 | number of nan iterations:   0 |
2026-08-24 01:37:54 [INFO] iteration      324/    1000 | consumed samples:        31104 | elapsed time per iteration (ms): 3062.4 | throughput (samples/sec/per_device): 3.919 | learning rate: 1.951969E-05 | global batch size:    96 | action loss: 1.692301E-01 | loss scale: 1.0 | grad norm: 0.618989 | number of skipped iterations:   0 | number of nan iterations:   0 |
2026-08-24 01:37:57 [INFO] iteration      325/    1000 | consumed samples:        31200 | elapsed time per iteration (ms): 3954.6 | throughput (samples/sec/per_device): 3.034 | learning rate: 1.948769E-05 | global batch size:    96 | action loss: 1.714553E-01 | loss scale: 1.0 | grad norm: 0.537387 | number of skipped iterations:   0 | number of nan iterations:   0 |
2026-08-24 01:38:00 [INFO] iteration      326/    1000 | consumed samples:        31296 | elapsed time per iteration (ms): 2056.6 | throughput (samples/sec/per_device): 5.835 | learning rate: 1.945562E-05 | global batch size:    96 | action loss: 1.750918E-01 | loss scale: 1.0 | grad norm: 0.498486 | number of skipped iterations:   0 | number of nan iterations:   0 |
2026-08-24 01:38:02 [INFO] iteration      327/    1000 | consumed samples:        31392 | elapsed time per iteration (ms): 2741.0 | throughput (samples/sec/per_device): 4.378 | learning rate: 1.942349E-05 | global batch size:    96 | action loss: 1.735801E-01 | loss scale: 1.0 | grad norm: 0.452333 | number of skipped iterations:   0 | number of nan iterations:   0 |
2026-08-24 01:38:08 [INFO] iteration      328/    1000 | consumed samples:        31488 | elapsed time per iteration (ms): 6092.4 | throughput (samples/sec/per_device): 1.970 | learning rate: 1.939129E-05 | global batch size:    96 | action loss: 2.145389E-01 | loss scale: 1.0 | grad norm: 0.491084 | number of skipped iterations:   0 | number of nan iterations:   0 |
2026-08-24 01:38:11 [INFO] iteration      329/    1000 | consumed samples:        31584 | elapsed time per iteration (ms): 2344.0 | throughput (samples/sec/per_device): 5.120 | learning rate: 1.935903E-05 | global batch size:    96 | action loss: 1.607918E-01 | loss scale: 1.0 | grad norm: 0.478779 | number of skipped iterations:   0 | number of nan iterations:   0 |
2026-08-24 01:38:13 [INFO] iteration      330/    1000 | consumed samples:        31680 | elapsed time per iteration (ms): 2220.1 | throughput (samples/sec/per_device): 5.405 | learning rate: 1.932671E-05 | global batch size:    96 | action loss: 1.714520E-01 | loss scale: 1.0 | grad norm: 0.477786 | number of skipped iterations:   0 | number of nan iterations:   0 |
2026-08-24 01:38:16 [INFO] iteration      331/    1000 | consumed samples:        31776 | elapsed time per iteration (ms): 2779.2 | throughput (samples/sec/per_device): 4.318 | learning rate: 1.929432E-05 | global batch size:    96 | action loss: 1.506344E-01 | loss scale: 1.0 | grad norm: 0.521536 | number of skipped iterations:   0 | number of nan iterations:   0 |
2026-08-24 01:38:19 [INFO] iteration      332/    1000 | consumed samples:        31872 | elapsed time per iteration (ms): 3724.6 | throughput (samples/sec/per_device): 3.222 | learning rate: 1.926186E-05 | global batch size:    96 | action loss: 1.753683E-01 | loss scale: 1.0 | grad norm: 0.561281 | number of skipped iterations:   0 | number of nan iterations:   0 |
2026-08-24 01:38:22 [INFO] iteration      333/    1000 | consumed samples:        31968 | elapsed time per iteration (ms): 3059.8 | throughput (samples/sec/per_device): 3.922 | learning rate: 1.922935E-05 | global batch size:    96 | action loss: 2.025075E-01 | loss scale: 1.0 | grad norm: 0.527332 | number of skipped iterations:   0 | number of nan iterations:   0 |
2026-08-24 01:38:25 [INFO] iteration      334/    1000 | consumed samples:        32064 | elapsed time per iteration (ms): 2563.5 | throughput (samples/sec/per_device): 4.681 | learning rate: 1.919677E-05 | global batch size:    96 | action loss: 1.984796E-01 | loss scale: 1.0 | grad norm: 0.492822 | number of skipped iterations:   0 | number of nan iterations:   0 |
2026-08-24 01:38:28 [INFO] iteration      335/    1000 | consumed samples:        32160 | elapsed time per iteration (ms): 2734.1 | throughput (samples/sec/per_device): 4.389 | learning rate: 1.916413E-05 | global batch size:    96 | action loss: 1.547464E-01 | loss scale: 1.0 | grad norm: 0.487499 | number of skipped iterations:   0 | number of nan iterations:   0 |
2026-08-24 01:38:31 [INFO] iteration      336/    1000 | consumed samples:        32256 | elapsed time per iteration (ms): 3330.4 | throughput (samples/sec/per_device): 3.603 | learning rate: 1.913143E-05 | global batch size:    96 | action loss: 1.933919E-01 | loss scale: 1.0 | grad norm: 0.447800 | number of skipped iterations:   0 | number of nan iterations:   0 |
2026-08-24 01:38:33 [INFO] iteration      337/    1000 | consumed samples:        32352 | elapsed time per iteration (ms): 2327.5 | throughput (samples/sec/per_device): 5.156 | learning rate: 1.909866E-05 | global batch size:    96 | action loss: 1.708691E-01 | loss scale: 1.0 | grad norm: 0.622194 | number of skipped iterations:   0 | number of nan iterations:   0 |
2026-08-24 01:38:36 [INFO] iteration      338/    1000 | consumed samples:        32448 | elapsed time per iteration (ms): 2292.5 | throughput (samples/sec/per_device): 5.235 | learning rate: 1.906584E-05 | global batch size:    96 | action loss: 1.753947E-01 | loss scale: 1.0 | grad norm: 0.651040 | number of skipped iterations:   0 | number of nan iterations:   0 |
2026-08-24 01:38:38 [INFO] iteration      339/    1000 | consumed samples:        32544 | elapsed time per iteration (ms): 2416.6 | throughput (samples/sec/per_device): 4.966 | learning rate: 1.903295E-05 | global batch size:    96 | action loss: 1.726091E-01 | loss scale: 1.0 | grad norm: 0.569301 | number of skipped iterations:   0 | number of nan iterations:   0 |
2026-08-24 01:38:42 [INFO] iteration      340/    1000 | consumed samples:        32640 | elapsed time per iteration (ms): 3922.2 | throughput (samples/sec/per_device): 3.059 | learning rate: 1.900000E-05 | global batch size:    96 | action loss: 1.791963E-01 | loss scale: 1.0 | grad norm: 0.519056 | number of skipped iterations:   0 | number of nan iterations:   0 |
2026-08-24 01:38:42 [INFO] max time across ranks (ms):
    forward-backward................................: 3791.66
    forward-compute.................................: 992.60
    backward-compute................................: 3515.40
    batch-generator.................................: 1.89
    nan-grad-cleanup................................: 13.51
    grad-clip.......................................: 31.96
    optimizer.......................................: 84.24
    optimizer-inner-step............................: 84.15
    optimizer-scheduler-step........................: 0.07
    optimizer-zero-grad.............................: 0.74
2026-08-24 01:38:45 [INFO] iteration      341/    1000 | consumed samples:        32736 | elapsed time per iteration (ms): 3057.8 | throughput (samples/sec/per_device): 3.924 | learning rate: 1.896699E-05 | global batch size:    96 | action loss: 1.943173E-01 | loss scale: 1.0 | grad norm: 0.671617 | number of skipped iterations:   0 | number of nan iterations:   0 |
2026-08-24 01:38:48 [INFO] iteration      342/    1000 | consumed samples:        32832 | elapsed time per iteration (ms): 2736.3 | throughput (samples/sec/per_device): 4.386 | learning rate: 1.893392E-05 | global batch size:    96 | action loss: 2.059961E-01 | loss scale: 1.0 | grad norm: 0.624409 | number of skipped iterations:   0 | number of nan iterations:   0 |
2026-08-24 01:38:51 [INFO] iteration      343/    1000 | consumed samples:        32928 | elapsed time per iteration (ms): 2728.7 | throughput (samples/sec/per_device): 4.398 | learning rate: 1.890080E-05 | global batch size:    96 | action loss: 1.769961E-01 | loss scale: 1.0 | grad norm: 0.521338 | number of skipped iterations:   0 | number of nan iterations:   0 |
2026-08-24 01:38:54 [INFO] iteration      344/    1000 | consumed samples:        33024 | elapsed time per iteration (ms): 3678.2 | throughput (samples/sec/per_device): 3.262 | learning rate: 1.886761E-05 | global batch size:    96 | action loss: 1.516421E-01 | loss scale: 1.0 | grad norm: 0.552906 | number of skipped iterations:   0 | number of nan iterations:   0 |
2026-08-24 01:38:57 [INFO] iteration      345/    1000 | consumed samples:        33120 | elapsed time per iteration (ms): 2989.5 | throughput (samples/sec/per_device): 4.014 | learning rate: 1.883436E-05 | global batch size:    96 | action loss: 1.873436E-01 | loss scale: 1.0 | grad norm: 0.601767 | number of skipped iterations:   0 | number of nan iterations:   0 |
2026-08-24 01:39:00 [INFO] iteration      346/    1000 | consumed samples:        33216 | elapsed time per iteration (ms): 2917.9 | throughput (samples/sec/per_device): 4.113 | learning rate: 1.880106E-05 | global batch size:    96 | action loss: 1.672951E-01 | loss scale: 1.0 | grad norm: 0.554048 | number of skipped iterations:   0 | number of nan iterations:   0 |
2026-08-24 01:39:05 [INFO] iteration      347/    1000 | consumed samples:        33312 | elapsed time per iteration (ms): 4373.6 | throughput (samples/sec/per_device): 2.744 | learning rate: 1.876769E-05 | global batch size:    96 | action loss: 1.824501E-01 | loss scale: 1.0 | grad norm: 0.554225 | number of skipped iterations:   0 | number of nan iterations:   0 |
2026-08-24 01:39:09 [INFO] iteration      348/    1000 | consumed samples:        33408 | elapsed time per iteration (ms): 4255.5 | throughput (samples/sec/per_device): 2.820 | learning rate: 1.873427E-05 | global batch size:    96 | action loss: 1.590758E-01 | loss scale: 1.0 | grad norm: 0.498242 | number of skipped iterations:   0 | number of nan iterations:   0 |
2026-08-24 01:39:11 [INFO] iteration      349/    1000 | consumed samples:        33504 | elapsed time per iteration (ms): 2329.5 | throughput (samples/sec/per_device): 5.151 | learning rate: 1.870079E-05 | global batch size:    96 | action loss: 1.857582E-01 | loss scale: 1.0 | grad norm: 0.539026 | number of skipped iterations:   0 | number of nan iterations:   0 |
2026-08-24 01:39:15 [INFO] iteration      350/    1000 | consumed samples:        33600 | elapsed time per iteration (ms): 3894.0 | throughput (samples/sec/per_device): 3.082 | learning rate: 1.866725E-05 | global batch size:    96 | action loss: 1.632643E-01 | loss scale: 1.0 | grad norm: 0.560608 | number of skipped iterations:   0 | number of nan iterations:   0 |
2026-08-24 01:39:18 [INFO] iteration      351/    1000 | consumed samples:        33696 | elapsed time per iteration (ms): 2579.6 | throughput (samples/sec/per_device): 4.652 | learning rate: 1.863366E-05 | global batch size:    96 | action loss: 1.693842E-01 | loss scale: 1.0 | grad norm: 0.589601 | number of skipped iterations:   0 | number of nan iterations:   0 |
2026-08-24 01:39:21 [INFO] iteration      352/    1000 | consumed samples:        33792 | elapsed time per iteration (ms): 3122.3 | throughput (samples/sec/per_device): 3.843 | learning rate: 1.860001E-05 | global batch size:    96 | action loss: 1.572992E-01 | loss scale: 1.0 | grad norm: 0.554348 | number of skipped iterations:   0 | number of nan iterations:   0 |
2026-08-24 01:39:24 [INFO] iteration      353/    1000 | consumed samples:        33888 | elapsed time per iteration (ms): 3393.5 | throughput (samples/sec/per_device): 3.536 | learning rate: 1.856630E-05 | global batch size:    96 | action loss: 1.705269E-01 | loss scale: 1.0 | grad norm: 0.632141 | number of skipped iterations:   0 | number of nan iterations:   0 |
2026-08-24 01:39:26 [INFO] PowerSGDPlusState restart: iter=52 compressed_iter=50 method=approximate rank=1 apply_exact=False
2026-08-24 01:39:31 [INFO] iteration      354/    1000 | consumed samples:        33984 | elapsed time per iteration (ms): 7088.2 | throughput (samples/sec/per_device): 1.693 | learning rate: 1.853254E-05 | global batch size:    96 | action loss: 1.868957E-01 | loss scale: 1.0 | grad norm: 0.735149 | number of skipped iterations:   0 | number of nan iterations:   0 |
2026-08-24 01:39:35 [INFO] iteration      355/    1000 | consumed samples:        34080 | elapsed time per iteration (ms): 3584.6 | throughput (samples/sec/per_device): 3.348 | learning rate: 1.849872E-05 | global batch size:    96 | action loss: 1.455704E-01 | loss scale: 1.0 | grad norm: 0.516736 | number of skipped iterations:   0 | number of nan iterations:   0 |
2026-08-24 01:39:39 [INFO] iteration      356/    1000 | consumed samples:        34176 | elapsed time per iteration (ms): 4296.5 | throughput (samples/sec/per_device): 2.793 | learning rate: 1.846484E-05 | global batch size:    96 | action loss: 1.831267E-01 | loss scale: 1.0 | grad norm: 0.573903 | number of skipped iterations:   0 | number of nan iterations:   0 |
2026-08-24 01:39:41 [INFO] iteration      357/    1000 | consumed samples:        34272 | elapsed time per iteration (ms): 2064.6 | throughput (samples/sec/per_device): 5.812 | learning rate: 1.843091E-05 | global batch size:    96 | action loss: 1.700083E-01 | loss scale: 1.0 | grad norm: 0.571490 | number of skipped iterations:   0 | number of nan iterations:   0 |
2026-08-24 01:39:44 [INFO] iteration      358/    1000 | consumed samples:        34368 | elapsed time per iteration (ms): 2511.6 | throughput (samples/sec/per_device): 4.778 | learning rate: 1.839693E-05 | global batch size:    96 | action loss: 1.663782E-01 | loss scale: 1.0 | grad norm: 0.580424 | number of skipped iterations:   0 | number of nan iterations:   0 |
2026-08-24 01:39:46 [INFO] iteration      359/    1000 | consumed samples:        34464 | elapsed time per iteration (ms): 2006.7 | throughput (samples/sec/per_device): 5.980 | learning rate: 1.836289E-05 | global batch size:    96 | action loss: 1.854398E-01 | loss scale: 1.0 | grad norm: 0.658930 | number of skipped iterations:   0 | number of nan iterations:   0 |
2026-08-24 01:39:50 [INFO] iteration      360/    1000 | consumed samples:        34560 | elapsed time per iteration (ms): 4239.8 | throughput (samples/sec/per_device): 2.830 | learning rate: 1.832880E-05 | global batch size:    96 | action loss: 1.657648E-01 | loss scale: 1.0 | grad norm: 0.590884 | number of skipped iterations:   0 | number of nan iterations:   0 |
2026-08-24 01:39:50 [INFO] max time across ranks (ms):
    forward-backward................................: 4109.38
    forward-compute.................................: 1111.63
    backward-compute................................: 3831.27
    batch-generator.................................: 2.60
    nan-grad-cleanup................................: 13.31
    grad-clip.......................................: 32.23
    optimizer.......................................: 84.59
    optimizer-inner-step............................: 84.50
    optimizer-scheduler-step........................: 0.08
    optimizer-zero-grad.............................: 0.79
2026-08-24 01:39:52 [INFO] iteration      361/    1000 | consumed samples:        34656 | elapsed time per iteration (ms): 2531.2 | throughput (samples/sec/per_device): 4.741 | learning rate: 1.829465E-05 | global batch size:    96 | action loss: 1.725847E-01 | loss scale: 1.0 | grad norm: 0.596617 | number of skipped iterations:   0 | number of nan iterations:   0 |
2026-08-24 01:39:55 [INFO] iteration      362/    1000 | consumed samples:        34752 | elapsed time per iteration (ms): 2749.3 | throughput (samples/sec/per_device): 4.365 | learning rate: 1.826045E-05 | global batch size:    96 | action loss: 1.609378E-01 | loss scale: 1.0 | grad norm: 0.546926 | number of skipped iterations:   0 | number of nan iterations:   0 |
2026-08-24 01:39:58 [INFO] iteration      363/    1000 | consumed samples:        34848 | elapsed time per iteration (ms): 3051.3 | throughput (samples/sec/per_device): 3.933 | learning rate: 1.822620E-05 | global batch size:    96 | action loss: 1.696854E-01 | loss scale: 1.0 | grad norm: 0.537406 | number of skipped iterations:   0 | number of nan iterations:   0 |
2026-08-24 01:40:02 [INFO] iteration      364/    1000 | consumed samples:        34944 | elapsed time per iteration (ms): 3364.3 | throughput (samples/sec/per_device): 3.567 | learning rate: 1.819190E-05 | global batch size:    96 | action loss: 1.999853E-01 | loss scale: 1.0 | grad norm: 0.559602 | number of skipped iterations:   0 | number of nan iterations:   0 |
2026-08-24 01:40:05 [INFO] iteration      365/    1000 | consumed samples:        35040 | elapsed time per iteration (ms): 3466.2 | throughput (samples/sec/per_device): 3.462 | learning rate: 1.815754E-05 | global batch size:    96 | action loss: 1.528240E-01 | loss scale: 1.0 | grad norm: 0.524684 | number of skipped iterations:   0 | number of nan iterations:   0 |
2026-08-24 01:40:08 [INFO] iteration      366/    1000 | consumed samples:        35136 | elapsed time per iteration (ms): 2875.4 | throughput (samples/sec/per_device): 4.173 | learning rate: 1.812313E-05 | global batch size:    96 | action loss: 1.776841E-01 | loss scale: 1.0 | grad norm: 0.564216 | number of skipped iterations:   0 | number of nan iterations:   0 |
2026-08-24 01:40:14 [INFO] iteration      367/    1000 | consumed samples:        35232 | elapsed time per iteration (ms): 5576.1 | throughput (samples/sec/per_device): 2.152 | learning rate: 1.808867E-05 | global batch size:    96 | action loss: 1.563203E-01 | loss scale: 1.0 | grad norm: 0.603091 | number of skipped iterations:   0 | number of nan iterations:   0 |
2026-08-24 01:40:16 [INFO] iteration      368/    1000 | consumed samples:        35328 | elapsed time per iteration (ms): 2512.6 | throughput (samples/sec/per_device): 4.776 | learning rate: 1.805416E-05 | global batch size:    96 | action loss: 1.641840E-01 | loss scale: 1.0 | grad norm: 0.537108 | number of skipped iterations:   0 | number of nan iterations:   0 |
2026-08-24 01:40:18 [INFO] iteration      369/    1000 | consumed samples:        35424 | elapsed time per iteration (ms): 2294.3 | throughput (samples/sec/per_device): 5.230 | learning rate: 1.801959E-05 | global batch size:    96 | action loss: 1.825483E-01 | loss scale: 1.0 | grad norm: 0.522464 | number of skipped iterations:   0 | number of nan iterations:   0 |
2026-08-24 01:40:21 [INFO] iteration      370/    1000 | consumed samples:        35520 | elapsed time per iteration (ms): 2809.1 | throughput (samples/sec/per_device): 4.272 | learning rate: 1.798498E-05 | global batch size:    96 | action loss: 1.754504E-01 | loss scale: 1.0 | grad norm: 0.555061 | number of skipped iterations:   0 | number of nan iterations:   0 |
2026-08-24 01:40:25 [INFO] iteration      371/    1000 | consumed samples:        35616 | elapsed time per iteration (ms): 3838.8 | throughput (samples/sec/per_device): 3.126 | learning rate: 1.795032E-05 | global batch size:    96 | action loss: 1.651464E-01 | loss scale: 1.0 | grad norm: 0.624240 | number of skipped iterations:   0 | number of nan iterations:   0 |
2026-08-24 01:40:28 [INFO] iteration      372/    1000 | consumed samples:        35712 | elapsed time per iteration (ms): 3114.4 | throughput (samples/sec/per_device): 3.853 | learning rate: 1.791560E-05 | global batch size:    96 | action loss: 1.625238E-01 | loss scale: 1.0 | grad norm: 0.593173 | number of skipped iterations:   0 | number of nan iterations:   0 |
2026-08-24 01:40:30 [INFO] iteration      373/    1000 | consumed samples:        35808 | elapsed time per iteration (ms): 2295.1 | throughput (samples/sec/per_device): 5.229 | learning rate: 1.788084E-05 | global batch size:    96 | action loss: 1.615260E-01 | loss scale: 1.0 | grad norm: 0.536163 | number of skipped iterations:   0 | number of nan iterations:   0 |
2026-08-24 01:40:34 [INFO] iteration      374/    1000 | consumed samples:        35904 | elapsed time per iteration (ms): 3886.6 | throughput (samples/sec/per_device): 3.088 | learning rate: 1.784603E-05 | global batch size:    96 | action loss: 1.815962E-01 | loss scale: 1.0 | grad norm: 0.541512 | number of skipped iterations:   0 | number of nan iterations:   0 |
2026-08-24 01:40:37 [INFO] iteration      375/    1000 | consumed samples:        36000 | elapsed time per iteration (ms): 2877.0 | throughput (samples/sec/per_device): 4.171 | learning rate: 1.781117E-05 | global batch size:    96 | action loss: 1.489061E-01 | loss scale: 1.0 | grad norm: 0.544291 | number of skipped iterations:   0 | number of nan iterations:   0 |
2026-08-24 01:40:40 [INFO] iteration      376/    1000 | consumed samples:        36096 | elapsed time per iteration (ms): 2673.5 | throughput (samples/sec/per_device): 4.489 | learning rate: 1.777626E-05 | global batch size:    96 | action loss: 1.700497E-01 | loss scale: 1.0 | grad norm: 0.601212 | number of skipped iterations:   0 | number of nan iterations:   0 |
2026-08-24 01:40:43 [INFO] iteration      377/    1000 | consumed samples:        36192 | elapsed time per iteration (ms): 2712.1 | throughput (samples/sec/per_device): 4.425 | learning rate: 1.774130E-05 | global batch size:    96 | action loss: 1.736174E-01 | loss scale: 1.0 | grad norm: 0.572069 | number of skipped iterations:   0 | number of nan iterations:   0 |
2026-08-24 01:40:46 [INFO] iteration      378/    1000 | consumed samples:        36288 | elapsed time per iteration (ms): 3645.9 | throughput (samples/sec/per_device): 3.291 | learning rate: 1.770629E-05 | global batch size:    96 | action loss: 1.610978E-01 | loss scale: 1.0 | grad norm: 0.589038 | number of skipped iterations:   0 | number of nan iterations:   0 |
2026-08-24 01:40:49 [INFO] iteration      379/    1000 | consumed samples:        36384 | elapsed time per iteration (ms): 2754.5 | throughput (samples/sec/per_device): 4.356 | learning rate: 1.767124E-05 | global batch size:    96 | action loss: 1.566571E-01 | loss scale: 1.0 | grad norm: 0.543174 | number of skipped iterations:   0 | number of nan iterations:   0 |
2026-08-24 01:40:52 [INFO] iteration      380/    1000 | consumed samples:        36480 | elapsed time per iteration (ms): 2649.5 | throughput (samples/sec/per_device): 4.529 | learning rate: 1.763614E-05 | global batch size:    96 | action loss: 1.889228E-01 | loss scale: 1.0 | grad norm: 0.563655 | number of skipped iterations:   0 | number of nan iterations:   0 |
2026-08-24 01:40:52 [INFO] max time across ranks (ms):
    forward-backward................................: 2519.13
    forward-compute.................................: 1051.69
    backward-compute................................: 2241.13
    batch-generator.................................: 2.65
    nan-grad-cleanup................................: 13.24
    grad-clip.......................................: 32.46
    optimizer.......................................: 84.26
    optimizer-inner-step............................: 84.17
    optimizer-scheduler-step........................: 0.10
    optimizer-zero-grad.............................: 0.87
2026-08-24 01:40:54 [INFO] iteration      381/    1000 | consumed samples:        36576 | elapsed time per iteration (ms): 2445.5 | throughput (samples/sec/per_device): 4.907 | learning rate: 1.760100E-05 | global batch size:    96 | action loss: 1.634439E-01 | loss scale: 1.0 | grad norm: 0.529527 | number of skipped iterations:   0 | number of nan iterations:   0 |
2026-08-24 01:40:58 [INFO] iteration      382/    1000 | consumed samples:        36672 | elapsed time per iteration (ms): 3860.1 | throughput (samples/sec/per_device): 3.109 | learning rate: 1.756580E-05 | global batch size:    96 | action loss: 1.809808E-01 | loss scale: 1.0 | grad norm: 0.555358 | number of skipped iterations:   0 | number of nan iterations:   0 |
2026-08-24 01:41:00 [INFO] iteration      383/    1000 | consumed samples:        36768 | elapsed time per iteration (ms): 2160.7 | throughput (samples/sec/per_device): 5.554 | learning rate: 1.753056E-05 | global batch size:    96 | action loss: 1.529855E-01 | loss scale: 1.0 | grad norm: 0.621374 | number of skipped iterations:   0 | number of nan iterations:   0 |
2026-08-24 01:41:03 [INFO] iteration      384/    1000 | consumed samples:        36864 | elapsed time per iteration (ms): 2435.3 | throughput (samples/sec/per_device): 4.928 | learning rate: 1.749528E-05 | global batch size:    96 | action loss: 1.651913E-01 | loss scale: 1.0 | grad norm: 0.584874 | number of skipped iterations:   0 | number of nan iterations:   0 |
2026-08-24 01:41:06 [INFO] iteration      385/    1000 | consumed samples:        36960 | elapsed time per iteration (ms): 3221.7 | throughput (samples/sec/per_device): 3.725 | learning rate: 1.745995E-05 | global batch size:    96 | action loss: 1.808381E-01 | loss scale: 1.0 | grad norm: 0.550711 | number of skipped iterations:   0 | number of nan iterations:   0 |
2026-08-24 01:41:09 [INFO] iteration      386/    1000 | consumed samples:        37056 | elapsed time per iteration (ms): 3463.5 | throughput (samples/sec/per_device): 3.465 | learning rate: 1.742457E-05 | global batch size:    96 | action loss: 1.711449E-01 | loss scale: 1.0 | grad norm: 0.520522 | number of skipped iterations:   0 | number of nan iterations:   0 |
2026-08-24 01:41:12 [INFO] iteration      387/    1000 | consumed samples:        37152 | elapsed time per iteration (ms): 2580.4 | throughput (samples/sec/per_device): 4.650 | learning rate: 1.738916E-05 | global batch size:    96 | action loss: 1.591673E-01 | loss scale: 1.0 | grad norm: 0.576702 | number of skipped iterations:   0 | number of nan iterations:   0 |
2026-08-24 01:41:17 [INFO] iteration      388/    1000 | consumed samples:        37248 | elapsed time per iteration (ms): 4704.0 | throughput (samples/sec/per_device): 2.551 | learning rate: 1.735369E-05 | global batch size:    96 | action loss: 1.623126E-01 | loss scale: 1.0 | grad norm: 0.649816 | number of skipped iterations:   0 | number of nan iterations:   0 |
2026-08-24 01:41:21 [INFO] iteration      389/    1000 | consumed samples:        37344 | elapsed time per iteration (ms): 3986.2 | throughput (samples/sec/per_device): 3.010 | learning rate: 1.731819E-05 | global batch size:    96 | action loss: 2.030284E-01 | loss scale: 1.0 | grad norm: 0.704365 | number of skipped iterations:   0 | number of nan iterations:   0 |
2026-08-24 01:41:23 [INFO] iteration      390/    1000 | consumed samples:        37440 | elapsed time per iteration (ms): 2814.4 | throughput (samples/sec/per_device): 4.264 | learning rate: 1.728263E-05 | global batch size:    96 | action loss: 1.622032E-01 | loss scale: 1.0 | grad norm: 0.620967 | number of skipped iterations:   0 | number of nan iterations:   0 |
2026-08-24 01:41:26 [INFO] iteration      391/    1000 | consumed samples:        37536 | elapsed time per iteration (ms): 2534.9 | throughput (samples/sec/per_device): 4.734 | learning rate: 1.724704E-05 | global batch size:    96 | action loss: 1.625650E-01 | loss scale: 1.0 | grad norm: 0.588773 | number of skipped iterations:   0 | number of nan iterations:   0 |
2026-08-24 01:41:29 [INFO] iteration      392/    1000 | consumed samples:        37632 | elapsed time per iteration (ms): 2857.6 | throughput (samples/sec/per_device): 4.199 | learning rate: 1.721140E-05 | global batch size:    96 | action loss: 1.616961E-01 | loss scale: 1.0 | grad norm: 0.575440 | number of skipped iterations:   0 | number of nan iterations:   0 |
2026-08-24 01:41:33 [INFO] iteration      393/    1000 | consumed samples:        37728 | elapsed time per iteration (ms): 3898.6 | throughput (samples/sec/per_device): 3.078 | learning rate: 1.717573E-05 | global batch size:    96 | action loss: 1.697541E-01 | loss scale: 1.0 | grad norm: 0.559670 | number of skipped iterations:   0 | number of nan iterations:   0 |
2026-08-24 01:41:35 [INFO] iteration      394/    1000 | consumed samples:        37824 | elapsed time per iteration (ms): 2464.9 | throughput (samples/sec/per_device): 4.868 | learning rate: 1.714000E-05 | global batch size:    96 | action loss: 1.696181E-01 | loss scale: 1.0 | grad norm: 0.562221 | number of skipped iterations:   0 | number of nan iterations:   0 |
2026-08-24 01:41:38 [INFO] iteration      395/    1000 | consumed samples:        37920 | elapsed time per iteration (ms): 2608.2 | throughput (samples/sec/per_device): 4.601 | learning rate: 1.710424E-05 | global batch size:    96 | action loss: 1.484646E-01 | loss scale: 1.0 | grad norm: 0.575658 | number of skipped iterations:   0 | number of nan iterations:   0 |
2026-08-24 01:41:40 [INFO] iteration      396/    1000 | consumed samples:        38016 | elapsed time per iteration (ms): 2468.4 | throughput (samples/sec/per_device): 4.862 | learning rate: 1.706844E-05 | global batch size:    96 | action loss: 1.640682E-01 | loss scale: 1.0 | grad norm: 0.601031 | number of skipped iterations:   0 | number of nan iterations:   0 |
2026-08-24 01:41:44 [INFO] iteration      397/    1000 | consumed samples:        38112 | elapsed time per iteration (ms): 3720.5 | throughput (samples/sec/per_device): 3.225 | learning rate: 1.703259E-05 | global batch size:    96 | action loss: 1.719134E-01 | loss scale: 1.0 | grad norm: 0.626742 | number of skipped iterations:   0 | number of nan iterations:   0 |
2026-08-24 01:41:46 [INFO] iteration      398/    1000 | consumed samples:        38208 | elapsed time per iteration (ms): 2313.2 | throughput (samples/sec/per_device): 5.188 | learning rate: 1.699671E-05 | global batch size:    96 | action loss: 1.872240E-01 | loss scale: 1.0 | grad norm: 0.569045 | number of skipped iterations:   0 | number of nan iterations:   0 |
2026-08-24 01:41:49 [INFO] iteration      399/    1000 | consumed samples:        38304 | elapsed time per iteration (ms): 2790.6 | throughput (samples/sec/per_device): 4.300 | learning rate: 1.696078E-05 | global batch size:    96 | action loss: 1.852138E-01 | loss scale: 1.0 | grad norm: 0.572297 | number of skipped iterations:   0 | number of nan iterations:   0 |
2026-08-24 01:41:52 [INFO] iteration      400/    1000 | consumed samples:        38400 | elapsed time per iteration (ms): 2689.3 | throughput (samples/sec/per_device): 4.462 | learning rate: 1.692482E-05 | global batch size:    96 | action loss: 1.826475E-01 | loss scale: 1.0 | grad norm: 0.556282 | number of skipped iterations:   0 | number of nan iterations:   0 |
2026-08-24 01:41:52 [INFO] max time across ranks (ms):
    forward-backward................................: 2476.67
    forward-compute.................................: 534.25
    backward-compute................................: 2198.14
    batch-generator.................................: 1.76
    nan-grad-cleanup................................: 16.21
    grad-clip.......................................: 40.32
    optimizer.......................................: 97.66
    optimizer-inner-step............................: 97.56
    optimizer-scheduler-step........................: 0.06
    optimizer-zero-grad.............................: 0.72
2026-08-24 01:41:55 [INFO] iteration      401/    1000 | consumed samples:        38496 | elapsed time per iteration (ms): 3715.3 | throughput (samples/sec/per_device): 3.230 | learning rate: 1.688881E-05 | global batch size:    96 | action loss: 1.582059E-01 | loss scale: 1.0 | grad norm: 0.521879 | number of skipped iterations:   0 | number of nan iterations:   0 |
2026-08-24 01:41:58 [INFO] iteration      402/    1000 | consumed samples:        38592 | elapsed time per iteration (ms): 3053.8 | throughput (samples/sec/per_device): 3.930 | learning rate: 1.685277E-05 | global batch size:    96 | action loss: 1.730483E-01 | loss scale: 1.0 | grad norm: 0.563412 | number of skipped iterations:   0 | number of nan iterations:   0 |
2026-08-24 01:42:01 [INFO] iteration      403/    1000 | consumed samples:        38688 | elapsed time per iteration (ms): 2292.9 | throughput (samples/sec/per_device): 5.234 | learning rate: 1.681668E-05 | global batch size:    96 | action loss: 1.588233E-01 | loss scale: 1.0 | grad norm: 0.658664 | number of skipped iterations:   0 | number of nan iterations:   0 |
2026-08-24 01:42:01 [INFO] PowerSGDPlusState restart: iter=102 compressed_iter=100 method=approximate rank=1 apply_exact=False
2026-08-24 01:42:09 [INFO] iteration      404/    1000 | consumed samples:        38784 | elapsed time per iteration (ms): 7870.2 | throughput (samples/sec/per_device): 1.525 | learning rate: 1.678056E-05 | global batch size:    96 | action loss: 1.654803E-01 | loss scale: 1.0 | grad norm: 0.738371 | number of skipped iterations:   0 | number of nan iterations:   0 |
2026-08-24 01:42:12 [INFO] iteration      405/    1000 | consumed samples:        38880 | elapsed time per iteration (ms): 3598.2 | throughput (samples/sec/per_device): 3.335 | learning rate: 1.674440E-05 | global batch size:    96 | action loss: 1.574055E-01 | loss scale: 1.0 | grad norm: 0.561619 | number of skipped iterations:   0 | number of nan iterations:   0 |
2026-08-24 01:42:18 [INFO] iteration      406/    1000 | consumed samples:        38976 | elapsed time per iteration (ms): 5550.7 | throughput (samples/sec/per_device): 2.162 | learning rate: 1.670820E-05 | global batch size:    96 | action loss: 1.474608E-01 | loss scale: 1.0 | grad norm: 0.604120 | number of skipped iterations:   0 | number of nan iterations:   0 |
2026-08-24 01:42:21 [INFO] iteration      407/    1000 | consumed samples:        39072 | elapsed time per iteration (ms): 3017.0 | throughput (samples/sec/per_device): 3.978 | learning rate: 1.667197E-05 | global batch size:    96 | action loss: 1.755801E-01 | loss scale: 1.0 | grad norm: 0.590329 | number of skipped iterations:   0 | number of nan iterations:   0 |
2026-08-24 01:42:23 [INFO] iteration      408/    1000 | consumed samples:        39168 | elapsed time per iteration (ms): 2339.5 | throughput (samples/sec/per_device): 5.129 | learning rate: 1.663570E-05 | global batch size:    96 | action loss: 1.619119E-01 | loss scale: 1.0 | grad norm: 0.555026 | number of skipped iterations:   0 | number of nan iterations:   0 |
2026-08-24 01:42:25 [INFO] iteration      409/    1000 | consumed samples:        39264 | elapsed time per iteration (ms): 1895.0 | throughput (samples/sec/per_device): 6.332 | learning rate: 1.659939E-05 | global batch size:    96 | action loss: 1.576818E-01 | loss scale: 1.0 | grad norm: 0.536676 | number of skipped iterations:   0 | number of nan iterations:   0 |
2026-08-24 01:42:28 [INFO] iteration      410/    1000 | consumed samples:        39360 | elapsed time per iteration (ms): 3265.9 | throughput (samples/sec/per_device): 3.674 | learning rate: 1.656304E-05 | global batch size:    96 | action loss: 1.670037E-01 | loss scale: 1.0 | grad norm: 0.585472 | number of skipped iterations:   0 | number of nan iterations:   0 |
2026-08-24 01:42:31 [INFO] iteration      411/    1000 | consumed samples:        39456 | elapsed time per iteration (ms): 2206.6 | throughput (samples/sec/per_device): 5.438 | learning rate: 1.652666E-05 | global batch size:    96 | action loss: 1.593202E-01 | loss scale: 1.0 | grad norm: 0.599381 | number of skipped iterations:   0 | number of nan iterations:   0 |
2026-08-24 01:42:33 [INFO] iteration      412/    1000 | consumed samples:        39552 | elapsed time per iteration (ms): 2687.8 | throughput (samples/sec/per_device): 4.465 | learning rate: 1.649025E-05 | global batch size:    96 | action loss: 1.557828E-01 | loss scale: 1.0 | grad norm: 0.536751 | number of skipped iterations:   0 | number of nan iterations:   0 |
2026-08-24 01:42:36 [INFO] iteration      413/    1000 | consumed samples:        39648 | elapsed time per iteration (ms): 2327.2 | throughput (samples/sec/per_device): 5.156 | learning rate: 1.645380E-05 | global batch size:    96 | action loss: 1.585733E-01 | loss scale: 1.0 | grad norm: 0.517272 | number of skipped iterations:   0 | number of nan iterations:   0 |
2026-08-24 01:42:39 [INFO] iteration      414/    1000 | consumed samples:        39744 | elapsed time per iteration (ms): 3249.9 | throughput (samples/sec/per_device): 3.692 | learning rate: 1.641731E-05 | global batch size:    96 | action loss: 1.697996E-01 | loss scale: 1.0 | grad norm: 0.533167 | number of skipped iterations:   0 | number of nan iterations:   0 |
2026-08-24 01:42:41 [INFO] iteration      415/    1000 | consumed samples:        39840 | elapsed time per iteration (ms): 2538.4 | throughput (samples/sec/per_device): 4.727 | learning rate: 1.638079E-05 | global batch size:    96 | action loss: 1.404061E-01 | loss scale: 1.0 | grad norm: 0.509901 | number of skipped iterations:   0 | number of nan iterations:   0 |
2026-08-24 01:42:44 [INFO] iteration      416/    1000 | consumed samples:        39936 | elapsed time per iteration (ms): 3162.1 | throughput (samples/sec/per_device): 3.795 | learning rate: 1.634424E-05 | global batch size:    96 | action loss: 1.450966E-01 | loss scale: 1.0 | grad norm: 0.499998 | number of skipped iterations:   0 | number of nan iterations:   0 |
2026-08-24 01:42:47 [INFO] iteration      417/    1000 | consumed samples:        40032 | elapsed time per iteration (ms): 2389.7 | throughput (samples/sec/per_device): 5.022 | learning rate: 1.630765E-05 | global batch size:    96 | action loss: 1.738552E-01 | loss scale: 1.0 | grad norm: 0.483655 | number of skipped iterations:   0 | number of nan iterations:   0 |
2026-08-24 01:42:51 [INFO] iteration      418/    1000 | consumed samples:        40128 | elapsed time per iteration (ms): 3730.3 | throughput (samples/sec/per_device): 3.217 | learning rate: 1.627103E-05 | global batch size:    96 | action loss: 1.599731E-01 | loss scale: 1.0 | grad norm: 0.506604 | number of skipped iterations:   0 | number of nan iterations:   0 |
2026-08-24 01:42:53 [INFO] iteration      419/    1000 | consumed samples:        40224 | elapsed time per iteration (ms): 2290.4 | throughput (samples/sec/per_device): 5.239 | learning rate: 1.623437E-05 | global batch size:    96 | action loss: 1.557088E-01 | loss scale: 1.0 | grad norm: 0.541928 | number of skipped iterations:   0 | number of nan iterations:   0 |
2026-08-24 01:42:55 [INFO] iteration      420/    1000 | consumed samples:        40320 | elapsed time per iteration (ms): 2488.1 | throughput (samples/sec/per_device): 4.823 | learning rate: 1.619769E-05 | global batch size:    96 | action loss: 1.653352E-01 | loss scale: 1.0 | grad norm: 0.552942 | number of skipped iterations:   0 | number of nan iterations:   0 |
2026-08-24 01:42:55 [INFO] max time across ranks (ms):
    forward-backward................................: 2356.57
    forward-compute.................................: 608.22
    backward-compute................................: 2078.56
    batch-generator.................................: 1.94
    nan-grad-cleanup................................: 12.99
    grad-clip.......................................: 32.14
    optimizer.......................................: 85.27
    optimizer-inner-step............................: 85.17
    optimizer-scheduler-step........................: 0.09
    optimizer-zero-grad.............................: 0.80
2026-08-24 01:42:58 [INFO] iteration      421/    1000 | consumed samples:        40416 | elapsed time per iteration (ms): 2705.5 | throughput (samples/sec/per_device): 4.435 | learning rate: 1.616097E-05 | global batch size:    96 | action loss: 1.577134E-01 | loss scale: 1.0 | grad norm: 0.503999 | number of skipped iterations:   0 | number of nan iterations:   0 |
2026-08-24 01:43:03 [INFO] iteration      422/    1000 | consumed samples:        40512 | elapsed time per iteration (ms): 4802.0 | throughput (samples/sec/per_device): 2.499 | learning rate: 1.612422E-05 | global batch size:    96 | action loss: 1.610531E-01 | loss scale: 1.0 | grad norm: 0.519072 | number of skipped iterations:   0 | number of nan iterations:   0 |
2026-08-24 01:43:06 [INFO] iteration      423/    1000 | consumed samples:        40608 | elapsed time per iteration (ms): 3104.6 | throughput (samples/sec/per_device): 3.865 | learning rate: 1.608743E-05 | global batch size:    96 | action loss: 1.606661E-01 | loss scale: 1.0 | grad norm: 0.511700 | number of skipped iterations:   0 | number of nan iterations:   0 |
2026-08-24 01:43:09 [INFO] iteration      424/    1000 | consumed samples:        40704 | elapsed time per iteration (ms): 2786.7 | throughput (samples/sec/per_device): 4.306 | learning rate: 1.605062E-05 | global batch size:    96 | action loss: 1.674446E-01 | loss scale: 1.0 | grad norm: 0.580637 | number of skipped iterations:   0 | number of nan iterations:   0 |
2026-08-24 01:43:13 [INFO] iteration      425/    1000 | consumed samples:        40800 | elapsed time per iteration (ms): 3727.9 | throughput (samples/sec/per_device): 3.219 | learning rate: 1.601378E-05 | global batch size:    96 | action loss: 1.878913E-01 | loss scale: 1.0 | grad norm: 0.608505 | number of skipped iterations:   0 | number of nan iterations:   0 |
2026-08-24 01:43:15 [INFO] iteration      426/    1000 | consumed samples:        40896 | elapsed time per iteration (ms): 2824.6 | throughput (samples/sec/per_device): 4.248 | learning rate: 1.597690E-05 | global batch size:    96 | action loss: 1.704464E-01 | loss scale: 1.0 | grad norm: 0.536089 | number of skipped iterations:   0 | number of nan iterations:   0 |
2026-08-24 01:43:18 [INFO] iteration      427/    1000 | consumed samples:        40992 | elapsed time per iteration (ms): 2638.0 | throughput (samples/sec/per_device): 4.549 | learning rate: 1.594000E-05 | global batch size:    96 | action loss: 1.604297E-01 | loss scale: 1.0 | grad norm: 0.527597 | number of skipped iterations:   0 | number of nan iterations:   0 |
2026-08-24 01:43:24 [INFO] iteration      428/    1000 | consumed samples:        41088 | elapsed time per iteration (ms): 5991.1 | throughput (samples/sec/per_device): 2.003 | learning rate: 1.590306E-05 | global batch size:    96 | action loss: 1.834475E-01 | loss scale: 1.0 | grad norm: 0.502981 | number of skipped iterations:   0 | number of nan iterations:   0 |
2026-08-24 01:43:27 [INFO] iteration      429/    1000 | consumed samples:        41184 | elapsed time per iteration (ms): 2897.4 | throughput (samples/sec/per_device): 4.142 | learning rate: 1.586610E-05 | global batch size:    96 | action loss: 1.848943E-01 | loss scale: 1.0 | grad norm: 0.527129 | number of skipped iterations:   0 | number of nan iterations:   0 |
2026-08-24 01:43:30 [INFO] iteration      430/    1000 | consumed samples:        41280 | elapsed time per iteration (ms): 3049.0 | throughput (samples/sec/per_device): 3.936 | learning rate: 1.582911E-05 | global batch size:    96 | action loss: 1.798385E-01 | loss scale: 1.0 | grad norm: 0.534996 | number of skipped iterations:   0 | number of nan iterations:   0 |
2026-08-24 01:43:33 [INFO] iteration      431/    1000 | consumed samples:        41376 | elapsed time per iteration (ms): 2657.7 | throughput (samples/sec/per_device): 4.515 | learning rate: 1.579209E-05 | global batch size:    96 | action loss: 1.604569E-01 | loss scale: 1.0 | grad norm: 0.539146 | number of skipped iterations:   0 | number of nan iterations:   0 |
2026-08-24 01:43:36 [INFO] iteration      432/    1000 | consumed samples:        41472 | elapsed time per iteration (ms): 3803.1 | throughput (samples/sec/per_device): 3.155 | learning rate: 1.575504E-05 | global batch size:    96 | action loss: 1.706448E-01 | loss scale: 1.0 | grad norm: 0.545695 | number of skipped iterations:   0 | number of nan iterations:   0 |
2026-08-24 01:43:39 [INFO] iteration      433/    1000 | consumed samples:        41568 | elapsed time per iteration (ms): 2599.7 | throughput (samples/sec/per_device): 4.616 | learning rate: 1.571796E-05 | global batch size:    96 | action loss: 1.645512E-01 | loss scale: 1.0 | grad norm: 0.518260 | number of skipped iterations:   0 | number of nan iterations:   0 |
2026-08-24 01:43:41 [INFO] iteration      434/    1000 | consumed samples:        41664 | elapsed time per iteration (ms): 2238.0 | throughput (samples/sec/per_device): 5.362 | learning rate: 1.568086E-05 | global batch size:    96 | action loss: 1.618788E-01 | loss scale: 1.0 | grad norm: 0.564433 | number of skipped iterations:   0 | number of nan iterations:   0 |
2026-08-24 01:43:44 [INFO] iteration      435/    1000 | consumed samples:        41760 | elapsed time per iteration (ms): 2741.1 | throughput (samples/sec/per_device): 4.378 | learning rate: 1.564373E-05 | global batch size:    96 | action loss: 1.687122E-01 | loss scale: 1.0 | grad norm: 0.509928 | number of skipped iterations:   0 | number of nan iterations:   0 |
2026-08-24 01:43:48 [INFO] iteration      436/    1000 | consumed samples:        41856 | elapsed time per iteration (ms): 3724.1 | throughput (samples/sec/per_device): 3.222 | learning rate: 1.560657E-05 | global batch size:    96 | action loss: 1.642498E-01 | loss scale: 1.0 | grad norm: 0.489629 | number of skipped iterations:   0 | number of nan iterations:   0 |
2026-08-24 01:43:50 [INFO] iteration      437/    1000 | consumed samples:        41952 | elapsed time per iteration (ms): 2526.4 | throughput (samples/sec/per_device): 4.750 | learning rate: 1.556939E-05 | global batch size:    96 | action loss: 1.613484E-01 | loss scale: 1.0 | grad norm: 0.526820 | number of skipped iterations:   0 | number of nan iterations:   0 |
2026-08-24 01:43:53 [INFO] iteration      438/    1000 | consumed samples:        42048 | elapsed time per iteration (ms): 3061.7 | throughput (samples/sec/per_device): 3.919 | learning rate: 1.553218E-05 | global batch size:    96 | action loss: 1.683627E-01 | loss scale: 1.0 | grad norm: 0.561873 | number of skipped iterations:   0 | number of nan iterations:   0 |
2026-08-24 01:43:56 [INFO] iteration      439/    1000 | consumed samples:        42144 | elapsed time per iteration (ms): 2614.1 | throughput (samples/sec/per_device): 4.590 | learning rate: 1.549494E-05 | global batch size:    96 | action loss: 1.560387E-01 | loss scale: 1.0 | grad norm: 0.524346 | number of skipped iterations:   0 | number of nan iterations:   0 |
2026-08-24 01:43:59 [INFO] iteration      440/    1000 | consumed samples:        42240 | elapsed time per iteration (ms): 3563.5 | throughput (samples/sec/per_device): 3.368 | learning rate: 1.545768E-05 | global batch size:    96 | action loss: 1.732313E-01 | loss scale: 1.0 | grad norm: 0.504915 | number of skipped iterations:   0 | number of nan iterations:   0 |
2026-08-24 01:43:59 [INFO] max time across ranks (ms):
    forward-backward................................: 3433.24
    forward-compute.................................: 1803.80
    backward-compute................................: 3152.16
    batch-generator.................................: 2.97
    nan-grad-cleanup................................: 13.22
    grad-clip.......................................: 32.07
    optimizer.......................................: 83.98
    optimizer-inner-step............................: 83.88
    optimizer-scheduler-step........................: 0.07
    optimizer-zero-grad.............................: 1.00
2026-08-24 01:44:03 [INFO] iteration      441/    1000 | consumed samples:        42336 | elapsed time per iteration (ms): 3196.9 | throughput (samples/sec/per_device): 3.754 | learning rate: 1.542039E-05 | global batch size:    96 | action loss: 1.722314E-01 | loss scale: 1.0 | grad norm: 0.481795 | number of skipped iterations:   0 | number of nan iterations:   0 |
2026-08-24 01:44:06 [INFO] iteration      442/    1000 | consumed samples:        42432 | elapsed time per iteration (ms): 3030.3 | throughput (samples/sec/per_device): 3.960 | learning rate: 1.538309E-05 | global batch size:    96 | action loss: 1.566819E-01 | loss scale: 1.0 | grad norm: 0.505628 | number of skipped iterations:   0 | number of nan iterations:   0 |
2026-08-24 01:44:10 [INFO] iteration      443/    1000 | consumed samples:        42528 | elapsed time per iteration (ms): 4004.9 | throughput (samples/sec/per_device): 2.996 | learning rate: 1.534575E-05 | global batch size:    96 | action loss: 1.469494E-01 | loss scale: 1.0 | grad norm: 0.541179 | number of skipped iterations:   0 | number of nan iterations:   0 |
2026-08-24 01:44:13 [INFO] iteration      444/    1000 | consumed samples:        42624 | elapsed time per iteration (ms): 3186.2 | throughput (samples/sec/per_device): 3.766 | learning rate: 1.530840E-05 | global batch size:    96 | action loss: 1.805041E-01 | loss scale: 1.0 | grad norm: 0.534345 | number of skipped iterations:   0 | number of nan iterations:   0 |
2026-08-24 01:44:16 [INFO] iteration      445/    1000 | consumed samples:        42720 | elapsed time per iteration (ms): 2748.2 | throughput (samples/sec/per_device): 4.366 | learning rate: 1.527101E-05 | global batch size:    96 | action loss: 1.417459E-01 | loss scale: 1.0 | grad norm: 0.587816 | number of skipped iterations:   0 | number of nan iterations:   0 |
2026-08-24 01:44:18 [INFO] iteration      446/    1000 | consumed samples:        42816 | elapsed time per iteration (ms): 2309.8 | throughput (samples/sec/per_device): 5.195 | learning rate: 1.523361E-05 | global batch size:    96 | action loss: 1.645524E-01 | loss scale: 1.0 | grad norm: 0.604710 | number of skipped iterations:   0 | number of nan iterations:   0 |
2026-08-24 01:44:22 [INFO] iteration      447/    1000 | consumed samples:        42912 | elapsed time per iteration (ms): 3607.6 | throughput (samples/sec/per_device): 3.326 | learning rate: 1.519619E-05 | global batch size:    96 | action loss: 1.529441E-01 | loss scale: 1.0 | grad norm: 0.587293 | number of skipped iterations:   0 | number of nan iterations:   0 |
2026-08-24 01:44:26 [INFO] iteration      448/    1000 | consumed samples:        43008 | elapsed time per iteration (ms): 4668.6 | throughput (samples/sec/per_device): 2.570 | learning rate: 1.515874E-05 | global batch size:    96 | action loss: 1.829723E-01 | loss scale: 1.0 | grad norm: 0.553861 | number of skipped iterations:   0 | number of nan iterations:   0 |
2026-08-24 01:44:29 [INFO] iteration      449/    1000 | consumed samples:        43104 | elapsed time per iteration (ms): 2978.5 | throughput (samples/sec/per_device): 4.029 | learning rate: 1.512127E-05 | global batch size:    96 | action loss: 1.580902E-01 | loss scale: 1.0 | grad norm: 0.529132 | number of skipped iterations:   0 | number of nan iterations:   0 |
2026-08-24 01:44:33 [INFO] iteration      450/    1000 | consumed samples:        43200 | elapsed time per iteration (ms): 3631.6 | throughput (samples/sec/per_device): 3.304 | learning rate: 1.508378E-05 | global batch size:    96 | action loss: 1.539614E-01 | loss scale: 1.0 | grad norm: 0.508924 | number of skipped iterations:   0 | number of nan iterations:   0 |
2026-08-24 01:44:35 [INFO] iteration      451/    1000 | consumed samples:        43296 | elapsed time per iteration (ms): 2565.1 | throughput (samples/sec/per_device): 4.678 | learning rate: 1.504627E-05 | global batch size:    96 | action loss: 1.454782E-01 | loss scale: 1.0 | grad norm: 0.515607 | number of skipped iterations:   0 | number of nan iterations:   0 |
2026-08-24 01:44:38 [INFO] iteration      452/    1000 | consumed samples:        43392 | elapsed time per iteration (ms): 2766.6 | throughput (samples/sec/per_device): 4.337 | learning rate: 1.500873E-05 | global batch size:    96 | action loss: 1.817980E-01 | loss scale: 1.0 | grad norm: 0.538793 | number of skipped iterations:   0 | number of nan iterations:   0 |
2026-08-24 01:44:41 [INFO] iteration      453/    1000 | consumed samples:        43488 | elapsed time per iteration (ms): 2765.4 | throughput (samples/sec/per_device): 4.339 | learning rate: 1.497118E-05 | global batch size:    96 | action loss: 1.781499E-01 | loss scale: 1.0 | grad norm: 0.533787 | number of skipped iterations:   0 | number of nan iterations:   0 |
2026-08-24 01:44:41 [INFO] PowerSGDPlusState restart: iter=152 compressed_iter=150 method=approximate rank=1 apply_exact=False
2026-08-24 01:44:48 [INFO] iteration      454/    1000 | consumed samples:        43584 | elapsed time per iteration (ms): 7314.9 | throughput (samples/sec/per_device): 1.640 | learning rate: 1.493361E-05 | global batch size:    96 | action loss: 1.447573E-01 | loss scale: 1.0 | grad norm: 0.626438 | number of skipped iterations:   0 | number of nan iterations:   0 |
2026-08-24 01:44:52 [INFO] iteration      455/    1000 | consumed samples:        43680 | elapsed time per iteration (ms): 3570.3 | throughput (samples/sec/per_device): 3.361 | learning rate: 1.489602E-05 | global batch size:    96 | action loss: 1.619292E-01 | loss scale: 1.0 | grad norm: 0.563357 | number of skipped iterations:   0 | number of nan iterations:   0 |
2026-08-24 01:44:56 [INFO] iteration      456/    1000 | consumed samples:        43776 | elapsed time per iteration (ms): 4552.5 | throughput (samples/sec/per_device): 2.636 | learning rate: 1.485841E-05 | global batch size:    96 | action loss: 1.797154E-01 | loss scale: 1.0 | grad norm: 0.579248 | number of skipped iterations:   0 | number of nan iterations:   0 |
2026-08-24 01:44:58 [INFO] iteration      457/    1000 | consumed samples:        43872 | elapsed time per iteration (ms): 2084.4 | throughput (samples/sec/per_device): 5.757 | learning rate: 1.482078E-05 | global batch size:    96 | action loss: 1.715022E-01 | loss scale: 1.0 | grad norm: 0.623075 | number of skipped iterations:   0 | number of nan iterations:   0 |
2026-08-24 01:45:01 [INFO] iteration      458/    1000 | consumed samples:        43968 | elapsed time per iteration (ms): 2498.8 | throughput (samples/sec/per_device): 4.802 | learning rate: 1.478313E-05 | global batch size:    96 | action loss: 1.444657E-01 | loss scale: 1.0 | grad norm: 0.577289 | number of skipped iterations:   0 | number of nan iterations:   0 |
2026-08-24 01:45:03 [INFO] iteration      459/    1000 | consumed samples:        44064 | elapsed time per iteration (ms): 2296.5 | throughput (samples/sec/per_device): 5.225 | learning rate: 1.474546E-05 | global batch size:    96 | action loss: 1.812024E-01 | loss scale: 1.0 | grad norm: 0.514071 | number of skipped iterations:   0 | number of nan iterations:   0 |
2026-08-24 01:45:07 [INFO] iteration      460/    1000 | consumed samples:        44160 | elapsed time per iteration (ms): 3318.2 | throughput (samples/sec/per_device): 3.616 | learning rate: 1.470778E-05 | global batch size:    96 | action loss: 1.620630E-01 | loss scale: 1.0 | grad norm: 0.492885 | number of skipped iterations:   0 | number of nan iterations:   0 |
2026-08-24 01:45:07 [INFO] max time across ranks (ms):
    forward-backward................................: 3187.98
    forward-compute.................................: 366.34
    backward-compute................................: 2909.07
    batch-generator.................................: 1.64
    nan-grad-cleanup................................: 12.99
    grad-clip.......................................: 32.14
    optimizer.......................................: 85.02
    optimizer-inner-step............................: 84.91
    optimizer-scheduler-step........................: 0.06
    optimizer-zero-grad.............................: 0.86
2026-08-24 01:45:09 [INFO] iteration      461/    1000 | consumed samples:        44256 | elapsed time per iteration (ms): 2581.1 | throughput (samples/sec/per_device): 4.649 | learning rate: 1.467008E-05 | global batch size:    96 | action loss: 1.436773E-01 | loss scale: 1.0 | grad norm: 0.508221 | number of skipped iterations:   0 | number of nan iterations:   0 |
2026-08-24 01:45:11 [INFO] iteration      462/    1000 | consumed samples:        44352 | elapsed time per iteration (ms): 2234.2 | throughput (samples/sec/per_device): 5.371 | learning rate: 1.463236E-05 | global batch size:    96 | action loss: 1.654181E-01 | loss scale: 1.0 | grad norm: 0.636712 | number of skipped iterations:   0 | number of nan iterations:   0 |
2026-08-24 01:45:14 [INFO] iteration      463/    1000 | consumed samples:        44448 | elapsed time per iteration (ms): 2303.8 | throughput (samples/sec/per_device): 5.209 | learning rate: 1.459463E-05 | global batch size:    96 | action loss: 1.598783E-01 | loss scale: 1.0 | grad norm: 0.595702 | number of skipped iterations:   0 | number of nan iterations:   0 |
2026-08-24 01:45:17 [INFO] iteration      464/    1000 | consumed samples:        44544 | elapsed time per iteration (ms): 3630.1 | throughput (samples/sec/per_device): 3.306 | learning rate: 1.455688E-05 | global batch size:    96 | action loss: 1.557937E-01 | loss scale: 1.0 | grad norm: 0.603599 | number of skipped iterations:   0 | number of nan iterations:   0 |
2026-08-24 01:45:20 [INFO] iteration      465/    1000 | consumed samples:        44640 | elapsed time per iteration (ms): 2543.2 | throughput (samples/sec/per_device): 4.719 | learning rate: 1.451911E-05 | global batch size:    96 | action loss: 1.847790E-01 | loss scale: 1.0 | grad norm: 0.595315 | number of skipped iterations:   0 | number of nan iterations:   0 |
2026-08-24 01:45:23 [INFO] iteration      466/    1000 | consumed samples:        44736 | elapsed time per iteration (ms): 2735.5 | throughput (samples/sec/per_device): 4.387 | learning rate: 1.448133E-05 | global batch size:    96 | action loss: 1.723782E-01 | loss scale: 1.0 | grad norm: 0.584587 | number of skipped iterations:   0 | number of nan iterations:   0 |
2026-08-24 01:45:29 [INFO] iteration      467/    1000 | consumed samples:        44832 | elapsed time per iteration (ms): 6440.0 | throughput (samples/sec/per_device): 1.863 | learning rate: 1.444353E-05 | global batch size:    96 | action loss: 2.124525E-01 | loss scale: 1.0 | grad norm: 0.573052 | number of skipped iterations:   0 | number of nan iterations:   0 |
2026-08-24 01:45:31 [INFO] iteration      468/    1000 | consumed samples:        44928 | elapsed time per iteration (ms): 2336.6 | throughput (samples/sec/per_device): 5.136 | learning rate: 1.440572E-05 | global batch size:    96 | action loss: 1.640234E-01 | loss scale: 1.0 | grad norm: 0.585056 | number of skipped iterations:   0 | number of nan iterations:   0 |
2026-08-24 01:45:34 [INFO] iteration      469/    1000 | consumed samples:        45024 | elapsed time per iteration (ms): 2740.3 | throughput (samples/sec/per_device): 4.379 | learning rate: 1.436790E-05 | global batch size:    96 | action loss: 1.808597E-01 | loss scale: 1.0 | grad norm: 0.546755 | number of skipped iterations:   0 | number of nan iterations:   0 |
2026-08-24 01:45:37 [INFO] iteration      470/    1000 | consumed samples:        45120 | elapsed time per iteration (ms): 2840.1 | throughput (samples/sec/per_device): 4.225 | learning rate: 1.433006E-05 | global batch size:    96 | action loss: 1.480061E-01 | loss scale: 1.0 | grad norm: 0.549112 | number of skipped iterations:   0 | number of nan iterations:   0 |
2026-08-24 01:45:41 [INFO] iteration      471/    1000 | consumed samples:        45216 | elapsed time per iteration (ms): 4196.9 | throughput (samples/sec/per_device): 2.859 | learning rate: 1.429221E-05 | global batch size:    96 | action loss: 1.813700E-01 | loss scale: 1.0 | grad norm: 0.521143 | number of skipped iterations:   0 | number of nan iterations:   0 |
2026-08-24 01:45:44 [INFO] iteration      472/    1000 | consumed samples:        45312 | elapsed time per iteration (ms): 2913.7 | throughput (samples/sec/per_device): 4.119 | learning rate: 1.425434E-05 | global batch size:    96 | action loss: 1.836777E-01 | loss scale: 1.0 | grad norm: 0.533746 | number of skipped iterations:   0 | number of nan iterations:   0 |
2026-08-24 01:45:47 [INFO] iteration      473/    1000 | consumed samples:        45408 | elapsed time per iteration (ms): 2815.8 | throughput (samples/sec/per_device): 4.262 | learning rate: 1.421646E-05 | global batch size:    96 | action loss: 1.417662E-01 | loss scale: 1.0 | grad norm: 0.593070 | number of skipped iterations:   0 | number of nan iterations:   0 |
2026-08-24 01:45:51 [INFO] iteration      474/    1000 | consumed samples:        45504 | elapsed time per iteration (ms): 4216.7 | throughput (samples/sec/per_device): 2.846 | learning rate: 1.417857E-05 | global batch size:    96 | action loss: 1.571407E-01 | loss scale: 1.0 | grad norm: 0.728830 | number of skipped iterations:   0 | number of nan iterations:   0 |
2026-08-24 01:45:54 [INFO] iteration      475/    1000 | consumed samples:        45600 | elapsed time per iteration (ms): 3319.4 | throughput (samples/sec/per_device): 3.615 | learning rate: 1.414067E-05 | global batch size:    96 | action loss: 1.756809E-01 | loss scale: 1.0 | grad norm: 0.624950 | number of skipped iterations:   0 | number of nan iterations:   0 |
2026-08-24 01:45:57 [INFO] iteration      476/    1000 | consumed samples:        45696 | elapsed time per iteration (ms): 2281.1 | throughput (samples/sec/per_device): 5.261 | learning rate: 1.410276E-05 | global batch size:    96 | action loss: 1.650435E-01 | loss scale: 1.0 | grad norm: 0.600837 | number of skipped iterations:   0 | number of nan iterations:   0 |
2026-08-24 01:46:00 [INFO] iteration      477/    1000 | consumed samples:        45792 | elapsed time per iteration (ms): 2970.3 | throughput (samples/sec/per_device): 4.040 | learning rate: 1.406484E-05 | global batch size:    96 | action loss: 1.709295E-01 | loss scale: 1.0 | grad norm: 0.584752 | number of skipped iterations:   0 | number of nan iterations:   0 |
2026-08-24 01:46:03 [INFO] iteration      478/    1000 | consumed samples:        45888 | elapsed time per iteration (ms): 3532.3 | throughput (samples/sec/per_device): 3.397 | learning rate: 1.402690E-05 | global batch size:    96 | action loss: 1.967859E-01 | loss scale: 1.0 | grad norm: 0.653036 | number of skipped iterations:   0 | number of nan iterations:   0 |
2026-08-24 01:46:06 [INFO] iteration      479/    1000 | consumed samples:        45984 | elapsed time per iteration (ms): 3025.0 | throughput (samples/sec/per_device): 3.967 | learning rate: 1.398895E-05 | global batch size:    96 | action loss: 1.613889E-01 | loss scale: 1.0 | grad norm: 0.609829 | number of skipped iterations:   0 | number of nan iterations:   0 |
2026-08-24 01:46:09 [INFO] iteration      480/    1000 | consumed samples:        46080 | elapsed time per iteration (ms): 2706.2 | throughput (samples/sec/per_device): 4.434 | learning rate: 1.395100E-05 | global batch size:    96 | action loss: 1.726163E-01 | loss scale: 1.0 | grad norm: 0.610796 | number of skipped iterations:   0 | number of nan iterations:   0 |
2026-08-24 01:46:09 [INFO] max time across ranks (ms):
    forward-backward................................: 2546.46
    forward-compute.................................: 641.44
    backward-compute................................: 2268.77
    batch-generator.................................: 1.94
    nan-grad-cleanup................................: 13.31
    grad-clip.......................................: 32.85
    optimizer.......................................: 113.74
    optimizer-inner-step............................: 113.64
    optimizer-scheduler-step........................: 0.05
    optimizer-zero-grad.............................: 0.47
2026-08-24 01:46:12 [INFO] iteration      481/    1000 | consumed samples:        46176 | elapsed time per iteration (ms): 2634.3 | throughput (samples/sec/per_device): 4.555 | learning rate: 1.391303E-05 | global batch size:    96 | action loss: 1.758117E-01 | loss scale: 1.0 | grad norm: 0.553692 | number of skipped iterations:   0 | number of nan iterations:   0 |
2026-08-24 01:46:16 [INFO] iteration      482/    1000 | consumed samples:        46272 | elapsed time per iteration (ms): 3930.9 | throughput (samples/sec/per_device): 3.053 | learning rate: 1.387506E-05 | global batch size:    96 | action loss: 1.550383E-01 | loss scale: 1.0 | grad norm: 0.605457 | number of skipped iterations:   0 | number of nan iterations:   0 |
2026-08-24 01:46:18 [INFO] iteration      483/    1000 | consumed samples:        46368 | elapsed time per iteration (ms): 2153.9 | throughput (samples/sec/per_device): 5.571 | learning rate: 1.383708E-05 | global batch size:    96 | action loss: 1.629673E-01 | loss scale: 1.0 | grad norm: 0.611591 | number of skipped iterations:   0 | number of nan iterations:   0 |
2026-08-24 01:46:21 [INFO] iteration      484/    1000 | consumed samples:        46464 | elapsed time per iteration (ms): 2905.8 | throughput (samples/sec/per_device): 4.130 | learning rate: 1.379909E-05 | global batch size:    96 | action loss: 1.569977E-01 | loss scale: 1.0 | grad norm: 0.573056 | number of skipped iterations:   0 | number of nan iterations:   0 |
2026-08-24 01:46:23 [INFO] iteration      485/    1000 | consumed samples:        46560 | elapsed time per iteration (ms): 2871.8 | throughput (samples/sec/per_device): 4.179 | learning rate: 1.376109E-05 | global batch size:    96 | action loss: 1.838096E-01 | loss scale: 1.0 | grad norm: 0.534982 | number of skipped iterations:   0 | number of nan iterations:   0 |
2026-08-24 01:46:27 [INFO] iteration      486/    1000 | consumed samples:        46656 | elapsed time per iteration (ms): 3383.8 | throughput (samples/sec/per_device): 3.546 | learning rate: 1.372308E-05 | global batch size:    96 | action loss: 1.656810E-01 | loss scale: 1.0 | grad norm: 0.581144 | number of skipped iterations:   0 | number of nan iterations:   0 |
2026-08-24 01:46:30 [INFO] iteration      487/    1000 | consumed samples:        46752 | elapsed time per iteration (ms): 3435.8 | throughput (samples/sec/per_device): 3.493 | learning rate: 1.368507E-05 | global batch size:    96 | action loss: 1.668202E-01 | loss scale: 1.0 | grad norm: 0.528804 | number of skipped iterations:   0 | number of nan iterations:   0 |
2026-08-24 01:46:34 [INFO] iteration      488/    1000 | consumed samples:        46848 | elapsed time per iteration (ms): 3612.0 | throughput (samples/sec/per_device): 3.322 | learning rate: 1.364704E-05 | global batch size:    96 | action loss: 1.443623E-01 | loss scale: 1.0 | grad norm: 0.541755 | number of skipped iterations:   0 | number of nan iterations:   0 |
2026-08-24 01:46:37 [INFO] iteration      489/    1000 | consumed samples:        46944 | elapsed time per iteration (ms): 3457.3 | throughput (samples/sec/per_device): 3.471 | learning rate: 1.360902E-05 | global batch size:    96 | action loss: 1.512329E-01 | loss scale: 1.0 | grad norm: 0.566211 | number of skipped iterations:   0 | number of nan iterations:   0 |
2026-08-24 01:46:40 [INFO] iteration      490/    1000 | consumed samples:        47040 | elapsed time per iteration (ms): 2485.6 | throughput (samples/sec/per_device): 4.828 | learning rate: 1.357098E-05 | global batch size:    96 | action loss: 1.549954E-01 | loss scale: 1.0 | grad norm: 0.606003 | number of skipped iterations:   0 | number of nan iterations:   0 |
2026-08-24 01:46:42 [INFO] iteration      491/    1000 | consumed samples:        47136 | elapsed time per iteration (ms): 2435.8 | throughput (samples/sec/per_device): 4.927 | learning rate: 1.353294E-05 | global batch size:    96 | action loss: 1.481059E-01 | loss scale: 1.0 | grad norm: 0.556120 | number of skipped iterations:   0 | number of nan iterations:   0 |
2026-08-24 01:46:45 [INFO] iteration      492/    1000 | consumed samples:        47232 | elapsed time per iteration (ms): 3056.6 | throughput (samples/sec/per_device): 3.926 | learning rate: 1.349490E-05 | global batch size:    96 | action loss: 1.481084E-01 | loss scale: 1.0 | grad norm: 0.631670 | number of skipped iterations:   0 | number of nan iterations:   0 |
2026-08-24 01:46:49 [INFO] iteration      493/    1000 | consumed samples:        47328 | elapsed time per iteration (ms): 3662.7 | throughput (samples/sec/per_device): 3.276 | learning rate: 1.345685E-05 | global batch size:    96 | action loss: 1.773755E-01 | loss scale: 1.0 | grad norm: 0.551904 | number of skipped iterations:   0 | number of nan iterations:   0 |
2026-08-24 01:46:53 [INFO] iteration      494/    1000 | consumed samples:        47424 | elapsed time per iteration (ms): 3600.2 | throughput (samples/sec/per_device): 3.333 | learning rate: 1.341879E-05 | global batch size:    96 | action loss: 1.563864E-01 | loss scale: 1.0 | grad norm: 0.554803 | number of skipped iterations:   0 | number of nan iterations:   0 |
2026-08-24 01:46:55 [INFO] iteration      495/    1000 | consumed samples:        47520 | elapsed time per iteration (ms): 2419.1 | throughput (samples/sec/per_device): 4.961 | learning rate: 1.338074E-05 | global batch size:    96 | action loss: 1.739117E-01 | loss scale: 1.0 | grad norm: 0.567757 | number of skipped iterations:   0 | number of nan iterations:   0 |
2026-08-24 01:46:59 [INFO] iteration      496/    1000 | consumed samples:        47616 | elapsed time per iteration (ms): 4192.9 | throughput (samples/sec/per_device): 2.862 | learning rate: 1.334267E-05 | global batch size:    96 | action loss: 1.715567E-01 | loss scale: 1.0 | grad norm: 0.613757 | number of skipped iterations:   0 | number of nan iterations:   0 |
2026-08-24 01:47:02 [INFO] iteration      497/    1000 | consumed samples:        47712 | elapsed time per iteration (ms): 3143.4 | throughput (samples/sec/per_device): 3.817 | learning rate: 1.330461E-05 | global batch size:    96 | action loss: 1.584755E-01 | loss scale: 1.0 | grad norm: 0.605681 | number of skipped iterations:   0 | number of nan iterations:   0 |
2026-08-24 01:47:05 [INFO] iteration      498/    1000 | consumed samples:        47808 | elapsed time per iteration (ms): 2957.7 | throughput (samples/sec/per_device): 4.057 | learning rate: 1.326654E-05 | global batch size:    96 | action loss: 2.027199E-01 | loss scale: 1.0 | grad norm: 0.595006 | number of skipped iterations:   0 | number of nan iterations:   0 |
2026-08-24 01:47:08 [INFO] iteration      499/    1000 | consumed samples:        47904 | elapsed time per iteration (ms): 2990.5 | throughput (samples/sec/per_device): 4.013 | learning rate: 1.322847E-05 | global batch size:    96 | action loss: 1.445979E-01 | loss scale: 1.0 | grad norm: 0.554416 | number of skipped iterations:   0 | number of nan iterations:   0 |
2026-08-24 01:47:13 [INFO] iteration      500/    1000 | consumed samples:        48000 | elapsed time per iteration (ms): 4236.3 | throughput (samples/sec/per_device): 2.833 | learning rate: 1.319039E-05 | global batch size:    96 | action loss: 1.738693E-01 | loss scale: 1.0 | grad norm: 0.581740 | number of skipped iterations:   0 | number of nan iterations:   0 |
2026-08-24 01:47:13 [INFO] max time across ranks (ms):
    forward-backward................................: 3692.66
    forward-compute.................................: 1742.35
    backward-compute................................: 3413.52
    batch-generator.................................: 2.67
    nan-grad-cleanup................................: 13.83
    grad-clip.......................................: 32.30
    optimizer.......................................: 115.82
    optimizer-inner-step............................: 115.72
    optimizer-scheduler-step........................: 0.05
    optimizer-zero-grad.............................: 0.58
2026-08-24 01:47:15 [INFO] iteration      501/    1000 | consumed samples:        48096 | elapsed time per iteration (ms): 2343.8 | throughput (samples/sec/per_device): 5.120 | learning rate: 1.315232E-05 | global batch size:    96 | action loss: 1.680386E-01 | loss scale: 1.0 | grad norm: 0.552110 | number of skipped iterations:   0 | number of nan iterations:   0 |
2026-08-24 01:47:18 [INFO] iteration      502/    1000 | consumed samples:        48192 | elapsed time per iteration (ms): 3036.1 | throughput (samples/sec/per_device): 3.952 | learning rate: 1.311424E-05 | global batch size:    96 | action loss: 1.441543E-01 | loss scale: 1.0 | grad norm: 0.603848 | number of skipped iterations:   0 | number of nan iterations:   0 |
2026-08-24 01:47:22 [INFO] iteration      503/    1000 | consumed samples:        48288 | elapsed time per iteration (ms): 3592.3 | throughput (samples/sec/per_device): 3.340 | learning rate: 1.307616E-05 | global batch size:    96 | action loss: 1.664231E-01 | loss scale: 1.0 | grad norm: 0.570406 | number of skipped iterations:   0 | number of nan iterations:   0 |
2026-08-24 01:47:22 [INFO] PowerSGDPlusState restart: iter=202 compressed_iter=200 method=approximate rank=1 apply_exact=False
2026-08-24 01:47:28 [INFO] iteration      504/    1000 | consumed samples:        48384 | elapsed time per iteration (ms): 5998.3 | throughput (samples/sec/per_device): 2.001 | learning rate: 1.303808E-05 | global batch size:    96 | action loss: 1.403604E-01 | loss scale: 1.0 | grad norm: 0.661435 | number of skipped iterations:   0 | number of nan iterations:   0 |
2026-08-24 01:47:31 [INFO] iteration      505/    1000 | consumed samples:        48480 | elapsed time per iteration (ms): 3595.8 | throughput (samples/sec/per_device): 3.337 | learning rate: 1.300000E-05 | global batch size:    96 | action loss: 1.784619E-01 | loss scale: 1.0 | grad norm: 0.523405 | number of skipped iterations:   0 | number of nan iterations:   0 |
2026-08-24 01:47:38 [INFO] iteration      506/    1000 | consumed samples:        48576 | elapsed time per iteration (ms): 6395.1 | throughput (samples/sec/per_device): 1.876 | learning rate: 1.296192E-05 | global batch size:    96 | action loss: 1.459629E-01 | loss scale: 1.0 | grad norm: 0.577849 | number of skipped iterations:   0 | number of nan iterations:   0 |
2026-08-24 01:47:40 [INFO] iteration      507/    1000 | consumed samples:        48672 | elapsed time per iteration (ms): 2034.5 | throughput (samples/sec/per_device): 5.898 | learning rate: 1.292384E-05 | global batch size:    96 | action loss: 1.677808E-01 | loss scale: 1.0 | grad norm: 0.635222 | number of skipped iterations:   0 | number of nan iterations:   0 |
2026-08-24 01:47:42 [INFO] iteration      508/    1000 | consumed samples:        48768 | elapsed time per iteration (ms): 2404.6 | throughput (samples/sec/per_device): 4.990 | learning rate: 1.288576E-05 | global batch size:    96 | action loss: 1.739787E-01 | loss scale: 1.0 | grad norm: 0.600534 | number of skipped iterations:   0 | number of nan iterations:   0 |
2026-08-24 01:47:45 [INFO] iteration      509/    1000 | consumed samples:        48864 | elapsed time per iteration (ms): 3473.0 | throughput (samples/sec/per_device): 3.455 | learning rate: 1.284768E-05 | global batch size:    96 | action loss: 1.692052E-01 | loss scale: 1.0 | grad norm: 0.578685 | number of skipped iterations:   0 | number of nan iterations:   0 |
2026-08-24 01:47:48 [INFO] iteration      510/    1000 | consumed samples:        48960 | elapsed time per iteration (ms): 2575.1 | throughput (samples/sec/per_device): 4.660 | learning rate: 1.280961E-05 | global batch size:    96 | action loss: 1.454694E-01 | loss scale: 1.0 | grad norm: 0.539928 | number of skipped iterations:   0 | number of nan iterations:   0 |
2026-08-24 01:47:50 [INFO] iteration      511/    1000 | consumed samples:        49056 | elapsed time per iteration (ms): 2282.3 | throughput (samples/sec/per_device): 5.258 | learning rate: 1.277153E-05 | global batch size:    96 | action loss: 1.544005E-01 | loss scale: 1.0 | grad norm: 0.601576 | number of skipped iterations:   0 | number of nan iterations:   0 |
2026-08-24 01:47:53 [INFO] iteration      512/    1000 | consumed samples:        49152 | elapsed time per iteration (ms): 2518.2 | throughput (samples/sec/per_device): 4.765 | learning rate: 1.273346E-05 | global batch size:    96 | action loss: 1.781183E-01 | loss scale: 1.0 | grad norm: 0.571122 | number of skipped iterations:   0 | number of nan iterations:   0 |
2026-08-24 01:47:56 [INFO] iteration      513/    1000 | consumed samples:        49248 | elapsed time per iteration (ms): 3429.7 | throughput (samples/sec/per_device): 3.499 | learning rate: 1.269539E-05 | global batch size:    96 | action loss: 1.640882E-01 | loss scale: 1.0 | grad norm: 0.626602 | number of skipped iterations:   0 | number of nan iterations:   0 |
2026-08-24 01:47:59 [INFO] iteration      514/    1000 | consumed samples:        49344 | elapsed time per iteration (ms): 2804.8 | throughput (samples/sec/per_device): 4.278 | learning rate: 1.265733E-05 | global batch size:    96 | action loss: 1.564896E-01 | loss scale: 1.0 | grad norm: 0.612102 | number of skipped iterations:   0 | number of nan iterations:   0 |
2026-08-24 01:48:02 [INFO] iteration      515/    1000 | consumed samples:        49440 | elapsed time per iteration (ms): 2497.2 | throughput (samples/sec/per_device): 4.805 | learning rate: 1.261926E-05 | global batch size:    96 | action loss: 1.560666E-01 | loss scale: 1.0 | grad norm: 0.612770 | number of skipped iterations:   0 | number of nan iterations:   0 |
2026-08-24 01:48:05 [INFO] iteration      516/    1000 | consumed samples:        49536 | elapsed time per iteration (ms): 3345.3 | throughput (samples/sec/per_device): 3.587 | learning rate: 1.258121E-05 | global batch size:    96 | action loss: 1.989644E-01 | loss scale: 1.0 | grad norm: 0.554078 | number of skipped iterations:   0 | number of nan iterations:   0 |
2026-08-24 01:48:08 [INFO] iteration      517/    1000 | consumed samples:        49632 | elapsed time per iteration (ms): 3352.7 | throughput (samples/sec/per_device): 3.579 | learning rate: 1.254315E-05 | global batch size:    96 | action loss: 1.798238E-01 | loss scale: 1.0 | grad norm: 0.540592 | number of skipped iterations:   0 | number of nan iterations:   0 |
2026-08-24 01:48:11 [INFO] iteration      518/    1000 | consumed samples:        49728 | elapsed time per iteration (ms): 2276.6 | throughput (samples/sec/per_device): 5.271 | learning rate: 1.250510E-05 | global batch size:    96 | action loss: 1.645428E-01 | loss scale: 1.0 | grad norm: 0.554576 | number of skipped iterations:   0 | number of nan iterations:   0 |
2026-08-24 01:48:13 [INFO] iteration      519/    1000 | consumed samples:        49824 | elapsed time per iteration (ms): 2606.3 | throughput (samples/sec/per_device): 4.604 | learning rate: 1.246706E-05 | global batch size:    96 | action loss: 1.578581E-01 | loss scale: 1.0 | grad norm: 0.521053 | number of skipped iterations:   0 | number of nan iterations:   0 |
2026-08-24 01:48:16 [INFO] iteration      520/    1000 | consumed samples:        49920 | elapsed time per iteration (ms): 2808.8 | throughput (samples/sec/per_device): 4.272 | learning rate: 1.242902E-05 | global batch size:    96 | action loss: 1.569234E-01 | loss scale: 1.0 | grad norm: 0.546854 | number of skipped iterations:   0 | number of nan iterations:   0 |
2026-08-24 01:48:16 [INFO] max time across ranks (ms):
    forward-backward................................: 2677.59
    forward-compute.................................: 991.16
    backward-compute................................: 2399.02
    batch-generator.................................: 1.82
    nan-grad-cleanup................................: 13.11
    grad-clip.......................................: 32.76
    optimizer.......................................: 84.95
    optimizer-inner-step............................: 84.80
    optimizer-scheduler-step........................: 0.05
    optimizer-zero-grad.............................: 0.78
2026-08-24 01:48:19 [INFO] iteration      521/    1000 | consumed samples:        50016 | elapsed time per iteration (ms): 3222.2 | throughput (samples/sec/per_device): 3.724 | learning rate: 1.239098E-05 | global batch size:    96 | action loss: 1.474608E-01 | loss scale: 1.0 | grad norm: 0.582315 | number of skipped iterations:   0 | number of nan iterations:   0 |
2026-08-24 01:48:22 [INFO] iteration      522/    1000 | consumed samples:        50112 | elapsed time per iteration (ms): 2319.3 | throughput (samples/sec/per_device): 5.174 | learning rate: 1.235296E-05 | global batch size:    96 | action loss: 1.375049E-01 | loss scale: 1.0 | grad norm: 0.528969 | number of skipped iterations:   0 | number of nan iterations:   0 |
2026-08-24 01:48:25 [INFO] iteration      523/    1000 | consumed samples:        50208 | elapsed time per iteration (ms): 3025.3 | throughput (samples/sec/per_device): 3.967 | learning rate: 1.231493E-05 | global batch size:    96 | action loss: 1.838429E-01 | loss scale: 1.0 | grad norm: 0.546853 | number of skipped iterations:   0 | number of nan iterations:   0 |
2026-08-24 01:48:27 [INFO] iteration      524/    1000 | consumed samples:        50304 | elapsed time per iteration (ms): 2570.8 | throughput (samples/sec/per_device): 4.668 | learning rate: 1.227692E-05 | global batch size:    96 | action loss: 1.451431E-01 | loss scale: 1.0 | grad norm: 0.489872 | number of skipped iterations:   0 | number of nan iterations:   0 |
2026-08-24 01:48:31 [INFO] iteration      525/    1000 | consumed samples:        50400 | elapsed time per iteration (ms): 3423.1 | throughput (samples/sec/per_device): 3.506 | learning rate: 1.223891E-05 | global batch size:    96 | action loss: 1.672105E-01 | loss scale: 1.0 | grad norm: 0.547585 | number of skipped iterations:   0 | number of nan iterations:   0 |
2026-08-24 01:48:33 [INFO] iteration      526/    1000 | consumed samples:        50496 | elapsed time per iteration (ms): 2402.2 | throughput (samples/sec/per_device): 4.995 | learning rate: 1.220091E-05 | global batch size:    96 | action loss: 1.518113E-01 | loss scale: 1.0 | grad norm: 0.554102 | number of skipped iterations:   0 | number of nan iterations:   0 |
2026-08-24 01:48:35 [INFO] iteration      527/    1000 | consumed samples:        50592 | elapsed time per iteration (ms): 2227.7 | throughput (samples/sec/per_device): 5.387 | learning rate: 1.216292E-05 | global batch size:    96 | action loss: 1.545493E-01 | loss scale: 1.0 | grad norm: 0.588203 | number of skipped iterations:   0 | number of nan iterations:   0 |
2026-08-24 01:48:41 [INFO] iteration      528/    1000 | consumed samples:        50688 | elapsed time per iteration (ms): 5665.1 | throughput (samples/sec/per_device): 2.118 | learning rate: 1.212494E-05 | global batch size:    96 | action loss: 1.678440E-01 | loss scale: 1.0 | grad norm: 0.569320 | number of skipped iterations:   0 | number of nan iterations:   0 |
2026-08-24 01:48:44 [INFO] iteration      529/    1000 | consumed samples:        50784 | elapsed time per iteration (ms): 3359.3 | throughput (samples/sec/per_device): 3.572 | learning rate: 1.208697E-05 | global batch size:    96 | action loss: 1.683238E-01 | loss scale: 1.0 | grad norm: 0.523314 | number of skipped iterations:   0 | number of nan iterations:   0 |
2026-08-24 01:48:47 [INFO] iteration      530/    1000 | consumed samples:        50880 | elapsed time per iteration (ms): 2629.3 | throughput (samples/sec/per_device): 4.564 | learning rate: 1.204900E-05 | global batch size:    96 | action loss: 1.967147E-01 | loss scale: 1.0 | grad norm: 0.544220 | number of skipped iterations:   0 | number of nan iterations:   0 |
2026-08-24 01:48:49 [INFO] iteration      531/    1000 | consumed samples:        50976 | elapsed time per iteration (ms): 2404.9 | throughput (samples/sec/per_device): 4.990 | learning rate: 1.201105E-05 | global batch size:    96 | action loss: 1.522103E-01 | loss scale: 1.0 | grad norm: 0.538785 | number of skipped iterations:   0 | number of nan iterations:   0 |
2026-08-24 01:48:53 [INFO] iteration      532/    1000 | consumed samples:        51072 | elapsed time per iteration (ms): 3718.4 | throughput (samples/sec/per_device): 3.227 | learning rate: 1.197310E-05 | global batch size:    96 | action loss: 1.797074E-01 | loss scale: 1.0 | grad norm: 0.562391 | number of skipped iterations:   0 | number of nan iterations:   0 |
2026-08-24 01:48:56 [INFO] iteration      533/    1000 | consumed samples:        51168 | elapsed time per iteration (ms): 3096.6 | throughput (samples/sec/per_device): 3.875 | learning rate: 1.193516E-05 | global batch size:    96 | action loss: 1.622378E-01 | loss scale: 1.0 | grad norm: 0.579853 | number of skipped iterations:   0 | number of nan iterations:   0 |
2026-08-24 01:48:59 [INFO] iteration      534/    1000 | consumed samples:        51264 | elapsed time per iteration (ms): 2713.5 | throughput (samples/sec/per_device): 4.422 | learning rate: 1.189724E-05 | global batch size:    96 | action loss: 1.432499E-01 | loss scale: 1.0 | grad norm: 0.537265 | number of skipped iterations:   0 | number of nan iterations:   0 |
2026-08-24 01:49:01 [INFO] iteration      535/    1000 | consumed samples:        51360 | elapsed time per iteration (ms): 2114.2 | throughput (samples/sec/per_device): 5.676 | learning rate: 1.185933E-05 | global batch size:    96 | action loss: 1.553325E-01 | loss scale: 1.0 | grad norm: 0.540164 | number of skipped iterations:   0 | number of nan iterations:   0 |
2026-08-24 01:49:04 [INFO] iteration      536/    1000 | consumed samples:        51456 | elapsed time per iteration (ms): 3177.6 | throughput (samples/sec/per_device): 3.776 | learning rate: 1.182143E-05 | global batch size:    96 | action loss: 1.596634E-01 | loss scale: 1.0 | grad norm: 0.551684 | number of skipped iterations:   0 | number of nan iterations:   0 |
2026-08-24 01:49:07 [INFO] iteration      537/    1000 | consumed samples:        51552 | elapsed time per iteration (ms): 2589.2 | throughput (samples/sec/per_device): 4.635 | learning rate: 1.178354E-05 | global batch size:    96 | action loss: 1.812745E-01 | loss scale: 1.0 | grad norm: 0.542267 | number of skipped iterations:   0 | number of nan iterations:   0 |
2026-08-24 01:49:09 [INFO] iteration      538/    1000 | consumed samples:        51648 | elapsed time per iteration (ms): 2637.4 | throughput (samples/sec/per_device): 4.550 | learning rate: 1.174566E-05 | global batch size:    96 | action loss: 1.595367E-01 | loss scale: 1.0 | grad norm: 0.568712 | number of skipped iterations:   0 | number of nan iterations:   0 |
2026-08-24 01:49:12 [INFO] iteration      539/    1000 | consumed samples:        51744 | elapsed time per iteration (ms): 2772.8 | throughput (samples/sec/per_device): 4.328 | learning rate: 1.170779E-05 | global batch size:    96 | action loss: 1.600035E-01 | loss scale: 1.0 | grad norm: 0.536176 | number of skipped iterations:   0 | number of nan iterations:   0 |
2026-08-24 01:49:16 [INFO] iteration      540/    1000 | consumed samples:        51840 | elapsed time per iteration (ms): 3775.5 | throughput (samples/sec/per_device): 3.178 | learning rate: 1.166994E-05 | global batch size:    96 | action loss: 1.604779E-01 | loss scale: 1.0 | grad norm: 0.557695 | number of skipped iterations:   0 | number of nan iterations:   0 |
2026-08-24 01:49:16 [INFO] max time across ranks (ms):
    forward-backward................................: 3645.07
    forward-compute.................................: 2013.92
    backward-compute................................: 3366.18
    batch-generator.................................: 1.59
    nan-grad-cleanup................................: 13.38
    grad-clip.......................................: 31.98
    optimizer.......................................: 84.51
    optimizer-inner-step............................: 84.42
    optimizer-scheduler-step........................: 0.07
    optimizer-zero-grad.............................: 0.84
2026-08-24 01:49:18 [INFO] iteration      541/    1000 | consumed samples:        51936 | elapsed time per iteration (ms): 2557.8 | throughput (samples/sec/per_device): 4.692 | learning rate: 1.163210E-05 | global batch size:    96 | action loss: 1.503717E-01 | loss scale: 1.0 | grad norm: 0.525724 | number of skipped iterations:   0 | number of nan iterations:   0 |
2026-08-24 01:49:21 [INFO] iteration      542/    1000 | consumed samples:        52032 | elapsed time per iteration (ms): 2551.7 | throughput (samples/sec/per_device): 4.703 | learning rate: 1.159428E-05 | global batch size:    96 | action loss: 1.644745E-01 | loss scale: 1.0 | grad norm: 0.558085 | number of skipped iterations:   0 | number of nan iterations:   0 |
2026-08-24 01:49:24 [INFO] iteration      543/    1000 | consumed samples:        52128 | elapsed time per iteration (ms): 2938.0 | throughput (samples/sec/per_device): 4.084 | learning rate: 1.155647E-05 | global batch size:    96 | action loss: 1.519893E-01 | loss scale: 1.0 | grad norm: 0.539096 | number of skipped iterations:   0 | number of nan iterations:   0 |
2026-08-24 01:49:27 [INFO] iteration      544/    1000 | consumed samples:        52224 | elapsed time per iteration (ms): 3586.6 | throughput (samples/sec/per_device): 3.346 | learning rate: 1.151867E-05 | global batch size:    96 | action loss: 1.592744E-01 | loss scale: 1.0 | grad norm: 0.543565 | number of skipped iterations:   0 | number of nan iterations:   0 |
2026-08-24 01:49:30 [INFO] iteration      545/    1000 | consumed samples:        52320 | elapsed time per iteration (ms): 2418.9 | throughput (samples/sec/per_device): 4.961 | learning rate: 1.148089E-05 | global batch size:    96 | action loss: 1.606886E-01 | loss scale: 1.0 | grad norm: 0.668829 | number of skipped iterations:   0 | number of nan iterations:   0 |
2026-08-24 01:49:32 [INFO] iteration      546/    1000 | consumed samples:        52416 | elapsed time per iteration (ms): 2404.5 | throughput (samples/sec/per_device): 4.991 | learning rate: 1.144312E-05 | global batch size:    96 | action loss: 1.443952E-01 | loss scale: 1.0 | grad norm: 0.615487 | number of skipped iterations:   0 | number of nan iterations:   0 |
2026-08-24 01:49:35 [INFO] iteration      547/    1000 | consumed samples:        52512 | elapsed time per iteration (ms): 2386.4 | throughput (samples/sec/per_device): 5.028 | learning rate: 1.140537E-05 | global batch size:    96 | action loss: 1.704448E-01 | loss scale: 1.0 | grad norm: 0.610288 | number of skipped iterations:   0 | number of nan iterations:   0 |
2026-08-24 01:49:38 [INFO] iteration      548/    1000 | consumed samples:        52608 | elapsed time per iteration (ms): 3591.7 | throughput (samples/sec/per_device): 3.341 | learning rate: 1.136764E-05 | global batch size:    96 | action loss: 1.493855E-01 | loss scale: 1.0 | grad norm: 0.589442 | number of skipped iterations:   0 | number of nan iterations:   0 |
2026-08-24 01:49:43 [INFO] iteration      549/    1000 | consumed samples:        52704 | elapsed time per iteration (ms): 4557.1 | throughput (samples/sec/per_device): 2.633 | learning rate: 1.132992E-05 | global batch size:    96 | action loss: 1.900443E-01 | loss scale: 1.0 | grad norm: 0.573932 | number of skipped iterations:   0 | number of nan iterations:   0 |
2026-08-24 01:49:45 [INFO] iteration      550/    1000 | consumed samples:        52800 | elapsed time per iteration (ms): 2449.7 | throughput (samples/sec/per_device): 4.899 | learning rate: 1.129222E-05 | global batch size:    96 | action loss: 1.510407E-01 | loss scale: 1.0 | grad norm: 0.600876 | number of skipped iterations:   0 | number of nan iterations:   0 |
2026-08-24 01:49:49 [INFO] iteration      551/    1000 | consumed samples:        52896 | elapsed time per iteration (ms): 3541.1 | throughput (samples/sec/per_device): 3.389 | learning rate: 1.125454E-05 | global batch size:    96 | action loss: 1.589196E-01 | loss scale: 1.0 | grad norm: 0.562424 | number of skipped iterations:   0 | number of nan iterations:   0 |
2026-08-24 01:49:52 [INFO] iteration      552/    1000 | consumed samples:        52992 | elapsed time per iteration (ms): 3038.4 | throughput (samples/sec/per_device): 3.949 | learning rate: 1.121687E-05 | global batch size:    96 | action loss: 1.359609E-01 | loss scale: 1.0 | grad norm: 0.541633 | number of skipped iterations:   0 | number of nan iterations:   0 |
2026-08-24 01:49:54 [INFO] iteration      553/    1000 | consumed samples:        53088 | elapsed time per iteration (ms): 2461.1 | throughput (samples/sec/per_device): 4.876 | learning rate: 1.117922E-05 | global batch size:    96 | action loss: 1.510274E-01 | loss scale: 1.0 | grad norm: 0.528875 | number of skipped iterations:   0 | number of nan iterations:   0 |
2026-08-24 01:49:55 [INFO] PowerSGDPlusState restart: iter=252 compressed_iter=250 method=approximate rank=1 apply_exact=False
2026-08-24 01:50:02 [INFO] iteration      554/    1000 | consumed samples:        53184 | elapsed time per iteration (ms): 7489.6 | throughput (samples/sec/per_device): 1.602 | learning rate: 1.114159E-05 | global batch size:    96 | action loss: 1.502313E-01 | loss scale: 1.0 | grad norm: 0.622983 | number of skipped iterations:   0 | number of nan iterations:   0 |
2026-08-24 01:50:06 [INFO] iteration      555/    1000 | consumed samples:        53280 | elapsed time per iteration (ms): 3948.7 | throughput (samples/sec/per_device): 3.039 | learning rate: 1.110398E-05 | global batch size:    96 | action loss: 1.508469E-01 | loss scale: 1.0 | grad norm: 0.518732 | number of skipped iterations:   0 | number of nan iterations:   0 |
2026-08-24 01:50:09 [INFO] iteration      556/    1000 | consumed samples:        53376 | elapsed time per iteration (ms): 3572.3 | throughput (samples/sec/per_device): 3.359 | learning rate: 1.106639E-05 | global batch size:    96 | action loss: 1.394242E-01 | loss scale: 1.0 | grad norm: 0.526616 | number of skipped iterations:   0 | number of nan iterations:   0 |
2026-08-24 01:50:12 [INFO] iteration      557/    1000 | consumed samples:        53472 | elapsed time per iteration (ms): 3071.1 | throughput (samples/sec/per_device): 3.907 | learning rate: 1.102882E-05 | global batch size:    96 | action loss: 1.492734E-01 | loss scale: 1.0 | grad norm: 0.549612 | number of skipped iterations:   0 | number of nan iterations:   0 |
2026-08-24 01:50:15 [INFO] iteration      558/    1000 | consumed samples:        53568 | elapsed time per iteration (ms): 2410.9 | throughput (samples/sec/per_device): 4.977 | learning rate: 1.099127E-05 | global batch size:    96 | action loss: 1.524551E-01 | loss scale: 1.0 | grad norm: 0.595328 | number of skipped iterations:   0 | number of nan iterations:   0 |
2026-08-24 01:50:17 [INFO] iteration      559/    1000 | consumed samples:        53664 | elapsed time per iteration (ms): 1976.8 | throughput (samples/sec/per_device): 6.070 | learning rate: 1.095373E-05 | global batch size:    96 | action loss: 1.571608E-01 | loss scale: 1.0 | grad norm: 0.502500 | number of skipped iterations:   0 | number of nan iterations:   0 |
2026-08-24 01:50:19 [INFO] iteration      560/    1000 | consumed samples:        53760 | elapsed time per iteration (ms): 2389.4 | throughput (samples/sec/per_device): 5.022 | learning rate: 1.091622E-05 | global batch size:    96 | action loss: 1.765379E-01 | loss scale: 1.0 | grad norm: 0.503700 | number of skipped iterations:   0 | number of nan iterations:   0 |
2026-08-24 01:50:19 [INFO] max time across ranks (ms):
    forward-backward................................: 2257.15
    forward-compute.................................: 275.91
    backward-compute................................: 1980.37
    batch-generator.................................: 1.59
    nan-grad-cleanup................................: 13.33
    grad-clip.......................................: 32.70
    optimizer.......................................: 85.16
    optimizer-inner-step............................: 85.05
    optimizer-scheduler-step........................: 0.10
    optimizer-zero-grad.............................: 0.64
2026-08-24 01:50:23 [INFO] iteration      561/    1000 | consumed samples:        53856 | elapsed time per iteration (ms): 3405.9 | throughput (samples/sec/per_device): 3.523 | learning rate: 1.087873E-05 | global batch size:    96 | action loss: 1.483972E-01 | loss scale: 1.0 | grad norm: 0.532988 | number of skipped iterations:   0 | number of nan iterations:   0 |
2026-08-24 01:50:25 [INFO] iteration      562/    1000 | consumed samples:        53952 | elapsed time per iteration (ms): 2626.8 | throughput (samples/sec/per_device): 4.568 | learning rate: 1.084126E-05 | global batch size:    96 | action loss: 1.440755E-01 | loss scale: 1.0 | grad norm: 0.542680 | number of skipped iterations:   0 | number of nan iterations:   0 |
2026-08-24 01:50:28 [INFO] iteration      563/    1000 | consumed samples:        54048 | elapsed time per iteration (ms): 2402.7 | throughput (samples/sec/per_device): 4.994 | learning rate: 1.080381E-05 | global batch size:    96 | action loss: 1.543881E-01 | loss scale: 1.0 | grad norm: 0.538582 | number of skipped iterations:   0 | number of nan iterations:   0 |
2026-08-24 01:50:31 [INFO] iteration      564/    1000 | consumed samples:        54144 | elapsed time per iteration (ms): 3274.8 | throughput (samples/sec/per_device): 3.664 | learning rate: 1.076639E-05 | global batch size:    96 | action loss: 1.516145E-01 | loss scale: 1.0 | grad norm: 0.537574 | number of skipped iterations:   0 | number of nan iterations:   0 |
2026-08-24 01:50:35 [INFO] iteration      565/    1000 | consumed samples:        54240 | elapsed time per iteration (ms): 3728.8 | throughput (samples/sec/per_device): 3.218 | learning rate: 1.072899E-05 | global batch size:    96 | action loss: 1.790588E-01 | loss scale: 1.0 | grad norm: 0.505361 | number of skipped iterations:   0 | number of nan iterations:   0 |
2026-08-24 01:50:38 [INFO] iteration      566/    1000 | consumed samples:        54336 | elapsed time per iteration (ms): 3185.8 | throughput (samples/sec/per_device): 3.767 | learning rate: 1.069160E-05 | global batch size:    96 | action loss: 1.604891E-01 | loss scale: 1.0 | grad norm: 0.510023 | number of skipped iterations:   0 | number of nan iterations:   0 |
2026-08-24 01:50:40 [INFO] iteration      567/    1000 | consumed samples:        54432 | elapsed time per iteration (ms): 2641.1 | throughput (samples/sec/per_device): 4.544 | learning rate: 1.065425E-05 | global batch size:    96 | action loss: 1.622458E-01 | loss scale: 1.0 | grad norm: 0.560472 | number of skipped iterations:   0 | number of nan iterations:   0 |
2026-08-24 01:50:47 [INFO] iteration      568/    1000 | consumed samples:        54528 | elapsed time per iteration (ms): 6135.7 | throughput (samples/sec/per_device): 1.956 | learning rate: 1.061691E-05 | global batch size:    96 | action loss: 1.556031E-01 | loss scale: 1.0 | grad norm: 0.520895 | number of skipped iterations:   0 | number of nan iterations:   0 |
2026-08-24 01:50:50 [INFO] iteration      569/    1000 | consumed samples:        54624 | elapsed time per iteration (ms): 2893.2 | throughput (samples/sec/per_device): 4.148 | learning rate: 1.057961E-05 | global batch size:    96 | action loss: 1.346240E-01 | loss scale: 1.0 | grad norm: 0.471987 | number of skipped iterations:   0 | number of nan iterations:   0 |
2026-08-24 01:50:52 [INFO] iteration      570/    1000 | consumed samples:        54720 | elapsed time per iteration (ms): 2671.7 | throughput (samples/sec/per_device): 4.491 | learning rate: 1.054232E-05 | global batch size:    96 | action loss: 1.397927E-01 | loss scale: 1.0 | grad norm: 0.516868 | number of skipped iterations:   0 | number of nan iterations:   0 |
2026-08-24 01:50:55 [INFO] iteration      571/    1000 | consumed samples:        54816 | elapsed time per iteration (ms): 2420.8 | throughput (samples/sec/per_device): 4.957 | learning rate: 1.050506E-05 | global batch size:    96 | action loss: 1.546244E-01 | loss scale: 1.0 | grad norm: 0.508928 | number of skipped iterations:   0 | number of nan iterations:   0 |
2026-08-24 01:50:58 [INFO] iteration      572/    1000 | consumed samples:        54912 | elapsed time per iteration (ms): 3599.3 | throughput (samples/sec/per_device): 3.334 | learning rate: 1.046782E-05 | global batch size:    96 | action loss: 1.694456E-01 | loss scale: 1.0 | grad norm: 0.495087 | number of skipped iterations:   0 | number of nan iterations:   0 |
2026-08-24 01:51:01 [INFO] iteration      573/    1000 | consumed samples:        55008 | elapsed time per iteration (ms): 3093.8 | throughput (samples/sec/per_device): 3.879 | learning rate: 1.043061E-05 | global batch size:    96 | action loss: 1.566650E-01 | loss scale: 1.0 | grad norm: 0.512228 | number of skipped iterations:   0 | number of nan iterations:   0 |
2026-08-24 01:51:04 [INFO] iteration      574/    1000 | consumed samples:        55104 | elapsed time per iteration (ms): 2693.6 | throughput (samples/sec/per_device): 4.455 | learning rate: 1.039343E-05 | global batch size:    96 | action loss: 1.800186E-01 | loss scale: 1.0 | grad norm: 0.527646 | number of skipped iterations:   0 | number of nan iterations:   0 |
2026-08-24 01:51:08 [INFO] iteration      575/    1000 | consumed samples:        55200 | elapsed time per iteration (ms): 3743.1 | throughput (samples/sec/per_device): 3.206 | learning rate: 1.035627E-05 | global batch size:    96 | action loss: 1.526448E-01 | loss scale: 1.0 | grad norm: 0.521888 | number of skipped iterations:   0 | number of nan iterations:   0 |
2026-08-24 01:51:10 [INFO] iteration      576/    1000 | consumed samples:        55296 | elapsed time per iteration (ms): 2643.7 | throughput (samples/sec/per_device): 4.539 | learning rate: 1.031914E-05 | global batch size:    96 | action loss: 1.571412E-01 | loss scale: 1.0 | grad norm: 0.497352 | number of skipped iterations:   0 | number of nan iterations:   0 |
2026-08-24 01:51:13 [INFO] iteration      577/    1000 | consumed samples:        55392 | elapsed time per iteration (ms): 2915.0 | throughput (samples/sec/per_device): 4.117 | learning rate: 1.028204E-05 | global batch size:    96 | action loss: 1.629801E-01 | loss scale: 1.0 | grad norm: 0.527381 | number of skipped iterations:   0 | number of nan iterations:   0 |
2026-08-24 01:51:16 [INFO] iteration      578/    1000 | consumed samples:        55488 | elapsed time per iteration (ms): 2479.1 | throughput (samples/sec/per_device): 4.840 | learning rate: 1.024496E-05 | global batch size:    96 | action loss: 1.487247E-01 | loss scale: 1.0 | grad norm: 0.561829 | number of skipped iterations:   0 | number of nan iterations:   0 |
2026-08-24 01:51:19 [INFO] iteration      579/    1000 | consumed samples:        55584 | elapsed time per iteration (ms): 3583.1 | throughput (samples/sec/per_device): 3.349 | learning rate: 1.020791E-05 | global batch size:    96 | action loss: 1.632612E-01 | loss scale: 1.0 | grad norm: 0.561272 | number of skipped iterations:   0 | number of nan iterations:   0 |
2026-08-24 01:51:22 [INFO] iteration      580/    1000 | consumed samples:        55680 | elapsed time per iteration (ms): 2529.4 | throughput (samples/sec/per_device): 4.744 | learning rate: 1.017089E-05 | global batch size:    96 | action loss: 1.549650E-01 | loss scale: 1.0 | grad norm: 0.563572 | number of skipped iterations:   0 | number of nan iterations:   0 |
2026-08-24 01:51:22 [INFO] max time across ranks (ms):
    forward-backward................................: 2399.09
    forward-compute.................................: 1018.74
    backward-compute................................: 2120.51
    batch-generator.................................: 1.54
    nan-grad-cleanup................................: 13.21
    grad-clip.......................................: 32.97
    optimizer.......................................: 85.77
    optimizer-inner-step............................: 85.66
    optimizer-scheduler-step........................: 0.05
    optimizer-zero-grad.............................: 0.44
2026-08-24 01:51:25 [INFO] iteration      581/    1000 | consumed samples:        55776 | elapsed time per iteration (ms): 2645.5 | throughput (samples/sec/per_device): 4.536 | learning rate: 1.013390E-05 | global batch size:    96 | action loss: 1.649629E-01 | loss scale: 1.0 | grad norm: 0.517735 | number of skipped iterations:   0 | number of nan iterations:   0 |
2026-08-24 01:51:27 [INFO] iteration      582/    1000 | consumed samples:        55872 | elapsed time per iteration (ms): 2089.7 | throughput (samples/sec/per_device): 5.742 | learning rate: 1.009694E-05 | global batch size:    96 | action loss: 2.144324E-01 | loss scale: 1.0 | grad norm: 0.611093 | number of skipped iterations:   0 | number of nan iterations:   0 |
2026-08-24 01:51:30 [INFO] iteration      583/    1000 | consumed samples:        55968 | elapsed time per iteration (ms): 3387.5 | throughput (samples/sec/per_device): 3.542 | learning rate: 1.006000E-05 | global batch size:    96 | action loss: 1.531726E-01 | loss scale: 1.0 | grad norm: 0.526613 | number of skipped iterations:   0 | number of nan iterations:   0 |
2026-08-24 01:51:33 [INFO] iteration      584/    1000 | consumed samples:        56064 | elapsed time per iteration (ms): 2536.7 | throughput (samples/sec/per_device): 4.731 | learning rate: 1.002310E-05 | global batch size:    96 | action loss: 1.563577E-01 | loss scale: 1.0 | grad norm: 0.548387 | number of skipped iterations:   0 | number of nan iterations:   0 |
2026-08-24 01:51:35 [INFO] iteration      585/    1000 | consumed samples:        56160 | elapsed time per iteration (ms): 2740.7 | throughput (samples/sec/per_device): 4.378 | learning rate: 9.986224E-06 | global batch size:    96 | action loss: 1.426861E-01 | loss scale: 1.0 | grad norm: 0.549414 | number of skipped iterations:   0 | number of nan iterations:   0 |
2026-08-24 01:51:38 [INFO] iteration      586/    1000 | consumed samples:        56256 | elapsed time per iteration (ms): 2548.2 | throughput (samples/sec/per_device): 4.709 | learning rate: 9.949380E-06 | global batch size:    96 | action loss: 1.504599E-01 | loss scale: 1.0 | grad norm: 0.560754 | number of skipped iterations:   0 | number of nan iterations:   0 |
2026-08-24 01:51:41 [INFO] iteration      587/    1000 | consumed samples:        56352 | elapsed time per iteration (ms): 3295.2 | throughput (samples/sec/per_device): 3.642 | learning rate: 9.912567E-06 | global batch size:    96 | action loss: 1.764735E-01 | loss scale: 1.0 | grad norm: 0.535388 | number of skipped iterations:   0 | number of nan iterations:   0 |
2026-08-24 01:51:44 [INFO] iteration      588/    1000 | consumed samples:        56448 | elapsed time per iteration (ms): 2643.7 | throughput (samples/sec/per_device): 4.539 | learning rate: 9.875784E-06 | global batch size:    96 | action loss: 2.103354E-01 | loss scale: 1.0 | grad norm: 0.586402 | number of skipped iterations:   0 | number of nan iterations:   0 |
2026-08-24 01:51:49 [INFO] iteration      589/    1000 | consumed samples:        56544 | elapsed time per iteration (ms): 5141.3 | throughput (samples/sec/per_device): 2.334 | learning rate: 9.839033E-06 | global batch size:    96 | action loss: 1.534496E-01 | loss scale: 1.0 | grad norm: 0.583073 | number of skipped iterations:   0 | number of nan iterations:   0 |
2026-08-24 01:51:53 [INFO] iteration      590/    1000 | consumed samples:        56640 | elapsed time per iteration (ms): 3946.0 | throughput (samples/sec/per_device): 3.041 | learning rate: 9.802314E-06 | global batch size:    96 | action loss: 1.447741E-01 | loss scale: 1.0 | grad norm: 0.525893 | number of skipped iterations:   0 | number of nan iterations:   0 |
2026-08-24 01:51:56 [INFO] iteration      591/    1000 | consumed samples:        56736 | elapsed time per iteration (ms): 2792.5 | throughput (samples/sec/per_device): 4.297 | learning rate: 9.765627E-06 | global batch size:    96 | action loss: 1.646067E-01 | loss scale: 1.0 | grad norm: 0.563738 | number of skipped iterations:   0 | number of nan iterations:   0 |
2026-08-24 01:51:59 [INFO] iteration      592/    1000 | consumed samples:        56832 | elapsed time per iteration (ms): 2933.1 | throughput (samples/sec/per_device): 4.091 | learning rate: 9.728973E-06 | global batch size:    96 | action loss: 1.512125E-01 | loss scale: 1.0 | grad norm: 0.558821 | number of skipped iterations:   0 | number of nan iterations:   0 |
2026-08-24 01:52:02 [INFO] iteration      593/    1000 | consumed samples:        56928 | elapsed time per iteration (ms): 3030.1 | throughput (samples/sec/per_device): 3.960 | learning rate: 9.692352E-06 | global batch size:    96 | action loss: 1.598838E-01 | loss scale: 1.0 | grad norm: 0.555587 | number of skipped iterations:   0 | number of nan iterations:   0 |
2026-08-24 01:52:06 [INFO] iteration      594/    1000 | consumed samples:        57024 | elapsed time per iteration (ms): 4386.4 | throughput (samples/sec/per_device): 2.736 | learning rate: 9.655764E-06 | global batch size:    96 | action loss: 1.345831E-01 | loss scale: 1.0 | grad norm: 0.546605 | number of skipped iterations:   0 | number of nan iterations:   0 |
2026-08-24 01:52:09 [INFO] iteration      595/    1000 | consumed samples:        57120 | elapsed time per iteration (ms): 2830.9 | throughput (samples/sec/per_device): 4.239 | learning rate: 9.619209E-06 | global batch size:    96 | action loss: 1.514978E-01 | loss scale: 1.0 | grad norm: 0.509488 | number of skipped iterations:   0 | number of nan iterations:   0 |
2026-08-24 01:52:12 [INFO] iteration      596/    1000 | consumed samples:        57216 | elapsed time per iteration (ms): 2911.2 | throughput (samples/sec/per_device): 4.122 | learning rate: 9.582689E-06 | global batch size:    96 | action loss: 1.617175E-01 | loss scale: 1.0 | grad norm: 0.530800 | number of skipped iterations:   0 | number of nan iterations:   0 |
2026-08-24 01:52:16 [INFO] iteration      597/    1000 | consumed samples:        57312 | elapsed time per iteration (ms): 4015.9 | throughput (samples/sec/per_device): 2.988 | learning rate: 9.546203E-06 | global batch size:    96 | action loss: 1.734258E-01 | loss scale: 1.0 | grad norm: 0.519968 | number of skipped iterations:   0 | number of nan iterations:   0 |
2026-08-24 01:52:19 [INFO] iteration      598/    1000 | consumed samples:        57408 | elapsed time per iteration (ms): 2793.2 | throughput (samples/sec/per_device): 4.296 | learning rate: 9.509752E-06 | global batch size:    96 | action loss: 1.487525E-01 | loss scale: 1.0 | grad norm: 0.500988 | number of skipped iterations:   0 | number of nan iterations:   0 |
2026-08-24 01:52:21 [INFO] iteration      599/    1000 | consumed samples:        57504 | elapsed time per iteration (ms): 2361.6 | throughput (samples/sec/per_device): 5.081 | learning rate: 9.473336E-06 | global batch size:    96 | action loss: 1.630186E-01 | loss scale: 1.0 | grad norm: 0.543201 | number of skipped iterations:   0 | number of nan iterations:   0 |
2026-08-24 01:52:23 [INFO] iteration      600/    1000 | consumed samples:        57600 | elapsed time per iteration (ms): 2549.4 | throughput (samples/sec/per_device): 4.707 | learning rate: 9.436955E-06 | global batch size:    96 | action loss: 1.582228E-01 | loss scale: 1.0 | grad norm: 0.498387 | number of skipped iterations:   0 | number of nan iterations:   0 |
2026-08-24 01:52:23 [INFO] max time across ranks (ms):
    forward-backward................................: 2350.24
    forward-compute.................................: 605.02
    backward-compute................................: 2073.23
    batch-generator.................................: 1.58
    nan-grad-cleanup................................: 13.40
    grad-clip.......................................: 32.30
    optimizer.......................................: 85.20
    optimizer-inner-step............................: 85.09
    optimizer-scheduler-step........................: 0.06
    optimizer-zero-grad.............................: 0.73
2026-08-24 01:52:27 [INFO] iteration      601/    1000 | consumed samples:        57696 | elapsed time per iteration (ms): 3407.5 | throughput (samples/sec/per_device): 3.522 | learning rate: 9.400611E-06 | global batch size:    96 | action loss: 1.572568E-01 | loss scale: 1.0 | grad norm: 0.481238 | number of skipped iterations:   0 | number of nan iterations:   0 |
2026-08-24 01:52:30 [INFO] iteration      602/    1000 | consumed samples:        57792 | elapsed time per iteration (ms): 2637.2 | throughput (samples/sec/per_device): 4.550 | learning rate: 9.364303E-06 | global batch size:    96 | action loss: 1.790853E-01 | loss scale: 1.0 | grad norm: 0.516678 | number of skipped iterations:   0 | number of nan iterations:   0 |
2026-08-24 01:52:33 [INFO] iteration      603/    1000 | consumed samples:        57888 | elapsed time per iteration (ms): 2988.6 | throughput (samples/sec/per_device): 4.015 | learning rate: 9.328031E-06 | global batch size:    96 | action loss: 1.661495E-01 | loss scale: 1.0 | grad norm: 0.539711 | number of skipped iterations:   0 | number of nan iterations:   0 |
2026-08-24 01:52:33 [INFO] PowerSGDPlusState restart: iter=302 compressed_iter=300 method=approximate rank=1 apply_exact=False
2026-08-24 01:52:40 [INFO] iteration      604/    1000 | consumed samples:        57984 | elapsed time per iteration (ms): 7274.1 | throughput (samples/sec/per_device): 1.650 | learning rate: 9.291796E-06 | global batch size:    96 | action loss: 1.622095E-01 | loss scale: 1.0 | grad norm: 0.632847 | number of skipped iterations:   0 | number of nan iterations:   0 |
2026-08-24 01:52:44 [INFO] iteration      605/    1000 | consumed samples:        58080 | elapsed time per iteration (ms): 3739.9 | throughput (samples/sec/per_device): 3.209 | learning rate: 9.255599E-06 | global batch size:    96 | action loss: 1.466760E-01 | loss scale: 1.0 | grad norm: 0.500912 | number of skipped iterations:   0 | number of nan iterations:   0 |
2026-08-24 01:52:47 [INFO] iteration      606/    1000 | consumed samples:        58176 | elapsed time per iteration (ms): 3668.3 | throughput (samples/sec/per_device): 3.271 | learning rate: 9.219439E-06 | global batch size:    96 | action loss: 1.531459E-01 | loss scale: 1.0 | grad norm: 0.545895 | number of skipped iterations:   0 | number of nan iterations:   0 |
2026-08-24 01:52:52 [INFO] iteration      607/    1000 | consumed samples:        58272 | elapsed time per iteration (ms): 4968.5 | throughput (samples/sec/per_device): 2.415 | learning rate: 9.183317E-06 | global batch size:    96 | action loss: 1.504031E-01 | loss scale: 1.0 | grad norm: 0.550015 | number of skipped iterations:   0 | number of nan iterations:   0 |
2026-08-24 01:52:55 [INFO] iteration      608/    1000 | consumed samples:        58368 | elapsed time per iteration (ms): 2438.9 | throughput (samples/sec/per_device): 4.920 | learning rate: 9.147234E-06 | global batch size:    96 | action loss: 1.807942E-01 | loss scale: 1.0 | grad norm: 0.519058 | number of skipped iterations:   0 | number of nan iterations:   0 |
2026-08-24 01:52:57 [INFO] iteration      609/    1000 | consumed samples:        58464 | elapsed time per iteration (ms): 2219.5 | throughput (samples/sec/per_device): 5.407 | learning rate: 9.111190E-06 | global batch size:    96 | action loss: 1.582796E-01 | loss scale: 1.0 | grad norm: 0.537209 | number of skipped iterations:   0 | number of nan iterations:   0 |
2026-08-24 01:53:00 [INFO] iteration      610/    1000 | consumed samples:        58560 | elapsed time per iteration (ms): 3493.9 | throughput (samples/sec/per_device): 3.435 | learning rate: 9.075184E-06 | global batch size:    96 | action loss: 1.881170E-01 | loss scale: 1.0 | grad norm: 0.582362 | number of skipped iterations:   0 | number of nan iterations:   0 |
2026-08-24 01:53:03 [INFO] iteration      611/    1000 | consumed samples:        58656 | elapsed time per iteration (ms): 3100.9 | throughput (samples/sec/per_device): 3.870 | learning rate: 9.039219E-06 | global batch size:    96 | action loss: 1.700457E-01 | loss scale: 1.0 | grad norm: 0.613261 | number of skipped iterations:   0 | number of nan iterations:   0 |
2026-08-24 01:53:06 [INFO] iteration      612/    1000 | consumed samples:        58752 | elapsed time per iteration (ms): 2547.6 | throughput (samples/sec/per_device): 4.710 | learning rate: 9.003293E-06 | global batch size:    96 | action loss: 1.625538E-01 | loss scale: 1.0 | grad norm: 0.532881 | number of skipped iterations:   0 | number of nan iterations:   0 |
2026-08-24 01:53:08 [INFO] iteration      613/    1000 | consumed samples:        58848 | elapsed time per iteration (ms): 2219.4 | throughput (samples/sec/per_device): 5.407 | learning rate: 8.967407E-06 | global batch size:    96 | action loss: 1.462080E-01 | loss scale: 1.0 | grad norm: 0.526122 | number of skipped iterations:   0 | number of nan iterations:   0 |
2026-08-24 01:53:12 [INFO] iteration      614/    1000 | consumed samples:        58944 | elapsed time per iteration (ms): 4069.9 | throughput (samples/sec/per_device): 2.948 | learning rate: 8.931562E-06 | global batch size:    96 | action loss: 1.697067E-01 | loss scale: 1.0 | grad norm: 0.501120 | number of skipped iterations:   0 | number of nan iterations:   0 |
2026-08-24 01:53:15 [INFO] iteration      615/    1000 | consumed samples:        59040 | elapsed time per iteration (ms): 2773.6 | throughput (samples/sec/per_device): 4.326 | learning rate: 8.895758E-06 | global batch size:    96 | action loss: 1.311712E-01 | loss scale: 1.0 | grad norm: 0.493818 | number of skipped iterations:   0 | number of nan iterations:   0 |
2026-08-24 01:53:18 [INFO] iteration      616/    1000 | consumed samples:        59136 | elapsed time per iteration (ms): 2982.9 | throughput (samples/sec/per_device): 4.023 | learning rate: 8.859996E-06 | global batch size:    96 | action loss: 1.689830E-01 | loss scale: 1.0 | grad norm: 0.566674 | number of skipped iterations:   0 | number of nan iterations:   0 |
2026-08-24 01:53:20 [INFO] iteration      617/    1000 | consumed samples:        59232 | elapsed time per iteration (ms): 2379.0 | throughput (samples/sec/per_device): 5.044 | learning rate: 8.824275E-06 | global batch size:    96 | action loss: 1.700731E-01 | loss scale: 1.0 | grad norm: 0.547176 | number of skipped iterations:   0 | number of nan iterations:   0 |
2026-08-24 01:53:25 [INFO] iteration      618/    1000 | consumed samples:        59328 | elapsed time per iteration (ms): 4190.8 | throughput (samples/sec/per_device): 2.863 | learning rate: 8.788596E-06 | global batch size:    96 | action loss: 1.655816E-01 | loss scale: 1.0 | grad norm: 0.495314 | number of skipped iterations:   0 | number of nan iterations:   0 |
2026-08-24 01:53:27 [INFO] iteration      619/    1000 | consumed samples:        59424 | elapsed time per iteration (ms): 2416.6 | throughput (samples/sec/per_device): 4.966 | learning rate: 8.752959E-06 | global batch size:    96 | action loss: 1.428478E-01 | loss scale: 1.0 | grad norm: 0.483868 | number of skipped iterations:   0 | number of nan iterations:   0 |
2026-08-24 01:53:30 [INFO] iteration      620/    1000 | consumed samples:        59520 | elapsed time per iteration (ms): 2883.0 | throughput (samples/sec/per_device): 4.162 | learning rate: 8.717365E-06 | global batch size:    96 | action loss: 1.508466E-01 | loss scale: 1.0 | grad norm: 0.467164 | number of skipped iterations:   0 | number of nan iterations:   0 |
2026-08-24 01:53:30 [INFO] max time across ranks (ms):
    forward-backward................................: 2750.32
    forward-compute.................................: 1115.24
    backward-compute................................: 2471.19
    batch-generator.................................: 3.44
    nan-grad-cleanup................................: 13.23
    grad-clip.......................................: 33.29
    optimizer.......................................: 87.44
    optimizer-inner-step............................: 87.32
    optimizer-scheduler-step........................: 0.07
    optimizer-zero-grad.............................: 0.71
2026-08-24 01:53:34 [INFO] iteration      621/    1000 | consumed samples:        59616 | elapsed time per iteration (ms): 3876.8 | throughput (samples/sec/per_device): 3.095 | learning rate: 8.681815E-06 | global batch size:    96 | action loss: 1.559893E-01 | loss scale: 1.0 | grad norm: 0.495513 | number of skipped iterations:   0 | number of nan iterations:   0 |
2026-08-24 01:53:36 [INFO] iteration      622/    1000 | consumed samples:        59712 | elapsed time per iteration (ms): 2438.1 | throughput (samples/sec/per_device): 4.922 | learning rate: 8.646308E-06 | global batch size:    96 | action loss: 1.423471E-01 | loss scale: 1.0 | grad norm: 0.501197 | number of skipped iterations:   0 | number of nan iterations:   0 |
2026-08-24 01:53:39 [INFO] iteration      623/    1000 | consumed samples:        59808 | elapsed time per iteration (ms): 2412.1 | throughput (samples/sec/per_device): 4.975 | learning rate: 8.610844E-06 | global batch size:    96 | action loss: 1.332224E-01 | loss scale: 1.0 | grad norm: 0.502158 | number of skipped iterations:   0 | number of nan iterations:   0 |
2026-08-24 01:53:42 [INFO] iteration      624/    1000 | consumed samples:        59904 | elapsed time per iteration (ms): 2997.0 | throughput (samples/sec/per_device): 4.004 | learning rate: 8.575425E-06 | global batch size:    96 | action loss: 1.464486E-01 | loss scale: 1.0 | grad norm: 0.496553 | number of skipped iterations:   0 | number of nan iterations:   0 |
2026-08-24 01:53:46 [INFO] iteration      625/    1000 | consumed samples:        60000 | elapsed time per iteration (ms): 4018.2 | throughput (samples/sec/per_device): 2.986 | learning rate: 8.540051E-06 | global batch size:    96 | action loss: 1.841997E-01 | loss scale: 1.0 | grad norm: 0.518497 | number of skipped iterations:   0 | number of nan iterations:   0 |
2026-08-24 01:53:48 [INFO] iteration      626/    1000 | consumed samples:        60096 | elapsed time per iteration (ms): 2420.8 | throughput (samples/sec/per_device): 4.957 | learning rate: 8.504721E-06 | global batch size:    96 | action loss: 1.843258E-01 | loss scale: 1.0 | grad norm: 0.524828 | number of skipped iterations:   0 | number of nan iterations:   0 |
2026-08-24 01:53:51 [INFO] iteration      627/    1000 | consumed samples:        60192 | elapsed time per iteration (ms): 2873.1 | throughput (samples/sec/per_device): 4.177 | learning rate: 8.469436E-06 | global batch size:    96 | action loss: 1.531552E-01 | loss scale: 1.0 | grad norm: 0.530978 | number of skipped iterations:   0 | number of nan iterations:   0 |
2026-08-24 01:53:56 [INFO] iteration      628/    1000 | consumed samples:        60288 | elapsed time per iteration (ms): 5172.3 | throughput (samples/sec/per_device): 2.320 | learning rate: 8.434198E-06 | global batch size:    96 | action loss: 1.791604E-01 | loss scale: 1.0 | grad norm: 0.536621 | number of skipped iterations:   0 | number of nan iterations:   0 |
2026-08-24 01:53:59 [INFO] iteration      629/    1000 | consumed samples:        60384 | elapsed time per iteration (ms): 2453.5 | throughput (samples/sec/per_device): 4.891 | learning rate: 8.399005E-06 | global batch size:    96 | action loss: 1.571127E-01 | loss scale: 1.0 | grad norm: 0.574865 | number of skipped iterations:   0 | number of nan iterations:   0 |
2026-08-24 01:54:02 [INFO] iteration      630/    1000 | consumed samples:        60480 | elapsed time per iteration (ms): 3229.9 | throughput (samples/sec/per_device): 3.715 | learning rate: 8.363858E-06 | global batch size:    96 | action loss: 1.651726E-01 | loss scale: 1.0 | grad norm: 0.554660 | number of skipped iterations:   0 | number of nan iterations:   0 |
2026-08-24 01:54:05 [INFO] iteration      631/    1000 | consumed samples:        60576 | elapsed time per iteration (ms): 3267.6 | throughput (samples/sec/per_device): 3.672 | learning rate: 8.328759E-06 | global batch size:    96 | action loss: 1.660977E-01 | loss scale: 1.0 | grad norm: 0.533286 | number of skipped iterations:   0 | number of nan iterations:   0 |
2026-08-24 01:54:09 [INFO] iteration      632/    1000 | consumed samples:        60672 | elapsed time per iteration (ms): 3771.9 | throughput (samples/sec/per_device): 3.181 | learning rate: 8.293706E-06 | global batch size:    96 | action loss: 1.829783E-01 | loss scale: 1.0 | grad norm: 0.533678 | number of skipped iterations:   0 | number of nan iterations:   0 |
2026-08-24 01:54:11 [INFO] iteration      633/    1000 | consumed samples:        60768 | elapsed time per iteration (ms): 2135.8 | throughput (samples/sec/per_device): 5.618 | learning rate: 8.258701E-06 | global batch size:    96 | action loss: 1.624038E-01 | loss scale: 1.0 | grad norm: 0.531329 | number of skipped iterations:   0 | number of nan iterations:   0 |
2026-08-24 01:54:14 [INFO] iteration      634/    1000 | consumed samples:        60864 | elapsed time per iteration (ms): 2834.4 | throughput (samples/sec/per_device): 4.234 | learning rate: 8.223743E-06 | global batch size:    96 | action loss: 1.591688E-01 | loss scale: 1.0 | grad norm: 0.508088 | number of skipped iterations:   0 | number of nan iterations:   0 |
2026-08-24 01:54:16 [INFO] iteration      635/    1000 | consumed samples:        60960 | elapsed time per iteration (ms): 2546.3 | throughput (samples/sec/per_device): 4.713 | learning rate: 8.188834E-06 | global batch size:    96 | action loss: 1.593269E-01 | loss scale: 1.0 | grad norm: 0.525663 | number of skipped iterations:   0 | number of nan iterations:   0 |
2026-08-24 01:54:20 [INFO] iteration      636/    1000 | consumed samples:        61056 | elapsed time per iteration (ms): 3675.1 | throughput (samples/sec/per_device): 3.265 | learning rate: 8.153973E-06 | global batch size:    96 | action loss: 1.786536E-01 | loss scale: 1.0 | grad norm: 0.524740 | number of skipped iterations:   0 | number of nan iterations:   0 |
2026-08-24 01:54:23 [INFO] iteration      637/    1000 | consumed samples:        61152 | elapsed time per iteration (ms): 3081.8 | throughput (samples/sec/per_device): 3.894 | learning rate: 8.119160E-06 | global batch size:    96 | action loss: 1.450007E-01 | loss scale: 1.0 | grad norm: 0.520423 | number of skipped iterations:   0 | number of nan iterations:   0 |
2026-08-24 01:54:26 [INFO] iteration      638/    1000 | consumed samples:        61248 | elapsed time per iteration (ms): 2780.7 | throughput (samples/sec/per_device): 4.316 | learning rate: 8.084397E-06 | global batch size:    96 | action loss: 1.763819E-01 | loss scale: 1.0 | grad norm: 0.529458 | number of skipped iterations:   0 | number of nan iterations:   0 |
2026-08-24 01:54:30 [INFO] iteration      639/    1000 | consumed samples:        61344 | elapsed time per iteration (ms): 4080.4 | throughput (samples/sec/per_device): 2.941 | learning rate: 8.049684E-06 | global batch size:    96 | action loss: 1.598747E-01 | loss scale: 1.0 | grad norm: 0.507707 | number of skipped iterations:   0 | number of nan iterations:   0 |
2026-08-24 01:54:33 [INFO] iteration      640/    1000 | consumed samples:        61440 | elapsed time per iteration (ms): 2788.4 | throughput (samples/sec/per_device): 4.303 | learning rate: 8.015020E-06 | global batch size:    96 | action loss: 1.301201E-01 | loss scale: 1.0 | grad norm: 0.498296 | number of skipped iterations:   0 | number of nan iterations:   0 |
2026-08-24 01:54:33 [INFO] max time across ranks (ms):
    forward-backward................................: 2647.45
    forward-compute.................................: 993.46
    backward-compute................................: 2370.16
    batch-generator.................................: 1.57
    nan-grad-cleanup................................: 14.54
    grad-clip.......................................: 39.39
    optimizer.......................................: 95.89
    optimizer-inner-step............................: 95.78
    optimizer-scheduler-step........................: 0.08
    optimizer-zero-grad.............................: 0.41
2026-08-24 01:54:35 [INFO] iteration      641/    1000 | consumed samples:        61536 | elapsed time per iteration (ms): 2627.2 | throughput (samples/sec/per_device): 4.568 | learning rate: 7.980406E-06 | global batch size:    96 | action loss: 1.468625E-01 | loss scale: 1.0 | grad norm: 0.512613 | number of skipped iterations:   0 | number of nan iterations:   0 |
2026-08-24 01:54:38 [INFO] iteration      642/    1000 | consumed samples:        61632 | elapsed time per iteration (ms): 2285.3 | throughput (samples/sec/per_device): 5.251 | learning rate: 7.945843E-06 | global batch size:    96 | action loss: 1.668166E-01 | loss scale: 1.0 | grad norm: 0.510181 | number of skipped iterations:   0 | number of nan iterations:   0 |
2026-08-24 01:54:41 [INFO] iteration      643/    1000 | consumed samples:        61728 | elapsed time per iteration (ms): 3394.0 | throughput (samples/sec/per_device): 3.536 | learning rate: 7.911331E-06 | global batch size:    96 | action loss: 1.507668E-01 | loss scale: 1.0 | grad norm: 0.493029 | number of skipped iterations:   0 | number of nan iterations:   0 |
2026-08-24 01:54:43 [INFO] iteration      644/    1000 | consumed samples:        61824 | elapsed time per iteration (ms): 2218.3 | throughput (samples/sec/per_device): 5.409 | learning rate: 7.876870E-06 | global batch size:    96 | action loss: 1.532063E-01 | loss scale: 1.0 | grad norm: 0.489253 | number of skipped iterations:   0 | number of nan iterations:   0 |
2026-08-24 01:54:46 [INFO] iteration      645/    1000 | consumed samples:        61920 | elapsed time per iteration (ms): 2702.8 | throughput (samples/sec/per_device): 4.440 | learning rate: 7.842461E-06 | global batch size:    96 | action loss: 1.640291E-01 | loss scale: 1.0 | grad norm: 0.558731 | number of skipped iterations:   0 | number of nan iterations:   0 |
2026-08-24 01:54:49 [INFO] iteration      646/    1000 | consumed samples:        62016 | elapsed time per iteration (ms): 2977.5 | throughput (samples/sec/per_device): 4.030 | learning rate: 7.808104E-06 | global batch size:    96 | action loss: 1.779836E-01 | loss scale: 1.0 | grad norm: 0.565485 | number of skipped iterations:   0 | number of nan iterations:   0 |
2026-08-24 01:54:53 [INFO] iteration      647/    1000 | consumed samples:        62112 | elapsed time per iteration (ms): 4004.7 | throughput (samples/sec/per_device): 2.997 | learning rate: 7.773799E-06 | global batch size:    96 | action loss: 1.556405E-01 | loss scale: 1.0 | grad norm: 0.571333 | number of skipped iterations:   0 | number of nan iterations:   0 |
2026-08-24 01:54:58 [INFO] iteration      648/    1000 | consumed samples:        62208 | elapsed time per iteration (ms): 4951.3 | throughput (samples/sec/per_device): 2.424 | learning rate: 7.739546E-06 | global batch size:    96 | action loss: 1.494591E-01 | loss scale: 1.0 | grad norm: 0.511318 | number of skipped iterations:   0 | number of nan iterations:   0 |
2026-08-24 01:55:01 [INFO] iteration      649/    1000 | consumed samples:        62304 | elapsed time per iteration (ms): 2628.3 | throughput (samples/sec/per_device): 4.566 | learning rate: 7.705347E-06 | global batch size:    96 | action loss: 1.466743E-01 | loss scale: 1.0 | grad norm: 0.552123 | number of skipped iterations:   0 | number of nan iterations:   0 |
2026-08-24 01:55:04 [INFO] iteration      650/    1000 | consumed samples:        62400 | elapsed time per iteration (ms): 3437.9 | throughput (samples/sec/per_device): 3.490 | learning rate: 7.671201E-06 | global batch size:    96 | action loss: 1.610079E-01 | loss scale: 1.0 | grad norm: 0.501550 | number of skipped iterations:   0 | number of nan iterations:   0 |
2026-08-24 01:55:07 [INFO] iteration      651/    1000 | consumed samples:        62496 | elapsed time per iteration (ms): 2629.2 | throughput (samples/sec/per_device): 4.564 | learning rate: 7.637108E-06 | global batch size:    96 | action loss: 1.522079E-01 | loss scale: 1.0 | grad norm: 0.504575 | number of skipped iterations:   0 | number of nan iterations:   0 |
2026-08-24 01:55:09 [INFO] iteration      652/    1000 | consumed samples:        62592 | elapsed time per iteration (ms): 2807.4 | throughput (samples/sec/per_device): 4.274 | learning rate: 7.603070E-06 | global batch size:    96 | action loss: 1.589536E-01 | loss scale: 1.0 | grad norm: 0.521826 | number of skipped iterations:   0 | number of nan iterations:   0 |
2026-08-24 01:55:12 [INFO] iteration      653/    1000 | consumed samples:        62688 | elapsed time per iteration (ms): 2754.4 | throughput (samples/sec/per_device): 4.357 | learning rate: 7.569086E-06 | global batch size:    96 | action loss: 1.539529E-01 | loss scale: 1.0 | grad norm: 0.548748 | number of skipped iterations:   0 | number of nan iterations:   0 |
2026-08-24 01:55:13 [INFO] PowerSGDPlusState restart: iter=352 compressed_iter=350 method=approximate rank=1 apply_exact=False
2026-08-24 01:55:19 [INFO] iteration      654/    1000 | consumed samples:        62784 | elapsed time per iteration (ms): 6900.0 | throughput (samples/sec/per_device): 1.739 | learning rate: 7.535156E-06 | global batch size:    96 | action loss: 1.899143E-01 | loss scale: 1.0 | grad norm: 0.607892 | number of skipped iterations:   0 | number of nan iterations:   0 |
2026-08-24 01:55:23 [INFO] iteration      655/    1000 | consumed samples:        62880 | elapsed time per iteration (ms): 3597.3 | throughput (samples/sec/per_device): 3.336 | learning rate: 7.501282E-06 | global batch size:    96 | action loss: 1.502101E-01 | loss scale: 1.0 | grad norm: 0.479087 | number of skipped iterations:   0 | number of nan iterations:   0 |
2026-08-24 01:55:28 [INFO] iteration      656/    1000 | consumed samples:        62976 | elapsed time per iteration (ms): 4859.3 | throughput (samples/sec/per_device): 2.469 | learning rate: 7.467463E-06 | global batch size:    96 | action loss: 2.145213E-01 | loss scale: 1.0 | grad norm: 0.504284 | number of skipped iterations:   0 | number of nan iterations:   0 |
2026-08-24 01:55:30 [INFO] iteration      657/    1000 | consumed samples:        63072 | elapsed time per iteration (ms): 2121.7 | throughput (samples/sec/per_device): 5.656 | learning rate: 7.433699E-06 | global batch size:    96 | action loss: 1.652028E-01 | loss scale: 1.0 | grad norm: 0.537325 | number of skipped iterations:   0 | number of nan iterations:   0 |
2026-08-24 01:55:32 [INFO] iteration      658/    1000 | consumed samples:        63168 | elapsed time per iteration (ms): 2418.5 | throughput (samples/sec/per_device): 4.962 | learning rate: 7.399992E-06 | global batch size:    96 | action loss: 1.383939E-01 | loss scale: 1.0 | grad norm: 0.489258 | number of skipped iterations:   0 | number of nan iterations:   0 |
2026-08-24 01:55:34 [INFO] iteration      659/    1000 | consumed samples:        63264 | elapsed time per iteration (ms): 2322.6 | throughput (samples/sec/per_device): 5.167 | learning rate: 7.366341E-06 | global batch size:    96 | action loss: 1.830897E-01 | loss scale: 1.0 | grad norm: 0.490153 | number of skipped iterations:   0 | number of nan iterations:   0 |
2026-08-24 01:55:39 [INFO] iteration      660/    1000 | consumed samples:        63360 | elapsed time per iteration (ms): 4064.0 | throughput (samples/sec/per_device): 2.953 | learning rate: 7.332747E-06 | global batch size:    96 | action loss: 1.621436E-01 | loss scale: 1.0 | grad norm: 0.473208 | number of skipped iterations:   0 | number of nan iterations:   0 |
2026-08-24 01:55:39 [INFO] max time across ranks (ms):
    forward-backward................................: 3933.61
    forward-compute.................................: 1006.77
    backward-compute................................: 3656.23
    batch-generator.................................: 2.07
    nan-grad-cleanup................................: 13.30
    grad-clip.......................................: 32.03
    optimizer.......................................: 84.26
    optimizer-inner-step............................: 84.17
    optimizer-scheduler-step........................: 0.08
    optimizer-zero-grad.............................: 0.72
2026-08-24 01:55:41 [INFO] iteration      661/    1000 | consumed samples:        63456 | elapsed time per iteration (ms): 2006.3 | throughput (samples/sec/per_device): 5.981 | learning rate: 7.299210E-06 | global batch size:    96 | action loss: 1.582278E-01 | loss scale: 1.0 | grad norm: 0.476434 | number of skipped iterations:   0 | number of nan iterations:   0 |
2026-08-24 01:55:43 [INFO] iteration      662/    1000 | consumed samples:        63552 | elapsed time per iteration (ms): 2589.2 | throughput (samples/sec/per_device): 4.635 | learning rate: 7.265730E-06 | global batch size:    96 | action loss: 1.512845E-01 | loss scale: 1.0 | grad norm: 0.528736 | number of skipped iterations:   0 | number of nan iterations:   0 |
2026-08-24 01:55:46 [INFO] iteration      663/    1000 | consumed samples:        63648 | elapsed time per iteration (ms): 2558.2 | throughput (samples/sec/per_device): 4.691 | learning rate: 7.232308E-06 | global batch size:    96 | action loss: 1.485931E-01 | loss scale: 1.0 | grad norm: 0.536030 | number of skipped iterations:   0 | number of nan iterations:   0 |
2026-08-24 01:55:50 [INFO] iteration      664/    1000 | consumed samples:        63744 | elapsed time per iteration (ms): 3836.3 | throughput (samples/sec/per_device): 3.128 | learning rate: 7.198945E-06 | global batch size:    96 | action loss: 1.473253E-01 | loss scale: 1.0 | grad norm: 0.471822 | number of skipped iterations:   0 | number of nan iterations:   0 |
2026-08-24 01:55:53 [INFO] iteration      665/    1000 | consumed samples:        63840 | elapsed time per iteration (ms): 3020.4 | throughput (samples/sec/per_device): 3.973 | learning rate: 7.165639E-06 | global batch size:    96 | action loss: 1.874893E-01 | loss scale: 1.0 | grad norm: 0.528816 | number of skipped iterations:   0 | number of nan iterations:   0 |
2026-08-24 01:55:55 [INFO] iteration      666/    1000 | consumed samples:        63936 | elapsed time per iteration (ms): 2854.2 | throughput (samples/sec/per_device): 4.204 | learning rate: 7.132392E-06 | global batch size:    96 | action loss: 1.857122E-01 | loss scale: 1.0 | grad norm: 0.540658 | number of skipped iterations:   0 | number of nan iterations:   0 |
2026-08-24 01:56:01 [INFO] iteration      667/    1000 | consumed samples:        64032 | elapsed time per iteration (ms): 5806.7 | throughput (samples/sec/per_device): 2.067 | learning rate: 7.099205E-06 | global batch size:    96 | action loss: 1.871524E-01 | loss scale: 1.0 | grad norm: 0.546877 | number of skipped iterations:   0 | number of nan iterations:   0 |
2026-08-24 01:56:04 [INFO] iteration      668/    1000 | consumed samples:        64128 | elapsed time per iteration (ms): 2913.0 | throughput (samples/sec/per_device): 4.120 | learning rate: 7.066077E-06 | global batch size:    96 | action loss: 1.536876E-01 | loss scale: 1.0 | grad norm: 0.487927 | number of skipped iterations:   0 | number of nan iterations:   0 |
2026-08-24 01:56:07 [INFO] iteration      669/    1000 | consumed samples:        64224 | elapsed time per iteration (ms): 2450.7 | throughput (samples/sec/per_device): 4.897 | learning rate: 7.033008E-06 | global batch size:    96 | action loss: 1.532225E-01 | loss scale: 1.0 | grad norm: 0.486858 | number of skipped iterations:   0 | number of nan iterations:   0 |
2026-08-24 01:56:09 [INFO] iteration      670/    1000 | consumed samples:        64320 | elapsed time per iteration (ms): 2202.9 | throughput (samples/sec/per_device): 5.447 | learning rate: 7.000000E-06 | global batch size:    96 | action loss: 1.556526E-01 | loss scale: 1.0 | grad norm: 0.526583 | number of skipped iterations:   0 | number of nan iterations:   0 |
2026-08-24 01:56:12 [INFO] iteration      671/    1000 | consumed samples:        64416 | elapsed time per iteration (ms): 3148.4 | throughput (samples/sec/per_device): 3.811 | learning rate: 6.967052E-06 | global batch size:    96 | action loss: 1.539561E-01 | loss scale: 1.0 | grad norm: 0.547321 | number of skipped iterations:   0 | number of nan iterations:   0 |
2026-08-24 01:56:15 [INFO] iteration      672/    1000 | consumed samples:        64512 | elapsed time per iteration (ms): 3051.6 | throughput (samples/sec/per_device): 3.932 | learning rate: 6.934165E-06 | global batch size:    96 | action loss: 1.510952E-01 | loss scale: 1.0 | grad norm: 0.517372 | number of skipped iterations:   0 | number of nan iterations:   0 |
2026-08-24 01:56:18 [INFO] iteration      673/    1000 | consumed samples:        64608 | elapsed time per iteration (ms): 3102.9 | throughput (samples/sec/per_device): 3.867 | learning rate: 6.901339E-06 | global batch size:    96 | action loss: 1.637786E-01 | loss scale: 1.0 | grad norm: 0.515546 | number of skipped iterations:   0 | number of nan iterations:   0 |
2026-08-24 01:56:21 [INFO] iteration      674/    1000 | consumed samples:        64704 | elapsed time per iteration (ms): 2555.6 | throughput (samples/sec/per_device): 4.696 | learning rate: 6.868574E-06 | global batch size:    96 | action loss: 1.542861E-01 | loss scale: 1.0 | grad norm: 0.545947 | number of skipped iterations:   0 | number of nan iterations:   0 |
2026-08-24 01:56:25 [INFO] iteration      675/    1000 | consumed samples:        64800 | elapsed time per iteration (ms): 4003.1 | throughput (samples/sec/per_device): 2.998 | learning rate: 6.835871E-06 | global batch size:    96 | action loss: 1.643688E-01 | loss scale: 1.0 | grad norm: 0.514966 | number of skipped iterations:   0 | number of nan iterations:   0 |
2026-08-24 01:56:27 [INFO] iteration      676/    1000 | consumed samples:        64896 | elapsed time per iteration (ms): 2478.1 | throughput (samples/sec/per_device): 4.843 | learning rate: 6.803230E-06 | global batch size:    96 | action loss: 1.832263E-01 | loss scale: 1.0 | grad norm: 0.540372 | number of skipped iterations:   0 | number of nan iterations:   0 |
2026-08-24 01:56:29 [INFO] iteration      677/    1000 | consumed samples:        64992 | elapsed time per iteration (ms): 2278.9 | throughput (samples/sec/per_device): 5.266 | learning rate: 6.770652E-06 | global batch size:    96 | action loss: 1.838658E-01 | loss scale: 1.0 | grad norm: 0.560225 | number of skipped iterations:   0 | number of nan iterations:   0 |
2026-08-24 01:56:32 [INFO] iteration      678/    1000 | consumed samples:        65088 | elapsed time per iteration (ms): 2548.4 | throughput (samples/sec/per_device): 4.709 | learning rate: 6.738136E-06 | global batch size:    96 | action loss: 1.368388E-01 | loss scale: 1.0 | grad norm: 0.524070 | number of skipped iterations:   0 | number of nan iterations:   0 |
2026-08-24 01:56:36 [INFO] iteration      679/    1000 | consumed samples:        65184 | elapsed time per iteration (ms): 3569.2 | throughput (samples/sec/per_device): 3.362 | learning rate: 6.705684E-06 | global batch size:    96 | action loss: 1.766161E-01 | loss scale: 1.0 | grad norm: 0.555089 | number of skipped iterations:   0 | number of nan iterations:   0 |
2026-08-24 01:56:38 [INFO] iteration      680/    1000 | consumed samples:        65280 | elapsed time per iteration (ms): 2777.5 | throughput (samples/sec/per_device): 4.320 | learning rate: 6.673294E-06 | global batch size:    96 | action loss: 1.769830E-01 | loss scale: 1.0 | grad norm: 0.532512 | number of skipped iterations:   0 | number of nan iterations:   0 |
2026-08-24 01:56:38 [INFO] max time across ranks (ms):
    forward-backward................................: 2647.62
    forward-compute.................................: 576.20
    backward-compute................................: 2370.93
    batch-generator.................................: 1.55
    nan-grad-cleanup................................: 13.13
    grad-clip.......................................: 32.72
    optimizer.......................................: 84.55
    optimizer-inner-step............................: 84.44
    optimizer-scheduler-step........................: 0.08
    optimizer-zero-grad.............................: 0.40
2026-08-24 01:56:41 [INFO] iteration      681/    1000 | consumed samples:        65376 | elapsed time per iteration (ms): 2955.1 | throughput (samples/sec/per_device): 4.061 | learning rate: 6.640969E-06 | global batch size:    96 | action loss: 1.487937E-01 | loss scale: 1.0 | grad norm: 0.536565 | number of skipped iterations:   0 | number of nan iterations:   0 |
2026-08-24 01:56:45 [INFO] iteration      682/    1000 | consumed samples:        65472 | elapsed time per iteration (ms): 3964.3 | throughput (samples/sec/per_device): 3.027 | learning rate: 6.608707E-06 | global batch size:    96 | action loss: 1.505428E-01 | loss scale: 1.0 | grad norm: 0.519325 | number of skipped iterations:   0 | number of nan iterations:   0 |
2026-08-24 01:56:47 [INFO] iteration      683/    1000 | consumed samples:        65568 | elapsed time per iteration (ms): 2111.7 | throughput (samples/sec/per_device): 5.683 | learning rate: 6.576510E-06 | global batch size:    96 | action loss: 1.498039E-01 | loss scale: 1.0 | grad norm: 0.553464 | number of skipped iterations:   0 | number of nan iterations:   0 |
2026-08-24 01:56:50 [INFO] iteration      684/    1000 | consumed samples:        65664 | elapsed time per iteration (ms): 2550.7 | throughput (samples/sec/per_device): 4.705 | learning rate: 6.544378E-06 | global batch size:    96 | action loss: 2.066244E-01 | loss scale: 1.0 | grad norm: 0.547043 | number of skipped iterations:   0 | number of nan iterations:   0 |
2026-08-24 01:56:52 [INFO] iteration      685/    1000 | consumed samples:        65760 | elapsed time per iteration (ms): 2439.5 | throughput (samples/sec/per_device): 4.919 | learning rate: 6.512310E-06 | global batch size:    96 | action loss: 1.644613E-01 | loss scale: 1.0 | grad norm: 0.588715 | number of skipped iterations:   0 | number of nan iterations:   0 |
2026-08-24 01:56:55 [INFO] iteration      686/    1000 | consumed samples:        65856 | elapsed time per iteration (ms): 2584.2 | throughput (samples/sec/per_device): 4.644 | learning rate: 6.480308E-06 | global batch size:    96 | action loss: 1.425734E-01 | loss scale: 1.0 | grad norm: 0.584653 | number of skipped iterations:   0 | number of nan iterations:   0 |
2026-08-24 01:56:59 [INFO] iteration      687/    1000 | consumed samples:        65952 | elapsed time per iteration (ms): 3732.5 | throughput (samples/sec/per_device): 3.215 | learning rate: 6.448372E-06 | global batch size:    96 | action loss: 1.683510E-01 | loss scale: 1.0 | grad norm: 0.519789 | number of skipped iterations:   0 | number of nan iterations:   0 |
2026-08-24 01:57:01 [INFO] iteration      688/    1000 | consumed samples:        66048 | elapsed time per iteration (ms): 2405.1 | throughput (samples/sec/per_device): 4.989 | learning rate: 6.416501E-06 | global batch size:    96 | action loss: 1.573745E-01 | loss scale: 1.0 | grad norm: 0.566709 | number of skipped iterations:   0 | number of nan iterations:   0 |
2026-08-24 01:57:06 [INFO] iteration      689/    1000 | consumed samples:        66144 | elapsed time per iteration (ms): 4746.1 | throughput (samples/sec/per_device): 2.528 | learning rate: 6.384697E-06 | global batch size:    96 | action loss: 1.645226E-01 | loss scale: 1.0 | grad norm: 0.548191 | number of skipped iterations:   0 | number of nan iterations:   0 |
2026-08-24 01:57:09 [INFO] iteration      690/    1000 | consumed samples:        66240 | elapsed time per iteration (ms): 3674.0 | throughput (samples/sec/per_device): 3.266 | learning rate: 6.352959E-06 | global batch size:    96 | action loss: 1.594542E-01 | loss scale: 1.0 | grad norm: 0.553781 | number of skipped iterations:   0 | number of nan iterations:   0 |
2026-08-24 01:57:12 [INFO] iteration      691/    1000 | consumed samples:        66336 | elapsed time per iteration (ms): 2328.5 | throughput (samples/sec/per_device): 5.153 | learning rate: 6.321289E-06 | global batch size:    96 | action loss: 1.442140E-01 | loss scale: 1.0 | grad norm: 0.524438 | number of skipped iterations:   0 | number of nan iterations:   0 |
2026-08-24 01:57:14 [INFO] iteration      692/    1000 | consumed samples:        66432 | elapsed time per iteration (ms): 2113.7 | throughput (samples/sec/per_device): 5.677 | learning rate: 6.289685E-06 | global batch size:    96 | action loss: 1.549444E-01 | loss scale: 1.0 | grad norm: 0.520832 | number of skipped iterations:   0 | number of nan iterations:   0 |
2026-08-24 01:57:16 [INFO] iteration      693/    1000 | consumed samples:        66528 | elapsed time per iteration (ms): 2567.9 | throughput (samples/sec/per_device): 4.673 | learning rate: 6.258149E-06 | global batch size:    96 | action loss: 1.458526E-01 | loss scale: 1.0 | grad norm: 0.501074 | number of skipped iterations:   0 | number of nan iterations:   0 |
2026-08-24 01:57:20 [INFO] iteration      694/    1000 | consumed samples:        66624 | elapsed time per iteration (ms): 3625.8 | throughput (samples/sec/per_device): 3.310 | learning rate: 6.226681E-06 | global batch size:    96 | action loss: 1.674159E-01 | loss scale: 1.0 | grad norm: 0.502801 | number of skipped iterations:   0 | number of nan iterations:   0 |
2026-08-24 01:57:23 [INFO] iteration      695/    1000 | consumed samples:        66720 | elapsed time per iteration (ms): 2386.6 | throughput (samples/sec/per_device): 5.028 | learning rate: 6.195282E-06 | global batch size:    96 | action loss: 1.666529E-01 | loss scale: 1.0 | grad norm: 0.532660 | number of skipped iterations:   0 | number of nan iterations:   0 |
2026-08-24 01:57:25 [INFO] iteration      696/    1000 | consumed samples:        66816 | elapsed time per iteration (ms): 2759.3 | throughput (samples/sec/per_device): 4.349 | learning rate: 6.163950E-06 | global batch size:    96 | action loss: 1.526007E-01 | loss scale: 1.0 | grad norm: 0.548446 | number of skipped iterations:   0 | number of nan iterations:   0 |
2026-08-24 01:57:28 [INFO] iteration      697/    1000 | consumed samples:        66912 | elapsed time per iteration (ms): 2978.0 | throughput (samples/sec/per_device): 4.030 | learning rate: 6.132688E-06 | global batch size:    96 | action loss: 1.428754E-01 | loss scale: 1.0 | grad norm: 0.557271 | number of skipped iterations:   0 | number of nan iterations:   0 |
2026-08-24 01:57:33 [INFO] iteration      698/    1000 | consumed samples:        67008 | elapsed time per iteration (ms): 4290.6 | throughput (samples/sec/per_device): 2.797 | learning rate: 6.101495E-06 | global batch size:    96 | action loss: 1.501986E-01 | loss scale: 1.0 | grad norm: 0.558570 | number of skipped iterations:   0 | number of nan iterations:   0 |
2026-08-24 01:57:35 [INFO] iteration      699/    1000 | consumed samples:        67104 | elapsed time per iteration (ms): 2485.8 | throughput (samples/sec/per_device): 4.827 | learning rate: 6.070371E-06 | global batch size:    96 | action loss: 1.529100E-01 | loss scale: 1.0 | grad norm: 0.540485 | number of skipped iterations:   0 | number of nan iterations:   0 |
2026-08-24 01:57:38 [INFO] iteration      700/    1000 | consumed samples:        67200 | elapsed time per iteration (ms): 3100.0 | throughput (samples/sec/per_device): 3.871 | learning rate: 6.039317E-06 | global batch size:    96 | action loss: 1.572441E-01 | loss scale: 1.0 | grad norm: 0.534637 | number of skipped iterations:   0 | number of nan iterations:   0 |
2026-08-24 01:57:38 [INFO] max time across ranks (ms):
    forward-backward................................: 2514.82
    forward-compute.................................: 627.71
    backward-compute................................: 2236.57
    batch-generator.................................: 2.53
    nan-grad-cleanup................................: 13.10
    grad-clip.......................................: 32.79
    optimizer.......................................: 115.30
    optimizer-inner-step............................: 115.20
    optimizer-scheduler-step........................: 0.08
    optimizer-zero-grad.............................: 0.72
2026-08-24 01:57:41 [INFO] iteration      701/    1000 | consumed samples:        67296 | elapsed time per iteration (ms): 2446.2 | throughput (samples/sec/per_device): 4.906 | learning rate: 6.008333E-06 | global batch size:    96 | action loss: 1.807595E-01 | loss scale: 1.0 | grad norm: 0.551121 | number of skipped iterations:   0 | number of nan iterations:   0 |
2026-08-24 01:57:44 [INFO] iteration      702/    1000 | consumed samples:        67392 | elapsed time per iteration (ms): 3599.8 | throughput (samples/sec/per_device): 3.334 | learning rate: 5.977420E-06 | global batch size:    96 | action loss: 1.648697E-01 | loss scale: 1.0 | grad norm: 0.574695 | number of skipped iterations:   0 | number of nan iterations:   0 |
2026-08-24 01:57:47 [INFO] iteration      703/    1000 | consumed samples:        67488 | elapsed time per iteration (ms): 2478.3 | throughput (samples/sec/per_device): 4.842 | learning rate: 5.946577E-06 | global batch size:    96 | action loss: 1.558181E-01 | loss scale: 1.0 | grad norm: 0.559572 | number of skipped iterations:   0 | number of nan iterations:   0 |
2026-08-24 01:57:47 [INFO] PowerSGDPlusState restart: iter=402 compressed_iter=400 method=approximate rank=1 apply_exact=False
2026-08-24 01:57:54 [INFO] iteration      704/    1000 | consumed samples:        67584 | elapsed time per iteration (ms): 6867.1 | throughput (samples/sec/per_device): 1.747 | learning rate: 5.915805E-06 | global batch size:    96 | action loss: 1.437934E-01 | loss scale: 1.0 | grad norm: 0.660899 | number of skipped iterations:   0 | number of nan iterations:   0 |
2026-08-24 01:57:57 [INFO] iteration      705/    1000 | consumed samples:        67680 | elapsed time per iteration (ms): 3553.3 | throughput (samples/sec/per_device): 3.377 | learning rate: 5.885105E-06 | global batch size:    96 | action loss: 1.606902E-01 | loss scale: 1.0 | grad norm: 0.528972 | number of skipped iterations:   0 | number of nan iterations:   0 |
2026-08-24 01:58:01 [INFO] iteration      706/    1000 | consumed samples:        67776 | elapsed time per iteration (ms): 3510.2 | throughput (samples/sec/per_device): 3.419 | learning rate: 5.854476E-06 | global batch size:    96 | action loss: 1.600779E-01 | loss scale: 1.0 | grad norm: 0.518411 | number of skipped iterations:   0 | number of nan iterations:   0 |
2026-08-24 01:58:03 [INFO] iteration      707/    1000 | consumed samples:        67872 | elapsed time per iteration (ms): 2067.9 | throughput (samples/sec/per_device): 5.803 | learning rate: 5.823919E-06 | global batch size:    96 | action loss: 1.586589E-01 | loss scale: 1.0 | grad norm: 0.545876 | number of skipped iterations:   0 | number of nan iterations:   0 |
2026-08-24 01:58:08 [INFO] iteration      708/    1000 | consumed samples:        67968 | elapsed time per iteration (ms): 5654.5 | throughput (samples/sec/per_device): 2.122 | learning rate: 5.793435E-06 | global batch size:    96 | action loss: 1.477818E-01 | loss scale: 1.0 | grad norm: 0.498345 | number of skipped iterations:   0 | number of nan iterations:   0 |
2026-08-24 01:58:11 [INFO] iteration      709/    1000 | consumed samples:        68064 | elapsed time per iteration (ms): 2316.6 | throughput (samples/sec/per_device): 5.180 | learning rate: 5.763023E-06 | global batch size:    96 | action loss: 1.527247E-01 | loss scale: 1.0 | grad norm: 0.525130 | number of skipped iterations:   0 | number of nan iterations:   0 |
2026-08-24 01:58:13 [INFO] iteration      710/    1000 | consumed samples:        68160 | elapsed time per iteration (ms): 2404.6 | throughput (samples/sec/per_device): 4.990 | learning rate: 5.732684E-06 | global batch size:    96 | action loss: 1.478986E-01 | loss scale: 1.0 | grad norm: 0.523524 | number of skipped iterations:   0 | number of nan iterations:   0 |
2026-08-24 01:58:17 [INFO] iteration      711/    1000 | consumed samples:        68256 | elapsed time per iteration (ms): 3565.3 | throughput (samples/sec/per_device): 3.366 | learning rate: 5.702418E-06 | global batch size:    96 | action loss: 1.461638E-01 | loss scale: 1.0 | grad norm: 0.512493 | number of skipped iterations:   0 | number of nan iterations:   0 |
2026-08-24 01:58:19 [INFO] iteration      712/    1000 | consumed samples:        68352 | elapsed time per iteration (ms): 2253.9 | throughput (samples/sec/per_device): 5.324 | learning rate: 5.672225E-06 | global batch size:    96 | action loss: 1.531277E-01 | loss scale: 1.0 | grad norm: 0.560112 | number of skipped iterations:   0 | number of nan iterations:   0 |
2026-08-24 01:58:22 [INFO] iteration      713/    1000 | consumed samples:        68448 | elapsed time per iteration (ms): 2664.4 | throughput (samples/sec/per_device): 4.504 | learning rate: 5.642107E-06 | global batch size:    96 | action loss: 1.556432E-01 | loss scale: 1.0 | grad norm: 0.535406 | number of skipped iterations:   0 | number of nan iterations:   0 |
2026-08-24 01:58:24 [INFO] iteration      714/    1000 | consumed samples:        68544 | elapsed time per iteration (ms): 2884.1 | throughput (samples/sec/per_device): 4.161 | learning rate: 5.612062E-06 | global batch size:    96 | action loss: 1.589970E-01 | loss scale: 1.0 | grad norm: 0.504911 | number of skipped iterations:   0 | number of nan iterations:   0 |
2026-08-24 01:58:26 [INFO] iteration      715/    1000 | consumed samples:        68640 | elapsed time per iteration (ms): 2015.1 | throughput (samples/sec/per_device): 5.955 | learning rate: 5.582092E-06 | global batch size:    96 | action loss: 1.505226E-01 | loss scale: 1.0 | grad norm: 0.506937 | number of skipped iterations:   0 | number of nan iterations:   0 |
2026-08-24 01:58:30 [INFO] iteration      716/    1000 | consumed samples:        68736 | elapsed time per iteration (ms): 3285.2 | throughput (samples/sec/per_device): 3.653 | learning rate: 5.552197E-06 | global batch size:    96 | action loss: 1.646759E-01 | loss scale: 1.0 | grad norm: 0.487847 | number of skipped iterations:   0 | number of nan iterations:   0 |
2026-08-24 01:58:32 [INFO] iteration      717/    1000 | consumed samples:        68832 | elapsed time per iteration (ms): 2323.6 | throughput (samples/sec/per_device): 5.164 | learning rate: 5.522376E-06 | global batch size:    96 | action loss: 1.544908E-01 | loss scale: 1.0 | grad norm: 0.503560 | number of skipped iterations:   0 | number of nan iterations:   0 |
2026-08-24 01:58:35 [INFO] iteration      718/    1000 | consumed samples:        68928 | elapsed time per iteration (ms): 2767.7 | throughput (samples/sec/per_device): 4.336 | learning rate: 5.492631E-06 | global batch size:    96 | action loss: 1.607499E-01 | loss scale: 1.0 | grad norm: 0.500354 | number of skipped iterations:   0 | number of nan iterations:   0 |
2026-08-24 01:58:37 [INFO] iteration      719/    1000 | consumed samples:        69024 | elapsed time per iteration (ms): 2642.6 | throughput (samples/sec/per_device): 4.541 | learning rate: 5.462962E-06 | global batch size:    96 | action loss: 1.539963E-01 | loss scale: 1.0 | grad norm: 0.504113 | number of skipped iterations:   0 | number of nan iterations:   0 |
2026-08-24 01:58:41 [INFO] iteration      720/    1000 | consumed samples:        69120 | elapsed time per iteration (ms): 3992.5 | throughput (samples/sec/per_device): 3.006 | learning rate: 5.433368E-06 | global batch size:    96 | action loss: 1.642922E-01 | loss scale: 1.0 | grad norm: 0.500372 | number of skipped iterations:   0 | number of nan iterations:   0 |
2026-08-24 01:58:41 [INFO] max time across ranks (ms):
    forward-backward................................: 3862.49
    forward-compute.................................: 1734.41
    backward-compute................................: 3584.07
    batch-generator.................................: 1.73
    nan-grad-cleanup................................: 13.15
    grad-clip.......................................: 32.36
    optimizer.......................................: 84.61
    optimizer-inner-step............................: 84.51
    optimizer-scheduler-step........................: 0.06
    optimizer-zero-grad.............................: 0.71
2026-08-24 01:58:44 [INFO] iteration      721/    1000 | consumed samples:        69216 | elapsed time per iteration (ms): 2847.5 | throughput (samples/sec/per_device): 4.214 | learning rate: 5.403851E-06 | global batch size:    96 | action loss: 1.489096E-01 | loss scale: 1.0 | grad norm: 0.518696 | number of skipped iterations:   0 | number of nan iterations:   0 |
2026-08-24 01:58:47 [INFO] iteration      722/    1000 | consumed samples:        69312 | elapsed time per iteration (ms): 2294.4 | throughput (samples/sec/per_device): 5.230 | learning rate: 5.374410E-06 | global batch size:    96 | action loss: 1.587424E-01 | loss scale: 1.0 | grad norm: 0.532330 | number of skipped iterations:   0 | number of nan iterations:   0 |
2026-08-24 01:58:51 [INFO] iteration      723/    1000 | consumed samples:        69408 | elapsed time per iteration (ms): 4011.6 | throughput (samples/sec/per_device): 2.991 | learning rate: 5.345045E-06 | global batch size:    96 | action loss: 1.685231E-01 | loss scale: 1.0 | grad norm: 0.498533 | number of skipped iterations:   0 | number of nan iterations:   0 |
2026-08-24 01:58:53 [INFO] iteration      724/    1000 | consumed samples:        69504 | elapsed time per iteration (ms): 2445.7 | throughput (samples/sec/per_device): 4.906 | learning rate: 5.315758E-06 | global batch size:    96 | action loss: 1.443875E-01 | loss scale: 1.0 | grad norm: 0.495043 | number of skipped iterations:   0 | number of nan iterations:   0 |
2026-08-24 01:58:56 [INFO] iteration      725/    1000 | consumed samples:        69600 | elapsed time per iteration (ms): 3263.2 | throughput (samples/sec/per_device): 3.677 | learning rate: 5.286549E-06 | global batch size:    96 | action loss: 1.431890E-01 | loss scale: 1.0 | grad norm: 0.482019 | number of skipped iterations:   0 | number of nan iterations:   0 |
2026-08-24 01:58:59 [INFO] iteration      726/    1000 | consumed samples:        69696 | elapsed time per iteration (ms): 2537.9 | throughput (samples/sec/per_device): 4.728 | learning rate: 5.257417E-06 | global batch size:    96 | action loss: 1.595444E-01 | loss scale: 1.0 | grad norm: 0.566683 | number of skipped iterations:   0 | number of nan iterations:   0 |
2026-08-24 01:59:02 [INFO] iteration      727/    1000 | consumed samples:        69792 | elapsed time per iteration (ms): 3573.9 | throughput (samples/sec/per_device): 3.358 | learning rate: 5.228363E-06 | global batch size:    96 | action loss: 1.664395E-01 | loss scale: 1.0 | grad norm: 0.572043 | number of skipped iterations:   0 | number of nan iterations:   0 |
2026-08-24 01:59:05 [INFO] iteration      728/    1000 | consumed samples:        69888 | elapsed time per iteration (ms): 2750.3 | throughput (samples/sec/per_device): 4.363 | learning rate: 5.199387E-06 | global batch size:    96 | action loss: 1.447047E-01 | loss scale: 1.0 | grad norm: 0.590480 | number of skipped iterations:   0 | number of nan iterations:   0 |
2026-08-24 01:59:08 [INFO] iteration      729/    1000 | consumed samples:        69984 | elapsed time per iteration (ms): 2587.2 | throughput (samples/sec/per_device): 4.638 | learning rate: 5.170490E-06 | global batch size:    96 | action loss: 1.665806E-01 | loss scale: 1.0 | grad norm: 0.613408 | number of skipped iterations:   0 | number of nan iterations:   0 |
2026-08-24 01:59:13 [INFO] iteration      730/    1000 | consumed samples:        70080 | elapsed time per iteration (ms): 5458.7 | throughput (samples/sec/per_device): 2.198 | learning rate: 5.141671E-06 | global batch size:    96 | action loss: 1.589405E-01 | loss scale: 1.0 | grad norm: 0.566071 | number of skipped iterations:   0 | number of nan iterations:   0 |
2026-08-24 01:59:16 [INFO] iteration      731/    1000 | consumed samples:        70176 | elapsed time per iteration (ms): 2950.9 | throughput (samples/sec/per_device): 4.067 | learning rate: 5.112932E-06 | global batch size:    96 | action loss: 1.555623E-01 | loss scale: 1.0 | grad norm: 0.520252 | number of skipped iterations:   0 | number of nan iterations:   0 |
2026-08-24 01:59:19 [INFO] iteration      732/    1000 | consumed samples:        70272 | elapsed time per iteration (ms): 3102.7 | throughput (samples/sec/per_device): 3.868 | learning rate: 5.084272E-06 | global batch size:    96 | action loss: 1.708096E-01 | loss scale: 1.0 | grad norm: 0.526079 | number of skipped iterations:   0 | number of nan iterations:   0 |
2026-08-24 01:59:22 [INFO] iteration      733/    1000 | consumed samples:        70368 | elapsed time per iteration (ms): 3043.9 | throughput (samples/sec/per_device): 3.942 | learning rate: 5.055692E-06 | global batch size:    96 | action loss: 1.616631E-01 | loss scale: 1.0 | grad norm: 0.551992 | number of skipped iterations:   0 | number of nan iterations:   0 |
2026-08-24 01:59:26 [INFO] iteration      734/    1000 | consumed samples:        70464 | elapsed time per iteration (ms): 3788.4 | throughput (samples/sec/per_device): 3.168 | learning rate: 5.027192E-06 | global batch size:    96 | action loss: 1.395795E-01 | loss scale: 1.0 | grad norm: 0.546797 | number of skipped iterations:   0 | number of nan iterations:   0 |
2026-08-24 01:59:29 [INFO] iteration      735/    1000 | consumed samples:        70560 | elapsed time per iteration (ms): 2649.5 | throughput (samples/sec/per_device): 4.529 | learning rate: 4.998772E-06 | global batch size:    96 | action loss: 1.593970E-01 | loss scale: 1.0 | grad norm: 0.520701 | number of skipped iterations:   0 | number of nan iterations:   0 |
2026-08-24 01:59:32 [INFO] iteration      736/    1000 | consumed samples:        70656 | elapsed time per iteration (ms): 3129.5 | throughput (samples/sec/per_device): 3.835 | learning rate: 4.970433E-06 | global batch size:    96 | action loss: 1.479882E-01 | loss scale: 1.0 | grad norm: 0.507457 | number of skipped iterations:   0 | number of nan iterations:   0 |
2026-08-24 01:59:35 [INFO] iteration      737/    1000 | consumed samples:        70752 | elapsed time per iteration (ms): 3450.3 | throughput (samples/sec/per_device): 3.478 | learning rate: 4.942174E-06 | global batch size:    96 | action loss: 1.808881E-01 | loss scale: 1.0 | grad norm: 0.542049 | number of skipped iterations:   0 | number of nan iterations:   0 |
2026-08-24 01:59:38 [INFO] iteration      738/    1000 | consumed samples:        70848 | elapsed time per iteration (ms): 2590.6 | throughput (samples/sec/per_device): 4.632 | learning rate: 4.913997E-06 | global batch size:    96 | action loss: 1.651930E-01 | loss scale: 1.0 | grad norm: 0.578775 | number of skipped iterations:   0 | number of nan iterations:   0 |
2026-08-24 01:59:41 [INFO] iteration      739/    1000 | consumed samples:        70944 | elapsed time per iteration (ms): 2763.1 | throughput (samples/sec/per_device): 4.343 | learning rate: 4.885901E-06 | global batch size:    96 | action loss: 1.630326E-01 | loss scale: 1.0 | grad norm: 0.539519 | number of skipped iterations:   0 | number of nan iterations:   0 |
2026-08-24 01:59:44 [INFO] iteration      740/    1000 | consumed samples:        71040 | elapsed time per iteration (ms): 3136.9 | throughput (samples/sec/per_device): 3.825 | learning rate: 4.857887E-06 | global batch size:    96 | action loss: 1.579609E-01 | loss scale: 1.0 | grad norm: 0.515956 | number of skipped iterations:   0 | number of nan iterations:   0 |
2026-08-24 01:59:44 [INFO] max time across ranks (ms):
    forward-backward................................: 3006.98
    forward-compute.................................: 536.31
    backward-compute................................: 2729.44
    batch-generator.................................: 1.93
    nan-grad-cleanup................................: 13.27
    grad-clip.......................................: 32.14
    optimizer.......................................: 85.58
    optimizer-inner-step............................: 85.48
    optimizer-scheduler-step........................: 0.07
    optimizer-zero-grad.............................: 0.75
2026-08-24 01:59:47 [INFO] iteration      741/    1000 | consumed samples:        71136 | elapsed time per iteration (ms): 3559.7 | throughput (samples/sec/per_device): 3.371 | learning rate: 4.829955E-06 | global batch size:    96 | action loss: 1.650280E-01 | loss scale: 1.0 | grad norm: 0.513167 | number of skipped iterations:   0 | number of nan iterations:   0 |
2026-08-24 01:59:50 [INFO] iteration      742/    1000 | consumed samples:        71232 | elapsed time per iteration (ms): 2954.0 | throughput (samples/sec/per_device): 4.062 | learning rate: 4.802105E-06 | global batch size:    96 | action loss: 1.647946E-01 | loss scale: 1.0 | grad norm: 0.521030 | number of skipped iterations:   0 | number of nan iterations:   0 |
2026-08-24 01:59:53 [INFO] iteration      743/    1000 | consumed samples:        71328 | elapsed time per iteration (ms): 2500.2 | throughput (samples/sec/per_device): 4.800 | learning rate: 4.774338E-06 | global batch size:    96 | action loss: 1.496079E-01 | loss scale: 1.0 | grad norm: 0.529059 | number of skipped iterations:   0 | number of nan iterations:   0 |
2026-08-24 01:59:55 [INFO] iteration      744/    1000 | consumed samples:        71424 | elapsed time per iteration (ms): 2556.6 | throughput (samples/sec/per_device): 4.694 | learning rate: 4.746653E-06 | global batch size:    96 | action loss: 1.557457E-01 | loss scale: 1.0 | grad norm: 0.560819 | number of skipped iterations:   0 | number of nan iterations:   0 |
2026-08-24 01:59:59 [INFO] iteration      745/    1000 | consumed samples:        71520 | elapsed time per iteration (ms): 3675.7 | throughput (samples/sec/per_device): 3.265 | learning rate: 4.719052E-06 | global batch size:    96 | action loss: 1.559316E-01 | loss scale: 1.0 | grad norm: 0.556892 | number of skipped iterations:   0 | number of nan iterations:   0 |
2026-08-24 02:00:02 [INFO] iteration      746/    1000 | consumed samples:        71616 | elapsed time per iteration (ms): 3069.6 | throughput (samples/sec/per_device): 3.909 | learning rate: 4.691534E-06 | global batch size:    96 | action loss: 1.865119E-01 | loss scale: 1.0 | grad norm: 0.541051 | number of skipped iterations:   0 | number of nan iterations:   0 |
2026-08-24 02:00:05 [INFO] iteration      747/    1000 | consumed samples:        71712 | elapsed time per iteration (ms): 3030.3 | throughput (samples/sec/per_device): 3.960 | learning rate: 4.664100E-06 | global batch size:    96 | action loss: 1.499995E-01 | loss scale: 1.0 | grad norm: 0.556415 | number of skipped iterations:   0 | number of nan iterations:   0 |
2026-08-24 02:00:08 [INFO] iteration      748/    1000 | consumed samples:        71808 | elapsed time per iteration (ms): 2439.0 | throughput (samples/sec/per_device): 4.920 | learning rate: 4.636749E-06 | global batch size:    96 | action loss: 1.588730E-01 | loss scale: 1.0 | grad norm: 0.526179 | number of skipped iterations:   0 | number of nan iterations:   0 |
2026-08-24 02:00:12 [INFO] iteration      749/    1000 | consumed samples:        71904 | elapsed time per iteration (ms): 4850.1 | throughput (samples/sec/per_device): 2.474 | learning rate: 4.609483E-06 | global batch size:    96 | action loss: 1.498100E-01 | loss scale: 1.0 | grad norm: 0.539340 | number of skipped iterations:   0 | number of nan iterations:   0 |
2026-08-24 02:00:16 [INFO] iteration      750/    1000 | consumed samples:        72000 | elapsed time per iteration (ms): 3662.8 | throughput (samples/sec/per_device): 3.276 | learning rate: 4.582301E-06 | global batch size:    96 | action loss: 1.568406E-01 | loss scale: 1.0 | grad norm: 0.550331 | number of skipped iterations:   0 | number of nan iterations:   0 |
2026-08-24 02:00:19 [INFO] iteration      751/    1000 | consumed samples:        72096 | elapsed time per iteration (ms): 2749.9 | throughput (samples/sec/per_device): 4.364 | learning rate: 4.555204E-06 | global batch size:    96 | action loss: 1.544303E-01 | loss scale: 1.0 | grad norm: 0.531398 | number of skipped iterations:   0 | number of nan iterations:   0 |
2026-08-24 02:00:23 [INFO] iteration      752/    1000 | consumed samples:        72192 | elapsed time per iteration (ms): 4122.6 | throughput (samples/sec/per_device): 2.911 | learning rate: 4.528193E-06 | global batch size:    96 | action loss: 1.454856E-01 | loss scale: 1.0 | grad norm: 0.538012 | number of skipped iterations:   0 | number of nan iterations:   0 |
2026-08-24 02:00:26 [INFO] iteration      753/    1000 | consumed samples:        72288 | elapsed time per iteration (ms): 2682.2 | throughput (samples/sec/per_device): 4.474 | learning rate: 4.501266E-06 | global batch size:    96 | action loss: 1.860019E-01 | loss scale: 1.0 | grad norm: 0.535442 | number of skipped iterations:   0 | number of nan iterations:   0 |
2026-08-24 02:00:27 [INFO] PowerSGDPlusState restart: iter=452 compressed_iter=450 method=approximate rank=1 apply_exact=False
2026-08-24 02:00:33 [INFO] iteration      754/    1000 | consumed samples:        72384 | elapsed time per iteration (ms): 7222.2 | throughput (samples/sec/per_device): 1.662 | learning rate: 4.474425E-06 | global batch size:    96 | action loss: 1.348884E-01 | loss scale: 1.0 | grad norm: 0.625001 | number of skipped iterations:   0 | number of nan iterations:   0 |
2026-08-24 02:00:37 [INFO] iteration      755/    1000 | consumed samples:        72480 | elapsed time per iteration (ms): 3692.5 | throughput (samples/sec/per_device): 3.250 | learning rate: 4.447670E-06 | global batch size:    96 | action loss: 1.550134E-01 | loss scale: 1.0 | grad norm: 0.535755 | number of skipped iterations:   0 | number of nan iterations:   0 |
2026-08-24 02:00:40 [INFO] iteration      756/    1000 | consumed samples:        72576 | elapsed time per iteration (ms): 3575.9 | throughput (samples/sec/per_device): 3.356 | learning rate: 4.421001E-06 | global batch size:    96 | action loss: 1.803814E-01 | loss scale: 1.0 | grad norm: 0.540399 | number of skipped iterations:   0 | number of nan iterations:   0 |
2026-08-24 02:00:42 [INFO] iteration      757/    1000 | consumed samples:        72672 | elapsed time per iteration (ms): 2138.7 | throughput (samples/sec/per_device): 5.611 | learning rate: 4.394418E-06 | global batch size:    96 | action loss: 1.484897E-01 | loss scale: 1.0 | grad norm: 0.535822 | number of skipped iterations:   0 | number of nan iterations:   0 |
2026-08-24 02:00:46 [INFO] iteration      758/    1000 | consumed samples:        72768 | elapsed time per iteration (ms): 3213.7 | throughput (samples/sec/per_device): 3.734 | learning rate: 4.367922E-06 | global batch size:    96 | action loss: 1.518754E-01 | loss scale: 1.0 | grad norm: 0.509793 | number of skipped iterations:   0 | number of nan iterations:   0 |
2026-08-24 02:00:48 [INFO] iteration      759/    1000 | consumed samples:        72864 | elapsed time per iteration (ms): 2177.9 | throughput (samples/sec/per_device): 5.510 | learning rate: 4.341513E-06 | global batch size:    96 | action loss: 1.447953E-01 | loss scale: 1.0 | grad norm: 0.542400 | number of skipped iterations:   0 | number of nan iterations:   0 |
2026-08-24 02:00:50 [INFO] iteration      760/    1000 | consumed samples:        72960 | elapsed time per iteration (ms): 2552.9 | throughput (samples/sec/per_device): 4.701 | learning rate: 4.315192E-06 | global batch size:    96 | action loss: 1.459124E-01 | loss scale: 1.0 | grad norm: 0.529159 | number of skipped iterations:   0 | number of nan iterations:   0 |
2026-08-24 02:00:50 [INFO] max time across ranks (ms):
    forward-backward................................: 2421.56
    forward-compute.................................: 279.67
    backward-compute................................: 2144.51
    batch-generator.................................: 1.60
    nan-grad-cleanup................................: 13.24
    grad-clip.......................................: 32.35
    optimizer.......................................: 84.51
    optimizer-inner-step............................: 84.40
    optimizer-scheduler-step........................: 0.10
    optimizer-zero-grad.............................: 0.67
2026-08-24 02:00:54 [INFO] iteration      761/    1000 | consumed samples:        73056 | elapsed time per iteration (ms): 3217.7 | throughput (samples/sec/per_device): 3.729 | learning rate: 4.288957E-06 | global batch size:    96 | action loss: 1.574325E-01 | loss scale: 1.0 | grad norm: 0.502032 | number of skipped iterations:   0 | number of nan iterations:   0 |
2026-08-24 02:00:57 [INFO] iteration      762/    1000 | consumed samples:        73152 | elapsed time per iteration (ms): 3184.7 | throughput (samples/sec/per_device): 3.768 | learning rate: 4.262811E-06 | global batch size:    96 | action loss: 1.778039E-01 | loss scale: 1.0 | grad norm: 0.532176 | number of skipped iterations:   0 | number of nan iterations:   0 |
2026-08-24 02:00:59 [INFO] iteration      763/    1000 | consumed samples:        73248 | elapsed time per iteration (ms): 2290.5 | throughput (samples/sec/per_device): 5.239 | learning rate: 4.236752E-06 | global batch size:    96 | action loss: 1.432397E-01 | loss scale: 1.0 | grad norm: 0.578529 | number of skipped iterations:   0 | number of nan iterations:   0 |
2026-08-24 02:01:01 [INFO] iteration      764/    1000 | consumed samples:        73344 | elapsed time per iteration (ms): 2135.0 | throughput (samples/sec/per_device): 5.621 | learning rate: 4.210781E-06 | global batch size:    96 | action loss: 1.724458E-01 | loss scale: 1.0 | grad norm: 0.683032 | number of skipped iterations:   0 | number of nan iterations:   0 |
2026-08-24 02:01:04 [INFO] iteration      765/    1000 | consumed samples:        73440 | elapsed time per iteration (ms): 3005.8 | throughput (samples/sec/per_device): 3.992 | learning rate: 4.184899E-06 | global batch size:    96 | action loss: 1.516615E-01 | loss scale: 1.0 | grad norm: 0.550532 | number of skipped iterations:   0 | number of nan iterations:   0 |
2026-08-24 02:01:08 [INFO] iteration      766/    1000 | consumed samples:        73536 | elapsed time per iteration (ms): 3585.8 | throughput (samples/sec/per_device): 3.346 | learning rate: 4.159106E-06 | global batch size:    96 | action loss: 1.704007E-01 | loss scale: 1.0 | grad norm: 0.526041 | number of skipped iterations:   0 | number of nan iterations:   0 |
2026-08-24 02:01:11 [INFO] iteration      767/    1000 | consumed samples:        73632 | elapsed time per iteration (ms): 2987.2 | throughput (samples/sec/per_device): 4.017 | learning rate: 4.133402E-06 | global batch size:    96 | action loss: 1.617945E-01 | loss scale: 1.0 | grad norm: 0.508750 | number of skipped iterations:   0 | number of nan iterations:   0 |
2026-08-24 02:01:13 [INFO] iteration      768/    1000 | consumed samples:        73728 | elapsed time per iteration (ms): 2593.5 | throughput (samples/sec/per_device): 4.627 | learning rate: 4.107787E-06 | global batch size:    96 | action loss: 1.553660E-01 | loss scale: 1.0 | grad norm: 0.582213 | number of skipped iterations:   0 | number of nan iterations:   0 |
2026-08-24 02:01:18 [INFO] iteration      769/    1000 | consumed samples:        73824 | elapsed time per iteration (ms): 4792.2 | throughput (samples/sec/per_device): 2.504 | learning rate: 4.082262E-06 | global batch size:    96 | action loss: 1.486768E-01 | loss scale: 1.0 | grad norm: 0.551382 | number of skipped iterations:   0 | number of nan iterations:   0 |
2026-08-24 02:01:20 [INFO] iteration      770/    1000 | consumed samples:        73920 | elapsed time per iteration (ms): 2233.5 | throughput (samples/sec/per_device): 5.373 | learning rate: 4.056827E-06 | global batch size:    96 | action loss: 1.364756E-01 | loss scale: 1.0 | grad norm: 0.538987 | number of skipped iterations:   0 | number of nan iterations:   0 |
2026-08-24 02:01:22 [INFO] iteration      771/    1000 | consumed samples:        74016 | elapsed time per iteration (ms): 2151.5 | throughput (samples/sec/per_device): 5.577 | learning rate: 4.031481E-06 | global batch size:    96 | action loss: 1.406902E-01 | loss scale: 1.0 | grad norm: 0.512524 | number of skipped iterations:   0 | number of nan iterations:   0 |
2026-08-24 02:01:25 [INFO] iteration      772/    1000 | consumed samples:        74112 | elapsed time per iteration (ms): 2676.8 | throughput (samples/sec/per_device): 4.483 | learning rate: 4.006226E-06 | global batch size:    96 | action loss: 1.630633E-01 | loss scale: 1.0 | grad norm: 0.496619 | number of skipped iterations:   0 | number of nan iterations:   0 |
2026-08-24 02:01:28 [INFO] iteration      773/    1000 | consumed samples:        74208 | elapsed time per iteration (ms): 2634.6 | throughput (samples/sec/per_device): 4.555 | learning rate: 3.981061E-06 | global batch size:    96 | action loss: 1.554970E-01 | loss scale: 1.0 | grad norm: 0.524002 | number of skipped iterations:   0 | number of nan iterations:   0 |
2026-08-24 02:01:31 [INFO] iteration      774/    1000 | consumed samples:        74304 | elapsed time per iteration (ms): 3392.5 | throughput (samples/sec/per_device): 3.537 | learning rate: 3.955988E-06 | global batch size:    96 | action loss: 1.593949E-01 | loss scale: 1.0 | grad norm: 0.509501 | number of skipped iterations:   0 | number of nan iterations:   0 |
2026-08-24 02:01:34 [INFO] iteration      775/    1000 | consumed samples:        74400 | elapsed time per iteration (ms): 2906.9 | throughput (samples/sec/per_device): 4.128 | learning rate: 3.931005E-06 | global batch size:    96 | action loss: 1.863097E-01 | loss scale: 1.0 | grad norm: 0.525524 | number of skipped iterations:   0 | number of nan iterations:   0 |
2026-08-24 02:01:37 [INFO] iteration      776/    1000 | consumed samples:        74496 | elapsed time per iteration (ms): 2549.7 | throughput (samples/sec/per_device): 4.706 | learning rate: 3.906114E-06 | global batch size:    96 | action loss: 1.429671E-01 | loss scale: 1.0 | grad norm: 0.511224 | number of skipped iterations:   0 | number of nan iterations:   0 |
2026-08-24 02:01:39 [INFO] iteration      777/    1000 | consumed samples:        74592 | elapsed time per iteration (ms): 2405.3 | throughput (samples/sec/per_device): 4.989 | learning rate: 3.881314E-06 | global batch size:    96 | action loss: 1.577080E-01 | loss scale: 1.0 | grad norm: 0.515528 | number of skipped iterations:   0 | number of nan iterations:   0 |
2026-08-24 02:01:43 [INFO] iteration      778/    1000 | consumed samples:        74688 | elapsed time per iteration (ms): 3546.7 | throughput (samples/sec/per_device): 3.383 | learning rate: 3.856606E-06 | global batch size:    96 | action loss: 1.508404E-01 | loss scale: 1.0 | grad norm: 0.496501 | number of skipped iterations:   0 | number of nan iterations:   0 |
2026-08-24 02:01:46 [INFO] iteration      779/    1000 | consumed samples:        74784 | elapsed time per iteration (ms): 3072.5 | throughput (samples/sec/per_device): 3.906 | learning rate: 3.831990E-06 | global batch size:    96 | action loss: 1.447129E-01 | loss scale: 1.0 | grad norm: 0.510147 | number of skipped iterations:   0 | number of nan iterations:   0 |
2026-08-24 02:01:49 [INFO] iteration      780/    1000 | consumed samples:        74880 | elapsed time per iteration (ms): 3074.5 | throughput (samples/sec/per_device): 3.903 | learning rate: 3.807467E-06 | global batch size:    96 | action loss: 1.490082E-01 | loss scale: 1.0 | grad norm: 0.501267 | number of skipped iterations:   0 | number of nan iterations:   0 |
2026-08-24 02:01:49 [INFO] max time across ranks (ms):
    forward-backward................................: 2944.39
    forward-compute.................................: 1086.92
    backward-compute................................: 2665.60
    batch-generator.................................: 1.77
    nan-grad-cleanup................................: 13.07
    grad-clip.......................................: 32.45
    optimizer.......................................: 83.76
    optimizer-inner-step............................: 83.67
    optimizer-scheduler-step........................: 0.04
    optimizer-zero-grad.............................: 0.70
2026-08-24 02:01:53 [INFO] iteration      781/    1000 | consumed samples:        74976 | elapsed time per iteration (ms): 3945.4 | throughput (samples/sec/per_device): 3.042 | learning rate: 3.783036E-06 | global batch size:    96 | action loss: 1.336676E-01 | loss scale: 1.0 | grad norm: 0.527409 | number of skipped iterations:   0 | number of nan iterations:   0 |
2026-08-24 02:01:55 [INFO] iteration      782/    1000 | consumed samples:        75072 | elapsed time per iteration (ms): 2465.7 | throughput (samples/sec/per_device): 4.867 | learning rate: 3.758698E-06 | global batch size:    96 | action loss: 1.403728E-01 | loss scale: 1.0 | grad norm: 0.545583 | number of skipped iterations:   0 | number of nan iterations:   0 |
2026-08-24 02:01:58 [INFO] iteration      783/    1000 | consumed samples:        75168 | elapsed time per iteration (ms): 2695.2 | throughput (samples/sec/per_device): 4.452 | learning rate: 3.734452E-06 | global batch size:    96 | action loss: 1.494304E-01 | loss scale: 1.0 | grad norm: 0.559661 | number of skipped iterations:   0 | number of nan iterations:   0 |
2026-08-24 02:02:01 [INFO] iteration      784/    1000 | consumed samples:        75264 | elapsed time per iteration (ms): 3113.6 | throughput (samples/sec/per_device): 3.854 | learning rate: 3.710301E-06 | global batch size:    96 | action loss: 1.750565E-01 | loss scale: 1.0 | grad norm: 0.537381 | number of skipped iterations:   0 | number of nan iterations:   0 |
2026-08-24 02:02:05 [INFO] iteration      785/    1000 | consumed samples:        75360 | elapsed time per iteration (ms): 3602.2 | throughput (samples/sec/per_device): 3.331 | learning rate: 3.686242E-06 | global batch size:    96 | action loss: 1.852383E-01 | loss scale: 1.0 | grad norm: 0.555307 | number of skipped iterations:   0 | number of nan iterations:   0 |
2026-08-24 02:02:07 [INFO] iteration      786/    1000 | consumed samples:        75456 | elapsed time per iteration (ms): 2360.2 | throughput (samples/sec/per_device): 5.084 | learning rate: 3.662278E-06 | global batch size:    96 | action loss: 1.407141E-01 | loss scale: 1.0 | grad norm: 0.598328 | number of skipped iterations:   0 | number of nan iterations:   0 |
2026-08-24 02:02:10 [INFO] iteration      787/    1000 | consumed samples:        75552 | elapsed time per iteration (ms): 2746.3 | throughput (samples/sec/per_device): 4.369 | learning rate: 3.638408E-06 | global batch size:    96 | action loss: 1.475176E-01 | loss scale: 1.0 | grad norm: 0.585828 | number of skipped iterations:   0 | number of nan iterations:   0 |
2026-08-24 02:02:12 [INFO] iteration      788/    1000 | consumed samples:        75648 | elapsed time per iteration (ms): 2076.4 | throughput (samples/sec/per_device): 5.779 | learning rate: 3.614631E-06 | global batch size:    96 | action loss: 1.609472E-01 | loss scale: 1.0 | grad norm: 0.566239 | number of skipped iterations:   0 | number of nan iterations:   0 |
2026-08-24 02:02:16 [INFO] iteration      789/    1000 | consumed samples:        75744 | elapsed time per iteration (ms): 4191.6 | throughput (samples/sec/per_device): 2.863 | learning rate: 3.590950E-06 | global batch size:    96 | action loss: 1.779412E-01 | loss scale: 1.0 | grad norm: 0.550841 | number of skipped iterations:   0 | number of nan iterations:   0 |
2026-08-24 02:02:20 [INFO] iteration      790/    1000 | consumed samples:        75840 | elapsed time per iteration (ms): 4515.1 | throughput (samples/sec/per_device): 2.658 | learning rate: 3.567363E-06 | global batch size:    96 | action loss: 1.366299E-01 | loss scale: 1.0 | grad norm: 0.577114 | number of skipped iterations:   0 | number of nan iterations:   0 |
2026-08-24 02:02:23 [INFO] iteration      791/    1000 | consumed samples:        75936 | elapsed time per iteration (ms): 2359.4 | throughput (samples/sec/per_device): 5.086 | learning rate: 3.543871E-06 | global batch size:    96 | action loss: 1.608182E-01 | loss scale: 1.0 | grad norm: 0.563409 | number of skipped iterations:   0 | number of nan iterations:   0 |
2026-08-24 02:02:26 [INFO] iteration      792/    1000 | consumed samples:        76032 | elapsed time per iteration (ms): 3575.1 | throughput (samples/sec/per_device): 3.357 | learning rate: 3.520474E-06 | global batch size:    96 | action loss: 1.488563E-01 | loss scale: 1.0 | grad norm: 0.597853 | number of skipped iterations:   0 | number of nan iterations:   0 |
2026-08-24 02:02:29 [INFO] iteration      793/    1000 | consumed samples:        76128 | elapsed time per iteration (ms): 2385.7 | throughput (samples/sec/per_device): 5.030 | learning rate: 3.497173E-06 | global batch size:    96 | action loss: 1.582454E-01 | loss scale: 1.0 | grad norm: 0.590873 | number of skipped iterations:   0 | number of nan iterations:   0 |
2026-08-24 02:02:32 [INFO] iteration      794/    1000 | consumed samples:        76224 | elapsed time per iteration (ms): 3004.0 | throughput (samples/sec/per_device): 3.995 | learning rate: 3.473968E-06 | global batch size:    96 | action loss: 1.460014E-01 | loss scale: 1.0 | grad norm: 0.539131 | number of skipped iterations:   0 | number of nan iterations:   0 |
2026-08-24 02:02:34 [INFO] iteration      795/    1000 | consumed samples:        76320 | elapsed time per iteration (ms): 2557.5 | throughput (samples/sec/per_device): 4.692 | learning rate: 3.450858E-06 | global batch size:    96 | action loss: 1.671699E-01 | loss scale: 1.0 | grad norm: 0.534078 | number of skipped iterations:   0 | number of nan iterations:   0 |
2026-08-24 02:02:38 [INFO] iteration      796/    1000 | consumed samples:        76416 | elapsed time per iteration (ms): 3450.2 | throughput (samples/sec/per_device): 3.478 | learning rate: 3.427844E-06 | global batch size:    96 | action loss: 1.411276E-01 | loss scale: 1.0 | grad norm: 0.507049 | number of skipped iterations:   0 | number of nan iterations:   0 |
2026-08-24 02:02:40 [INFO] iteration      797/    1000 | consumed samples:        76512 | elapsed time per iteration (ms): 2313.6 | throughput (samples/sec/per_device): 5.187 | learning rate: 3.404927E-06 | global batch size:    96 | action loss: 1.572381E-01 | loss scale: 1.0 | grad norm: 0.584457 | number of skipped iterations:   0 | number of nan iterations:   0 |
2026-08-24 02:02:43 [INFO] iteration      798/    1000 | consumed samples:        76608 | elapsed time per iteration (ms): 2923.4 | throughput (samples/sec/per_device): 4.105 | learning rate: 3.382107E-06 | global batch size:    96 | action loss: 1.486819E-01 | loss scale: 1.0 | grad norm: 0.577220 | number of skipped iterations:   0 | number of nan iterations:   0 |
2026-08-24 02:02:46 [INFO] iteration      799/    1000 | consumed samples:        76704 | elapsed time per iteration (ms): 3013.7 | throughput (samples/sec/per_device): 3.982 | learning rate: 3.359383E-06 | global batch size:    96 | action loss: 1.421896E-01 | loss scale: 1.0 | grad norm: 0.536369 | number of skipped iterations:   0 | number of nan iterations:   0 |
2026-08-24 02:02:49 [INFO] iteration      800/    1000 | consumed samples:        76800 | elapsed time per iteration (ms): 3407.0 | throughput (samples/sec/per_device): 3.522 | learning rate: 3.336757E-06 | global batch size:    96 | action loss: 1.472620E-01 | loss scale: 1.0 | grad norm: 0.555398 | number of skipped iterations:   0 | number of nan iterations:   0 |
2026-08-24 02:02:49 [INFO] max time across ranks (ms):
    forward-backward................................: 3209.38
    forward-compute.................................: 998.67
    backward-compute................................: 2932.55
    batch-generator.................................: 2.59
    nan-grad-cleanup................................: 12.96
    grad-clip.......................................: 31.95
    optimizer.......................................: 83.94
    optimizer-inner-step............................: 83.85
    optimizer-scheduler-step........................: 0.05
    optimizer-zero-grad.............................: 0.68
2026-08-24 02:02:52 [INFO] iteration      801/    1000 | consumed samples:        76896 | elapsed time per iteration (ms): 2676.7 | throughput (samples/sec/per_device): 4.483 | learning rate: 3.314228E-06 | global batch size:    96 | action loss: 1.408975E-01 | loss scale: 1.0 | grad norm: 0.542044 | number of skipped iterations:   0 | number of nan iterations:   0 |
2026-08-24 02:02:55 [INFO] iteration      802/    1000 | consumed samples:        76992 | elapsed time per iteration (ms): 2665.8 | throughput (samples/sec/per_device): 4.501 | learning rate: 3.291796E-06 | global batch size:    96 | action loss: 1.531313E-01 | loss scale: 1.0 | grad norm: 0.493991 | number of skipped iterations:   0 | number of nan iterations:   0 |
2026-08-24 02:02:57 [INFO] iteration      803/    1000 | consumed samples:        77088 | elapsed time per iteration (ms): 2627.5 | throughput (samples/sec/per_device): 4.567 | learning rate: 3.269462E-06 | global batch size:    96 | action loss: 1.369529E-01 | loss scale: 1.0 | grad norm: 0.489409 | number of skipped iterations:   0 | number of nan iterations:   0 |
2026-08-24 02:02:58 [INFO] PowerSGDPlusState restart: iter=502 compressed_iter=500 method=approximate rank=1 apply_exact=False
2026-08-24 02:03:05 [INFO] iteration      804/    1000 | consumed samples:        77184 | elapsed time per iteration (ms): 7254.0 | throughput (samples/sec/per_device): 1.654 | learning rate: 3.247226E-06 | global batch size:    96 | action loss: 1.507073E-01 | loss scale: 1.0 | grad norm: 0.629212 | number of skipped iterations:   0 | number of nan iterations:   0 |
2026-08-24 02:03:08 [INFO] iteration      805/    1000 | consumed samples:        77280 | elapsed time per iteration (ms): 3585.1 | throughput (samples/sec/per_device): 3.347 | learning rate: 3.225089E-06 | global batch size:    96 | action loss: 1.487964E-01 | loss scale: 1.0 | grad norm: 0.542820 | number of skipped iterations:   0 | number of nan iterations:   0 |
2026-08-24 02:03:13 [INFO] iteration      806/    1000 | consumed samples:        77376 | elapsed time per iteration (ms): 4408.9 | throughput (samples/sec/per_device): 2.722 | learning rate: 3.203049E-06 | global batch size:    96 | action loss: 1.639802E-01 | loss scale: 1.0 | grad norm: 0.535215 | number of skipped iterations:   0 | number of nan iterations:   0 |
2026-08-24 02:03:15 [INFO] iteration      807/    1000 | consumed samples:        77472 | elapsed time per iteration (ms): 2062.6 | throughput (samples/sec/per_device): 5.818 | learning rate: 3.181109E-06 | global batch size:    96 | action loss: 1.705721E-01 | loss scale: 1.0 | grad norm: 0.569926 | number of skipped iterations:   0 | number of nan iterations:   0 |
2026-08-24 02:03:17 [INFO] iteration      808/    1000 | consumed samples:        77568 | elapsed time per iteration (ms): 2417.8 | throughput (samples/sec/per_device): 4.963 | learning rate: 3.159267E-06 | global batch size:    96 | action loss: 1.490818E-01 | loss scale: 1.0 | grad norm: 0.525419 | number of skipped iterations:   0 | number of nan iterations:   0 |
2026-08-24 02:03:19 [INFO] iteration      809/    1000 | consumed samples:        77664 | elapsed time per iteration (ms): 2156.5 | throughput (samples/sec/per_device): 5.564 | learning rate: 3.137524E-06 | global batch size:    96 | action loss: 1.820014E-01 | loss scale: 1.0 | grad norm: 0.544577 | number of skipped iterations:   0 | number of nan iterations:   0 |
2026-08-24 02:03:25 [INFO] iteration      810/    1000 | consumed samples:        77760 | elapsed time per iteration (ms): 5606.0 | throughput (samples/sec/per_device): 2.141 | learning rate: 3.115881E-06 | global batch size:    96 | action loss: 1.775122E-01 | loss scale: 1.0 | grad norm: 0.523218 | number of skipped iterations:   0 | number of nan iterations:   0 |
2026-08-24 02:03:27 [INFO] iteration      811/    1000 | consumed samples:        77856 | elapsed time per iteration (ms): 2450.0 | throughput (samples/sec/per_device): 4.898 | learning rate: 3.094337E-06 | global batch size:    96 | action loss: 1.565868E-01 | loss scale: 1.0 | grad norm: 0.553489 | number of skipped iterations:   0 | number of nan iterations:   0 |
2026-08-24 02:03:30 [INFO] iteration      812/    1000 | consumed samples:        77952 | elapsed time per iteration (ms): 2734.3 | throughput (samples/sec/per_device): 4.389 | learning rate: 3.072893E-06 | global batch size:    96 | action loss: 1.750875E-01 | loss scale: 1.0 | grad norm: 0.598492 | number of skipped iterations:   0 | number of nan iterations:   0 |
2026-08-24 02:03:34 [INFO] iteration      813/    1000 | consumed samples:        78048 | elapsed time per iteration (ms): 3986.0 | throughput (samples/sec/per_device): 3.011 | learning rate: 3.051549E-06 | global batch size:    96 | action loss: 1.498624E-01 | loss scale: 1.0 | grad norm: 0.566011 | number of skipped iterations:   0 | number of nan iterations:   0 |
2026-08-24 02:03:36 [INFO] iteration      814/    1000 | consumed samples:        78144 | elapsed time per iteration (ms): 2084.4 | throughput (samples/sec/per_device): 5.757 | learning rate: 3.030305E-06 | global batch size:    96 | action loss: 1.341671E-01 | loss scale: 1.0 | grad norm: 0.593966 | number of skipped iterations:   0 | number of nan iterations:   0 |
2026-08-24 02:03:38 [INFO] iteration      815/    1000 | consumed samples:        78240 | elapsed time per iteration (ms): 2268.4 | throughput (samples/sec/per_device): 5.290 | learning rate: 3.009162E-06 | global batch size:    96 | action loss: 1.532621E-01 | loss scale: 1.0 | grad norm: 0.563067 | number of skipped iterations:   0 | number of nan iterations:   0 |
2026-08-24 02:03:41 [INFO] iteration      816/    1000 | consumed samples:        78336 | elapsed time per iteration (ms): 2226.0 | throughput (samples/sec/per_device): 5.391 | learning rate: 2.988119E-06 | global batch size:    96 | action loss: 1.390194E-01 | loss scale: 1.0 | grad norm: 0.521052 | number of skipped iterations:   0 | number of nan iterations:   0 |
2026-08-24 02:03:43 [INFO] iteration      817/    1000 | consumed samples:        78432 | elapsed time per iteration (ms): 2276.7 | throughput (samples/sec/per_device): 5.271 | learning rate: 2.967177E-06 | global batch size:    96 | action loss: 1.510892E-01 | loss scale: 1.0 | grad norm: 0.507264 | number of skipped iterations:   0 | number of nan iterations:   0 |
2026-08-24 02:03:47 [INFO] iteration      818/    1000 | consumed samples:        78528 | elapsed time per iteration (ms): 3995.2 | throughput (samples/sec/per_device): 3.004 | learning rate: 2.946336E-06 | global batch size:    96 | action loss: 1.855646E-01 | loss scale: 1.0 | grad norm: 0.527645 | number of skipped iterations:   0 | number of nan iterations:   0 |
2026-08-24 02:03:50 [INFO] iteration      819/    1000 | consumed samples:        78624 | elapsed time per iteration (ms): 2553.8 | throughput (samples/sec/per_device): 4.699 | learning rate: 2.925596E-06 | global batch size:    96 | action loss: 1.692709E-01 | loss scale: 1.0 | grad norm: 0.570835 | number of skipped iterations:   0 | number of nan iterations:   0 |
2026-08-24 02:03:52 [INFO] iteration      820/    1000 | consumed samples:        78720 | elapsed time per iteration (ms): 2792.7 | throughput (samples/sec/per_device): 4.297 | learning rate: 2.904958E-06 | global batch size:    96 | action loss: 1.525299E-01 | loss scale: 1.0 | grad norm: 0.561897 | number of skipped iterations:   0 | number of nan iterations:   0 |
2026-08-24 02:03:52 [INFO] max time across ranks (ms):
    forward-backward................................: 2662.57
    forward-compute.................................: 1106.30
    backward-compute................................: 2385.04
    batch-generator.................................: 1.73
    nan-grad-cleanup................................: 13.29
    grad-clip.......................................: 32.02
    optimizer.......................................: 84.44
    optimizer-inner-step............................: 84.32
    optimizer-scheduler-step........................: 0.07
    optimizer-zero-grad.............................: 0.78
2026-08-24 02:03:55 [INFO] iteration      821/    1000 | consumed samples:        78816 | elapsed time per iteration (ms): 2356.1 | throughput (samples/sec/per_device): 5.093 | learning rate: 2.884421E-06 | global batch size:    96 | action loss: 1.490285E-01 | loss scale: 1.0 | grad norm: 0.553377 | number of skipped iterations:   0 | number of nan iterations:   0 |
2026-08-24 02:03:58 [INFO] iteration      822/    1000 | consumed samples:        78912 | elapsed time per iteration (ms): 3417.0 | throughput (samples/sec/per_device): 3.512 | learning rate: 2.863986E-06 | global batch size:    96 | action loss: 1.837434E-01 | loss scale: 1.0 | grad norm: 0.521485 | number of skipped iterations:   0 | number of nan iterations:   0 |
2026-08-24 02:04:01 [INFO] iteration      823/    1000 | consumed samples:        79008 | elapsed time per iteration (ms): 3018.9 | throughput (samples/sec/per_device): 3.975 | learning rate: 2.843653E-06 | global batch size:    96 | action loss: 1.399191E-01 | loss scale: 1.0 | grad norm: 0.572759 | number of skipped iterations:   0 | number of nan iterations:   0 |
2026-08-24 02:04:04 [INFO] iteration      824/    1000 | consumed samples:        79104 | elapsed time per iteration (ms): 3007.1 | throughput (samples/sec/per_device): 3.991 | learning rate: 2.823423E-06 | global batch size:    96 | action loss: 1.494261E-01 | loss scale: 1.0 | grad norm: 0.521623 | number of skipped iterations:   0 | number of nan iterations:   0 |
2026-08-24 02:04:08 [INFO] iteration      825/    1000 | consumed samples:        79200 | elapsed time per iteration (ms): 3718.1 | throughput (samples/sec/per_device): 3.227 | learning rate: 2.803295E-06 | global batch size:    96 | action loss: 1.642603E-01 | loss scale: 1.0 | grad norm: 0.521464 | number of skipped iterations:   0 | number of nan iterations:   0 |
2026-08-24 02:04:10 [INFO] iteration      826/    1000 | consumed samples:        79296 | elapsed time per iteration (ms): 2453.2 | throughput (samples/sec/per_device): 4.892 | learning rate: 2.783270E-06 | global batch size:    96 | action loss: 1.622221E-01 | loss scale: 1.0 | grad norm: 0.574580 | number of skipped iterations:   0 | number of nan iterations:   0 |
2026-08-24 02:04:14 [INFO] iteration      827/    1000 | consumed samples:        79392 | elapsed time per iteration (ms): 3379.7 | throughput (samples/sec/per_device): 3.551 | learning rate: 2.763347E-06 | global batch size:    96 | action loss: 1.652821E-01 | loss scale: 1.0 | grad norm: 0.519673 | number of skipped iterations:   0 | number of nan iterations:   0 |
2026-08-24 02:04:17 [INFO] iteration      828/    1000 | consumed samples:        79488 | elapsed time per iteration (ms): 2986.2 | throughput (samples/sec/per_device): 4.019 | learning rate: 2.743528E-06 | global batch size:    96 | action loss: 1.512795E-01 | loss scale: 1.0 | grad norm: 0.520893 | number of skipped iterations:   0 | number of nan iterations:   0 |
2026-08-24 02:04:20 [INFO] iteration      829/    1000 | consumed samples:        79584 | elapsed time per iteration (ms): 3725.7 | throughput (samples/sec/per_device): 3.221 | learning rate: 2.723812E-06 | global batch size:    96 | action loss: 1.544909E-01 | loss scale: 1.0 | grad norm: 0.547968 | number of skipped iterations:   0 | number of nan iterations:   0 |
2026-08-24 02:04:23 [INFO] iteration      830/    1000 | consumed samples:        79680 | elapsed time per iteration (ms): 2578.9 | throughput (samples/sec/per_device): 4.653 | learning rate: 2.704199E-06 | global batch size:    96 | action loss: 1.919565E-01 | loss scale: 1.0 | grad norm: 0.570340 | number of skipped iterations:   0 | number of nan iterations:   0 |
2026-08-24 02:04:28 [INFO] iteration      831/    1000 | consumed samples:        79776 | elapsed time per iteration (ms): 4799.5 | throughput (samples/sec/per_device): 2.500 | learning rate: 2.684690E-06 | global batch size:    96 | action loss: 1.483139E-01 | loss scale: 1.0 | grad norm: 0.532576 | number of skipped iterations:   0 | number of nan iterations:   0 |
2026-08-24 02:04:31 [INFO] iteration      832/    1000 | consumed samples:        79872 | elapsed time per iteration (ms): 3354.0 | throughput (samples/sec/per_device): 3.578 | learning rate: 2.665285E-06 | global batch size:    96 | action loss: 1.614750E-01 | loss scale: 1.0 | grad norm: 0.563810 | number of skipped iterations:   0 | number of nan iterations:   0 |
2026-08-24 02:04:34 [INFO] iteration      833/    1000 | consumed samples:        79968 | elapsed time per iteration (ms): 2628.8 | throughput (samples/sec/per_device): 4.565 | learning rate: 2.645984E-06 | global batch size:    96 | action loss: 1.636343E-01 | loss scale: 1.0 | grad norm: 0.563295 | number of skipped iterations:   0 | number of nan iterations:   0 |
2026-08-24 02:04:36 [INFO] iteration      834/    1000 | consumed samples:        80064 | elapsed time per iteration (ms): 2365.5 | throughput (samples/sec/per_device): 5.073 | learning rate: 2.626787E-06 | global batch size:    96 | action loss: 1.569872E-01 | loss scale: 1.0 | grad norm: 0.816753 | number of skipped iterations:   0 | number of nan iterations:   0 |
2026-08-24 02:04:39 [INFO] iteration      835/    1000 | consumed samples:        80160 | elapsed time per iteration (ms): 2468.0 | throughput (samples/sec/per_device): 4.862 | learning rate: 2.607695E-06 | global batch size:    96 | action loss: 1.676739E-01 | loss scale: 1.0 | grad norm: 0.687713 | number of skipped iterations:   0 | number of nan iterations:   0 |
2026-08-24 02:04:42 [INFO] iteration      836/    1000 | consumed samples:        80256 | elapsed time per iteration (ms): 3689.9 | throughput (samples/sec/per_device): 3.252 | learning rate: 2.588708E-06 | global batch size:    96 | action loss: 1.636942E-01 | loss scale: 1.0 | grad norm: 0.593579 | number of skipped iterations:   0 | number of nan iterations:   0 |
2026-08-24 02:04:45 [INFO] iteration      837/    1000 | consumed samples:        80352 | elapsed time per iteration (ms): 2384.4 | throughput (samples/sec/per_device): 5.033 | learning rate: 2.569825E-06 | global batch size:    96 | action loss: 1.648487E-01 | loss scale: 1.0 | grad norm: 0.603950 | number of skipped iterations:   0 | number of nan iterations:   0 |
2026-08-24 02:04:47 [INFO] iteration      838/    1000 | consumed samples:        80448 | elapsed time per iteration (ms): 2804.9 | throughput (samples/sec/per_device): 4.278 | learning rate: 2.551047E-06 | global batch size:    96 | action loss: 1.953713E-01 | loss scale: 1.0 | grad norm: 0.628861 | number of skipped iterations:   0 | number of nan iterations:   0 |
2026-08-24 02:04:50 [INFO] iteration      839/    1000 | consumed samples:        80544 | elapsed time per iteration (ms): 2030.1 | throughput (samples/sec/per_device): 5.911 | learning rate: 2.532375E-06 | global batch size:    96 | action loss: 1.545030E-01 | loss scale: 1.0 | grad norm: 0.589279 | number of skipped iterations:   0 | number of nan iterations:   0 |
2026-08-24 02:04:53 [INFO] iteration      840/    1000 | consumed samples:        80640 | elapsed time per iteration (ms): 3464.9 | throughput (samples/sec/per_device): 3.463 | learning rate: 2.513807E-06 | global batch size:    96 | action loss: 1.525596E-01 | loss scale: 1.0 | grad norm: 0.613376 | number of skipped iterations:   0 | number of nan iterations:   0 |
2026-08-24 02:04:53 [INFO] max time across ranks (ms):
    forward-backward................................: 3335.21
    forward-compute.................................: 568.86
    backward-compute................................: 3057.61
    batch-generator.................................: 1.68
    nan-grad-cleanup................................: 13.15
    grad-clip.......................................: 31.95
    optimizer.......................................: 84.48
    optimizer-inner-step............................: 84.39
    optimizer-scheduler-step........................: 0.04
    optimizer-zero-grad.............................: 0.77
2026-08-24 02:04:56 [INFO] iteration      841/    1000 | consumed samples:        80736 | elapsed time per iteration (ms): 2874.6 | throughput (samples/sec/per_device): 4.174 | learning rate: 2.495346E-06 | global batch size:    96 | action loss: 1.594010E-01 | loss scale: 1.0 | grad norm: 0.582059 | number of skipped iterations:   0 | number of nan iterations:   0 |
2026-08-24 02:04:58 [INFO] iteration      842/    1000 | consumed samples:        80832 | elapsed time per iteration (ms): 2490.3 | throughput (samples/sec/per_device): 4.819 | learning rate: 2.476990E-06 | global batch size:    96 | action loss: 1.574098E-01 | loss scale: 1.0 | grad norm: 0.568397 | number of skipped iterations:   0 | number of nan iterations:   0 |
2026-08-24 02:05:01 [INFO] iteration      843/    1000 | consumed samples:        80928 | elapsed time per iteration (ms): 2649.7 | throughput (samples/sec/per_device): 4.529 | learning rate: 2.458741E-06 | global batch size:    96 | action loss: 1.585495E-01 | loss scale: 1.0 | grad norm: 0.563000 | number of skipped iterations:   0 | number of nan iterations:   0 |
2026-08-24 02:05:05 [INFO] iteration      844/    1000 | consumed samples:        81024 | elapsed time per iteration (ms): 3765.7 | throughput (samples/sec/per_device): 3.187 | learning rate: 2.440597E-06 | global batch size:    96 | action loss: 1.666423E-01 | loss scale: 1.0 | grad norm: 0.553457 | number of skipped iterations:   0 | number of nan iterations:   0 |
2026-08-24 02:05:07 [INFO] iteration      845/    1000 | consumed samples:        81120 | elapsed time per iteration (ms): 2095.9 | throughput (samples/sec/per_device): 5.726 | learning rate: 2.422560E-06 | global batch size:    96 | action loss: 1.384011E-01 | loss scale: 1.0 | grad norm: 0.531760 | number of skipped iterations:   0 | number of nan iterations:   0 |
2026-08-24 02:05:09 [INFO] iteration      846/    1000 | consumed samples:        81216 | elapsed time per iteration (ms): 2331.0 | throughput (samples/sec/per_device): 5.148 | learning rate: 2.404629E-06 | global batch size:    96 | action loss: 1.695167E-01 | loss scale: 1.0 | grad norm: 0.557017 | number of skipped iterations:   0 | number of nan iterations:   0 |
2026-08-24 02:05:12 [INFO] iteration      847/    1000 | consumed samples:        81312 | elapsed time per iteration (ms): 2535.0 | throughput (samples/sec/per_device): 4.734 | learning rate: 2.386805E-06 | global batch size:    96 | action loss: 1.464178E-01 | loss scale: 1.0 | grad norm: 0.538600 | number of skipped iterations:   0 | number of nan iterations:   0 |
2026-08-24 02:05:15 [INFO] iteration      848/    1000 | consumed samples:        81408 | elapsed time per iteration (ms): 3763.4 | throughput (samples/sec/per_device): 3.189 | learning rate: 2.369088E-06 | global batch size:    96 | action loss: 1.509658E-01 | loss scale: 1.0 | grad norm: 0.523176 | number of skipped iterations:   0 | number of nan iterations:   0 |
2026-08-24 02:05:19 [INFO] iteration      849/    1000 | consumed samples:        81504 | elapsed time per iteration (ms): 3166.4 | throughput (samples/sec/per_device): 3.790 | learning rate: 2.351478E-06 | global batch size:    96 | action loss: 1.637350E-01 | loss scale: 1.0 | grad norm: 0.549610 | number of skipped iterations:   0 | number of nan iterations:   0 |
2026-08-24 02:05:21 [INFO] iteration      850/    1000 | consumed samples:        81600 | elapsed time per iteration (ms): 2693.7 | throughput (samples/sec/per_device): 4.455 | learning rate: 2.333975E-06 | global batch size:    96 | action loss: 1.861529E-01 | loss scale: 1.0 | grad norm: 0.565706 | number of skipped iterations:   0 | number of nan iterations:   0 |
2026-08-24 02:05:25 [INFO] iteration      851/    1000 | consumed samples:        81696 | elapsed time per iteration (ms): 3166.6 | throughput (samples/sec/per_device): 3.790 | learning rate: 2.316579E-06 | global batch size:    96 | action loss: 1.585390E-01 | loss scale: 1.0 | grad norm: 0.560857 | number of skipped iterations:   0 | number of nan iterations:   0 |
2026-08-24 02:05:30 [INFO] iteration      852/    1000 | consumed samples:        81792 | elapsed time per iteration (ms): 5359.9 | throughput (samples/sec/per_device): 2.239 | learning rate: 2.299291E-06 | global batch size:    96 | action loss: 1.587483E-01 | loss scale: 1.0 | grad norm: 0.546677 | number of skipped iterations:   0 | number of nan iterations:   0 |
2026-08-24 02:05:33 [INFO] iteration      853/    1000 | consumed samples:        81888 | elapsed time per iteration (ms): 2961.0 | throughput (samples/sec/per_device): 4.053 | learning rate: 2.282111E-06 | global batch size:    96 | action loss: 1.620036E-01 | loss scale: 1.0 | grad norm: 0.530353 | number of skipped iterations:   0 | number of nan iterations:   0 |
2026-08-24 02:05:33 [INFO] PowerSGDPlusState restart: iter=552 compressed_iter=550 method=approximate rank=1 apply_exact=False
2026-08-24 02:05:40 [INFO] iteration      854/    1000 | consumed samples:        81984 | elapsed time per iteration (ms): 6781.8 | throughput (samples/sec/per_device): 1.769 | learning rate: 2.265039E-06 | global batch size:    96 | action loss: 1.705609E-01 | loss scale: 1.0 | grad norm: 0.633537 | number of skipped iterations:   0 | number of nan iterations:   0 |
2026-08-24 02:05:43 [INFO] iteration      855/    1000 | consumed samples:        82080 | elapsed time per iteration (ms): 3723.9 | throughput (samples/sec/per_device): 3.222 | learning rate: 2.248075E-06 | global batch size:    96 | action loss: 1.545664E-01 | loss scale: 1.0 | grad norm: 0.551596 | number of skipped iterations:   0 | number of nan iterations:   0 |
2026-08-24 02:05:47 [INFO] iteration      856/    1000 | consumed samples:        82176 | elapsed time per iteration (ms): 3677.7 | throughput (samples/sec/per_device): 3.263 | learning rate: 2.231219E-06 | global batch size:    96 | action loss: 1.970953E-01 | loss scale: 1.0 | grad norm: 0.579502 | number of skipped iterations:   0 | number of nan iterations:   0 |
2026-08-24 02:05:50 [INFO] iteration      857/    1000 | consumed samples:        82272 | elapsed time per iteration (ms): 3068.0 | throughput (samples/sec/per_device): 3.911 | learning rate: 2.214471E-06 | global batch size:    96 | action loss: 1.451882E-01 | loss scale: 1.0 | grad norm: 0.564669 | number of skipped iterations:   0 | number of nan iterations:   0 |
2026-08-24 02:05:52 [INFO] iteration      858/    1000 | consumed samples:        82368 | elapsed time per iteration (ms): 2282.7 | throughput (samples/sec/per_device): 5.257 | learning rate: 2.197833E-06 | global batch size:    96 | action loss: 1.544997E-01 | loss scale: 1.0 | grad norm: 0.528939 | number of skipped iterations:   0 | number of nan iterations:   0 |
2026-08-24 02:05:54 [INFO] iteration      859/    1000 | consumed samples:        82464 | elapsed time per iteration (ms): 2063.6 | throughput (samples/sec/per_device): 5.815 | learning rate: 2.181303E-06 | global batch size:    96 | action loss: 1.722120E-01 | loss scale: 1.0 | grad norm: 0.534069 | number of skipped iterations:   0 | number of nan iterations:   0 |
2026-08-24 02:05:57 [INFO] iteration      860/    1000 | consumed samples:        82560 | elapsed time per iteration (ms): 2528.6 | throughput (samples/sec/per_device): 4.746 | learning rate: 2.164882E-06 | global batch size:    96 | action loss: 1.459553E-01 | loss scale: 1.0 | grad norm: 0.503879 | number of skipped iterations:   0 | number of nan iterations:   0 |
2026-08-24 02:05:57 [INFO] max time across ranks (ms):
    forward-backward................................: 2397.33
    forward-compute.................................: 276.69
    backward-compute................................: 2119.29
    batch-generator.................................: 1.90
    nan-grad-cleanup................................: 13.99
    grad-clip.......................................: 32.60
    optimizer.......................................: 85.93
    optimizer-inner-step............................: 85.82
    optimizer-scheduler-step........................: 0.09
    optimizer-zero-grad.............................: 0.67
2026-08-24 02:05:59 [INFO] iteration      861/    1000 | consumed samples:        82656 | elapsed time per iteration (ms): 1981.1 | throughput (samples/sec/per_device): 6.057 | learning rate: 2.148570E-06 | global batch size:    96 | action loss: 1.273464E-01 | loss scale: 1.0 | grad norm: 0.501965 | number of skipped iterations:   0 | number of nan iterations:   0 |
2026-08-24 02:06:02 [INFO] iteration      862/    1000 | consumed samples:        82752 | elapsed time per iteration (ms): 3110.2 | throughput (samples/sec/per_device): 3.858 | learning rate: 2.132367E-06 | global batch size:    96 | action loss: 1.408391E-01 | loss scale: 1.0 | grad norm: 0.495650 | number of skipped iterations:   0 | number of nan iterations:   0 |
2026-08-24 02:06:05 [INFO] iteration      863/    1000 | consumed samples:        82848 | elapsed time per iteration (ms): 2831.2 | throughput (samples/sec/per_device): 4.239 | learning rate: 2.116274E-06 | global batch size:    96 | action loss: 1.658612E-01 | loss scale: 1.0 | grad norm: 0.518242 | number of skipped iterations:   0 | number of nan iterations:   0 |
2026-08-24 02:06:08 [INFO] iteration      864/    1000 | consumed samples:        82944 | elapsed time per iteration (ms): 2992.0 | throughput (samples/sec/per_device): 4.011 | learning rate: 2.100290E-06 | global batch size:    96 | action loss: 1.540313E-01 | loss scale: 1.0 | grad norm: 0.539373 | number of skipped iterations:   0 | number of nan iterations:   0 |
2026-08-24 02:06:12 [INFO] iteration      865/    1000 | consumed samples:        83040 | elapsed time per iteration (ms): 3788.4 | throughput (samples/sec/per_device): 3.168 | learning rate: 2.084416E-06 | global batch size:    96 | action loss: 1.575599E-01 | loss scale: 1.0 | grad norm: 0.553738 | number of skipped iterations:   0 | number of nan iterations:   0 |
2026-08-24 02:06:14 [INFO] iteration      866/    1000 | consumed samples:        83136 | elapsed time per iteration (ms): 2504.8 | throughput (samples/sec/per_device): 4.791 | learning rate: 2.068652E-06 | global batch size:    96 | action loss: 1.490232E-01 | loss scale: 1.0 | grad norm: 0.502931 | number of skipped iterations:   0 | number of nan iterations:   0 |
2026-08-24 02:06:17 [INFO] iteration      867/    1000 | consumed samples:        83232 | elapsed time per iteration (ms): 2595.5 | throughput (samples/sec/per_device): 4.623 | learning rate: 2.052998E-06 | global batch size:    96 | action loss: 1.423609E-01 | loss scale: 1.0 | grad norm: 0.497547 | number of skipped iterations:   0 | number of nan iterations:   0 |
2026-08-24 02:06:20 [INFO] iteration      868/    1000 | consumed samples:        83328 | elapsed time per iteration (ms): 2899.4 | throughput (samples/sec/per_device): 4.139 | learning rate: 2.037455E-06 | global batch size:    96 | action loss: 1.440232E-01 | loss scale: 1.0 | grad norm: 0.545305 | number of skipped iterations:   0 | number of nan iterations:   0 |
2026-08-24 02:06:24 [INFO] iteration      869/    1000 | consumed samples:        83424 | elapsed time per iteration (ms): 3995.9 | throughput (samples/sec/per_device): 3.003 | learning rate: 2.022021E-06 | global batch size:    96 | action loss: 1.583660E-01 | loss scale: 1.0 | grad norm: 0.539377 | number of skipped iterations:   0 | number of nan iterations:   0 |
2026-08-24 02:06:26 [INFO] iteration      870/    1000 | consumed samples:        83520 | elapsed time per iteration (ms): 2409.2 | throughput (samples/sec/per_device): 4.981 | learning rate: 2.006699E-06 | global batch size:    96 | action loss: 1.555043E-01 | loss scale: 1.0 | grad norm: 0.512511 | number of skipped iterations:   0 | number of nan iterations:   0 |
2026-08-24 02:06:30 [INFO] iteration      871/    1000 | consumed samples:        83616 | elapsed time per iteration (ms): 3701.1 | throughput (samples/sec/per_device): 3.242 | learning rate: 1.991486E-06 | global batch size:    96 | action loss: 1.362044E-01 | loss scale: 1.0 | grad norm: 0.500977 | number of skipped iterations:   0 | number of nan iterations:   0 |
2026-08-24 02:06:35 [INFO] iteration      872/    1000 | consumed samples:        83712 | elapsed time per iteration (ms): 5055.5 | throughput (samples/sec/per_device): 2.374 | learning rate: 1.976385E-06 | global batch size:    96 | action loss: 1.463609E-01 | loss scale: 1.0 | grad norm: 0.495974 | number of skipped iterations:   0 | number of nan iterations:   0 |
2026-08-24 02:06:37 [INFO] iteration      873/    1000 | consumed samples:        83808 | elapsed time per iteration (ms): 2629.2 | throughput (samples/sec/per_device): 4.564 | learning rate: 1.961395E-06 | global batch size:    96 | action loss: 1.541759E-01 | loss scale: 1.0 | grad norm: 0.496669 | number of skipped iterations:   0 | number of nan iterations:   0 |
2026-08-24 02:06:40 [INFO] iteration      874/    1000 | consumed samples:        83904 | elapsed time per iteration (ms): 2750.8 | throughput (samples/sec/per_device): 4.362 | learning rate: 1.946516E-06 | global batch size:    96 | action loss: 1.451592E-01 | loss scale: 1.0 | grad norm: 0.544512 | number of skipped iterations:   0 | number of nan iterations:   0 |
2026-08-24 02:06:44 [INFO] iteration      875/    1000 | consumed samples:        84000 | elapsed time per iteration (ms): 3683.7 | throughput (samples/sec/per_device): 3.258 | learning rate: 1.931748E-06 | global batch size:    96 | action loss: 1.365801E-01 | loss scale: 1.0 | grad norm: 0.540773 | number of skipped iterations:   0 | number of nan iterations:   0 |
2026-08-24 02:06:49 [INFO] iteration      876/    1000 | consumed samples:        84096 | elapsed time per iteration (ms): 5298.8 | throughput (samples/sec/per_device): 2.265 | learning rate: 1.917092E-06 | global batch size:    96 | action loss: 1.632351E-01 | loss scale: 1.0 | grad norm: 0.510272 | number of skipped iterations:   0 | number of nan iterations:   0 |
2026-08-24 02:06:52 [INFO] iteration      877/    1000 | consumed samples:        84192 | elapsed time per iteration (ms): 2501.0 | throughput (samples/sec/per_device): 4.798 | learning rate: 1.902548E-06 | global batch size:    96 | action loss: 1.445836E-01 | loss scale: 1.0 | grad norm: 0.506472 | number of skipped iterations:   0 | number of nan iterations:   0 |
2026-08-24 02:06:54 [INFO] iteration      878/    1000 | consumed samples:        84288 | elapsed time per iteration (ms): 2617.2 | throughput (samples/sec/per_device): 4.585 | learning rate: 1.888115E-06 | global batch size:    96 | action loss: 1.476109E-01 | loss scale: 1.0 | grad norm: 0.521541 | number of skipped iterations:   0 | number of nan iterations:   0 |
2026-08-24 02:06:58 [INFO] iteration      879/    1000 | consumed samples:        84384 | elapsed time per iteration (ms): 3980.0 | throughput (samples/sec/per_device): 3.015 | learning rate: 1.873794E-06 | global batch size:    96 | action loss: 1.534552E-01 | loss scale: 1.0 | grad norm: 0.518299 | number of skipped iterations:   0 | number of nan iterations:   0 |
2026-08-24 02:07:01 [INFO] iteration      880/    1000 | consumed samples:        84480 | elapsed time per iteration (ms): 2900.9 | throughput (samples/sec/per_device): 4.137 | learning rate: 1.859585E-06 | global batch size:    96 | action loss: 1.521160E-01 | loss scale: 1.0 | grad norm: 0.528449 | number of skipped iterations:   0 | number of nan iterations:   0 |
2026-08-24 02:07:01 [INFO] max time across ranks (ms):
    forward-backward................................: 2770.74
    forward-compute.................................: 606.14
    backward-compute................................: 2493.30
    batch-generator.................................: 2.64
    nan-grad-cleanup................................: 13.08
    grad-clip.......................................: 32.58
    optimizer.......................................: 84.16
    optimizer-inner-step............................: 84.02
    optimizer-scheduler-step........................: 0.06
    optimizer-zero-grad.............................: 0.43
2026-08-24 02:07:04 [INFO] iteration      881/    1000 | consumed samples:        84576 | elapsed time per iteration (ms): 3254.6 | throughput (samples/sec/per_device): 3.687 | learning rate: 1.845488E-06 | global batch size:    96 | action loss: 1.655849E-01 | loss scale: 1.0 | grad norm: 0.549062 | number of skipped iterations:   0 | number of nan iterations:   0 |
2026-08-24 02:07:08 [INFO] iteration      882/    1000 | consumed samples:        84672 | elapsed time per iteration (ms): 3975.3 | throughput (samples/sec/per_device): 3.019 | learning rate: 1.831504E-06 | global batch size:    96 | action loss: 1.620963E-01 | loss scale: 1.0 | grad norm: 0.546642 | number of skipped iterations:   0 | number of nan iterations:   0 |
2026-08-24 02:07:11 [INFO] iteration      883/    1000 | consumed samples:        84768 | elapsed time per iteration (ms): 2910.9 | throughput (samples/sec/per_device): 4.122 | learning rate: 1.817632E-06 | global batch size:    96 | action loss: 1.468686E-01 | loss scale: 1.0 | grad norm: 0.505760 | number of skipped iterations:   0 | number of nan iterations:   0 |
2026-08-24 02:07:14 [INFO] iteration      884/    1000 | consumed samples:        84864 | elapsed time per iteration (ms): 2361.7 | throughput (samples/sec/per_device): 5.081 | learning rate: 1.803872E-06 | global batch size:    96 | action loss: 1.260321E-01 | loss scale: 1.0 | grad norm: 0.521532 | number of skipped iterations:   0 | number of nan iterations:   0 |
2026-08-24 02:07:17 [INFO] iteration      885/    1000 | consumed samples:        84960 | elapsed time per iteration (ms): 2835.1 | throughput (samples/sec/per_device): 4.233 | learning rate: 1.790226E-06 | global batch size:    96 | action loss: 1.529499E-01 | loss scale: 1.0 | grad norm: 0.512813 | number of skipped iterations:   0 | number of nan iterations:   0 |
2026-08-24 02:07:21 [INFO] iteration      886/    1000 | consumed samples:        85056 | elapsed time per iteration (ms): 4187.7 | throughput (samples/sec/per_device): 2.866 | learning rate: 1.776692E-06 | global batch size:    96 | action loss: 1.980518E-01 | loss scale: 1.0 | grad norm: 0.515931 | number of skipped iterations:   0 | number of nan iterations:   0 |
2026-08-24 02:07:24 [INFO] iteration      887/    1000 | consumed samples:        85152 | elapsed time per iteration (ms): 3319.3 | throughput (samples/sec/per_device): 3.615 | learning rate: 1.763271E-06 | global batch size:    96 | action loss: 1.758920E-01 | loss scale: 1.0 | grad norm: 0.536163 | number of skipped iterations:   0 | number of nan iterations:   0 |
2026-08-24 02:07:26 [INFO] iteration      888/    1000 | consumed samples:        85248 | elapsed time per iteration (ms): 2266.9 | throughput (samples/sec/per_device): 5.293 | learning rate: 1.749964E-06 | global batch size:    96 | action loss: 1.707355E-01 | loss scale: 1.0 | grad norm: 0.557837 | number of skipped iterations:   0 | number of nan iterations:   0 |
2026-08-24 02:07:29 [INFO] iteration      889/    1000 | consumed samples:        85344 | elapsed time per iteration (ms): 3071.7 | throughput (samples/sec/per_device): 3.907 | learning rate: 1.736769E-06 | global batch size:    96 | action loss: 1.306366E-01 | loss scale: 1.0 | grad norm: 0.526136 | number of skipped iterations:   0 | number of nan iterations:   0 |
2026-08-24 02:07:34 [INFO] iteration      890/    1000 | consumed samples:        85440 | elapsed time per iteration (ms): 4598.1 | throughput (samples/sec/per_device): 2.610 | learning rate: 1.723689E-06 | global batch size:    96 | action loss: 1.421991E-01 | loss scale: 1.0 | grad norm: 0.520920 | number of skipped iterations:   0 | number of nan iterations:   0 |
2026-08-24 02:07:37 [INFO] iteration      891/    1000 | consumed samples:        85536 | elapsed time per iteration (ms): 3326.3 | throughput (samples/sec/per_device): 3.608 | learning rate: 1.710721E-06 | global batch size:    96 | action loss: 1.471207E-01 | loss scale: 1.0 | grad norm: 0.509631 | number of skipped iterations:   0 | number of nan iterations:   0 |
2026-08-24 02:07:40 [INFO] iteration      892/    1000 | consumed samples:        85632 | elapsed time per iteration (ms): 2824.6 | throughput (samples/sec/per_device): 4.248 | learning rate: 1.697868E-06 | global batch size:    96 | action loss: 1.601062E-01 | loss scale: 1.0 | grad norm: 0.504515 | number of skipped iterations:   0 | number of nan iterations:   0 |
2026-08-24 02:07:44 [INFO] iteration      893/    1000 | consumed samples:        85728 | elapsed time per iteration (ms): 3345.9 | throughput (samples/sec/per_device): 3.586 | learning rate: 1.685128E-06 | global batch size:    96 | action loss: 1.550493E-01 | loss scale: 1.0 | grad norm: 0.541282 | number of skipped iterations:   0 | number of nan iterations:   0 |
2026-08-24 02:07:46 [INFO] iteration      894/    1000 | consumed samples:        85824 | elapsed time per iteration (ms): 2599.0 | throughput (samples/sec/per_device): 4.617 | learning rate: 1.672502E-06 | global batch size:    96 | action loss: 1.285068E-01 | loss scale: 1.0 | grad norm: 0.556985 | number of skipped iterations:   0 | number of nan iterations:   0 |
2026-08-24 02:07:49 [INFO] iteration      895/    1000 | consumed samples:        85920 | elapsed time per iteration (ms): 3168.2 | throughput (samples/sec/per_device): 3.788 | learning rate: 1.659990E-06 | global batch size:    96 | action loss: 1.423634E-01 | loss scale: 1.0 | grad norm: 0.556216 | number of skipped iterations:   0 | number of nan iterations:   0 |
2026-08-24 02:07:53 [INFO] iteration      896/    1000 | consumed samples:        86016 | elapsed time per iteration (ms): 3892.7 | throughput (samples/sec/per_device): 3.083 | learning rate: 1.647593E-06 | global batch size:    96 | action loss: 1.520181E-01 | loss scale: 1.0 | grad norm: 0.530691 | number of skipped iterations:   0 | number of nan iterations:   0 |
2026-08-24 02:07:56 [INFO] iteration      897/    1000 | consumed samples:        86112 | elapsed time per iteration (ms): 2582.6 | throughput (samples/sec/per_device): 4.646 | learning rate: 1.635309E-06 | global batch size:    96 | action loss: 1.768428E-01 | loss scale: 1.0 | grad norm: 0.520712 | number of skipped iterations:   0 | number of nan iterations:   0 |
2026-08-24 02:07:58 [INFO] iteration      898/    1000 | consumed samples:        86208 | elapsed time per iteration (ms): 2618.8 | throughput (samples/sec/per_device): 4.582 | learning rate: 1.623140E-06 | global batch size:    96 | action loss: 1.517953E-01 | loss scale: 1.0 | grad norm: 0.515027 | number of skipped iterations:   0 | number of nan iterations:   0 |
2026-08-24 02:08:01 [INFO] iteration      899/    1000 | consumed samples:        86304 | elapsed time per iteration (ms): 3057.8 | throughput (samples/sec/per_device): 3.924 | learning rate: 1.611086E-06 | global batch size:    96 | action loss: 1.455126E-01 | loss scale: 1.0 | grad norm: 0.514037 | number of skipped iterations:   0 | number of nan iterations:   0 |
2026-08-24 02:08:06 [INFO] iteration      900/    1000 | consumed samples:        86400 | elapsed time per iteration (ms): 4292.0 | throughput (samples/sec/per_device): 2.796 | learning rate: 1.599147E-06 | global batch size:    96 | action loss: 1.515299E-01 | loss scale: 1.0 | grad norm: 0.502712 | number of skipped iterations:   0 | number of nan iterations:   0 |
2026-08-24 02:08:06 [INFO] max time across ranks (ms):
    forward-backward................................: 4082.75
    forward-compute.................................: 1031.62
    backward-compute................................: 3803.73
    batch-generator.................................: 2.60
    nan-grad-cleanup................................: 15.93
    grad-clip.......................................: 40.26
    optimizer.......................................: 95.53
    optimizer-inner-step............................: 95.44
    optimizer-scheduler-step........................: 0.07
    optimizer-zero-grad.............................: 0.68
2026-08-24 02:08:09 [INFO] iteration      901/    1000 | consumed samples:        86496 | elapsed time per iteration (ms): 3002.1 | throughput (samples/sec/per_device): 3.997 | learning rate: 1.587322E-06 | global batch size:    96 | action loss: 1.543067E-01 | loss scale: 1.0 | grad norm: 0.517306 | number of skipped iterations:   0 | number of nan iterations:   0 |
2026-08-24 02:08:12 [INFO] iteration      902/    1000 | consumed samples:        86592 | elapsed time per iteration (ms): 3003.3 | throughput (samples/sec/per_device): 3.996 | learning rate: 1.575612E-06 | global batch size:    96 | action loss: 1.770425E-01 | loss scale: 1.0 | grad norm: 0.636527 | number of skipped iterations:   0 | number of nan iterations:   0 |
2026-08-24 02:08:14 [INFO] iteration      903/    1000 | consumed samples:        86688 | elapsed time per iteration (ms): 2690.4 | throughput (samples/sec/per_device): 4.460 | learning rate: 1.564017E-06 | global batch size:    96 | action loss: 1.391468E-01 | loss scale: 1.0 | grad norm: 0.582345 | number of skipped iterations:   0 | number of nan iterations:   0 |
2026-08-24 02:08:16 [INFO] PowerSGDPlusState restart: iter=602 compressed_iter=600 method=approximate rank=1 apply_exact=False
2026-08-24 02:08:21 [INFO] iteration      904/    1000 | consumed samples:        86784 | elapsed time per iteration (ms): 6837.8 | throughput (samples/sec/per_device): 1.755 | learning rate: 1.552537E-06 | global batch size:    96 | action loss: 1.859485E-01 | loss scale: 1.0 | grad norm: 0.650292 | number of skipped iterations:   0 | number of nan iterations:   0 |
2026-08-24 02:08:25 [INFO] iteration      905/    1000 | consumed samples:        86880 | elapsed time per iteration (ms): 3765.3 | throughput (samples/sec/per_device): 3.187 | learning rate: 1.541173E-06 | global batch size:    96 | action loss: 1.616950E-01 | loss scale: 1.0 | grad norm: 0.540029 | number of skipped iterations:   0 | number of nan iterations:   0 |
2026-08-24 02:08:30 [INFO] iteration      906/    1000 | consumed samples:        86976 | elapsed time per iteration (ms): 4527.8 | throughput (samples/sec/per_device): 2.650 | learning rate: 1.529924E-06 | global batch size:    96 | action loss: 1.676499E-01 | loss scale: 1.0 | grad norm: 0.562084 | number of skipped iterations:   0 | number of nan iterations:   0 |
2026-08-24 02:08:32 [INFO] iteration      907/    1000 | consumed samples:        87072 | elapsed time per iteration (ms): 2103.9 | throughput (samples/sec/per_device): 5.704 | learning rate: 1.518791E-06 | global batch size:    96 | action loss: 1.507544E-01 | loss scale: 1.0 | grad norm: 0.583026 | number of skipped iterations:   0 | number of nan iterations:   0 |
2026-08-24 02:08:34 [INFO] iteration      908/    1000 | consumed samples:        87168 | elapsed time per iteration (ms): 2391.7 | throughput (samples/sec/per_device): 5.017 | learning rate: 1.507773E-06 | global batch size:    96 | action loss: 1.243256E-01 | loss scale: 1.0 | grad norm: 0.529627 | number of skipped iterations:   0 | number of nan iterations:   0 |
2026-08-24 02:08:37 [INFO] iteration      909/    1000 | consumed samples:        87264 | elapsed time per iteration (ms): 2783.2 | throughput (samples/sec/per_device): 4.312 | learning rate: 1.496871E-06 | global batch size:    96 | action loss: 1.536242E-01 | loss scale: 1.0 | grad norm: 0.522699 | number of skipped iterations:   0 | number of nan iterations:   0 |
2026-08-24 02:08:41 [INFO] iteration      910/    1000 | consumed samples:        87360 | elapsed time per iteration (ms): 4497.7 | throughput (samples/sec/per_device): 2.668 | learning rate: 1.486084E-06 | global batch size:    96 | action loss: 1.600441E-01 | loss scale: 1.0 | grad norm: 0.539400 | number of skipped iterations:   0 | number of nan iterations:   0 |
2026-08-24 02:08:44 [INFO] iteration      911/    1000 | consumed samples:        87456 | elapsed time per iteration (ms): 2816.2 | throughput (samples/sec/per_device): 4.261 | learning rate: 1.475414E-06 | global batch size:    96 | action loss: 1.565165E-01 | loss scale: 1.0 | grad norm: 0.534749 | number of skipped iterations:   0 | number of nan iterations:   0 |
2026-08-24 02:08:47 [INFO] iteration      912/    1000 | consumed samples:        87552 | elapsed time per iteration (ms): 2573.8 | throughput (samples/sec/per_device): 4.662 | learning rate: 1.464860E-06 | global batch size:    96 | action loss: 1.749459E-01 | loss scale: 1.0 | grad norm: 0.506980 | number of skipped iterations:   0 | number of nan iterations:   0 |
2026-08-24 02:08:51 [INFO] iteration      913/    1000 | consumed samples:        87648 | elapsed time per iteration (ms): 4012.2 | throughput (samples/sec/per_device): 2.991 | learning rate: 1.454421E-06 | global batch size:    96 | action loss: 1.631644E-01 | loss scale: 1.0 | grad norm: 0.531443 | number of skipped iterations:   0 | number of nan iterations:   0 |
2026-08-24 02:08:54 [INFO] iteration      914/    1000 | consumed samples:        87744 | elapsed time per iteration (ms): 2841.1 | throughput (samples/sec/per_device): 4.224 | learning rate: 1.444100E-06 | global batch size:    96 | action loss: 1.269914E-01 | loss scale: 1.0 | grad norm: 0.514952 | number of skipped iterations:   0 | number of nan iterations:   0 |
2026-08-24 02:08:56 [INFO] iteration      915/    1000 | consumed samples:        87840 | elapsed time per iteration (ms): 2678.5 | throughput (samples/sec/per_device): 4.480 | learning rate: 1.433894E-06 | global batch size:    96 | action loss: 1.491806E-01 | loss scale: 1.0 | grad norm: 0.540351 | number of skipped iterations:   0 | number of nan iterations:   0 |
2026-08-24 02:08:59 [INFO] iteration      916/    1000 | consumed samples:        87936 | elapsed time per iteration (ms): 3153.9 | throughput (samples/sec/per_device): 3.805 | learning rate: 1.423805E-06 | global batch size:    96 | action loss: 1.789022E-01 | loss scale: 1.0 | grad norm: 0.521613 | number of skipped iterations:   0 | number of nan iterations:   0 |
2026-08-24 02:09:03 [INFO] iteration      917/    1000 | consumed samples:        88032 | elapsed time per iteration (ms): 3540.4 | throughput (samples/sec/per_device): 3.389 | learning rate: 1.413833E-06 | global batch size:    96 | action loss: 1.520836E-01 | loss scale: 1.0 | grad norm: 0.511482 | number of skipped iterations:   0 | number of nan iterations:   0 |
2026-08-24 02:09:06 [INFO] iteration      918/    1000 | consumed samples:        88128 | elapsed time per iteration (ms): 2749.1 | throughput (samples/sec/per_device): 4.365 | learning rate: 1.403977E-06 | global batch size:    96 | action loss: 1.789203E-01 | loss scale: 1.0 | grad norm: 0.519269 | number of skipped iterations:   0 | number of nan iterations:   0 |
2026-08-24 02:09:08 [INFO] iteration      919/    1000 | consumed samples:        88224 | elapsed time per iteration (ms): 2329.5 | throughput (samples/sec/per_device): 5.151 | learning rate: 1.394238E-06 | global batch size:    96 | action loss: 1.528625E-01 | loss scale: 1.0 | grad norm: 0.539653 | number of skipped iterations:   0 | number of nan iterations:   0 |
2026-08-24 02:09:10 [INFO] iteration      920/    1000 | consumed samples:        88320 | elapsed time per iteration (ms): 2293.2 | throughput (samples/sec/per_device): 5.233 | learning rate: 1.384616E-06 | global batch size:    96 | action loss: 1.323614E-01 | loss scale: 1.0 | grad norm: 0.538751 | number of skipped iterations:   0 | number of nan iterations:   0 |
2026-08-24 02:09:10 [INFO] max time across ranks (ms):
    forward-backward................................: 2163.14
    forward-compute.................................: 579.61
    backward-compute................................: 1885.23
    batch-generator.................................: 1.79
    nan-grad-cleanup................................: 13.16
    grad-clip.......................................: 33.18
    optimizer.......................................: 83.10
    optimizer-inner-step............................: 82.98
    optimizer-scheduler-step........................: 0.06
    optimizer-zero-grad.............................: 0.74
2026-08-24 02:09:14 [INFO] iteration      921/    1000 | consumed samples:        88416 | elapsed time per iteration (ms): 3461.1 | throughput (samples/sec/per_device): 3.467 | learning rate: 1.375110E-06 | global batch size:    96 | action loss: 1.633976E-01 | loss scale: 1.0 | grad norm: 0.556671 | number of skipped iterations:   0 | number of nan iterations:   0 |
2026-08-24 02:09:17 [INFO] iteration      922/    1000 | consumed samples:        88512 | elapsed time per iteration (ms): 2906.2 | throughput (samples/sec/per_device): 4.129 | learning rate: 1.365722E-06 | global batch size:    96 | action loss: 1.603009E-01 | loss scale: 1.0 | grad norm: 0.551415 | number of skipped iterations:   0 | number of nan iterations:   0 |
2026-08-24 02:09:20 [INFO] iteration      923/    1000 | consumed samples:        88608 | elapsed time per iteration (ms): 3137.3 | throughput (samples/sec/per_device): 3.825 | learning rate: 1.356451E-06 | global batch size:    96 | action loss: 2.054380E-01 | loss scale: 1.0 | grad norm: 0.549360 | number of skipped iterations:   0 | number of nan iterations:   0 |
2026-08-24 02:09:22 [INFO] iteration      924/    1000 | consumed samples:        88704 | elapsed time per iteration (ms): 2426.9 | throughput (samples/sec/per_device): 4.945 | learning rate: 1.347298E-06 | global batch size:    96 | action loss: 1.508059E-01 | loss scale: 1.0 | grad norm: 0.513694 | number of skipped iterations:   0 | number of nan iterations:   0 |
2026-08-24 02:09:26 [INFO] iteration      925/    1000 | consumed samples:        88800 | elapsed time per iteration (ms): 3594.9 | throughput (samples/sec/per_device): 3.338 | learning rate: 1.338261E-06 | global batch size:    96 | action loss: 1.371931E-01 | loss scale: 1.0 | grad norm: 0.521464 | number of skipped iterations:   0 | number of nan iterations:   0 |
2026-08-24 02:09:28 [INFO] iteration      926/    1000 | consumed samples:        88896 | elapsed time per iteration (ms): 2023.5 | throughput (samples/sec/per_device): 5.930 | learning rate: 1.329342E-06 | global batch size:    96 | action loss: 1.424234E-01 | loss scale: 1.0 | grad norm: 0.498868 | number of skipped iterations:   0 | number of nan iterations:   0 |
2026-08-24 02:09:30 [INFO] iteration      927/    1000 | consumed samples:        88992 | elapsed time per iteration (ms): 2378.2 | throughput (samples/sec/per_device): 5.046 | learning rate: 1.320541E-06 | global batch size:    96 | action loss: 1.498624E-01 | loss scale: 1.0 | grad norm: 0.536685 | number of skipped iterations:   0 | number of nan iterations:   0 |
2026-08-24 02:09:33 [INFO] iteration      928/    1000 | consumed samples:        89088 | elapsed time per iteration (ms): 3107.0 | throughput (samples/sec/per_device): 3.862 | learning rate: 1.311857E-06 | global batch size:    96 | action loss: 1.579079E-01 | loss scale: 1.0 | grad norm: 0.568630 | number of skipped iterations:   0 | number of nan iterations:   0 |
2026-08-24 02:09:37 [INFO] iteration      929/    1000 | consumed samples:        89184 | elapsed time per iteration (ms): 3687.0 | throughput (samples/sec/per_device): 3.255 | learning rate: 1.303291E-06 | global batch size:    96 | action loss: 1.710760E-01 | loss scale: 1.0 | grad norm: 0.561081 | number of skipped iterations:   0 | number of nan iterations:   0 |
2026-08-24 02:09:40 [INFO] iteration      930/    1000 | consumed samples:        89280 | elapsed time per iteration (ms): 2782.0 | throughput (samples/sec/per_device): 4.314 | learning rate: 1.294843E-06 | global batch size:    96 | action loss: 1.650780E-01 | loss scale: 1.0 | grad norm: 0.551498 | number of skipped iterations:   0 | number of nan iterations:   0 |
2026-08-24 02:09:44 [INFO] iteration      931/    1000 | consumed samples:        89376 | elapsed time per iteration (ms): 4156.9 | throughput (samples/sec/per_device): 2.887 | learning rate: 1.286512E-06 | global batch size:    96 | action loss: 1.709603E-01 | loss scale: 1.0 | grad norm: 0.537823 | number of skipped iterations:   0 | number of nan iterations:   0 |
2026-08-24 02:09:48 [INFO] iteration      932/    1000 | consumed samples:        89472 | elapsed time per iteration (ms): 3990.0 | throughput (samples/sec/per_device): 3.008 | learning rate: 1.278300E-06 | global batch size:    96 | action loss: 1.470244E-01 | loss scale: 1.0 | grad norm: 0.519255 | number of skipped iterations:   0 | number of nan iterations:   0 |
2026-08-24 02:09:51 [INFO] iteration      933/    1000 | consumed samples:        89568 | elapsed time per iteration (ms): 3104.4 | throughput (samples/sec/per_device): 3.865 | learning rate: 1.270205E-06 | global batch size:    96 | action loss: 1.416270E-01 | loss scale: 1.0 | grad norm: 0.525364 | number of skipped iterations:   0 | number of nan iterations:   0 |
2026-08-24 02:09:54 [INFO] iteration      934/    1000 | consumed samples:        89664 | elapsed time per iteration (ms): 2714.8 | throughput (samples/sec/per_device): 4.420 | learning rate: 1.262229E-06 | global batch size:    96 | action loss: 1.394339E-01 | loss scale: 1.0 | grad norm: 0.544702 | number of skipped iterations:   0 | number of nan iterations:   0 |
2026-08-24 02:09:58 [INFO] iteration      935/    1000 | consumed samples:        89760 | elapsed time per iteration (ms): 3813.4 | throughput (samples/sec/per_device): 3.147 | learning rate: 1.254371E-06 | global batch size:    96 | action loss: 1.617951E-01 | loss scale: 1.0 | grad norm: 0.537362 | number of skipped iterations:   0 | number of nan iterations:   0 |
2026-08-24 02:10:00 [INFO] iteration      936/    1000 | consumed samples:        89856 | elapsed time per iteration (ms): 2398.2 | throughput (samples/sec/per_device): 5.004 | learning rate: 1.246631E-06 | global batch size:    96 | action loss: 1.638265E-01 | loss scale: 1.0 | grad norm: 0.563308 | number of skipped iterations:   0 | number of nan iterations:   0 |
2026-08-24 02:10:03 [INFO] iteration      937/    1000 | consumed samples:        89952 | elapsed time per iteration (ms): 2875.3 | throughput (samples/sec/per_device): 4.174 | learning rate: 1.239009E-06 | global batch size:    96 | action loss: 2.103887E-01 | loss scale: 1.0 | grad norm: 0.539980 | number of skipped iterations:   0 | number of nan iterations:   0 |
2026-08-24 02:10:06 [INFO] iteration      938/    1000 | consumed samples:        90048 | elapsed time per iteration (ms): 2839.7 | throughput (samples/sec/per_device): 4.226 | learning rate: 1.231506E-06 | global batch size:    96 | action loss: 1.752732E-01 | loss scale: 1.0 | grad norm: 0.544847 | number of skipped iterations:   0 | number of nan iterations:   0 |
2026-08-24 02:10:09 [INFO] iteration      939/    1000 | consumed samples:        90144 | elapsed time per iteration (ms): 3648.0 | throughput (samples/sec/per_device): 3.290 | learning rate: 1.224122E-06 | global batch size:    96 | action loss: 1.695212E-01 | loss scale: 1.0 | grad norm: 0.531754 | number of skipped iterations:   0 | number of nan iterations:   0 |
2026-08-24 02:10:12 [INFO] iteration      940/    1000 | consumed samples:        90240 | elapsed time per iteration (ms): 2535.4 | throughput (samples/sec/per_device): 4.733 | learning rate: 1.216856E-06 | global batch size:    96 | action loss: 1.665703E-01 | loss scale: 1.0 | grad norm: 0.523671 | number of skipped iterations:   0 | number of nan iterations:   0 |
2026-08-24 02:10:12 [INFO] max time across ranks (ms):
    forward-backward................................: 2404.36
    forward-compute.................................: 554.09
    backward-compute................................: 2127.12
    batch-generator.................................: 1.65
    nan-grad-cleanup................................: 13.21
    grad-clip.......................................: 33.85
    optimizer.......................................: 84.92
    optimizer-inner-step............................: 84.80
    optimizer-scheduler-step........................: 0.08
    optimizer-zero-grad.............................: 0.50
2026-08-24 02:10:15 [INFO] iteration      941/    1000 | consumed samples:        90336 | elapsed time per iteration (ms): 3334.2 | throughput (samples/sec/per_device): 3.599 | learning rate: 1.209708E-06 | global batch size:    96 | action loss: 1.457132E-01 | loss scale: 1.0 | grad norm: 0.587127 | number of skipped iterations:   0 | number of nan iterations:   0 |
2026-08-24 02:10:18 [INFO] iteration      942/    1000 | consumed samples:        90432 | elapsed time per iteration (ms): 2766.4 | throughput (samples/sec/per_device): 4.338 | learning rate: 1.202680E-06 | global batch size:    96 | action loss: 2.023770E-01 | loss scale: 1.0 | grad norm: 0.614255 | number of skipped iterations:   0 | number of nan iterations:   0 |
2026-08-24 02:10:22 [INFO] iteration      943/    1000 | consumed samples:        90528 | elapsed time per iteration (ms): 3495.2 | throughput (samples/sec/per_device): 3.433 | learning rate: 1.195770E-06 | global batch size:    96 | action loss: 1.529384E-01 | loss scale: 1.0 | grad norm: 0.563693 | number of skipped iterations:   0 | number of nan iterations:   0 |
2026-08-24 02:10:24 [INFO] iteration      944/    1000 | consumed samples:        90624 | elapsed time per iteration (ms): 2818.6 | throughput (samples/sec/per_device): 4.257 | learning rate: 1.188979E-06 | global batch size:    96 | action loss: 1.399008E-01 | loss scale: 1.0 | grad norm: 0.538774 | number of skipped iterations:   0 | number of nan iterations:   0 |
2026-08-24 02:10:27 [INFO] iteration      945/    1000 | consumed samples:        90720 | elapsed time per iteration (ms): 2435.7 | throughput (samples/sec/per_device): 4.927 | learning rate: 1.182307E-06 | global batch size:    96 | action loss: 1.355716E-01 | loss scale: 1.0 | grad norm: 0.503477 | number of skipped iterations:   0 | number of nan iterations:   0 |
2026-08-24 02:10:29 [INFO] iteration      946/    1000 | consumed samples:        90816 | elapsed time per iteration (ms): 2649.2 | throughput (samples/sec/per_device): 4.530 | learning rate: 1.175754E-06 | global batch size:    96 | action loss: 1.592337E-01 | loss scale: 1.0 | grad norm: 0.547557 | number of skipped iterations:   0 | number of nan iterations:   0 |
2026-08-24 02:10:33 [INFO] iteration      947/    1000 | consumed samples:        90912 | elapsed time per iteration (ms): 3796.4 | throughput (samples/sec/per_device): 3.161 | learning rate: 1.169320E-06 | global batch size:    96 | action loss: 1.415339E-01 | loss scale: 1.0 | grad norm: 0.532213 | number of skipped iterations:   0 | number of nan iterations:   0 |
2026-08-24 02:10:36 [INFO] iteration      948/    1000 | consumed samples:        91008 | elapsed time per iteration (ms): 2819.5 | throughput (samples/sec/per_device): 4.256 | learning rate: 1.163005E-06 | global batch size:    96 | action loss: 1.459289E-01 | loss scale: 1.0 | grad norm: 0.512654 | number of skipped iterations:   0 | number of nan iterations:   0 |
2026-08-24 02:10:39 [INFO] iteration      949/    1000 | consumed samples:        91104 | elapsed time per iteration (ms): 2744.4 | throughput (samples/sec/per_device): 4.373 | learning rate: 1.156810E-06 | global batch size:    96 | action loss: 1.441605E-01 | loss scale: 1.0 | grad norm: 0.519352 | number of skipped iterations:   0 | number of nan iterations:   0 |
2026-08-24 02:10:43 [INFO] iteration      950/    1000 | consumed samples:        91200 | elapsed time per iteration (ms): 4002.7 | throughput (samples/sec/per_device): 2.998 | learning rate: 1.150733E-06 | global batch size:    96 | action loss: 1.639879E-01 | loss scale: 1.0 | grad norm: 0.519673 | number of skipped iterations:   0 | number of nan iterations:   0 |
2026-08-24 02:10:47 [INFO] iteration      951/    1000 | consumed samples:        91296 | elapsed time per iteration (ms): 4585.1 | throughput (samples/sec/per_device): 2.617 | learning rate: 1.144776E-06 | global batch size:    96 | action loss: 1.565971E-01 | loss scale: 1.0 | grad norm: 0.532394 | number of skipped iterations:   0 | number of nan iterations:   0 |
2026-08-24 02:10:50 [INFO] iteration      952/    1000 | consumed samples:        91392 | elapsed time per iteration (ms): 2935.6 | throughput (samples/sec/per_device): 4.088 | learning rate: 1.138939E-06 | global batch size:    96 | action loss: 1.508061E-01 | loss scale: 1.0 | grad norm: 0.533224 | number of skipped iterations:   0 | number of nan iterations:   0 |
2026-08-24 02:10:53 [INFO] iteration      953/    1000 | consumed samples:        91488 | elapsed time per iteration (ms): 2267.8 | throughput (samples/sec/per_device): 5.292 | learning rate: 1.133221E-06 | global batch size:    96 | action loss: 1.499892E-01 | loss scale: 1.0 | grad norm: 0.561971 | number of skipped iterations:   0 | number of nan iterations:   0 |
2026-08-24 02:10:54 [INFO] PowerSGDPlusState restart: iter=652 compressed_iter=650 method=approximate rank=1 apply_exact=False
2026-08-24 02:11:00 [INFO] iteration      954/    1000 | consumed samples:        91584 | elapsed time per iteration (ms): 6868.0 | throughput (samples/sec/per_device): 1.747 | learning rate: 1.127622E-06 | global batch size:    96 | action loss: 1.608245E-01 | loss scale: 1.0 | grad norm: 0.614690 | number of skipped iterations:   0 | number of nan iterations:   0 |
2026-08-24 02:11:03 [INFO] iteration      955/    1000 | consumed samples:        91680 | elapsed time per iteration (ms): 3636.1 | throughput (samples/sec/per_device): 3.300 | learning rate: 1.122143E-06 | global batch size:    96 | action loss: 1.603631E-01 | loss scale: 1.0 | grad norm: 0.566734 | number of skipped iterations:   0 | number of nan iterations:   0 |
2026-08-24 02:11:08 [INFO] iteration      956/    1000 | consumed samples:        91776 | elapsed time per iteration (ms): 4836.0 | throughput (samples/sec/per_device): 2.481 | learning rate: 1.116783E-06 | global batch size:    96 | action loss: 1.527319E-01 | loss scale: 1.0 | grad norm: 0.547507 | number of skipped iterations:   0 | number of nan iterations:   0 |
2026-08-24 02:11:10 [INFO] iteration      957/    1000 | consumed samples:        91872 | elapsed time per iteration (ms): 2103.7 | throughput (samples/sec/per_device): 5.704 | learning rate: 1.111543E-06 | global batch size:    96 | action loss: 1.522278E-01 | loss scale: 1.0 | grad norm: 0.527765 | number of skipped iterations:   0 | number of nan iterations:   0 |
2026-08-24 02:11:12 [INFO] iteration      958/    1000 | consumed samples:        91968 | elapsed time per iteration (ms): 2382.8 | throughput (samples/sec/per_device): 5.036 | learning rate: 1.106423E-06 | global batch size:    96 | action loss: 1.667977E-01 | loss scale: 1.0 | grad norm: 0.581464 | number of skipped iterations:   0 | number of nan iterations:   0 |
2026-08-24 02:11:14 [INFO] iteration      959/    1000 | consumed samples:        92064 | elapsed time per iteration (ms): 1846.8 | throughput (samples/sec/per_device): 6.498 | learning rate: 1.101423E-06 | global batch size:    96 | action loss: 1.653749E-01 | loss scale: 1.0 | grad norm: 0.555221 | number of skipped iterations:   0 | number of nan iterations:   0 |
2026-08-24 02:11:18 [INFO] iteration      960/    1000 | consumed samples:        92160 | elapsed time per iteration (ms): 3489.5 | throughput (samples/sec/per_device): 3.439 | learning rate: 1.096542E-06 | global batch size:    96 | action loss: 1.682113E-01 | loss scale: 1.0 | grad norm: 0.551287 | number of skipped iterations:   0 | number of nan iterations:   0 |
2026-08-24 02:11:18 [INFO] max time across ranks (ms):
    forward-backward................................: 3359.30
    forward-compute.................................: 275.69
    backward-compute................................: 3081.18
    batch-generator.................................: 1.60
    nan-grad-cleanup................................: 13.07
    grad-clip.......................................: 31.99
    optimizer.......................................: 85.20
    optimizer-inner-step............................: 85.12
    optimizer-scheduler-step........................: 0.05
    optimizer-zero-grad.............................: 0.77
2026-08-24 02:11:20 [INFO] iteration      961/    1000 | consumed samples:        92256 | elapsed time per iteration (ms): 2314.7 | throughput (samples/sec/per_device): 5.184 | learning rate: 1.091782E-06 | global batch size:    96 | action loss: 1.468345E-01 | loss scale: 1.0 | grad norm: 0.514578 | number of skipped iterations:   0 | number of nan iterations:   0 |
2026-08-24 02:11:22 [INFO] iteration      962/    1000 | consumed samples:        92352 | elapsed time per iteration (ms): 2061.3 | throughput (samples/sec/per_device): 5.822 | learning rate: 1.087141E-06 | global batch size:    96 | action loss: 1.737243E-01 | loss scale: 1.0 | grad norm: 0.523746 | number of skipped iterations:   0 | number of nan iterations:   0 |
2026-08-24 02:11:25 [INFO] iteration      963/    1000 | consumed samples:        92448 | elapsed time per iteration (ms): 3289.2 | throughput (samples/sec/per_device): 3.648 | learning rate: 1.082620E-06 | global batch size:    96 | action loss: 1.356502E-01 | loss scale: 1.0 | grad norm: 0.508781 | number of skipped iterations:   0 | number of nan iterations:   0 |
2026-08-24 02:11:29 [INFO] iteration      964/    1000 | consumed samples:        92544 | elapsed time per iteration (ms): 3519.4 | throughput (samples/sec/per_device): 3.410 | learning rate: 1.078219E-06 | global batch size:    96 | action loss: 1.455500E-01 | loss scale: 1.0 | grad norm: 0.527189 | number of skipped iterations:   0 | number of nan iterations:   0 |
2026-08-24 02:11:31 [INFO] iteration      965/    1000 | consumed samples:        92640 | elapsed time per iteration (ms): 2351.6 | throughput (samples/sec/per_device): 5.103 | learning rate: 1.073938E-06 | global batch size:    96 | action loss: 1.432621E-01 | loss scale: 1.0 | grad norm: 0.545649 | number of skipped iterations:   0 | number of nan iterations:   0 |
2026-08-24 02:11:34 [INFO] iteration      966/    1000 | consumed samples:        92736 | elapsed time per iteration (ms): 3028.9 | throughput (samples/sec/per_device): 3.962 | learning rate: 1.069778E-06 | global batch size:    96 | action loss: 1.531473E-01 | loss scale: 1.0 | grad norm: 0.556373 | number of skipped iterations:   0 | number of nan iterations:   0 |
2026-08-24 02:11:37 [INFO] iteration      967/    1000 | consumed samples:        92832 | elapsed time per iteration (ms): 2309.7 | throughput (samples/sec/per_device): 5.195 | learning rate: 1.065737E-06 | global batch size:    96 | action loss: 1.708663E-01 | loss scale: 1.0 | grad norm: 0.531469 | number of skipped iterations:   0 | number of nan iterations:   0 |
2026-08-24 02:11:40 [INFO] iteration      968/    1000 | consumed samples:        92928 | elapsed time per iteration (ms): 3662.4 | throughput (samples/sec/per_device): 3.277 | learning rate: 1.061817E-06 | global batch size:    96 | action loss: 1.424359E-01 | loss scale: 1.0 | grad norm: 0.564553 | number of skipped iterations:   0 | number of nan iterations:   0 |
2026-08-24 02:11:43 [INFO] iteration      969/    1000 | consumed samples:        93024 | elapsed time per iteration (ms): 2495.9 | throughput (samples/sec/per_device): 4.808 | learning rate: 1.058017E-06 | global batch size:    96 | action loss: 1.725172E-01 | loss scale: 1.0 | grad norm: 0.528140 | number of skipped iterations:   0 | number of nan iterations:   0 |
2026-08-24 02:11:45 [INFO] iteration      970/    1000 | consumed samples:        93120 | elapsed time per iteration (ms): 2632.1 | throughput (samples/sec/per_device): 4.559 | learning rate: 1.054337E-06 | global batch size:    96 | action loss: 1.535772E-01 | loss scale: 1.0 | grad norm: 0.522556 | number of skipped iterations:   0 | number of nan iterations:   0 |
2026-08-24 02:11:51 [INFO] iteration      971/    1000 | consumed samples:        93216 | elapsed time per iteration (ms): 5531.9 | throughput (samples/sec/per_device): 2.169 | learning rate: 1.050777E-06 | global batch size:    96 | action loss: 1.450158E-01 | loss scale: 1.0 | grad norm: 0.547742 | number of skipped iterations:   0 | number of nan iterations:   0 |
2026-08-24 02:11:54 [INFO] iteration      972/    1000 | consumed samples:        93312 | elapsed time per iteration (ms): 2540.0 | throughput (samples/sec/per_device): 4.724 | learning rate: 1.047338E-06 | global batch size:    96 | action loss: 1.558861E-01 | loss scale: 1.0 | grad norm: 0.557950 | number of skipped iterations:   0 | number of nan iterations:   0 |
2026-08-24 02:11:56 [INFO] iteration      973/    1000 | consumed samples:        93408 | elapsed time per iteration (ms): 2858.8 | throughput (samples/sec/per_device): 4.198 | learning rate: 1.044019E-06 | global batch size:    96 | action loss: 1.491552E-01 | loss scale: 1.0 | grad norm: 0.534102 | number of skipped iterations:   0 | number of nan iterations:   0 |
2026-08-24 02:11:59 [INFO] iteration      974/    1000 | consumed samples:        93504 | elapsed time per iteration (ms): 2618.6 | throughput (samples/sec/per_device): 4.583 | learning rate: 1.040821E-06 | global batch size:    96 | action loss: 1.346496E-01 | loss scale: 1.0 | grad norm: 0.562948 | number of skipped iterations:   0 | number of nan iterations:   0 |
2026-08-24 02:12:03 [INFO] iteration      975/    1000 | consumed samples:        93600 | elapsed time per iteration (ms): 3524.6 | throughput (samples/sec/per_device): 3.405 | learning rate: 1.037743E-06 | global batch size:    96 | action loss: 1.637945E-01 | loss scale: 1.0 | grad norm: 0.622012 | number of skipped iterations:   0 | number of nan iterations:   0 |
2026-08-24 02:12:06 [INFO] iteration      976/    1000 | consumed samples:        93696 | elapsed time per iteration (ms): 3391.1 | throughput (samples/sec/per_device): 3.539 | learning rate: 1.034785E-06 | global batch size:    96 | action loss: 1.554982E-01 | loss scale: 1.0 | grad norm: 0.559673 | number of skipped iterations:   0 | number of nan iterations:   0 |
2026-08-24 02:12:09 [INFO] iteration      977/    1000 | consumed samples:        93792 | elapsed time per iteration (ms): 2880.4 | throughput (samples/sec/per_device): 4.166 | learning rate: 1.031948E-06 | global batch size:    96 | action loss: 1.580467E-01 | loss scale: 1.0 | grad norm: 0.515988 | number of skipped iterations:   0 | number of nan iterations:   0 |
2026-08-24 02:12:11 [INFO] iteration      978/    1000 | consumed samples:        93888 | elapsed time per iteration (ms): 2544.1 | throughput (samples/sec/per_device): 4.717 | learning rate: 1.029231E-06 | global batch size:    96 | action loss: 1.431929E-01 | loss scale: 1.0 | grad norm: 0.514199 | number of skipped iterations:   0 | number of nan iterations:   0 |
2026-08-24 02:12:15 [INFO] iteration      979/    1000 | consumed samples:        93984 | elapsed time per iteration (ms): 3485.5 | throughput (samples/sec/per_device): 3.443 | learning rate: 1.026635E-06 | global batch size:    96 | action loss: 1.618071E-01 | loss scale: 1.0 | grad norm: 0.517061 | number of skipped iterations:   0 | number of nan iterations:   0 |
2026-08-24 02:12:18 [INFO] iteration      980/    1000 | consumed samples:        94080 | elapsed time per iteration (ms): 2850.1 | throughput (samples/sec/per_device): 4.210 | learning rate: 1.024160E-06 | global batch size:    96 | action loss: 1.480952E-01 | loss scale: 1.0 | grad norm: 0.509220 | number of skipped iterations:   0 | number of nan iterations:   0 |
2026-08-24 02:12:18 [INFO] max time across ranks (ms):
    forward-backward................................: 2686.97
    forward-compute.................................: 1004.96
    backward-compute................................: 2409.88
    batch-generator.................................: 2.76
    nan-grad-cleanup................................: 13.37
    grad-clip.......................................: 34.11
    optimizer.......................................: 116.42
    optimizer-inner-step............................: 116.31
    optimizer-scheduler-step........................: 0.09
    optimizer-zero-grad.............................: 0.46
2026-08-24 02:12:21 [INFO] iteration      981/    1000 | consumed samples:        94176 | elapsed time per iteration (ms): 3037.0 | throughput (samples/sec/per_device): 3.951 | learning rate: 1.021805E-06 | global batch size:    96 | action loss: 1.582137E-01 | loss scale: 1.0 | grad norm: 0.547833 | number of skipped iterations:   0 | number of nan iterations:   0 |
2026-08-24 02:12:25 [INFO] iteration      982/    1000 | consumed samples:        94272 | elapsed time per iteration (ms): 3874.2 | throughput (samples/sec/per_device): 3.097 | learning rate: 1.019571E-06 | global batch size:    96 | action loss: 1.403902E-01 | loss scale: 1.0 | grad norm: 0.543233 | number of skipped iterations:   0 | number of nan iterations:   0 |
2026-08-24 02:12:27 [INFO] iteration      983/    1000 | consumed samples:        94368 | elapsed time per iteration (ms): 2369.4 | throughput (samples/sec/per_device): 5.065 | learning rate: 1.017457E-06 | global batch size:    96 | action loss: 1.582203E-01 | loss scale: 1.0 | grad norm: 0.552250 | number of skipped iterations:   0 | number of nan iterations:   0 |
2026-08-24 02:12:29 [INFO] iteration      984/    1000 | consumed samples:        94464 | elapsed time per iteration (ms): 2335.0 | throughput (samples/sec/per_device): 5.139 | learning rate: 1.015464E-06 | global batch size:    96 | action loss: 1.496645E-01 | loss scale: 1.0 | grad norm: 0.564481 | number of skipped iterations:   0 | number of nan iterations:   0 |
2026-08-24 02:12:32 [INFO] iteration      985/    1000 | consumed samples:        94560 | elapsed time per iteration (ms): 3125.9 | throughput (samples/sec/per_device): 3.839 | learning rate: 1.013592E-06 | global batch size:    96 | action loss: 1.557928E-01 | loss scale: 1.0 | grad norm: 0.525283 | number of skipped iterations:   0 | number of nan iterations:   0 |
2026-08-24 02:12:36 [INFO] iteration      986/    1000 | consumed samples:        94656 | elapsed time per iteration (ms): 3992.2 | throughput (samples/sec/per_device): 3.006 | learning rate: 1.011840E-06 | global batch size:    96 | action loss: 1.551279E-01 | loss scale: 1.0 | grad norm: 0.544928 | number of skipped iterations:   0 | number of nan iterations:   0 |
2026-08-24 02:12:39 [INFO] iteration      987/    1000 | consumed samples:        94752 | elapsed time per iteration (ms): 2464.8 | throughput (samples/sec/per_device): 4.869 | learning rate: 1.010210E-06 | global batch size:    96 | action loss: 1.645124E-01 | loss scale: 1.0 | grad norm: 0.529457 | number of skipped iterations:   0 | number of nan iterations:   0 |
2026-08-24 02:12:41 [INFO] iteration      988/    1000 | consumed samples:        94848 | elapsed time per iteration (ms): 1896.7 | throughput (samples/sec/per_device): 6.327 | learning rate: 1.008699E-06 | global batch size:    96 | action loss: 1.661743E-01 | loss scale: 1.0 | grad norm: 0.550322 | number of skipped iterations:   0 | number of nan iterations:   0 |
2026-08-24 02:12:43 [INFO] iteration      989/    1000 | consumed samples:        94944 | elapsed time per iteration (ms): 2388.2 | throughput (samples/sec/per_device): 5.025 | learning rate: 1.007310E-06 | global batch size:    96 | action loss: 1.415244E-01 | loss scale: 1.0 | grad norm: 0.550688 | number of skipped iterations:   0 | number of nan iterations:   0 |
2026-08-24 02:12:46 [INFO] iteration      990/    1000 | consumed samples:        95040 | elapsed time per iteration (ms): 2938.4 | throughput (samples/sec/per_device): 4.084 | learning rate: 1.006041E-06 | global batch size:    96 | action loss: 1.494710E-01 | loss scale: 1.0 | grad norm: 0.548605 | number of skipped iterations:   0 | number of nan iterations:   0 |
2026-08-24 02:12:50 [INFO] iteration      991/    1000 | consumed samples:        95136 | elapsed time per iteration (ms): 3965.7 | throughput (samples/sec/per_device): 3.026 | learning rate: 1.004894E-06 | global batch size:    96 | action loss: 1.434866E-01 | loss scale: 1.0 | grad norm: 0.531269 | number of skipped iterations:   0 | number of nan iterations:   0 |
2026-08-24 02:12:54 [INFO] iteration      992/    1000 | consumed samples:        95232 | elapsed time per iteration (ms): 3429.9 | throughput (samples/sec/per_device): 3.499 | learning rate: 1.003867E-06 | global batch size:    96 | action loss: 1.500768E-01 | loss scale: 1.0 | grad norm: 0.544964 | number of skipped iterations:   0 | number of nan iterations:   0 |
2026-08-24 02:12:57 [INFO] iteration      993/    1000 | consumed samples:        95328 | elapsed time per iteration (ms): 3052.3 | throughput (samples/sec/per_device): 3.932 | learning rate: 1.002960E-06 | global batch size:    96 | action loss: 1.436083E-01 | loss scale: 1.0 | grad norm: 0.562997 | number of skipped iterations:   0 | number of nan iterations:   0 |
2026-08-24 02:13:00 [INFO] iteration      994/    1000 | consumed samples:        95424 | elapsed time per iteration (ms): 3661.5 | throughput (samples/sec/per_device): 3.277 | learning rate: 1.002175E-06 | global batch size:    96 | action loss: 1.517622E-01 | loss scale: 1.0 | grad norm: 0.551470 | number of skipped iterations:   0 | number of nan iterations:   0 |
2026-08-24 02:13:03 [INFO] iteration      995/    1000 | consumed samples:        95520 | elapsed time per iteration (ms): 2950.4 | throughput (samples/sec/per_device): 4.067 | learning rate: 1.001510E-06 | global batch size:    96 | action loss: 1.697197E-01 | loss scale: 1.0 | grad norm: 0.529647 | number of skipped iterations:   0 | number of nan iterations:   0 |
2026-08-24 02:13:06 [INFO] iteration      996/    1000 | consumed samples:        95616 | elapsed time per iteration (ms): 2917.3 | throughput (samples/sec/per_device): 4.113 | learning rate: 1.000967E-06 | global batch size:    96 | action loss: 1.562361E-01 | loss scale: 1.0 | grad norm: 0.608647 | number of skipped iterations:   0 | number of nan iterations:   0 |
2026-08-24 02:13:10 [INFO] iteration      997/    1000 | consumed samples:        95712 | elapsed time per iteration (ms): 3727.7 | throughput (samples/sec/per_device): 3.219 | learning rate: 1.000544E-06 | global batch size:    96 | action loss: 1.418370E-01 | loss scale: 1.0 | grad norm: 0.561820 | number of skipped iterations:   0 | number of nan iterations:   0 |
2026-08-24 02:13:12 [INFO] iteration      998/    1000 | consumed samples:        95808 | elapsed time per iteration (ms): 2551.2 | throughput (samples/sec/per_device): 4.704 | learning rate: 1.000242E-06 | global batch size:    96 | action loss: 1.563636E-01 | loss scale: 1.0 | grad norm: 0.582258 | number of skipped iterations:   0 | number of nan iterations:   0 |
2026-08-24 02:13:15 [INFO] iteration      999/    1000 | consumed samples:        95904 | elapsed time per iteration (ms): 2724.3 | throughput (samples/sec/per_device): 4.405 | learning rate: 1.000060E-06 | global batch size:    96 | action loss: 1.681098E-01 | loss scale: 1.0 | grad norm: 0.563587 | number of skipped iterations:   0 | number of nan iterations:   0 |
2026-08-24 02:13:18 [INFO] iteration     1000/    1000 | consumed samples:        96000 | elapsed time per iteration (ms): 2802.2 | throughput (samples/sec/per_device): 4.282 | learning rate: 1.000000E-06 | global batch size:    96 | action loss: 1.375433E-01 | loss scale: 1.0 | grad norm: 0.543807 | number of skipped iterations:   0 | number of nan iterations:   0 |
2026-08-24 02:13:18 [INFO] max time across ranks (ms):
    forward-backward................................: 2590.55
    forward-compute.................................: 1102.67
    backward-compute................................: 2312.26
    batch-generator.................................: 2.73
    nan-grad-cleanup................................: 16.29
    grad-clip.......................................: 41.01
    optimizer.......................................: 96.66
    optimizer-inner-step............................: 96.56
    optimizer-scheduler-step........................: 0.11
    optimizer-zero-grad.............................: 0.73
bddx-inf-sci-k8s-a800-03849:1613011:1613011 [3] NCCL INFO comm 0x131751a0 rank 3 nranks 8 cudaDev 3 busId 4d000 - Destroy COMPLETE
bddx-inf-sci-k8s-a800-03849:1613010:1613010 [2] NCCL INFO comm 0x134b6fe0 rank 2 nranks 8 cudaDev 2 busId 49000 - Destroy COMPLETE
bddx-inf-sci-k8s-a800-03849:1613009:1613009 [1] NCCL INFO comm 0x12354810 rank 1 nranks 8 cudaDev 1 busId 18000 - Destroy COMPLETE
bddx-inf-sci-k8s-a800-03849:1613012:1613012 [4] NCCL INFO comm 0x12b34fb0 rank 4 nranks 8 cudaDev 4 busId 89000 - Destroy COMPLETE
bddx-inf-sci-k8s-a800-03849:1613008:1613008 [0] NCCL INFO comm 0x11710da0 rank 0 nranks 8 cudaDev 0 busId 12000 - Destroy COMPLETE
bddx-inf-sci-k8s-a800-03849:1613014:1613014 [6] NCCL INFO comm 0x11b79240 rank 6 nranks 8 cudaDev 6 busId c5000 - Destroy COMPLETE
bddx-inf-sci-k8s-a800-03849:1613015:1613015 [7] NCCL INFO comm 0x13645050 rank 7 nranks 8 cudaDev 7 busId c9000 - Destroy COMPLETE
bddx-inf-sci-k8s-a800-03849:1613013:1613013 [5] NCCL INFO comm 0x131d79e0 rank 5 nranks 8 cudaDev 5 busId 8e000 - Destroy COMPLETE
