name,shape,dtype,bytes,row,column,block,chosen,runner_up_gap
model.action_in_proj.weight,"[1024, 32]",torch.float32,131072,0.0005343699509392177,0.0006911895119007362,0.000602491565996496,row,0.12748025022280277
model.action_out_proj.weight,"[32, 1024]",torch.float32,131072,0.0006732142591946916,0.0003406134198926426,0.0005873111787363293,column,0.7242749241102802
model.paligemma_with_expert.gemma_expert.lm_head.weight,"[257152, 1024]",torch.bfloat16,526647296,0.0,0.0,0.0,block,0.0
model.paligemma_with_expert.gemma_expert.model.layers.0.input_layernorm.dense.weight,"[3072, 1024]",torch.float32,12582912,0.0004383484860825669,0.00046219437380393976,0.00022831497249108213,block,0.9199287777751352
model.paligemma_with_expert.gemma_expert.model.layers.0.mlp.down_proj.weight,"[1024, 4096]",torch.bfloat16,8388608,0.0006816960791022285,0.0005627237455124713,0.0004725331213242882,block,0.1908662485614155
model.paligemma_with_expert.gemma_expert.model.layers.0.mlp.gate_proj.weight,"[4096, 1024]",torch.bfloat16,8388608,0.0005106854723085041,0.000662678362573183,0.0004018283679776933,block,0.2709044781448925
model.paligemma_with_expert.gemma_expert.model.layers.0.mlp.up_proj.weight,"[4096, 1024]",torch.bfloat16,8388608,0.000407473669370925,0.00068146367008404,0.0002685508694639274,block,0.5173053439905476
model.paligemma_with_expert.gemma_expert.model.layers.0.post_attention_layernorm.dense.weight,"[3072, 1024]",torch.float32,12582912,0.0004780141462951892,0.0006221632210052776,0.0002497733008476065,block,0.9137920052825769
model.paligemma_with_expert.gemma_expert.model.layers.0.self_attn.k_proj.weight,"[256, 1024]",torch.bfloat16,524288,0.0006864148683747791,0.0006578501486776124,0.0006326489788251655,block,0.039834364230296626
model.paligemma_with_expert.gemma_expert.model.layers.0.self_attn.o_proj.weight,"[1024, 2048]",torch.bfloat16,4194304,0.0006269158514875558,0.0006150492218778166,0.000450756922916935,block,0.3644809222179316
model.paligemma_with_expert.gemma_expert.model.layers.0.self_attn.q_proj.weight,"[2048, 1024]",torch.bfloat16,4194304,0.0006900126465479269,0.0006614032829387755,0.0006317027918835703,block,0.04701655816122991
model.paligemma_with_expert.gemma_expert.model.layers.0.self_attn.v_proj.weight,"[256, 1024]",torch.bfloat16,524288,0.0006885462128079637,0.0006814198633087637,0.000630182982498524,block,0.08130476739803064
model.paligemma_with_expert.gemma_expert.model.layers.1.input_layernorm.dense.weight,"[3072, 1024]",torch.float32,12582912,0.0004091287569095156,0.0006715646220701608,0.0002152338709984137,block,0.900856751828484
model.paligemma_with_expert.gemma_expert.model.layers.1.mlp.down_proj.weight,"[1024, 4096]",torch.bfloat16,8388608,0.0006784595648229314,0.0006509300233418137,0.0004462097842364724,block,0.45879818492919505
model.paligemma_with_expert.gemma_expert.model.layers.1.mlp.gate_proj.weight,"[4096, 1024]",torch.bfloat16,8388608,0.000628039318167857,0.0006660511135540122,0.0005333120449171898,block,0.1776207272149197
model.paligemma_with_expert.gemma_expert.model.layers.1.mlp.up_proj.weight,"[4096, 1024]",torch.bfloat16,8388608,0.0005311004456348246,0.0006702582168962621,0.0003654905718105068,block,0.4531166782331673
model.paligemma_with_expert.gemma_expert.model.layers.1.post_attention_layernorm.dense.weight,"[3072, 1024]",torch.float32,12582912,0.00043236113363475195,0.0006395029650303244,0.0002314037545978757,block,0.8684274781370425
model.paligemma_with_expert.gemma_expert.model.layers.1.self_attn.k_proj.weight,"[256, 1024]",torch.bfloat16,524288,0.0006358701434276593,0.0006290429793182035,0.0004752340423046595,block,0.3236488199953935
model.paligemma_with_expert.gemma_expert.model.layers.1.self_attn.o_proj.weight,"[1024, 2048]",torch.bfloat16,4194304,0.0006779369118338963,0.0006432927974740088,0.0006324744039941809,block,0.017104871614578982
model.paligemma_with_expert.gemma_expert.model.layers.1.self_attn.q_proj.weight,"[2048, 1024]",torch.bfloat16,4194304,0.0006370180564147886,0.0006551070158414044,0.00045984758393212806,block,0.3852808597311458
model.paligemma_with_expert.gemma_expert.model.layers.1.self_attn.v_proj.weight,"[256, 1024]",torch.bfloat16,524288,0.0005958481287022278,0.0006799113516652907,0.00036481543094250943,block,0.6332865283763897
model.paligemma_with_expert.gemma_expert.model.layers.10.input_layernorm.dense.weight,"[3072, 1024]",torch.float32,12582912,0.0004865485433840521,0.0005807342764977346,0.00025706633215558355,block,0.8926964853942043
model.paligemma_with_expert.gemma_expert.model.layers.10.mlp.down_proj.weight,"[1024, 4096]",torch.bfloat16,8388608,0.000671192360866675,0.0006773078075475892,0.000500015775815665,block,0.342342368641816
model.paligemma_with_expert.gemma_expert.model.layers.10.mlp.gate_proj.weight,"[4096, 1024]",torch.bfloat16,8388608,0.000683615361484441,0.0006793596995212943,0.000617685274706969,block,0.09984765274448842
model.paligemma_with_expert.gemma_expert.model.layers.10.mlp.up_proj.weight,"[4096, 1024]",torch.bfloat16,8388608,0.0006844149825398189,0.0006779400805198934,0.0006178688358101848,block,0.0972232959944319
model.paligemma_with_expert.gemma_expert.model.layers.10.post_attention_layernorm.dense.weight,"[3072, 1024]",torch.float32,12582912,0.00048033514361716555,0.0006373759053414548,0.00025580287398674367,block,0.8777550702657769
model.paligemma_with_expert.gemma_expert.model.layers.10.self_attn.k_proj.weight,"[256, 1024]",torch.bfloat16,524288,0.0006488289363899512,0.0006622456717149123,0.0004988627881942434,block,0.30061602457570996
model.paligemma_with_expert.gemma_expert.model.layers.10.self_attn.o_proj.weight,"[1024, 2048]",torch.bfloat16,4194304,0.000696165506501969,0.0006877369707492566,0.0006580946095206074,block,0.0450427048023419
model.paligemma_with_expert.gemma_expert.model.layers.10.self_attn.q_proj.weight,"[2048, 1024]",torch.bfloat16,4194304,0.0006701876653447086,0.0006806291569226275,0.000593917421564034,block,0.12841893672662946
model.paligemma_with_expert.gemma_expert.model.layers.10.self_attn.v_proj.weight,"[256, 1024]",torch.bfloat16,524288,0.0006678805006815817,0.0006813946819426962,0.0006142196477984793,block,0.08736427282233106
model.paligemma_with_expert.gemma_expert.model.layers.11.input_layernorm.dense.weight,"[3072, 1024]",torch.float32,12582912,0.00045754765273328457,0.0005124264483318246,0.00023111417499679224,block,0.9797472515030077
model.paligemma_with_expert.gemma_expert.model.layers.11.mlp.down_proj.weight,"[1024, 4096]",torch.bfloat16,8388608,0.0006772667384613655,0.0006741252365323882,0.0005184694917122492,block,0.3002216086159377
model.paligemma_with_expert.gemma_expert.model.layers.11.mlp.gate_proj.weight,"[4096, 1024]",torch.bfloat16,8388608,0.0006885412766727186,0.0006857711484258586,0.0006229610392625128,block,0.10082510013419613
model.paligemma_with_expert.gemma_expert.model.layers.11.mlp.up_proj.weight,"[4096, 1024]",torch.bfloat16,8388608,0.0006882582647252885,0.0006825196401872225,0.0006228909816208136,block,0.0957288840677228
model.paligemma_with_expert.gemma_expert.model.layers.11.post_attention_layernorm.dense.weight,"[3072, 1024]",torch.float32,12582912,0.0004957140639162539,0.0006315280340492063,0.0002712004666037639,block,0.8278510731344516
model.paligemma_with_expert.gemma_expert.model.layers.11.self_attn.k_proj.weight,"[256, 1024]",torch.bfloat16,524288,0.0006324613091798163,0.0005633331314971821,0.00044267443326372443,block,0.2725675782625896
model.paligemma_with_expert.gemma_expert.model.layers.11.self_attn.o_proj.weight,"[1024, 2048]",torch.bfloat16,4194304,0.0006946150810959617,0.0006860801450640834,0.000649865648605924,block,0.05572612821718749
model.paligemma_with_expert.gemma_expert.model.layers.11.self_attn.q_proj.weight,"[2048, 1024]",torch.bfloat16,4194304,0.0006329229643199018,0.0006744977592406978,0.0004967192322773634,block,0.27420668094140443
model.paligemma_with_expert.gemma_expert.model.layers.11.self_attn.v_proj.weight,"[256, 1024]",torch.bfloat16,524288,0.0006073258323002053,0.0006825436619320308,0.0005231275127978049,block,0.1609518089616213
model.paligemma_with_expert.gemma_expert.model.layers.12.input_layernorm.dense.weight,"[3072, 1024]",torch.float32,12582912,0.0005199921668493296,0.0006090679802241614,0.0002957955185785805,block,0.7579447090615388
model.paligemma_with_expert.gemma_expert.model.layers.12.mlp.down_proj.weight,"[1024, 4096]",torch.bfloat16,8388608,0.0006810195345473639,0.0006803334051257867,0.0005287258009044099,block,0.2867414526812291
model.paligemma_with_expert.gemma_expert.model.layers.12.mlp.gate_proj.weight,"[4096, 1024]",torch.bfloat16,8388608,0.0006840236147568084,0.0006871280962897902,0.0006175566158275468,block,0.10762899663894537
model.paligemma_with_expert.gemma_expert.model.layers.12.mlp.up_proj.weight,"[4096, 1024]",torch.bfloat16,8388608,0.0006838620243039052,0.000681021111378625,0.000617708797403566,block,0.10249540599256729
model.paligemma_with_expert.gemma_expert.model.layers.12.post_attention_layernorm.dense.weight,"[3072, 1024]",torch.float32,12582912,0.0005092496621393379,0.0006387535719590985,0.000279687527518772,block,0.8207807357629063
model.paligemma_with_expert.gemma_expert.model.layers.12.self_attn.k_proj.weight,"[256, 1024]",torch.bfloat16,524288,0.000678710621102512,0.0006371374261404455,0.0006131169513604058,block,0.039177639317820444
model.paligemma_with_expert.gemma_expert.model.layers.12.self_attn.o_proj.weight,"[1024, 2048]",torch.bfloat16,4194304,0.0006974218970742368,0.0006870554424665991,0.0006607536447165766,block,0.03980575508032853
model.paligemma_with_expert.gemma_expert.model.layers.12.self_attn.q_proj.weight,"[2048, 1024]",torch.bfloat16,4194304,0.0006805795216715386,0.000684371290912909,0.0006179508967275502,block,0.10134886974943717
model.paligemma_with_expert.gemma_expert.model.layers.12.self_attn.v_proj.weight,"[256, 1024]",torch.bfloat16,524288,0.0006815506504723634,0.0006839447908334917,0.0006210521851428467,block,0.0974128531817365
model.paligemma_with_expert.gemma_expert.model.layers.13.input_layernorm.dense.weight,"[3072, 1024]",torch.float32,12582912,0.0004341602996378633,0.0006377271419874136,0.00022671508062947822,block,0.9150040589819166
model.paligemma_with_expert.gemma_expert.model.layers.13.mlp.down_proj.weight,"[1024, 4096]",torch.bfloat16,8388608,0.0006835187419374494,0.0006831017814940854,0.000532632569939992,block,0.28250095853328244
model.paligemma_with_expert.gemma_expert.model.layers.13.mlp.gate_proj.weight,"[4096, 1024]",torch.bfloat16,8388608,0.0006878392647764867,0.0006716311550133327,0.0006262237936627028,block,0.07250979890918555
model.paligemma_with_expert.gemma_expert.model.layers.13.mlp.up_proj.weight,"[4096, 1024]",torch.bfloat16,8388608,0.0006881394742910508,0.0006761928185946219,0.0006258356946554797,block,0.0804638092221053
model.paligemma_with_expert.gemma_expert.model.layers.13.post_attention_layernorm.dense.weight,"[3072, 1024]",torch.float32,12582912,0.0005061253182089032,0.0006305201463085432,0.0002799312763772007,block,0.8080341888160842
model.paligemma_with_expert.gemma_expert.model.layers.13.self_attn.k_proj.weight,"[256, 1024]",torch.bfloat16,524288,0.0006770668442785787,0.0006450296594555315,0.0006073162988707105,block,0.062098383749864844
model.paligemma_with_expert.gemma_expert.model.layers.13.self_attn.o_proj.weight,"[1024, 2048]",torch.bfloat16,4194304,0.0006969854345946293,0.0006857595042969589,0.0006595066999317533,block,0.03980672882917223
model.paligemma_with_expert.gemma_expert.model.layers.13.self_attn.q_proj.weight,"[2048, 1024]",torch.bfloat16,4194304,0.0006868085603105654,0.0006859670417939614,0.000628251645472403,block,0.09186668548740581
model.paligemma_with_expert.gemma_expert.model.layers.13.self_attn.v_proj.weight,"[256, 1024]",torch.bfloat16,524288,0.000687042344234182,0.0006808176795478478,0.0006327972483443159,block,0.07588596715484325
model.paligemma_with_expert.gemma_expert.model.layers.14.input_layernorm.dense.weight,"[3072, 1024]",torch.float32,12582912,0.0005205818199675526,0.0006234855984850121,0.000290254216150616,block,0.7935374957565376
model.paligemma_with_expert.gemma_expert.model.layers.14.mlp.down_proj.weight,"[1024, 4096]",torch.bfloat16,8388608,0.0006624374316963777,0.0006770405566622832,0.00048465883835518183,block,0.3668118257051386
model.paligemma_with_expert.gemma_expert.model.layers.14.mlp.gate_proj.weight,"[4096, 1024]",torch.bfloat16,8388608,0.0006899286728919344,0.0006516103898502684,0.0006326776967392411,block,0.029924704487932212
model.paligemma_with_expert.gemma_expert.model.layers.14.mlp.up_proj.weight,"[4096, 1024]",torch.bfloat16,8388608,0.0006898484554591766,0.0006701824447988797,0.0006332787704057632,block,0.05827397998747222
model.paligemma_with_expert.gemma_expert.model.layers.14.post_attention_layernorm.dense.weight,"[3072, 1024]",torch.float32,12582912,0.0005135441276489002,0.0006371149920242243,0.00027942862396965586,block,0.8378365120699582
model.paligemma_with_expert.gemma_expert.model.layers.14.self_attn.k_proj.weight,"[256, 1024]",torch.bfloat16,524288,0.0006879395456184123,0.0006181913660163538,0.000634589307094507,block,0.02652567146613863
model.paligemma_with_expert.gemma_expert.model.layers.14.self_attn.o_proj.weight,"[1024, 2048]",torch.bfloat16,4194304,0.0006921874477087867,0.000687102162767847,0.0006465747960577668,block,0.06268009046622254
model.paligemma_with_expert.gemma_expert.model.layers.14.self_attn.q_proj.weight,"[2048, 1024]",torch.bfloat16,4194304,0.0006869508875317774,0.0006713343029521941,0.0006329675673074869,block,0.06061406243594973
model.paligemma_with_expert.gemma_expert.model.layers.14.self_attn.v_proj.weight,"[256, 1024]",torch.bfloat16,524288,0.0006862621683419713,0.0006813925766061075,0.0006342279887432759,block,0.07436535236530388
model.paligemma_with_expert.gemma_expert.model.layers.15.input_layernorm.dense.weight,"[3072, 1024]",torch.float32,12582912,0.0005002783842516945,0.0006368320837769199,0.00027263393332375123,block,0.8349820880793178
model.paligemma_with_expert.gemma_expert.model.layers.15.mlp.down_proj.weight,"[1024, 4096]",torch.bfloat16,8388608,0.0006478289140835794,0.0006755363952374942,0.00042201008630007836,block,0.5351029160543054
model.paligemma_with_expert.gemma_expert.model.layers.15.mlp.gate_proj.weight,"[4096, 1024]",torch.bfloat16,8388608,0.000690185138959617,0.0006455039003784291,0.0006363029893479314,block,0.01445995254544783
model.paligemma_with_expert.gemma_expert.model.layers.15.mlp.up_proj.weight,"[4096, 1024]",torch.bfloat16,8388608,0.0006906588364203485,0.0006535632147199758,0.0006357292472283995,block,0.028052771788190305
model.paligemma_with_expert.gemma_expert.model.layers.15.post_attention_layernorm.dense.weight,"[3072, 1024]",torch.float32,12582912,0.0004959364004085607,0.0006170437695870716,0.00026936393705136034,block,0.8411388170124614
model.paligemma_with_expert.gemma_expert.model.layers.15.self_attn.k_proj.weight,"[256, 1024]",torch.bfloat16,524288,0.0006731996714015909,0.0006509240366964825,0.0006095897315958863,block,0.06780676077397883
model.paligemma_with_expert.gemma_expert.model.layers.15.self_attn.o_proj.weight,"[1024, 2048]",torch.bfloat16,4194304,0.0006938933136749272,0.0006835323925159316,0.0006608456068904352,block,0.03432993332928021
model.paligemma_with_expert.gemma_expert.model.layers.15.self_attn.q_proj.weight,"[2048, 1024]",torch.bfloat16,4194304,0.0006657770493043481,0.0006787530685996567,0.000603237903767356,block,0.10367244025354026
model.paligemma_with_expert.gemma_expert.model.layers.15.self_attn.v_proj.weight,"[256, 1024]",torch.bfloat16,524288,0.0006638175225116142,0.0006799361583688158,0.0006034060906876383,block,0.10011737162800488
model.paligemma_with_expert.gemma_expert.model.layers.16.input_layernorm.dense.weight,"[3072, 1024]",torch.float32,12582912,0.0004813245017301532,0.0005575043621507216,0.0002540629672218815,block,0.8945086999231836
model.paligemma_with_expert.gemma_expert.model.layers.16.mlp.down_proj.weight,"[1024, 4096]",torch.bfloat16,8388608,0.0005768627778897052,0.0006748631159255965,0.00030811675873744585,block,0.8722213626207351
model.paligemma_with_expert.gemma_expert.model.layers.16.mlp.gate_proj.weight,"[4096, 1024]",torch.bfloat16,8388608,0.0006513274905376843,0.0006068192513729181,0.0005810143341766582,block,0.04441356379413169
model.paligemma_with_expert.gemma_expert.model.layers.16.mlp.up_proj.weight,"[4096, 1024]",torch.bfloat16,8388608,0.0006550449844771463,0.000591261822088803,0.0005855626338894469,block,0.009732841321347224
model.paligemma_with_expert.gemma_expert.model.layers.16.post_attention_layernorm.dense.weight,"[3072, 1024]",torch.float32,12582912,0.0004825684687045819,0.00060325268188883,0.00026135112768765705,block,0.8464372929023806
model.paligemma_with_expert.gemma_expert.model.layers.16.self_attn.k_proj.weight,"[256, 1024]",torch.bfloat16,524288,0.0005790187795997705,0.000663530934477538,0.0005048003602756651,block,0.1470252899256563
model.paligemma_with_expert.gemma_expert.model.layers.16.self_attn.o_proj.weight,"[1024, 2048]",torch.bfloat16,4194304,0.0006936422479379401,0.0006711412525267344,0.0006568923781243364,block,0.02169133769383001
model.paligemma_with_expert.gemma_expert.model.layers.16.self_attn.q_proj.weight,"[2048, 1024]",torch.bfloat16,4194304,0.0005137289674356533,0.000683734772929983,0.0004473317447241634,block,0.1484294899581342
model.paligemma_with_expert.gemma_expert.model.layers.16.self_attn.v_proj.weight,"[256, 1024]",torch.bfloat16,524288,0.0005009720329469209,0.0006760614372036906,0.0004366625469310235,block,0.1472750215650071
model.paligemma_with_expert.gemma_expert.model.layers.17.input_layernorm.dense.weight,"[3072, 1024]",torch.float32,12582912,0.00046698840962153883,0.0005955731851529126,0.0002448371240966152,block,0.9073431422812357
model.paligemma_with_expert.gemma_expert.model.layers.17.mlp.down_proj.weight,"[1024, 4096]",torch.bfloat16,8388608,0.0006751113479488848,0.0006418345139131614,0.0005064813337031097,block,0.2672421888096538
model.paligemma_with_expert.gemma_expert.model.layers.17.mlp.gate_proj.weight,"[4096, 1024]",torch.bfloat16,8388608,0.000463538739693098,0.0006293281273214485,0.0003013633817934427,block,0.5381388970834281
model.paligemma_with_expert.gemma_expert.model.layers.17.mlp.up_proj.weight,"[4096, 1024]",torch.bfloat16,8388608,0.0004635791694658044,0.0006319934971483916,0.0003042681233058342,block,0.5235876976828071
model.paligemma_with_expert.gemma_expert.model.layers.17.post_attention_layernorm.dense.weight,"[3072, 1024]",torch.float32,12582912,0.00047875441045506606,0.0005255041536327768,0.0002625729196615972,block,0.8233198270106553
model.paligemma_with_expert.gemma_expert.model.layers.17.self_attn.k_proj.weight,"[256, 1024]",torch.bfloat16,524288,0.0006032774191432061,0.0006407550694595166,0.0005149307375011998,block,0.1715700291474646
model.paligemma_with_expert.gemma_expert.model.layers.17.self_attn.o_proj.weight,"[1024, 2048]",torch.bfloat16,4194304,0.0006872893431940686,0.000644438298907983,0.0006458233737011515,block,0.002149274485261926
model.paligemma_with_expert.gemma_expert.model.layers.17.self_attn.q_proj.weight,"[2048, 1024]",torch.bfloat16,4194304,0.0005323401415211909,0.0006613351620109106,0.00043402394468449005,block,0.22652251803335632
model.paligemma_with_expert.gemma_expert.model.layers.17.self_attn.v_proj.weight,"[256, 1024]",torch.bfloat16,524288,0.0005333357339445466,0.0006717368136455007,0.00043600225580420676,block,0.22324076732311432
model.paligemma_with_expert.gemma_expert.model.layers.2.input_layernorm.dense.weight,"[3072, 1024]",torch.float32,12582912,0.00041714028199535527,0.0006718024960870155,0.00021496262879801888,block,0.9405246592295101
model.paligemma_with_expert.gemma_expert.model.layers.2.mlp.down_proj.weight,"[1024, 4096]",torch.bfloat16,8388608,0.0006822132674578884,0.0006687668101459392,0.0005032343462888218,block,0.3289371345136946
model.paligemma_with_expert.gemma_expert.model.layers.2.mlp.gate_proj.weight,"[4096, 1024]",torch.bfloat16,8388608,0.0005814281095614048,0.0006805369112962679,0.00046887953070129363,block,0.24003730487397168
model.paligemma_with_expert.gemma_expert.model.layers.2.mlp.up_proj.weight,"[4096, 1024]",torch.bfloat16,8388608,0.000535283596131536,0.0006745113134017063,0.0003928366207144112,block,0.3626112432137085
model.paligemma_with_expert.gemma_expert.model.layers.2.post_attention_layernorm.dense.weight,"[3072, 1024]",torch.float32,12582912,0.00044866251670838637,0.0006642778795845469,0.00023587169868176036,block,0.9021464601979433
model.paligemma_with_expert.gemma_expert.model.layers.2.self_attn.k_proj.weight,"[256, 1024]",torch.bfloat16,524288,0.0006565752001276515,0.0004334022647102375,0.0005547774451993271,column,0.2800520218098955
model.paligemma_with_expert.gemma_expert.model.layers.2.self_attn.o_proj.weight,"[1024, 2048]",torch.bfloat16,4194304,0.0006961309899082141,0.0006631803370269189,0.0006562053129812583,block,0.010629331868667527
model.paligemma_with_expert.gemma_expert.model.layers.2.self_attn.q_proj.weight,"[2048, 1024]",torch.bfloat16,4194304,0.0006574344474775197,0.0006644332688544685,0.0005379627458442572,block,0.222081738105802
model.paligemma_with_expert.gemma_expert.model.layers.2.self_attn.v_proj.weight,"[256, 1024]",torch.bfloat16,524288,0.0006356632740214628,0.00068448108638125,0.0004685347472346282,block,0.3567046580285788
model.paligemma_with_expert.gemma_expert.model.layers.3.input_layernorm.dense.weight,"[3072, 1024]",torch.float32,12582912,0.0004385089219552306,0.0006147855307758045,0.00023264683933588978,block,0.8848694579603645
model.paligemma_with_expert.gemma_expert.model.layers.3.mlp.down_proj.weight,"[1024, 4096]",torch.bfloat16,8388608,0.000662747198510733,0.0006662554690291838,0.0005126602267703091,block,0.2927610996584459
model.paligemma_with_expert.gemma_expert.model.layers.3.mlp.gate_proj.weight,"[4096, 1024]",torch.bfloat16,8388608,0.0006194916011810819,0.0006665350568873667,0.0004898498927172537,block,0.26465599031713716
model.paligemma_with_expert.gemma_expert.model.layers.3.mlp.up_proj.weight,"[4096, 1024]",torch.bfloat16,8388608,0.0006188982885034868,0.000675699630720165,0.00047051131630015497,block,0.3153738646929181
model.paligemma_with_expert.gemma_expert.model.layers.3.post_attention_layernorm.dense.weight,"[3072, 1024]",torch.float32,12582912,0.00043971161044191253,0.0006432368559909795,0.00022822132960952278,block,0.9266893729619438
model.paligemma_with_expert.gemma_expert.model.layers.3.self_attn.k_proj.weight,"[256, 1024]",torch.bfloat16,524288,0.0005959945065274678,0.0006280727502244684,0.00042477643372752414,block,0.40307808815442137
model.paligemma_with_expert.gemma_expert.model.layers.3.self_attn.o_proj.weight,"[1024, 2048]",torch.bfloat16,4194304,0.0006887936323344411,0.0006681918293168885,0.0006354344148344667,block,0.051551212395311095
model.paligemma_with_expert.gemma_expert.model.layers.3.self_attn.q_proj.weight,"[2048, 1024]",torch.bfloat16,4194304,0.0006028493787299715,0.0006638837905686122,0.00043537810862931934,block,0.38465707572641655
model.paligemma_with_expert.gemma_expert.model.layers.3.self_attn.v_proj.weight,"[256, 1024]",torch.bfloat16,524288,0.0005924158194394963,0.0006806183048758438,0.0004117119756348769,block,0.43890839834320233
model.paligemma_with_expert.gemma_expert.model.layers.4.input_layernorm.dense.weight,"[3072, 1024]",torch.float32,12582912,0.0004630904018796773,0.0006679750427542955,0.0002445282065575417,block,0.8938117953713622
model.paligemma_with_expert.gemma_expert.model.layers.4.mlp.down_proj.weight,"[1024, 4096]",torch.bfloat16,8388608,0.0006203854606652441,0.0006762358536734178,0.0003753579980588475,block,0.6527833797962179
model.paligemma_with_expert.gemma_expert.model.layers.4.mlp.gate_proj.weight,"[4096, 1024]",torch.bfloat16,8388608,0.0006435111086274401,0.0006360271339821858,0.0005452614822367512,block,0.16646261418117986
model.paligemma_with_expert.gemma_expert.model.layers.4.mlp.up_proj.weight,"[4096, 1024]",torch.bfloat16,8388608,0.000643310757527997,0.0006570522951603611,0.0005462556301184925,block,0.17767345919794272
model.paligemma_with_expert.gemma_expert.model.layers.4.post_attention_layernorm.dense.weight,"[3072, 1024]",torch.float32,12582912,0.00045247228232689004,0.0006430885661898692,0.00023577754183753236,block,0.9190643807741278
model.paligemma_with_expert.gemma_expert.model.layers.4.self_attn.k_proj.weight,"[256, 1024]",torch.bfloat16,524288,0.0006397201964490653,0.0005959389141241945,0.00048356702463711013,block,0.23238120831628903
model.paligemma_with_expert.gemma_expert.model.layers.4.self_attn.o_proj.weight,"[1024, 2048]",torch.bfloat16,4194304,0.0006913645247000377,0.0006761670964885744,0.0006478429921980253,block,0.04372063081897368
model.paligemma_with_expert.gemma_expert.model.layers.4.self_attn.q_proj.weight,"[2048, 1024]",torch.bfloat16,4194304,0.0006386039000353531,0.0006681712308521889,0.0005038422437747981,block,0.2674679583254422
model.paligemma_with_expert.gemma_expert.model.layers.4.self_attn.v_proj.weight,"[256, 1024]",torch.bfloat16,524288,0.000605589982797802,0.0006845504371669561,0.0004992323176673974,block,0.21304242807706822
model.paligemma_with_expert.gemma_expert.model.layers.5.input_layernorm.dense.weight,"[3072, 1024]",torch.float32,12582912,0.0004971306777273587,0.0006627992666817105,0.0002730838430336384,block,0.8204324071494858
model.paligemma_with_expert.gemma_expert.model.layers.5.mlp.down_proj.weight,"[1024, 4096]",torch.bfloat16,8388608,0.0006222680173823418,0.0006708328035380394,0.00038498585680540545,block,0.6163399417991419
model.paligemma_with_expert.gemma_expert.model.layers.5.mlp.gate_proj.weight,"[4096, 1024]",torch.bfloat16,8388608,0.0006415554995366583,0.0006076220555412848,0.0005624805518837729,block,0.0802543368056566
model.paligemma_with_expert.gemma_expert.model.layers.5.mlp.up_proj.weight,"[4096, 1024]",torch.bfloat16,8388608,0.0006425745563392658,0.0006602500506457334,0.0005623682452241043,block,0.1426224040854213
model.paligemma_with_expert.gemma_expert.model.layers.5.post_attention_layernorm.dense.weight,"[3072, 1024]",torch.float32,12582912,0.0004340609495505711,0.0006333119185784378,0.0002245880485845571,block,0.9326983438619965
model.paligemma_with_expert.gemma_expert.model.layers.5.self_attn.k_proj.weight,"[256, 1024]",torch.bfloat16,524288,0.0006514732856046633,0.0006399619615931961,0.0005075245396184717,block,0.2609478195365358
model.paligemma_with_expert.gemma_expert.model.layers.5.self_attn.o_proj.weight,"[1024, 2048]",torch.bfloat16,4194304,0.0006864003609789989,0.0006811497885771516,0.000633099512206193,block,0.07589687789130577
model.paligemma_with_expert.gemma_expert.model.layers.5.self_attn.q_proj.weight,"[2048, 1024]",torch.bfloat16,4194304,0.00066214355814875,0.0006775123614268412,0.0005503326502148837,block,0.20316967908447447
model.paligemma_with_expert.gemma_expert.model.layers.5.self_attn.v_proj.weight,"[256, 1024]",torch.bfloat16,524288,0.0006621341259899436,0.000678736663747741,0.0005755424328200785,block,0.15045231807770945
model.paligemma_with_expert.gemma_expert.model.layers.6.input_layernorm.dense.weight,"[3072, 1024]",torch.float32,12582912,0.00045505606744642314,0.0006468836153042325,0.00023959585466251166,block,0.8992651942472168
model.paligemma_with_expert.gemma_expert.model.layers.6.mlp.down_proj.weight,"[1024, 4096]",torch.bfloat16,8388608,0.0006694999040390026,0.0006592720944231703,0.0004744297847845179,block,0.38960941232348256
model.paligemma_with_expert.gemma_expert.model.layers.6.mlp.gate_proj.weight,"[4096, 1024]",torch.bfloat16,8388608,0.0006783139913521258,0.0006784850214663337,0.0005988109146547887,block,0.13276824912780713
model.paligemma_with_expert.gemma_expert.model.layers.6.mlp.up_proj.weight,"[4096, 1024]",torch.bfloat16,8388608,0.0006784220681844607,0.0006721978356337033,0.0005994534707237373,block,0.12135114477215325
model.paligemma_with_expert.gemma_expert.model.layers.6.post_attention_layernorm.dense.weight,"[3072, 1024]",torch.float32,12582912,0.00045031868070375953,0.0006472492715001746,0.0002316418907658493,block,0.944029550160059
model.paligemma_with_expert.gemma_expert.model.layers.6.self_attn.k_proj.weight,"[256, 1024]",torch.bfloat16,524288,0.0006567136978179567,0.0006593029374558058,0.0005596345079998695,block,0.17346891306800866
model.paligemma_with_expert.gemma_expert.model.layers.6.self_attn.o_proj.weight,"[1024, 2048]",torch.bfloat16,4194304,0.0007002880297658158,0.000686329765085089,0.0006637979288250416,block,0.03394381826398586
model.paligemma_with_expert.gemma_expert.model.layers.6.self_attn.q_proj.weight,"[2048, 1024]",torch.bfloat16,4194304,0.0006522043027705496,0.0006825539311063093,0.0005667532136522149,block,0.15077301206230362
model.paligemma_with_expert.gemma_expert.model.layers.6.self_attn.v_proj.weight,"[256, 1024]",torch.bfloat16,524288,0.0006355548203068944,0.0006815418833081379,0.0005552733226735508,block,0.14458014522794166
model.paligemma_with_expert.gemma_expert.model.layers.7.input_layernorm.dense.weight,"[3072, 1024]",torch.float32,12582912,0.0004195978552964492,0.0006311429821602407,0.0002145900523897759,block,0.9553462549806471
model.paligemma_with_expert.gemma_expert.model.layers.7.mlp.down_proj.weight,"[1024, 4096]",torch.bfloat16,8388608,0.0005938049456974139,0.0006484194662806073,0.0003972975272171244,block,0.4946102228642806
model.paligemma_with_expert.gemma_expert.model.layers.7.mlp.gate_proj.weight,"[4096, 1024]",torch.bfloat16,8388608,0.0006660099311971954,0.0006647074763033918,0.000594535594372625,block,0.11802805852997685
model.paligemma_with_expert.gemma_expert.model.layers.7.mlp.up_proj.weight,"[4096, 1024]",torch.bfloat16,8388608,0.0006667865655122608,0.0006720782377500046,0.0005943967824332387,block,0.12178696994738983
model.paligemma_with_expert.gemma_expert.model.layers.7.post_attention_layernorm.dense.weight,"[3072, 1024]",torch.float32,12582912,0.00041951739555443047,0.0006420132744050899,0.0002117994473609617,block,0.9807294154052394
model.paligemma_with_expert.gemma_expert.model.layers.7.self_attn.k_proj.weight,"[256, 1024]",torch.bfloat16,524288,0.0006313408341365671,0.0006574595642054571,0.0005295605121838414,block,0.19219771793972384
model.paligemma_with_expert.gemma_expert.model.layers.7.self_attn.o_proj.weight,"[1024, 2048]",torch.bfloat16,4194304,0.0006952551751979361,0.0006763380023612842,0.000655694575243228,block,0.031483297098193266
model.paligemma_with_expert.gemma_expert.model.layers.7.self_attn.q_proj.weight,"[2048, 1024]",torch.bfloat16,4194304,0.0006269027595998786,0.0006840774917528974,0.0005368729075900666,block,0.16769304380424244
model.paligemma_with_expert.gemma_expert.model.layers.7.self_attn.v_proj.weight,"[256, 1024]",torch.bfloat16,524288,0.0006113673940252585,0.0006810687386366798,0.000528860610569624,block,0.15600856219329387
model.paligemma_with_expert.gemma_expert.model.layers.8.input_layernorm.dense.weight,"[3072, 1024]",torch.float32,12582912,0.0004455861833294349,0.0005835014854014453,0.00023141703286401545,block,0.9254683970962019
model.paligemma_with_expert.gemma_expert.model.layers.8.mlp.down_proj.weight,"[1024, 4096]",torch.bfloat16,8388608,0.0006622133739613575,0.0006633081113747212,0.00047228705607950123,block,0.40214169632014113
model.paligemma_with_expert.gemma_expert.model.layers.8.mlp.gate_proj.weight,"[4096, 1024]",torch.bfloat16,8388608,0.000680164030617361,0.000679793132994688,0.000605697776532486,block,0.12233057365074874
model.paligemma_with_expert.gemma_expert.model.layers.8.mlp.up_proj.weight,"[4096, 1024]",torch.bfloat16,8388608,0.0006804250658968487,0.0006773639940258934,0.0006050176132439643,block,0.11957731345047065
model.paligemma_with_expert.gemma_expert.model.layers.8.post_attention_layernorm.dense.weight,"[3072, 1024]",torch.float32,12582912,0.00045620873897149234,0.0006267840466275286,0.00024189987806830398,block,0.8859403428168539
model.paligemma_with_expert.gemma_expert.model.layers.8.self_attn.k_proj.weight,"[256, 1024]",torch.bfloat16,524288,0.0006354089501045948,0.0006232049112295693,0.000470330460786522,block,0.3250362525688834
model.paligemma_with_expert.gemma_expert.model.layers.8.self_attn.o_proj.weight,"[1024, 2048]",torch.bfloat16,4194304,0.0006935859718917146,0.0006866795546741204,0.0006585479425081604,block,0.042717637320097465
model.paligemma_with_expert.gemma_expert.model.layers.8.self_attn.q_proj.weight,"[2048, 1024]",torch.bfloat16,4194304,0.000648650359747151,0.0006803716678519191,0.0005550074901429284,block,0.16872361412655393
model.paligemma_with_expert.gemma_expert.model.layers.8.self_attn.v_proj.weight,"[256, 1024]",torch.bfloat16,524288,0.0006397101807359566,0.0006818689824361434,0.0005701242876007092,block,0.12205390061190034
model.paligemma_with_expert.gemma_expert.model.layers.9.input_layernorm.dense.weight,"[3072, 1024]",torch.float32,12582912,0.0004424790767155892,0.0006163340286465421,0.00022944631499566642,block,0.9284645156491023
model.paligemma_with_expert.gemma_expert.model.layers.9.mlp.down_proj.weight,"[1024, 4096]",torch.bfloat16,8388608,0.0006691700077232262,0.0006742232998608547,0.0005008634611053394,block,0.33603279074591813
model.paligemma_with_expert.gemma_expert.model.layers.9.mlp.gate_proj.weight,"[4096, 1024]",torch.bfloat16,8388608,0.0006822458682480142,0.0006749043081632694,0.0006108785038903249,block,0.10480939149962207
model.paligemma_with_expert.gemma_expert.model.layers.9.mlp.up_proj.weight,"[4096, 1024]",torch.bfloat16,8388608,0.0006816116301541701,0.0006779214602948655,0.0006108461916760448,block,0.10980713235647599
model.paligemma_with_expert.gemma_expert.model.layers.9.post_attention_layernorm.dense.weight,"[3072, 1024]",torch.float32,12582912,0.0004734154927250176,0.0006111201808456554,0.0002547074940826,block,0.8586633833847545
model.paligemma_with_expert.gemma_expert.model.layers.9.self_attn.k_proj.weight,"[256, 1024]",torch.bfloat16,524288,0.0006585014424795328,0.0006570101825619454,0.0005813763196318759,block,0.1300945022631132
model.paligemma_with_expert.gemma_expert.model.layers.9.self_attn.o_proj.weight,"[1024, 2048]",torch.bfloat16,4194304,0.0006960792995490252,0.0006857855175560847,0.0006567188838745293,block,0.044260389635923526
model.paligemma_with_expert.gemma_expert.model.layers.9.self_attn.q_proj.weight,"[2048, 1024]",torch.bfloat16,4194304,0.0006591787024404746,0.0006759629739527073,0.0005877907061124258,block,0.12145138666822412
model.paligemma_with_expert.gemma_expert.model.layers.9.self_attn.v_proj.weight,"[256, 1024]",torch.bfloat16,524288,0.0006520449896171343,0.0006824323228891201,0.0005774602873680664,block,0.12915988143359275
model.paligemma_with_expert.gemma_expert.model.norm.dense.weight,"[3072, 1024]",torch.float32,12582912,0.0004790356666290517,0.0006787773051133103,0.0002610773452173253,block,0.8348419554760454
model.paligemma_with_expert.paligemma.lm_head.weight,"[257152, 2048]",torch.bfloat16,1053294592,0.0,0.0,0.0,block,0.0
model.paligemma_with_expert.paligemma.model.language_model.embed_tokens.weight,"[257152, 2048]",torch.bfloat16,1053294592,0.000692533686804353,0.00043733765762608325,0.0006473512674137656,column,0.48020929852613026
model.paligemma_with_expert.paligemma.model.language_model.layers.0.mlp.down_proj.weight,"[2048, 16384]",torch.bfloat16,67108864,7.639239525328703e-05,0.0006983201685523174,3.656137860475473e-05,block,1.0894287406151684
model.paligemma_with_expert.paligemma.model.language_model.layers.0.mlp.gate_proj.weight,"[16384, 2048]",torch.bfloat16,67108864,0.00038159228096170327,0.0006822292145392633,0.00011710675979572491,block,2.2584991816640945
model.paligemma_with_expert.paligemma.model.language_model.layers.0.mlp.up_proj.weight,"[16384, 2048]",torch.bfloat16,67108864,0.00036457647592760936,0.0006722746802818975,0.00010454241948700782,block,2.487354489369913
model.paligemma_with_expert.paligemma.model.language_model.layers.0.self_attn.k_proj.weight,"[256, 2048]",torch.bfloat16,1048576,0.0005654929341293605,0.0005987287902478899,0.0004878835746785325,block,0.15907352384626788
model.paligemma_with_expert.paligemma.model.language_model.layers.0.self_attn.o_proj.weight,"[2048, 2048]",torch.bfloat16,8388608,0.0006906367297640543,0.0006958606980047344,0.0005667812930511451,block,0.21852421424525165
model.paligemma_with_expert.paligemma.model.language_model.layers.0.self_attn.q_proj.weight,"[2048, 2048]",torch.bfloat16,8388608,0.0005317639819692816,0.0006460494071225233,0.0004557331052035678,block,0.16683202492334226
model.paligemma_with_expert.paligemma.model.language_model.layers.0.self_attn.v_proj.weight,"[256, 2048]",torch.bfloat16,1048576,0.0005336669891936927,0.0006838629327700244,0.00044613788216691996,block,0.1961929495913647
model.paligemma_with_expert.paligemma.model.language_model.layers.1.mlp.down_proj.weight,"[2048, 16384]",torch.bfloat16,67108864,0.0006919829655376637,0.0006961960981146145,0.0005086938476460533,block,0.3603132193160354
model.paligemma_with_expert.paligemma.model.language_model.layers.1.mlp.gate_proj.weight,"[16384, 2048]",torch.bfloat16,67108864,0.0006106500900078045,0.00069468172348472,0.00046355769664394427,block,0.3173119428903388
model.paligemma_with_expert.paligemma.model.language_model.layers.1.mlp.up_proj.weight,"[16384, 2048]",torch.bfloat16,67108864,0.0006043253690947415,0.0006936989764832136,0.00045163432313675023,block,0.3380855664323767
model.paligemma_with_expert.paligemma.model.language_model.layers.1.self_attn.k_proj.weight,"[256, 2048]",torch.bfloat16,1048576,0.0005939554211033198,0.0005838356374845828,0.0004100973909057498,block,0.4236511873316508
model.paligemma_with_expert.paligemma.model.language_model.layers.1.self_attn.o_proj.weight,"[2048, 2048]",torch.bfloat16,8388608,0.0006931992417663723,0.0006802840124961033,0.0006570430274152201,block,0.035372089971508036
model.paligemma_with_expert.paligemma.model.language_model.layers.1.self_attn.q_proj.weight,"[2048, 2048]",torch.bfloat16,8388608,0.00048557047052155873,0.000672693675641225,0.00025856406959026153,block,0.8779502940645512
model.paligemma_with_expert.paligemma.model.language_model.layers.1.self_attn.v_proj.weight,"[256, 2048]",torch.bfloat16,1048576,0.0004863534698803324,0.000680943784752522,0.00021308386156094334,block,1.2824509858116695
model.paligemma_with_expert.paligemma.model.language_model.layers.10.mlp.down_proj.weight,"[2048, 16384]",torch.bfloat16,67108864,0.0006906528473092274,0.0006971024488568764,0.0005555296403831937,block,0.2432331186376092
model.paligemma_with_expert.paligemma.model.language_model.layers.10.mlp.gate_proj.weight,"[16384, 2048]",torch.bfloat16,67108864,0.0006331834837011674,0.0006984389890179163,0.0005841157041405951,block,0.08400352740518312
model.paligemma_with_expert.paligemma.model.language_model.layers.10.mlp.up_proj.weight,"[16384, 2048]",torch.bfloat16,67108864,0.0006248650928959916,0.0006947099874342563,0.0005752655083151483,block,0.08622033454797567
model.paligemma_with_expert.paligemma.model.language_model.layers.10.self_attn.k_proj.weight,"[256, 2048]",torch.bfloat16,1048576,0.0005860532565507502,0.0006421050581433365,0.0004750488373042843,block,0.23366948938633847
model.paligemma_with_expert.paligemma.model.language_model.layers.10.self_attn.o_proj.weight,"[2048, 2048]",torch.bfloat16,8388608,0.0006961240418964197,0.0006966838495592856,0.000653809101790213,block,0.06472063480049915
model.paligemma_with_expert.paligemma.model.language_model.layers.10.self_attn.q_proj.weight,"[2048, 2048]",torch.bfloat16,8388608,0.0005608469419316315,0.000681374278432225,0.00040814123156127026,block,0.3741491879813593
model.paligemma_with_expert.paligemma.model.language_model.layers.10.self_attn.v_proj.weight,"[256, 2048]",torch.bfloat16,1048576,0.00040259599040433906,0.0006881894356300859,0.00026059362042990574,block,0.5449188270233538
model.paligemma_with_expert.paligemma.model.language_model.layers.11.mlp.down_proj.weight,"[2048, 16384]",torch.bfloat16,67108864,0.000686142092340612,0.0006973453954219416,0.0005587357583621036,block,0.22802609654336703
model.paligemma_with_expert.paligemma.model.language_model.layers.11.mlp.gate_proj.weight,"[16384, 2048]",torch.bfloat16,67108864,0.000655250098858131,0.0006982481230254767,0.0006057516288698122,block,0.08171413435680086
model.paligemma_with_expert.paligemma.model.language_model.layers.11.mlp.up_proj.weight,"[16384, 2048]",torch.bfloat16,67108864,0.0006524700119200292,0.0006967144268244308,0.0006025899574367733,block,0.08277611312247873
model.paligemma_with_expert.paligemma.model.language_model.layers.11.self_attn.k_proj.weight,"[256, 2048]",torch.bfloat16,1048576,0.0005960006055472995,0.0006257616367210927,0.000484729912527693,block,0.22955194252273337
model.paligemma_with_expert.paligemma.model.language_model.layers.11.self_attn.o_proj.weight,"[2048, 2048]",torch.bfloat16,8388608,0.0006932031480566304,0.0006969096973746063,0.0006535401044720818,block,0.06068953276645162
model.paligemma_with_expert.paligemma.model.language_model.layers.11.self_attn.q_proj.weight,"[2048, 2048]",torch.bfloat16,8388608,0.0005496862851787176,0.0006830600039211466,0.000382209426279508,block,0.43818086992112687
model.paligemma_with_expert.paligemma.model.language_model.layers.11.self_attn.v_proj.weight,"[256, 2048]",torch.bfloat16,1048576,0.00041455338602646455,0.0006806899088005004,0.0002662413108476973,block,0.5570588377384034
model.paligemma_with_expert.paligemma.model.language_model.layers.12.mlp.down_proj.weight,"[2048, 16384]",torch.bfloat16,67108864,0.0006781577695165391,0.0006961667761209677,0.0005421556030712588,block,0.2508544884067253
model.paligemma_with_expert.paligemma.model.language_model.layers.12.mlp.gate_proj.weight,"[16384, 2048]",torch.bfloat16,67108864,0.0006527271676265389,0.0006927716345466674,0.0006043386319122559,block,0.08006857936778168
model.paligemma_with_expert.paligemma.model.language_model.layers.12.mlp.up_proj.weight,"[16384, 2048]",torch.bfloat16,67108864,0.0006500813290306449,0.0006948554956305096,0.0006015287503148043,block,0.0807153086040046
model.paligemma_with_expert.paligemma.model.language_model.layers.12.self_attn.k_proj.weight,"[256, 2048]",torch.bfloat16,1048576,0.0006168736842684853,0.0006319365084594362,0.0005260647574682735,block,0.17261929355852818
model.paligemma_with_expert.paligemma.model.language_model.layers.12.self_attn.o_proj.weight,"[2048, 2048]",torch.bfloat16,8388608,0.0006960685502501169,0.000697880284389188,0.000659971836830708,block,0.05469432391653442
model.paligemma_with_expert.paligemma.model.language_model.layers.12.self_attn.q_proj.weight,"[2048, 2048]",torch.bfloat16,8388608,0.0005393552061349537,0.0006794020698554695,0.0004067216448861475,block,0.3261040146656909
model.paligemma_with_expert.paligemma.model.language_model.layers.12.self_attn.v_proj.weight,"[256, 2048]",torch.bfloat16,1048576,0.0004850227135688342,0.0006815521135836351,0.0003403084935859326,block,0.4252442202015134
model.paligemma_with_expert.paligemma.model.language_model.layers.13.mlp.down_proj.weight,"[2048, 16384]",torch.bfloat16,67108864,0.0005044530030492153,0.0006881234737232785,0.0003141109654765732,block,0.6059706870909543
model.paligemma_with_expert.paligemma.model.language_model.layers.13.mlp.gate_proj.weight,"[16384, 2048]",torch.bfloat16,67108864,0.0005936259165286935,0.0006818844578748867,0.0005504657862437368,block,0.07840656288462983
model.paligemma_with_expert.paligemma.model.language_model.layers.13.mlp.up_proj.weight,"[16384, 2048]",torch.bfloat16,67108864,0.0005917924294912483,0.0006876652606252291,0.0005484302382183473,block,0.07906601104594295
model.paligemma_with_expert.paligemma.model.language_model.layers.13.self_attn.k_proj.weight,"[256, 2048]",torch.bfloat16,1048576,0.0005618236343599248,0.0006335352447021498,0.0004494582151007744,block,0.25000192561605883
model.paligemma_with_expert.paligemma.model.language_model.layers.13.self_attn.o_proj.weight,"[2048, 2048]",torch.bfloat16,8388608,0.0006954586741144944,0.0006962908254677425,0.0006601658183161018,block,0.05346059250449344
model.paligemma_with_expert.paligemma.model.language_model.layers.13.self_attn.q_proj.weight,"[2048, 2048]",torch.bfloat16,8388608,0.0005331147183468426,0.0006777854450127799,0.00039117624439103613,block,0.3628504439904558
model.paligemma_with_expert.paligemma.model.language_model.layers.13.self_attn.v_proj.weight,"[256, 2048]",torch.bfloat16,1048576,0.00038183807853663413,0.000668138503993144,0.00023590362276377987,block,0.6186189684716479
model.paligemma_with_expert.paligemma.model.language_model.layers.14.mlp.down_proj.weight,"[2048, 16384]",torch.bfloat16,67108864,0.0005796014563588219,0.0006927614245530546,0.0003943117138106411,block,0.46990676680014104
model.paligemma_with_expert.paligemma.model.language_model.layers.14.mlp.gate_proj.weight,"[16384, 2048]",torch.bfloat16,67108864,0.0006764350651017955,0.0006936496400760077,0.0006310076704651261,block,0.07199182634845644
model.paligemma_with_expert.paligemma.model.language_model.layers.14.mlp.up_proj.weight,"[16384, 2048]",torch.bfloat16,67108864,0.0006744400207852597,0.000688257810455773,0.000628137162336929,block,0.07371456622000354
model.paligemma_with_expert.paligemma.model.language_model.layers.14.self_attn.k_proj.weight,"[256, 2048]",torch.bfloat16,1048576,0.0006683475255121127,0.000630980810775656,0.0005372396822812207,block,0.17448660548750392
model.paligemma_with_expert.paligemma.model.language_model.layers.14.self_attn.o_proj.weight,"[2048, 2048]",torch.bfloat16,8388608,0.0006967397872794923,0.0006959810295093294,0.0006571341091003865,block,0.05911566584501929
model.paligemma_with_expert.paligemma.model.language_model.layers.14.self_attn.q_proj.weight,"[2048, 2048]",torch.bfloat16,8388608,0.0005824315084907773,0.000673981416379146,0.00042087423747162506,block,0.3838611552697954
model.paligemma_with_expert.paligemma.model.language_model.layers.14.self_attn.v_proj.weight,"[256, 2048]",torch.bfloat16,1048576,0.0005038186085503201,0.0006825789775410947,0.000323365473623285,block,0.5580470076321746
model.paligemma_with_expert.paligemma.model.language_model.layers.15.mlp.down_proj.weight,"[2048, 16384]",torch.bfloat16,67108864,0.0006306081556481875,0.0006928898466554671,0.0003946522917133356,block,0.5978829184304943
model.paligemma_with_expert.paligemma.model.language_model.layers.15.mlp.gate_proj.weight,"[16384, 2048]",torch.bfloat16,67108864,0.0006841530967389588,0.0006933184554258181,0.0006416307298344009,block,0.06627233535951825
model.paligemma_with_expert.paligemma.model.language_model.layers.15.mlp.up_proj.weight,"[16384, 2048]",torch.bfloat16,67108864,0.0006841888402050319,0.000689393828784674,0.0006409189246516898,block,0.0675123075463208
model.paligemma_with_expert.paligemma.model.language_model.layers.15.self_attn.k_proj.weight,"[256, 2048]",torch.bfloat16,1048576,0.0006167199409160822,0.0006540326270683232,0.00047299902738343096,block,0.3038503362844034
model.paligemma_with_expert.paligemma.model.language_model.layers.15.self_attn.o_proj.weight,"[2048, 2048]",torch.bfloat16,8388608,0.0006907415479163666,0.0006964768881820618,0.0006567597303090899,block,0.05174162793337506
model.paligemma_with_expert.paligemma.model.language_model.layers.15.self_attn.q_proj.weight,"[2048, 2048]",torch.bfloat16,8388608,0.0005841761442373718,0.0006724645189199402,0.0004706770197091248,block,0.24114014446337032
model.paligemma_with_expert.paligemma.model.language_model.layers.15.self_attn.v_proj.weight,"[256, 2048]",torch.bfloat16,1048576,0.0005204246963747382,0.000680767138952379,0.0002898882993467513,block,0.7952594069767184
model.paligemma_with_expert.paligemma.model.language_model.layers.16.mlp.down_proj.weight,"[2048, 16384]",torch.bfloat16,67108864,0.00033993988375209867,0.0006926451091905716,0.00015721605605577193,block,1.1622466068701405
model.paligemma_with_expert.paligemma.model.language_model.layers.16.mlp.gate_proj.weight,"[16384, 2048]",torch.bfloat16,67108864,0.0006410044553762598,0.0006848943787879772,0.0005665950934714648,block,0.13132722602466826
model.paligemma_with_expert.paligemma.model.language_model.layers.16.mlp.up_proj.weight,"[16384, 2048]",torch.bfloat16,67108864,0.0006336851279333581,0.0006887244050840343,0.0005489871689689563,block,0.15428039807099983
model.paligemma_with_expert.paligemma.model.language_model.layers.16.self_attn.k_proj.weight,"[256, 2048]",torch.bfloat16,1048576,0.0006019786072878908,0.0006134741928543018,0.0005124452328379013,block,0.17471793805975563
model.paligemma_with_expert.paligemma.model.language_model.layers.16.self_attn.o_proj.weight,"[2048, 2048]",torch.bfloat16,8388608,0.0006929076594467739,0.0006986952055023524,0.0006082982486062013,block,0.13909198495053826
model.paligemma_with_expert.paligemma.model.language_model.layers.16.self_attn.q_proj.weight,"[2048, 2048]",torch.bfloat16,8388608,0.0005616883774979001,0.0006622559179719509,0.0004481197017969642,block,0.25343379290293294
model.paligemma_with_expert.paligemma.model.language_model.layers.16.self_attn.v_proj.weight,"[256, 2048]",torch.bfloat16,1048576,0.0004125523859896695,0.0006823877566958157,0.0002960208854023921,block,0.39365972582938463
model.paligemma_with_expert.paligemma.model.language_model.layers.17.mlp.down_proj.weight,"[2048, 16384]",torch.bfloat16,67108864,0.0,0.0,0.0,block,0.0
model.paligemma_with_expert.paligemma.model.language_model.layers.17.mlp.gate_proj.weight,"[16384, 2048]",torch.bfloat16,67108864,0.0,0.0,0.0,block,0.0
model.paligemma_with_expert.paligemma.model.language_model.layers.17.mlp.up_proj.weight,"[16384, 2048]",torch.bfloat16,67108864,0.0,0.0,0.0,block,0.0
model.paligemma_with_expert.paligemma.model.language_model.layers.17.self_attn.k_proj.weight,"[256, 2048]",torch.bfloat16,1048576,0.00047487131629599,0.0006495763387637392,0.0003059343792722324,block,0.5521999110581519
model.paligemma_with_expert.paligemma.model.language_model.layers.17.self_attn.o_proj.weight,"[2048, 2048]",torch.bfloat16,8388608,0.0,0.0,0.0,block,0.0
model.paligemma_with_expert.paligemma.model.language_model.layers.17.self_attn.q_proj.weight,"[2048, 2048]",torch.bfloat16,8388608,0.0,0.0,0.0,block,0.0
model.paligemma_with_expert.paligemma.model.language_model.layers.17.self_attn.v_proj.weight,"[256, 2048]",torch.bfloat16,1048576,0.00029937311079468367,0.0006737523402146369,8.128647323959941e-05,block,2.6829388564103858
model.paligemma_with_expert.paligemma.model.language_model.layers.2.mlp.down_proj.weight,"[2048, 16384]",torch.bfloat16,67108864,0.0006847803287155684,0.0006975992987562503,0.0005060754567161107,block,0.35311902529133
model.paligemma_with_expert.paligemma.model.language_model.layers.2.mlp.gate_proj.weight,"[16384, 2048]",torch.bfloat16,67108864,0.0005679804479796644,0.0006964244410841654,0.0004316792061949572,block,0.3157466003195672
model.paligemma_with_expert.paligemma.model.language_model.layers.2.mlp.up_proj.weight,"[16384, 2048]",torch.bfloat16,67108864,0.0005506511783870915,0.0006920238213278585,0.00040644912340389336,block,0.3547850067323257
model.paligemma_with_expert.paligemma.model.language_model.layers.2.self_attn.k_proj.weight,"[256, 2048]",torch.bfloat16,1048576,0.0005579335067820102,0.0006157843487689226,0.00042819782373877566,block,0.30298071557313766
model.paligemma_with_expert.paligemma.model.language_model.layers.2.self_attn.o_proj.weight,"[2048, 2048]",torch.bfloat16,8388608,0.0006853004039862823,0.000696628802932539,0.0006387190595449896,block,0.07292931648928123
model.paligemma_with_expert.paligemma.model.language_model.layers.2.self_attn.q_proj.weight,"[2048, 2048]",torch.bfloat16,8388608,0.00050548359645354,0.0006700711983276442,0.00032119275888525914,block,0.5737702126532552
model.paligemma_with_expert.paligemma.model.language_model.layers.2.self_attn.v_proj.weight,"[256, 2048]",torch.bfloat16,1048576,0.00046455134179112893,0.0006780665545186594,0.00022190862172905793,block,1.0934352985992974
model.paligemma_with_expert.paligemma.model.language_model.layers.3.mlp.down_proj.weight,"[2048, 16384]",torch.bfloat16,67108864,0.0006851186479204144,0.0006978724646335366,0.0005114961602333047,block,0.3394404517287417
model.paligemma_with_expert.paligemma.model.language_model.layers.3.mlp.gate_proj.weight,"[16384, 2048]",torch.bfloat16,67108864,0.00065617443231843,0.000693540779492391,0.0005632388348688111,block,0.1650021122411869
model.paligemma_with_expert.paligemma.model.language_model.layers.3.mlp.up_proj.weight,"[16384, 2048]",torch.bfloat16,67108864,0.0006453091197383334,0.0006849994563452964,0.0005451292682894993,block,0.18377265224297598
model.paligemma_with_expert.paligemma.model.language_model.layers.3.self_attn.k_proj.weight,"[256, 2048]",torch.bfloat16,1048576,0.00047563457449433487,0.0006121140937511127,0.0003209986434429401,block,0.4817339082583458
model.paligemma_with_expert.paligemma.model.language_model.layers.3.self_attn.o_proj.weight,"[2048, 2048]",torch.bfloat16,8388608,0.0006919002970871204,0.0006973961842394945,0.0006456000309735475,block,0.07171664171662653
model.paligemma_with_expert.paligemma.model.language_model.layers.3.self_attn.q_proj.weight,"[2048, 2048]",torch.bfloat16,8388608,0.00048108860435340343,0.0006759656577106944,0.0002516645122815057,block,0.9116267128488486
model.paligemma_with_expert.paligemma.model.language_model.layers.3.self_attn.v_proj.weight,"[256, 2048]",torch.bfloat16,1048576,0.00039253698099137377,0.0006728882703763096,0.0002057651880658995,block,0.907693836265723
model.paligemma_with_expert.paligemma.model.language_model.layers.4.mlp.down_proj.weight,"[2048, 16384]",torch.bfloat16,67108864,0.0006885596967291705,0.0006976855941218879,0.0005412717117094656,block,0.272114691814457
model.paligemma_with_expert.paligemma.model.language_model.layers.4.mlp.gate_proj.weight,"[16384, 2048]",torch.bfloat16,67108864,0.0006744384185426457,0.0006964094393270972,0.000598647040559723,block,0.1266044477762043
model.paligemma_with_expert.paligemma.model.language_model.layers.4.mlp.up_proj.weight,"[16384, 2048]",torch.bfloat16,67108864,0.00066777791426005,0.0006958662748534695,0.0005864249837678081,block,0.13872691775433146
model.paligemma_with_expert.paligemma.model.language_model.layers.4.self_attn.k_proj.weight,"[256, 2048]",torch.bfloat16,1048576,0.00043351923967346455,0.0006127666242751327,0.0002890261872871525,block,0.49993065937224485
model.paligemma_with_expert.paligemma.model.language_model.layers.4.self_attn.o_proj.weight,"[2048, 2048]",torch.bfloat16,8388608,0.0006853902557755038,0.0006980706319007884,0.0006253089514642628,block,0.09608259112643562
model.paligemma_with_expert.paligemma.model.language_model.layers.4.self_attn.q_proj.weight,"[2048, 2048]",torch.bfloat16,8388608,0.0004896721467256946,0.0006783806417128717,0.00027693023131127454,block,0.7682148474981566
model.paligemma_with_expert.paligemma.model.language_model.layers.4.self_attn.v_proj.weight,"[256, 2048]",torch.bfloat16,1048576,0.00035255077680758785,0.000684490420040615,0.0001746939813290746,block,1.0181048833244049
model.paligemma_with_expert.paligemma.model.language_model.layers.5.mlp.down_proj.weight,"[2048, 16384]",torch.bfloat16,67108864,0.0006835261984292626,0.0006973594979235082,0.0005234497880746458,block,0.30581044066024005
model.paligemma_with_expert.paligemma.model.language_model.layers.5.mlp.gate_proj.weight,"[16384, 2048]",torch.bfloat16,67108864,0.000683164659511323,0.0006963727528391714,0.0006183952932647275,block,0.10473780598273179
model.paligemma_with_expert.paligemma.model.language_model.layers.5.mlp.up_proj.weight,"[16384, 2048]",torch.bfloat16,67108864,0.0006777198871191969,0.0006940750079390397,0.0006087171857271308,block,0.11335757065843372
model.paligemma_with_expert.paligemma.model.language_model.layers.5.self_attn.k_proj.weight,"[256, 2048]",torch.bfloat16,1048576,0.0006086577929482135,0.00062946756702082,0.000482120036480984,block,0.26246110282168383
model.paligemma_with_expert.paligemma.model.language_model.layers.5.self_attn.o_proj.weight,"[2048, 2048]",torch.bfloat16,8388608,0.000692259873220085,0.0006978694830016935,0.0006497864115085076,block,0.06536526612333028
model.paligemma_with_expert.paligemma.model.language_model.layers.5.self_attn.q_proj.weight,"[2048, 2048]",torch.bfloat16,8388608,0.0005422509812463212,0.0006877555245809464,0.0003528080190407269,block,0.536957642631489
model.paligemma_with_expert.paligemma.model.language_model.layers.5.self_attn.v_proj.weight,"[256, 2048]",torch.bfloat16,1048576,0.0004706645939479377,0.0006783137988768736,0.0002803057474518044,block,0.6791114639162491
model.paligemma_with_expert.paligemma.model.language_model.layers.6.mlp.down_proj.weight,"[2048, 16384]",torch.bfloat16,67108864,0.000679772900075025,0.0006976670393137252,0.0005036177975821495,block,0.3497793432610795
model.paligemma_with_expert.paligemma.model.language_model.layers.6.mlp.gate_proj.weight,"[16384, 2048]",torch.bfloat16,67108864,0.0006222800035159477,0.0006934395098651116,0.0005575726422960881,block,0.11605189406961275
model.paligemma_with_expert.paligemma.model.language_model.layers.6.mlp.up_proj.weight,"[16384, 2048]",torch.bfloat16,67108864,0.0006183549534922853,0.0006920773766614176,0.0005522503132995261,block,0.11970050283503567
model.paligemma_with_expert.paligemma.model.language_model.layers.6.self_attn.k_proj.weight,"[256, 2048]",torch.bfloat16,1048576,0.0006097769840329124,0.0005757886896524737,0.0005170677958427752,block,0.11356517323611037
model.paligemma_with_expert.paligemma.model.language_model.layers.6.self_attn.o_proj.weight,"[2048, 2048]",torch.bfloat16,8388608,0.00069730820973397,0.0006976235956674307,0.0006617080625844686,block,0.05380038292182197
model.paligemma_with_expert.paligemma.model.language_model.layers.6.self_attn.q_proj.weight,"[2048, 2048]",torch.bfloat16,8388608,0.0005149815472680849,0.0006826456210179617,0.00035302882844793864,block,0.4587521068241301
model.paligemma_with_expert.paligemma.model.language_model.layers.6.self_attn.v_proj.weight,"[256, 2048]",torch.bfloat16,1048576,0.0004783965156497017,0.0006780983702769686,0.0003146231186020887,block,0.5205383437023937
model.paligemma_with_expert.paligemma.model.language_model.layers.7.mlp.down_proj.weight,"[2048, 16384]",torch.bfloat16,67108864,0.00033295607071298807,0.0006955688590676156,0.0002550891635375749,block,0.3052536850078436
model.paligemma_with_expert.paligemma.model.language_model.layers.7.mlp.gate_proj.weight,"[16384, 2048]",torch.bfloat16,67108864,0.000669127090395571,0.0006961997662212988,0.0006091989941900159,block,0.09837195526764574
model.paligemma_with_expert.paligemma.model.language_model.layers.7.mlp.up_proj.weight,"[16384, 2048]",torch.bfloat16,67108864,0.0006654500196636718,0.0006942726521309394,0.0006045778815809424,block,0.10068535409127383
model.paligemma_with_expert.paligemma.model.language_model.layers.7.self_attn.k_proj.weight,"[256, 2048]",torch.bfloat16,1048576,0.0005062038282629511,0.0006342767373387086,0.0003584755656450676,block,0.41210134462595865
model.paligemma_with_expert.paligemma.model.language_model.layers.7.self_attn.o_proj.weight,"[2048, 2048]",torch.bfloat16,8388608,0.0006879258363251381,0.0006975703597971384,0.0006385880879690195,block,0.07726067755669157
model.paligemma_with_expert.paligemma.model.language_model.layers.7.self_attn.q_proj.weight,"[2048, 2048]",torch.bfloat16,8388608,0.000523918319536954,0.000669867297345205,0.00036259160233676277,block,0.44492678859770307
model.paligemma_with_expert.paligemma.model.language_model.layers.7.self_attn.v_proj.weight,"[256, 2048]",torch.bfloat16,1048576,0.00036643190481389375,0.0006874707196244947,0.00020798280894169334,block,0.7618374647330617
model.paligemma_with_expert.paligemma.model.language_model.layers.8.mlp.down_proj.weight,"[2048, 16384]",torch.bfloat16,67108864,0.0006907692907064033,0.0006964121844351546,0.0005434544428858256,block,0.2710711997096085
model.paligemma_with_expert.paligemma.model.language_model.layers.8.mlp.gate_proj.weight,"[16384, 2048]",torch.bfloat16,67108864,0.0006562815910206997,0.0006979497661350858,0.0006042243124908287,block,0.08615555093318294
model.paligemma_with_expert.paligemma.model.language_model.layers.8.mlp.up_proj.weight,"[16384, 2048]",torch.bfloat16,67108864,0.0006520908029290679,0.0006952871302110955,0.000599745644480957,block,0.08727893054298434
model.paligemma_with_expert.paligemma.model.language_model.layers.8.self_attn.k_proj.weight,"[256, 2048]",torch.bfloat16,1048576,0.0006090232945304867,0.000634555317793924,0.0005175680079401085,block,0.17670196995823817
model.paligemma_with_expert.paligemma.model.language_model.layers.8.self_attn.o_proj.weight,"[2048, 2048]",torch.bfloat16,8388608,0.000692477353380473,0.0006968014834703704,0.0006496191365629556,block,0.06597437545370699
model.paligemma_with_expert.paligemma.model.language_model.layers.8.self_attn.q_proj.weight,"[2048, 2048]",torch.bfloat16,8388608,0.0005782002892076444,0.0006752733576409005,0.0004238227603061646,block,0.36425020871922803
model.paligemma_with_expert.paligemma.model.language_model.layers.8.self_attn.v_proj.weight,"[256, 2048]",torch.bfloat16,1048576,0.00048130429166002474,0.0006764538884578548,0.0003432736776180359,block,0.4021007815098975
model.paligemma_with_expert.paligemma.model.language_model.layers.9.mlp.down_proj.weight,"[2048, 16384]",torch.bfloat16,67108864,0.0006961810128861697,0.0006966740457669708,0.0005585564977204078,block,0.24639318623530088
model.paligemma_with_expert.paligemma.model.language_model.layers.9.mlp.gate_proj.weight,"[16384, 2048]",torch.bfloat16,67108864,0.0006631237590298887,0.0006984467665119968,0.0006096302514603541,block,0.08774746240264861
model.paligemma_with_expert.paligemma.model.language_model.layers.9.mlp.up_proj.weight,"[16384, 2048]",torch.bfloat16,67108864,0.0006606324521543775,0.0006972655363844181,0.0006069763229830023,block,0.08839904810072435
model.paligemma_with_expert.paligemma.model.language_model.layers.9.self_attn.k_proj.weight,"[256, 2048]",torch.bfloat16,1048576,0.0005036351748223088,0.0005999429154980313,0.0003518410603857116,block,0.4314280836642271
model.paligemma_with_expert.paligemma.model.language_model.layers.9.self_attn.o_proj.weight,"[2048, 2048]",torch.bfloat16,8388608,0.0006931418370936931,0.0006960806628678167,0.000651395807857657,block,0.06408704006452312
model.paligemma_with_expert.paligemma.model.language_model.layers.9.self_attn.q_proj.weight,"[2048, 2048]",torch.bfloat16,8388608,0.0004433365848138779,0.0006567036146664048,0.000260391382696802,block,0.7025777897193168
model.paligemma_with_expert.paligemma.model.language_model.layers.9.self_attn.v_proj.weight,"[256, 2048]",torch.bfloat16,1048576,0.00039251342088530614,0.0006835260892633731,0.00021326208200699744,block,0.8405213772246076
model.paligemma_with_expert.paligemma.model.multi_modal_projector.linear.weight,"[2048, 1152]",torch.float32,9437184,0.0006313631169233086,0.0006879582439027107,0.0005355349801094522,block,0.17893908030857505
model.paligemma_with_expert.paligemma.model.vision_tower.vision_model.embeddings.position_embedding.weight,"[256, 1152]",torch.float32,1179648,0.0006533401201856969,0.0005977924910860984,0.000540060137342633,block,0.10689986124052327
model.paligemma_with_expert.paligemma.model.vision_tower.vision_model.encoder.layers.0.mlp.fc1.weight,"[4304, 1152]",torch.float32,19832832,0.000619285268735857,0.0006669450238138676,0.00048298964186980174,block,0.28219161458289854
model.paligemma_with_expert.paligemma.model.vision_tower.vision_model.encoder.layers.0.mlp.fc2.weight,"[1152, 4304]",torch.float32,19832832,0.0006852572676450492,0.0006146716213181375,0.0005268678127950092,block,0.16665244372650725
model.paligemma_with_expert.paligemma.model.vision_tower.vision_model.encoder.layers.0.self_attn.k_proj.weight,"[1152, 1152]",torch.float32,5308416,0.0004048848327006331,0.0006649668959438012,0.00016029824349417975,block,1.5258220169788324
model.paligemma_with_expert.paligemma.model.vision_tower.vision_model.encoder.layers.0.self_attn.out_proj.weight,"[1152, 1152]",torch.float32,5308416,0.0006176339312139767,0.0006582846699916551,0.0004471698624286569,block,0.3812065237569902
model.paligemma_with_expert.paligemma.model.vision_tower.vision_model.encoder.layers.0.self_attn.q_proj.weight,"[1152, 1152]",torch.float32,5308416,0.0005168270469519926,0.0006764825257485109,0.00031773675265182937,block,0.6265888117712435
model.paligemma_with_expert.paligemma.model.vision_tower.vision_model.encoder.layers.0.self_attn.v_proj.weight,"[1152, 1152]",torch.float32,5308416,0.0004270334847851057,0.000672886928540681,0.00021825978120456702,block,0.9565376746385659
model.paligemma_with_expert.paligemma.model.vision_tower.vision_model.encoder.layers.1.mlp.fc1.weight,"[4304, 1152]",torch.float32,19832832,0.0004974520637360619,0.0006823402510510182,0.0003252064839430996,block,0.5296498941364883
model.paligemma_with_expert.paligemma.model.vision_tower.vision_model.encoder.layers.1.mlp.fc2.weight,"[1152, 4304]",torch.float32,19832832,0.0006832759466288599,0.000672808608530341,0.0005685019867811295,block,0.18347626600180925
model.paligemma_with_expert.paligemma.model.vision_tower.vision_model.encoder.layers.1.self_attn.k_proj.weight,"[1152, 1152]",torch.float32,5308416,0.0004342662080860158,0.0006299375350778722,0.00019389866592007678,block,1.239655471714366
model.paligemma_with_expert.paligemma.model.vision_tower.vision_model.encoder.layers.1.self_attn.out_proj.weight,"[1152, 1152]",torch.float32,5308416,0.0006036472595818964,0.0006254506629907925,0.0004653156213940827,block,0.2972856096543094
model.paligemma_with_expert.paligemma.model.vision_tower.vision_model.encoder.layers.1.self_attn.q_proj.weight,"[1152, 1152]",torch.float32,5308416,0.0005177062594124462,0.0006778459485445444,0.000315041075214429,block,0.6432976527269517
model.paligemma_with_expert.paligemma.model.vision_tower.vision_model.encoder.layers.1.self_attn.v_proj.weight,"[1152, 1152]",torch.float32,5308416,0.00038893532919716256,0.0006718445315862022,0.00015493841861491636,block,1.510257511817141
model.paligemma_with_expert.paligemma.model.vision_tower.vision_model.encoder.layers.10.mlp.fc1.weight,"[4304, 1152]",torch.float32,19832832,0.0006310775850257589,0.0006880256573092539,0.0005091875805068396,block,0.23938133840104941
model.paligemma_with_expert.paligemma.model.vision_tower.vision_model.encoder.layers.10.mlp.fc2.weight,"[1152, 4304]",torch.float32,19832832,0.0006860138398388527,0.0006819987925537489,0.0005474705408260083,block,0.2457269235432616
model.paligemma_with_expert.paligemma.model.vision_tower.vision_model.encoder.layers.10.self_attn.k_proj.weight,"[1152, 1152]",torch.float32,5308416,0.0005719539463196258,0.0006356095401323188,0.0004249967816496859,block,0.3457841824107575
model.paligemma_with_expert.paligemma.model.vision_tower.vision_model.encoder.layers.10.self_attn.out_proj.weight,"[1152, 1152]",torch.float32,5308416,0.0006828814030819909,0.00068214077997662,0.0006295598482203483,block,0.08352014809220841
model.paligemma_with_expert.paligemma.model.vision_tower.vision_model.encoder.layers.10.self_attn.q_proj.weight,"[1152, 1152]",torch.float32,5308416,0.0005785046000853001,0.000678267811110775,0.00042958143451230754,block,0.3466703949672804
model.paligemma_with_expert.paligemma.model.vision_tower.vision_model.encoder.layers.10.self_attn.v_proj.weight,"[1152, 1152]",torch.float32,5308416,0.0004950330537409841,0.0006871738340420604,0.00033316146902820083,block,0.4858652628257004
model.paligemma_with_expert.paligemma.model.vision_tower.vision_model.encoder.layers.11.mlp.fc1.weight,"[4304, 1152]",torch.float32,19832832,0.000604394781964837,0.000682420999062366,0.0004844865938807411,block,0.2474953684964335
model.paligemma_with_expert.paligemma.model.vision_tower.vision_model.encoder.layers.11.mlp.fc2.weight,"[1152, 4304]",torch.float32,19832832,0.000685910895202443,0.0006807453679339883,0.0005473417902844731,block,0.24372993258961748
model.paligemma_with_expert.paligemma.model.vision_tower.vision_model.encoder.layers.11.self_attn.k_proj.weight,"[1152, 1152]",torch.float32,5308416,0.0005504143896973794,0.0006057426368385176,0.00040109718400306734,block,0.37227188733683614
model.paligemma_with_expert.paligemma.model.vision_tower.vision_model.encoder.layers.11.self_attn.out_proj.weight,"[1152, 1152]",torch.float32,5308416,0.0006848535676309707,0.0006831120087788425,0.000638686342517629,block,0.06955787732377765
model.paligemma_with_expert.paligemma.model.vision_tower.vision_model.encoder.layers.11.self_attn.q_proj.weight,"[1152, 1152]",torch.float32,5308416,0.0006013755083139358,0.0006840513120392554,0.0004532115858229077,block,0.32691997981914594
model.paligemma_with_expert.paligemma.model.vision_tower.vision_model.encoder.layers.11.self_attn.v_proj.weight,"[1152, 1152]",torch.float32,5308416,0.0004796207892926302,0.0006896365022438991,0.0003286878187319491,block,0.4591985524226857
model.paligemma_with_expert.paligemma.model.vision_tower.vision_model.encoder.layers.12.mlp.fc1.weight,"[4304, 1152]",torch.float32,19832832,0.0005974242465841327,0.0006814173974779646,0.0004666855268132233,block,0.2801430776387321
model.paligemma_with_expert.paligemma.model.vision_tower.vision_model.encoder.layers.12.mlp.fc2.weight,"[1152, 4304]",torch.float32,19832832,0.0006722040712897193,0.0006836104620667072,0.0004879192212028043,block,0.3776954095651762
model.paligemma_with_expert.paligemma.model.vision_tower.vision_model.encoder.layers.12.self_attn.k_proj.weight,"[1152, 1152]",torch.float32,5308416,0.0005624807114898712,0.0006222940212210482,0.0004021659332958893,block,0.398628438963357
model.paligemma_with_expert.paligemma.model.vision_tower.vision_model.encoder.layers.12.self_attn.out_proj.weight,"[1152, 1152]",torch.float32,5308416,0.0006838770896384056,0.0006842770964492464,0.0006352207786447306,block,0.07659748016663616
model.paligemma_with_expert.paligemma.model.vision_tower.vision_model.encoder.layers.12.self_attn.q_proj.weight,"[1152, 1152]",torch.float32,5308416,0.0005855524117314272,0.0006774973881620819,0.00043441170096329847,block,0.34792044144524076
model.paligemma_with_expert.paligemma.model.vision_tower.vision_model.encoder.layers.12.self_attn.v_proj.weight,"[1152, 1152]",torch.float32,5308416,0.0004823993637066243,0.0006826126284852778,0.0003286726761078776,block,0.46771970648478917
model.paligemma_with_expert.paligemma.model.vision_tower.vision_model.encoder.layers.13.mlp.fc1.weight,"[4304, 1152]",torch.float32,19832832,0.0004572657916042993,0.0006819360072417309,0.00038321351757660964,block,0.19324024501010875
model.paligemma_with_expert.paligemma.model.vision_tower.vision_model.encoder.layers.13.mlp.fc2.weight,"[1152, 4304]",torch.float32,19832832,0.0006717244756363627,0.0006849269471475289,0.0005058514902653773,block,0.327908464367607
model.paligemma_with_expert.paligemma.model.vision_tower.vision_model.encoder.layers.13.self_attn.k_proj.weight,"[1152, 1152]",torch.float32,5308416,0.0005832545003776721,0.0006101845090510173,0.0004575313508971676,block,0.2747858681901808
model.paligemma_with_expert.paligemma.model.vision_tower.vision_model.encoder.layers.13.self_attn.out_proj.weight,"[1152, 1152]",torch.float32,5308416,0.000681900202590377,0.0006850975160431149,0.0006358956774139831,block,0.0723460259448247
model.paligemma_with_expert.paligemma.model.vision_tower.vision_model.encoder.layers.13.self_attn.q_proj.weight,"[1152, 1152]",torch.float32,5308416,0.000601040980279945,0.0006651774728734337,0.00047284054875785055,block,0.2711282521325132
model.paligemma_with_expert.paligemma.model.vision_tower.vision_model.encoder.layers.13.self_attn.v_proj.weight,"[1152, 1152]",torch.float32,5308416,0.0005378743742366232,0.0006817738105324004,0.0003956939520485069,block,0.35931916940364766
model.paligemma_with_expert.paligemma.model.vision_tower.vision_model.encoder.layers.14.mlp.fc1.weight,"[4304, 1152]",torch.float32,19832832,0.0004884365507957142,0.0006871349188402015,0.0004118124632835383,block,0.18606548937645745
model.paligemma_with_expert.paligemma.model.vision_tower.vision_model.encoder.layers.14.mlp.fc2.weight,"[1152, 4304]",torch.float32,19832832,0.0006734336243759465,0.0006872505133657423,0.0005196087597498606,block,0.29603978327874436
model.paligemma_with_expert.paligemma.model.vision_tower.vision_model.encoder.layers.14.self_attn.k_proj.weight,"[1152, 1152]",torch.float32,5308416,0.000575762839335968,0.0006252968753367414,0.00044425018842810665,block,0.29603285340900676
model.paligemma_with_expert.paligemma.model.vision_tower.vision_model.encoder.layers.14.self_attn.out_proj.weight,"[1152, 1152]",torch.float32,5308416,0.0006452097818840057,0.0006881644941483141,0.0006063225618488841,block,0.06413619166098847
model.paligemma_with_expert.paligemma.model.vision_tower.vision_model.encoder.layers.14.self_attn.q_proj.weight,"[1152, 1152]",torch.float32,5308416,0.000609871990520617,0.0006769600834384172,0.00048270003807211834,block,0.26345958653000645
model.paligemma_with_expert.paligemma.model.vision_tower.vision_model.encoder.layers.14.self_attn.v_proj.weight,"[1152, 1152]",torch.float32,5308416,0.0005067565071385657,0.0006898049457749453,0.0003822191001020893,block,0.3258272728997919
model.paligemma_with_expert.paligemma.model.vision_tower.vision_model.encoder.layers.15.mlp.fc1.weight,"[4304, 1152]",torch.float32,19832832,0.0006701049171928676,0.0006791329766980394,0.0005858194409005912,block,0.14387620213269592
model.paligemma_with_expert.paligemma.model.vision_tower.vision_model.encoder.layers.15.mlp.fc2.weight,"[1152, 4304]",torch.float32,19832832,0.0006602450221884911,0.0006863520042087668,0.0004642185980880633,block,0.42227180235299655
model.paligemma_with_expert.paligemma.model.vision_tower.vision_model.encoder.layers.15.self_attn.k_proj.weight,"[1152, 1152]",torch.float32,5308416,0.0005757752508546702,0.0006095162599900148,0.0004676457795659962,block,0.23122088557930476
model.paligemma_with_expert.paligemma.model.vision_tower.vision_model.encoder.layers.15.self_attn.out_proj.weight,"[1152, 1152]",torch.float32,5308416,0.0006896220842444947,0.0006885935547365452,0.000645968054319875,block,0.06598700993278926
model.paligemma_with_expert.paligemma.model.vision_tower.vision_model.encoder.layers.15.self_attn.q_proj.weight,"[1152, 1152]",torch.float32,5308416,0.0006273318635276314,0.0006779740483220518,0.0005136029094443082,block,0.2214336250672179
model.paligemma_with_expert.paligemma.model.vision_tower.vision_model.encoder.layers.15.self_attn.v_proj.weight,"[1152, 1152]",torch.float32,5308416,0.000531265135506994,0.0006928377280855243,0.0004228467080752879,block,0.2564012569122383
model.paligemma_with_expert.paligemma.model.vision_tower.vision_model.encoder.layers.16.mlp.fc1.weight,"[4304, 1152]",torch.float32,19832832,0.0006902156120718044,0.0006786436372389308,0.0006336792324123258,block,0.07095767468255514
model.paligemma_with_expert.paligemma.model.vision_tower.vision_model.encoder.layers.16.mlp.fc2.weight,"[1152, 4304]",torch.float32,19832832,0.0006687082323827203,0.0006855188826494912,0.00045438318062156685,block,0.4716835061279572
model.paligemma_with_expert.paligemma.model.vision_tower.vision_model.encoder.layers.16.self_attn.k_proj.weight,"[1152, 1152]",torch.float32,5308416,0.0005888946548091998,0.000619783026090373,0.0004843740100737704,block,0.21578499787697283
model.paligemma_with_expert.paligemma.model.vision_tower.vision_model.encoder.layers.16.self_attn.out_proj.weight,"[1152, 1152]",torch.float32,5308416,0.0006906006871717854,0.0006886166593734146,0.0006466697783158471,block,0.06486599878969405
model.paligemma_with_expert.paligemma.model.vision_tower.vision_model.encoder.layers.16.self_attn.q_proj.weight,"[1152, 1152]",torch.float32,5308416,0.0006348137115081563,0.000680639567272527,0.0005284630642172525,block,0.20124518531570046
model.paligemma_with_expert.paligemma.model.vision_tower.vision_model.encoder.layers.16.self_attn.v_proj.weight,"[1152, 1152]",torch.float32,5308416,0.0005263177365870237,0.0006920111415124066,0.0004283101612731423,block,0.2288238388334194
model.paligemma_with_expert.paligemma.model.vision_tower.vision_model.encoder.layers.17.mlp.fc1.weight,"[4304, 1152]",torch.float32,19832832,0.0006891634731577932,0.0006720164674160932,0.0006329396221383268,block,0.06173866181066221
model.paligemma_with_expert.paligemma.model.vision_tower.vision_model.encoder.layers.17.mlp.fc2.weight,"[1152, 4304]",torch.float32,19832832,0.0006225201267651072,0.0006850236800003471,0.00034745347232397936,block,0.7916647158576813
model.paligemma_with_expert.paligemma.model.vision_tower.vision_model.encoder.layers.17.self_attn.k_proj.weight,"[1152, 1152]",torch.float32,5308416,0.000597477562704638,0.0006174920187067357,0.000499702194476296,block,0.19566727804910616
model.paligemma_with_expert.paligemma.model.vision_tower.vision_model.encoder.layers.17.self_attn.out_proj.weight,"[1152, 1152]",torch.float32,5308416,0.0006906048753671673,0.000687499344051728,0.000645505164395206,block,0.06505630314494493
model.paligemma_with_expert.paligemma.model.vision_tower.vision_model.encoder.layers.17.self_attn.q_proj.weight,"[1152, 1152]",torch.float32,5308416,0.0006376756977925502,0.0006831450809352656,0.0005372135235366381,block,0.18700604108872643
model.paligemma_with_expert.paligemma.model.vision_tower.vision_model.encoder.layers.17.self_attn.v_proj.weight,"[1152, 1152]",torch.float32,5308416,0.0005488422104711439,0.0006918851020630665,0.0004567033704958314,block,0.2017476680219803
model.paligemma_with_expert.paligemma.model.vision_tower.vision_model.encoder.layers.18.mlp.fc1.weight,"[4304, 1152]",torch.float32,19832832,0.0006884999344779131,0.0006704329161572883,0.0006325979533522427,block,0.059808860595504255
model.paligemma_with_expert.paligemma.model.vision_tower.vision_model.encoder.layers.18.mlp.fc2.weight,"[1152, 4304]",torch.float32,19832832,0.000652664758482226,0.0006820284546141498,0.0003850218279064327,block,0.69513703166158
model.paligemma_with_expert.paligemma.model.vision_tower.vision_model.encoder.layers.18.self_attn.k_proj.weight,"[1152, 1152]",torch.float32,5308416,0.0006049833776243399,0.0006274544672506455,0.0005078993917684432,block,0.19114806481232863
model.paligemma_with_expert.paligemma.model.vision_tower.vision_model.encoder.layers.18.self_attn.out_proj.weight,"[1152, 1152]",torch.float32,5308416,0.0006916815112188175,0.0006879402916738751,0.0006503428207690167,block,0.057811772044166154
model.paligemma_with_expert.paligemma.model.vision_tower.vision_model.encoder.layers.18.self_attn.q_proj.weight,"[1152, 1152]",torch.float32,5308416,0.0006373127288173248,0.0006774601293497483,0.0005386070348695949,block,0.183261055941514
model.paligemma_with_expert.paligemma.model.vision_tower.vision_model.encoder.layers.18.self_attn.v_proj.weight,"[1152, 1152]",torch.float32,5308416,0.0005731910431206676,0.0006922074497365606,0.0004777874736159037,block,0.1996778374760396
model.paligemma_with_expert.paligemma.model.vision_tower.vision_model.encoder.layers.19.mlp.fc1.weight,"[4304, 1152]",torch.float32,19832832,0.0006894998943939471,0.0006485604236187311,0.0006294035823285718,block,0.03043649866002621
model.paligemma_with_expert.paligemma.model.vision_tower.vision_model.encoder.layers.19.mlp.fc2.weight,"[1152, 4304]",torch.float32,19832832,0.0005782480035446728,0.0006837232814911657,0.00021610900123592198,block,1.6757238256513467
model.paligemma_with_expert.paligemma.model.vision_tower.vision_model.encoder.layers.19.self_attn.k_proj.weight,"[1152, 1152]",torch.float32,5308416,0.0006106033493030978,0.0006127832413555193,0.0005176476503591748,block,0.17957330411801298
model.paligemma_with_expert.paligemma.model.vision_tower.vision_model.encoder.layers.19.self_attn.out_proj.weight,"[1152, 1152]",torch.float32,5308416,0.0006923098361362481,0.0006872109319910674,0.0006510674748572642,block,0.055514149499984
model.paligemma_with_expert.paligemma.model.vision_tower.vision_model.encoder.layers.19.self_attn.q_proj.weight,"[1152, 1152]",torch.float32,5308416,0.0006414417758843265,0.0006833968917878961,0.0005481469646472175,block,0.17020036095092259
model.paligemma_with_expert.paligemma.model.vision_tower.vision_model.encoder.layers.19.self_attn.v_proj.weight,"[1152, 1152]",torch.float32,5308416,0.0006025758993871877,0.0006922226309027867,0.0005079939826619317,block,0.18618708085800284
model.paligemma_with_expert.paligemma.model.vision_tower.vision_model.encoder.layers.2.mlp.fc1.weight,"[4304, 1152]",torch.float32,19832832,0.0006381883649423528,0.00069237699184152,0.0005409556957195815,block,0.17974238924212088
model.paligemma_with_expert.paligemma.model.vision_tower.vision_model.encoder.layers.2.mlp.fc2.weight,"[1152, 4304]",torch.float32,19832832,0.0006928937520249338,0.0006768894306674301,0.0006032558115967353,block,0.12206035591401387
model.paligemma_with_expert.paligemma.model.vision_tower.vision_model.encoder.layers.2.self_attn.k_proj.weight,"[1152, 1152]",torch.float32,5308416,0.00047107934318055256,0.0005981706811584243,0.00025707275943874736,block,0.8324747600991792
model.paligemma_with_expert.paligemma.model.vision_tower.vision_model.encoder.layers.2.self_attn.out_proj.weight,"[1152, 1152]",torch.float32,5308416,0.0006391163570124586,0.0006748141544959875,0.0005554988433547307,block,0.15052689066416525
model.paligemma_with_expert.paligemma.model.vision_tower.vision_model.encoder.layers.2.self_attn.q_proj.weight,"[1152, 1152]",torch.float32,5308416,0.0005552230506972976,0.0006804025519747751,0.00031571143233968807,block,0.7586409417695975
model.paligemma_with_expert.paligemma.model.vision_tower.vision_model.encoder.layers.2.self_attn.v_proj.weight,"[1152, 1152]",torch.float32,5308416,0.0005232799264948402,0.0006613148624173119,0.00028575454978487473,block,0.8312216791955974
model.paligemma_with_expert.paligemma.model.vision_tower.vision_model.encoder.layers.20.mlp.fc1.weight,"[4304, 1152]",torch.float32,19832832,0.0006767489315457843,0.0006422670744762019,0.0006148474662106668,block,0.04459578964279279
model.paligemma_with_expert.paligemma.model.vision_tower.vision_model.encoder.layers.20.mlp.fc2.weight,"[1152, 4304]",torch.float32,19832832,0.0005777324233658645,0.0006837197903906883,0.00019413682167062583,block,1.975903377804599
model.paligemma_with_expert.paligemma.model.vision_tower.vision_model.encoder.layers.20.self_attn.k_proj.weight,"[1152, 1152]",torch.float32,5308416,0.000610142707292169,0.0006167406499454174,0.0005279244737474156,block,0.15573862859801907
model.paligemma_with_expert.paligemma.model.vision_tower.vision_model.encoder.layers.20.self_attn.out_proj.weight,"[1152, 1152]",torch.float32,5308416,0.0006917873837098232,0.0006864260941975784,0.000651047550844873,block,0.05434095145092592
model.paligemma_with_expert.paligemma.model.vision_tower.vision_model.encoder.layers.20.self_attn.q_proj.weight,"[1152, 1152]",torch.float32,5308416,0.0006444451158544695,0.0006835210806965641,0.0005615319156377255,block,0.1476553654525236
model.paligemma_with_expert.paligemma.model.vision_tower.vision_model.encoder.layers.20.self_attn.v_proj.weight,"[1152, 1152]",torch.float32,5308416,0.0006017017914198063,0.0006930850591616962,0.0005174136301848595,block,0.1629028620773532
model.paligemma_with_expert.paligemma.model.vision_tower.vision_model.encoder.layers.21.mlp.fc1.weight,"[4304, 1152]",torch.float32,19832832,0.0006781181980610987,0.0006166589061976115,0.0006186696476824798,block,0.0032607029018144654
model.paligemma_with_expert.paligemma.model.vision_tower.vision_model.encoder.layers.21.mlp.fc2.weight,"[1152, 4304]",torch.float32,19832832,0.0005020845994183096,0.0006857744754495224,0.0001068572786805067,block,3.6986466960242894
model.paligemma_with_expert.paligemma.model.vision_tower.vision_model.encoder.layers.21.self_attn.k_proj.weight,"[1152, 1152]",torch.float32,5308416,0.0006077403674431157,0.000618495916478554,0.0005239396392113496,block,0.15994347814169127
model.paligemma_with_expert.paligemma.model.vision_tower.vision_model.encoder.layers.21.self_attn.out_proj.weight,"[1152, 1152]",torch.float32,5308416,0.0006896314655400948,0.000685896089331192,0.000651466534502666,block,0.052849306917675754
model.paligemma_with_expert.paligemma.model.vision_tower.vision_model.encoder.layers.21.self_attn.q_proj.weight,"[1152, 1152]",torch.float32,5308416,0.0006342360452180651,0.0006728525309469128,0.0005479748865125471,block,0.1574180876326399
model.paligemma_with_expert.paligemma.model.vision_tower.vision_model.encoder.layers.21.self_attn.v_proj.weight,"[1152, 1152]",torch.float32,5308416,0.000591850168072435,0.0006915357608254127,0.0005058715541847289,block,0.16996135318632546
model.paligemma_with_expert.paligemma.model.vision_tower.vision_model.encoder.layers.22.mlp.fc1.weight,"[4304, 1152]",torch.float32,19832832,0.0006805624471741303,0.0006053147820390384,0.0006259395813021345,block,0.034072849160597565
model.paligemma_with_expert.paligemma.model.vision_tower.vision_model.encoder.layers.22.mlp.fc2.weight,"[1152, 4304]",torch.float32,19832832,0.0004710336243153856,0.0006814252272698598,0.00011798477390169624,block,2.992325524205744
model.paligemma_with_expert.paligemma.model.vision_tower.vision_model.encoder.layers.22.self_attn.k_proj.weight,"[1152, 1152]",torch.float32,5308416,0.0005740870837736691,0.0006038582353719944,0.0004920371129252774,block,0.16675565458992556
model.paligemma_with_expert.paligemma.model.vision_tower.vision_model.encoder.layers.22.self_attn.out_proj.weight,"[1152, 1152]",torch.float32,5308416,0.0006801488588479544,0.0006859769310432566,0.0006260222614955966,block,0.08646113833563498
model.paligemma_with_expert.paligemma.model.vision_tower.vision_model.encoder.layers.22.self_attn.q_proj.weight,"[1152, 1152]",torch.float32,5308416,0.0006382839937533586,0.0006750332339106473,0.0005490997107839613,block,0.1624191038856441
model.paligemma_with_expert.paligemma.model.vision_tower.vision_model.encoder.layers.22.self_attn.v_proj.weight,"[1152, 1152]",torch.float32,5308416,0.0005942783031114807,0.0006911477713165576,0.0005083803595139376,block,0.16896393023457895
model.paligemma_with_expert.paligemma.model.vision_tower.vision_model.encoder.layers.23.mlp.fc1.weight,"[4304, 1152]",torch.float32,19832832,0.0006654024378388216,0.0005944726663718969,0.0006164617658419704,block,0.03698925234741963
model.paligemma_with_expert.paligemma.model.vision_tower.vision_model.encoder.layers.23.mlp.fc2.weight,"[1152, 4304]",torch.float32,19832832,0.00044473242583682726,0.0006851415519842762,9.04260556068331e-05,block,3.918188931854955
model.paligemma_with_expert.paligemma.model.vision_tower.vision_model.encoder.layers.23.self_attn.k_proj.weight,"[1152, 1152]",torch.float32,5308416,0.0005855909222114191,0.0006314391487591125,0.0004942474664091489,block,0.18481319988528597
model.paligemma_with_expert.paligemma.model.vision_tower.vision_model.encoder.layers.23.self_attn.out_proj.weight,"[1152, 1152]",torch.float32,5308416,0.000689493049520868,0.0006850213123519666,0.0006456998347385135,block,0.06089745652386148
model.paligemma_with_expert.paligemma.model.vision_tower.vision_model.encoder.layers.23.self_attn.q_proj.weight,"[1152, 1152]",torch.float32,5308416,0.0006338373929854117,0.000680073766027771,0.00053939162609914,block,0.17509683561329997
model.paligemma_with_expert.paligemma.model.vision_tower.vision_model.encoder.layers.23.self_attn.v_proj.weight,"[1152, 1152]",torch.float32,5308416,0.0005599115163832535,0.000693699251072728,0.0004644832887647904,block,0.2054502926730416
model.paligemma_with_expert.paligemma.model.vision_tower.vision_model.encoder.layers.24.mlp.fc1.weight,"[4304, 1152]",torch.float32,19832832,0.0006693386988548956,0.0006344050080332249,0.000627969401147316,block,0.010248281005652286
model.paligemma_with_expert.paligemma.model.vision_tower.vision_model.encoder.layers.24.mlp.fc2.weight,"[1152, 4304]",torch.float32,19832832,0.0002067680338542233,0.0006855665073536344,4.535735501629865e-05,block,3.55864399015162
model.paligemma_with_expert.paligemma.model.vision_tower.vision_model.encoder.layers.24.self_attn.k_proj.weight,"[1152, 1152]",torch.float32,5308416,0.0005709909771723248,0.0006370514569547442,0.00046703653353356964,block,0.22258310897488517
model.paligemma_with_expert.paligemma.model.vision_tower.vision_model.encoder.layers.24.self_attn.out_proj.weight,"[1152, 1152]",torch.float32,5308416,0.0006832118473386619,0.0006840958251234075,0.0006307443713041753,block,0.08318342330348641
model.paligemma_with_expert.paligemma.model.vision_tower.vision_model.encoder.layers.24.self_attn.q_proj.weight,"[1152, 1152]",torch.float32,5308416,0.0006289778224506939,0.000679264361065304,0.0005234314693864646,block,0.2016431170788117
model.paligemma_with_expert.paligemma.model.vision_tower.vision_model.encoder.layers.24.self_attn.v_proj.weight,"[1152, 1152]",torch.float32,5308416,0.0005508978474475257,0.0006927897911314881,0.0004381360860265229,block,0.2573669802997617
model.paligemma_with_expert.paligemma.model.vision_tower.vision_model.encoder.layers.25.mlp.fc1.weight,"[4304, 1152]",torch.float32,19832832,0.0006654241035888124,0.0006573922735513672,0.0005900607359335667,block,0.11410950350945097
model.paligemma_with_expert.paligemma.model.vision_tower.vision_model.encoder.layers.25.mlp.fc2.weight,"[1152, 4304]",torch.float32,19832832,0.0006109707929968643,0.0006796817291489237,0.00026746666380107,block,1.2842876353790305
model.paligemma_with_expert.paligemma.model.vision_tower.vision_model.encoder.layers.25.self_attn.k_proj.weight,"[1152, 1152]",torch.float32,5308416,0.0004894202925740933,0.0006332150629712193,0.00037133890737245324,block,0.3179881850710685
model.paligemma_with_expert.paligemma.model.vision_tower.vision_model.encoder.layers.25.self_attn.out_proj.weight,"[1152, 1152]",torch.float32,5308416,0.000682865842513198,0.0006836105919905333,0.0006390057493012081,block,0.06863802596448254
model.paligemma_with_expert.paligemma.model.vision_tower.vision_model.encoder.layers.25.self_attn.q_proj.weight,"[1152, 1152]",torch.float32,5308416,0.0006194581231265051,0.0006714243536325256,0.0004924355058307765,block,0.257947722679809
model.paligemma_with_expert.paligemma.model.vision_tower.vision_model.encoder.layers.25.self_attn.v_proj.weight,"[1152, 1152]",torch.float32,5308416,0.0005070400656930613,0.0006921079615041762,0.00036625628724933925,block,0.3843859705482121
model.paligemma_with_expert.paligemma.model.vision_tower.vision_model.encoder.layers.26.mlp.fc1.weight,"[4304, 1152]",torch.float32,19832832,0.0006618971413293035,0.0006769907505667297,0.0005883749426108864,block,0.12495807247019347
model.paligemma_with_expert.paligemma.model.vision_tower.vision_model.encoder.layers.26.mlp.fc2.weight,"[1152, 4304]",torch.float32,19832832,0.000613614959186918,0.0006751510447870883,0.000339774128932579,block,0.8059496204570563
model.paligemma_with_expert.paligemma.model.vision_tower.vision_model.encoder.layers.26.self_attn.k_proj.weight,"[1152, 1152]",torch.float32,5308416,0.000329156590074238,0.0005756630103374856,0.00023636918362111235,block,0.3925528913356958
model.paligemma_with_expert.paligemma.model.vision_tower.vision_model.encoder.layers.26.self_attn.out_proj.weight,"[1152, 1152]",torch.float32,5308416,0.0006899885213240425,0.0006793195208039332,0.0006498352205273131,block,0.04537196406912962
model.paligemma_with_expert.paligemma.model.vision_tower.vision_model.encoder.layers.26.self_attn.q_proj.weight,"[1152, 1152]",torch.float32,5308416,0.0006097582093506779,0.0006445561454724081,0.00047567585727033453,block,0.2818775643770841
model.paligemma_with_expert.paligemma.model.vision_tower.vision_model.encoder.layers.26.self_attn.v_proj.weight,"[1152, 1152]",torch.float32,5308416,0.00047332930865518586,0.0006935955881313184,0.000322261248179216,block,0.4687751361031092
model.paligemma_with_expert.paligemma.model.vision_tower.vision_model.encoder.layers.3.mlp.fc1.weight,"[4304, 1152]",torch.float32,19832832,0.0006214574171001166,0.000691954385180039,0.0005129268492771924,block,0.211590732627593
model.paligemma_with_expert.paligemma.model.vision_tower.vision_model.encoder.layers.3.mlp.fc2.weight,"[1152, 4304]",torch.float32,19832832,0.000690954291474618,0.0006722730422922712,0.0005952229084480406,block,0.12944752755757985
model.paligemma_with_expert.paligemma.model.vision_tower.vision_model.encoder.layers.3.self_attn.k_proj.weight,"[1152, 1152]",torch.float32,5308416,0.0004978957924673592,0.0006033094318196034,0.00030333454342550885,block,0.641408152347903
model.paligemma_with_expert.paligemma.model.vision_tower.vision_model.encoder.layers.3.self_attn.out_proj.weight,"[1152, 1152]",torch.float32,5308416,0.0006616423889420889,0.0006714675898152386,0.000589297025035756,block,0.12276553390362563
model.paligemma_with_expert.paligemma.model.vision_tower.vision_model.encoder.layers.3.self_attn.q_proj.weight,"[1152, 1152]",torch.float32,5308416,0.0005512090897553537,0.0006786655926588906,0.00033259916168931037,block,0.6572774475909613
model.paligemma_with_expert.paligemma.model.vision_tower.vision_model.encoder.layers.3.self_attn.v_proj.weight,"[1152, 1152]",torch.float32,5308416,0.0005189550634433434,0.0006729707924951492,0.00029864312797813316,block,0.7377097104385462
model.paligemma_with_expert.paligemma.model.vision_tower.vision_model.encoder.layers.4.mlp.fc1.weight,"[4304, 1152]",torch.float32,19832832,0.0006143812587512891,0.000684626196952152,0.0004775970542354672,block,0.28640085465934184
model.paligemma_with_expert.paligemma.model.vision_tower.vision_model.encoder.layers.4.mlp.fc2.weight,"[1152, 4304]",torch.float32,19832832,0.0006885079546292137,0.000673292647954448,0.0005725521924614347,block,0.17594982050444047
model.paligemma_with_expert.paligemma.model.vision_tower.vision_model.encoder.layers.4.self_attn.k_proj.weight,"[1152, 1152]",torch.float32,5308416,0.00040715241522013755,0.0005552413618260574,0.0002797839656509374,block,0.45523855976831396
model.paligemma_with_expert.paligemma.model.vision_tower.vision_model.encoder.layers.4.self_attn.out_proj.weight,"[1152, 1152]",torch.float32,5308416,0.0006795196568458897,0.0006680391857501549,0.0006217064900862608,block,0.07452503134954482
model.paligemma_with_expert.paligemma.model.vision_tower.vision_model.encoder.layers.4.self_attn.q_proj.weight,"[1152, 1152]",torch.float32,5308416,0.0005955484050864743,0.0006605244881282825,0.00043069248389589567,block,0.38276944073727237
model.paligemma_with_expert.paligemma.model.vision_tower.vision_model.encoder.layers.4.self_attn.v_proj.weight,"[1152, 1152]",torch.float32,5308416,0.0003970860465067484,0.0006850997993152425,0.00025369630031483575,block,0.5652023542084245
model.paligemma_with_expert.paligemma.model.vision_tower.vision_model.encoder.layers.5.mlp.fc1.weight,"[4304, 1152]",torch.float32,19832832,0.0006513226061611797,0.0006912170491491712,0.0005524810586104503,block,0.1789048620043673
model.paligemma_with_expert.paligemma.model.vision_tower.vision_model.encoder.layers.5.mlp.fc2.weight,"[1152, 4304]",torch.float32,19832832,0.0006904196990792865,0.0006727677575877749,0.0005800427512785969,block,0.15985891747596687
model.paligemma_with_expert.paligemma.model.vision_tower.vision_model.encoder.layers.5.self_attn.k_proj.weight,"[1152, 1152]",torch.float32,5308416,0.0004890761380288429,0.0006181589316854996,0.0003281039412858748,block,0.49061341997935354
model.paligemma_with_expert.paligemma.model.vision_tower.vision_model.encoder.layers.5.self_attn.out_proj.weight,"[1152, 1152]",torch.float32,5308416,0.0006742627020193836,0.0006700967334664325,0.0006133376087864038,block,0.09254140601672306
model.paligemma_with_expert.paligemma.model.vision_tower.vision_model.encoder.layers.5.self_attn.q_proj.weight,"[1152, 1152]",torch.float32,5308416,0.0005713593523273979,0.0006791552539086607,0.00038577322917534174,block,0.48107569192600314
model.paligemma_with_expert.paligemma.model.vision_tower.vision_model.encoder.layers.5.self_attn.v_proj.weight,"[1152, 1152]",torch.float32,5308416,0.0005019960348692543,0.000680506734565908,0.000317042895367222,block,0.5833694500165544
model.paligemma_with_expert.paligemma.model.vision_tower.vision_model.encoder.layers.6.mlp.fc1.weight,"[4304, 1152]",torch.float32,19832832,0.00063575840458035,0.0006869393943889144,0.0005186051023561964,block,0.22590078981461403
model.paligemma_with_expert.paligemma.model.vision_tower.vision_model.encoder.layers.6.mlp.fc2.weight,"[1152, 4304]",torch.float32,19832832,0.0006865035696354431,0.0006744195098079829,0.0005637897629398444,block,0.19622517849786242
model.paligemma_with_expert.paligemma.model.vision_tower.vision_model.encoder.layers.6.self_attn.k_proj.weight,"[1152, 1152]",torch.float32,5308416,0.0004902652491357196,0.0006077354433829428,0.00032699980845777665,block,0.4992829856627403
model.paligemma_with_expert.paligemma.model.vision_tower.vision_model.encoder.layers.6.self_attn.out_proj.weight,"[1152, 1152]",torch.float32,5308416,0.0006669880920802296,0.0006703111110862119,0.0005928864062432149,block,0.12498462615554821
model.paligemma_with_expert.paligemma.model.vision_tower.vision_model.encoder.layers.6.self_attn.q_proj.weight,"[1152, 1152]",torch.float32,5308416,0.0005880577262744227,0.0006768895937312836,0.0004177881865273785,block,0.40754991461656864
model.paligemma_with_expert.paligemma.model.vision_tower.vision_model.encoder.layers.6.self_attn.v_proj.weight,"[1152, 1152]",torch.float32,5308416,0.0004837709221884414,0.0006827136147658673,0.0003225045144690141,block,0.5000438768584172
model.paligemma_with_expert.paligemma.model.vision_tower.vision_model.encoder.layers.7.mlp.fc1.weight,"[4304, 1152]",torch.float32,19832832,0.0006626975429721846,0.0006890381849537167,0.0005825479675627988,block,0.1375845078383966
model.paligemma_with_expert.paligemma.model.vision_tower.vision_model.encoder.layers.7.mlp.fc2.weight,"[1152, 4304]",torch.float32,19832832,0.0006870162420236606,0.0006765963532182513,0.0005604682083441813,block,0.20719845148247237
model.paligemma_with_expert.paligemma.model.vision_tower.vision_model.encoder.layers.7.self_attn.k_proj.weight,"[1152, 1152]",torch.float32,5308416,0.0003557212659468549,0.0005861211372247077,0.00023135108868555795,block,0.5375819840222811
model.paligemma_with_expert.paligemma.model.vision_tower.vision_model.encoder.layers.7.self_attn.out_proj.weight,"[1152, 1152]",torch.float32,5308416,0.0006831782248897351,0.0006733171237524127,0.0006254290564456188,block,0.07656834426425109
model.paligemma_with_expert.paligemma.model.vision_tower.vision_model.encoder.layers.7.self_attn.q_proj.weight,"[1152, 1152]",torch.float32,5308416,0.0005539596102573293,0.0006693779643459453,0.0003761966571010664,block,0.4725266687005842
model.paligemma_with_expert.paligemma.model.vision_tower.vision_model.encoder.layers.7.self_attn.v_proj.weight,"[1152, 1152]",torch.float32,5308416,0.00044202112841835897,0.0006851440155741226,0.0002682137374513776,block,0.648018228367179
model.paligemma_with_expert.paligemma.model.vision_tower.vision_model.encoder.layers.8.mlp.fc1.weight,"[4304, 1152]",torch.float32,19832832,0.0006440374311852209,0.0006885923989228783,0.0005370731086500028,block,0.19916156815984618
model.paligemma_with_expert.paligemma.model.vision_tower.vision_model.encoder.layers.8.mlp.fc2.weight,"[1152, 4304]",torch.float32,19832832,0.0006866861787234112,0.0006790517257311332,0.0005626867289379088,block,0.2068024547386563
model.paligemma_with_expert.paligemma.model.vision_tower.vision_model.encoder.layers.8.self_attn.k_proj.weight,"[1152, 1152]",torch.float32,5308416,0.0005376923639173223,0.0006253469383545196,0.0004034779962074384,block,0.332643586444503
model.paligemma_with_expert.paligemma.model.vision_tower.vision_model.encoder.layers.8.self_attn.out_proj.weight,"[1152, 1152]",torch.float32,5308416,0.0006794281093521326,0.0006767380494052363,0.0006267227387875688,block,0.07980452522661771
model.paligemma_with_expert.paligemma.model.vision_tower.vision_model.encoder.layers.8.self_attn.q_proj.weight,"[1152, 1152]",torch.float32,5308416,0.0005913579672555477,0.0006833659557824442,0.0004476050162515183,block,0.3211602769957603
model.paligemma_with_expert.paligemma.model.vision_tower.vision_model.encoder.layers.8.self_attn.v_proj.weight,"[1152, 1152]",torch.float32,5308416,0.00039800397682229657,0.0006773870326112616,0.0002742753902864913,block,0.45111078469915195
model.paligemma_with_expert.paligemma.model.vision_tower.vision_model.encoder.layers.9.mlp.fc1.weight,"[4304, 1152]",torch.float32,19832832,0.0006352483201747055,0.0006843152064084125,0.0005306304685884375,block,0.19715764129520927
model.paligemma_with_expert.paligemma.model.vision_tower.vision_model.encoder.layers.9.mlp.fc2.weight,"[1152, 4304]",torch.float32,19832832,0.0006838626900795394,0.000679323135737781,0.0005441229400639882,block,0.24847361821924538
model.paligemma_with_expert.paligemma.model.vision_tower.vision_model.encoder.layers.9.self_attn.k_proj.weight,"[1152, 1152]",torch.float32,5308416,0.0005404176981702295,0.0006291231455828613,0.0003898588047898368,block,0.38618825977665233
model.paligemma_with_expert.paligemma.model.vision_tower.vision_model.encoder.layers.9.self_attn.out_proj.weight,"[1152, 1152]",torch.float32,5308416,0.0006774860261476463,0.000677870815660076,0.0006127660970637703,block,0.10561930464821494
model.paligemma_with_expert.paligemma.model.vision_tower.vision_model.encoder.layers.9.self_attn.q_proj.weight,"[1152, 1152]",torch.float32,5308416,0.0005756709470701917,0.0006820930135379897,0.0004240732886017879,block,0.35747985676776883
model.paligemma_with_expert.paligemma.model.vision_tower.vision_model.encoder.layers.9.self_attn.v_proj.weight,"[1152, 1152]",torch.float32,5308416,0.0004590857253717361,0.0006886899947717694,0.00029865418313582424,block,0.5371816344623226
model.time_mlp_in.weight,"[1024, 1024]",torch.float32,4194304,0.0007065052996500122,0.0006009825744519324,0.0006421666240434473,column,0.06852785977875117
model.time_mlp_out.weight,"[1024, 1024]",torch.float32,4194304,0.000563887081079889,0.0006486617159866242,0.0004508279782751516,block,0.25078102569697797
